model,specimen,session,quality,convention,anchor_id,beneficial_rate,boundary_raw_mae,boundary_refined_mae,catastrophic_harmful_gt6px,continuity_flag,corr_max,corr_p50,corr_p95,corr_p99,correction_magnitude_ratio,correction_sign_accuracy,delta_mae,fixed_bad1_pct_of_rawbad,fixed_bad3_pct_of_rawbad,frac_corr_gt12px,frac_corr_gt20px,frac_corr_gt3px,frac_corr_gt6px,frame_id,harmful_rate,interior_raw_mae,interior_refined_mae,mean_beneficial_reduction,mean_damping,mean_gate,mean_harmful_increase,mean_trust,modified_pixel_ratio,net_benefit_ratio,neutral_rate,new_bad1_pct_of_rawgood,new_bad3_pct_of_rawgood,overshoot_rate,raw_bad1,raw_bad3,raw_bad5,raw_mae,raw_rmse,refined_bad1,refined_bad3,refined_bad5,refined_mae,refined_rmse,rel_impr,runtime_ms,sequence_id,split,top0.1pct_damage_contrib,top1.0pct_damage_contrib,top10.0pct_damage_contrib,top5.0pct_damage_contrib,undershoot_rate,valid_px
raw,specimen_1,2025_03_06-16_54_09,valid,,specimen_1__2025_03_06-16_54_09__Clip_1__start,0.0,7.163326740264893,7.163326740264893,0.0,,0.0,0.0,0.0,0.0,0.0,nan,0.0,0.0,0.0,0.0,0.0,0.0,0.0,1741276454_605849504,0.0,3.457198143005371,3.457198143005371,0.0,,,0.0,,0.0,0.0,0.0,0.0,0.0,nan,49.64711071901191,18.328187031318922,14.512571680635201,3.68280291557312,7.9095139503479,49.64711071901191,18.328187031318922,14.512571680635201,3.68280291557312,7.9095139503479,0.0,0.0,specimen_1__2025_03_06-16_54_09__Clip_1__start,valid,0.0,0.0,0.0,0.0,nan,4534
raw,specimen_1,2025_03_06-16_54_09,usable_with_warning,,specimen_1__2025_03_06-16_54_09__Clip_1__end,0.0,14.400006294250488,14.400006294250488,0.0,,0.0,0.0,0.0,0.0,0.0,nan,0.0,0.0,0.0,0.0,0.0,0.0,0.0,1741276472_500830173,0.0,7.937597274780273,7.937597274780273,0.0,,,0.0,,0.0,0.0,0.0,0.0,0.0,nan,70.94763092269328,48.81546134663341,44.763092269326684,8.566110610961914,13.68399429321289,70.94763092269328,48.81546134663341,44.763092269326684,8.566110610961914,13.68399429321289,0.0,0.0,specimen_1__2025_03_06-16_54_09__Clip_1__end,usable_with_warning,0.0,0.0,0.0,0.0,nan,4812
raw,specimen_1,2025_03_06-16_53_09,usable_with_warning,,specimen_1__2025_03_06-16_53_09__Clip_1__start,0.0,6.402213096618652,6.402213096618652,0.0,,0.0,0.0,0.0,0.0,0.0,nan,0.0,0.0,0.0,0.0,0.0,0.0,0.0,1741276395_521808385,0.0,2.423027515411377,2.423027515411377,0.0,,,0.0,,0.0,0.0,0.0,0.0,0.0,nan,43.89168765743073,12.300587741393787,9.739714525608733,2.597597122192383,6.012139320373535,43.89168765743073,12.300587741393787,9.739714525608733,2.597597122192383,6.012139320373535,0.0,0.0,specimen_1__2025_03_06-16_53_09__Clip_1__start,usable_with_warning,0.0,0.0,0.0,0.0,nan,4764
raw,specimen_1,2025_03_06-16_53_09,usable_with_warning,,specimen_1__2025_03_06-16_53_09__Clip_1__end,0.0,10.891024589538574,10.891024589538574,0.0,,0.0,0.0,0.0,0.0,0.0,nan,0.0,0.0,0.0,0.0,0.0,0.0,0.0,1741276413_300344467,0.0,13.104289054870605,13.104289054870605,0.0,,,0.0,,0.0,0.0,0.0,0.0,0.0,nan,73.3739438003537,54.352525054038125,51.69974454706229,12.951199531555176,18.628883361816406,73.3739438003537,54.352525054038125,51.69974454706229,12.951199531555176,18.628883361816406,0.0,0.0,specimen_1__2025_03_06-16_53_09__Clip_1__end,usable_with_warning,0.0,0.0,0.0,0.0,nan,5089
raw,specimen_1,2025_03_06-16_49_40,valid,,specimen_1__2025_03_06-16_49_40__Clip_1__start,0.0,8.47408390045166,8.47408390045166,0.0,,0.0,0.0,0.0,0.0,0.0,nan,0.0,0.0,0.0,0.0,0.0,0.0,0.0,1741276188_715718030,0.0,3.5510761737823486,3.5510761737823486,0.0,,,0.0,,0.0,0.0,0.0,0.0,0.0,nan,46.13920033848107,18.552993441929342,14.44891051406812,3.81040096282959,8.4707670211792,46.13920033848107,18.552993441929342,14.44891051406812,3.81040096282959,8.4707670211792,0.0,0.0,specimen_1__2025_03_06-16_49_40__Clip_1__start,valid,0.0,0.0,0.0,0.0,nan,4727
raw,specimen_1,2025_03_06-17_35_04,valid,,specimen_1__2025_03_06-17_35_04__Clip_1__start,0.0,4.1044921875,4.1044921875,0.0,,0.0,0.0,0.0,0.0,0.0,nan,0.0,0.0,0.0,0.0,0.0,0.0,0.0,1741278916_817303895,0.0,1.6769381761550903,1.6769381761550903,0.0,,,0.0,,0.0,0.0,0.0,0.0,0.0,nan,62.70627062706271,15.181518151815181,3.9603960396039604,1.8051258325576782,2.6155025959014893,62.70627062706271,15.181518151815181,3.9603960396039604,1.8051258325576782,2.6155025959014893,0.0,0.0,specimen_1__2025_03_06-17_35_04__Clip_1__start,valid,0.0,0.0,0.0,0.0,nan,303
raw,specimen_1,2025_03_06-16_56_00,valid,,specimen_1__2025_03_06-16_56_00__Clip_1__start,0.0,4.1268696784973145,4.1268696784973145,0.0,,0.0,0.0,0.0,0.0,0.0,nan,0.0,0.0,0.0,0.0,0.0,0.0,0.0,1741276567_498016595,0.0,1.8069095611572266,1.8069095611572266,0.0,,,0.0,,0.0,0.0,0.0,0.0,0.0,nan,42.0827389443652,8.606752258678078,6.3242986210175935,1.871444821357727,4.277699947357178,42.0827389443652,8.606752258678078,6.3242986210175935,1.871444821357727,4.277699947357178,0.0,0.0,specimen_1__2025_03_06-16_56_00__Clip_1__start,valid,0.0,0.0,0.0,0.0,nan,4206
raw,specimen_1,2025_03_06-16_56_00,valid,,specimen_1__2025_03_06-16_56_00__Clip_1__end,0.0,4.686069488525391,4.686069488525391,0.0,,0.0,0.0,0.0,0.0,0.0,nan,0.0,0.0,0.0,0.0,0.0,0.0,0.0,1741276586_132390499,0.0,2.451817512512207,2.451817512512207,0.0,,,0.0,,0.0,0.0,0.0,0.0,0.0,nan,48.4304932735426,15.944195316392626,10.961634280019931,2.5308568477630615,5.1624884605407715,48.4304932735426,15.944195316392626,10.961634280019931,2.5308568477630615,5.1624884605407715,0.0,0.0,specimen_1__2025_03_06-16_56_00__Clip_1__end,valid,0.0,0.0,0.0,0.0,nan,4014
raw,specimen_1,2025_03_06-16_56_00,valid,,specimen_1__2025_03_06-16_56_00__Clip_2__start,0.0,4.686069488525391,4.686069488525391,0.0,,0.0,0.0,0.0,0.0,0.0,nan,0.0,0.0,0.0,0.0,0.0,0.0,0.0,1741276586_132390499,0.0,2.451817512512207,2.451817512512207,0.0,,,0.0,,0.0,0.0,0.0,0.0,0.0,nan,48.4304932735426,15.944195316392626,10.961634280019931,2.5308568477630615,5.1624884605407715,48.4304932735426,15.944195316392626,10.961634280019931,2.5308568477630615,5.1624884605407715,0.0,0.0,specimen_1__2025_03_06-16_56_00__Clip_2__start,valid,0.0,0.0,0.0,0.0,nan,4014
raw,specimen_1,2025_03_06-16_56_00,usable_with_warning,,specimen_1__2025_03_06-16_56_00__Clip_2__end,0.0,5.347502708435059,5.347502708435059,0.0,,0.0,0.0,0.0,0.0,0.0,nan,0.0,0.0,0.0,0.0,0.0,0.0,0.0,1741276596_839815616,0.0,3.4315524101257324,3.4315524101257324,0.0,,,0.0,,0.0,0.0,0.0,0.0,0.0,nan,54.93519441674975,19.890329012961118,14.132602193419741,3.540912389755249,7.26245641708374,54.93519441674975,19.890329012961118,14.132602193419741,3.540912389755249,7.26245641708374,0.0,0.0,specimen_1__2025_03_06-16_56_00__Clip_2__end,usable_with_warning,0.0,0.0,0.0,0.0,nan,4012
raw,specimen_1,2025_03_06-16_56_00,usable_with_warning,,specimen_1__2025_03_06-16_56_00__Clip_3__start,0.0,5.347502708435059,5.347502708435059,0.0,,0.0,0.0,0.0,0.0,0.0,nan,0.0,0.0,0.0,0.0,0.0,0.0,0.0,1741276596_839815616,0.0,3.4315524101257324,3.4315524101257324,0.0,,,0.0,,0.0,0.0,0.0,0.0,0.0,nan,54.93519441674975,19.890329012961118,14.132602193419741,3.540912389755249,7.26245641708374,54.93519441674975,19.890329012961118,14.132602193419741,3.540912389755249,7.26245641708374,0.0,0.0,specimen_1__2025_03_06-16_56_00__Clip_3__start,usable_with_warning,0.0,0.0,0.0,0.0,nan,4012
raw,specimen_1,2025_03_06-16_56_00,usable_with_warning,,specimen_1__2025_03_06-16_56_00__Clip_3__end,0.0,5.735629558563232,5.735629558563232,0.0,,0.0,0.0,0.0,0.0,0.0,nan,0.0,0.0,0.0,0.0,0.0,0.0,0.0,1741276607_378000020,0.0,4.158022403717041,4.158022403717041,0.0,,,0.0,,0.0,0.0,0.0,0.0,0.0,nan,57.70609318996416,22.887864823348693,16.538658474142345,4.268689155578613,9.035452842712402,57.70609318996416,22.887864823348693,16.538658474142345,4.268689155578613,9.035452842712402,0.0,0.0,specimen_1__2025_03_06-16_56_00__Clip_3__end,usable_with_warning,0.0,0.0,0.0,0.0,nan,3906
raw,specimen_1,2025_03_06-16_56_00,usable_with_warning,,specimen_1__2025_03_06-16_56_00__Clip_4__start,0.0,5.735629558563232,5.735629558563232,0.0,,0.0,0.0,0.0,0.0,0.0,nan,0.0,0.0,0.0,0.0,0.0,0.0,0.0,1741276607_378000020,0.0,4.158022403717041,4.158022403717041,0.0,,,0.0,,0.0,0.0,0.0,0.0,0.0,nan,57.70609318996416,22.887864823348693,16.538658474142345,4.268689155578613,9.035452842712402,57.70609318996416,22.887864823348693,16.538658474142345,4.268689155578613,9.035452842712402,0.0,0.0,specimen_1__2025_03_06-16_56_00__Clip_4__start,usable_with_warning,0.0,0.0,0.0,0.0,nan,3906
raw,specimen_1,2025_03_06-16_56_00,usable_with_warning,,specimen_1__2025_03_06-16_56_00__Clip_5__end,0.0,7.81285285949707,7.81285285949707,0.0,,0.0,0.0,0.0,0.0,0.0,nan,0.0,0.0,0.0,0.0,0.0,0.0,0.0,1741276628_081543684,0.0,5.440314292907715,5.440314292907715,0.0,,,0.0,,0.0,0.0,0.0,0.0,0.0,nan,66.44399910932977,23.91449565798263,18.90447561790247,5.604083061218262,12.093860626220703,66.44399910932977,23.91449565798263,18.90447561790247,5.604083061218262,12.093860626220703,0.0,0.0,specimen_1__2025_03_06-16_56_00__Clip_5__end,usable_with_warning,0.0,0.0,0.0,0.0,nan,4491
raw,specimen_1,2025_03_06-17_10_48,usable_with_warning,,specimen_1__2025_03_06-17_10_48__Clip_1__start,0.0,7.34765625,7.34765625,0.0,,0.0,0.0,0.0,0.0,0.0,nan,0.0,0.0,0.0,0.0,0.0,0.0,0.0,1741277458_715820312,0.0,2.3041493892669678,2.3041493892669678,0.0,,,0.0,,0.0,0.0,0.0,0.0,0.0,nan,53.63881401617251,12.93800539083558,9.973045822102426,2.4129042625427246,4.858170509338379,53.63881401617251,12.93800539083558,9.973045822102426,2.4129042625427246,4.858170509338379,0.0,0.0,specimen_1__2025_03_06-17_10_48__Clip_1__start,usable_with_warning,0.0,0.0,0.0,0.0,nan,371
raw,specimen_1,2025_03_06-17_10_48,usable_with_warning,,specimen_1__2025_03_06-17_10_48__Clip_1__end,0.0,4.7734375,4.7734375,0.0,,0.0,0.0,0.0,0.0,0.0,nan,0.0,0.0,0.0,0.0,0.0,0.0,0.0,1741277472_074031114,0.0,2.4690027236938477,2.4690027236938477,0.0,,,0.0,,0.0,0.0,0.0,0.0,0.0,nan,72.53333333333333,23.200000000000003,7.733333333333333,2.4935834407806396,4.106728553771973,72.53333333333333,23.200000000000003,7.733333333333333,2.4935834407806396,4.106728553771973,0.0,0.0,specimen_1__2025_03_06-17_10_48__Clip_1__end,usable_with_warning,0.0,0.0,0.0,0.0,nan,375
raw,specimen_1,2025_03_06-17_46_07,valid,direct_polaris,specimen_1__2025_03_06-17_46_07__Clip_1__start,0.0,2.0479166507720947,2.0479166507720947,0.0,,0.0,0.0,0.0,0.0,0.0,nan,0.0,0.0,0.0,0.0,0.0,0.0,0.0,1741279573_107909202,0.0,1.5500156879425049,1.5500156879425049,0.0,,,0.0,,0.0,0.0,0.0,0.0,0.0,nan,59.32203389830508,6.5375302663438255,2.4213075060532687,1.5680992603302002,2.2942097187042236,59.32203389830508,6.5375302663438255,2.4213075060532687,1.5680992603302002,2.2942097187042236,0.0,0.0,specimen_1__2025_03_06-17_46_07__Clip_1__start,valid,0.0,0.0,0.0,0.0,nan,413
raw,specimen_1,2025_03_06-17_46_07,valid,direct_polaris,specimen_1__2025_03_06-17_46_07__Clip_2__end,0.0,3.483630895614624,3.483630895614624,0.0,,0.0,0.0,0.0,0.0,0.0,nan,0.0,0.0,0.0,0.0,0.0,0.0,0.0,1741279592_460282802,0.0,1.777187466621399,1.777187466621399,0.0,,,0.0,,0.0,0.0,0.0,0.0,0.0,nan,59.23566878980891,21.443736730360936,7.855626326963907,1.8532710075378418,2.5064585208892822,59.23566878980891,21.443736730360936,7.855626326963907,1.8532710075378418,2.5064585208892822,0.0,0.0,specimen_1__2025_03_06-17_46_07__Clip_2__end,valid,0.0,0.0,0.0,0.0,nan,471
raw,specimen_1,2025_03_06-17_46_07,valid,direct_polaris,specimen_1__2025_03_06-17_46_07__Clip_3__start,0.0,3.483630895614624,3.483630895614624,0.0,,0.0,0.0,0.0,0.0,0.0,nan,0.0,0.0,0.0,0.0,0.0,0.0,0.0,1741279592_460282802,0.0,1.777187466621399,1.777187466621399,0.0,,,0.0,,0.0,0.0,0.0,0.0,0.0,nan,59.23566878980891,21.443736730360936,7.855626326963907,1.8532710075378418,2.5064585208892822,59.23566878980891,21.443736730360936,7.855626326963907,1.8532710075378418,2.5064585208892822,0.0,0.0,specimen_1__2025_03_06-17_46_07__Clip_3__start,valid,0.0,0.0,0.0,0.0,nan,471
raw,specimen_1,2025_03_06-17_46_07,valid,direct_polaris,specimen_1__2025_03_06-17_46_07__Clip_3__end,0.0,3.070833444595337,3.070833444595337,0.0,,0.0,0.0,0.0,0.0,0.0,nan,0.0,0.0,0.0,0.0,0.0,0.0,0.0,1741279602_670526742,0.0,1.7725735902786255,1.7725735902786255,0.0,,,0.0,,0.0,0.0,0.0,0.0,0.0,nan,60.092807424593964,18.329466357308586,4.176334106728538,1.8177566528320312,2.592578172683716,60.092807424593964,18.329466357308586,4.176334106728538,1.8177566528320312,2.592578172683716,0.0,0.0,specimen_1__2025_03_06-17_46_07__Clip_3__end,valid,0.0,0.0,0.0,0.0,nan,431
raw,specimen_1,2025_03_06-17_46_07,valid,direct_polaris,specimen_1__2025_03_06-17_46_07__Clip_4__start,0.0,3.070833444595337,3.070833444595337,0.0,,0.0,0.0,0.0,0.0,0.0,nan,0.0,0.0,0.0,0.0,0.0,0.0,0.0,1741279602_670526742,0.0,1.7725735902786255,1.7725735902786255,0.0,,,0.0,,0.0,0.0,0.0,0.0,0.0,nan,60.092807424593964,18.329466357308586,4.176334106728538,1.8177566528320312,2.592578172683716,60.092807424593964,18.329466357308586,4.176334106728538,1.8177566528320312,2.592578172683716,0.0,0.0,specimen_1__2025_03_06-17_46_07__Clip_4__start,valid,0.0,0.0,0.0,0.0,nan,431
raw,specimen_1,2025_03_06-17_46_07,valid,direct_polaris,specimen_1__2025_03_06-17_46_07__Clip_4__end,0.0,4.293981552124023,4.293981552124023,0.0,,0.0,0.0,0.0,0.0,0.0,nan,0.0,0.0,0.0,0.0,0.0,0.0,0.0,1741279610_874241590,0.0,1.84608793258667,1.84608793258667,0.0,,,0.0,,0.0,0.0,0.0,0.0,0.0,nan,71.96261682242991,19.158878504672895,4.906542056074766,2.0005111694335938,2.6505231857299805,71.96261682242991,19.158878504672895,4.906542056074766,2.0005111694335938,2.6505231857299805,0.0,0.0,specimen_1__2025_03_06-17_46_07__Clip_4__end,valid,0.0,0.0,0.0,0.0,nan,428
raw,specimen_1,2025_03_06-17_46_07,valid,direct_polaris,specimen_1__2025_03_06-17_46_07__Clip_5__start,0.0,4.293981552124023,4.293981552124023,0.0,,0.0,0.0,0.0,0.0,0.0,nan,0.0,0.0,0.0,0.0,0.0,0.0,0.0,1741279610_874241590,0.0,1.84608793258667,1.84608793258667,0.0,,,0.0,,0.0,0.0,0.0,0.0,0.0,nan,71.96261682242991,19.158878504672895,4.906542056074766,2.0005111694335938,2.6505231857299805,71.96261682242991,19.158878504672895,4.906542056074766,2.0005111694335938,2.6505231857299805,0.0,0.0,specimen_1__2025_03_06-17_46_07__Clip_5__start,valid,0.0,0.0,0.0,0.0,nan,428
raw,specimen_1,2025_03_06-17_46_07,valid,direct_polaris,specimen_1__2025_03_06-17_46_07__Clip_5__end,0.0,,,0.0,,0.0,0.0,0.0,0.0,0.0,nan,0.0,0.0,0.0,0.0,0.0,0.0,0.0,1741279619_639563798,0.0,2.1320536136627197,2.1320536136627197,0.0,,,0.0,,0.0,0.0,0.0,0.0,0.0,nan,67.71428571428572,25.71428571428571,4.571428571428571,2.1320536136627197,2.7411246299743652,67.71428571428572,25.71428571428571,4.571428571428571,2.1320536136627197,2.7411246299743652,0.0,0.0,specimen_1__2025_03_06-17_46_07__Clip_5__end,valid,0.0,0.0,0.0,0.0,nan,350
raw,specimen_1,2025_03_06-17_43_05,valid,direct_polaris,specimen_1__2025_03_06-17_43_05__Clip_1__start,0.0,2.88043475151062,2.88043475151062,0.0,,0.0,0.0,0.0,0.0,0.0,nan,0.0,0.0,0.0,0.0,0.0,0.0,0.0,1741279397_014175891,0.0,1.5587064027786255,1.5587064027786255,0.0,,,0.0,,0.0,0.0,0.0,0.0,0.0,nan,55.35307517084283,15.945330296127564,1.5945330296127564,1.627954125404358,2.1511824131011963,55.35307517084283,15.945330296127564,1.5945330296127564,1.627954125404358,2.1511824131011963,0.0,0.0,specimen_1__2025_03_06-17_43_05__Clip_1__start,valid,0.0,0.0,0.0,0.0,nan,439
raw,specimen_1,2025_03_06-17_03_37,valid,,specimen_1__2025_03_06-17_03_37__Clip_1__start,0.0,,,0.0,,0.0,0.0,0.0,0.0,0.0,nan,0.0,0.0,0.0,0.0,0.0,0.0,0.0,1741277038_994503974,0.0,1.532997488975525,1.532997488975525,0.0,,,0.0,,0.0,0.0,0.0,0.0,0.0,nan,65.78947368421053,8.552631578947368,2.631578947368421,1.532997488975525,1.9732364416122437,65.78947368421053,8.552631578947368,2.631578947368421,1.532997488975525,1.9732364416122437,0.0,0.0,specimen_1__2025_03_06-17_03_37__Clip_1__start,valid,0.0,0.0,0.0,0.0,nan,152
raw,specimen_1,2025_03_06-17_03_37,valid,,specimen_1__2025_03_06-17_03_37__Clip_1__end,0.0,2.51953125,2.51953125,0.0,,0.0,0.0,0.0,0.0,0.0,nan,0.0,0.0,0.0,0.0,0.0,0.0,0.0,1741277054_444179058,0.0,2.246960163116455,2.246960163116455,0.0,,,0.0,,0.0,0.0,0.0,0.0,0.0,nan,60.62271062271062,26.190476190476193,10.805860805860807,2.262934923171997,3.374509811401367,60.62271062271062,26.190476190476193,10.805860805860807,2.262934923171997,3.374509811401367,0.0,0.0,specimen_1__2025_03_06-17_03_37__Clip_1__end,valid,0.0,0.0,0.0,0.0,nan,546
raw,specimen_1,2025_03_06-17_50_08,valid,direct_polaris,specimen_1__2025_03_06-17_50_08__Clip_1__start,0.0,3.263962745666504,3.263962745666504,0.0,,0.0,0.0,0.0,0.0,0.0,nan,0.0,0.0,0.0,0.0,0.0,0.0,0.0,1741279814_889631032,0.0,1.4601329565048218,1.4601329565048218,0.0,,,0.0,,0.0,0.0,0.0,0.0,0.0,nan,56.19834710743802,16.735537190082646,5.991735537190083,1.635298252105713,2.209825038909912,56.19834710743802,16.735537190082646,5.991735537190083,1.635298252105713,2.209825038909912,0.0,0.0,specimen_1__2025_03_06-17_50_08__Clip_1__start,valid,0.0,0.0,0.0,0.0,nan,484
raw,specimen_1,2025_03_06-17_50_08,valid,direct_polaris,specimen_1__2025_03_06-17_50_08__Clip_1__end,0.0,2.198214292526245,2.198214292526245,0.0,,0.0,0.0,0.0,0.0,0.0,nan,0.0,0.0,0.0,0.0,0.0,0.0,0.0,1741279833_122301101,0.0,2.296557903289795,2.296557903289795,0.0,,,0.0,,0.0,0.0,0.0,0.0,0.0,nan,61.93103448275862,26.75862068965517,9.379310344827587,2.2918102741241455,3.43481707572937,61.93103448275862,26.75862068965517,9.379310344827587,2.2918102741241455,3.43481707572937,0.0,0.0,specimen_1__2025_03_06-17_50_08__Clip_1__end,valid,0.0,0.0,0.0,0.0,nan,725
raw,specimen_1,2025_03_06-17_04_37,valid,,specimen_1__2025_03_06-17_04_37__Clip_1__start,0.0,,,0.0,,0.0,0.0,0.0,0.0,0.0,nan,0.0,0.0,0.0,0.0,0.0,0.0,0.0,1741277089_267859220,0.0,1.2069052457809448,1.2069052457809448,0.0,,,0.0,,0.0,0.0,0.0,0.0,0.0,nan,56.98924731182796,4.301075268817205,0.0,1.2069052457809448,1.429113745689392,56.98924731182796,4.301075268817205,0.0,1.2069052457809448,1.429113745689392,0.0,0.0,specimen_1__2025_03_06-17_04_37__Clip_1__start,valid,0.0,0.0,0.0,0.0,nan,186
raw,specimen_1,2025_03_06-17_04_37,usable_with_warning,,specimen_1__2025_03_06-17_04_37__Clip_1__end,0.0,0.5795454382896423,0.5795454382896423,0.0,,0.0,0.0,0.0,0.0,0.0,nan,0.0,0.0,0.0,0.0,0.0,0.0,0.0,1741277102_310320138,0.0,0.9244019389152527,0.9244019389152527,0.0,,,0.0,,0.0,0.0,0.0,0.0,0.0,nan,32.98429319371728,2.356020942408377,0.0,0.9144715070724487,1.1512919664382935,32.98429319371728,2.356020942408377,0.0,0.9144715070724487,1.1512919664382935,0.0,0.0,specimen_1__2025_03_06-17_04_37__Clip_1__end,usable_with_warning,0.0,0.0,0.0,0.0,nan,382
raw,specimen_1,2025_03_06-17_04_37,usable_with_warning,,specimen_1__2025_03_06-17_04_37__Clip_2__start,0.0,0.5795454382896423,0.5795454382896423,0.0,,0.0,0.0,0.0,0.0,0.0,nan,0.0,0.0,0.0,0.0,0.0,0.0,0.0,1741277102_310320138,0.0,0.9244019389152527,0.9244019389152527,0.0,,,0.0,,0.0,0.0,0.0,0.0,0.0,nan,32.98429319371728,2.356020942408377,0.0,0.9144715070724487,1.1512919664382935,32.98429319371728,2.356020942408377,0.0,0.9144715070724487,1.1512919664382935,0.0,0.0,specimen_1__2025_03_06-17_04_37__Clip_2__start,usable_with_warning,0.0,0.0,0.0,0.0,nan,382
raw,specimen_1,2025_03_06-17_04_37,valid,,specimen_1__2025_03_06-17_04_37__Clip_2__end,0.0,1.75,1.75,0.0,,0.0,0.0,0.0,0.0,0.0,nan,0.0,0.0,0.0,0.0,0.0,0.0,0.0,1741277116_990405559,0.0,1.6955658197402954,1.6955658197402954,0.0,,,0.0,,0.0,0.0,0.0,0.0,0.0,nan,59.42028985507246,13.526570048309178,6.280193236714976,1.6972750425338745,2.325582981109619,59.42028985507246,13.526570048309178,6.280193236714976,1.6972750425338745,2.325582981109619,0.0,0.0,specimen_1__2025_03_06-17_04_37__Clip_2__end,valid,0.0,0.0,0.0,0.0,nan,414
raw,specimen_1,2025_03_06-17_04_37,valid,,specimen_1__2025_03_06-17_04_37__Clip_3__start,0.0,1.75,1.75,0.0,,0.0,0.0,0.0,0.0,0.0,nan,0.0,0.0,0.0,0.0,0.0,0.0,0.0,1741277116_990405559,0.0,1.6955658197402954,1.6955658197402954,0.0,,,0.0,,0.0,0.0,0.0,0.0,0.0,nan,59.42028985507246,13.526570048309178,6.280193236714976,1.6972750425338745,2.325582981109619,59.42028985507246,13.526570048309178,6.280193236714976,1.6972750425338745,2.325582981109619,0.0,0.0,specimen_1__2025_03_06-17_04_37__Clip_3__start,valid,0.0,0.0,0.0,0.0,nan,414
raw,specimen_1,2025_03_06-17_04_37,valid,,specimen_1__2025_03_06-17_04_37__Clip_3__end,0.0,2.40625,2.40625,0.0,,0.0,0.0,0.0,0.0,0.0,nan,0.0,0.0,0.0,0.0,0.0,0.0,0.0,1741277161_742160797,0.0,2.2649967670440674,2.2649967670440674,0.0,,,0.0,,0.0,0.0,0.0,0.0,0.0,nan,53.86666666666666,21.333333333333336,9.066666666666666,2.265749931335449,4.364389896392822,53.86666666666666,21.333333333333336,9.066666666666666,2.265749931335449,4.364389896392822,0.0,0.0,specimen_1__2025_03_06-17_04_37__Clip_3__end,valid,0.0,0.0,0.0,0.0,nan,375
raw,specimen_1,2025_03_06-17_04_37,valid,,specimen_1__2025_03_06-17_04_37__Clip_4__start,0.0,2.40625,2.40625,0.0,,0.0,0.0,0.0,0.0,0.0,nan,0.0,0.0,0.0,0.0,0.0,0.0,0.0,1741277161_742160797,0.0,2.2649967670440674,2.2649967670440674,0.0,,,0.0,,0.0,0.0,0.0,0.0,0.0,nan,53.86666666666666,21.333333333333336,9.066666666666666,2.265749931335449,4.364389896392822,53.86666666666666,21.333333333333336,9.066666666666666,2.265749931335449,4.364389896392822,0.0,0.0,specimen_1__2025_03_06-17_04_37__Clip_4__start,valid,0.0,0.0,0.0,0.0,nan,375
raw,specimen_1,2025_03_06-17_04_37,valid,,specimen_1__2025_03_06-17_04_37__Clip_4__end,0.0,11.897321701049805,11.897321701049805,0.0,,0.0,0.0,0.0,0.0,0.0,nan,0.0,0.0,0.0,0.0,0.0,0.0,0.0,1741277171_752430915,0.0,2.2253429889678955,2.2253429889678955,0.0,,,0.0,,0.0,0.0,0.0,0.0,0.0,nan,58.9622641509434,29.245283018867923,12.735849056603774,2.544700860977173,4.354694366455078,58.9622641509434,29.245283018867923,12.735849056603774,2.544700860977173,4.354694366455078,0.0,0.0,specimen_1__2025_03_06-17_04_37__Clip_4__end,valid,0.0,0.0,0.0,0.0,nan,424
raw,specimen_1,2025_03_06-17_04_37,valid,,specimen_1__2025_03_06-17_04_37__Clip_5__start,0.0,11.897321701049805,11.897321701049805,0.0,,0.0,0.0,0.0,0.0,0.0,nan,0.0,0.0,0.0,0.0,0.0,0.0,0.0,1741277171_752430915,0.0,2.2253429889678955,2.2253429889678955,0.0,,,0.0,,0.0,0.0,0.0,0.0,0.0,nan,58.9622641509434,29.245283018867923,12.735849056603774,2.544700860977173,4.354694366455078,58.9622641509434,29.245283018867923,12.735849056603774,2.544700860977173,4.354694366455078,0.0,0.0,specimen_1__2025_03_06-17_04_37__Clip_5__start,valid,0.0,0.0,0.0,0.0,nan,424
raw,specimen_1,2025_03_06-17_51_03,valid,direct_polaris,specimen_1__2025_03_06-17_51_03__Clip_1__end,0.0,2.6078124046325684,2.6078124046325684,0.0,,0.0,0.0,0.0,0.0,0.0,nan,0.0,0.0,0.0,0.0,0.0,0.0,0.0,1741279879_525370836,0.0,1.393387794494629,1.393387794494629,0.0,,,0.0,,0.0,0.0,0.0,0.0,0.0,nan,58.46994535519126,12.568306010928962,0.36429872495446264,1.481870412826538,1.8881560564041138,58.46994535519126,12.568306010928962,0.36429872495446264,1.481870412826538,1.8881560564041138,0.0,0.0,specimen_1__2025_03_06-17_51_03__Clip_1__end,valid,0.0,0.0,0.0,0.0,nan,549
raw,specimen_1,2025_03_06-17_51_03,valid,direct_polaris,specimen_1__2025_03_06-17_51_03__Clip_2__start,0.0,2.6078124046325684,2.6078124046325684,0.0,,0.0,0.0,0.0,0.0,0.0,nan,0.0,0.0,0.0,0.0,0.0,0.0,0.0,1741279879_525370836,0.0,1.393387794494629,1.393387794494629,0.0,,,0.0,,0.0,0.0,0.0,0.0,0.0,nan,58.46994535519126,12.568306010928962,0.36429872495446264,1.481870412826538,1.8881560564041138,58.46994535519126,12.568306010928962,0.36429872495446264,1.481870412826538,1.8881560564041138,0.0,0.0,specimen_1__2025_03_06-17_51_03__Clip_2__start,valid,0.0,0.0,0.0,0.0,nan,549
raw,specimen_1,2025_03_06-17_51_03,valid,direct_polaris,specimen_1__2025_03_06-17_51_03__Clip_2__end,0.0,2.6931817531585693,2.6931817531585693,0.0,,0.0,0.0,0.0,0.0,0.0,nan,0.0,0.0,0.0,0.0,0.0,0.0,0.0,1741279888_274587154,0.0,1.548809289932251,1.548809289932251,0.0,,,0.0,,0.0,0.0,0.0,0.0,0.0,nan,59.45454545454546,15.636363636363637,2.181818181818182,1.6174715757369995,2.0932915210723877,59.45454545454546,15.636363636363637,2.181818181818182,1.6174715757369995,2.0932915210723877,0.0,0.0,specimen_1__2025_03_06-17_51_03__Clip_2__end,valid,0.0,0.0,0.0,0.0,nan,550
raw,specimen_1,2025_03_06-17_51_03,valid,direct_polaris,specimen_1__2025_03_06-17_51_03__Clip_3__start,0.0,2.6931817531585693,2.6931817531585693,0.0,,0.0,0.0,0.0,0.0,0.0,nan,0.0,0.0,0.0,0.0,0.0,0.0,0.0,1741279888_274587154,0.0,1.548809289932251,1.548809289932251,0.0,,,0.0,,0.0,0.0,0.0,0.0,0.0,nan,59.45454545454546,15.636363636363637,2.181818181818182,1.6174715757369995,2.0932915210723877,59.45454545454546,15.636363636363637,2.181818181818182,1.6174715757369995,2.0932915210723877,0.0,0.0,specimen_1__2025_03_06-17_51_03__Clip_3__start,valid,0.0,0.0,0.0,0.0,nan,550
raw,specimen_1,2025_03_06-17_51_03,valid,direct_polaris,specimen_1__2025_03_06-17_51_03__Clip_3__end,0.0,1.9013158082962036,1.9013158082962036,0.0,,0.0,0.0,0.0,0.0,0.0,nan,0.0,0.0,0.0,0.0,0.0,0.0,0.0,1741279896_845916986,0.0,2.154759645462036,2.154759645462036,0.0,,,0.0,,0.0,0.0,0.0,0.0,0.0,nan,68.90881913303438,21.225710014947683,9.566517189835576,2.147561550140381,3.0085701942443848,68.90881913303438,21.225710014947683,9.566517189835576,2.147561550140381,3.0085701942443848,0.0,0.0,specimen_1__2025_03_06-17_51_03__Clip_3__end,valid,0.0,0.0,0.0,0.0,nan,669
raw,specimen_1,2025_03_06-17_51_03,valid,direct_polaris,specimen_1__2025_03_06-17_51_03__Clip_4__start,0.0,1.9013158082962036,1.9013158082962036,0.0,,0.0,0.0,0.0,0.0,0.0,nan,0.0,0.0,0.0,0.0,0.0,0.0,0.0,1741279896_845916986,0.0,2.154759645462036,2.154759645462036,0.0,,,0.0,,0.0,0.0,0.0,0.0,0.0,nan,68.90881913303438,21.225710014947683,9.566517189835576,2.147561550140381,3.0085701942443848,68.90881913303438,21.225710014947683,9.566517189835576,2.147561550140381,3.0085701942443848,0.0,0.0,specimen_1__2025_03_06-17_51_03__Clip_4__start,valid,0.0,0.0,0.0,0.0,nan,669
raw,specimen_1,2025_03_06-17_51_03,valid,direct_polaris,specimen_1__2025_03_06-17_51_03__Clip_4__end,0.0,2.003472328186035,2.003472328186035,0.0,,0.0,0.0,0.0,0.0,0.0,nan,0.0,0.0,0.0,0.0,0.0,0.0,0.0,1741279907_282327890,0.0,2.5053601264953613,2.5053601264953613,0.0,,,0.0,,0.0,0.0,0.0,0.0,0.0,nan,68.97018970189703,20.460704607046072,14.634146341463413,2.49311900138855,3.8802406787872314,68.97018970189703,20.460704607046072,14.634146341463413,2.49311900138855,3.8802406787872314,0.0,0.0,specimen_1__2025_03_06-17_51_03__Clip_4__end,valid,0.0,0.0,0.0,0.0,nan,738
raw,specimen_1,2025_03_06-17_51_03,valid,direct_polaris,specimen_1__2025_03_06-17_51_03__Clip_5__start,0.0,2.003472328186035,2.003472328186035,0.0,,0.0,0.0,0.0,0.0,0.0,nan,0.0,0.0,0.0,0.0,0.0,0.0,0.0,1741279907_282327890,0.0,2.5053601264953613,2.5053601264953613,0.0,,,0.0,,0.0,0.0,0.0,0.0,0.0,nan,68.97018970189703,20.460704607046072,14.634146341463413,2.49311900138855,3.8802406787872314,68.97018970189703,20.460704607046072,14.634146341463413,2.49311900138855,3.8802406787872314,0.0,0.0,specimen_1__2025_03_06-17_51_03__Clip_5__start,valid,0.0,0.0,0.0,0.0,nan,738
raw,specimen_1,2025_03_06-17_51_03,valid,direct_polaris,specimen_1__2025_03_06-17_51_03__Clip_5__end,0.0,2.3705356121063232,2.3705356121063232,0.0,,0.0,0.0,0.0,0.0,0.0,nan,0.0,0.0,0.0,0.0,0.0,0.0,0.0,1741279919_146309852,0.0,3.2920844554901123,3.2920844554901123,0.0,,,0.0,,0.0,0.0,0.0,0.0,0.0,nan,70.40302267002518,35.894206549118394,20.780856423173805,3.2677109241485596,5.187773704528809,70.40302267002518,35.894206549118394,20.780856423173805,3.2677109241485596,5.187773704528809,0.0,0.0,specimen_1__2025_03_06-17_51_03__Clip_5__end,valid,0.0,0.0,0.0,0.0,nan,794
raw,specimen_1,2025_03_06-17_39_51,valid,,specimen_1__2025_03_06-17_39_51__Clip_1__start,0.0,2.95849609375,2.95849609375,0.0,,0.0,0.0,0.0,0.0,0.0,nan,0.0,0.0,0.0,0.0,0.0,0.0,0.0,1741279197_390876054,0.0,1.8817163705825806,1.8817163705825806,0.0,,,0.0,,0.0,0.0,0.0,0.0,0.0,nan,66.54478976234005,13.939670932358316,4.341864716636198,1.9132126569747925,2.8700780868530273,66.54478976234005,13.939670932358316,4.341864716636198,1.9132126569747925,2.8700780868530273,0.0,0.0,specimen_1__2025_03_06-17_39_51__Clip_1__start,valid,0.0,0.0,0.0,0.0,nan,2188
raw,specimen_1,2025_03_06-17_39_51,valid,,specimen_1__2025_03_06-17_39_51__Clip_1__end,0.0,4.13205623626709,4.13205623626709,0.0,,0.0,0.0,0.0,0.0,0.0,nan,0.0,0.0,0.0,0.0,0.0,0.0,0.0,1741279208_726855754,0.0,1.781760334968567,1.781760334968567,0.0,,,0.0,,0.0,0.0,0.0,0.0,0.0,nan,62.444334487877285,15.437902028698664,5.244928253339931,1.817811369895935,2.858562469482422,62.444334487877285,15.437902028698664,5.244928253339931,1.817811369895935,2.858562469482422,0.0,0.0,specimen_1__2025_03_06-17_39_51__Clip_1__end,valid,0.0,0.0,0.0,0.0,nan,2021
raw,specimen_1,2025_03_06-17_39_51,valid,,specimen_1__2025_03_06-17_39_51__Clip_2__start,0.0,4.13205623626709,4.13205623626709,0.0,,0.0,0.0,0.0,0.0,0.0,nan,0.0,0.0,0.0,0.0,0.0,0.0,0.0,1741279208_726855754,0.0,1.781760334968567,1.781760334968567,0.0,,,0.0,,0.0,0.0,0.0,0.0,0.0,nan,62.444334487877285,15.437902028698664,5.244928253339931,1.817811369895935,2.858562469482422,62.444334487877285,15.437902028698664,5.244928253339931,1.817811369895935,2.858562469482422,0.0,0.0,specimen_1__2025_03_06-17_39_51__Clip_2__start,valid,0.0,0.0,0.0,0.0,nan,2021
raw,specimen_1,2025_03_06-17_39_51,valid,,specimen_1__2025_03_06-17_39_51__Clip_2__end,0.0,2.9171130657196045,2.9171130657196045,0.0,,0.0,0.0,0.0,0.0,0.0,nan,0.0,0.0,0.0,0.0,0.0,0.0,0.0,1741279216_465456247,0.0,2.0400986671447754,2.0400986671447754,0.0,,,0.0,,0.0,0.0,0.0,0.0,0.0,nan,67.75259678942398,19.07459867799811,7.0349386213408875,2.0835766792297363,3.2599668502807617,67.75259678942398,19.07459867799811,7.0349386213408875,2.0835766792297363,3.2599668502807617,0.0,0.0,specimen_1__2025_03_06-17_39_51__Clip_2__end,valid,0.0,0.0,0.0,0.0,nan,2118
raw,specimen_1,2025_03_06-17_39_51,valid,,specimen_1__2025_03_06-17_39_51__Clip_3__start,0.0,2.9171130657196045,2.9171130657196045,0.0,,0.0,0.0,0.0,0.0,0.0,nan,0.0,0.0,0.0,0.0,0.0,0.0,0.0,1741279216_465456247,0.0,2.0400986671447754,2.0400986671447754,0.0,,,0.0,,0.0,0.0,0.0,0.0,0.0,nan,67.75259678942398,19.07459867799811,7.0349386213408875,2.0835766792297363,3.2599668502807617,67.75259678942398,19.07459867799811,7.0349386213408875,2.0835766792297363,3.2599668502807617,0.0,0.0,specimen_1__2025_03_06-17_39_51__Clip_3__start,valid,0.0,0.0,0.0,0.0,nan,2118
raw,specimen_1,2025_03_06-17_39_51,usable_with_warning,,specimen_1__2025_03_06-17_39_51__Clip_3__end,0.0,3.328004837036133,3.328004837036133,0.0,,0.0,0.0,0.0,0.0,0.0,nan,0.0,0.0,0.0,0.0,0.0,0.0,0.0,1741279225_393536329,0.0,2.3337457180023193,2.3337457180023193,0.0,,,0.0,,0.0,0.0,0.0,0.0,0.0,nan,63.84615384615384,22.350427350427353,12.222222222222221,2.3889822959899902,3.799898147583008,63.84615384615384,22.350427350427353,12.222222222222221,2.3889822959899902,3.799898147583008,0.0,0.0,specimen_1__2025_03_06-17_39_51__Clip_3__end,usable_with_warning,0.0,0.0,0.0,0.0,nan,2340
raw,specimen_1,2025_03_06-17_39_51,usable_with_warning,,specimen_1__2025_03_06-17_39_51__Clip_4__start,0.0,3.328004837036133,3.328004837036133,0.0,,0.0,0.0,0.0,0.0,0.0,nan,0.0,0.0,0.0,0.0,0.0,0.0,0.0,1741279225_393536329,0.0,2.3337457180023193,2.3337457180023193,0.0,,,0.0,,0.0,0.0,0.0,0.0,0.0,nan,63.84615384615384,22.350427350427353,12.222222222222221,2.3889822959899902,3.799898147583008,63.84615384615384,22.350427350427353,12.222222222222221,2.3889822959899902,3.799898147583008,0.0,0.0,specimen_1__2025_03_06-17_39_51__Clip_4__start,usable_with_warning,0.0,0.0,0.0,0.0,nan,2340
raw,specimen_1,2025_03_06-17_38_21,valid,,specimen_1__2025_03_06-17_38_21__Clip_1__start,0.0,3.9454195499420166,3.9454195499420166,0.0,,0.0,0.0,0.0,0.0,0.0,nan,0.0,0.0,0.0,0.0,0.0,0.0,0.0,1741279107_899443149,0.0,2.766857862472534,2.766857862472534,0.0,,,0.0,,0.0,0.0,0.0,0.0,0.0,nan,71.48990983254616,14.426792614856163,7.642765135251181,2.8037986755371094,5.766839504241943,71.48990983254616,14.426792614856163,7.642765135251181,2.8037986755371094,5.766839504241943,0.0,0.0,specimen_1__2025_03_06-17_38_21__Clip_1__start,valid,0.0,0.0,0.0,0.0,nan,2329
raw,specimen_1,2025_03_06-17_38_21,usable_with_warning,,specimen_1__2025_03_06-17_38_21__Clip_1__end,0.0,3.3125,3.3125,0.0,,0.0,0.0,0.0,0.0,0.0,nan,0.0,0.0,0.0,0.0,0.0,0.0,0.0,1741279119_003957033,0.0,2.4970617294311523,2.4970617294311523,0.0,,,0.0,,0.0,0.0,0.0,0.0,0.0,nan,75.6931608133087,18.530499075785585,7.43992606284658,2.5370047092437744,4.288360118865967,75.6931608133087,18.530499075785585,7.43992606284658,2.5370047092437744,4.288360118865967,0.0,0.0,specimen_1__2025_03_06-17_38_21__Clip_1__end,usable_with_warning,0.0,0.0,0.0,0.0,nan,2164
raw,specimen_1,2025_03_06-17_38_21,usable_with_warning,,specimen_1__2025_03_06-17_38_21__Clip_2__start,0.0,3.3125,3.3125,0.0,,0.0,0.0,0.0,0.0,0.0,nan,0.0,0.0,0.0,0.0,0.0,0.0,0.0,1741279119_003957033,0.0,2.4970617294311523,2.4970617294311523,0.0,,,0.0,,0.0,0.0,0.0,0.0,0.0,nan,75.6931608133087,18.530499075785585,7.43992606284658,2.5370047092437744,4.288360118865967,75.6931608133087,18.530499075785585,7.43992606284658,2.5370047092437744,4.288360118865967,0.0,0.0,specimen_1__2025_03_06-17_38_21__Clip_2__start,usable_with_warning,0.0,0.0,0.0,0.0,nan,2164
raw,specimen_1,2025_03_06-17_38_21,usable_with_warning,,specimen_1__2025_03_06-17_38_21__Clip_2__end,0.0,5.65625,5.65625,0.0,,0.0,0.0,0.0,0.0,0.0,nan,0.0,0.0,0.0,0.0,0.0,0.0,0.0,1741279127_773593664,0.0,2.1734793186187744,2.1734793186187744,0.0,,,0.0,,0.0,0.0,0.0,0.0,0.0,nan,74.31235431235432,17.062937062937063,6.247086247086247,2.256286382675171,3.4844768047332764,74.31235431235432,17.062937062937063,6.247086247086247,2.256286382675171,3.4844768047332764,0.0,0.0,specimen_1__2025_03_06-17_38_21__Clip_2__end,usable_with_warning,0.0,0.0,0.0,0.0,nan,2145
raw,specimen_1,2025_03_06-17_38_21,usable_with_warning,,specimen_1__2025_03_06-17_38_21__Clip_3__start,0.0,5.65625,5.65625,0.0,,0.0,0.0,0.0,0.0,0.0,nan,0.0,0.0,0.0,0.0,0.0,0.0,0.0,1741279127_773593664,0.0,2.1734793186187744,2.1734793186187744,0.0,,,0.0,,0.0,0.0,0.0,0.0,0.0,nan,74.31235431235432,17.062937062937063,6.247086247086247,2.256286382675171,3.4844768047332764,74.31235431235432,17.062937062937063,6.247086247086247,2.256286382675171,3.4844768047332764,0.0,0.0,specimen_1__2025_03_06-17_38_21__Clip_3__start,usable_with_warning,0.0,0.0,0.0,0.0,nan,2145
raw,specimen_1,2025_03_06-17_38_21,valid,,specimen_1__2025_03_06-17_38_21__Clip_3__end,0.0,4.9375,4.9375,0.0,,0.0,0.0,0.0,0.0,0.0,nan,0.0,0.0,0.0,0.0,0.0,0.0,0.0,1741279136_944712162,0.0,1.9897211790084839,1.9897211790084839,0.0,,,0.0,,0.0,0.0,0.0,0.0,0.0,nan,72.20708446866485,15.940054495912806,5.767484105358765,2.1048479080200195,3.2303595542907715,72.20708446866485,15.940054495912806,5.767484105358765,2.1048479080200195,3.2303595542907715,0.0,0.0,specimen_1__2025_03_06-17_38_21__Clip_3__end,valid,0.0,0.0,0.0,0.0,nan,2202
raw,specimen_1,2025_03_06-17_38_21,valid,,specimen_1__2025_03_06-17_38_21__Clip_4__start,0.0,4.9375,4.9375,0.0,,0.0,0.0,0.0,0.0,0.0,nan,0.0,0.0,0.0,0.0,0.0,0.0,0.0,1741279136_944712162,0.0,1.9897211790084839,1.9897211790084839,0.0,,,0.0,,0.0,0.0,0.0,0.0,0.0,nan,72.20708446866485,15.940054495912806,5.767484105358765,2.1048479080200195,3.2303595542907715,72.20708446866485,15.940054495912806,5.767484105358765,2.1048479080200195,3.2303595542907715,0.0,0.0,specimen_1__2025_03_06-17_38_21__Clip_4__start,valid,0.0,0.0,0.0,0.0,nan,2202
raw,specimen_1,2025_03_06-17_38_21,valid,,specimen_1__2025_03_06-17_38_21__Clip_4__end,0.0,4.530481338500977,4.530481338500977,0.0,,0.0,0.0,0.0,0.0,0.0,nan,0.0,0.0,0.0,0.0,0.0,0.0,0.0,1741279148_278485298,0.0,1.7693978548049927,1.7693978548049927,0.0,,,0.0,,0.0,0.0,0.0,0.0,0.0,nan,65.60509554140127,13.876251137397636,3.912647861692448,1.846024751663208,2.834092140197754,65.60509554140127,13.876251137397636,3.912647861692448,1.846024751663208,2.834092140197754,0.0,0.0,specimen_1__2025_03_06-17_38_21__Clip_4__end,valid,0.0,0.0,0.0,0.0,nan,2198
raw,specimen_1,2025_03_06-17_38_21,valid,,specimen_1__2025_03_06-17_38_21__Clip_5__start,0.0,4.530481338500977,4.530481338500977,0.0,,0.0,0.0,0.0,0.0,0.0,nan,0.0,0.0,0.0,0.0,0.0,0.0,0.0,1741279148_278485298,0.0,1.7693978548049927,1.7693978548049927,0.0,,,0.0,,0.0,0.0,0.0,0.0,0.0,nan,65.60509554140127,13.876251137397636,3.912647861692448,1.846024751663208,2.834092140197754,65.60509554140127,13.876251137397636,3.912647861692448,1.846024751663208,2.834092140197754,0.0,0.0,specimen_1__2025_03_06-17_38_21__Clip_5__start,valid,0.0,0.0,0.0,0.0,nan,2198
raw,specimen_2,2025_04_10-16_07_15,valid,direct_ps,specimen_2__2025_04_10-16_07_15__Clip_1__start,0.0,,,0.0,,0.0,0.0,0.0,0.0,0.0,nan,0.0,0.0,0.0,0.0,0.0,0.0,0.0,1744294061_039222002,0.0,1.1747450828552246,1.1747450828552246,0.0,,,0.0,,0.0,0.0,0.0,0.0,0.0,nan,67.26526423807081,0.0,0.0,1.1747450828552246,1.2934772968292236,67.26526423807081,0.0,0.0,1.1747450828552246,1.2934772968292236,0.0,0.0,specimen_2__2025_04_10-16_07_15__Clip_1__start,valid,0.0,0.0,0.0,0.0,nan,1949
raw,specimen_2,2025_04_10-16_07_15,valid,direct_ps,specimen_2__2025_04_10-16_07_15__Clip_1__end,0.0,,,0.0,,0.0,0.0,0.0,0.0,0.0,nan,0.0,0.0,0.0,0.0,0.0,0.0,0.0,1744294083_538976430,0.0,1.6120314598083496,1.6120314598083496,0.0,,,0.0,,0.0,0.0,0.0,0.0,0.0,nan,99.78880675818374,1.0559662090813093,0.0,1.6120314598083496,1.6752078533172607,99.78880675818374,1.0559662090813093,0.0,1.6120314598083496,1.6752078533172607,0.0,0.0,specimen_2__2025_04_10-16_07_15__Clip_1__end,valid,0.0,0.0,0.0,0.0,nan,947
raw,specimen_2,2025_04_10-16_18_24,valid,direct_ps,specimen_2__2025_04_10-16_18_24__Clip_1__start,0.0,,,0.0,,0.0,0.0,0.0,0.0,0.0,nan,0.0,0.0,0.0,0.0,0.0,0.0,0.0,1744294710_339358568,0.0,0.510937511920929,0.510937511920929,0.0,,,0.0,,0.0,0.0,0.0,0.0,0.0,nan,10.0,0.0,0.0,0.510937511920929,0.6121531128883362,10.0,0.0,0.0,0.510937511920929,0.6121531128883362,0.0,0.0,specimen_2__2025_04_10-16_18_24__Clip_1__start,valid,0.0,0.0,0.0,0.0,nan,10
raw,specimen_2,2025_04_10-16_18_24,valid,direct_ps,specimen_2__2025_04_10-16_18_24__Clip_1__end,0.0,,,0.0,,0.0,0.0,0.0,0.0,0.0,nan,0.0,0.0,0.0,0.0,0.0,0.0,0.0,1744294729_138015747,0.0,0.74609375,0.74609375,0.0,,,0.0,,0.0,0.0,0.0,0.0,0.0,nan,16.666666666666664,0.0,0.0,0.74609375,0.8518491387367249,16.666666666666664,0.0,0.0,0.74609375,0.8518491387367249,0.0,0.0,specimen_2__2025_04_10-16_18_24__Clip_1__end,valid,0.0,0.0,0.0,0.0,nan,12
raw,specimen_2,2025_04_10-16_13_29,valid,direct_ps,specimen_2__2025_04_10-16_13_29__Clip_1__start,0.0,24.75,24.75,0.0,,0.0,0.0,0.0,0.0,0.0,nan,0.0,0.0,0.0,0.0,0.0,0.0,0.0,1744294416_840066432,0.0,12.362500190734863,12.362500190734863,0.0,,,0.0,,0.0,0.0,0.0,0.0,0.0,nan,100.0,100.0,100.0,14.427083015441895,16.446943283081055,100.0,100.0,100.0,14.427083015441895,16.446943283081055,0.0,0.0,specimen_2__2025_04_10-16_13_29__Clip_1__start,valid,0.0,0.0,0.0,0.0,nan,6
raw,specimen_2,2025_04_10-16_13_29,valid,direct_ps,specimen_2__2025_04_10-16_13_29__Clip_1__end,0.0,,,0.0,,0.0,0.0,0.0,0.0,0.0,nan,0.0,0.0,0.0,0.0,0.0,0.0,0.0,1744294440_072760820,0.0,3.1566011905670166,3.1566011905670166,0.0,,,0.0,,0.0,0.0,0.0,0.0,0.0,nan,70.78651685393258,47.19101123595505,28.08988764044944,3.1566011905670166,4.066948890686035,70.78651685393258,47.19101123595505,28.08988764044944,3.1566011905670166,4.066948890686035,0.0,0.0,specimen_2__2025_04_10-16_13_29__Clip_1__end,valid,0.0,0.0,0.0,0.0,nan,89
raw,specimen_2,2025_04_10-16_32_24,valid,direct_ps,specimen_2__2025_04_10-16_32_24__Clip_1__start,,,,,,,,,,,,,,,,,,,1744295550_206134319,,,,,,,,,,,,,,,,,,,,,,,,,,0.0,specimen_2__2025_04_10-16_32_24__Clip_1__start,valid,,,,,,0
raw,specimen_1,2025_03_06-17_33_33,valid,,specimen_1__2025_03_06-17_33_33__Clip_1__start,0.0,5.353515625,5.353515625,0.0,,0.0,0.0,0.0,0.0,0.0,nan,0.0,0.0,0.0,0.0,0.0,0.0,0.0,1741278820_356170415,0.0,2.0457282066345215,2.0457282066345215,0.0,,,0.0,,0.0,0.0,0.0,0.0,0.0,nan,75.5223880597015,20.8955223880597,6.865671641791045,2.1247200965881348,2.679901361465454,75.5223880597015,20.8955223880597,6.865671641791045,2.1247200965881348,2.679901361465454,0.0,0.0,specimen_1__2025_03_06-17_33_33__Clip_1__start,valid,0.0,0.0,0.0,0.0,nan,335
raw,specimen_1,2025_03_06-17_33_33,usable_with_warning,,specimen_1__2025_03_06-17_33_33__Clip_1__end,0.0,4.130208492279053,4.130208492279053,0.0,,0.0,0.0,0.0,0.0,0.0,nan,0.0,0.0,0.0,0.0,0.0,0.0,0.0,1741278834_696634531,0.0,1.80342435836792,1.80342435836792,0.0,,,0.0,,0.0,0.0,0.0,0.0,0.0,nan,73.82352941176471,12.647058823529411,1.7647058823529411,1.8444852828979492,2.195979356765747,73.82352941176471,12.647058823529411,1.7647058823529411,1.8444852828979492,2.195979356765747,0.0,0.0,specimen_1__2025_03_06-17_33_33__Clip_1__end,usable_with_warning,0.0,0.0,0.0,0.0,nan,340
raw,specimen_2,2025_04_10-16_28_15,valid,direct_ps,specimen_2__2025_04_10-16_28_15__Clip_1__start,,,,,,,,,,,,,,,,,,,1744295308_437940120,,,,,,,,,,,,,,,,,,,,,,,,,,0.0,specimen_2__2025_04_10-16_28_15__Clip_1__start,valid,,,,,,0
raw,specimen_3,2025_05_08-14_25_47,valid,direct_polaris,specimen_3__2025_05_08-14_25_47__Clip_1__start,0.0,45.55921173095703,45.55921173095703,0.0,,0.0,0.0,0.0,0.0,0.0,nan,0.0,0.0,0.0,0.0,0.0,0.0,0.0,1746707154_474355459,0.0,10.004068374633789,10.004068374633789,0.0,,,0.0,,0.0,0.0,0.0,0.0,0.0,nan,95.8041958041958,84.61538461538461,41.95804195804196,11.18509578704834,22.29217529296875,95.8041958041958,84.61538461538461,41.95804195804196,11.18509578704834,22.29217529296875,0.0,0.0,specimen_3__2025_05_08-14_25_47__Clip_1__start,valid,0.0,0.0,0.0,0.0,nan,572
raw,specimen_2,2025_04_10-16_08_53,valid,direct_ps,specimen_2__2025_04_10-16_08_53__Clip_1__start,0.0,,,0.0,,0.0,0.0,0.0,0.0,0.0,nan,0.0,0.0,0.0,0.0,0.0,0.0,0.0,1744294140_239328861,0.0,1.0212260484695435,1.0212260484695435,0.0,,,0.0,,0.0,0.0,0.0,0.0,0.0,nan,49.2299522039299,0.2655337227827934,0.0,1.0212260484695435,1.1823842525482178,49.2299522039299,0.2655337227827934,0.0,1.0212260484695435,1.1823842525482178,0.0,0.0,specimen_2__2025_04_10-16_08_53__Clip_1__start,valid,0.0,0.0,0.0,0.0,nan,1883
raw,specimen_2,2025_04_10-16_08_53,valid,direct_ps,specimen_2__2025_04_10-16_08_53__Clip_1__end,0.0,,,0.0,,0.0,0.0,0.0,0.0,0.0,nan,0.0,0.0,0.0,0.0,0.0,0.0,0.0,1744294158_406133651,0.0,1.0316556692123413,1.0316556692123413,0.0,,,0.0,,0.0,0.0,0.0,0.0,0.0,nan,58.842617631151974,0.0,0.0,1.0316556692123413,1.1728956699371338,58.842617631151974,0.0,0.0,1.0316556692123413,1.1728956699371338,0.0,0.0,specimen_2__2025_04_10-16_08_53__Clip_1__end,valid,0.0,0.0,0.0,0.0,nan,1849
raw,specimen_2,2025_04_10-16_08_53,valid,direct_ps,specimen_2__2025_04_10-16_08_53__Clip_2__start,0.0,,,0.0,,0.0,0.0,0.0,0.0,0.0,nan,0.0,0.0,0.0,0.0,0.0,0.0,0.0,1744294158_406133651,0.0,1.0316556692123413,1.0316556692123413,0.0,,,0.0,,0.0,0.0,0.0,0.0,0.0,nan,58.842617631151974,0.0,0.0,1.0316556692123413,1.1728956699371338,58.842617631151974,0.0,0.0,1.0316556692123413,1.1728956699371338,0.0,0.0,specimen_2__2025_04_10-16_08_53__Clip_2__start,valid,0.0,0.0,0.0,0.0,nan,1849
raw,specimen_2,2025_04_10-16_08_53,usable_with_warning,direct_ps,specimen_2__2025_04_10-16_08_53__Clip_2__end,0.0,,,0.0,,0.0,0.0,0.0,0.0,0.0,nan,0.0,0.0,0.0,0.0,0.0,0.0,0.0,1744294172_039264440,0.0,1.1772923469543457,1.1772923469543457,0.0,,,0.0,,0.0,0.0,0.0,0.0,0.0,nan,68.02631578947368,0.0,0.0,1.1772923469543457,1.2910116910934448,68.02631578947368,0.0,0.0,1.1772923469543457,1.2910116910934448,0.0,0.0,specimen_2__2025_04_10-16_08_53__Clip_2__end,usable_with_warning,0.0,0.0,0.0,0.0,nan,1520
raw,specimen_2,2025_04_10-16_08_53,usable_with_warning,direct_ps,specimen_2__2025_04_10-16_08_53__Clip_3__start,0.0,,,0.0,,0.0,0.0,0.0,0.0,0.0,nan,0.0,0.0,0.0,0.0,0.0,0.0,0.0,1744294172_039264440,0.0,1.1772923469543457,1.1772923469543457,0.0,,,0.0,,0.0,0.0,0.0,0.0,0.0,nan,68.02631578947368,0.0,0.0,1.1772923469543457,1.2910116910934448,68.02631578947368,0.0,0.0,1.1772923469543457,1.2910116910934448,0.0,0.0,specimen_2__2025_04_10-16_08_53__Clip_3__start,usable_with_warning,0.0,0.0,0.0,0.0,nan,1520
raw,specimen_2,2025_04_10-16_08_53,valid,direct_ps,specimen_2__2025_04_10-16_08_53__Clip_3__end,0.0,,,0.0,,0.0,0.0,0.0,0.0,0.0,nan,0.0,0.0,0.0,0.0,0.0,0.0,0.0,1744294190_338742733,0.0,1.0312992334365845,1.0312992334365845,0.0,,,0.0,,0.0,0.0,0.0,0.0,0.0,nan,40.02100840336135,0.0,0.0,1.0312992334365845,1.13595449924469,40.02100840336135,0.0,0.0,1.0312992334365845,1.13595449924469,0.0,0.0,specimen_2__2025_04_10-16_08_53__Clip_3__end,valid,0.0,0.0,0.0,0.0,nan,952
raw,specimen_2,2025_04_10-16_08_53,valid,direct_ps,specimen_2__2025_04_10-16_08_53__Clip_4__start,0.0,,,0.0,,0.0,0.0,0.0,0.0,0.0,nan,0.0,0.0,0.0,0.0,0.0,0.0,0.0,1744294190_338742733,0.0,1.0312992334365845,1.0312992334365845,0.0,,,0.0,,0.0,0.0,0.0,0.0,0.0,nan,40.02100840336135,0.0,0.0,1.0312992334365845,1.13595449924469,40.02100840336135,0.0,0.0,1.0312992334365845,1.13595449924469,0.0,0.0,specimen_2__2025_04_10-16_08_53__Clip_4__start,valid,0.0,0.0,0.0,0.0,nan,952
raw,specimen_2,2025_04_10-16_08_53,valid,direct_ps,specimen_2__2025_04_10-16_08_53__Clip_4__end,0.0,,,0.0,,0.0,0.0,0.0,0.0,0.0,nan,0.0,0.0,0.0,0.0,0.0,0.0,0.0,1744294204_338754653,0.0,0.44614270329475403,0.44614270329475403,0.0,,,0.0,,0.0,0.0,0.0,0.0,0.0,nan,5.449591280653951,5.449591280653951,2.17983651226158,0.44614270329475403,1.33162260055542,5.449591280653951,5.449591280653951,2.17983651226158,0.44614270329475403,1.33162260055542,0.0,0.0,specimen_2__2025_04_10-16_08_53__Clip_4__end,valid,0.0,0.0,0.0,0.0,nan,367
raw,specimen_2,2025_04_10-16_08_53,valid,direct_ps,specimen_2__2025_04_10-16_08_53__Clip_5__start,0.0,,,0.0,,0.0,0.0,0.0,0.0,0.0,nan,0.0,0.0,0.0,0.0,0.0,0.0,0.0,1744294204_338754653,0.0,0.44614270329475403,0.44614270329475403,0.0,,,0.0,,0.0,0.0,0.0,0.0,0.0,nan,5.449591280653951,5.449591280653951,2.17983651226158,0.44614270329475403,1.33162260055542,5.449591280653951,5.449591280653951,2.17983651226158,0.44614270329475403,1.33162260055542,0.0,0.0,specimen_2__2025_04_10-16_08_53__Clip_5__start,valid,0.0,0.0,0.0,0.0,nan,367
raw,specimen_3,2025_05_08-14_24_24,valid,direct_polaris,specimen_3__2025_05_08-14_24_24__Clip_1__start,0.0,,,0.0,,0.0,0.0,0.0,0.0,0.0,nan,0.0,0.0,0.0,0.0,0.0,0.0,0.0,1746707079_607564926,0.0,4.2794294357299805,4.2794294357299805,0.0,,,0.0,,0.0,0.0,0.0,0.0,0.0,nan,99.1304347826087,85.21739130434783,27.1304347826087,4.2794294357299805,4.4214887619018555,99.1304347826087,85.21739130434783,27.1304347826087,4.2794294357299805,4.4214887619018555,0.0,0.0,specimen_3__2025_05_08-14_24_24__Clip_1__start,valid,0.0,0.0,0.0,0.0,nan,575
raw,specimen_1,2025_03_06-17_36_19,valid,,specimen_1__2025_03_06-17_36_19__Clip_1__start,0.0,4.039843559265137,4.039843559265137,0.0,,0.0,0.0,0.0,0.0,0.0,nan,0.0,0.0,0.0,0.0,0.0,0.0,0.0,1741278986_751394987,0.0,2.371694803237915,2.371694803237915,0.0,,,0.0,,0.0,0.0,0.0,0.0,0.0,nan,66.42857142857143,33.57142857142857,13.214285714285715,2.4908483028411865,3.388979434967041,66.42857142857143,33.57142857142857,13.214285714285715,2.4908483028411865,3.388979434967041,0.0,0.0,specimen_1__2025_03_06-17_36_19__Clip_1__start,valid,0.0,0.0,0.0,0.0,nan,280
raw,specimen_1,2025_03_06-17_36_19,valid,,specimen_1__2025_03_06-17_36_19__Clip_1__end,0.0,6.50390625,6.50390625,0.0,,0.0,0.0,0.0,0.0,0.0,nan,0.0,0.0,0.0,0.0,0.0,0.0,0.0,1741278996_409678220,0.0,1.9708125591278076,1.9708125591278076,0.0,,,0.0,,0.0,0.0,0.0,0.0,0.0,nan,66.14173228346458,22.440944881889763,5.118110236220472,2.0421998500823975,2.570383310317993,66.14173228346458,22.440944881889763,5.118110236220472,2.0421998500823975,2.570383310317993,0.0,0.0,specimen_1__2025_03_06-17_36_19__Clip_1__end,valid,0.0,0.0,0.0,0.0,nan,254
raw,specimen_1,2025_03_06-17_36_19,valid,,specimen_1__2025_03_06-17_36_19__Clip_2__start,0.0,6.50390625,6.50390625,0.0,,0.0,0.0,0.0,0.0,0.0,nan,0.0,0.0,0.0,0.0,0.0,0.0,0.0,1741278996_409678220,0.0,1.9708125591278076,1.9708125591278076,0.0,,,0.0,,0.0,0.0,0.0,0.0,0.0,nan,66.14173228346458,22.440944881889763,5.118110236220472,2.0421998500823975,2.570383310317993,66.14173228346458,22.440944881889763,5.118110236220472,2.0421998500823975,2.570383310317993,0.0,0.0,specimen_1__2025_03_06-17_36_19__Clip_2__start,valid,0.0,0.0,0.0,0.0,nan,254
raw,specimen_1,2025_03_06-17_36_19,valid,,specimen_1__2025_03_06-17_36_19__Clip_2__end,0.0,0.25,0.25,0.0,,0.0,0.0,0.0,0.0,0.0,nan,0.0,0.0,0.0,0.0,0.0,0.0,0.0,1741279006_770105361,0.0,2.4354424476623535,2.4354424476623535,0.0,,,0.0,,0.0,0.0,0.0,0.0,0.0,nan,64.34426229508196,32.37704918032787,13.934426229508196,2.426485538482666,3.2671542167663574,64.34426229508196,32.37704918032787,13.934426229508196,2.426485538482666,3.2671542167663574,0.0,0.0,specimen_1__2025_03_06-17_36_19__Clip_2__end,valid,0.0,0.0,0.0,0.0,nan,244
raw,specimen_1,2025_03_06-17_36_19,valid,,specimen_1__2025_03_06-17_36_19__Clip_3__start,0.0,0.25,0.25,0.0,,0.0,0.0,0.0,0.0,0.0,nan,0.0,0.0,0.0,0.0,0.0,0.0,0.0,1741279006_770105361,0.0,2.4354424476623535,2.4354424476623535,0.0,,,0.0,,0.0,0.0,0.0,0.0,0.0,nan,64.34426229508196,32.37704918032787,13.934426229508196,2.426485538482666,3.2671542167663574,64.34426229508196,32.37704918032787,13.934426229508196,2.426485538482666,3.2671542167663574,0.0,0.0,specimen_1__2025_03_06-17_36_19__Clip_3__start,valid,0.0,0.0,0.0,0.0,nan,244
raw,specimen_1,2025_03_06-17_36_19,valid,,specimen_1__2025_03_06-17_36_19__Clip_3__end,0.0,5.176339149475098,5.176339149475098,0.0,,0.0,0.0,0.0,0.0,0.0,nan,0.0,0.0,0.0,0.0,0.0,0.0,0.0,1741279020_417998790,0.0,2.517305850982666,2.517305850982666,0.0,,,0.0,,0.0,0.0,0.0,0.0,0.0,nan,72.09302325581395,38.372093023255815,14.34108527131783,2.5894501209259033,3.2861039638519287,72.09302325581395,38.372093023255815,14.34108527131783,2.5894501209259033,3.2861039638519287,0.0,0.0,specimen_1__2025_03_06-17_36_19__Clip_3__end,valid,0.0,0.0,0.0,0.0,nan,258
raw,specimen_1,2025_03_06-17_36_19,valid,,specimen_1__2025_03_06-17_36_19__Clip_4__start,0.0,5.176339149475098,5.176339149475098,0.0,,0.0,0.0,0.0,0.0,0.0,nan,0.0,0.0,0.0,0.0,0.0,0.0,0.0,1741279020_417998790,0.0,2.517305850982666,2.517305850982666,0.0,,,0.0,,0.0,0.0,0.0,0.0,0.0,nan,72.09302325581395,38.372093023255815,14.34108527131783,2.5894501209259033,3.2861039638519287,72.09302325581395,38.372093023255815,14.34108527131783,2.5894501209259033,3.2861039638519287,0.0,0.0,specimen_1__2025_03_06-17_36_19__Clip_4__start,valid,0.0,0.0,0.0,0.0,nan,258
raw,specimen_3,2025_05_08-14_36_52,valid,direct_ps,specimen_3__2025_05_08-14_36_52__Clip_1__start,0.0,42.34375,42.34375,0.0,,0.0,0.0,0.0,0.0,0.0,nan,0.0,0.0,0.0,0.0,0.0,0.0,0.0,1746707818_207958698,0.0,2.614717960357666,2.614717960357666,0.0,,,0.0,,0.0,0.0,0.0,0.0,0.0,nan,100.0,4.365079365079365,1.1904761904761905,2.693545341491699,3.2544243335723877,100.0,4.365079365079365,1.1904761904761905,2.693545341491699,3.2544243335723877,0.0,0.0,specimen_3__2025_05_08-14_36_52__Clip_1__start,valid,0.0,0.0,0.0,0.0,nan,504
raw,specimen_3,2025_05_08-14_38_08,valid,direct_ps,specimen_3__2025_05_08-14_38_08__Clip_1__start,0.0,12.814453125,12.814453125,0.0,,0.0,0.0,0.0,0.0,0.0,nan,0.0,0.0,0.0,0.0,0.0,0.0,0.0,1746707894_239512681,0.0,5.962106227874756,5.962106227874756,0.0,,,0.0,,0.0,0.0,0.0,0.0,0.0,nan,99.92498124531133,70.36759189797449,25.581395348837212,6.0443549156188965,8.762868881225586,99.92498124531133,70.36759189797449,25.581395348837212,6.0443549156188965,8.762868881225586,0.0,0.0,specimen_3__2025_05_08-14_38_08__Clip_1__start,valid,0.0,0.0,0.0,0.0,nan,1333
raw,specimen_3,2025_05_08-14_33_16,valid,direct_ps,specimen_3__2025_05_08-14_33_16__Clip_1__start,0.0,18.640625,18.640625,0.0,,0.0,0.0,0.0,0.0,0.0,nan,0.0,0.0,0.0,0.0,0.0,0.0,0.0,1746707602_408067703,0.0,4.860665321350098,4.860665321350098,0.0,,,0.0,,0.0,0.0,0.0,0.0,0.0,nan,99.09909909909909,45.94594594594595,37.83783783783784,5.108952522277832,7.29547643661499,99.09909909909909,45.94594594594595,37.83783783783784,5.108952522277832,7.29547643661499,0.0,0.0,specimen_3__2025_05_08-14_33_16__Clip_1__start,valid,0.0,0.0,0.0,0.0,nan,111
raw,specimen_3,2025_05_08-14_33_16,valid,direct_ps,specimen_3__2025_05_08-14_33_16__Clip_1__end,0.0,6.501420497894287,6.501420497894287,0.0,,0.0,0.0,0.0,0.0,0.0,nan,0.0,0.0,0.0,0.0,0.0,0.0,0.0,1746707628_974280118,0.0,6.755802154541016,6.755802154541016,0.0,,,0.0,,0.0,0.0,0.0,0.0,0.0,nan,99.48186528497409,83.16062176165802,63.98963730569949,6.726805210113525,7.583752632141113,99.48186528497409,83.16062176165802,63.98963730569949,6.726805210113525,7.583752632141113,0.0,0.0,specimen_3__2025_05_08-14_33_16__Clip_1__end,valid,0.0,0.0,0.0,0.0,nan,386
raw,specimen_2,2025_04_10-16_19_14,valid,direct_ps,specimen_2__2025_04_10-16_19_14__Clip_1__start,0.0,,,0.0,,0.0,0.0,0.0,0.0,0.0,nan,0.0,0.0,0.0,0.0,0.0,0.0,0.0,1744294760_606107473,0.0,0.8415178656578064,0.8415178656578064,0.0,,,0.0,,0.0,0.0,0.0,0.0,0.0,nan,28.57142857142857,0.0,0.0,0.8415178656578064,1.029710054397583,28.57142857142857,0.0,0.0,0.8415178656578064,1.029710054397583,0.0,0.0,specimen_2__2025_04_10-16_19_14__Clip_1__start,valid,0.0,0.0,0.0,0.0,nan,7
raw,specimen_2,2025_04_10-16_19_14,valid,direct_ps,specimen_2__2025_04_10-16_19_14__Clip_1__end,0.0,,,0.0,,0.0,0.0,0.0,0.0,0.0,nan,0.0,0.0,0.0,0.0,0.0,0.0,0.0,1744294778_271383523,0.0,0.4973958432674408,0.4973958432674408,0.0,,,0.0,,0.0,0.0,0.0,0.0,0.0,nan,0.0,0.0,0.0,0.4973958432674408,0.5556586384773254,0.0,0.0,0.0,0.4973958432674408,0.5556586384773254,0.0,0.0,specimen_2__2025_04_10-16_19_14__Clip_1__end,valid,0.0,0.0,0.0,0.0,nan,12
raw,specimen_2,2025_04_10-16_19_14,valid,direct_ps,specimen_2__2025_04_10-16_19_14__Clip_2__start,0.0,,,0.0,,0.0,0.0,0.0,0.0,0.0,nan,0.0,0.0,0.0,0.0,0.0,0.0,0.0,1744294778_271383523,0.0,0.4973958432674408,0.4973958432674408,0.0,,,0.0,,0.0,0.0,0.0,0.0,0.0,nan,0.0,0.0,0.0,0.4973958432674408,0.5556586384773254,0.0,0.0,0.0,0.4973958432674408,0.5556586384773254,0.0,0.0,specimen_2__2025_04_10-16_19_14__Clip_2__start,valid,0.0,0.0,0.0,0.0,nan,12
raw,specimen_2,2025_04_10-16_19_14,valid,direct_ps,specimen_2__2025_04_10-16_19_14__Clip_2__end,0.0,,,0.0,,0.0,0.0,0.0,0.0,0.0,nan,0.0,0.0,0.0,0.0,0.0,0.0,0.0,1744294793_739244699,0.0,0.6006944179534912,0.6006944179534912,0.0,,,0.0,,0.0,0.0,0.0,0.0,0.0,nan,11.11111111111111,0.0,0.0,0.6006944179534912,0.7938908338546753,11.11111111111111,0.0,0.0,0.6006944179534912,0.7938908338546753,0.0,0.0,specimen_2__2025_04_10-16_19_14__Clip_2__end,valid,0.0,0.0,0.0,0.0,nan,18
raw,specimen_2,2025_04_10-16_19_14,valid,direct_ps,specimen_2__2025_04_10-16_19_14__Clip_3__start,0.0,,,0.0,,0.0,0.0,0.0,0.0,0.0,nan,0.0,0.0,0.0,0.0,0.0,0.0,0.0,1744294793_739244699,0.0,0.6006944179534912,0.6006944179534912,0.0,,,0.0,,0.0,0.0,0.0,0.0,0.0,nan,11.11111111111111,0.0,0.0,0.6006944179534912,0.7938908338546753,11.11111111111111,0.0,0.0,0.6006944179534912,0.7938908338546753,0.0,0.0,specimen_2__2025_04_10-16_19_14__Clip_3__start,valid,0.0,0.0,0.0,0.0,nan,18
raw,specimen_2,2025_04_10-16_19_14,valid,direct_ps,specimen_2__2025_04_10-16_19_14__Clip_3__end,0.0,0.828125,0.828125,0.0,,0.0,0.0,0.0,0.0,0.0,nan,0.0,0.0,0.0,0.0,0.0,0.0,0.0,1744294808_039081096,0.0,0.9309895634651184,0.9309895634651184,0.0,,,0.0,,0.0,0.0,0.0,0.0,0.0,nan,15.384615384615385,7.6923076923076925,7.6923076923076925,0.9230769276618958,1.7469711303710938,15.384615384615385,7.6923076923076925,7.6923076923076925,0.9230769276618958,1.7469711303710938,0.0,0.0,specimen_2__2025_04_10-16_19_14__Clip_3__end,valid,0.0,0.0,0.0,0.0,nan,13
raw,specimen_2,2025_04_10-16_19_14,valid,direct_ps,specimen_2__2025_04_10-16_19_14__Clip_4__start,0.0,0.828125,0.828125,0.0,,0.0,0.0,0.0,0.0,0.0,nan,0.0,0.0,0.0,0.0,0.0,0.0,0.0,1744294808_039081096,0.0,0.9309895634651184,0.9309895634651184,0.0,,,0.0,,0.0,0.0,0.0,0.0,0.0,nan,15.384615384615385,7.6923076923076925,7.6923076923076925,0.9230769276618958,1.7469711303710938,15.384615384615385,7.6923076923076925,7.6923076923076925,0.9230769276618958,1.7469711303710938,0.0,0.0,specimen_2__2025_04_10-16_19_14__Clip_4__start,valid,0.0,0.0,0.0,0.0,nan,13
raw,specimen_2,2025_04_10-16_19_14,valid,direct_ps,specimen_2__2025_04_10-16_19_14__Clip_4__end,0.0,,,0.0,,0.0,0.0,0.0,0.0,0.0,nan,0.0,0.0,0.0,0.0,0.0,0.0,0.0,1744294819_472425222,0.0,0.9866071343421936,0.9866071343421936,0.0,,,0.0,,0.0,0.0,0.0,0.0,0.0,nan,57.14285714285714,0.0,0.0,0.9866071343421936,1.0184712409973145,57.14285714285714,0.0,0.0,0.9866071343421936,1.0184712409973145,0.0,0.0,specimen_2__2025_04_10-16_19_14__Clip_4__end,valid,0.0,0.0,0.0,0.0,nan,14
raw,specimen_2,2025_04_10-16_19_14,valid,direct_ps,specimen_2__2025_04_10-16_19_14__Clip_5__start,0.0,,,0.0,,0.0,0.0,0.0,0.0,0.0,nan,0.0,0.0,0.0,0.0,0.0,0.0,0.0,1744294819_472425222,0.0,0.9866071343421936,0.9866071343421936,0.0,,,0.0,,0.0,0.0,0.0,0.0,0.0,nan,57.14285714285714,0.0,0.0,0.9866071343421936,1.0184712409973145,57.14285714285714,0.0,0.0,0.9866071343421936,1.0184712409973145,0.0,0.0,specimen_2__2025_04_10-16_19_14__Clip_5__start,valid,0.0,0.0,0.0,0.0,nan,14
raw,specimen_2,2025_04_10-16_19_14,valid,direct_ps,specimen_2__2025_04_10-16_19_14__Clip_5__end,0.0,,,0.0,,0.0,0.0,0.0,0.0,0.0,nan,0.0,0.0,0.0,0.0,0.0,0.0,0.0,1744294833_172259569,0.0,0.7354166507720947,0.7354166507720947,0.0,,,0.0,,0.0,0.0,0.0,0.0,0.0,nan,20.0,0.0,0.0,0.7354166507720947,0.9846147298812866,20.0,0.0,0.0,0.7354166507720947,0.9846147298812866,0.0,0.0,specimen_2__2025_04_10-16_19_14__Clip_5__end,valid,0.0,0.0,0.0,0.0,nan,15
raw,specimen_3,2025_05_08-14_49_00,valid,direct_ps,specimen_3__2025_05_08-14_49_00__Clip_1__start,,,,,,,,,,,,,,,,,,,1746708547_674401521,,,,,,,,,,,,,,,,,,,,,,,,,,0.0,specimen_3__2025_05_08-14_49_00__Clip_1__start,valid,,,,,,0
raw,specimen_3,2025_05_08-14_49_00,valid,direct_ps,specimen_3__2025_05_08-14_49_00__Clip_1__end,0.0,,,0.0,,0.0,0.0,0.0,0.0,0.0,nan,0.0,0.0,0.0,0.0,0.0,0.0,0.0,1746708572_640835762,0.0,1.203125,1.203125,0.0,,,0.0,,0.0,0.0,0.0,0.0,0.0,nan,66.66666666666666,0.0,0.0,1.203125,1.3161531686782837,66.66666666666666,0.0,0.0,1.203125,1.3161531686782837,0.0,0.0,specimen_3__2025_05_08-14_49_00__Clip_1__end,valid,0.0,0.0,0.0,0.0,nan,6
raw,specimen_3,2025_05_08-14_52_45,valid,direct_ps,specimen_3__2025_05_08-14_52_45__Clip_1__start,,,,,,,,,,,,,,,,,,,1746708771_572831630,,,,,,,,,,,,,,,,,,,,,,,,,,0.0,specimen_3__2025_05_08-14_52_45__Clip_1__start,valid,,,,,,0
raw,specimen_2,2025_04_10-16_33_49,valid,direct_ps,specimen_2__2025_04_10-16_33_49__Clip_1__end,,,,,,,,,,,,,,,,,,,1744295654_972905158,,,,,,,,,,,,,,,,,,,,,,,,,,0.0,specimen_2__2025_04_10-16_33_49__Clip_1__end,valid,,,,,,0
raw,specimen_2,2025_04_10-16_33_49,valid,direct_ps,specimen_2__2025_04_10-16_33_49__Clip_2__start,,,,,,,,,,,,,,,,,,,1744295654_972905158,,,,,,,,,,,,,,,,,,,,,,,,,,0.0,specimen_2__2025_04_10-16_33_49__Clip_2__start,valid,,,,,,0
raw,specimen_2,2025_04_10-16_33_49,valid,direct_ps,specimen_2__2025_04_10-16_33_49__Clip_2__end,,,,,,,,,,,,,,,,,,,1744295670_139412641,,,,,,,,,,,,,,,,,,,,,,,,,,0.0,specimen_2__2025_04_10-16_33_49__Clip_2__end,valid,,,,,,0
raw,specimen_2,2025_04_10-16_33_49,valid,direct_ps,specimen_2__2025_04_10-16_33_49__Clip_3__start,,,,,,,,,,,,,,,,,,,1744295670_139412641,,,,,,,,,,,,,,,,,,,,,,,,,,0.0,specimen_2__2025_04_10-16_33_49__Clip_3__start,valid,,,,,,0
raw,specimen_2,2025_04_10-16_33_49,valid,direct_ps,specimen_2__2025_04_10-16_33_49__Clip_3__end,,,,,,,,,,,,,,,,,,,1744295685_039219856,,,,,,,,,,,,,,,,,,,,,,,,,,0.0,specimen_2__2025_04_10-16_33_49__Clip_3__end,valid,,,,,,0
raw,specimen_2,2025_04_10-16_33_49,valid,direct_ps,specimen_2__2025_04_10-16_33_49__Clip_4__start,,,,,,,,,,,,,,,,,,,1744295685_039219856,,,,,,,,,,,,,,,,,,,,,,,,,,0.0,specimen_2__2025_04_10-16_33_49__Clip_4__start,valid,,,,,,0
raw,specimen_3,2025_05_08-14_27_51,valid,direct_polaris,specimen_3__2025_05_08-14_27_51__Clip_1__start,0.0,16.44318199157715,16.44318199157715,0.0,,0.0,0.0,0.0,0.0,0.0,nan,0.0,0.0,0.0,0.0,0.0,0.0,0.0,1746707276_907970428,0.0,4.268482685089111,4.268482685089111,0.0,,,0.0,,0.0,0.0,0.0,0.0,0.0,nan,96.30872483221476,84.22818791946308,33.557046979865774,4.493183612823486,5.962998390197754,96.30872483221476,84.22818791946308,33.557046979865774,4.493183612823486,5.962998390197754,0.0,0.0,specimen_3__2025_05_08-14_27_51__Clip_1__start,valid,0.0,0.0,0.0,0.0,nan,596
raw,specimen_3,2025_05_08-14_27_51,valid,direct_polaris,specimen_3__2025_05_08-14_27_51__Clip_1__end,0.0,,,0.0,,0.0,0.0,0.0,0.0,0.0,nan,0.0,0.0,0.0,0.0,0.0,0.0,0.0,1746707293_306623220,0.0,4.624232769012451,4.624232769012451,0.0,,,0.0,,0.0,0.0,0.0,0.0,0.0,nan,99.10714285714286,87.72321428571429,40.17857142857143,4.624232769012451,4.809813022613525,99.10714285714286,87.72321428571429,40.17857142857143,4.624232769012451,4.809813022613525,0.0,0.0,specimen_3__2025_05_08-14_27_51__Clip_1__end,valid,0.0,0.0,0.0,0.0,nan,448
raw,specimen_3,2025_05_08-14_27_51,valid,direct_polaris,specimen_3__2025_05_08-14_27_51__Clip_2__start,0.0,,,0.0,,0.0,0.0,0.0,0.0,0.0,nan,0.0,0.0,0.0,0.0,0.0,0.0,0.0,1746707293_306623220,0.0,4.624232769012451,4.624232769012451,0.0,,,0.0,,0.0,0.0,0.0,0.0,0.0,nan,99.10714285714286,87.72321428571429,40.17857142857143,4.624232769012451,4.809813022613525,99.10714285714286,87.72321428571429,40.17857142857143,4.624232769012451,4.809813022613525,0.0,0.0,specimen_3__2025_05_08-14_27_51__Clip_2__start,valid,0.0,0.0,0.0,0.0,nan,448
raw,specimen_3,2025_05_08-14_27_51,valid,direct_polaris,specimen_3__2025_05_08-14_27_51__Clip_2__end,0.0,39.11458206176758,39.11458206176758,0.0,,0.0,0.0,0.0,0.0,0.0,nan,0.0,0.0,0.0,0.0,0.0,0.0,0.0,1746707310_007738113,0.0,4.736559867858887,4.736559867858887,0.0,,,0.0,,0.0,0.0,0.0,0.0,0.0,nan,96.78030303030303,85.98484848484848,37.121212121212125,5.1272196769714355,8.63361930847168,96.78030303030303,85.98484848484848,37.121212121212125,5.1272196769714355,8.63361930847168,0.0,0.0,specimen_3__2025_05_08-14_27_51__Clip_2__end,valid,0.0,0.0,0.0,0.0,nan,528
raw,specimen_3,2025_05_08-14_27_51,valid,direct_polaris,specimen_3__2025_05_08-14_27_51__Clip_3__start,0.0,39.11458206176758,39.11458206176758,0.0,,0.0,0.0,0.0,0.0,0.0,nan,0.0,0.0,0.0,0.0,0.0,0.0,0.0,1746707310_007738113,0.0,4.736559867858887,4.736559867858887,0.0,,,0.0,,0.0,0.0,0.0,0.0,0.0,nan,96.78030303030303,85.98484848484848,37.121212121212125,5.1272196769714355,8.63361930847168,96.78030303030303,85.98484848484848,37.121212121212125,5.1272196769714355,8.63361930847168,0.0,0.0,specimen_3__2025_05_08-14_27_51__Clip_3__start,valid,0.0,0.0,0.0,0.0,nan,528
raw,specimen_3,2025_05_08-14_27_51,valid,direct_polaris,specimen_3__2025_05_08-14_27_51__Clip_3__end,0.0,59.37586975097656,59.37586975097656,0.0,,0.0,0.0,0.0,0.0,0.0,nan,0.0,0.0,0.0,0.0,0.0,0.0,0.0,1746707324_174072980,0.0,8.422568321228027,8.422568321228027,0.0,,,0.0,,0.0,0.0,0.0,0.0,0.0,nan,95.52238805970148,80.59701492537313,55.010660980810236,10.378131866455078,22.352333068847656,95.52238805970148,80.59701492537313,55.010660980810236,10.378131866455078,22.352333068847656,0.0,0.0,specimen_3__2025_05_08-14_27_51__Clip_3__end,valid,0.0,0.0,0.0,0.0,nan,469
raw,specimen_3,2025_05_08-14_27_51,valid,direct_polaris,specimen_3__2025_05_08-14_27_51__Clip_4__start,0.0,59.37586975097656,59.37586975097656,0.0,,0.0,0.0,0.0,0.0,0.0,nan,0.0,0.0,0.0,0.0,0.0,0.0,0.0,1746707324_174072980,0.0,8.422568321228027,8.422568321228027,0.0,,,0.0,,0.0,0.0,0.0,0.0,0.0,nan,95.52238805970148,80.59701492537313,55.010660980810236,10.378131866455078,22.352333068847656,95.52238805970148,80.59701492537313,55.010660980810236,10.378131866455078,22.352333068847656,0.0,0.0,specimen_3__2025_05_08-14_27_51__Clip_4__start,valid,0.0,0.0,0.0,0.0,nan,469
raw,specimen_3,2025_05_08-14_27_51,valid,direct_polaris,specimen_3__2025_05_08-14_27_51__Clip_4__end,0.0,67.55728912353516,67.55728912353516,0.0,,0.0,0.0,0.0,0.0,0.0,nan,0.0,0.0,0.0,0.0,0.0,0.0,0.0,1746707335_507338523,0.0,15.308920860290527,15.308920860290527,0.0,,,0.0,,0.0,0.0,0.0,0.0,0.0,nan,91.26819126819127,82.74428274428274,44.07484407484408,18.24178123474121,36.43361282348633,91.26819126819127,82.74428274428274,44.07484407484408,18.24178123474121,36.43361282348633,0.0,0.0,specimen_3__2025_05_08-14_27_51__Clip_4__end,valid,0.0,0.0,0.0,0.0,nan,481
raw,specimen_3,2025_05_08-14_27_51,valid,direct_polaris,specimen_3__2025_05_08-14_27_51__Clip_5__start,0.0,67.55728912353516,67.55728912353516,0.0,,0.0,0.0,0.0,0.0,0.0,nan,0.0,0.0,0.0,0.0,0.0,0.0,0.0,1746707335_507338523,0.0,15.308920860290527,15.308920860290527,0.0,,,0.0,,0.0,0.0,0.0,0.0,0.0,nan,91.26819126819127,82.74428274428274,44.07484407484408,18.24178123474121,36.43361282348633,91.26819126819127,82.74428274428274,44.07484407484408,18.24178123474121,36.43361282348633,0.0,0.0,specimen_3__2025_05_08-14_27_51__Clip_5__start,valid,0.0,0.0,0.0,0.0,nan,481
raw,specimen_3,2025_05_08-14_27_51,valid,direct_polaris,specimen_3__2025_05_08-14_27_51__Clip_5__end,0.0,55.6796875,55.6796875,0.0,,0.0,0.0,0.0,0.0,0.0,nan,0.0,0.0,0.0,0.0,0.0,0.0,0.0,1746707350_574324131,0.0,30.637805938720703,30.637805938720703,0.0,,,0.0,,0.0,0.0,0.0,0.0,0.0,nan,94.91525423728814,81.84019370460048,57.6271186440678,31.486682891845703,48.64088439941406,94.91525423728814,81.84019370460048,57.6271186440678,31.486682891845703,48.64088439941406,0.0,0.0,specimen_3__2025_05_08-14_27_51__Clip_5__end,valid,0.0,0.0,0.0,0.0,nan,413
raw,specimen_3,2025_05_08-14_27_51,valid,direct_polaris,specimen_3__2025_05_08-14_27_51__Clip_6__start,0.0,55.6796875,55.6796875,0.0,,0.0,0.0,0.0,0.0,0.0,nan,0.0,0.0,0.0,0.0,0.0,0.0,0.0,1746707350_574324131,0.0,30.637805938720703,30.637805938720703,0.0,,,0.0,,0.0,0.0,0.0,0.0,0.0,nan,94.91525423728814,81.84019370460048,57.6271186440678,31.486682891845703,48.64088439941406,94.91525423728814,81.84019370460048,57.6271186440678,31.486682891845703,48.64088439941406,0.0,0.0,specimen_3__2025_05_08-14_27_51__Clip_6__start,valid,0.0,0.0,0.0,0.0,nan,413
raw,specimen_3,2025_05_08-14_27_51,valid,direct_polaris,specimen_3__2025_05_08-14_27_51__Clip_6__end,0.0,53.39522171020508,53.39522171020508,0.0,,0.0,0.0,0.0,0.0,0.0,nan,0.0,0.0,0.0,0.0,0.0,0.0,0.0,1746707366_407700300,0.0,48.326454162597656,48.326454162597656,0.0,,,0.0,,0.0,0.0,0.0,0.0,0.0,nan,94.25675675675676,88.51351351351352,76.35135135135135,48.9086799621582,62.57197570800781,94.25675675675676,88.51351351351352,76.35135135135135,48.9086799621582,62.57197570800781,0.0,0.0,specimen_3__2025_05_08-14_27_51__Clip_6__end,valid,0.0,0.0,0.0,0.0,nan,296
raw,specimen_3,2025_05_08-14_34_16,valid,direct_ps,specimen_3__2025_05_08-14_34_16__Clip_1__start,0.0,3.28125,3.28125,0.0,,0.0,0.0,0.0,0.0,0.0,nan,0.0,0.0,0.0,0.0,0.0,0.0,0.0,1746707662_208505630,0.0,6.282327651977539,6.282327651977539,0.0,,,0.0,,0.0,0.0,0.0,0.0,0.0,nan,100.0,82.95454545454545,55.68181818181818,6.248224258422852,7.0356669425964355,100.0,82.95454545454545,55.68181818181818,6.248224258422852,7.0356669425964355,0.0,0.0,specimen_3__2025_05_08-14_34_16__Clip_1__start,valid,0.0,0.0,0.0,0.0,nan,88
raw,specimen_3,2025_05_08-14_34_16,valid,direct_ps,specimen_3__2025_05_08-14_34_16__Clip_1__end,0.0,4.674107074737549,4.674107074737549,0.0,,0.0,0.0,0.0,0.0,0.0,nan,0.0,0.0,0.0,0.0,0.0,0.0,0.0,1746707686_174271583,0.0,4.868837833404541,4.868837833404541,0.0,,,0.0,,0.0,0.0,0.0,0.0,0.0,nan,90.60402684563759,59.73154362416108,46.97986577181208,4.859689712524414,6.514986515045166,90.60402684563759,59.73154362416108,46.97986577181208,4.859689712524414,6.514986515045166,0.0,0.0,specimen_3__2025_05_08-14_34_16__Clip_1__end,valid,0.0,0.0,0.0,0.0,nan,149
raw,specimen_3,2025_05_08-14_34_16,valid,direct_ps,specimen_3__2025_05_08-14_34_16__Clip_2__start,0.0,4.674107074737549,4.674107074737549,0.0,,0.0,0.0,0.0,0.0,0.0,nan,0.0,0.0,0.0,0.0,0.0,0.0,0.0,1746707686_174271583,0.0,4.868837833404541,4.868837833404541,0.0,,,0.0,,0.0,0.0,0.0,0.0,0.0,nan,90.60402684563759,59.73154362416108,46.97986577181208,4.859689712524414,6.514986515045166,90.60402684563759,59.73154362416108,46.97986577181208,4.859689712524414,6.514986515045166,0.0,0.0,specimen_3__2025_05_08-14_34_16__Clip_2__start,valid,0.0,0.0,0.0,0.0,nan,149
raw,specimen_3,2025_05_08-14_34_16,valid,direct_ps,specimen_3__2025_05_08-14_34_16__Clip_2__end,0.0,6.789473533630371,6.789473533630371,0.0,,0.0,0.0,0.0,0.0,0.0,nan,0.0,0.0,0.0,0.0,0.0,0.0,0.0,1746707699_807956218,0.0,5.565582275390625,5.565582275390625,0.0,,,0.0,,0.0,0.0,0.0,0.0,0.0,nan,99.3975903614458,79.51807228915662,66.86746987951807,5.705666542053223,6.152753829956055,99.3975903614458,79.51807228915662,66.86746987951807,5.705666542053223,6.152753829956055,0.0,0.0,specimen_3__2025_05_08-14_34_16__Clip_2__end,valid,0.0,0.0,0.0,0.0,nan,166
raw,specimen_3,2025_05_08-14_34_16,valid,direct_ps,specimen_3__2025_05_08-14_34_16__Clip_3__start,0.0,6.789473533630371,6.789473533630371,0.0,,0.0,0.0,0.0,0.0,0.0,nan,0.0,0.0,0.0,0.0,0.0,0.0,0.0,1746707699_807956218,0.0,5.565582275390625,5.565582275390625,0.0,,,0.0,,0.0,0.0,0.0,0.0,0.0,nan,99.3975903614458,79.51807228915662,66.86746987951807,5.705666542053223,6.152753829956055,99.3975903614458,79.51807228915662,66.86746987951807,5.705666542053223,6.152753829956055,0.0,0.0,specimen_3__2025_05_08-14_34_16__Clip_3__start,valid,0.0,0.0,0.0,0.0,nan,166
raw,specimen_3,2025_05_08-14_34_16,valid,direct_ps,specimen_3__2025_05_08-14_34_16__Clip_3__end,0.0,7.601973533630371,7.601973533630371,0.0,,0.0,0.0,0.0,0.0,0.0,nan,0.0,0.0,0.0,0.0,0.0,0.0,0.0,1746707711_741147756,0.0,8.282964706420898,8.282964706420898,0.0,,,0.0,,0.0,0.0,0.0,0.0,0.0,nan,98.36065573770492,85.79234972677595,80.32786885245902,8.212261199951172,9.193474769592285,98.36065573770492,85.79234972677595,80.32786885245902,8.212261199951172,9.193474769592285,0.0,0.0,specimen_3__2025_05_08-14_34_16__Clip_3__end,valid,0.0,0.0,0.0,0.0,nan,183
raw,specimen_3,2025_05_08-14_34_16,valid,direct_ps,specimen_3__2025_05_08-14_34_16__Clip_4__start,0.0,7.601973533630371,7.601973533630371,0.0,,0.0,0.0,0.0,0.0,0.0,nan,0.0,0.0,0.0,0.0,0.0,0.0,0.0,1746707711_741147756,0.0,8.282964706420898,8.282964706420898,0.0,,,0.0,,0.0,0.0,0.0,0.0,0.0,nan,98.36065573770492,85.79234972677595,80.32786885245902,8.212261199951172,9.193474769592285,98.36065573770492,85.79234972677595,80.32786885245902,8.212261199951172,9.193474769592285,0.0,0.0,specimen_3__2025_05_08-14_34_16__Clip_4__start,valid,0.0,0.0,0.0,0.0,nan,183
raw,specimen_3,2025_05_08-14_34_16,valid,direct_ps,specimen_3__2025_05_08-14_34_16__Clip_4__end,0.0,6.394608020782471,6.394608020782471,0.0,,0.0,0.0,0.0,0.0,0.0,nan,0.0,0.0,0.0,0.0,0.0,0.0,0.0,1746707727_174034118,0.0,9.356880187988281,9.356880187988281,0.0,,,0.0,,0.0,0.0,0.0,0.0,0.0,nan,96.08355091383812,86.42297650130548,75.97911227154047,8.96242618560791,10.162479400634766,96.08355091383812,86.42297650130548,75.97911227154047,8.96242618560791,10.162479400634766,0.0,0.0,specimen_3__2025_05_08-14_34_16__Clip_4__end,valid,0.0,0.0,0.0,0.0,nan,383
raw,specimen_3,2025_05_08-14_34_16,valid,direct_ps,specimen_3__2025_05_08-14_34_16__Clip_5__start,0.0,6.394608020782471,6.394608020782471,0.0,,0.0,0.0,0.0,0.0,0.0,nan,0.0,0.0,0.0,0.0,0.0,0.0,0.0,1746707727_174034118,0.0,9.356880187988281,9.356880187988281,0.0,,,0.0,,0.0,0.0,0.0,0.0,0.0,nan,96.08355091383812,86.42297650130548,75.97911227154047,8.96242618560791,10.162479400634766,96.08355091383812,86.42297650130548,75.97911227154047,8.96242618560791,10.162479400634766,0.0,0.0,specimen_3__2025_05_08-14_34_16__Clip_5__start,valid,0.0,0.0,0.0,0.0,nan,383
raw,specimen_3,2025_05_08-14_34_16,valid,direct_ps,specimen_3__2025_05_08-14_34_16__Clip_5__end,0.0,5.726128578186035,5.726128578186035,0.0,,0.0,0.0,0.0,0.0,0.0,nan,0.0,0.0,0.0,0.0,0.0,0.0,0.0,1746707740_506348848,0.0,6.319047927856445,6.319047927856445,0.0,,,0.0,,0.0,0.0,0.0,0.0,0.0,nan,92.14659685863874,71.20418848167539,54.45026178010471,6.2631707191467285,8.146071434020996,92.14659685863874,71.20418848167539,54.45026178010471,6.2631707191467285,8.146071434020996,0.0,0.0,specimen_3__2025_05_08-14_34_16__Clip_5__end,valid,0.0,0.0,0.0,0.0,nan,382
raw,specimen_3,2025_05_08-14_39_50,valid,direct_ps,specimen_3__2025_05_08-14_39_50__Clip_1__start,,,,,,,,,,,,,,,,,,,1746707996_207382202,,,,,,,,,,,,,,,,,,,,,,,,,,0.0,specimen_3__2025_05_08-14_39_50__Clip_1__start,valid,,,,,,0
raw,specimen_3,2025_05_08-14_39_50,valid,direct_ps,specimen_3__2025_05_08-14_39_50__Clip_1__end,,,,,,,,,,,,,,,,,,,1746708013_540880203,,,,,,,,,,,,,,,,,,,,,,,,,,0.0,specimen_3__2025_05_08-14_39_50__Clip_1__end,valid,,,,,,0
raw,specimen_3,2025_05_08-14_39_50,valid,direct_ps,specimen_3__2025_05_08-14_39_50__Clip_2__start,,,,,,,,,,,,,,,,,,,1746708013_540880203,,,,,,,,,,,,,,,,,,,,,,,,,,0.0,specimen_3__2025_05_08-14_39_50__Clip_2__start,valid,,,,,,0
raw,specimen_3,2025_05_08-14_39_50,valid,direct_ps,specimen_3__2025_05_08-14_39_50__Clip_2__end,,,,,,,,,,,,,,,,,,,1746708028_073565483,,,,,,,,,,,,,,,,,,,,,,,,,,0.0,specimen_3__2025_05_08-14_39_50__Clip_2__end,valid,,,,,,0
raw,specimen_3,2025_05_08-14_39_50,valid,direct_ps,specimen_3__2025_05_08-14_39_50__Clip_3__start,,,,,,,,,,,,,,,,,,,1746708028_073565483,,,,,,,,,,,,,,,,,,,,,,,,,,0.0,specimen_3__2025_05_08-14_39_50__Clip_3__start,valid,,,,,,0
raw,specimen_3,2025_05_08-14_39_50,valid,direct_ps,specimen_3__2025_05_08-14_39_50__Clip_3__end,,,,,,,,,,,,,,,,,,,1746708041_806072235,,,,,,,,,,,,,,,,,,,,,,,,,,0.0,specimen_3__2025_05_08-14_39_50__Clip_3__end,valid,,,,,,0
raw,specimen_3,2025_05_08-14_39_50,valid,direct_ps,specimen_3__2025_05_08-14_39_50__Clip_4__start,,,,,,,,,,,,,,,,,,,1746708041_806072235,,,,,,,,,,,,,,,,,,,,,,,,,,0.0,specimen_3__2025_05_08-14_39_50__Clip_4__start,valid,,,,,,0
raw,specimen_3,2025_05_08-14_39_50,valid,direct_ps,specimen_3__2025_05_08-14_39_50__Clip_4__end,0.0,,,0.0,,0.0,0.0,0.0,0.0,0.0,nan,0.0,0.0,0.0,0.0,0.0,0.0,0.0,1746708059_806899309,0.0,7.5,7.5,0.0,,,0.0,,0.0,0.0,0.0,0.0,0.0,nan,100.0,100.0,100.0,7.5,7.5,100.0,100.0,100.0,7.5,7.5,0.0,0.0,specimen_3__2025_05_08-14_39_50__Clip_4__end,valid,0.0,0.0,0.0,0.0,nan,1
raw,specimen_3,2025_05_08-14_39_50,valid,direct_ps,specimen_3__2025_05_08-14_39_50__Clip_5__start,0.0,,,0.0,,0.0,0.0,0.0,0.0,0.0,nan,0.0,0.0,0.0,0.0,0.0,0.0,0.0,1746708059_806899309,0.0,7.5,7.5,0.0,,,0.0,,0.0,0.0,0.0,0.0,0.0,nan,100.0,100.0,100.0,7.5,7.5,100.0,100.0,100.0,7.5,7.5,0.0,0.0,specimen_3__2025_05_08-14_39_50__Clip_5__start,valid,0.0,0.0,0.0,0.0,nan,1
raw,specimen_3,2025_05_08-14_39_50,valid,direct_ps,specimen_3__2025_05_08-14_39_50__Clip_5__end,0.0,,,0.0,,0.0,0.0,0.0,0.0,0.0,nan,0.0,0.0,0.0,0.0,0.0,0.0,0.0,1746708075_840823411,0.0,2.140625,2.140625,0.0,,,0.0,,0.0,0.0,0.0,0.0,0.0,nan,100.0,0.0,0.0,2.140625,2.1806812286376953,100.0,0.0,0.0,2.140625,2.1806812286376953,0.0,0.0,specimen_3__2025_05_08-14_39_50__Clip_5__end,valid,0.0,0.0,0.0,0.0,nan,8
raw,specimen_3,2025_05_08-14_50_11,valid,direct_ps,specimen_3__2025_05_08-14_50_11__Clip_1__start,0.0,,,0.0,,0.0,0.0,0.0,0.0,0.0,nan,0.0,0.0,0.0,0.0,0.0,0.0,0.0,1746708617_239433050,0.0,6.604166507720947,6.604166507720947,0.0,,,0.0,,0.0,0.0,0.0,0.0,0.0,nan,100.0,100.0,100.0,6.604166507720947,6.604380130767822,100.0,100.0,100.0,6.604166507720947,6.604380130767822,0.0,0.0,specimen_3__2025_05_08-14_50_11__Clip_1__start,valid,0.0,0.0,0.0,0.0,nan,3
raw,specimen_3,2025_05_08-14_50_11,valid,direct_ps,specimen_3__2025_05_08-14_50_11__Clip_1__end,0.0,,,0.0,,0.0,0.0,0.0,0.0,0.0,nan,0.0,0.0,0.0,0.0,0.0,0.0,0.0,1746708631_207470893,0.0,3.03125,3.03125,0.0,,,0.0,,0.0,0.0,0.0,0.0,0.0,nan,100.0,100.0,0.0,3.03125,3.03125,100.0,100.0,0.0,3.03125,3.03125,0.0,0.0,specimen_3__2025_05_08-14_50_11__Clip_1__end,valid,0.0,0.0,0.0,0.0,nan,1
raw,specimen_3,2025_05_08-14_50_11,valid,direct_ps,specimen_3__2025_05_08-14_50_11__Clip_2__start,0.0,,,0.0,,0.0,0.0,0.0,0.0,0.0,nan,0.0,0.0,0.0,0.0,0.0,0.0,0.0,1746708631_207470893,0.0,3.03125,3.03125,0.0,,,0.0,,0.0,0.0,0.0,0.0,0.0,nan,100.0,100.0,0.0,3.03125,3.03125,100.0,100.0,0.0,3.03125,3.03125,0.0,0.0,specimen_3__2025_05_08-14_50_11__Clip_2__start,valid,0.0,0.0,0.0,0.0,nan,1
raw,specimen_3,2025_05_08-14_50_11,valid,direct_ps,specimen_3__2025_05_08-14_50_11__Clip_2__end,,,,,,,,,,,,,,,,,,,1746708644_406662940,,,,,,,,,,,,,,,,,,,,,,,,,,0.0,specimen_3__2025_05_08-14_50_11__Clip_2__end,valid,,,,,,0
raw,specimen_3,2025_05_08-14_50_11,valid,direct_ps,specimen_3__2025_05_08-14_50_11__Clip_3__start,,,,,,,,,,,,,,,,,,,1746708644_406662940,,,,,,,,,,,,,,,,,,,,,,,,,,0.0,specimen_3__2025_05_08-14_50_11__Clip_3__start,valid,,,,,,0
raw,specimen_3,2025_05_08-14_50_11,valid,direct_ps,specimen_3__2025_05_08-14_50_11__Clip_3__end,0.0,,,0.0,,0.0,0.0,0.0,0.0,0.0,nan,0.0,0.0,0.0,0.0,0.0,0.0,0.0,1746708658_240703105,0.0,3.46875,3.46875,0.0,,,0.0,,0.0,0.0,0.0,0.0,0.0,nan,100.0,100.0,0.0,3.46875,3.46875,100.0,100.0,0.0,3.46875,3.46875,0.0,0.0,specimen_3__2025_05_08-14_50_11__Clip_3__end,valid,0.0,0.0,0.0,0.0,nan,1
raw,specimen_3,2025_05_08-14_50_11,valid,direct_ps,specimen_3__2025_05_08-14_50_11__Clip_4__start,0.0,,,0.0,,0.0,0.0,0.0,0.0,0.0,nan,0.0,0.0,0.0,0.0,0.0,0.0,0.0,1746708658_240703105,0.0,3.46875,3.46875,0.0,,,0.0,,0.0,0.0,0.0,0.0,0.0,nan,100.0,100.0,0.0,3.46875,3.46875,100.0,100.0,0.0,3.46875,3.46875,0.0,0.0,specimen_3__2025_05_08-14_50_11__Clip_4__start,valid,0.0,0.0,0.0,0.0,nan,1
raw,specimen_3,2025_05_08-14_59_26,valid,direct_ps,specimen_3__2025_05_08-14_59_26__Clip_2__end,0.0,,,0.0,,0.0,0.0,0.0,0.0,0.0,nan,0.0,0.0,0.0,0.0,0.0,0.0,0.0,1746709304_905916452,0.0,2.4156250953674316,2.4156250953674316,0.0,,,0.0,,0.0,0.0,0.0,0.0,0.0,nan,73.33333333333333,40.0,6.666666666666667,2.4156250953674316,2.926102638244629,73.33333333333333,40.0,6.666666666666667,2.4156250953674316,2.926102638244629,0.0,0.0,specimen_3__2025_05_08-14_59_26__Clip_2__end,valid,0.0,0.0,0.0,0.0,nan,30
raw,specimen_3,2025_05_08-14_59_26,valid,direct_ps,specimen_3__2025_05_08-14_59_26__Clip_3__start,0.0,,,0.0,,0.0,0.0,0.0,0.0,0.0,nan,0.0,0.0,0.0,0.0,0.0,0.0,0.0,1746709304_905916452,0.0,2.4156250953674316,2.4156250953674316,0.0,,,0.0,,0.0,0.0,0.0,0.0,0.0,nan,73.33333333333333,40.0,6.666666666666667,2.4156250953674316,2.926102638244629,73.33333333333333,40.0,6.666666666666667,2.4156250953674316,2.926102638244629,0.0,0.0,specimen_3__2025_05_08-14_59_26__Clip_3__start,valid,0.0,0.0,0.0,0.0,nan,30
raw,specimen_3,2025_05_08-14_59_26,valid,direct_ps,specimen_3__2025_05_08-14_59_26__Clip_3__end,0.0,,,0.0,,0.0,0.0,0.0,0.0,0.0,nan,0.0,0.0,0.0,0.0,0.0,0.0,0.0,1746709328_040919780,0.0,1.765625,1.765625,0.0,,,0.0,,0.0,0.0,0.0,0.0,0.0,nan,100.0,0.0,0.0,1.765625,1.7667309045791626,100.0,0.0,0.0,1.765625,1.7667309045791626,0.0,0.0,specimen_3__2025_05_08-14_59_26__Clip_3__end,valid,0.0,0.0,0.0,0.0,nan,2
v3.2c,specimen_1,2025_03_06-16_54_09,valid,,specimen_1__2025_03_06-16_54_09__Clip_1__start,0.4972972972972973,7.163326740264893,6.388854026794434,0.0,,2.999897003173828,0.0,2.9897191524505615,2.998723268508911,0.277417927980423,0.643796992481203,0.030533313751220703,0.444247001332741,1.5643802647412757,0.0,0.0,0.0,0.0,1741276454_605849504,0.5009009009009009,3.457198143005371,3.474886655807495,2.941946506500244,,,2.671656370162964,,0.24481693868548743,0.9928057553956835,0.0018018018018018018,17.38939991239597,10.396975425330812,0.1325187969924812,49.64711071901191,18.328187031318922,14.512571680635201,3.68280291557312,7.9095139503479,58.18262020291134,26.53286281429202,14.578738420820466,3.6522696018218994,7.084177494049072,0.00829078135626193,195.49897499382496,specimen_1__2025_03_06-16_54_09__Clip_1__start,valid,0.008059320971369743,0.09031498432159424,0.8873504400253296,0.44988885521888733,0.8674812030075187,4534
v3.2c,specimen_1,2025_03_06-16_54_09,usable_with_warning,,specimen_1__2025_03_06-16_54_09__Clip_1__end,0.8601478112563957,14.400006294250488,13.19016170501709,0.0,,2.999908447265625,0.0,2.996185302734375,2.999319314956665,0.16987760365009308,0.8979710144927536,0.7843222618103027,0.4100761570005858,2.937420178799489,0.0,0.0,0.0,0.0,1741276472_500830173,0.13928368391131324,7.937597274780273,7.1991190910339355,2.9431333541870117,,,2.7706778049468994,,0.36554447215295094,6.1755102040816325,0.0005685048322910744,13.876967095851217,7.145757206658547,0.027246376811594204,70.94763092269328,48.81546134663341,44.763092269326684,8.566110610961914,13.68399429321289,74.68827930174564,51.039068994181214,41.41729010806318,7.781788349151611,12.373709678649902,0.0915610709960502,1.8665348179638386,specimen_1__2025_03_06-16_54_09__Clip_1__end,usable_with_warning,0.01757054403424263,0.20928224921226501,0.9999998807907104,0.9951362013816833,0.9721739130434782,4812
v3.2c,specimen_1,2025_03_06-16_53_09,usable_with_warning,,specimen_1__2025_03_06-16_53_09__Clip_1__start,0.390899689762151,6.402213096618652,5.8731865882873535,0.0,,2.9998016357421875,0.0,2.987095832824707,2.9987027645111084,0.3720470368862152,0.5398907103825137,-0.11058449745178223,0.47824007651841227,0.6825938566552902,0.0,0.0,0.0,0.0,1741276395_521808385,0.6059979317476732,2.423027515411377,2.562959909439087,2.906961679458618,,,2.7739903926849365,,0.2029806884970613,0.6450511945392492,0.0031023784901758012,15.413393191170968,10.220201053135472,0.14207650273224043,43.89168765743073,12.300587741393787,9.739714525608733,2.597597122192383,6.012139320373535,52.329974811083126,21.17968094038623,9.907640638119227,2.708181619644165,5.410712242126465,-0.0425718432265772,1.613797154277563,specimen_1__2025_03_06-16_53_09__Clip_1__start,usable_with_warning,0.007360783871263266,0.08627340942621231,0.8583015203475952,0.434009313583374,0.8568306010928962,4764
v3.2c,specimen_1,2025_03_06-16_53_09,usable_with_warning,,specimen_1__2025_03_06-16_53_09__Clip_1__end,0.9761206535400084,10.891024589538574,9.905924797058105,0.0,,2.9997634887695312,0.0,2.9979195594787598,2.9993786811828613,0.1203438937664032,0.9857022708158116,1.3278837203979492,0.05356186395286556,0.18076644974692696,0.0,0.0,0.0,0.0,1741276413_300344467,0.02387934645999162,13.104289054870605,11.750932693481445,2.9640696048736572,,,2.6083993911743164,,0.469050894085282,40.87719298245614,0.0,3.247232472324723,1.4636246233318984,0.007148864592094197,73.3739438003537,54.352525054038125,51.69974454706229,12.951199531555176,18.628883361816406,74.19925329141284,54.92238160738848,51.12988799371193,11.623315811157227,16.80982208251953,0.10252978630763922,1.604624092578888,specimen_1__2025_03_06-16_53_09__Clip_1__end,usable_with_warning,0.09909027069807053,0.9571550488471985,1.0,1.0,0.9928511354079058,5089
v3.2c,specimen_1,2025_03_06-16_49_40,valid,,specimen_1__2025_03_06-16_49_40__Clip_1__start,0.5191451469278717,8.47408390045166,7.702816963195801,0.0,,2.999866485595703,0.0,2.9862091541290283,2.998685598373413,0.25126513838768005,0.687984496124031,0.048254966735839844,0.5502063273727648,1.1402508551881414,0.0,0.0,0.0,0.0,1741276188_715718030,0.47996438112199463,3.5510761737823486,3.5430240631103516,2.8782966136932373,,,2.690091848373413,,0.2375713983499048,1.0816326530612246,0.0008904719501335708,16.69285153181461,8.597402597402597,0.14534883720930233,46.13920033848107,18.552993441929342,14.44891051406812,3.81040096282959,8.4707670211792,54.876242860165014,25.343769832874973,14.554685847260417,3.76214599609375,7.616630554199219,0.01266401284446608,1.6050240956246853,specimen_1__2025_03_06-16_49_40__Clip_1__start,valid,0.008249453268945217,0.09658114612102509,0.9345163106918335,0.4813811779022217,0.8546511627906976,4727
v3.2c,specimen_1,2025_03_06-17_35_04,valid,,specimen_1__2025_03_06-17_35_04__Clip_1__start,0.234375,4.1044921875,4.093579292297363,0.0,,2.9968528747558594,2.9145431518554688,2.9901020526885986,2.993468999862671,1.6823735237121582,0.4644808743169399,-0.9559637308120728,18.421052631578945,19.565217391304348,0.0,0.0,0.0,0.0,1741278916_817303895,0.7604166666666666,1.6769381761550903,2.6868042945861816,2.0345308780670166,,,2.611588716506958,,0.6336633663366337,0.3082191780821918,0.005208333333333333,72.56637168141593,33.85214007782101,0.37158469945355194,62.70627062706271,15.181518151815181,3.9603960396039604,1.8051258325576782,2.6155025959014893,78.21782178217822,40.92409240924093,11.55115511551155,2.761089563369751,3.4229769706726074,-0.5295828764787938,1.5989546664059162,specimen_1__2025_03_06-17_35_04__Clip_1__start,valid,0.007856291718780994,0.023556949570775032,0.234467014670372,0.1176154613494873,0.6120218579234973,303
v3.2c,specimen_1,2025_03_06-16_56_00,valid,,specimen_1__2025_03_06-16_56_00__Clip_1__start,0.3225806451612903,4.1268696784973145,3.973853588104248,0.0,,2.9994850158691406,0.0,2.982191562652588,2.9985885620117188,0.5007993578910828,0.5539971949509116,-0.14769208431243896,0.5084745762711864,0.0,0.0,0.0,0.0,0.0,1741276567_498016595,0.6747311827956989,1.8069095611572266,1.963206171989441,2.8611435890197754,,,2.6050984859466553,,0.1768901569186876,0.47808764940239046,0.002688172043010753,11.781609195402298,8.40270551508845,0.2370266479663394,42.0827389443652,8.606752258678078,6.3242986210175935,1.871444821357727,4.277699947357178,48.692344270090345,16.286257727056586,6.847360912981455,2.019136905670166,3.8416130542755127,-0.07891874910064879,1.5883599407970905,specimen_1__2025_03_06-16_56_00__Clip_1__start,valid,0.009154988452792168,0.09588895738124847,0.909395694732666,0.4755239188671112,0.7629733520336606,4206
v3.2c,specimen_1,2025_03_06-16_56_00,valid,,specimen_1__2025_03_06-16_56_00__Clip_1__end,0.4946492271105826,4.686069488525391,4.254514217376709,0.0,,2.999591827392578,0.0,2.9841372966766357,2.997774124145508,0.3881191313266754,0.6237623762376238,0.01575326919555664,1.02880658436214,2.03125,0.0,0.0,0.0,0.0,1741276586_132390499,0.5029726516052319,2.451817512512207,2.4513132572174072,2.8869259357452393,,,2.689401865005493,,0.20951669157947184,0.983451536643026,0.0023781212841854932,10.869565217391305,8.77296976882039,0.12995049504950495,48.4304932735426,15.944195316392626,10.961634280019931,2.5308568477630615,5.1624884605407715,53.53761833582461,22.99451918285999,11.260587942202292,2.515103578567505,4.490212440490723,0.006224480538865887,1.601438969373703,specimen_1__2025_03_06-16_56_00__Clip_1__end,valid,0.010510068386793137,0.10490143299102783,0.9802050590515137,0.5207095146179199,0.8688118811881188,4014
v3.2c,specimen_1,2025_03_06-16_56_00,valid,,specimen_1__2025_03_06-16_56_00__Clip_2__start,0.4946492271105826,4.686069488525391,4.254514217376709,0.0,,2.999591827392578,0.0,2.9841372966766357,2.997774124145508,0.3881191313266754,0.6237623762376238,0.01575326919555664,1.02880658436214,2.03125,0.0,0.0,0.0,0.0,1741276586_132390499,0.5029726516052319,2.451817512512207,2.4513132572174072,2.8869259357452393,,,2.689401865005493,,0.20951669157947184,0.983451536643026,0.0023781212841854932,10.869565217391305,8.77296976882039,0.12995049504950495,48.4304932735426,15.944195316392626,10.961634280019931,2.5308568477630615,5.1624884605407715,53.53761833582461,22.99451918285999,11.260587942202292,2.515103578567505,4.490212440490723,0.006224480538865887,1.5965518541634083,specimen_1__2025_03_06-16_56_00__Clip_2__start,valid,0.010510068386793137,0.10490143299102783,0.9802050590515137,0.5207095146179199,0.8688118811881188,4014
v3.2c,specimen_1,2025_03_06-16_56_00,usable_with_warning,,specimen_1__2025_03_06-16_56_00__Clip_2__end,0.5849843587069864,5.347502708435059,5.015162467956543,0.0,,2.999683380126953,0.0,2.9939568042755127,2.9983978271484375,0.2742251455783844,0.6942949407965554,0.13655519485473633,0.6352087114337568,3.634085213032581,0.0,0.0,0.0,0.0,1741276596_839815616,0.41501564129301355,3.4315524101257324,3.3068487644195557,2.908717632293701,,,2.7234439849853516,,0.23903290129611166,1.4095477386934674,0.0,10.674778761061948,8.556316116988178,0.11194833153928956,54.93519441674975,19.890329012961118,14.132602193419741,3.540912389755249,7.26245641708374,59.39680957128615,26.021934197407777,14.680957128614159,3.4043571949005127,6.371887683868408,0.0385649741715793,1.5846341848373413,specimen_1__2025_03_06-16_56_00__Clip_2__end,usable_with_warning,0.011044692248106003,0.11015072464942932,1.0000001192092896,0.5455688834190369,0.8880516684607105,4012
v3.2c,specimen_1,2025_03_06-16_56_00,usable_with_warning,,specimen_1__2025_03_06-16_56_00__Clip_3__start,0.5849843587069864,5.347502708435059,5.015162467956543,0.0,,2.999683380126953,0.0,2.9939568042755127,2.9983978271484375,0.2742251455783844,0.6942949407965554,0.13655519485473633,0.6352087114337568,3.634085213032581,0.0,0.0,0.0,0.0,1741276596_839815616,0.41501564129301355,3.4315524101257324,3.3068487644195557,2.908717632293701,,,2.7234439849853516,,0.23903290129611166,1.4095477386934674,0.0,10.674778761061948,8.556316116988178,0.11194833153928956,54.93519441674975,19.890329012961118,14.132602193419741,3.540912389755249,7.26245641708374,59.39680957128615,26.021934197407777,14.680957128614159,3.4043571949005127,6.371887683868408,0.0385649741715793,1.60239078104496,specimen_1__2025_03_06-16_56_00__Clip_3__start,usable_with_warning,0.011044692248106003,0.11015072464942932,1.0000001192092896,0.5455688834190369,0.8880516684607105,4012
v3.2c,specimen_1,2025_03_06-16_56_00,usable_with_warning,,specimen_1__2025_03_06-16_56_00__Clip_3__end,0.6439482961222092,5.735629558563232,5.441420555114746,0.0,,2.9998092651367188,0.0,2.996641159057617,2.9991183280944824,0.2080322802066803,0.7613365155131265,0.21219730377197266,0.26619343389529726,1.1185682326621924,0.0,0.0,0.0,0.0,1741276607_378000020,0.35487661574618096,4.158022403717041,3.952011823654175,2.910748243331909,,,2.537254810333252,,0.21786994367639528,1.814569536423841,0.0011750881316098707,9.382566585956416,6.573705179282868,0.1276849642004773,57.70609318996416,22.887864823348693,16.538658474142345,4.268689155578613,9.035452842712402,61.52073732718893,27.700972862263185,16.615463389656938,4.056491851806641,8.110421180725098,0.04971017941061808,1.5857662074267864,specimen_1__2025_03_06-16_56_00__Clip_3__end,usable_with_warning,0.01172423642128706,0.15126395225524902,1.0,0.7474880814552307,0.8723150357995226,3906
v3.2c,specimen_1,2025_03_06-16_56_00,usable_with_warning,,specimen_1__2025_03_06-16_56_00__Clip_4__start,0.6439482961222092,5.735629558563232,5.441420555114746,0.0,,2.9998092651367188,0.0,2.996641159057617,2.9991183280944824,0.2080322802066803,0.7613365155131265,0.21219730377197266,0.26619343389529726,1.1185682326621924,0.0,0.0,0.0,0.0,1741276607_378000020,0.35487661574618096,4.158022403717041,3.952011823654175,2.910748243331909,,,2.537254810333252,,0.21786994367639528,1.814569536423841,0.0011750881316098707,9.382566585956416,6.573705179282868,0.1276849642004773,57.70609318996416,22.887864823348693,16.538658474142345,4.268689155578613,9.035452842712402,61.52073732718893,27.700972862263185,16.615463389656938,4.056491851806641,8.110421180725098,0.04971017941061808,1.596841961145401,specimen_1__2025_03_06-16_56_00__Clip_4__start,usable_with_warning,0.01172423642128706,0.15126395225524902,1.0,0.7474880814552307,0.8723150357995226,3906
v3.2c,specimen_1,2025_03_06-16_56_00,usable_with_warning,,specimen_1__2025_03_06-16_56_00__Clip_5__end,0.692079207920792,7.81285285949707,7.322892665863037,0.0,,2.9999542236328125,0.0,2.9973201751708984,2.999786376953125,0.15728861093521118,0.782565130260521,0.2802748680114746,0.7372654155495978,1.3966480446927374,0.0,0.0,0.0,0.0,1741276628_081543684,0.30396039603960395,5.440314292907715,5.175585746765137,2.9027113914489746,,,2.509462594985962,,0.22489423291026497,2.2768729641693812,0.0039603960396039604,10.351692103516921,6.350599941469125,0.1092184368737475,66.44399910932977,23.91449565798263,18.90447561790247,5.604083061218262,12.093860626220703,69.42774437764417,28.412380316187928,18.97127588510354,5.323808193206787,11.116336822509766,0.05001261846938902,1.5995060093700886,specimen_1__2025_03_06-16_56_00__Clip_5__end,usable_with_warning,0.015527141280472279,0.16954849660396576,1.0,0.8511202931404114,0.8907815631262525,4491
v3.2c,specimen_1,2025_03_06-17_10_48,usable_with_warning,,specimen_1__2025_03_06-17_10_48__Clip_1__start,0.35051546391752575,7.34765625,6.425472259521484,0.0,,2.9978904724121094,2.87109375,2.995267868041992,2.9974849224090576,0.8044352531433105,0.644808743169399,-0.40983128547668457,8.542713567839195,0.0,0.0,0.0,0.0,0.0,1741277458_715820312,0.6237113402061856,2.3041493892669678,2.7433364391326904,2.023528575897217,,,2.393301486968994,,0.522911051212938,0.5619834710743802,0.02577319587628866,43.02325581395349,17.647058823529413,0.44808743169398907,53.63881401617251,12.93800539083558,9.973045822102426,2.4129042625427246,4.858170509338379,69.00269541778977,28.30188679245283,14.016172506738545,2.822735548019409,4.444679260253906,-0.16984979132359082,1.603972166776657,specimen_1__2025_03_06-17_10_48__Clip_1__start,usable_with_warning,0.01033176388591528,0.03098662570118904,0.3784957826137543,0.18492645025253296,0.5519125683060109,371
v3.2c,specimen_1,2025_03_06-17_10_48,usable_with_warning,,specimen_1__2025_03_06-17_10_48__Clip_1__end,0.3273542600896861,4.7734375,2.7129011154174805,0.0,,2.9990234375,2.913646697998047,2.9956765174865723,2.9981884956359863,1.0636671781539917,0.6,-0.5849440097808838,8.088235294117647,8.045977011494253,0.0,0.0,0.0,0.0,1741277472_074031114,0.6591928251121076,2.4690027236938477,3.0824694633483887,1.5999650955200195,,,2.2874104976654053,,0.5946666666666667,0.4965986394557823,0.013452914798206279,66.99029126213593,19.791666666666664,0.48372093023255813,72.53333333333333,23.200000000000003,7.733333333333333,2.4935834407806396,4.106728553771973,85.06666666666666,36.53333333333333,17.333333333333336,3.0785274505615234,4.179843902587891,-0.23457968168001692,1.6131759621202946,specimen_1__2025_03_06-17_10_48__Clip_1__end,usable_with_warning,0.008906519040465355,0.02669331058859825,0.32684826850891113,0.15963523089885712,0.5162790697674419,375
v3.2c,specimen_1,2025_03_06-17_46_07,valid,direct_polaris,specimen_1__2025_03_06-17_46_07__Clip_1__start,0.13612565445026178,2.0479166507720947,2.23254656791687,0.0,,2.997467041015625,0.0,2.978949785232544,2.989567518234253,1.6491172313690186,0.25806451612903225,-1.000474214553833,5.714285714285714,22.22222222222222,0.0,0.0,0.0,0.0,1741279573_107909202,0.8638743455497382,1.5500156879425049,2.581237554550171,1.9387681484222412,,,2.8097198009490967,,0.46246973365617433,0.15757575757575756,0.0,39.285714285714285,35.751295336787564,0.1989247311827957,59.32203389830508,6.5375302663438255,2.4213075060532687,1.5680992603302002,2.2942097187042236,71.91283292978208,38.49878934624697,15.254237288135593,2.568573474884033,3.2745654582977295,-0.6380171458936595,1.5994459390640259,specimen_1__2025_03_06-17_46_07__Clip_1__start,valid,0.006449691019952297,0.025764139369130135,0.2629462480545044,0.12855899333953857,0.8010752688172043,413
v3.2c,specimen_1,2025_03_06-17_46_07,valid,direct_polaris,specimen_1__2025_03_06-17_46_07__Clip_2__end,0.15789473684210525,3.483630895614624,5.138879776000977,0.0,,2.9974708557128906,0.0,2.986431121826172,2.9942588806152344,1.4762299060821533,0.37435897435897436,-0.8278820514678955,4.659498207885305,12.871287128712872,0.0,0.0,0.0,0.0,1741279592_460282802,0.8325358851674641,1.777187466621399,2.5664594173431396,2.165081739425659,,,2.6514341831207275,,0.4437367303609342,0.1896551724137931,0.009569377990430622,37.5,26.486486486486488,0.28717948717948716,59.23566878980891,21.443736730360936,7.855626326963907,1.8532710075378418,2.5064585208892822,71.76220806794055,39.490445859872615,15.498938428874734,2.6811530590057373,3.395127534866333,-0.4467139711896621,1.5872879885137081,specimen_1__2025_03_06-17_46_07__Clip_2__end,valid,0.006488524843007326,0.0259315874427557,0.30341944098472595,0.1487540602684021,0.7128205128205128,471
v3.2c,specimen_1,2025_03_06-17_46_07,valid,direct_polaris,specimen_1__2025_03_06-17_46_07__Clip_3__start,0.15789473684210525,3.483630895614624,5.138879776000977,0.0,,2.9974708557128906,0.0,2.986431121826172,2.9942588806152344,1.4762299060821533,0.37435897435897436,-0.8278820514678955,4.659498207885305,12.871287128712872,0.0,0.0,0.0,0.0,1741279592_460282802,0.8325358851674641,1.777187466621399,2.5664594173431396,2.165081739425659,,,2.6514341831207275,,0.4437367303609342,0.1896551724137931,0.009569377990430622,37.5,26.486486486486488,0.28717948717948716,59.23566878980891,21.443736730360936,7.855626326963907,1.8532710075378418,2.5064585208892822,71.76220806794055,39.490445859872615,15.498938428874734,2.6811530590057373,3.395127534866333,-0.4467139711896621,1.5905634500086308,specimen_1__2025_03_06-17_46_07__Clip_3__start,valid,0.006488524843007326,0.0259315874427557,0.30341944098472595,0.1487540602684021,0.7128205128205128,471
v3.2c,specimen_1,2025_03_06-17_46_07,valid,direct_polaris,specimen_1__2025_03_06-17_46_07__Clip_3__end,0.1989795918367347,3.070833444595337,4.825169086456299,0.0,,2.9956893920898438,0.0,2.989948272705078,2.9940667152404785,1.3711832761764526,0.387434554973822,-0.7686913013458252,7.722007722007722,13.924050632911392,0.0,0.0,0.0,0.0,1741279602_670526742,0.7908163265306123,1.7725735902786255,2.5057246685028076,2.191352605819702,,,2.6881182193756104,,0.4547563805104408,0.25161290322580643,0.01020408163265306,37.2093023255814,26.420454545454547,0.27225130890052357,60.092807424593964,18.329466357308586,4.176334106728538,1.8177566528320312,2.592578172683716,70.30162412993039,37.35498839907193,18.097447795823665,2.5864479541778564,3.3700759410858154,-0.4228791021879735,1.6012289561331272,specimen_1__2025_03_06-17_46_07__Clip_3__end,valid,0.0071789976209402084,0.02870013751089573,0.30713656544685364,0.15036781132221222,0.7068062827225131,431
v3.2c,specimen_1,2025_03_06-17_46_07,valid,direct_polaris,specimen_1__2025_03_06-17_46_07__Clip_4__start,0.1989795918367347,3.070833444595337,4.825169086456299,0.0,,2.9956893920898438,0.0,2.989948272705078,2.9940667152404785,1.3711832761764526,0.387434554973822,-0.7686913013458252,7.722007722007722,13.924050632911392,0.0,0.0,0.0,0.0,1741279602_670526742,0.7908163265306123,1.7725735902786255,2.5057246685028076,2.191352605819702,,,2.6881182193756104,,0.4547563805104408,0.25161290322580643,0.01020408163265306,37.2093023255814,26.420454545454547,0.27225130890052357,60.092807424593964,18.329466357308586,4.176334106728538,1.8177566528320312,2.592578172683716,70.30162412993039,37.35498839907193,18.097447795823665,2.5864479541778564,3.3700759410858154,-0.4228791021879735,1.5810891054570675,specimen_1__2025_03_06-17_46_07__Clip_4__start,valid,0.0071789976209402084,0.02870013751089573,0.30713656544685364,0.15036781132221222,0.7068062827225131,431
v3.2c,specimen_1,2025_03_06-17_46_07,valid,direct_polaris,specimen_1__2025_03_06-17_46_07__Clip_4__end,0.2175925925925926,4.293981552124023,6.156703472137451,0.0,,2.994232177734375,2.8581809997558594,2.988858699798584,2.9932844638824463,1.355923056602478,0.40384615384615385,-0.7901263236999512,8.766233766233766,20.73170731707317,0.0,0.0,0.0,0.0,1741279610_874241590,0.7731481481481481,1.84608793258667,2.5639946460723877,2.2041544914245605,,,2.645681142807007,,0.5046728971962616,0.281437125748503,0.009259259259259259,42.5,30.63583815028902,0.28365384615384615,71.96261682242991,19.158878504672895,4.906542056074766,2.0005111694335938,2.6505231857299805,77.57009345794393,39.953271028037385,12.850467289719624,2.790637493133545,3.520411729812622,-0.3949622155439703,1.5855347737669945,specimen_1__2025_03_06-17_46_07__Clip_4__end,valid,0.006774848327040672,0.027096733450889587,0.2832874357700348,0.1419660449028015,0.7115384615384616,428
v3.2c,specimen_1,2025_03_06-17_46_07,valid,direct_polaris,specimen_1__2025_03_06-17_46_07__Clip_5__start,0.2175925925925926,4.293981552124023,6.156703472137451,0.0,,2.994232177734375,2.8581809997558594,2.988858699798584,2.9932844638824463,1.355923056602478,0.40384615384615385,-0.7901263236999512,8.766233766233766,20.73170731707317,0.0,0.0,0.0,0.0,1741279610_874241590,0.7731481481481481,1.84608793258667,2.5639946460723877,2.2041544914245605,,,2.645681142807007,,0.5046728971962616,0.281437125748503,0.009259259259259259,42.5,30.63583815028902,0.28365384615384615,71.96261682242991,19.158878504672895,4.906542056074766,2.0005111694335938,2.6505231857299805,77.57009345794393,39.953271028037385,12.850467289719624,2.790637493133545,3.520411729812622,-0.3949622155439703,1.5750490128993988,specimen_1__2025_03_06-17_46_07__Clip_5__start,valid,0.006774848327040672,0.027096733450889587,0.2832874357700348,0.1419660449028015,0.7115384615384616,428
v3.2c,specimen_1,2025_03_06-17_46_07,valid,direct_polaris,specimen_1__2025_03_06-17_46_07__Clip_5__end,0.33668341708542715,,,0.0,,2.995891571044922,2.894481658935547,2.989766836166382,2.9935312271118164,1.2451276779174805,0.5153061224489796,-0.526545524597168,12.658227848101266,30.0,0.0,0.0,0.0,0.0,1741279619_639563798,0.6633165829145728,2.1320536136627197,2.6585991382598877,2.283259153366089,,,2.5550708770751953,,0.5685714285714286,0.5075757575757576,0.0,43.36283185840708,30.384615384615383,0.336734693877551,67.71428571428572,25.71428571428571,4.571428571428571,2.1320536136627197,2.7411246299743652,73.14285714285714,40.57142857142857,16.28571428571429,2.6585991382598877,3.298515796661377,-0.2469663620196677,1.6024410724639893,specimen_1__2025_03_06-17_46_07__Clip_5__end,valid,0.008875909261405468,0.02661771886050701,0.3093183934688568,0.1506480723619461,0.6632653061224489,350
v3.2c,specimen_1,2025_03_06-17_43_05,valid,direct_polaris,specimen_1__2025_03_06-17_43_05__Clip_1__start,0.12568306010928962,2.88043475151062,3.262120008468628,0.0,,2.996734619140625,0.0,2.985219955444336,2.9949169158935547,1.5546869039535522,0.24,-0.8944772481918335,2.4691358024691357,11.428571428571429,0.0,0.0,0.0,0.0,1741279397_014175891,0.8743169398907104,1.5587064027786255,2.4815351963043213,2.346769332885742,,,2.7915701866149902,,0.4168564920273349,0.14375,0.0,33.16326530612245,33.33333333333333,0.14857142857142858,55.35307517084283,15.945330296127564,1.5945330296127564,1.627954125404358,2.1511824131011963,68.79271070615034,42.14123006833713,15.717539863325742,2.5224313735961914,3.1403534412384033,-0.5494486817739165,1.592425163835287,specimen_1__2025_03_06-17_43_05__Clip_1__start,valid,0.006697279401123524,0.02675306797027588,0.28634896874427795,0.14008556306362152,0.8457142857142858,439
v3.2c,specimen_1,2025_03_06-17_03_37,valid,,specimen_1__2025_03_06-17_03_37__Clip_1__start,0.0759493670886076,,,0.0,,2.9978256225585938,2.872753143310547,2.98616886138916,2.9925780296325684,1.8443557024002075,0.6025641025641025,-0.9404643774032593,2.0,0.0,0.0,0.0,0.0,0.0,1741277038_994503974,0.9113924050632911,1.532997488975525,2.473461866378784,0.82716304063797,,,2.054905891418457,,0.5197368421052632,0.08333333333333333,0.012658227848101266,73.07692307692307,13.66906474820144,0.6025641025641025,65.78947368421053,8.552631578947368,2.631578947368421,1.532997488975525,1.9732364416122437,89.47368421052632,21.052631578947366,10.526315789473683,2.473461866378784,3.1384406089782715,-0.61348070311045,1.6030017286539078,specimen_1__2025_03_06-17_03_37__Clip_1__start,valid,0.020187804475426674,0.020187804475426674,0.301809161901474,0.14112654328346252,0.3974358974358974,152
v3.2c,specimen_1,2025_03_06-17_03_37,valid,,specimen_1__2025_03_06-17_03_37__Clip_1__end,0.4642857142857143,2.51953125,3.1339690685272217,0.0,,2.9953765869140625,2.8726673126220703,2.983060836791992,2.9905176162719727,1.0431991815567017,0.7970479704797048,0.062386274337768555,14.19939577039275,55.94405594405595,0.0,0.0,0.0,0.0,1741277054_444179058,0.5214285714285715,2.246960163116455,2.1424367427825928,2.671840190887451,,,2.1458866596221924,,0.5128205128205128,0.8904109589041096,0.014285714285714285,45.58139534883721,12.655086848635236,0.4059040590405904,60.62271062271062,26.190476190476193,10.805860805860807,2.262934923171997,3.374509811401367,69.96336996336996,20.87912087912088,7.326007326007327,2.2005486488342285,3.020146369934082,0.027568744332391395,1.5932070091366768,specimen_1__2025_03_06-17_03_37__Clip_1__end,valid,0.00953955203294754,0.047661226242780685,0.5080850124359131,0.2557051479816437,0.5830258302583026,546
v3.2c,specimen_1,2025_03_06-17_50_08,valid,direct_polaris,specimen_1__2025_03_06-17_50_08__Clip_1__start,0.1826086956521739,3.263962745666504,4.0431318283081055,0.0,,2.9960365295410156,0.0,2.9849610328674316,2.992647409439087,1.523768424987793,0.3333333333333333,-0.8677558898925781,11.76470588235294,18.51851851851852,0.0,0.0,0.0,0.0,1741279814_889631032,0.8130434782608695,1.4601329565048218,2.337416410446167,2.2283332347869873,,,2.7464194297790527,,0.47520661157024796,0.22459893048128343,0.004347826086956522,34.90566037735849,30.272952853598017,0.25225225225225223,56.19834710743802,16.735537190082646,5.991735537190083,1.635298252105713,2.209825038909912,64.87603305785123,38.84297520661157,16.115702479338843,2.503054141998291,3.300612688064575,-0.5306407493404955,1.6012880951166153,specimen_1__2025_03_06-17_50_08__Clip_1__start,valid,0.005833589006215334,0.023321134969592094,0.27842533588409424,0.1395437866449356,0.7477477477477478,484
v3.2c,specimen_1,2025_03_06-17_50_08,valid,direct_polaris,specimen_1__2025_03_06-17_50_08__Clip_1__end,0.47388059701492535,2.198214292526245,2.6997992992401123,0.0,,2.997600555419922,0.0,2.981342315673828,2.9969260692596436,0.8029546737670898,0.6273764258555133,-0.027788877487182617,9.35412026726058,26.288659793814436,0.0,0.0,0.0,0.0,1741279833_122301101,0.5186567164179104,2.296557903289795,2.300313711166382,2.6376514434814453,,,2.553903102874756,,0.3696551724137931,0.9136690647482014,0.007462686567164179,20.652173913043477,14.689265536723164,0.23574144486692014,61.93103448275862,26.75862068965517,9.379310344827587,2.2918102741241455,3.43481707572937,64.0,30.482758620689655,11.724137931034482,2.319599151611328,3.166011333465576,-0.012125295798232082,1.7680679447948933,specimen_1__2025_03_06-17_50_08__Clip_1__end,valid,0.008439813740551472,0.05907298997044563,0.5989927053451538,0.30126604437828064,0.752851711026616,725
v3.2c,specimen_1,2025_03_06-17_04_37,valid,,specimen_1__2025_03_06-17_04_37__Clip_1__start,0.03787878787878788,,,0.0,,2.9941558837890625,2.942201614379883,2.9893054962158203,2.9933676719665527,2.8482015132904053,0.7384615384615385,-1.1866854429244995,3.7735849056603774,12.5,0.0,0.0,0.0,0.0,1741277089_267859220,0.9545454545454546,1.2069052457809448,2.3935906887054443,1.561955213546753,,,1.8139384984970093,,0.7096774193548387,0.03968253968253968,0.007575757575757576,91.25,17.415730337078653,0.7307692307692307,56.98924731182796,4.301075268817205,0.0,1.2069052457809448,1.429113745689392,94.08602150537635,20.43010752688172,5.376344086021505,2.3935906887054443,2.684542417526245,-0.9832465697476012,1.593307126313448,specimen_1__2025_03_06-17_04_37__Clip_1__start,valid,0.01308087632060051,0.01308087632060051,0.23491497337818146,0.11760864406824112,0.2692307692307692,186
v3.2c,specimen_1,2025_03_06-17_04_37,usable_with_warning,,specimen_1__2025_03_06-17_04_37__Clip_1__end,0.04020100502512563,0.5795454382896423,1.2935370206832886,0.0,,2.9916419982910156,2.871854782104492,2.9822962284088135,2.9885406494140625,3.1329002380371094,0.6217616580310881,-1.0547922849655151,0.7936507936507936,0.0,0.0,0.0,0.0,0.0,1741277102_310320138,0.9547738693467337,0.9244019389152527,1.9892988204956055,0.6079649925231934,,,2.145970106124878,,0.5209424083769634,0.042105263157894736,0.005025125628140704,53.125,17.694369973190348,0.6217616580310881,32.98429319371728,2.356020942408377,0.0,0.9144715070724487,1.1512919664382935,68.32460732984293,19.63350785340314,3.664921465968586,1.9692637920379639,2.430521249771118,-1.1534446691972762,1.5898318961262703,specimen_1__2025_03_06-17_04_37__Clip_1__end,usable_with_warning,0.007328483276069164,0.02198299765586853,0.2769954800605774,0.1389627307653427,0.37823834196891193,382
v3.2c,specimen_1,2025_03_06-17_04_37,usable_with_warning,,specimen_1__2025_03_06-17_04_37__Clip_2__start,0.04020100502512563,0.5795454382896423,1.2935370206832886,0.0,,2.9916419982910156,2.871854782104492,2.9822962284088135,2.9885406494140625,3.1329002380371094,0.6217616580310881,-1.0547922849655151,0.7936507936507936,0.0,0.0,0.0,0.0,0.0,1741277102_310320138,0.9547738693467337,0.9244019389152527,1.9892988204956055,0.6079649925231934,,,2.145970106124878,,0.5209424083769634,0.042105263157894736,0.005025125628140704,53.125,17.694369973190348,0.6217616580310881,32.98429319371728,2.356020942408377,0.0,0.9144715070724487,1.1512919664382935,68.32460732984293,19.63350785340314,3.664921465968586,1.9692637920379639,2.430521249771118,-1.1534446691972762,1.5825903974473476,specimen_1__2025_03_06-17_04_37__Clip_2__start,usable_with_warning,0.007328483276069164,0.02198299765586853,0.2769954800605774,0.1389627307653427,0.37823834196891193,382
v3.2c,specimen_1,2025_03_06-17_04_37,valid,,specimen_1__2025_03_06-17_04_37__Clip_2__end,0.012605042016806723,1.75,4.525611400604248,0.0,,2.9919815063476562,2.909242630004883,2.982513427734375,2.990748167037964,1.5267024040222168,0.31896551724137934,-1.443851113319397,0.0,0.0,0.0,0.0,0.0,0.0,1741277116_990405559,0.9873949579831933,1.6955658197402954,3.096242666244507,0.12543614208698273,,,2.545236587524414,,0.5748792270531401,0.01276595744680851,0.0,59.523809523809526,30.446927374301673,0.31896551724137934,59.42028985507246,13.526570048309178,6.280193236714976,1.6972750425338745,2.325582981109619,83.57487922705315,39.85507246376812,15.70048309178744,3.1411261558532715,3.9369797706604004,-0.8506877654689725,1.7324439249932766,specimen_1__2025_03_06-17_04_37__Clip_2__end,valid,0.005002221092581749,0.020005719736218452,0.20440220832824707,0.09986549615859985,0.6810344827586207,414
v3.2c,specimen_1,2025_03_06-17_04_37,valid,,specimen_1__2025_03_06-17_04_37__Clip_3__start,0.012605042016806723,1.75,4.525611400604248,0.0,,2.9919815063476562,2.909242630004883,2.982513427734375,2.990748167037964,1.5267024040222168,0.31896551724137934,-1.443851113319397,0.0,0.0,0.0,0.0,0.0,0.0,1741277116_990405559,0.9873949579831933,1.6955658197402954,3.096242666244507,0.12543614208698273,,,2.545236587524414,,0.5748792270531401,0.01276595744680851,0.0,59.523809523809526,30.446927374301673,0.31896551724137934,59.42028985507246,13.526570048309178,6.280193236714976,1.6972750425338745,2.325582981109619,83.57487922705315,39.85507246376812,15.70048309178744,3.1411261558532715,3.9369797706604004,-0.8506877654689725,1.5792157500982285,specimen_1__2025_03_06-17_04_37__Clip_3__start,valid,0.005002221092581749,0.020005719736218452,0.20440220832824707,0.09986549615859985,0.6810344827586207,414
v3.2c,specimen_1,2025_03_06-17_04_37,valid,,specimen_1__2025_03_06-17_04_37__Clip_3__end,0.34649122807017546,2.40625,5.372231483459473,0.0,,2.9964637756347656,2.9220962524414062,2.9908299446105957,2.9936792850494385,1.1231708526611328,0.5727272727272728,-0.5250787734985352,15.346534653465346,42.5,0.0,0.0,0.0,0.0,1741277161_742160797,0.6447368421052632,2.2649967670440674,2.7769877910614014,2.3408219814300537,,,2.5977885723114014,,0.608,0.5374149659863946,0.008771929824561403,53.75722543352601,27.796610169491526,0.33636363636363636,53.86666666666666,21.333333333333336,9.066666666666666,2.265749931335449,4.364389896392822,70.39999999999999,34.13333333333333,11.733333333333333,2.7908287048339844,4.395954132080078,-0.23174612795378083,1.5890812501311302,specimen_1__2025_03_06-17_04_37__Clip_3__end,valid,0.007825257256627083,0.023468950763344765,0.28829076886177063,0.14057523012161255,0.6590909090909091,375
v3.2c,specimen_1,2025_03_06-17_04_37,valid,,specimen_1__2025_03_06-17_04_37__Clip_4__start,0.34649122807017546,2.40625,5.372231483459473,0.0,,2.9964637756347656,2.9220962524414062,2.9908299446105957,2.9936792850494385,1.1231708526611328,0.5727272727272728,-0.5250787734985352,15.346534653465346,42.5,0.0,0.0,0.0,0.0,1741277161_742160797,0.6447368421052632,2.2649967670440674,2.7769877910614014,2.3408219814300537,,,2.5977885723114014,,0.608,0.5374149659863946,0.008771929824561403,53.75722543352601,27.796610169491526,0.33636363636363636,53.86666666666666,21.333333333333336,9.066666666666666,2.265749931335449,4.364389896392822,70.39999999999999,34.13333333333333,11.733333333333333,2.7908287048339844,4.395954132080078,-0.23174612795378083,1.5939278528094292,specimen_1__2025_03_06-17_04_37__Clip_4__start,valid,0.007825257256627083,0.023468950763344765,0.28829076886177063,0.14057523012161255,0.6590909090909091,375
v3.2c,specimen_1,2025_03_06-17_04_37,valid,,specimen_1__2025_03_06-17_04_37__Clip_4__end,0.4410480349344978,11.897321701049805,10.927328109741211,0.0,,2.9983482360839844,2.893779754638672,2.9904656410217285,2.9966061115264893,0.9610787630081177,0.6774193548387096,-0.1385784149169922,15.6,33.064516129032256,0.0,0.0,0.0,0.0,1741277171_752430915,0.5545851528384279,2.2253429889678955,2.4017751216888428,2.5654430389404297,,,2.503588914871216,,0.5400943396226415,0.7952755905511811,0.004366812227074236,48.85057471264368,20.333333333333332,0.35023041474654376,58.9622641509434,29.245283018867923,12.735849056603774,2.544700860977173,4.354694366455078,69.81132075471697,33.9622641509434,10.849056603773585,2.683279275894165,4.099409580230713,-0.054457644527922094,1.5939781442284584,specimen_1__2025_03_06-17_04_37__Clip_4__end,valid,0.009423254057765007,0.03761255741119385,0.39182350039482117,0.1966799646615982,0.6359447004608295,424
v3.2c,specimen_1,2025_03_06-17_04_37,valid,,specimen_1__2025_03_06-17_04_37__Clip_5__start,0.4410480349344978,11.897321701049805,10.927328109741211,0.0,,2.9983482360839844,2.893779754638672,2.9904656410217285,2.9966061115264893,0.9610787630081177,0.6774193548387096,-0.1385784149169922,15.6,33.064516129032256,0.0,0.0,0.0,0.0,1741277171_752430915,0.5545851528384279,2.2253429889678955,2.4017751216888428,2.5654430389404297,,,2.503588914871216,,0.5400943396226415,0.7952755905511811,0.004366812227074236,48.85057471264368,20.333333333333332,0.35023041474654376,58.9622641509434,29.245283018867923,12.735849056603774,2.544700860977173,4.354694366455078,69.81132075471697,33.9622641509434,10.849056603773585,2.683279275894165,4.099409580230713,-0.054457644527922094,1.5933266840875149,specimen_1__2025_03_06-17_04_37__Clip_5__start,valid,0.009423254057765007,0.03761255741119385,0.39182350039482117,0.1966799646615982,0.6359447004608295,424
v3.2c,specimen_1,2025_03_06-17_51_03,valid,direct_polaris,specimen_1__2025_03_06-17_51_03__Clip_1__end,0.13011152416356878,2.6078124046325684,3.7790367603302,0.0,,2.9956703186035156,0.0,2.986243486404419,2.991065263748169,1.722438097000122,0.28793774319066145,-1.03816819190979,5.607476635514018,17.391304347826086,0.0,0.0,0.0,0.0,1741279879_525370836,0.862453531598513,1.393387794494629,2.4210996627807617,2.0700740814208984,,,2.769254446029663,,0.4899817850637523,0.15086206896551724,0.007434944237918215,39.473684210526315,32.083333333333336,0.23346303501945526,58.46994535519126,12.568306010928962,0.36429872495446264,1.481870412826538,1.8881560564041138,71.58469945355192,38.43351548269581,9.289617486338798,2.520038604736328,3.162661552429199,-0.7005796073150385,1.594308763742447,specimen_1__2025_03_06-17_51_03__Clip_1__end,valid,0.004662690218538046,0.023293180391192436,0.25074487924575806,0.12558196485042572,0.7587548638132295,549
v3.2c,specimen_1,2025_03_06-17_51_03,valid,direct_polaris,specimen_1__2025_03_06-17_51_03__Clip_2__start,0.13011152416356878,2.6078124046325684,3.7790367603302,0.0,,2.9956703186035156,0.0,2.986243486404419,2.991065263748169,1.722438097000122,0.28793774319066145,-1.03816819190979,5.607476635514018,17.391304347826086,0.0,0.0,0.0,0.0,1741279879_525370836,0.862453531598513,1.393387794494629,2.4210996627807617,2.0700740814208984,,,2.769254446029663,,0.4899817850637523,0.15086206896551724,0.007434944237918215,39.473684210526315,32.083333333333336,0.23346303501945526,58.46994535519126,12.568306010928962,0.36429872495446264,1.481870412826538,1.8881560564041138,71.58469945355192,38.43351548269581,9.289617486338798,2.520038604736328,3.162661552429199,-0.7005796073150385,1.5944987535476685,specimen_1__2025_03_06-17_51_03__Clip_2__start,valid,0.004662690218538046,0.023293180391192436,0.25074487924575806,0.12558196485042572,0.7587548638132295,549
v3.2c,specimen_1,2025_03_06-17_51_03,valid,direct_polaris,specimen_1__2025_03_06-17_51_03__Clip_2__end,0.29553264604810997,2.6931817531585693,3.9560739994049072,0.0,,2.9956016540527344,2.8877906799316406,2.9886457920074463,2.9933273792266846,1.553967833518982,0.4964788732394366,-0.6356707811355591,12.232415902140673,37.2093023255814,0.0,0.0,0.0,0.0,1741279888_274587154,0.697594501718213,1.548809289932251,2.144444465637207,2.0215442180633545,,,2.5789878368377686,,0.5290909090909091,0.4236453201970443,0.006872852233676976,44.39461883408072,26.07758620689655,0.35563380281690143,59.45454545454546,15.636363636363637,2.181818181818182,1.6174715757369995,2.0932915210723877,70.18181818181817,31.818181818181817,7.090909090909091,2.2531423568725586,2.8496174812316895,-0.39300275236423626,1.600807998329401,specimen_1__2025_03_06-17_51_03__Clip_2__end,valid,0.005718623287975788,0.028589138761162758,0.3129666745662689,0.15412035584449768,0.6373239436619719,550
v3.2c,specimen_1,2025_03_06-17_51_03,valid,direct_polaris,specimen_1__2025_03_06-17_51_03__Clip_3__start,0.29553264604810997,2.6931817531585693,3.9560739994049072,0.0,,2.9956016540527344,2.8877906799316406,2.9886457920074463,2.9933273792266846,1.553967833518982,0.4964788732394366,-0.6356707811355591,12.232415902140673,37.2093023255814,0.0,0.0,0.0,0.0,1741279888_274587154,0.697594501718213,1.548809289932251,2.144444465637207,2.0215442180633545,,,2.5789878368377686,,0.5290909090909091,0.4236453201970443,0.006872852233676976,44.39461883408072,26.07758620689655,0.35563380281690143,59.45454545454546,15.636363636363637,2.181818181818182,1.6174715757369995,2.0932915210723877,70.18181818181817,31.818181818181817,7.090909090909091,2.2531423568725586,2.8496174812316895,-0.39300275236423626,1.585294958204031,specimen_1__2025_03_06-17_51_03__Clip_3__start,valid,0.005718623287975788,0.028589138761162758,0.3129666745662689,0.15412035584449768,0.6373239436619719,550
v3.2c,specimen_1,2025_03_06-17_51_03,valid,direct_polaris,specimen_1__2025_03_06-17_51_03__Clip_3__end,0.4121863799283154,1.9013158082962036,2.309185743331909,0.0,,2.9969024658203125,0.0,2.9904465675354004,2.994871139526367,0.9857077598571777,0.5851851851851851,-0.1783750057220459,5.856832971800434,33.80281690140845,0.0,0.0,0.0,0.0,1741279896_845916986,0.5806451612903226,2.154759645462036,2.3264262676239014,2.574880838394165,,,2.565190076828003,,0.4170403587443946,0.7098765432098766,0.007168458781362007,26.923076923076923,20.113851992409867,0.25925925925925924,68.90881913303438,21.225710014947683,9.566517189835576,2.147561550140381,3.0085701942443848,73.24364723467862,29.895366218236173,9.715994020926756,2.3259365558624268,2.9594013690948486,-0.0830593217271868,1.5912740491330624,specimen_1__2025_03_06-17_51_03__Clip_3__end,valid,0.007211256772279739,0.04324522614479065,0.4716607630252838,0.2370452880859375,0.7407407407407407,669
v3.2c,specimen_1,2025_03_06-17_51_03,valid,direct_polaris,specimen_1__2025_03_06-17_51_03__Clip_4__start,0.4121863799283154,1.9013158082962036,2.309185743331909,0.0,,2.9969024658203125,0.0,2.9904465675354004,2.994871139526367,0.9857077598571777,0.5851851851851851,-0.1783750057220459,5.856832971800434,33.80281690140845,0.0,0.0,0.0,0.0,1741279896_845916986,0.5806451612903226,2.154759645462036,2.3264262676239014,2.574880838394165,,,2.565190076828003,,0.4170403587443946,0.7098765432098766,0.007168458781362007,26.923076923076923,20.113851992409867,0.25925925925925924,68.90881913303438,21.225710014947683,9.566517189835576,2.147561550140381,3.0085701942443848,73.24364723467862,29.895366218236173,9.715994020926756,2.3259365558624268,2.9594013690948486,-0.0830593217271868,1.5996270813047886,specimen_1__2025_03_06-17_51_03__Clip_4__start,valid,0.007211256772279739,0.04324522614479065,0.4716607630252838,0.2370452880859375,0.7407407407407407,669
v3.2c,specimen_1,2025_03_06-17_51_03,valid,direct_polaris,specimen_1__2025_03_06-17_51_03__Clip_4__end,0.4220532319391635,2.003472328186035,1.8669793605804443,0.0,,2.997356414794922,0.0,2.9942073822021484,2.9964988231658936,0.7671030163764954,0.5387596899224806,-0.13824009895324707,3.3398821218074657,27.1523178807947,0.0,0.0,0.0,0.0,1741279907_282327890,0.5703422053231939,2.5053601264953613,2.650468587875366,2.7672202587127686,,,2.7276570796966553,,0.35636856368563685,0.74,0.0076045627376425855,31.877729257641924,19.931856899488924,0.15503875968992248,68.97018970189703,20.460704607046072,14.634146341463413,2.49311900138855,3.8802406787872314,76.55826558265582,30.758807588075882,11.924119241192411,2.631359100341797,3.59079909324646,-0.05544865643246626,1.6101119108498096,specimen_1__2025_03_06-17_51_03__Clip_4__end,valid,0.007324124686419964,0.051254525780677795,0.5275113582611084,0.2620595097541809,0.8410852713178295,738
v3.2c,specimen_1,2025_03_06-17_51_03,valid,direct_polaris,specimen_1__2025_03_06-17_51_03__Clip_5__start,0.4220532319391635,2.003472328186035,1.8669793605804443,0.0,,2.997356414794922,0.0,2.9942073822021484,2.9964988231658936,0.7671030163764954,0.5387596899224806,-0.13824009895324707,3.3398821218074657,27.1523178807947,0.0,0.0,0.0,0.0,1741279907_282327890,0.5703422053231939,2.5053601264953613,2.650468587875366,2.7672202587127686,,,2.7276570796966553,,0.35636856368563685,0.74,0.0076045627376425855,31.877729257641924,19.931856899488924,0.15503875968992248,68.97018970189703,20.460704607046072,14.634146341463413,2.49311900138855,3.8802406787872314,76.55826558265582,30.758807588075882,11.924119241192411,2.631359100341797,3.59079909324646,-0.05544865643246626,1.5863562002778053,specimen_1__2025_03_06-17_51_03__Clip_5__start,valid,0.007324124686419964,0.051254525780677795,0.5275113582611084,0.2620595097541809,0.8410852713178295,738
v3.2c,specimen_1,2025_03_06-17_51_03,valid,direct_polaris,specimen_1__2025_03_06-17_51_03__Clip_5__end,0.6524590163934426,2.3705356121063232,2.640979290008545,0.0,,2.9983139038085938,0.0,2.9937524795532227,2.9978256225585938,0.5215318202972412,0.7466666666666667,0.3480098247528076,5.366726296958855,29.47368421052631,0.0,0.0,0.0,0.0,1741279919_146309852,0.3442622950819672,3.2920844554901123,2.9272732734680176,2.7940022945404053,,,2.6644697189331055,,0.38413098236775817,1.8952380952380952,0.003278688524590164,18.29787234042553,13.555992141453832,0.14333333333333334,70.40302267002518,35.894206549118394,20.780856423173805,3.2677109241485596,5.187773704528809,72.04030226700252,34.005037783375315,14.987405541561714,2.919701099395752,4.405346870422363,0.10649957503309007,1.5851850621402264,specimen_1__2025_03_06-17_51_03__Clip_5__end,valid,0.010715373791754246,0.07498979568481445,0.8308107852935791,0.4142451882362366,0.8533333333333334,794
v3.2c,specimen_1,2025_03_06-17_39_51,valid,,specimen_1__2025_03_06-17_39_51__Clip_1__start,0.21338155515370705,2.95849609375,3.2831485271453857,0.0,,2.9987564086914062,0.0,2.9811089038848877,2.995751142501831,1.3094472885131836,0.5180265654648957,-0.349342942237854,2.6785714285714284,8.524590163934425,0.0,0.0,0.0,0.0,1741279197_390876054,0.7811934900542495,1.8817163705825806,2.2318031787872314,2.312803268432617,,,2.401376247406006,,0.25274223034734916,0.27314814814814814,0.0054249547920434,34.83606557377049,13.27668613913967,0.38140417457305503,66.54478976234005,13.939670932358316,4.341864716636198,1.9132126569747925,2.8700780868530273,76.41681901279708,24.177330895795247,5.712979890310786,2.2625555992126465,2.975332260131836,-0.18259493578212135,1.6190558671951294,specimen_1__2025_03_06-17_39_51__Clip_1__start,valid,0.005768514703959227,0.060407210141420364,0.6202448010444641,0.3120487928390503,0.618595825426945,2188
v3.2c,specimen_1,2025_03_06-17_39_51,valid,,specimen_1__2025_03_06-17_39_51__Clip_1__end,0.224105461393597,4.13205623626709,4.23163366317749,0.0,,2.9985580444335938,0.0,2.9833984375,2.9941024780273438,1.2882517576217651,0.5436507936507936,-0.33724892139434814,2.77337559429477,13.461538461538462,0.0,0.0,0.0,0.0,1741279208_726855754,0.768361581920904,1.781760334968567,2.122711658477783,2.6234092712402344,,,2.435898542404175,,0.2627412172191984,0.2916666666666667,0.007532956685499058,32.015810276679844,13.399648917495611,0.36706349206349204,62.444334487877285,15.437902028698664,5.244928253339931,1.817811369895935,2.858562469482422,72.73626917367639,24.690747154873822,6.28401781296388,2.155060291290283,2.929440498352051,-0.18552470678718153,1.6045831143856049,specimen_1__2025_03_06-17_39_51__Clip_1__end,valid,0.006013318430632353,0.05999856814742088,0.6000320315361023,0.30187180638313293,0.628968253968254,2021
v3.2c,specimen_1,2025_03_06-17_39_51,valid,,specimen_1__2025_03_06-17_39_51__Clip_2__start,0.224105461393597,4.13205623626709,4.23163366317749,0.0,,2.9985580444335938,0.0,2.9833984375,2.9941024780273438,1.2882517576217651,0.5436507936507936,-0.33724892139434814,2.77337559429477,13.461538461538462,0.0,0.0,0.0,0.0,1741279208_726855754,0.768361581920904,1.781760334968567,2.122711658477783,2.6234092712402344,,,2.435898542404175,,0.2627412172191984,0.2916666666666667,0.007532956685499058,32.015810276679844,13.399648917495611,0.36706349206349204,62.444334487877285,15.437902028698664,5.244928253339931,1.817811369895935,2.858562469482422,72.73626917367639,24.690747154873822,6.28401781296388,2.155060291290283,2.929440498352051,-0.18552470678718153,1.6042031347751617,specimen_1__2025_03_06-17_39_51__Clip_2__start,valid,0.006013318430632353,0.05999856814742088,0.6000320315361023,0.30187180638313293,0.628968253968254,2021
v3.2c,specimen_1,2025_03_06-17_39_51,valid,,specimen_1__2025_03_06-17_39_51__Clip_2__end,0.28188976377952757,2.9171130657196045,3.0077695846557617,0.0,,2.998565673828125,0.0,2.9875946044921875,2.9970691204071045,1.0801793336868286,0.606473594548552,-0.2958405017852783,4.2508710801393725,13.366336633663368,0.0,0.0,0.0,0.0,1741279216_465456247,0.7070866141732284,2.0400986671447754,2.346641778945923,2.538053274154663,,,2.407553195953369,,0.29981114258734654,0.3986636971046771,0.011023622047244094,38.65300146412884,13.068844807467912,0.3850085178875639,67.75259678942398,19.07459867799811,7.0349386213408875,2.0835766792297363,3.2599668502807617,77.33711048158641,27.101038715769594,7.743153918791313,2.3794171810150146,3.2153124809265137,-0.1419868559359407,1.5985253266990185,specimen_1__2025_03_06-17_39_51__Clip_2__end,valid,0.005528601817786694,0.05792330950498581,0.5762805342674255,0.2882829010486603,0.606473594548552,2118
v3.2c,specimen_1,2025_03_06-17_39_51,valid,,specimen_1__2025_03_06-17_39_51__Clip_3__start,0.28188976377952757,2.9171130657196045,3.0077695846557617,0.0,,2.998565673828125,0.0,2.9875946044921875,2.9970691204071045,1.0801793336868286,0.606473594548552,-0.2958405017852783,4.2508710801393725,13.366336633663368,0.0,0.0,0.0,0.0,1741279216_465456247,0.7070866141732284,2.0400986671447754,2.346641778945923,2.538053274154663,,,2.407553195953369,,0.29981114258734654,0.3986636971046771,0.011023622047244094,38.65300146412884,13.068844807467912,0.3850085178875639,67.75259678942398,19.07459867799811,7.0349386213408875,2.0835766792297363,3.2599668502807617,77.33711048158641,27.101038715769594,7.743153918791313,2.3794171810150146,3.2153124809265137,-0.1419868559359407,1.611372921615839,specimen_1__2025_03_06-17_39_51__Clip_3__start,valid,0.005528601817786694,0.05792330950498581,0.5762805342674255,0.2882829010486603,0.606473594548552,2118
v3.2c,specimen_1,2025_03_06-17_39_51,usable_with_warning,,specimen_1__2025_03_06-17_39_51__Clip_3__end,0.364010989010989,3.328004837036133,3.010284423828125,0.0,,2.9988784790039062,0.0,2.990225315093994,2.9970757961273193,0.842288613319397,0.5967976710334789,-0.18680071830749512,3.547523427041499,12.619502868068832,0.0,0.0,0.0,0.0,1741279225_393536329,0.6291208791208791,2.3337457180023193,2.5502238273620605,2.680107831954956,,,2.504788637161255,,0.3111111111111111,0.5786026200873362,0.006868131868131868,32.62411347517731,15.079801871216292,0.2765647743813683,63.84615384615384,22.350427350427353,12.222222222222221,2.3889822959899902,3.799898147583008,73.37606837606837,31.23931623931624,10.982905982905983,2.5757830142974854,3.5271008014678955,-0.07819259214312646,1.5885001048445702,specimen_1__2025_03_06-17_39_51__Clip_3__end,usable_with_warning,0.00521568488329649,0.05991192162036896,0.6026747226715088,0.3032713532447815,0.7234352256186317,2340
v3.2c,specimen_1,2025_03_06-17_39_51,usable_with_warning,,specimen_1__2025_03_06-17_39_51__Clip_4__start,0.364010989010989,3.328004837036133,3.010284423828125,0.0,,2.9988784790039062,0.0,2.990225315093994,2.9970757961273193,0.842288613319397,0.5967976710334789,-0.18680071830749512,3.547523427041499,12.619502868068832,0.0,0.0,0.0,0.0,1741279225_393536329,0.6291208791208791,2.3337457180023193,2.5502238273620605,2.680107831954956,,,2.504788637161255,,0.3111111111111111,0.5786026200873362,0.006868131868131868,32.62411347517731,15.079801871216292,0.2765647743813683,63.84615384615384,22.350427350427353,12.222222222222221,2.3889822959899902,3.799898147583008,73.37606837606837,31.23931623931624,10.982905982905983,2.5757830142974854,3.5271008014678955,-0.07819259214312646,1.5935171395540237,specimen_1__2025_03_06-17_39_51__Clip_4__start,usable_with_warning,0.00521568488329649,0.05991192162036896,0.6026747226715088,0.3032713532447815,0.7234352256186317,2340
v3.2c,specimen_1,2025_03_06-17_38_21,valid,,specimen_1__2025_03_06-17_38_21__Clip_1__start,0.2807017543859649,3.9454195499420166,3.7970447540283203,0.0,,2.9993820190429688,0.0,2.991398572921753,2.9984023571014404,0.49585384130477905,0.5648148148148148,-0.23132014274597168,1.3813813813813813,1.7857142857142856,0.0,0.0,0.0,0.0,1741279107_899443149,0.7070175438596491,2.766857862472534,3.0104641914367676,2.7526848316192627,,,2.430190086364746,,0.24474023185916702,0.3970223325062035,0.012280701754385965,32.831325301204814,11.791269443050677,0.3111111111111111,71.48990983254616,14.426792614856163,7.642765135251181,2.8037986755371094,5.766839504241943,79.86260197509661,24.25933877200515,9.188492915414342,3.035118818283081,5.311617374420166,-0.08250240816654172,1.592995598912239,specimen_1__2025_03_06-17_38_21__Clip_1__start,valid,0.006106043700128794,0.0700693428516388,0.6974470019340515,0.35121485590934753,0.6851851851851852,2329
v3.2c,specimen_1,2025_03_06-17_38_21,usable_with_warning,,specimen_1__2025_03_06-17_38_21__Clip_1__end,0.7074626865671642,3.3125,2.7740705013275146,0.0,,2.9984664916992188,0.0,2.9800002574920654,2.994074583053589,0.6286566853523254,0.9123867069486404,0.3750765323638916,11.782661782661782,44.38902743142145,0.0,0.0,0.0,0.0,1741279119_003957033,0.26417910447761195,2.4970617294311523,2.130398750305176,2.3319437503814697,,,1.6633135080337524,,0.3096118299445471,2.6779661016949152,0.028358208955223882,16.159695817490494,3.0062393647192285,0.45317220543806647,75.6931608133087,18.530499075785585,7.43992606284658,2.5370047092437744,4.288360118865967,70.70240295748613,12.754158964879853,5.961182994454713,2.161928176879883,3.590266704559326,0.147842268876077,1.589581836014986,specimen_1__2025_03_06-17_38_21__Clip_1__end,usable_with_warning,0.020254625007510185,0.2118847817182541,1.0,0.8735625147819519,0.5362537764350453,2164
v3.2c,specimen_1,2025_03_06-17_38_21,usable_with_warning,,specimen_1__2025_03_06-17_38_21__Clip_2__start,0.7074626865671642,3.3125,2.7740705013275146,0.0,,2.9984664916992188,0.0,2.9800002574920654,2.994074583053589,0.6286566853523254,0.9123867069486404,0.3750765323638916,11.782661782661782,44.38902743142145,0.0,0.0,0.0,0.0,1741279119_003957033,0.26417910447761195,2.4970617294311523,2.130398750305176,2.3319437503814697,,,1.6633135080337524,,0.3096118299445471,2.6779661016949152,0.028358208955223882,16.159695817490494,3.0062393647192285,0.45317220543806647,75.6931608133087,18.530499075785585,7.43992606284658,2.5370047092437744,4.288360118865967,70.70240295748613,12.754158964879853,5.961182994454713,2.161928176879883,3.590266704559326,0.147842268876077,1.5933969989418983,specimen_1__2025_03_06-17_38_21__Clip_2__start,usable_with_warning,0.020254625007510185,0.2118847817182541,1.0,0.8735625147819519,0.5362537764350453,2164
v3.2c,specimen_1,2025_03_06-17_38_21,usable_with_warning,,specimen_1__2025_03_06-17_38_21__Clip_2__end,0.38070175438596493,5.65625,5.00556755065918,0.0,,2.9986648559570312,0.0,2.977515459060669,2.993910789489746,0.9171878099441528,0.6198198198198198,-0.1277477741241455,5.3324968632371395,20.491803278688526,0.0,0.0,0.0,0.0,1741279127_773593664,0.5912280701754385,2.1734793186187744,2.320185899734497,2.4294776916503906,,,2.376840114593506,,0.26573426573426573,0.6439169139465876,0.028070175438596492,28.13067150635209,11.467116357504215,0.3441441441441441,74.31235431235432,17.062937062937063,6.247086247086247,2.256286382675171,3.4844768047332764,77.57575757575758,23.076923076923077,7.5524475524475525,2.3840341567993164,3.32468318939209,-0.05661859908611472,1.6048536635935307,specimen_1__2025_03_06-17_38_21__Clip_2__end,usable_with_warning,0.0074567063711583614,0.07816538214683533,0.7865728735923767,0.3963783085346222,0.645045045045045,2145
v3.2c,specimen_1,2025_03_06-17_38_21,usable_with_warning,,specimen_1__2025_03_06-17_38_21__Clip_3__start,0.38070175438596493,5.65625,5.00556755065918,0.0,,2.9986648559570312,0.0,2.977515459060669,2.993910789489746,0.9171878099441528,0.6198198198198198,-0.1277477741241455,5.3324968632371395,20.491803278688526,0.0,0.0,0.0,0.0,1741279127_773593664,0.5912280701754385,2.1734793186187744,2.320185899734497,2.4294776916503906,,,2.376840114593506,,0.26573426573426573,0.6439169139465876,0.028070175438596492,28.13067150635209,11.467116357504215,0.3441441441441441,74.31235431235432,17.062937062937063,6.247086247086247,2.256286382675171,3.4844768047332764,77.57575757575758,23.076923076923077,7.5524475524475525,2.3840341567993164,3.32468318939209,-0.05661859908611472,1.5876488760113716,specimen_1__2025_03_06-17_38_21__Clip_3__start,usable_with_warning,0.0074567063711583614,0.07816538214683533,0.7865728735923767,0.3963783085346222,0.645045045045045,2145
v3.2c,specimen_1,2025_03_06-17_38_21,valid,,specimen_1__2025_03_06-17_38_21__Clip_3__end,0.3382352941176471,4.9375,4.700201511383057,0.0,,2.99847412109375,0.0,2.9743971824645996,2.990466833114624,1.0138421058654785,0.5915221579961464,-0.17270588874816895,4.339622641509433,22.22222222222222,0.0,0.0,0.0,0.0,1741279136_944712162,0.6525735294117647,1.9897211790084839,2.179090738296509,2.542105197906494,,,2.3883297443389893,,0.24704813805631246,0.5183098591549296,0.009191176470588236,31.699346405228756,11.507293354943274,0.325626204238921,72.20708446866485,15.940054495912806,5.767484105358765,2.1048479080200195,3.2303595542907715,77.88374205267938,22.070844686648503,5.767484105358765,2.2775537967681885,3.1334095001220703,-0.08205148129236059,1.5996559523046017,specimen_1__2025_03_06-17_38_21__Clip_3__end,valid,0.007050219923257828,0.07734926044940948,0.7619130611419678,0.3844633996486664,0.6724470134874759,2202
v3.2c,specimen_1,2025_03_06-17_38_21,valid,,specimen_1__2025_03_06-17_38_21__Clip_4__start,0.3382352941176471,4.9375,4.700201511383057,0.0,,2.99847412109375,0.0,2.9743971824645996,2.990466833114624,1.0138421058654785,0.5915221579961464,-0.17270588874816895,4.339622641509433,22.22222222222222,0.0,0.0,0.0,0.0,1741279136_944712162,0.6525735294117647,1.9897211790084839,2.179090738296509,2.542105197906494,,,2.3883297443389893,,0.24704813805631246,0.5183098591549296,0.009191176470588236,31.699346405228756,11.507293354943274,0.325626204238921,72.20708446866485,15.940054495912806,5.767484105358765,2.1048479080200195,3.2303595542907715,77.88374205267938,22.070844686648503,5.767484105358765,2.2775537967681885,3.1334095001220703,-0.08205148129236059,1.6010291874408722,specimen_1__2025_03_06-17_38_21__Clip_4__start,valid,0.007050219923257828,0.07734926044940948,0.7619130611419678,0.3844633996486664,0.6724470134874759,2202
v3.2c,specimen_1,2025_03_06-17_38_21,valid,,specimen_1__2025_03_06-17_38_21__Clip_4__end,0.25918367346938775,4.530481338500977,4.242927074432373,0.0,,2.9989471435546875,0.0,2.973789691925049,2.9901039600372314,1.2370352745056152,0.5876068376068376,-0.24184560775756836,3.3287101248266295,21.311475409836063,0.0,0.0,0.0,0.0,1741279148_278485298,0.726530612244898,1.7693978548049927,2.026355028152466,2.415950059890747,,,2.354499340057373,,0.2229299363057325,0.35674157303370785,0.014285714285714285,28.174603174603174,9.984152139461171,0.38675213675213677,65.60509554140127,13.876251137397636,3.912647861692448,1.846024751663208,2.834092140197754,73.11191992720654,19.51774340309372,4.777070063694268,2.0878703594207764,2.8694772720336914,-0.1310088651518206,1.6147489659488201,specimen_1__2025_03_06-17_38_21__Clip_4__end,valid,0.007126241456717253,0.07472708821296692,0.7665355205535889,0.38598155975341797,0.6111111111111112,2198
v3.2c,specimen_1,2025_03_06-17_38_21,valid,,specimen_1__2025_03_06-17_38_21__Clip_5__start,0.25918367346938775,4.530481338500977,4.242927074432373,0.0,,2.9989471435546875,0.0,2.973789691925049,2.9901039600372314,1.2370352745056152,0.5876068376068376,-0.24184560775756836,3.3287101248266295,21.311475409836063,0.0,0.0,0.0,0.0,1741279148_278485298,0.726530612244898,1.7693978548049927,2.026355028152466,2.415950059890747,,,2.354499340057373,,0.2229299363057325,0.35674157303370785,0.014285714285714285,28.174603174603174,9.984152139461171,0.38675213675213677,65.60509554140127,13.876251137397636,3.912647861692448,1.846024751663208,2.834092140197754,73.11191992720654,19.51774340309372,4.777070063694268,2.0878703594207764,2.8694772720336914,-0.1310088651518206,1.604854129254818,specimen_1__2025_03_06-17_38_21__Clip_5__start,valid,0.007126241456717253,0.07472708821296692,0.7665355205535889,0.38598155975341797,0.6111111111111112,2198
v3.2c,specimen_2,2025_04_10-16_07_15,valid,direct_ps,specimen_2__2025_04_10-16_07_15__Clip_1__start,0.0,,,0.0,,0.0,0.0,0.0,0.0,0.0,nan,0.0,0.0,0.0,0.0,0.0,0.0,0.0,1744294061_039222002,0.0,1.1747450828552246,1.1747450828552246,0.0,,,0.0,,0.0,0.0,0.0,0.0,0.0,nan,67.26526423807081,0.0,0.0,1.1747450828552246,1.2934772968292236,67.26526423807081,0.0,0.0,1.1747450828552246,1.2934772968292236,0.0,1.607757993042469,specimen_2__2025_04_10-16_07_15__Clip_1__start,valid,0.0,0.0,0.0,0.0,nan,1949
v3.2c,specimen_2,2025_04_10-16_07_15,valid,direct_ps,specimen_2__2025_04_10-16_07_15__Clip_1__end,0.0,,,0.0,,0.0,0.0,0.0,0.0,0.0,nan,0.0,0.0,0.0,0.0,0.0,0.0,0.0,1744294083_538976430,0.0,1.6120314598083496,1.6120314598083496,0.0,,,0.0,,0.0,0.0,0.0,0.0,0.0,nan,99.78880675818374,1.0559662090813093,0.0,1.6120314598083496,1.6752078533172607,99.78880675818374,1.0559662090813093,0.0,1.6120314598083496,1.6752078533172607,0.0,1.601208932697773,specimen_2__2025_04_10-16_07_15__Clip_1__end,valid,0.0,0.0,0.0,0.0,nan,947
v3.2c,specimen_2,2025_04_10-16_18_24,valid,direct_ps,specimen_2__2025_04_10-16_18_24__Clip_1__start,0.0,,,0.0,,0.0,0.0,0.0,0.0,0.0,nan,0.0,0.0,0.0,0.0,0.0,0.0,0.0,1744294710_339358568,0.0,0.510937511920929,0.510937511920929,0.0,,,0.0,,0.0,0.0,0.0,0.0,0.0,nan,10.0,0.0,0.0,0.510937511920929,0.6121531128883362,10.0,0.0,0.0,0.510937511920929,0.6121531128883362,0.0,1.5792669728398323,specimen_2__2025_04_10-16_18_24__Clip_1__start,valid,0.0,0.0,0.0,0.0,nan,10
v3.2c,specimen_2,2025_04_10-16_18_24,valid,direct_ps,specimen_2__2025_04_10-16_18_24__Clip_1__end,0.0,,,0.0,,0.0,0.0,0.0,0.0,0.0,nan,0.0,0.0,0.0,0.0,0.0,0.0,0.0,1744294729_138015747,0.0,0.74609375,0.74609375,0.0,,,0.0,,0.0,0.0,0.0,0.0,0.0,nan,16.666666666666664,0.0,0.0,0.74609375,0.8518491387367249,16.666666666666664,0.0,0.0,0.74609375,0.8518491387367249,0.0,1.5821196138858795,specimen_2__2025_04_10-16_18_24__Clip_1__end,valid,0.0,0.0,0.0,0.0,nan,12
v3.2c,specimen_2,2025_04_10-16_13_29,valid,direct_ps,specimen_2__2025_04_10-16_13_29__Clip_1__start,0.6666666666666666,24.75,21.754737854003906,0.0,,2.9983901977539062,2.9834518432617188,2.998361587524414,2.998384475708008,0.20597811043262482,0.6666666666666666,0.9908943176269531,0.0,0.0,0.0,0.0,0.0,0.0,1744294416_840066432,0.3333333333333333,12.362500190734863,11.772479057312012,2.9719181060791016,,,2.9711532592773438,,1.0,2.0,0.0,0.0,0.0,0.0,100.0,100.0,100.0,14.427083015441895,16.446943283081055,100.0,100.0,100.0,13.436188697814941,14.629642486572266,0.06868292894456618,1.586665865033865,specimen_2__2025_04_10-16_13_29__Clip_1__start,valid,0.5000821948051453,0.5000821948051453,0.5000821948051453,0.5000821948051453,1.0,6
v3.2c,specimen_2,2025_04_10-16_13_29,valid,direct_ps,specimen_2__2025_04_10-16_13_29__Clip_1__end,0.8235294117647058,,,0.0,,2.9465789794921875,0.0,2.9396567344665527,2.9455182552337646,0.6856861710548401,0.875,0.36048007011413574,4.761904761904762,23.809523809523807,0.0,0.0,0.0,0.0,1744294440_072760820,0.17647058823529413,3.1566011905670166,2.796121120452881,2.9181880950927734,,,2.9239680767059326,,0.19101123595505617,4.666666666666667,0.0,3.8461538461538463,4.25531914893617,0.0,70.78651685393258,47.19101123595505,28.08988764044944,3.1566011905670166,4.066948890686035,68.53932584269663,38.20224719101123,22.47191011235955,2.796121120452881,3.7114739418029785,0.11419880065665917,1.587138045579195,specimen_2__2025_04_10-16_13_29__Clip_1__end,valid,0.33568572998046875,0.33568572998046875,1.0,1.0,1.0,89
v3.2c,specimen_2,2025_04_10-16_32_24,valid,direct_ps,specimen_2__2025_04_10-16_32_24__Clip_1__start,,,,,,,,,,,,,,,,,,,1744295550_206134319,,,,,,,,,,,,,,,,,,,,,,,,,,1.5903222374618053,specimen_2__2025_04_10-16_32_24__Clip_1__start,valid,,,,,,0
v3.2c,specimen_1,2025_03_06-17_33_33,valid,,specimen_1__2025_03_06-17_33_33__Clip_1__start,0.3611111111111111,5.353515625,4.337260723114014,0.0,,2.997577667236328,2.900470733642578,2.9918689727783203,2.9952709674835205,1.5013394355773926,0.4942528735632184,-0.565842866897583,14.229249011857709,10.0,0.0,0.0,0.0,0.0,1741278820_356170415,0.6333333333333333,2.0457282066345215,2.6502766609191895,1.7990249395370483,,,2.687683582305908,,0.5373134328358209,0.5701754385964912,0.005555555555555556,57.3170731707317,27.547169811320753,0.40229885057471265,75.5223880597015,20.8955223880597,6.865671641791045,2.1247200965881348,2.679901361465454,78.80597014925374,40.59701492537313,13.134328358208954,2.6905629634857178,3.2862281799316406,-0.266314074878009,1.5842230059206486,specimen_1__2025_03_06-17_33_33__Clip_1__start,valid,0.00978021789342165,0.029330085963010788,0.32141008973121643,0.15624581277370453,0.5804597701149425,335
v3.2c,specimen_1,2025_03_06-17_33_33,usable_with_warning,,specimen_1__2025_03_06-17_33_33__Clip_1__end,0.21395348837209302,4.130208492279053,5.587184906005859,0.0,,2.9957656860351562,2.9191055297851562,2.991889715194702,2.9948887825012207,1.727820634841919,0.37799043062200954,-1.0711286067962646,13.545816733067728,11.627906976744185,0.0,0.0,0.0,0.0,1741278834_696634531,0.786046511627907,1.80342435836792,2.867621421813965,1.8334025144577026,,,2.653965711593628,,0.6323529411764706,0.27218934911242604,0.0,86.51685393258427,38.04713804713805,0.33014354066985646,73.82352941176471,12.647058823529411,1.7647058823529411,1.8444852828979492,2.195979356765747,86.47058823529412,44.41176470588235,10.588235294117647,2.915613889694214,3.4163906574249268,-0.58071951927606,1.5920251607894897,specimen_1__2025_03_06-17_33_33__Clip_1__end,usable_with_warning,0.00667922105640173,0.020034141838550568,0.22630983591079712,0.11335057020187378,0.6602870813397129,340
v3.2c,specimen_2,2025_04_10-16_28_15,valid,direct_ps,specimen_2__2025_04_10-16_28_15__Clip_1__start,,,,,,,,,,,,,,,,,,,1744295308_437940120,,,,,,,,,,,,,,,,,,,,,,,,,,1.6105929389595985,specimen_2__2025_04_10-16_28_15__Clip_1__start,valid,,,,,,0
v3.2c,specimen_3,2025_05_08-14_25_47,valid,direct_polaris,specimen_3__2025_05_08-14_25_47__Clip_1__start,0.8974358974358975,45.55921173095703,42.891326904296875,0.0,,2.9998550415039062,0.0,2.9996981620788574,2.9997940063476562,0.05411404371261597,0.8974358974358975,0.3249330520629883,0.18248175182481752,0.2066115702479339,0.0,0.0,0.0,0.0,1746707154_474355459,0.10256410256410256,10.004068374633789,9.759634971618652,2.9940223693847656,,,2.964937925338745,,0.13636363636363635,8.75,0.0,0.0,0.0,0.01282051282051282,95.8041958041958,84.61538461538461,41.95804195804196,11.18509578704834,22.29217529296875,95.62937062937063,84.44055944055944,43.00699300699301,10.860162734985352,21.299705505371094,0.029050538166981187,1.5851040370762348,specimen_3__2025_05_08-14_25_47__Clip_1__start,valid,0.12597046792507172,0.6280709505081177,1.0,1.0,0.9871794871794872,572
v3.2c,specimen_2,2025_04_10-16_08_53,valid,direct_ps,specimen_2__2025_04_10-16_08_53__Clip_1__start,0.0,,,0.0,,0.0,0.0,0.0,0.0,0.0,nan,0.0,0.0,0.0,0.0,0.0,0.0,0.0,1744294140_239328861,0.0,1.0212260484695435,1.0212260484695435,0.0,,,0.0,,0.0,0.0,0.0,0.0,0.0,nan,49.2299522039299,0.2655337227827934,0.0,1.0212260484695435,1.1823842525482178,49.2299522039299,0.2655337227827934,0.0,1.0212260484695435,1.1823842525482178,0.0,1.5986948274075985,specimen_2__2025_04_10-16_08_53__Clip_1__start,valid,0.0,0.0,0.0,0.0,nan,1883
v3.2c,specimen_2,2025_04_10-16_08_53,valid,direct_ps,specimen_2__2025_04_10-16_08_53__Clip_1__end,0.0,,,0.0,,0.0,0.0,0.0,0.0,0.0,nan,0.0,0.0,0.0,0.0,0.0,0.0,0.0,1744294158_406133651,0.0,1.0316556692123413,1.0316556692123413,0.0,,,0.0,,0.0,0.0,0.0,0.0,0.0,nan,58.842617631151974,0.0,0.0,1.0316556692123413,1.1728956699371338,58.842617631151974,0.0,0.0,1.0316556692123413,1.1728956699371338,0.0,1.5888409689068794,specimen_2__2025_04_10-16_08_53__Clip_1__end,valid,0.0,0.0,0.0,0.0,nan,1849
v3.2c,specimen_2,2025_04_10-16_08_53,valid,direct_ps,specimen_2__2025_04_10-16_08_53__Clip_2__start,0.0,,,0.0,,0.0,0.0,0.0,0.0,0.0,nan,0.0,0.0,0.0,0.0,0.0,0.0,0.0,1744294158_406133651,0.0,1.0316556692123413,1.0316556692123413,0.0,,,0.0,,0.0,0.0,0.0,0.0,0.0,nan,58.842617631151974,0.0,0.0,1.0316556692123413,1.1728956699371338,58.842617631151974,0.0,0.0,1.0316556692123413,1.1728956699371338,0.0,1.5854346565902233,specimen_2__2025_04_10-16_08_53__Clip_2__start,valid,0.0,0.0,0.0,0.0,nan,1849
v3.2c,specimen_2,2025_04_10-16_08_53,usable_with_warning,direct_ps,specimen_2__2025_04_10-16_08_53__Clip_2__end,0.0,,,0.0,,0.0,0.0,0.0,0.0,0.0,nan,0.0,0.0,0.0,0.0,0.0,0.0,0.0,1744294172_039264440,0.0,1.1772923469543457,1.1772923469543457,0.0,,,0.0,,0.0,0.0,0.0,0.0,0.0,nan,68.02631578947368,0.0,0.0,1.1772923469543457,1.2910116910934448,68.02631578947368,0.0,0.0,1.1772923469543457,1.2910116910934448,0.0,1.5935967676341534,specimen_2__2025_04_10-16_08_53__Clip_2__end,usable_with_warning,0.0,0.0,0.0,0.0,nan,1520
v3.2c,specimen_2,2025_04_10-16_08_53,usable_with_warning,direct_ps,specimen_2__2025_04_10-16_08_53__Clip_3__start,0.0,,,0.0,,0.0,0.0,0.0,0.0,0.0,nan,0.0,0.0,0.0,0.0,0.0,0.0,0.0,1744294172_039264440,0.0,1.1772923469543457,1.1772923469543457,0.0,,,0.0,,0.0,0.0,0.0,0.0,0.0,nan,68.02631578947368,0.0,0.0,1.1772923469543457,1.2910116910934448,68.02631578947368,0.0,0.0,1.1772923469543457,1.2910116910934448,0.0,1.5826108865439892,specimen_2__2025_04_10-16_08_53__Clip_3__start,usable_with_warning,0.0,0.0,0.0,0.0,nan,1520
v3.2c,specimen_2,2025_04_10-16_08_53,valid,direct_ps,specimen_2__2025_04_10-16_08_53__Clip_3__end,0.0,,,0.0,,0.0,0.0,0.0,0.0,0.0,nan,0.0,0.0,0.0,0.0,0.0,0.0,0.0,1744294190_338742733,0.0,1.0312992334365845,1.0312992334365845,0.0,,,0.0,,0.0,0.0,0.0,0.0,0.0,nan,40.02100840336135,0.0,0.0,1.0312992334365845,1.13595449924469,40.02100840336135,0.0,0.0,1.0312992334365845,1.13595449924469,0.0,1.5844027511775494,specimen_2__2025_04_10-16_08_53__Clip_3__end,valid,0.0,0.0,0.0,0.0,nan,952
v3.2c,specimen_2,2025_04_10-16_08_53,valid,direct_ps,specimen_2__2025_04_10-16_08_53__Clip_4__start,0.0,,,0.0,,0.0,0.0,0.0,0.0,0.0,nan,0.0,0.0,0.0,0.0,0.0,0.0,0.0,1744294190_338742733,0.0,1.0312992334365845,1.0312992334365845,0.0,,,0.0,,0.0,0.0,0.0,0.0,0.0,nan,40.02100840336135,0.0,0.0,1.0312992334365845,1.13595449924469,40.02100840336135,0.0,0.0,1.0312992334365845,1.13595449924469,0.0,1.5780739486217499,specimen_2__2025_04_10-16_08_53__Clip_4__start,valid,0.0,0.0,0.0,0.0,nan,952
v3.2c,specimen_2,2025_04_10-16_08_53,valid,direct_ps,specimen_2__2025_04_10-16_08_53__Clip_4__end,0.0,,,0.0,,0.0,0.0,0.0,0.0,0.0,nan,0.0,0.0,0.0,0.0,0.0,0.0,0.0,1744294204_338754653,0.0,0.44614270329475403,0.44614270329475403,0.0,,,0.0,,0.0,0.0,0.0,0.0,0.0,nan,5.449591280653951,5.449591280653951,2.17983651226158,0.44614270329475403,1.33162260055542,5.449591280653951,5.449591280653951,2.17983651226158,0.44614270329475403,1.33162260055542,0.0,1.586786936968565,specimen_2__2025_04_10-16_08_53__Clip_4__end,valid,0.0,0.0,0.0,0.0,nan,367
v3.2c,specimen_2,2025_04_10-16_08_53,valid,direct_ps,specimen_2__2025_04_10-16_08_53__Clip_5__start,0.0,,,0.0,,0.0,0.0,0.0,0.0,0.0,nan,0.0,0.0,0.0,0.0,0.0,0.0,0.0,1744294204_338754653,0.0,0.44614270329475403,0.44614270329475403,0.0,,,0.0,,0.0,0.0,0.0,0.0,0.0,nan,5.449591280653951,5.449591280653951,2.17983651226158,0.44614270329475403,1.33162260055542,5.449591280653951,5.449591280653951,2.17983651226158,0.44614270329475403,1.33162260055542,0.0,1.5883487649261951,specimen_2__2025_04_10-16_08_53__Clip_5__start,valid,0.0,0.0,0.0,0.0,nan,367
v3.2c,specimen_3,2025_05_08-14_24_24,valid,direct_polaris,specimen_3__2025_05_08-14_24_24__Clip_1__start,0.0,,,0.0,,0.0,0.0,0.0,0.0,0.0,nan,0.0,0.0,0.0,0.0,0.0,0.0,0.0,1746707079_607564926,0.0,4.2794294357299805,4.2794294357299805,0.0,,,0.0,,0.0,0.0,0.0,0.0,0.0,nan,99.1304347826087,85.21739130434783,27.1304347826087,4.2794294357299805,4.4214887619018555,99.1304347826087,85.21739130434783,27.1304347826087,4.2794294357299805,4.4214887619018555,0.0,1.6049151308834553,specimen_3__2025_05_08-14_24_24__Clip_1__start,valid,0.0,0.0,0.0,0.0,nan,575
v3.2c,specimen_1,2025_03_06-17_36_19,valid,,specimen_1__2025_03_06-17_36_19__Clip_1__start,0.17088607594936708,4.039843559265137,4.647860527038574,0.0,,2.99908447265625,2.917543411254883,2.9886715412139893,2.9936368465423584,1.2990869283676147,0.20253164556962025,-1.0940477848052979,11.827956989247312,14.893617021276595,0.0,0.0,0.0,0.0,1741278986_751394987,0.8291139240506329,2.371694803237915,3.5031299591064453,2.6930124759674072,,,2.8934714794158936,,0.5642857142857143,0.20610687022900764,0.0,50.0,51.61290322580645,0.08860759493670886,66.42857142857143,33.57142857142857,13.214285714285715,2.4908483028411865,3.388979434967041,75.35714285714286,62.857142857142854,25.71428571428571,3.5848960876464844,4.39053201675415,-0.4392269828545448,1.5949900262057781,specimen_1__2025_03_06-17_36_19__Clip_1__start,valid,0.007886734791100025,0.015773167833685875,0.21997730433940887,0.11018148809671402,0.9050632911392406,280
v3.2c,specimen_1,2025_03_06-17_36_19,valid,,specimen_1__2025_03_06-17_36_19__Clip_1__end,0.20422535211267606,6.50390625,6.50390625,0.0,,2.997539520263672,2.911892890930176,2.989483594894409,2.9965932369232178,1.712922215461731,0.2949640287769784,-0.9792191982269287,15.476190476190476,17.543859649122805,0.0,0.0,0.0,0.0,1741278996_409678220,0.795774647887324,1.9708125591278076,2.9656991958618164,2.4000558853149414,,,2.8170201778411865,,0.5590551181102362,0.25663716814159293,0.0,55.81395348837209,47.71573604060914,0.2158273381294964,66.14173228346458,22.440944881889763,5.118110236220472,2.0421998500823975,2.570383310317993,74.80314960629921,55.51181102362205,16.535433070866144,3.021419048309326,3.593869924545288,-0.4794923465435666,1.5971530228853226,specimen_1__2025_03_06-17_36_19__Clip_1__end,valid,0.009377812035381794,0.018735431134700775,0.23311924934387207,0.11212519556283951,0.7841726618705036,254
v3.2c,specimen_1,2025_03_06-17_36_19,valid,,specimen_1__2025_03_06-17_36_19__Clip_2__start,0.20422535211267606,6.50390625,6.50390625,0.0,,2.997539520263672,2.911892890930176,2.989483594894409,2.9965932369232178,1.712922215461731,0.2949640287769784,-0.9792191982269287,15.476190476190476,17.543859649122805,0.0,0.0,0.0,0.0,1741278996_409678220,0.795774647887324,1.9708125591278076,2.9656991958618164,2.4000558853149414,,,2.8170201778411865,,0.5590551181102362,0.25663716814159293,0.0,55.81395348837209,47.71573604060914,0.2158273381294964,66.14173228346458,22.440944881889763,5.118110236220472,2.0421998500823975,2.570383310317993,74.80314960629921,55.51181102362205,16.535433070866144,3.021419048309326,3.593869924545288,-0.4794923465435666,1.5942580066621304,specimen_1__2025_03_06-17_36_19__Clip_2__start,valid,0.009377812035381794,0.018735431134700775,0.23311924934387207,0.11212519556283951,0.7841726618705036,254
v3.2c,specimen_1,2025_03_06-17_36_19,valid,,specimen_1__2025_03_06-17_36_19__Clip_2__end,0.248,0.25,3.202556610107422,0.0,,2.9971237182617188,2.8913660049438477,2.988823413848877,2.995168685913086,1.8809020519256592,0.40336134453781514,-0.7676613330841064,14.012738853503185,12.658227848101266,0.0,0.0,0.0,0.0,1741279006_770105361,0.744,2.4354424476623535,3.1941123008728027,2.188328981399536,,,2.7429215908050537,,0.5122950819672131,0.3333333333333333,0.008,57.47126436781609,41.21212121212121,0.3025210084033613,64.34426229508196,32.37704918032787,13.934426229508196,2.426485538482666,3.2671542167663574,75.81967213114754,56.14754098360656,18.852459016393443,3.1941468715667725,3.880851984024048,-0.3163675698492486,1.6041630879044533,specimen_1__2025_03_06-17_36_19__Clip_2__end,valid,0.011746631003916264,0.023491064086556435,0.27960076928138733,0.14019480347633362,0.680672268907563,244
v3.2c,specimen_1,2025_03_06-17_36_19,valid,,specimen_1__2025_03_06-17_36_19__Clip_3__start,0.248,0.25,3.202556610107422,0.0,,2.9971237182617188,2.8913660049438477,2.988823413848877,2.995168685913086,1.8809020519256592,0.40336134453781514,-0.7676613330841064,14.012738853503185,12.658227848101266,0.0,0.0,0.0,0.0,1741279006_770105361,0.744,2.4354424476623535,3.1941123008728027,2.188328981399536,,,2.7429215908050537,,0.5122950819672131,0.3333333333333333,0.008,57.47126436781609,41.21212121212121,0.3025210084033613,64.34426229508196,32.37704918032787,13.934426229508196,2.426485538482666,3.2671542167663574,75.81967213114754,56.14754098360656,18.852459016393443,3.1941468715667725,3.880851984024048,-0.3163675698492486,1.5872069634497166,specimen_1__2025_03_06-17_36_19__Clip_3__start,valid,0.011746631003916264,0.023491064086556435,0.27960076928138733,0.14019480347633362,0.680672268907563,244
v3.2c,specimen_1,2025_03_06-17_36_19,valid,,specimen_1__2025_03_06-17_36_19__Clip_3__end,0.2534246575342466,5.176339149475098,5.919824123382568,0.0,,2.9970436096191406,2.9092817306518555,2.9886882305145264,2.9941461086273193,1.5369139909744263,0.35766423357664234,-0.8323225975036621,15.591397849462366,15.151515151515152,0.0,0.0,0.0,0.0,1741279020_417998790,0.7328767123287672,2.517305850982666,3.3521060943603516,2.2754859924316406,,,2.7942209243774414,,0.5658914728682171,0.34579439252336447,0.0136986301369863,58.333333333333336,45.28301886792453,0.22627737226277372,72.09302325581395,38.372093023255815,14.34108527131783,2.5894501209259033,3.2861039638519287,77.13178294573643,60.46511627906976,23.643410852713178,3.4217727184295654,4.085959434509277,-0.32142831822767476,1.5977630391716957,specimen_1__2025_03_06-17_36_19__Clip_3__end,valid,0.009982552379369736,0.019961902871727943,0.2485329806804657,0.11954732984304428,0.7591240875912408,258
v3.2c,specimen_1,2025_03_06-17_36_19,valid,,specimen_1__2025_03_06-17_36_19__Clip_4__start,0.2534246575342466,5.176339149475098,5.919824123382568,0.0,,2.9970436096191406,2.9092817306518555,2.9886882305145264,2.9941461086273193,1.5369139909744263,0.35766423357664234,-0.8323225975036621,15.591397849462366,15.151515151515152,0.0,0.0,0.0,0.0,1741279020_417998790,0.7328767123287672,2.517305850982666,3.3521060943603516,2.2754859924316406,,,2.7942209243774414,,0.5658914728682171,0.34579439252336447,0.0136986301369863,58.333333333333336,45.28301886792453,0.22627737226277372,72.09302325581395,38.372093023255815,14.34108527131783,2.5894501209259033,3.2861039638519287,77.13178294573643,60.46511627906976,23.643410852713178,3.4217727184295654,4.085959434509277,-0.32142831822767476,1.5898612327873707,specimen_1__2025_03_06-17_36_19__Clip_4__start,valid,0.009982552379369736,0.019961902871727943,0.2485329806804657,0.11954732984304428,0.7591240875912408,258
v3.2c,specimen_3,2025_05_08-14_36_52,valid,direct_ps,specimen_3__2025_05_08-14_36_52__Clip_1__start,0.5,42.34375,39.344337463378906,0.0,,2.9994125366210938,0.0,0.0,0.0,0.114305779337883,0.5,0.00021529197692871094,0.0,0.0,0.0,0.0,0.0,0.0,1746707818_207958698,0.5,2.614717960357666,2.6204652786254883,2.9994125366210938,,,2.8909072875976562,,0.003968253968253968,1.0,0.0,0.0,0.0,0.0,100.0,4.365079365079365,1.1904761904761905,2.693545341491699,3.2544243335723877,100.0,4.365079365079365,1.1904761904761905,2.6933300495147705,3.197985887527466,7.992884827752004e-05,1.6006682999432087,specimen_3__2025_05_08-14_36_52__Clip_1__start,valid,1.0,1.0,1.0,1.0,1.0,504
v3.2c,specimen_3,2025_05_08-14_38_08,valid,direct_ps,specimen_3__2025_05_08-14_38_08__Clip_1__start,0.25,12.814453125,11.009082794189453,0.0,,2.9993553161621094,0.0,2.9972243309020996,2.998976469039917,0.2550966441631317,0.25595238095238093,-0.3694930076599121,0.07507507507507508,0.10660980810234541,0.0,0.0,0.0,0.0,1746707894_239512681,0.75,5.962106227874756,6.358020782470703,2.972463369369507,,,2.945319652557373,,0.25206301575393847,0.3333333333333333,0.0,100.0,2.7848101265822782,0.008928571428571428,99.92498124531133,70.36759189797449,25.581395348837212,6.0443549156188965,8.762868881225586,99.92498124531133,71.11777944486121,29.782445611402853,6.413847923278809,8.980762481689453,-0.0611302633313482,1.581248827278614,specimen_3__2025_05_08-14_38_08__Clip_1__start,valid,0.004038774408400059,0.052489422261714935,0.5348896980285645,0.2661268711090088,0.9910714285714286,1333
v3.2c,specimen_3,2025_05_08-14_33_16,valid,direct_ps,specimen_3__2025_05_08-14_33_16__Clip_1__start,0.10526315789473684,18.640625,21.606708526611328,0.0,,2.9989547729492188,0.0,2.9748363494873047,2.998767137527466,0.22305764257907867,0.15789473684210525,-0.37372350692749023,0.9090909090909091,1.9607843137254901,0.0,0.0,0.0,0.0,1746707602_408067703,0.8947368421052632,4.860665321350098,5.186821937561035,2.9082679748535156,,,2.7823398113250732,,0.17117117117117117,0.11764705882352941,0.0,0.0,1.6666666666666667,0.05263157894736842,99.09909909909909,45.94594594594595,37.83783783783784,5.108952522277832,7.29547643661499,98.1981981981982,45.94594594594595,38.73873873873874,5.482676029205322,8.191766738891602,-0.07315071050236834,1.5821997076272964,specimen_3__2025_05_08-14_33_16__Clip_1__start,valid,0.0633808895945549,0.0633808895945549,0.6879278421401978,0.3152174949645996,0.8947368421052632,111
v3.2c,specimen_3,2025_05_08-14_33_16,valid,direct_ps,specimen_3__2025_05_08-14_33_16__Clip_1__end,0.014285714285714285,6.501420497894287,6.901573657989502,0.0,,2.9772605895996094,0.0,2.948873519897461,2.9634480476379395,0.5243734121322632,0.02857142857142857,-0.5106296539306641,0.26041666666666663,0.3115264797507788,0.0,0.0,0.0,0.0,1746707628_974280118,0.9857142857142858,6.755802154541016,7.280644416809082,2.9405288696289062,,,2.8991787433624268,,0.18134715025906736,0.014492753623188406,0.0,0.0,10.76923076923077,0.014285714285714285,99.48186528497409,83.16062176165802,63.98963730569949,6.726805210113525,7.583752632141113,99.22279792746113,84.71502590673575,72.7979274611399,7.2374348640441895,8.053902626037598,-0.07590968342043702,1.5874691307544708,specimen_3__2025_05_08-14_33_16__Clip_1__end,valid,0.014883079566061497,0.044531866908073425,0.5600978136062622,0.28095585107803345,0.9857142857142858,386
v3.2c,specimen_2,2025_04_10-16_19_14,valid,direct_ps,specimen_2__2025_04_10-16_19_14__Clip_1__start,0.0,,,0.0,,0.0,0.0,0.0,0.0,0.0,nan,0.0,0.0,0.0,0.0,0.0,0.0,0.0,1744294760_606107473,0.0,0.8415178656578064,0.8415178656578064,0.0,,,0.0,,0.0,0.0,0.0,0.0,0.0,nan,28.57142857142857,0.0,0.0,0.8415178656578064,1.029710054397583,28.57142857142857,0.0,0.0,0.8415178656578064,1.029710054397583,0.0,1.606747042387724,specimen_2__2025_04_10-16_19_14__Clip_1__start,valid,0.0,0.0,0.0,0.0,nan,7
v3.2c,specimen_2,2025_04_10-16_19_14,valid,direct_ps,specimen_2__2025_04_10-16_19_14__Clip_1__end,0.0,,,0.0,,0.0,0.0,0.0,0.0,0.0,nan,0.0,0.0,0.0,0.0,0.0,0.0,0.0,1744294778_271383523,0.0,0.4973958432674408,0.4973958432674408,0.0,,,0.0,,0.0,0.0,0.0,0.0,0.0,nan,0.0,0.0,0.0,0.4973958432674408,0.5556586384773254,0.0,0.0,0.0,0.4973958432674408,0.5556586384773254,0.0,1.6027307137846947,specimen_2__2025_04_10-16_19_14__Clip_1__end,valid,0.0,0.0,0.0,0.0,nan,12
v3.2c,specimen_2,2025_04_10-16_19_14,valid,direct_ps,specimen_2__2025_04_10-16_19_14__Clip_2__start,0.0,,,0.0,,0.0,0.0,0.0,0.0,0.0,nan,0.0,0.0,0.0,0.0,0.0,0.0,0.0,1744294778_271383523,0.0,0.4973958432674408,0.4973958432674408,0.0,,,0.0,,0.0,0.0,0.0,0.0,0.0,nan,0.0,0.0,0.0,0.4973958432674408,0.5556586384773254,0.0,0.0,0.0,0.4973958432674408,0.5556586384773254,0.0,1.5913643874228,specimen_2__2025_04_10-16_19_14__Clip_2__start,valid,0.0,0.0,0.0,0.0,nan,12
v3.2c,specimen_2,2025_04_10-16_19_14,valid,direct_ps,specimen_2__2025_04_10-16_19_14__Clip_2__end,0.0,,,0.0,,0.0,0.0,0.0,0.0,0.0,nan,0.0,0.0,0.0,0.0,0.0,0.0,0.0,1744294793_739244699,0.0,0.6006944179534912,0.6006944179534912,0.0,,,0.0,,0.0,0.0,0.0,0.0,0.0,nan,11.11111111111111,0.0,0.0,0.6006944179534912,0.7938908338546753,11.11111111111111,0.0,0.0,0.6006944179534912,0.7938908338546753,0.0,1.5960410237312317,specimen_2__2025_04_10-16_19_14__Clip_2__end,valid,0.0,0.0,0.0,0.0,nan,18
v3.2c,specimen_2,2025_04_10-16_19_14,valid,direct_ps,specimen_2__2025_04_10-16_19_14__Clip_3__start,0.0,,,0.0,,0.0,0.0,0.0,0.0,0.0,nan,0.0,0.0,0.0,0.0,0.0,0.0,0.0,1744294793_739244699,0.0,0.6006944179534912,0.6006944179534912,0.0,,,0.0,,0.0,0.0,0.0,0.0,0.0,nan,11.11111111111111,0.0,0.0,0.6006944179534912,0.7938908338546753,11.11111111111111,0.0,0.0,0.6006944179534912,0.7938908338546753,0.0,1.5884898602962494,specimen_2__2025_04_10-16_19_14__Clip_3__start,valid,0.0,0.0,0.0,0.0,nan,18
v3.2c,specimen_2,2025_04_10-16_19_14,valid,direct_ps,specimen_2__2025_04_10-16_19_14__Clip_3__end,0.0,0.828125,0.828125,0.0,,0.0,0.0,0.0,0.0,0.0,nan,0.0,0.0,0.0,0.0,0.0,0.0,0.0,1744294808_039081096,0.0,0.9309895634651184,0.9309895634651184,0.0,,,0.0,,0.0,0.0,0.0,0.0,0.0,nan,15.384615384615385,7.6923076923076925,7.6923076923076925,0.9230769276618958,1.7469711303710938,15.384615384615385,7.6923076923076925,7.6923076923076925,0.9230769276618958,1.7469711303710938,0.0,1.599766779690981,specimen_2__2025_04_10-16_19_14__Clip_3__end,valid,0.0,0.0,0.0,0.0,nan,13
v3.2c,specimen_2,2025_04_10-16_19_14,valid,direct_ps,specimen_2__2025_04_10-16_19_14__Clip_4__start,0.0,0.828125,0.828125,0.0,,0.0,0.0,0.0,0.0,0.0,nan,0.0,0.0,0.0,0.0,0.0,0.0,0.0,1744294808_039081096,0.0,0.9309895634651184,0.9309895634651184,0.0,,,0.0,,0.0,0.0,0.0,0.0,0.0,nan,15.384615384615385,7.6923076923076925,7.6923076923076925,0.9230769276618958,1.7469711303710938,15.384615384615385,7.6923076923076925,7.6923076923076925,0.9230769276618958,1.7469711303710938,0.0,1.586507074534893,specimen_2__2025_04_10-16_19_14__Clip_4__start,valid,0.0,0.0,0.0,0.0,nan,13
v3.2c,specimen_2,2025_04_10-16_19_14,valid,direct_ps,specimen_2__2025_04_10-16_19_14__Clip_4__end,0.0,,,0.0,,0.0,0.0,0.0,0.0,0.0,nan,0.0,0.0,0.0,0.0,0.0,0.0,0.0,1744294819_472425222,0.0,0.9866071343421936,0.9866071343421936,0.0,,,0.0,,0.0,0.0,0.0,0.0,0.0,nan,57.14285714285714,0.0,0.0,0.9866071343421936,1.0184712409973145,57.14285714285714,0.0,0.0,0.9866071343421936,1.0184712409973145,0.0,1.5957308933138847,specimen_2__2025_04_10-16_19_14__Clip_4__end,valid,0.0,0.0,0.0,0.0,nan,14
v3.2c,specimen_2,2025_04_10-16_19_14,valid,direct_ps,specimen_2__2025_04_10-16_19_14__Clip_5__start,0.0,,,0.0,,0.0,0.0,0.0,0.0,0.0,nan,0.0,0.0,0.0,0.0,0.0,0.0,0.0,1744294819_472425222,0.0,0.9866071343421936,0.9866071343421936,0.0,,,0.0,,0.0,0.0,0.0,0.0,0.0,nan,57.14285714285714,0.0,0.0,0.9866071343421936,1.0184712409973145,57.14285714285714,0.0,0.0,0.9866071343421936,1.0184712409973145,0.0,1.5867170877754688,specimen_2__2025_04_10-16_19_14__Clip_5__start,valid,0.0,0.0,0.0,0.0,nan,14
v3.2c,specimen_2,2025_04_10-16_19_14,valid,direct_ps,specimen_2__2025_04_10-16_19_14__Clip_5__end,0.0,,,0.0,,0.0,0.0,0.0,0.0,0.0,nan,0.0,0.0,0.0,0.0,0.0,0.0,0.0,1744294833_172259569,0.0,0.7354166507720947,0.7354166507720947,0.0,,,0.0,,0.0,0.0,0.0,0.0,0.0,nan,20.0,0.0,0.0,0.7354166507720947,0.9846147298812866,20.0,0.0,0.0,0.7354166507720947,0.9846147298812866,0.0,1.5851748175919056,specimen_2__2025_04_10-16_19_14__Clip_5__end,valid,0.0,0.0,0.0,0.0,nan,15
v3.2c,specimen_3,2025_05_08-14_49_00,valid,direct_ps,specimen_3__2025_05_08-14_49_00__Clip_1__start,,,,,,,,,,,,,,,,,,,1746708547_674401521,,,,,,,,,,,,,,,,,,,,,,,,,,1.590551808476448,specimen_3__2025_05_08-14_49_00__Clip_1__start,valid,,,,,,0
v3.2c,specimen_3,2025_05_08-14_49_00,valid,direct_ps,specimen_3__2025_05_08-14_49_00__Clip_1__end,0.5,,,0.0,,2.9834518432617188,2.9646129608154297,2.9827756881713867,2.983316659927368,2.466998815536499,0.6666666666666666,-0.8639411926269531,0.0,0.0,0.0,0.0,0.0,0.0,1746708572_640835762,0.3333333333333333,1.203125,2.067066192626953,0.24717457592487335,,,2.9820995330810547,,1.0,1.5,0.16666666666666666,100.0,33.33333333333333,0.6666666666666666,66.66666666666666,0.0,0.0,1.203125,1.3161531686782837,100.0,33.33333333333333,0.0,2.067066192626953,2.2830066680908203,-0.7180809912743507,1.5895920805633068,specimen_3__2025_05_08-14_49_00__Clip_1__end,valid,0.5002267360687256,0.5002267360687256,0.5002267360687256,0.5002267360687256,0.3333333333333333,6
v3.2c,specimen_3,2025_05_08-14_52_45,valid,direct_ps,specimen_3__2025_05_08-14_52_45__Clip_1__start,,,,,,,,,,,,,,,,,,,1746708771_572831630,,,,,,,,,,,,,,,,,,,,,,,,,,1.610361970961094,specimen_3__2025_05_08-14_52_45__Clip_1__start,valid,,,,,,0
v3.2c,specimen_2,2025_04_10-16_33_49,valid,direct_ps,specimen_2__2025_04_10-16_33_49__Clip_1__end,,,,,,,,,,,,,,,,,,,1744295654_972905158,,,,,,,,,,,,,,,,,,,,,,,,,,1.5952200628817081,specimen_2__2025_04_10-16_33_49__Clip_1__end,valid,,,,,,0
v3.2c,specimen_2,2025_04_10-16_33_49,valid,direct_ps,specimen_2__2025_04_10-16_33_49__Clip_2__start,,,,,,,,,,,,,,,,,,,1744295654_972905158,,,,,,,,,,,,,,,,,,,,,,,,,,1.5910342335700989,specimen_2__2025_04_10-16_33_49__Clip_2__start,valid,,,,,,0
v3.2c,specimen_2,2025_04_10-16_33_49,valid,direct_ps,specimen_2__2025_04_10-16_33_49__Clip_2__end,,,,,,,,,,,,,,,,,,,1744295670_139412641,,,,,,,,,,,,,,,,,,,,,,,,,,1.5872078947722912,specimen_2__2025_04_10-16_33_49__Clip_2__end,valid,,,,,,0
v3.2c,specimen_2,2025_04_10-16_33_49,valid,direct_ps,specimen_2__2025_04_10-16_33_49__Clip_3__start,,,,,,,,,,,,,,,,,,,1744295670_139412641,,,,,,,,,,,,,,,,,,,,,,,,,,1.5906533226370811,specimen_2__2025_04_10-16_33_49__Clip_3__start,valid,,,,,,0
v3.2c,specimen_2,2025_04_10-16_33_49,valid,direct_ps,specimen_2__2025_04_10-16_33_49__Clip_3__end,,,,,,,,,,,,,,,,,,,1744295685_039219856,,,,,,,,,,,,,,,,,,,,,,,,,,1.5905732288956642,specimen_2__2025_04_10-16_33_49__Clip_3__end,valid,,,,,,0
v3.2c,specimen_2,2025_04_10-16_33_49,valid,direct_ps,specimen_2__2025_04_10-16_33_49__Clip_4__start,,,,,,,,,,,,,,,,,,,1744295685_039219856,,,,,,,,,,,,,,,,,,,,,,,,,,1.8920726142823696,specimen_2__2025_04_10-16_33_49__Clip_4__start,valid,,,,,,0
v3.2c,specimen_3,2025_05_08-14_27_51,valid,direct_polaris,specimen_3__2025_05_08-14_27_51__Clip_1__start,0.2857142857142857,16.44318199157715,16.62828826904297,0.0,,2.9993133544921875,0.0,0.0,2.996586322784424,0.20928281545639038,0.35714285714285715,-0.02806711196899414,0.0,0.0,0.0,0.0,0.0,0.0,1746707276_907970428,0.7142857142857143,4.268482685089111,4.293597221374512,2.9981422424316406,,,2.8720479011535645,,0.02348993288590604,0.4,0.0,4.545454545454546,4.25531914893617,0.07142857142857142,96.30872483221476,84.22818791946308,33.557046979865774,4.493183612823486,5.962998390197754,96.47651006711409,84.8993288590604,34.22818791946309,4.5212507247924805,5.854857921600342,-0.006246598044400183,1.6060457564890385,specimen_3__2025_05_08-14_27_51__Clip_1__start,valid,0.10438422113656998,0.521072506904602,1.0,1.0,0.9285714285714286,596
v3.2c,specimen_3,2025_05_08-14_27_51,valid,direct_polaris,specimen_3__2025_05_08-14_27_51__Clip_1__end,0.0,,,0.0,,0.0,0.0,0.0,0.0,0.0,nan,0.0,0.0,0.0,0.0,0.0,0.0,0.0,1746707293_306623220,0.0,4.624232769012451,4.624232769012451,0.0,,,0.0,,0.0,0.0,0.0,0.0,0.0,nan,99.10714285714286,87.72321428571429,40.17857142857143,4.624232769012451,4.809813022613525,99.10714285714286,87.72321428571429,40.17857142857143,4.624232769012451,4.809813022613525,0.0,1.5979539602994919,specimen_3__2025_05_08-14_27_51__Clip_1__end,valid,0.0,0.0,0.0,0.0,nan,448
v3.2c,specimen_3,2025_05_08-14_27_51,valid,direct_polaris,specimen_3__2025_05_08-14_27_51__Clip_2__start,0.0,,,0.0,,0.0,0.0,0.0,0.0,0.0,nan,0.0,0.0,0.0,0.0,0.0,0.0,0.0,1746707293_306623220,0.0,4.624232769012451,4.624232769012451,0.0,,,0.0,,0.0,0.0,0.0,0.0,0.0,nan,99.10714285714286,87.72321428571429,40.17857142857143,4.624232769012451,4.809813022613525,99.10714285714286,87.72321428571429,40.17857142857143,4.624232769012451,4.809813022613525,0.0,1.591334119439125,specimen_3__2025_05_08-14_27_51__Clip_2__start,valid,0.0,0.0,0.0,0.0,nan,448
v3.2c,specimen_3,2025_05_08-14_27_51,valid,direct_polaris,specimen_3__2025_05_08-14_27_51__Clip_2__end,0.5714285714285714,39.11458206176758,37.121826171875,0.0,,2.9996185302734375,0.0,0.0,2.9806320667266846,0.08868265897035599,0.5714285714285714,0.011507987976074219,0.0,0.0,0.0,0.0,0.0,0.0,1746707310_007738113,0.42857142857142855,4.736559867858887,4.7478251457214355,2.978745460510254,,,2.95898175239563,,0.026515151515151516,1.3333333333333333,0.0,0.0,1.3513513513513513,0.0,96.78030303030303,85.98484848484848,37.121212121212125,5.1272196769714355,8.63361930847168,96.78030303030303,86.17424242424242,37.5,5.115711688995361,8.372995376586914,0.002244488963045913,1.5988349914550781,specimen_3__2025_05_08-14_27_51__Clip_2__end,valid,0.1679699718952179,0.8364867568016052,1.0,1.0,1.0,528
v3.2c,specimen_3,2025_05_08-14_27_51,valid,direct_polaris,specimen_3__2025_05_08-14_27_51__Clip_3__start,0.5714285714285714,39.11458206176758,37.121826171875,0.0,,2.9996185302734375,0.0,0.0,2.9806320667266846,0.08868265897035599,0.5714285714285714,0.011507987976074219,0.0,0.0,0.0,0.0,0.0,0.0,1746707310_007738113,0.42857142857142855,4.736559867858887,4.7478251457214355,2.978745460510254,,,2.95898175239563,,0.026515151515151516,1.3333333333333333,0.0,0.0,1.3513513513513513,0.0,96.78030303030303,85.98484848484848,37.121212121212125,5.1272196769714355,8.63361930847168,96.78030303030303,86.17424242424242,37.5,5.115711688995361,8.372995376586914,0.002244488963045913,1.5927157364785671,specimen_3__2025_05_08-14_27_51__Clip_3__start,valid,0.1679699718952179,0.8364867568016052,1.0,1.0,1.0,528
v3.2c,specimen_3,2025_05_08-14_27_51,valid,direct_polaris,specimen_3__2025_05_08-14_27_51__Clip_3__end,0.8723404255319149,59.37586975097656,56.7140007019043,0.0,,2.9998703002929688,0.0,2.9994583129882812,2.9998040199279785,0.0468149334192276,0.8723404255319149,0.2237997055053711,0.0,0.0,0.0,0.0,0.0,0.0,1746707324_174072980,0.1276595744680851,8.422568321228027,8.296073913574219,2.993725061416626,,,2.9633893966674805,,0.10021321961620469,6.833333333333333,0.0,0.0,0.0,0.0,95.52238805970148,80.59701492537313,55.010660980810236,10.378131866455078,22.352333068847656,95.52238805970148,80.59701492537313,55.010660980810236,10.154332160949707,21.517499923706055,0.021564546335044375,1.608078833669424,specimen_3__2025_05_08-14_27_51__Clip_3__end,valid,0.16768881678581238,0.6683834791183472,1.0,1.0,1.0,469
v3.2c,specimen_3,2025_05_08-14_27_51,valid,direct_polaris,specimen_3__2025_05_08-14_27_51__Clip_4__start,0.8723404255319149,59.37586975097656,56.7140007019043,0.0,,2.9998703002929688,0.0,2.9994583129882812,2.9998040199279785,0.0468149334192276,0.8723404255319149,0.2237997055053711,0.0,0.0,0.0,0.0,0.0,0.0,1746707324_174072980,0.1276595744680851,8.422568321228027,8.296073913574219,2.993725061416626,,,2.9633893966674805,,0.10021321961620469,6.833333333333333,0.0,0.0,0.0,0.0,95.52238805970148,80.59701492537313,55.010660980810236,10.378131866455078,22.352333068847656,95.52238805970148,80.59701492537313,55.010660980810236,10.154332160949707,21.517499923706055,0.021564546335044375,1.60536402836442,specimen_3__2025_05_08-14_27_51__Clip_4__start,valid,0.16768881678581238,0.6683834791183472,1.0,1.0,1.0,469
v3.2c,specimen_3,2025_05_08-14_27_51,valid,direct_polaris,specimen_3__2025_05_08-14_27_51__Clip_4__end,0.9325842696629213,67.55728912353516,64.89130401611328,0.0,,2.9998779296875,0.0,2.999786376953125,2.999847412109375,0.037254054099321365,0.9325842696629213,0.4795341491699219,0.22779043280182232,0.25125628140703515,0.0,0.0,0.0,0.0,1746707335_507338523,0.06741573033707865,15.308920860290527,14.959417343139648,2.993806838989258,,,2.9715585708618164,,0.18503118503118504,13.833333333333334,0.0,0.0,0.0,0.0,91.26819126819127,82.74428274428274,44.07484407484408,18.24178123474121,36.43361282348633,91.06029106029106,82.53638253638253,45.32224532224532,17.76224708557129,35.22344970703125,0.026287682271764996,1.6047041863203049,specimen_3__2025_05_08-14_27_51__Clip_4__end,valid,0.1678576022386551,0.6689053177833557,1.0,1.0,1.0,481
v3.2c,specimen_3,2025_05_08-14_27_51,valid,direct_polaris,specimen_3__2025_05_08-14_27_51__Clip_5__start,0.9325842696629213,67.55728912353516,64.89130401611328,0.0,,2.9998779296875,0.0,2.999786376953125,2.999847412109375,0.037254054099321365,0.9325842696629213,0.4795341491699219,0.22779043280182232,0.25125628140703515,0.0,0.0,0.0,0.0,1746707335_507338523,0.06741573033707865,15.308920860290527,14.959417343139648,2.993806838989258,,,2.9715585708618164,,0.18503118503118504,13.833333333333334,0.0,0.0,0.0,0.0,91.26819126819127,82.74428274428274,44.07484407484408,18.24178123474121,36.43361282348633,91.06029106029106,82.53638253638253,45.32224532224532,17.76224708557129,35.22344970703125,0.026287682271764996,1.6051847487688065,specimen_3__2025_05_08-14_27_51__Clip_5__start,valid,0.1678576022386551,0.6689053177833557,1.0,1.0,1.0,481
v3.2c,specimen_3,2025_05_08-14_27_51,valid,direct_polaris,specimen_3__2025_05_08-14_27_51__Clip_5__end,1.0,55.6796875,53.32571792602539,0.0,,2.9997634887695312,0.0,2.9997024536132812,2.9997482299804688,0.03704783320426941,1.0,1.0725345611572266,0.0,0.0,0.0,0.0,0.0,0.0,1746707350_574324131,0.0,30.637805938720703,29.610233306884766,2.9929423332214355,,,0.0,,0.3583535108958838,148.0,0.0,0.0,0.0,0.0,94.91525423728814,81.84019370460048,57.6271186440678,31.486682891845703,48.64088439941406,94.91525423728814,81.84019370460048,57.6271186440678,30.414148330688477,46.860069274902344,0.034063116932364676,1.5918146818876266,specimen_3__2025_05_08-14_27_51__Clip_5__end,valid,0.0,0.0,0.0,0.0,1.0,413
v3.2c,specimen_3,2025_05_08-14_27_51,valid,direct_polaris,specimen_3__2025_05_08-14_27_51__Clip_6__start,1.0,55.6796875,53.32571792602539,0.0,,2.9997634887695312,0.0,2.9997024536132812,2.9997482299804688,0.03704783320426941,1.0,1.0725345611572266,0.0,0.0,0.0,0.0,0.0,0.0,1746707350_574324131,0.0,30.637805938720703,29.610233306884766,2.9929423332214355,,,0.0,,0.3583535108958838,148.0,0.0,0.0,0.0,0.0,94.91525423728814,81.84019370460048,57.6271186440678,31.486682891845703,48.64088439941406,94.91525423728814,81.84019370460048,57.6271186440678,30.414148330688477,46.860069274902344,0.034063116932364676,1.597423106431961,specimen_3__2025_05_08-14_27_51__Clip_6__start,valid,0.0,0.0,0.0,0.0,1.0,413
v3.2c,specimen_3,2025_05_08-14_27_51,valid,direct_polaris,specimen_3__2025_05_08-14_27_51__Clip_6__end,0.9880952380952381,53.39522171020508,51.367942810058594,0.0,,2.9995880126953125,2.9844589233398438,2.9995193481445312,2.999551296234131,0.03701411932706833,0.9880952380952381,1.6568183898925781,0.0,0.0,0.0,0.0,0.0,0.0,1746707366_407700300,0.011904761904761904,48.326454162597656,46.717716217041016,2.9899158477783203,,,2.954348564147949,,0.5675675675675675,83.0,0.0,11.76470588235294,5.88235294117647,0.0,94.25675675675676,88.51351351351352,76.35135135135135,48.9086799621582,62.57197570800781,94.93243243243244,89.1891891891892,76.35135135135135,47.251861572265625,60.38416290283203,0.033875753571237205,1.5887999907135963,specimen_3__2025_05_08-14_27_51__Clip_6__end,valid,0.5000036954879761,1.0,1.0,1.0,1.0,296
v3.2c,specimen_3,2025_05_08-14_34_16,valid,direct_ps,specimen_3__2025_05_08-14_34_16__Clip_1__start,0.3,3.28125,0.28330230712890625,0.0,,2.9995651245117188,0.0,2.9417805671691895,2.999127149581909,0.27923664450645447,0.3,-0.13069581985473633,2.272727272727273,2.73972602739726,0.0,0.0,0.0,0.0,1746707662_208505630,0.7,6.282327651977539,6.448984622955322,2.9988582134246826,,,2.9282567501068115,,0.11363636363636363,0.42857142857142855,0.0,0.0,0.0,0.0,100.0,82.95454545454545,55.68181818181818,6.248224258422852,7.0356669425964355,97.72727272727273,80.68181818181817,55.68181818181818,6.378920078277588,7.418924331665039,-0.020917274164504136,1.5957900322973728,specimen_3__2025_05_08-14_34_16__Clip_1__start,valid,0.1438068449497223,0.1438068449497223,1.0,0.5736756324768066,1.0,88
v3.2c,specimen_3,2025_05_08-14_34_16,valid,direct_ps,specimen_3__2025_05_08-14_34_16__Clip_1__end,0.17647058823529413,4.674107074737549,7.206628322601318,0.0,,2.9999008178710938,0.0,2.995417833328247,2.9990756511688232,0.37767502665519714,0.17647058823529413,-0.6466774940490723,0.0,1.1235955056179776,0.0,0.0,0.0,0.0,1746707686_174271583,0.8235294117647058,4.868837833404541,5.42255163192749,2.99776291847229,,,2.936542272567749,,0.3422818791946309,0.21428571428571427,0.0,7.142857142857142,10.0,0.0,90.60402684563759,59.73154362416108,46.97986577181208,4.859689712524414,6.514986515045166,91.2751677852349,63.08724832214765,50.33557046979866,5.506367206573486,7.207876205444336,-0.13306970862408193,1.5856060199439526,specimen_3__2025_05_08-14_34_16__Clip_1__end,valid,0.024113377556204796,0.024113377556204796,0.33631631731987,0.16844402253627777,1.0,149
v3.2c,specimen_3,2025_05_08-14_34_16,valid,direct_ps,specimen_3__2025_05_08-14_34_16__Clip_2__start,0.17647058823529413,4.674107074737549,7.206628322601318,0.0,,2.9999008178710938,0.0,2.995417833328247,2.9990756511688232,0.37767502665519714,0.17647058823529413,-0.6466774940490723,0.0,1.1235955056179776,0.0,0.0,0.0,0.0,1746707686_174271583,0.8235294117647058,4.868837833404541,5.42255163192749,2.99776291847229,,,2.936542272567749,,0.3422818791946309,0.21428571428571427,0.0,7.142857142857142,10.0,0.0,90.60402684563759,59.73154362416108,46.97986577181208,4.859689712524414,6.514986515045166,91.2751677852349,63.08724832214765,50.33557046979866,5.506367206573486,7.207876205444336,-0.13306970862408193,1.5944591723382473,specimen_3__2025_05_08-14_34_16__Clip_2__start,valid,0.024113377556204796,0.024113377556204796,0.33631631731987,0.16844402253627777,1.0,149
v3.2c,specimen_3,2025_05_08-14_34_16,valid,direct_ps,specimen_3__2025_05_08-14_34_16__Clip_2__end,0.02127659574468085,6.789473533630371,8.659954071044922,0.0,,2.9974288940429688,0.0,2.9766950607299805,2.986562967300415,0.4333932399749756,0.02127659574468085,-0.7995882034301758,0.6060606060606061,0.7575757575757576,0.0,0.0,0.0,0.0,1746707699_807956218,0.9787234042553191,5.565582275390625,6.2267560958862305,2.9974288940429688,,,2.9506311416625977,,0.28313253012048195,0.021739130434782608,0.0,100.0,11.76470588235294,0.0,99.3975903614458,79.51807228915662,66.86746987951807,5.705666542053223,6.152753829956055,99.3975903614458,81.32530120481928,71.08433734939759,6.505254745483398,7.173086166381836,-0.1401393154571628,1.5865573659539223,specimen_3__2025_05_08-14_34_16__Clip_2__end,valid,0.022019077092409134,0.022019077092409134,0.3508870005607605,0.17568649351596832,1.0,166
v3.2c,specimen_3,2025_05_08-14_34_16,valid,direct_ps,specimen_3__2025_05_08-14_34_16__Clip_3__start,0.02127659574468085,6.789473533630371,8.659954071044922,0.0,,2.9974288940429688,0.0,2.9766950607299805,2.986562967300415,0.4333932399749756,0.02127659574468085,-0.7995882034301758,0.6060606060606061,0.7575757575757576,0.0,0.0,0.0,0.0,1746707699_807956218,0.9787234042553191,5.565582275390625,6.2267560958862305,2.9974288940429688,,,2.9506311416625977,,0.28313253012048195,0.021739130434782608,0.0,100.0,11.76470588235294,0.0,99.3975903614458,79.51807228915662,66.86746987951807,5.705666542053223,6.152753829956055,99.3975903614458,81.32530120481928,71.08433734939759,6.505254745483398,7.173086166381836,-0.1401393154571628,1.590802799910307,specimen_3__2025_05_08-14_34_16__Clip_3__start,valid,0.022019077092409134,0.022019077092409134,0.3508870005607605,0.17568649351596832,1.0,166
v3.2c,specimen_3,2025_05_08-14_34_16,valid,direct_ps,specimen_3__2025_05_08-14_34_16__Clip_3__end,0.0,7.601973533630371,8.22180461883545,0.0,,2.96673583984375,0.0,2.939288377761841,2.9643445014953613,0.33383262157440186,0.0,-0.5905914306640625,0.0,0.0,0.0,0.0,0.0,0.0,1746707711_741147756,1.0,8.282964706420898,8.870168685913086,0.0,,,2.9210355281829834,,0.20218579234972678,0.0,0.0,66.66666666666666,34.61538461538461,0.0,98.36065573770492,85.79234972677595,80.32786885245902,8.212261199951172,9.193474769592285,99.4535519125683,90.7103825136612,83.06010928961749,8.802852630615234,9.828265190124512,-0.07191581177028003,1.5988950617611408,specimen_3__2025_05_08-14_34_16__Clip_3__end,valid,0.027449872344732285,0.027449872344732285,0.489892840385437,0.24610385298728943,1.0,183
v3.2c,specimen_3,2025_05_08-14_34_16,valid,direct_ps,specimen_3__2025_05_08-14_34_16__Clip_4__start,0.0,7.601973533630371,8.22180461883545,0.0,,2.96673583984375,0.0,2.939288377761841,2.9643445014953613,0.33383262157440186,0.0,-0.5905914306640625,0.0,0.0,0.0,0.0,0.0,0.0,1746707711_741147756,1.0,8.282964706420898,8.870168685913086,0.0,,,2.9210355281829834,,0.20218579234972678,0.0,0.0,66.66666666666666,34.61538461538461,0.0,98.36065573770492,85.79234972677595,80.32786885245902,8.212261199951172,9.193474769592285,99.4535519125683,90.7103825136612,83.06010928961749,8.802852630615234,9.828265190124512,-0.07191581177028003,1.6033509746193886,specimen_3__2025_05_08-14_34_16__Clip_4__start,valid,0.027449872344732285,0.027449872344732285,0.489892840385437,0.24610385298728943,1.0,183
v3.2c,specimen_3,2025_05_08-14_34_16,valid,direct_ps,specimen_3__2025_05_08-14_34_16__Clip_4__end,0.0,6.394608020782471,6.739874839782715,0.0,,2.9715347290039062,0.0,2.9292588233947754,2.957834005355835,0.3070606291294098,0.0,-0.31330013275146484,0.0,0.0,0.0,0.0,0.0,0.0,1746707727_174034118,1.0,9.356880187988281,9.665268898010254,0.0,,,2.9266717433929443,,0.10704960835509138,0.0,0.0,0.0,13.461538461538462,0.0,96.08355091383812,86.42297650130548,75.97911227154047,8.96242618560791,10.162479400634766,96.08355091383812,88.25065274151436,78.3289817232376,9.275726318359375,10.495798110961914,-0.03495706701100312,1.5920749865472317,specimen_3__2025_05_08-14_34_16__Clip_4__end,valid,0.02476412057876587,0.07415970414876938,0.9277766346931458,0.46645134687423706,1.0,383
v3.2c,specimen_3,2025_05_08-14_34_16,valid,direct_ps,specimen_3__2025_05_08-14_34_16__Clip_5__start,0.0,6.394608020782471,6.739874839782715,0.0,,2.9715347290039062,0.0,2.9292588233947754,2.957834005355835,0.3070606291294098,0.0,-0.31330013275146484,0.0,0.0,0.0,0.0,0.0,0.0,1746707727_174034118,1.0,9.356880187988281,9.665268898010254,0.0,,,2.9266717433929443,,0.10704960835509138,0.0,0.0,0.0,13.461538461538462,0.0,96.08355091383812,86.42297650130548,75.97911227154047,8.96242618560791,10.162479400634766,96.08355091383812,88.25065274151436,78.3289817232376,9.275726318359375,10.495798110961914,-0.03495706701100312,1.5954701229929924,specimen_3__2025_05_08-14_34_16__Clip_5__start,valid,0.02476412057876587,0.07415970414876938,0.9277766346931458,0.46645134687423706,1.0,383
v3.2c,specimen_3,2025_05_08-14_34_16,valid,direct_ps,specimen_3__2025_05_08-14_34_16__Clip_5__end,0.05555555555555555,5.726128578186035,5.726128578186035,0.0,,2.9999465942382812,0.0,0.0,2.9415016174316406,0.40736186504364014,0.1111111111111111,-0.11591053009033203,0.0,0.0,0.0,0.0,0.0,0.0,1746707740_506348848,0.9444444444444444,6.319047927856445,6.447018623352051,2.9999465942382812,,,2.7810425758361816,,0.04712041884816754,0.058823529411764705,0.0,3.3333333333333335,5.454545454545454,0.05555555555555555,92.14659685863874,71.20418848167539,54.45026178010471,6.2631707191467285,8.146071434020996,92.40837696335078,72.77486910994764,57.85340314136126,6.3790812492370605,8.15151309967041,-0.018506685397539867,1.6058855690062046,specimen_3__2025_05_08-14_34_16__Clip_5__end,valid,0.062369588762521744,0.18690568208694458,1.0,1.0,0.9444444444444444,382
v3.2c,specimen_3,2025_05_08-14_39_50,valid,direct_ps,specimen_3__2025_05_08-14_39_50__Clip_1__start,,,,,,,,,,,,,,,,,,,1746707996_207382202,,,,,,,,,,,,,,,,,,,,,,,,,,1.5947488136589527,specimen_3__2025_05_08-14_39_50__Clip_1__start,valid,,,,,,0
v3.2c,specimen_3,2025_05_08-14_39_50,valid,direct_ps,specimen_3__2025_05_08-14_39_50__Clip_1__end,,,,,,,,,,,,,,,,,,,1746708013_540880203,,,,,,,,,,,,,,,,,,,,,,,,,,1.5862658619880676,specimen_3__2025_05_08-14_39_50__Clip_1__end,valid,,,,,,0
v3.2c,specimen_3,2025_05_08-14_39_50,valid,direct_ps,specimen_3__2025_05_08-14_39_50__Clip_2__start,,,,,,,,,,,,,,,,,,,1746708013_540880203,,,,,,,,,,,,,,,,,,,,,,,,,,1.5952899120748043,specimen_3__2025_05_08-14_39_50__Clip_2__start,valid,,,,,,0
v3.2c,specimen_3,2025_05_08-14_39_50,valid,direct_ps,specimen_3__2025_05_08-14_39_50__Clip_2__end,,,,,,,,,,,,,,,,,,,1746708028_073565483,,,,,,,,,,,,,,,,,,,,,,,,,,1.5824702568352222,specimen_3__2025_05_08-14_39_50__Clip_2__end,valid,,,,,,0
v3.2c,specimen_3,2025_05_08-14_39_50,valid,direct_ps,specimen_3__2025_05_08-14_39_50__Clip_3__start,,,,,,,,,,,,,,,,,,,1746708028_073565483,,,,,,,,,,,,,,,,,,,,,,,,,,1.5900819562375546,specimen_3__2025_05_08-14_39_50__Clip_3__start,valid,,,,,,0
v3.2c,specimen_3,2025_05_08-14_39_50,valid,direct_ps,specimen_3__2025_05_08-14_39_50__Clip_3__end,,,,,,,,,,,,,,,,,,,1746708041_806072235,,,,,,,,,,,,,,,,,,,,,,,,,,1.5759910456836224,specimen_3__2025_05_08-14_39_50__Clip_3__end,valid,,,,,,0
v3.2c,specimen_3,2025_05_08-14_39_50,valid,direct_ps,specimen_3__2025_05_08-14_39_50__Clip_4__start,,,,,,,,,,,,,,,,,,,1746708041_806072235,,,,,,,,,,,,,,,,,,,,,,,,,,1.5958910807967186,specimen_3__2025_05_08-14_39_50__Clip_4__start,valid,,,,,,0
v3.2c,specimen_3,2025_05_08-14_39_50,valid,direct_ps,specimen_3__2025_05_08-14_39_50__Clip_4__end,0.0,,,0.0,,2.9820518493652344,2.9820518493652344,2.9820518493652344,2.9820518493652344,0.39760690927505493,0.0,-2.9820518493652344,0.0,0.0,0.0,0.0,0.0,0.0,1746708059_806899309,1.0,7.5,10.482051849365234,0.0,,,2.9820518493652344,,1.0,0.0,0.0,0.0,0.0,0.0,100.0,100.0,100.0,7.5,7.5,100.0,100.0,100.0,10.482051849365234,10.482051849365234,-0.3976069132486979,1.585876103490591,specimen_3__2025_05_08-14_39_50__Clip_4__end,valid,1.0,1.0,1.0,1.0,1.0,1
v3.2c,specimen_3,2025_05_08-14_39_50,valid,direct_ps,specimen_3__2025_05_08-14_39_50__Clip_5__start,0.0,,,0.0,,2.9820518493652344,2.9820518493652344,2.9820518493652344,2.9820518493652344,0.39760690927505493,0.0,-2.9820518493652344,0.0,0.0,0.0,0.0,0.0,0.0,1746708059_806899309,1.0,7.5,10.482051849365234,0.0,,,2.9820518493652344,,1.0,0.0,0.0,0.0,0.0,0.0,100.0,100.0,100.0,7.5,7.5,100.0,100.0,100.0,10.482051849365234,10.482051849365234,-0.3976069132486979,1.5992959961295128,specimen_3__2025_05_08-14_39_50__Clip_5__start,valid,1.0,1.0,1.0,1.0,1.0,1
v3.2c,specimen_3,2025_05_08-14_39_50,valid,direct_ps,specimen_3__2025_05_08-14_39_50__Clip_5__end,0.0,,,0.0,,2.9892730712890625,2.9805221557617188,2.987952709197998,2.989008903503418,1.350900650024414,0.0,-2.596261978149414,0.0,0.0,0.0,0.0,0.0,0.0,1746708075_840823411,1.0,2.140625,4.736886978149414,0.0,,,2.9671566486358643,,0.875,0.0,0.0,0.0,87.5,0.0,100.0,0.0,0.0,2.140625,2.1806812286376953,100.0,87.5,50.0,4.736886978149414,4.886833190917969,-1.2128523109603102,1.7888383008539677,specimen_3__2025_05_08-14_39_50__Clip_5__end,valid,0.14392197132110596,0.14392197132110596,0.14392197132110596,0.14392197132110596,1.0,8
v3.2c,specimen_3,2025_05_08-14_50_11,valid,direct_ps,specimen_3__2025_05_08-14_50_11__Clip_1__start,0.0,,,0.0,,2.960847854614258,2.9444618225097656,2.9592092037200928,2.960520029067993,0.44640693068504333,0.0,-2.9481453895568848,0.0,0.0,0.0,0.0,0.0,0.0,1746708617_239433050,1.0,6.604166507720947,9.552311897277832,0.0,,,2.948145627975464,,1.0,0.0,0.0,0.0,0.0,0.0,100.0,100.0,100.0,6.604166507720947,6.604380130767822,100.0,100.0,100.0,9.552311897277832,9.552507400512695,-0.44640688361055114,1.587728038430214,specimen_3__2025_05_08-14_50_11__Clip_1__start,valid,0.33476951718330383,0.33476951718330383,0.33476951718330383,0.33476951718330383,1.0,3
v3.2c,specimen_3,2025_05_08-14_50_11,valid,direct_ps,specimen_3__2025_05_08-14_50_11__Clip_1__end,0.0,,,0.0,,2.9785423278808594,2.9785423278808594,2.9785423278808594,2.9785423278808594,0.982611894607544,0.0,-2.9785423278808594,0.0,0.0,0.0,0.0,0.0,0.0,1746708631_207470893,1.0,3.03125,6.009792327880859,0.0,,,2.9785423278808594,,1.0,0.0,0.0,0.0,0.0,0.0,100.0,100.0,0.0,3.03125,3.03125,100.0,100.0,100.0,6.009792327880859,6.009792327880859,-0.9826119019813144,1.582491211593151,specimen_3__2025_05_08-14_50_11__Clip_1__end,valid,1.0,1.0,1.0,1.0,1.0,1
v3.2c,specimen_3,2025_05_08-14_50_11,valid,direct_ps,specimen_3__2025_05_08-14_50_11__Clip_2__start,0.0,,,0.0,,2.9785423278808594,2.9785423278808594,2.9785423278808594,2.9785423278808594,0.982611894607544,0.0,-2.9785423278808594,0.0,0.0,0.0,0.0,0.0,0.0,1746708631_207470893,1.0,3.03125,6.009792327880859,0.0,,,2.9785423278808594,,1.0,0.0,0.0,0.0,0.0,0.0,100.0,100.0,0.0,3.03125,3.03125,100.0,100.0,100.0,6.009792327880859,6.009792327880859,-0.9826119019813144,1.5967423096299171,specimen_3__2025_05_08-14_50_11__Clip_2__start,valid,1.0,1.0,1.0,1.0,1.0,1
v3.2c,specimen_3,2025_05_08-14_50_11,valid,direct_ps,specimen_3__2025_05_08-14_50_11__Clip_2__end,,,,,,,,,,,,,,,,,,,1746708644_406662940,,,,,,,,,,,,,,,,,,,,,,,,,,1.583131030201912,specimen_3__2025_05_08-14_50_11__Clip_2__end,valid,,,,,,0
v3.2c,specimen_3,2025_05_08-14_50_11,valid,direct_ps,specimen_3__2025_05_08-14_50_11__Clip_3__start,,,,,,,,,,,,,,,,,,,1746708644_406662940,,,,,,,,,,,,,,,,,,,,,,,,,,1.5769721940159798,specimen_3__2025_05_08-14_50_11__Clip_3__start,valid,,,,,,0
v3.2c,specimen_3,2025_05_08-14_50_11,valid,direct_ps,specimen_3__2025_05_08-14_50_11__Clip_3__end,0.0,,,0.0,,0.0,0.0,0.0,0.0,0.0,nan,0.0,0.0,0.0,0.0,0.0,0.0,0.0,1746708658_240703105,0.0,3.46875,3.46875,0.0,,,0.0,,0.0,0.0,0.0,0.0,0.0,nan,100.0,100.0,0.0,3.46875,3.46875,100.0,100.0,0.0,3.46875,3.46875,0.0,1.580747775733471,specimen_3__2025_05_08-14_50_11__Clip_3__end,valid,0.0,0.0,0.0,0.0,nan,1
v3.2c,specimen_3,2025_05_08-14_50_11,valid,direct_ps,specimen_3__2025_05_08-14_50_11__Clip_4__start,0.0,,,0.0,,0.0,0.0,0.0,0.0,0.0,nan,0.0,0.0,0.0,0.0,0.0,0.0,0.0,1746708658_240703105,0.0,3.46875,3.46875,0.0,,,0.0,,0.0,0.0,0.0,0.0,0.0,nan,100.0,100.0,0.0,3.46875,3.46875,100.0,100.0,0.0,3.46875,3.46875,0.0,1.5785549767315388,specimen_3__2025_05_08-14_50_11__Clip_4__start,valid,0.0,0.0,0.0,0.0,nan,1
v3.2c,specimen_3,2025_05_08-14_59_26,valid,direct_ps,specimen_3__2025_05_08-14_59_26__Clip_2__end,0.16666666666666666,,,0.0,,2.9902420043945312,2.9480247497558594,2.9881157875061035,2.9896512031555176,1.2186418771743774,0.2413793103448276,-1.8710203170776367,4.545454545454546,25.0,0.0,0.0,0.0,0.0,1746709304_905916452,0.8,2.4156250953674316,4.286645412445068,2.5514845848083496,,,2.8682219982147217,,1.0,0.20833333333333334,0.03333333333333333,100.0,77.77777777777779,0.10344827586206896,73.33333333333333,40.0,6.666666666666667,2.4156250953674316,2.926102638244629,96.66666666666667,76.66666666666667,40.0,4.286645412445068,4.65739107131958,-0.7745491304365849,1.5795058570802212,specimen_3__2025_05_08-14_59_26__Clip_2__end,valid,0.04337482526898384,0.04337482526898384,0.12988099455833435,0.04337482526898384,0.896551724137931,30
v3.2c,specimen_3,2025_05_08-14_59_26,valid,direct_ps,specimen_3__2025_05_08-14_59_26__Clip_3__start,0.16666666666666666,,,0.0,,2.9902420043945312,2.9480247497558594,2.9881157875061035,2.9896512031555176,1.2186418771743774,0.2413793103448276,-1.8710203170776367,4.545454545454546,25.0,0.0,0.0,0.0,0.0,1746709304_905916452,0.8,2.4156250953674316,4.286645412445068,2.5514845848083496,,,2.8682219982147217,,1.0,0.20833333333333334,0.03333333333333333,100.0,77.77777777777779,0.10344827586206896,73.33333333333333,40.0,6.666666666666667,2.4156250953674316,2.926102638244629,96.66666666666667,76.66666666666667,40.0,4.286645412445068,4.65739107131958,-0.7745491304365849,1.5810378827154636,specimen_3__2025_05_08-14_59_26__Clip_3__start,valid,0.04337482526898384,0.04337482526898384,0.12988099455833435,0.04337482526898384,0.896551724137931,30
v3.2c,specimen_3,2025_05_08-14_59_26,valid,direct_ps,specimen_3__2025_05_08-14_59_26__Clip_3__end,0.0,,,0.0,,0.0,0.0,0.0,0.0,0.0,nan,0.0,0.0,0.0,0.0,0.0,0.0,0.0,1746709328_040919780,0.0,1.765625,1.765625,0.0,,,0.0,,0.0,0.0,0.0,0.0,0.0,nan,100.0,0.0,0.0,1.765625,1.7667309045791626,100.0,0.0,0.0,1.765625,1.7667309045791626,0.0,1.5758909285068512,specimen_3__2025_05_08-14_59_26__Clip_3__end,valid,0.0,0.0,0.0,0.0,nan,2
EGBM-v1,specimen_1,2025_03_06-16_54_09,valid,,specimen_1__2025_03_06-16_54_09__Clip_1__start,0.33658997793885914,7.163326740264893,6.339062690734863,0.0,,2.2454833984375,1.9828519821166992,2.2427680492401123,2.2443580627441406,0.4105735421180725,0.5291736930860034,-0.418287992477417,12.261217236783652,5.054151624548736,0.0,0.0,0.0,0.0,1741276454_605849504,0.6473369051370942,3.457198143005371,3.9560275077819824,1.4993480443954468,0.6212826371192932,0.9049645662307739,1.7032657861709595,,0.6998235553595059,0.5199610516066212,0.016073116924046643,64.82698204117389,11.477180664326223,0.23136593591905566,49.64711071901191,18.328187031318922,14.512571680635201,3.68280291557312,7.9095139503479,76.20202911336568,26.775474194971327,14.027348919276578,4.101090908050537,7.381749153137207,-0.11357870678027383,103.75054506585002,specimen_1__2025_03_06-16_54_09__Clip_1__start,valid,0.0025592567399144173,0.028783047571778297,0.28949737548828125,0.14448952674865723,0.7625632377740303,4534
EGBM-v1,specimen_1,2025_03_06-16_54_09,usable_with_warning,,specimen_1__2025_03_06-16_54_09__Clip_1__end,0.578365878725591,14.400006294250488,13.198175430297852,0.0,,2.24591064453125,2.2292518615722656,2.2442703247070312,2.24505615234375,0.19881696999073029,0.6744628773456622,0.3180370330810547,3.6321031048623316,2.724563644103874,0.0,0.0,0.0,0.0,1741276472_500830173,0.4159815005138746,7.937597274780273,7.714775562286377,1.958491563796997,0.7416765689849854,0.9352875351905823,1.7776380777359009,,0.8088113050706567,1.3903644224830143,0.005652620760534429,75.60801144492132,16.03735282176208,0.08349197715528964,70.94763092269328,48.81546134663341,44.763092269326684,8.566110610961914,13.68399429321289,90.33665835411472,55.69409808811305,39.214463840399,8.24807357788086,12.632071495056152,0.0371273554037544,12.265888042747974,specimen_1__2025_03_06-16_54_09__Clip_1__end,usable_with_warning,0.003109907964244485,0.03730500489473343,0.3733847141265869,0.18642494082450867,0.9129725319553984,4812
EGBM-v1,specimen_1,2025_03_06-16_53_09,usable_with_warning,,specimen_1__2025_03_06-16_53_09__Clip_1__start,0.2545398584179748,6.402213096618652,5.947587490081787,0.0,,2.2454376220703125,1.4984512329101562,2.242717742919922,2.2442245483398438,0.5767022967338562,0.46113132649685745,-0.6015958786010742,10.329985652797705,0.6825938566552902,0.0,0.0,0.0,0.0,1741276395_521808385,0.7322253000923361,2.423027515411377,3.0730862617492676,1.334048867225647,0.5889386534690857,0.911525547504425,1.6700350046157837,,0.6819899244332494,0.34762505254308534,0.013234841489689135,60.53123830901609,12.613690761129728,0.23023486602712537,43.89168765743073,12.300587741393787,9.739714525608733,2.597597122192383,6.012139320373535,73.32073887489504,23.278757346767424,9.466834592779177,3.199193000793457,5.7136383056640625,-0.23159706848355482,12.223484925925732,specimen_1__2025_03_06-16_53_09__Clip_1__start,usable_with_warning,0.002252924256026745,0.026463892310857773,0.2677379846572876,0.13394004106521606,0.7591796228911677,4764
EGBM-v1,specimen_1,2025_03_06-16_53_09,usable_with_warning,,specimen_1__2025_03_06-16_53_09__Clip_1__end,0.6486876956417048,10.891024589538574,9.990028381347656,0.0,,2.2455673217773438,2.2374191284179688,2.2447280883789062,2.245224952697754,0.13479183614253998,0.745882949075247,0.6055870056152344,4.365291912158543,0.43383947939262474,0.0,0.0,0.0,0.0,1741276413_300344467,0.3424030821093186,13.104289054870605,12.520650863647461,2.071218490600586,0.7698700428009033,0.9364420771598816,1.7548738718032837,,0.8160738848496758,1.8945147679324894,0.008909222248976643,66.78966789667896,13.861386138613863,0.09627565239422346,73.3739438003537,54.352525054038125,51.69974454706229,12.951199531555176,18.628883361816406,87.95441147573197,60.44409510709373,51.24778934957752,12.345612525939941,17.288536071777344,0.04675914413485341,12.219979893416166,specimen_1__2025_03_06-16_53_09__Clip_1__end,usable_with_warning,0.004480402451008558,0.044783007353544235,0.45415258407592773,0.22731071710586548,0.900684063845959,5089
EGBM-v1,specimen_1,2025_03_06-16_49_40,valid,,specimen_1__2025_03_06-16_49_40__Clip_1__start,0.34491315136476425,8.47408390045166,7.556575775146484,0.0,,2.2456092834472656,1.6569576263427734,2.2427725791931152,2.2445011138916016,0.36812910437583923,0.5788402848423194,-0.40181970596313477,11.829436038514443,2.508551881413911,0.0,0.0,0.0,0.0,1741276188_715718030,0.6426799007444168,3.5510761737823486,4.026257514953613,1.4171419143676758,0.5894546508789062,0.8990996479988098,1.6787934303283691,,0.6820393484239475,0.5366795366795367,0.01240694789081886,58.680282796543594,11.090909090909092,0.2614445574771109,46.13920033848107,18.552993441929342,14.44891051406812,3.81040096282959,8.4707670211792,72.28686270361752,27.120795430505606,14.36429024751428,4.212220668792725,7.913542747497559,-0.10545339188260779,12.230015359818935,specimen_1__2025_03_06-16_49_40__Clip_1__start,valid,0.0025741085410118103,0.030236078426241875,0.3033536970615387,0.15175576508045197,0.7266870125466259,4727
EGBM-v1,specimen_1,2025_03_06-17_35_04,valid,,specimen_1__2025_03_06-17_35_04__Clip_1__start,0.2078853046594982,4.1044921875,5.2694993019104,0.0,,2.2443885803222656,2.2375755310058594,2.2431247234344482,2.243812322616577,1.0563712120056152,0.35185185185185186,-0.9462367296218872,24.736842105263158,19.565217391304348,0.0,0.0,0.0,0.0,1741278916_817303895,0.7885304659498208,1.6769381761550903,2.610978603363037,1.8150451183319092,0.8502912521362305,0.9776780605316162,1.7785991430282593,,0.9207920792079208,0.2636363636363636,0.0035842293906810036,80.53097345132744,31.517509727626457,0.2074074074074074,62.70627062706271,15.181518151815181,3.9603960396039604,1.8051258325576782,2.6155025959014893,77.22772277227723,38.943894389438945,12.211221122112212,2.7513625621795654,3.4898386001586914,-0.5241943318052054,15.994660090655088,specimen_1__2025_03_06-17_35_04__Clip_1__start,valid,0.005720739718526602,0.01715965010225773,0.17152731120586395,0.08577962219715118,0.7814814814814814,303
EGBM-v1,specimen_1,2025_03_06-16_56_00,valid,,specimen_1__2025_03_06-16_56_00__Clip_1__start,0.187039764359352,4.1268696784973145,3.944737434387207,0.0,,2.2453575134277344,1.4341411590576172,2.2425670623779297,2.243814468383789,0.8075454235076904,0.44709626093874305,-0.6648932695388794,6.666666666666667,3.867403314917127,0.0,0.0,0.0,0.0,1741276567_498016595,0.7941826215022091,1.8069095611572266,2.4960391521453857,1.339266300201416,0.564587414264679,0.8957973718643188,1.6109309196472168,,0.6457441749881122,0.2355122855818266,0.01877761413843888,53.98193760262726,16.75338189386056,0.2856006364359586,42.0827389443652,8.606752258678078,6.3242986210175935,1.871444821357727,4.277699947357178,70.54208273894437,23.58535425582501,6.371849738468854,2.5363380908966064,4.160634994506836,-0.35528339492077654,12.224616948515177,specimen_1__2025_03_06-16_56_00__Clip_1__start,valid,0.0025747816544026136,0.027028106153011322,0.2699778974056244,0.13506728410720825,0.7068416865552903,4206
EGBM-v1,specimen_1,2025_03_06-16_56_00,valid,,specimen_1__2025_03_06-16_56_00__Clip_1__end,0.31393092743500195,4.686069488525391,4.376523017883301,0.0,,2.2450599670410156,1.343794822692871,2.2426199913024902,2.2439627647399902,0.5617069005966187,0.544472152950956,-0.3954346179962158,9.825102880658436,5.15625,0.0,0.0,0.0,0.0,1741276586_132390499,0.6701590997283663,2.451817512512207,2.8731062412261963,1.4370521306991577,0.5551999807357788,0.8960244655609131,1.5930405855178833,,0.6420029895366218,0.46844238563983787,0.01590997283663174,51.40096618357488,15.145228215767634,0.2597672485453034,48.4304932735426,15.944195316392626,10.961634280019931,2.5308568477630615,5.1624884605407715,70.17937219730942,27.852516193323368,10.986547085201794,2.9262914657592773,4.786186218261719,-0.1562453515874385,12.234741821885109,specimen_1__2025_03_06-16_56_00__Clip_1__end,valid,0.003251508576795459,0.03250117972493172,0.32539743185043335,0.16241657733917236,0.7273482959268496,4014
EGBM-v1,specimen_1,2025_03_06-16_56_00,valid,,specimen_1__2025_03_06-16_56_00__Clip_2__start,0.31393092743500195,4.686069488525391,4.376523017883301,0.0,,2.2450599670410156,1.343794822692871,2.2426199913024902,2.2439627647399902,0.5617069005966187,0.544472152950956,-0.3954346179962158,9.825102880658436,5.15625,0.0,0.0,0.0,0.0,1741276586_132390499,0.6701590997283663,2.451817512512207,2.8731062412261963,1.4370521306991577,0.5551999807357788,0.8960244655609131,1.5930405855178833,,0.6420029895366218,0.46844238563983787,0.01590997283663174,51.40096618357488,15.145228215767634,0.2597672485453034,48.4304932735426,15.944195316392626,10.961634280019931,2.5308568477630615,5.1624884605407715,70.17937219730942,27.852516193323368,10.986547085201794,2.9262914657592773,4.786186218261719,-0.1562453515874385,12.253318913280964,specimen_1__2025_03_06-16_56_00__Clip_2__start,valid,0.003251508576795459,0.03250117972493172,0.32539743185043335,0.16241657733917236,0.7273482959268496,4014
EGBM-v1,specimen_1,2025_03_06-16_56_00,usable_with_warning,,specimen_1__2025_03_06-16_56_00__Clip_2__end,0.3437616387337058,5.347502708435059,5.084575176239014,0.0,,2.2453536987304688,1.323598861694336,2.2428696155548096,2.244367837905884,0.38745108246803284,0.5650958466453674,-0.3323361873626709,6.941923774954628,5.889724310776942,0.0,0.0,0.0,0.0,1741276596_839815616,0.6446927374301676,3.4315524101257324,3.799922227859497,1.4919079542160034,0.566041886806488,0.9019814133644104,1.5660635232925415,,0.6692422731804586,0.5332177931831311,0.01154562383612663,51.32743362831859,17.423771001866832,0.23282747603833867,54.93519441674975,19.890329012961118,14.132602193419741,3.540912389755249,7.26245641708374,74.25224327018944,32.67696909272183,14.082751744765703,3.87324857711792,6.730556011199951,-0.09385608870871902,12.22533779218793,specimen_1__2025_03_06-16_56_00__Clip_2__end,usable_with_warning,0.0032983417622745037,0.0329713299870491,0.3300601840019226,0.16475337743759155,0.7571884984025559,4012
EGBM-v1,specimen_1,2025_03_06-16_56_00,usable_with_warning,,specimen_1__2025_03_06-16_56_00__Clip_3__start,0.3437616387337058,5.347502708435059,5.084575176239014,0.0,,2.2453536987304688,1.323598861694336,2.2428696155548096,2.244367837905884,0.38745108246803284,0.5650958466453674,-0.3323361873626709,6.941923774954628,5.889724310776942,0.0,0.0,0.0,0.0,1741276596_839815616,0.6446927374301676,3.4315524101257324,3.799922227859497,1.4919079542160034,0.566041886806488,0.9019814133644104,1.5660635232925415,,0.6692422731804586,0.5332177931831311,0.01154562383612663,51.32743362831859,17.423771001866832,0.23282747603833867,54.93519441674975,19.890329012961118,14.132602193419741,3.540912389755249,7.26245641708374,74.25224327018944,32.67696909272183,14.082751744765703,3.87324857711792,6.730556011199951,-0.09385608870871902,12.226409278810024,specimen_1__2025_03_06-16_56_00__Clip_3__start,usable_with_warning,0.0032983417622745037,0.0329713299870491,0.3300601840019226,0.16475337743759155,0.7571884984025559,4012
EGBM-v1,specimen_1,2025_03_06-16_56_00,usable_with_warning,,specimen_1__2025_03_06-16_56_00__Clip_3__end,0.3921487603305785,5.735629558563232,5.474167346954346,0.0,,2.2455368041992188,1.0137739181518555,2.2431559562683105,2.244508743286133,0.3082004189491272,0.6043010752688172,-0.20156002044677734,7.142857142857142,3.691275167785235,0.0,0.0,0.0,0.0,1741276607_378000020,0.5925619834710744,4.158022403717041,4.394513130187988,1.5082894563674927,0.5322660803794861,0.8876169323921204,1.5486350059509277,,0.6195596518177163,0.6617852161785216,0.015289256198347107,46.48910411622276,15.0730411686587,0.2563440860215054,57.70609318996416,22.887864823348693,16.538658474142345,4.268689155578613,9.035452842712402,73.2462877624168,33.66615463389657,17.409114183307732,4.470249176025391,8.455824851989746,-0.047218247358996615,12.20712997019291,specimen_1__2025_03_06-16_56_00__Clip_3__end,usable_with_warning,0.0030193855054676533,0.03923321142792702,0.3915759027004242,0.19600532948970795,0.7367741935483871,3906
EGBM-v1,specimen_1,2025_03_06-16_56_00,usable_with_warning,,specimen_1__2025_03_06-16_56_00__Clip_4__start,0.3921487603305785,5.735629558563232,5.474167346954346,0.0,,2.2455368041992188,1.0137739181518555,2.2431559562683105,2.244508743286133,0.3082004189491272,0.6043010752688172,-0.20156002044677734,7.142857142857142,3.691275167785235,0.0,0.0,0.0,0.0,1741276607_378000020,0.5925619834710744,4.158022403717041,4.394513130187988,1.5082894563674927,0.5322660803794861,0.8876169323921204,1.5486350059509277,,0.6195596518177163,0.6617852161785216,0.015289256198347107,46.48910411622276,15.0730411686587,0.2563440860215054,57.70609318996416,22.887864823348693,16.538658474142345,4.268689155578613,9.035452842712402,73.2462877624168,33.66615463389657,17.409114183307732,4.470249176025391,8.455824851989746,-0.047218247358996615,12.231517117470503,specimen_1__2025_03_06-16_56_00__Clip_4__start,usable_with_warning,0.0030193855054676533,0.03923321142792702,0.3915759027004242,0.19600532948970795,0.7367741935483871,3906
EGBM-v1,specimen_1,2025_03_06-16_56_00,usable_with_warning,,specimen_1__2025_03_06-16_56_00__Clip_5__end,0.4409040385327899,7.81285285949707,7.3113250732421875,0.0,,2.245574951171875,0.6429824829101562,2.243955612182617,2.2450103759765625,0.207696333527565,0.535009671179884,-0.1230916976928711,7.30563002680965,3.165735567970205,0.0,0.0,0.0,0.0,1741276628_081543684,0.5494627639866617,5.440314292907715,5.609717845916748,1.5497795343399048,0.49812939763069153,0.886141300201416,1.6166954040527344,,0.6009797372522824,0.8024275118004046,0.00963319748054835,44.92368944923689,15.59847819724905,0.1195357833655706,66.44399910932977,23.91449565798263,18.90447561790247,5.604083061218262,12.093860626220703,76.6644399910933,35.02560676909374,19.238476953907817,5.727174758911133,11.427131652832031,-0.021964645482273136,12.279127724468708,specimen_1__2025_03_06-16_56_00__Clip_5__end,usable_with_warning,0.003726288443431258,0.04096673056483269,0.4172026813030243,0.20839479565620422,0.8727272727272727,4491
EGBM-v1,specimen_1,2025_03_06-17_10_48,usable_with_warning,,specimen_1__2025_03_06-17_10_48__Clip_1__start,0.32285714285714284,7.34765625,6.247359275817871,0.0,,2.24420166015625,2.223644256591797,2.2434730529785156,2.2439770698547363,0.7575325965881348,0.5075528700906344,-0.5601019859313965,35.678391959798994,2.083333333333333,0.0,0.0,0.0,0.0,1741277458_715820312,0.6714285714285714,2.3041493892669678,2.9008443355560303,1.4850391149520874,0.8444470763206482,0.9732076525688171,1.5977660417556763,,0.9433962264150944,0.4808510638297872,0.005714285714285714,76.74418604651163,21.36222910216718,0.34441087613293053,53.63881401617251,12.93800539083558,9.973045822102426,2.4129042625427246,4.858170509338379,70.08086253369272,31.266846361185983,12.398921832884097,2.973006248474121,4.612298488616943,-0.23212772865723216,12.221502140164375,specimen_1__2025_03_06-17_10_48__Clip_1__start,usable_with_warning,0.005966483149677515,0.017898699268698692,0.22059409320354462,0.10735037922859192,0.6435045317220544,371
EGBM-v1,specimen_1,2025_03_06-17_10_48,usable_with_warning,,specimen_1__2025_03_06-17_10_48__Clip_1__end,0.4384858044164038,4.7734375,3.0899038314819336,0.0,,2.2447738647460938,2.2358856201171875,2.2432219982147217,2.2439472675323486,0.7494866847991943,0.6091205211726385,-0.2007291316986084,31.25,21.839080459770116,0.0,0.0,0.0,0.0,1741277472_074031114,0.5394321766561514,2.4690027236938477,2.690047264099121,1.4639424085617065,0.7935470938682556,0.9714240431785583,1.6320008039474487,,0.8453333333333334,0.8128654970760234,0.022082018927444796,76.69902912621359,17.01388888888889,0.3517915309446254,72.53333333333333,23.200000000000003,7.733333333333333,2.4935834407806396,4.106728553771973,70.93333333333334,31.2,15.466666666666667,2.694312572479248,4.04815149307251,-0.08049826142403652,12.212888803333044,specimen_1__2025_03_06-17_10_48__Clip_1__end,usable_with_warning,0.008026264607906342,0.024071861058473587,0.29669898748397827,0.14437586069107056,0.6319218241042345,375
EGBM-v1,specimen_1,2025_03_06-17_46_07,valid,direct_polaris,specimen_1__2025_03_06-17_46_07__Clip_1__start,0.25984251968503935,2.0479166507720947,2.9837827682495117,0.0,,2.2440338134765625,2.1968421936035156,2.2429122924804688,2.243765354156494,1.1834660768508911,0.4301369863013699,-0.8745605945587158,24.081632653061224,37.03703703703704,0.0,0.0,0.0,0.0,1741279573_107909202,0.7270341207349081,1.5500156879425049,2.4222657680511475,1.2550349235534668,0.8367651104927063,0.9669322967529297,1.75289785861969,,0.9225181598062954,0.3574007220216607,0.013123359580052493,75.59523809523809,36.52849740932643,0.27671232876712326,59.32203389830508,6.5375302663438255,2.4213075060532687,1.5680992603302002,2.2942097187042236,75.78692493946731,38.256658595641646,2.663438256658596,2.442659854888916,3.036210060119629,-0.5577201754272599,12.249393854290247,specimen_1__2025_03_06-17_46_07__Clip_1__start,valid,0.00461541535332799,0.01846003718674183,0.1890958994626999,0.09227138757705688,0.7150684931506849,413
EGBM-v1,specimen_1,2025_03_06-17_46_07,valid,direct_polaris,specimen_1__2025_03_06-17_46_07__Clip_2__end,0.3187066974595843,3.483630895614624,5.036930084228516,0.0,,2.24432373046875,2.1097183227539062,2.243131637573242,2.243988513946533,0.9580236077308655,0.5806451612903226,-0.6564099788665771,20.78853046594982,23.762376237623762,0.0,0.0,0.0,0.0,1741279592_460282802,0.6697459584295612,1.777187466621399,2.391742706298828,1.078216791152954,0.7822136282920837,0.9467058181762695,1.5830004215240479,,0.9193205944798302,0.47586206896551725,0.011547344110854504,76.04166666666666,20.54054054054054,0.3424317617866005,59.23566878980891,21.443736730360936,7.855626326963907,1.8532710075378418,2.5064585208892822,77.91932059447984,32.48407643312102,9.554140127388536,2.509680986404419,3.105137586593628,-0.3541899572144329,12.219938915222883,specimen_1__2025_03_06-17_46_07__Clip_2__end,valid,0.004887371324002743,0.01954713463783264,0.22951467335224152,0.11235110461711884,0.652605459057072,471
EGBM-v1,specimen_1,2025_03_06-17_46_07,valid,direct_polaris,specimen_1__2025_03_06-17_46_07__Clip_3__start,0.3187066974595843,3.483630895614624,5.036930084228516,0.0,,2.24432373046875,2.1097183227539062,2.243131637573242,2.243988513946533,0.9580236077308655,0.5806451612903226,-0.6564099788665771,20.78853046594982,23.762376237623762,0.0,0.0,0.0,0.0,1741279592_460282802,0.6697459584295612,1.777187466621399,2.391742706298828,1.078216791152954,0.7822136282920837,0.9467058181762695,1.5830004215240479,,0.9193205944798302,0.47586206896551725,0.011547344110854504,76.04166666666666,20.54054054054054,0.3424317617866005,59.23566878980891,21.443736730360936,7.855626326963907,1.8532710075378418,2.5064585208892822,77.91932059447984,32.48407643312102,9.554140127388536,2.509680986404419,3.105137586593628,-0.3541899572144329,12.21421081572771,specimen_1__2025_03_06-17_46_07__Clip_3__start,valid,0.004887371324002743,0.01954713463783264,0.22951467335224152,0.11235110461711884,0.652605459057072,471
EGBM-v1,specimen_1,2025_03_06-17_46_07,valid,direct_polaris,specimen_1__2025_03_06-17_46_07__Clip_3__end,0.2984126984126984,3.070833444595337,4.6701979637146,0.0,,2.244304656982422,2.0520362854003906,2.2434310913085938,2.244072675704956,0.9575091004371643,0.46179401993355484,-0.6340770721435547,11.96911196911197,29.11392405063291,0.0,0.0,0.0,0.0,1741279602_670526742,0.6888888888888889,1.7725735902786255,2.37184476852417,1.3275943994522095,0.6444874405860901,0.8908697366714478,1.8375904560089111,,0.7308584686774942,0.43317972350230416,0.012698412698412698,57.55813953488372,21.875,0.21926910299003322,60.092807424593964,18.329466357308586,4.176334106728538,1.8177566528320312,2.592578172683716,75.87006960556845,30.8584686774942,12.064965197215777,2.451833724975586,3.134772300720215,-0.3488239590022539,12.244886718690395,specimen_1__2025_03_06-17_46_07__Clip_3__end,valid,0.005622983910143375,0.022489948198199272,0.2415742427110672,0.1180243119597435,0.7740863787375415,431
EGBM-v1,specimen_1,2025_03_06-17_46_07,valid,direct_polaris,specimen_1__2025_03_06-17_46_07__Clip_4__start,0.2984126984126984,3.070833444595337,4.6701979637146,0.0,,2.244304656982422,2.0520362854003906,2.2434310913085938,2.244072675704956,0.9575091004371643,0.46179401993355484,-0.6340770721435547,11.96911196911197,29.11392405063291,0.0,0.0,0.0,0.0,1741279602_670526742,0.6888888888888889,1.7725735902786255,2.37184476852417,1.3275943994522095,0.6444874405860901,0.8908697366714478,1.8375904560089111,,0.7308584686774942,0.43317972350230416,0.012698412698412698,57.55813953488372,21.875,0.21926910299003322,60.092807424593964,18.329466357308586,4.176334106728538,1.8177566528320312,2.592578172683716,75.87006960556845,30.8584686774942,12.064965197215777,2.451833724975586,3.134772300720215,-0.3488239590022539,12.221972923725843,specimen_1__2025_03_06-17_46_07__Clip_4__start,valid,0.005622983910143375,0.022489948198199272,0.2415742427110672,0.1180243119597435,0.7740863787375415,431
EGBM-v1,specimen_1,2025_03_06-17_46_07,valid,direct_polaris,specimen_1__2025_03_06-17_46_07__Clip_4__end,0.319672131147541,4.293981552124023,5.968115329742432,0.0,,2.244243621826172,2.081298828125,2.2432732582092285,2.2439208030700684,0.8733417391777039,0.4438040345821326,-0.5559408664703369,16.558441558441558,36.58536585365854,0.0,0.0,0.0,0.0,1741279610_874241590,0.6584699453551912,1.84608793258667,2.3267393112182617,1.4538657665252686,0.71339350938797,0.9453351497650146,1.6928789615631104,,0.8551401869158879,0.4854771784232365,0.02185792349726776,55.00000000000001,31.502890173410403,0.18155619596541786,71.96261682242991,19.158878504672895,4.906542056074766,2.0005111694335938,2.6505231857299805,75.46728971962617,37.61682242990654,7.476635514018691,2.5564520359039307,3.230072498321533,-0.2778994063940872,12.242231983691454,specimen_1__2025_03_06-17_46_07__Clip_4__end,valid,0.005486039444804192,0.021940726786851883,0.23025073111057281,0.11515679955482483,0.8011527377521613,428
EGBM-v1,specimen_1,2025_03_06-17_46_07,valid,direct_polaris,specimen_1__2025_03_06-17_46_07__Clip_5__start,0.319672131147541,4.293981552124023,5.968115329742432,0.0,,2.244243621826172,2.081298828125,2.2432732582092285,2.2439208030700684,0.8733417391777039,0.4438040345821326,-0.5559408664703369,16.558441558441558,36.58536585365854,0.0,0.0,0.0,0.0,1741279610_874241590,0.6584699453551912,1.84608793258667,2.3267393112182617,1.4538657665252686,0.71339350938797,0.9453351497650146,1.6928789615631104,,0.8551401869158879,0.4854771784232365,0.02185792349726776,55.00000000000001,31.502890173410403,0.18155619596541786,71.96261682242991,19.158878504672895,4.906542056074766,2.0005111694335938,2.6505231857299805,75.46728971962617,37.61682242990654,7.476635514018691,2.5564520359039307,3.230072498321533,-0.2778994063940872,12.2097241692245,specimen_1__2025_03_06-17_46_07__Clip_5__start,valid,0.005486039444804192,0.021940726786851883,0.23025073111057281,0.11515679955482483,0.8011527377521613,428
EGBM-v1,specimen_1,2025_03_06-17_46_07,valid,direct_polaris,specimen_1__2025_03_06-17_46_07__Clip_5__end,0.37216828478964403,,,0.0,,2.2448883056640625,2.2224416732788086,2.243849039077759,2.244278907775879,0.8261474967002869,0.5066666666666667,-0.35039448738098145,22.362869198312236,34.44444444444444,0.0,0.0,0.0,0.0,1741279619_639563798,0.6181229773462783,2.1320536136627197,2.482448101043701,1.6733614206314087,0.7791365385055542,0.966896653175354,1.6505366563796997,,0.8828571428571429,0.6020942408376964,0.009708737864077669,57.52212389380531,29.230769230769234,0.2,67.71428571428572,25.71428571428571,4.571428571428571,2.1320536136627197,2.7411246299743652,71.14285714285714,38.57142857142858,9.428571428571429,2.482448101043701,3.1132211685180664,-0.16434600196522642,12.21264898777008,specimen_1__2025_03_06-17_46_07__Clip_5__end,valid,0.007108591962605715,0.021323179826140404,0.24860899150371552,0.12079397588968277,0.7733333333333333,350
EGBM-v1,specimen_1,2025_03_06-17_43_05,valid,direct_polaris,specimen_1__2025_03_06-17_43_05__Clip_1__start,0.20531400966183574,2.88043475151062,4.124607086181641,0.0,,2.244384765625,2.1367454528808594,2.243101119995117,2.2436928749084473,1.0798461437225342,0.39948453608247425,-0.9769171476364136,11.934156378600823,27.142857142857142,0.0,0.0,0.0,0.0,1741279397_014175891,0.7801932367149759,1.5587064027786255,2.5208475589752197,1.1764966249465942,0.8143656253814697,0.9637910723686218,1.6351592540740967,,0.9430523917995444,0.2631578947368421,0.014492753623188406,72.44897959183673,28.997289972899733,0.23195876288659795,55.35307517084283,15.945330296127564,1.5945330296127564,1.627954125404358,2.1511824131011963,81.09339407744875,35.99088838268793,10.478359908883828,2.6048712730407715,3.0898003578186035,-0.6000888676109118,12.222543824464083,specimen_1__2025_03_06-17_43_05__Clip_1__start,valid,0.00424062367528677,0.0169605053961277,0.18222591280937195,0.08901621401309967,0.7551546391752577,439
EGBM-v1,specimen_1,2025_03_06-17_03_37,valid,,specimen_1__2025_03_06-17_03_37__Clip_1__start,0.36879432624113473,,,0.0,,2.2442474365234375,2.2336416244506836,2.24340558052063,2.2439658641815186,1.1963623762130737,0.6474820143884892,-0.6372600793838501,38.0,0.0,0.0,0.0,0.0,0.0,1741277038_994503974,0.6170212765957447,1.532997488975525,2.170257568359375,0.8741992712020874,0.8440088033676147,0.9772934317588806,1.6373438835144043,,0.9276315789473685,0.5977011494252874,0.014184397163120567,88.46153846153845,20.14388489208633,0.4172661870503597,65.78947368421053,8.552631578947368,2.631578947368421,1.532997488975525,1.9732364416122437,71.05263157894737,26.973684210526315,8.552631578947368,2.170257568359375,2.9295177459716797,-0.41569544892713406,12.237065006047487,specimen_1__2025_03_06-17_03_37__Clip_1__start,valid,0.015724949538707733,0.015724949538707733,0.23574109375476837,0.11004157364368439,0.5683453237410072,152
EGBM-v1,specimen_1,2025_03_06-17_03_37,valid,,specimen_1__2025_03_06-17_03_37__Clip_1__end,0.4352720450281426,2.51953125,3.911112070083618,0.0,,2.244060516357422,2.2356643676757812,2.243037223815918,2.2437844276428223,0.8800160884857178,0.7269230769230769,-0.14345598220825195,26.586102719033235,54.54545454545454,0.0,0.0,0.0,0.0,1741277054_444179058,0.5440900562851783,2.246960163116455,2.3127119541168213,1.6256535053253174,0.9052335023880005,0.9812183976173401,1.57233726978302,,0.9761904761904762,0.8,0.020637898686679174,86.04651162790698,19.851116625310176,0.38653846153846155,60.62271062271062,26.190476190476193,10.805860805860807,2.262934923171997,3.374509811401367,78.3882783882784,26.55677655677656,8.058608058608058,2.406390905380249,3.195744752883911,-0.06339377272377196,12.245798017829657,specimen_1__2025_03_06-17_03_37__Clip_1__end,valid,0.004917135462164879,0.024582115933299065,0.26522284746170044,0.1326846480369568,0.6038461538461538,546
EGBM-v1,specimen_1,2025_03_06-17_50_08,valid,direct_polaris,specimen_1__2025_03_06-17_50_08__Clip_1__start,0.20454545454545456,3.263962745666504,4.001224994659424,0.0,,2.2440643310546875,2.1976680755615234,2.2432005405426025,2.2438621520996094,1.1115132570266724,0.38072289156626504,-0.8767352104187012,20.588235294117645,34.5679012345679,0.0,0.0,0.0,0.0,1741279814_889631032,0.7840909090909091,1.4601329565048218,2.3518686294555664,1.6237291097640991,0.8040636777877808,0.9586105942726135,1.651901125907898,,0.9090909090909091,0.2608695652173913,0.011363636363636364,75.94339622641509,26.550868486352357,0.22650602409638554,56.19834710743802,16.735537190082646,5.991735537190083,1.635298252105713,2.209825038909912,77.89256198347107,33.057851239669425,9.297520661157025,2.512033462524414,3.087923526763916,-0.5361316868588111,12.233709916472435,specimen_1__2025_03_06-17_50_08__Clip_1__start,valid,0.003929234109818935,0.015715960413217545,0.18847669661045074,0.09426818788051605,0.7686746987951807,484
EGBM-v1,specimen_1,2025_03_06-17_50_08,valid,direct_polaris,specimen_1__2025_03_06-17_50_08__Clip_1__end,0.3553008595988539,2.198214292526245,3.7805638313293457,0.0,,2.2442092895507812,2.2320899963378906,2.2425873279571533,2.243986129760742,0.8655832409858704,0.5507462686567164,-0.4243741035461426,22.93986636971047,41.75257731958763,0.0,0.0,0.0,0.0,1741279833_122301101,0.6303724928366762,2.296557903289795,2.66219425201416,1.8326201438903809,0.897214949131012,0.973108172416687,1.7321133613586426,,0.9627586206896551,0.5636363636363636,0.014326647564469915,88.76811594202898,25.04708097928437,0.24776119402985075,61.93103448275862,26.75862068965517,9.379310344827587,2.2918102741241455,3.43481707572937,81.51724137931035,33.93103448275862,12.0,2.716184377670288,3.4202446937561035,-0.18516982332157683,12.20815209671855,specimen_1__2025_03_06-17_50_08__Clip_1__end,valid,0.002941862214356661,0.02059144154191017,0.21152733266353607,0.10583333671092987,0.7402985074626866,725
EGBM-v1,specimen_1,2025_03_06-17_04_37,valid,,specimen_1__2025_03_06-17_04_37__Clip_1__start,0.3279569892473118,,,0.0,,2.2437095642089844,2.239565849304199,2.2431230545043945,2.243471622467041,1.7741000652313232,0.8097826086956522,-0.4433741569519043,51.886792452830186,37.5,0.0,0.0,0.0,0.0,1741277089_267859220,0.5967741935483871,1.2069052457809448,1.6502794027328491,1.0523531436920166,0.9774309396743774,0.9900479912757874,1.3237972259521484,,1.0,0.5495495495495496,0.07526881720430108,98.75,10.674157303370785,0.7065217391304348,56.98924731182796,4.301075268817205,0.0,1.2069052457809448,1.429113745689392,69.89247311827957,12.903225806451612,3.763440860215054,1.6502794027328491,2.069423198699951,-0.3673645122530003,12.21718592569232,specimen_1__2025_03_06-17_04_37__Clip_1__start,valid,0.01524899061769247,0.01524899061769247,0.2743796110153198,0.13721783459186554,0.28804347826086957,186
EGBM-v1,specimen_1,2025_03_06-17_04_37,usable_with_warning,,specimen_1__2025_03_06-17_04_37__Clip_1__end,0.15160349854227406,0.5795454382896423,1.0702826976776123,0.0,,2.243633270263672,2.2318191528320312,2.242603302001953,2.2433431148529053,2.2183055877685547,0.5818181818181818,-1.086647629737854,26.190476190476193,0.0,0.0,0.0,0.0,0.0,1741277102_310320138,0.8279883381924198,0.9244019389152527,2.0287179946899414,0.605097234249115,0.81658935546875,0.9666977524757385,1.575326681137085,,0.8979057591623036,0.18309859154929578,0.02040816326530612,83.984375,16.890080428954423,0.509090909090909,32.98429319371728,2.356020942408377,0.0,0.9144715070724487,1.1512919664382935,80.6282722513089,18.848167539267017,2.356020942408377,2.0011191368103027,2.336038827896118,-1.1882793737517343,12.225016951560974,specimen_1__2025_03_06-17_04_37__Clip_1__end,usable_with_warning,0.005010331980884075,0.015030663460493088,0.19026263058185577,0.0951622799038887,0.48787878787878786,382
EGBM-v1,specimen_1,2025_03_06-17_04_37,usable_with_warning,,specimen_1__2025_03_06-17_04_37__Clip_2__start,0.15160349854227406,0.5795454382896423,1.0702826976776123,0.0,,2.243633270263672,2.2318191528320312,2.242603302001953,2.2433431148529053,2.2183055877685547,0.5818181818181818,-1.086647629737854,26.190476190476193,0.0,0.0,0.0,0.0,0.0,1741277102_310320138,0.8279883381924198,0.9244019389152527,2.0287179946899414,0.605097234249115,0.81658935546875,0.9666977524757385,1.575326681137085,,0.8979057591623036,0.18309859154929578,0.02040816326530612,83.984375,16.890080428954423,0.509090909090909,32.98429319371728,2.356020942408377,0.0,0.9144715070724487,1.1512919664382935,80.6282722513089,18.848167539267017,2.356020942408377,2.0011191368103027,2.336038827896118,-1.1882793737517343,12.238698080182076,specimen_1__2025_03_06-17_04_37__Clip_2__start,usable_with_warning,0.005010331980884075,0.015030663460493088,0.19026263058185577,0.0951622799038887,0.48787878787878786,382
EGBM-v1,specimen_1,2025_03_06-17_04_37,valid,,specimen_1__2025_03_06-17_04_37__Clip_2__end,0.11463414634146342,1.75,3.7895572185516357,0.0,,2.243976593017578,2.2339963912963867,2.2429230213165283,2.243644952774048,1.1898698806762695,0.3768844221105528,-1.4848231077194214,9.75609756097561,0.0,0.0,0.0,0.0,0.0,1741277116_990405559,0.8707317073170732,1.6955658197402954,3.162405014038086,0.6011475920677185,0.9258788228034973,0.9837834239006042,1.8009151220321655,,0.9903381642512077,0.13165266106442577,0.014634146341463415,91.07142857142857,39.10614525139665,0.32160804020100503,59.42028985507246,13.526570048309178,6.280193236714976,1.6972750425338745,2.325582981109619,90.57971014492753,47.34299516908212,14.734299516908212,3.182098150253296,3.7998788356781006,-0.8748276328288654,12.248451821506023,specimen_1__2025_03_06-17_04_37__Clip_2__end,valid,0.0034881397150456905,0.013951580971479416,0.14293794333934784,0.06973902881145477,0.678391959798995,414
EGBM-v1,specimen_1,2025_03_06-17_04_37,valid,,specimen_1__2025_03_06-17_04_37__Clip_3__start,0.11463414634146342,1.75,3.7895572185516357,0.0,,2.243976593017578,2.2339963912963867,2.2429230213165283,2.243644952774048,1.1898698806762695,0.3768844221105528,-1.4848231077194214,9.75609756097561,0.0,0.0,0.0,0.0,0.0,1741277116_990405559,0.8707317073170732,1.6955658197402954,3.162405014038086,0.6011475920677185,0.9258788228034973,0.9837834239006042,1.8009151220321655,,0.9903381642512077,0.13165266106442577,0.014634146341463415,91.07142857142857,39.10614525139665,0.32160804020100503,59.42028985507246,13.526570048309178,6.280193236714976,1.6972750425338745,2.325582981109619,90.57971014492753,47.34299516908212,14.734299516908212,3.182098150253296,3.7998788356781006,-0.8748276328288654,12.215051800012589,specimen_1__2025_03_06-17_04_37__Clip_3__start,valid,0.0034881397150456905,0.013951580971479416,0.14293794333934784,0.06973902881145477,0.678391959798995,414
EGBM-v1,specimen_1,2025_03_06-17_04_37,valid,,specimen_1__2025_03_06-17_04_37__Clip_3__end,0.3074792243767313,2.40625,4.647281646728516,0.0,,2.2442283630371094,2.240245819091797,2.24354887008667,2.243947982788086,0.9125512838363647,0.5233918128654971,-0.7900950908660889,23.762376237623762,33.75,0.0,0.0,0.0,0.0,1741277161_742160797,0.6897506925207756,2.2649967670440674,3.047311782836914,1.6535526514053345,0.9260841608047485,0.985811710357666,1.929831624031067,,0.9626666666666667,0.4457831325301205,0.002770083102493075,85.54913294797689,27.11864406779661,0.29239766081871343,53.86666666666666,21.333333333333336,9.066666666666666,2.265749931335449,4.364389896392822,80.53333333333333,35.46666666666667,12.266666666666666,3.055845022201538,4.479104042053223,-0.34871239757708,12.232248205691576,specimen_1__2025_03_06-17_04_37__Clip_3__end,valid,0.004668583162128925,0.014005646109580994,0.1726842224597931,0.0840209573507309,0.7017543859649122,375
EGBM-v1,specimen_1,2025_03_06-17_04_37,valid,,specimen_1__2025_03_06-17_04_37__Clip_4__start,0.3074792243767313,2.40625,4.647281646728516,0.0,,2.2442283630371094,2.240245819091797,2.24354887008667,2.243947982788086,0.9125512838363647,0.5233918128654971,-0.7900950908660889,23.762376237623762,33.75,0.0,0.0,0.0,0.0,1741277161_742160797,0.6897506925207756,2.2649967670440674,3.047311782836914,1.6535526514053345,0.9260841608047485,0.985811710357666,1.929831624031067,,0.9626666666666667,0.4457831325301205,0.002770083102493075,85.54913294797689,27.11864406779661,0.29239766081871343,53.86666666666666,21.333333333333336,9.066666666666666,2.265749931335449,4.364389896392822,80.53333333333333,35.46666666666667,12.266666666666666,3.055845022201538,4.479104042053223,-0.34871239757708,12.21177726984024,specimen_1__2025_03_06-17_04_37__Clip_4__start,valid,0.004668583162128925,0.014005646109580994,0.1726842224597931,0.0840209573507309,0.7017543859649122,375
EGBM-v1,specimen_1,2025_03_06-17_04_37,valid,,specimen_1__2025_03_06-17_04_37__Clip_4__end,0.3675,11.897321701049805,11.213391304016113,0.0,,2.244659423828125,2.2327804565429688,2.243495464324951,2.244037628173828,0.7745839953422546,0.582010582010582,-0.5430200099945068,20.0,22.58064516129032,0.0,0.0,0.0,0.0,1741277171_752430915,0.625,2.2253429889678955,2.810258626937866,1.5557278394699097,0.8658866286277771,0.9737258553504944,1.8371059894561768,,0.9433962264150944,0.588,0.0075,89.65517241379311,20.0,0.25132275132275134,58.9622641509434,29.245283018867923,12.735849056603774,2.544700860977173,4.354694366455078,83.9622641509434,36.79245283018868,12.971698113207546,3.0877208709716797,4.334502220153809,-0.21339247308856002,12.287591118365526,specimen_1__2025_03_06-17_04_37__Clip_4__end,valid,0.004884754307568073,0.019535347819328308,0.20496611297130585,0.10251621156930923,0.746031746031746,424
EGBM-v1,specimen_1,2025_03_06-17_04_37,valid,,specimen_1__2025_03_06-17_04_37__Clip_5__start,0.3675,11.897321701049805,11.213391304016113,0.0,,2.244659423828125,2.2327804565429688,2.243495464324951,2.244037628173828,0.7745839953422546,0.582010582010582,-0.5430200099945068,20.0,22.58064516129032,0.0,0.0,0.0,0.0,1741277171_752430915,0.625,2.2253429889678955,2.810258626937866,1.5557278394699097,0.8658866286277771,0.9737258553504944,1.8371059894561768,,0.9433962264150944,0.588,0.0075,89.65517241379311,20.0,0.25132275132275134,58.9622641509434,29.245283018867923,12.735849056603774,2.544700860977173,4.354694366455078,83.9622641509434,36.79245283018868,12.971698113207546,3.0877208709716797,4.334502220153809,-0.21339247308856002,12.228772975504398,specimen_1__2025_03_06-17_04_37__Clip_5__start,valid,0.004884754307568073,0.019535347819328308,0.20496611297130585,0.10251621156930923,0.746031746031746,424
EGBM-v1,specimen_1,2025_03_06-17_51_03,valid,direct_polaris,specimen_1__2025_03_06-17_51_03__Clip_1__end,0.18762088974854932,2.6078124046325684,3.535851001739502,0.0,,2.2441864013671875,2.231609344482422,2.243124485015869,2.243713140487671,1.2874952554702759,0.3374233128834356,-1.1402065753936768,17.445482866043612,34.78260869565217,0.0,0.0,0.0,0.0,1741279879_525370836,0.8007736943907157,1.393387794494629,2.5502676963806152,1.4259324073791504,0.8712611794471741,0.9712660908699036,1.8464921712875366,,0.941712204007286,0.23429951690821257,0.01160541586073501,85.08771929824562,35.625,0.20245398773006135,58.46994535519126,12.568306010928962,0.36429872495446264,1.481870412826538,1.8881560564041138,83.60655737704919,39.34426229508197,6.739526411657559,2.622076988220215,3.0157196521759033,-0.7694374390125197,12.23292900249362,specimen_1__2025_03_06-17_51_03__Clip_1__end,valid,0.002933529205620289,0.014665845781564713,0.15832670032978058,0.07917792350053787,0.7914110429447853,549
EGBM-v1,specimen_1,2025_03_06-17_51_03,valid,direct_polaris,specimen_1__2025_03_06-17_51_03__Clip_2__start,0.18762088974854932,2.6078124046325684,3.535851001739502,0.0,,2.2441864013671875,2.231609344482422,2.243124485015869,2.243713140487671,1.2874952554702759,0.3374233128834356,-1.1402065753936768,17.445482866043612,34.78260869565217,0.0,0.0,0.0,0.0,1741279879_525370836,0.8007736943907157,1.393387794494629,2.5502676963806152,1.4259324073791504,0.8712611794471741,0.9712660908699036,1.8464921712875366,,0.941712204007286,0.23429951690821257,0.01160541586073501,85.08771929824562,35.625,0.20245398773006135,58.46994535519126,12.568306010928962,0.36429872495446264,1.481870412826538,1.8881560564041138,83.60655737704919,39.34426229508197,6.739526411657559,2.622076988220215,3.0157196521759033,-0.7694374390125197,12.225327081978321,specimen_1__2025_03_06-17_51_03__Clip_2__start,valid,0.002933529205620289,0.014665845781564713,0.15832670032978058,0.07917792350053787,0.7914110429447853,549
EGBM-v1,specimen_1,2025_03_06-17_51_03,valid,direct_polaris,specimen_1__2025_03_06-17_51_03__Clip_2__end,0.2927272727272727,2.6931817531585693,4.196274280548096,0.0,,2.2442703247070312,2.235553741455078,2.243320941925049,2.2440237998962402,1.3396378755569458,0.5608365019011406,-0.7249053716659546,33.02752293577982,48.837209302325576,0.0,0.0,0.0,0.0,1741279888_274587154,0.6745454545454546,1.548809289932251,2.224043130874634,1.6829181909561157,0.9783505797386169,0.9862868189811707,1.8052141666412354,,1.0,0.4339622641509434,0.03272727272727273,97.30941704035875,27.370689655172413,0.3745247148288973,59.45454545454546,15.636363636363637,2.181818181818182,1.6174715757369995,2.0932915210723877,79.27272727272727,31.09090909090909,6.7272727272727275,2.342376947402954,2.80802845954895,-0.44817193856136367,12.237485963851213,specimen_1__2025_03_06-17_51_03__Clip_2__end,valid,0.0033491544891148806,0.016744161024689674,0.18407867848873138,0.09039133042097092,0.6159695817490495,550
EGBM-v1,specimen_1,2025_03_06-17_51_03,valid,direct_polaris,specimen_1__2025_03_06-17_51_03__Clip_3__start,0.2927272727272727,2.6931817531585693,4.196274280548096,0.0,,2.2442703247070312,2.235553741455078,2.243320941925049,2.2440237998962402,1.3396378755569458,0.5608365019011406,-0.7249053716659546,33.02752293577982,48.837209302325576,0.0,0.0,0.0,0.0,1741279888_274587154,0.6745454545454546,1.548809289932251,2.224043130874634,1.6829181909561157,0.9783505797386169,0.9862868189811707,1.8052141666412354,,1.0,0.4339622641509434,0.03272727272727273,97.30941704035875,27.370689655172413,0.3745247148288973,59.45454545454546,15.636363636363637,2.181818181818182,1.6174715757369995,2.0932915210723877,79.27272727272727,31.09090909090909,6.7272727272727275,2.342376947402954,2.80802845954895,-0.44817193856136367,12.260420247912407,specimen_1__2025_03_06-17_51_03__Clip_3__start,valid,0.0033491544891148806,0.016744161024689674,0.18407867848873138,0.09039133042097092,0.6159695817490495,550
EGBM-v1,specimen_1,2025_03_06-17_51_03,valid,direct_polaris,specimen_1__2025_03_06-17_51_03__Clip_3__end,0.40372670807453415,1.9013158082962036,2.975403070449829,0.0,,2.244476318359375,2.2303237915039062,2.243457078933716,2.2440578937530518,0.899040699005127,0.5497553017944535,-0.3540034294128418,25.379609544468547,40.140845070422536,0.0,0.0,0.0,0.0,1741279896_845916986,0.5822981366459627,2.154759645462036,2.4877142906188965,1.6419130563735962,0.8760773539543152,0.9671919345855713,1.769641399383545,,0.9626307922272048,0.6933333333333334,0.013975155279503106,78.84615384615384,31.688804554079695,0.2398042414355628,68.90881913303438,21.225710014947683,9.566517189835576,2.147561550140381,3.0085701942443848,75.93423019431988,37.66816143497758,7.025411061285501,2.5015649795532227,3.079493761062622,-0.16483971292450336,12.23159721121192,specimen_1__2025_03_06-17_51_03__Clip_3__end,valid,0.0033785763662308455,0.02026832289993763,0.22272421419620514,0.11143647134304047,0.7487765089722676,669
EGBM-v1,specimen_1,2025_03_06-17_51_03,valid,direct_polaris,specimen_1__2025_03_06-17_51_03__Clip_4__start,0.40372670807453415,1.9013158082962036,2.975403070449829,0.0,,2.244476318359375,2.2303237915039062,2.243457078933716,2.2440578937530518,0.899040699005127,0.5497553017944535,-0.3540034294128418,25.379609544468547,40.140845070422536,0.0,0.0,0.0,0.0,1741279896_845916986,0.5822981366459627,2.154759645462036,2.4877142906188965,1.6419130563735962,0.8760773539543152,0.9671919345855713,1.769641399383545,,0.9626307922272048,0.6933333333333334,0.013975155279503106,78.84615384615384,31.688804554079695,0.2398042414355628,68.90881913303438,21.225710014947683,9.566517189835576,2.147561550140381,3.0085701942443848,75.93423019431988,37.66816143497758,7.025411061285501,2.5015649795532227,3.079493761062622,-0.16483971292450336,12.227481231093407,specimen_1__2025_03_06-17_51_03__Clip_4__start,valid,0.0033785763662308455,0.02026832289993763,0.22272421419620514,0.11143647134304047,0.7487765089722676,669
EGBM-v1,specimen_1,2025_03_06-17_51_03,valid,direct_polaris,specimen_1__2025_03_06-17_51_03__Clip_4__end,0.403899721448468,2.003472328186035,3.057452917098999,0.0,,2.244701385498047,2.2293148040771484,2.2435600757598877,2.244297504425049,0.765583872795105,0.5294964028776978,-0.3290903568267822,22.39685658153242,30.4635761589404,0.0,0.0,0.0,0.0,1741279907_282327890,0.5779944289693594,2.5053601264953613,2.8163278102874756,1.720901370048523,0.87604820728302,0.9689377546310425,1.7894048690795898,,0.9728997289972899,0.6987951807228916,0.018105849582172703,77.72925764192141,35.77512776831346,0.1985611510791367,68.97018970189703,20.460704607046072,14.634146341463413,2.49311900138855,3.8802406787872314,77.64227642276423,42.68292682926829,9.078590785907858,2.822209358215332,3.76145601272583,-0.131999457965502,12.205928098410368,specimen_1__2025_03_06-17_51_03__Clip_4__end,valid,0.0030201454646885395,0.021139364689588547,0.2202020287513733,0.10865776985883713,0.7899280575539568,738
EGBM-v1,specimen_1,2025_03_06-17_51_03,valid,direct_polaris,specimen_1__2025_03_06-17_51_03__Clip_5__start,0.403899721448468,2.003472328186035,3.057452917098999,0.0,,2.244701385498047,2.2293148040771484,2.2435600757598877,2.244297504425049,0.765583872795105,0.5294964028776978,-0.3290903568267822,22.39685658153242,30.4635761589404,0.0,0.0,0.0,0.0,1741279907_282327890,0.5779944289693594,2.5053601264953613,2.8163278102874756,1.720901370048523,0.87604820728302,0.9689377546310425,1.7894048690795898,,0.9728997289972899,0.6987951807228916,0.018105849582172703,77.72925764192141,35.77512776831346,0.1985611510791367,68.97018970189703,20.460704607046072,14.634146341463413,2.49311900138855,3.8802406787872314,77.64227642276423,42.68292682926829,9.078590785907858,2.822209358215332,3.76145601272583,-0.131999457965502,12.249853927642107,specimen_1__2025_03_06-17_51_03__Clip_5__start,valid,0.0030201454646885395,0.021139364689588547,0.2202020287513733,0.10865776985883713,0.7899280575539568,738
EGBM-v1,specimen_1,2025_03_06-17_51_03,valid,direct_polaris,specimen_1__2025_03_06-17_51_03__Clip_5__end,0.49934810951760106,2.3705356121063232,3.1936895847320557,0.0,,2.2446670532226562,2.2348403930664062,2.243492603302002,2.2443931102752686,0.58608478307724,0.6518218623481782,0.15602374076843262,22.898032200357783,36.49122807017544,0.0,0.0,0.0,0.0,1741279919_146309852,0.48239895697522817,3.2920844554901123,3.1094589233398438,1.9007247686386108,0.8857299089431763,0.9695718288421631,1.6318857669830322,,0.9659949622166247,1.0351351351351352,0.018252933507170794,79.14893617021276,22.00392927308448,0.20917678812415655,70.40302267002518,35.894206549118394,20.780856423173805,3.2677109241485596,5.187773704528809,77.70780856423174,36.90176322418136,14.231738035264483,3.111687183380127,4.597863674163818,0.04774710627412259,12.246359139680862,specimen_1__2025_03_06-17_51_03__Clip_5__end,valid,0.0037111726123839617,0.025977104902267456,0.2927742898464203,0.1446225792169571,0.7827260458839406,794
EGBM-v1,specimen_1,2025_03_06-17_39_51,valid,,specimen_1__2025_03_06-17_39_51__Clip_1__start,0.1968503937007874,2.95849609375,3.8321444988250732,0.0,,2.2449493408203125,2.2005386352539062,2.242888927459717,2.2440013885498047,1.127950668334961,0.49862637362637363,-0.7014604806900024,10.989010989010989,7.540983606557377,0.0,0.0,0.0,0.0,1741279197_390876054,0.7801837270341208,1.8817163705825806,2.577988386154175,1.226171851158142,0.647019624710083,0.915260910987854,1.5985435247421265,,0.696526508226691,0.2523128679562658,0.022965879265091863,89.07103825136612,20.60541688794477,0.3901098901098901,66.54478976234005,13.939670932358316,4.341864716636198,1.9132126569747925,2.8700780868530273,89.03107861060329,30.62157221206581,6.032906764168191,2.614673137664795,3.256277561187744,-0.3666401004262458,12.223444879055023,specimen_1__2025_03_06-17_39_51__Clip_1__start,valid,0.0023557348176836967,0.024726280942559242,0.25648608803749084,0.12828581035137177,0.603021978021978,2188
EGBM-v1,specimen_1,2025_03_06-17_39_51,valid,,specimen_1__2025_03_06-17_39_51__Clip_1__end,0.21393728222996516,4.13205623626709,5.293024063110352,0.0,,2.244770050048828,2.166423797607422,2.2429275512695312,2.2439017295837402,1.0943182706832886,0.49476047904191617,-0.6604567766189575,13.629160063391444,13.782051282051283,0.0,0.0,0.0,0.0,1741279208_726855754,0.759581881533101,1.781760334968567,2.434420108795166,1.4031143188476562,0.6470493674278259,0.9183977842330933,1.6179440021514893,,0.7100445324096981,0.281651376146789,0.0264808362369338,79.97364953886694,18.431831480397893,0.35254491017964074,62.444334487877285,15.437902028698664,5.244928253339931,1.817811369895935,2.858562469482422,83.96833250865909,28.896585848589808,6.086095992083127,2.4782681465148926,3.1810033321380615,-0.3633252534099657,12.20962405204773,specimen_1__2025_03_06-17_39_51__Clip_1__end,valid,0.0025378356222063303,0.02537432312965393,0.25610244274139404,0.12809748947620392,0.6437125748502994,2021
EGBM-v1,specimen_1,2025_03_06-17_39_51,valid,,specimen_1__2025_03_06-17_39_51__Clip_2__start,0.21393728222996516,4.13205623626709,5.293024063110352,0.0,,2.244770050048828,2.166423797607422,2.2429275512695312,2.2439017295837402,1.0943182706832886,0.49476047904191617,-0.6604567766189575,13.629160063391444,13.782051282051283,0.0,0.0,0.0,0.0,1741279208_726855754,0.759581881533101,1.781760334968567,2.434420108795166,1.4031143188476562,0.6470493674278259,0.9183977842330933,1.6179440021514893,,0.7100445324096981,0.281651376146789,0.0264808362369338,79.97364953886694,18.431831480397893,0.35254491017964074,62.444334487877285,15.437902028698664,5.244928253339931,1.817811369895935,2.858562469482422,83.96833250865909,28.896585848589808,6.086095992083127,2.4782681465148926,3.1810033321380615,-0.3633252534099657,12.24504690617323,specimen_1__2025_03_06-17_39_51__Clip_2__start,valid,0.0025378356222063303,0.02537432312965393,0.25610244274139404,0.12809748947620392,0.6437125748502994,2021
EGBM-v1,specimen_1,2025_03_06-17_39_51,valid,,specimen_1__2025_03_06-17_39_51__Clip_2__end,0.33569587628865977,2.9171130657196045,3.327310085296631,0.0,,2.245227813720703,2.20383358001709,2.2430081367492676,2.243910551071167,0.9359275698661804,0.6265474552957359,-0.383603572845459,20.975609756097562,18.06930693069307,0.0,0.0,0.0,0.0,1741279216_465456247,0.6307989690721649,2.0400986671447754,2.4223151206970215,1.3269624710083008,0.6713311672210693,0.924325704574585,1.5348776578903198,,0.732766761095373,0.5321756894790602,0.03350515463917526,75.84187408491947,14.585764294049008,0.4264099037138927,67.75259678942398,19.07459867799811,7.0349386213408875,2.0835766792297363,3.2599668502807617,77.99811142587346,27.431539187913124,8.451369216241737,2.4671802520751953,3.3461978435516357,-0.18410821001666752,12.239088770002127,specimen_1__2025_03_06-17_39_51__Clip_2__end,valid,0.0029772743582725525,0.03125302866101265,0.3137524127960205,0.15619806945323944,0.5680880330123796,2118
EGBM-v1,specimen_1,2025_03_06-17_39_51,valid,,specimen_1__2025_03_06-17_39_51__Clip_3__start,0.33569587628865977,2.9171130657196045,3.327310085296631,0.0,,2.245227813720703,2.20383358001709,2.2430081367492676,2.243910551071167,0.9359275698661804,0.6265474552957359,-0.383603572845459,20.975609756097562,18.06930693069307,0.0,0.0,0.0,0.0,1741279216_465456247,0.6307989690721649,2.0400986671447754,2.4223151206970215,1.3269624710083008,0.6713311672210693,0.924325704574585,1.5348776578903198,,0.732766761095373,0.5321756894790602,0.03350515463917526,75.84187408491947,14.585764294049008,0.4264099037138927,67.75259678942398,19.07459867799811,7.0349386213408875,2.0835766792297363,3.2599668502807617,77.99811142587346,27.431539187913124,8.451369216241737,2.4671802520751953,3.3461978435516357,-0.18410821001666752,12.24001869559288,specimen_1__2025_03_06-17_39_51__Clip_3__start,valid,0.0029772743582725525,0.03125302866101265,0.3137524127960205,0.15619806945323944,0.5680880330123796,2118
EGBM-v1,specimen_1,2025_03_06-17_39_51,usable_with_warning,,specimen_1__2025_03_06-17_39_51__Clip_3__end,0.2992383025027203,3.328004837036133,3.4253716468811035,0.0,,2.2448997497558594,2.226559638977051,2.2433207035064697,2.2441883087158203,0.8242959976196289,0.5166093928980527,-0.5337889194488525,15.930388219544847,10.325047801147228,0.0,0.0,0.0,0.0,1741279225_393536329,0.6871599564744287,2.3337457180023193,2.8932065963745117,1.5180844068527222,0.7221694588661194,0.9388625025749207,1.6477386951446533,,0.7854700854700855,0.43547110055423593,0.013601741022850925,84.16075650118204,19.757842597688498,0.30584192439862545,63.84615384615384,22.350427350427353,12.222222222222221,2.3889822959899902,3.799898147583008,84.1025641025641,35.38461538461539,12.008547008547009,2.9227712154388428,3.821110248565674,-0.2234377878583865,12.233559973537922,specimen_1__2025_03_06-17_39_51__Clip_3__end,usable_with_warning,0.002151370281353593,0.024733033031225204,0.2514679729938507,0.1257741004228592,0.6890034364261168,2340
EGBM-v1,specimen_1,2025_03_06-17_39_51,usable_with_warning,,specimen_1__2025_03_06-17_39_51__Clip_4__start,0.2992383025027203,3.328004837036133,3.4253716468811035,0.0,,2.2448997497558594,2.226559638977051,2.2433207035064697,2.2441883087158203,0.8242959976196289,0.5166093928980527,-0.5337889194488525,15.930388219544847,10.325047801147228,0.0,0.0,0.0,0.0,1741279225_393536329,0.6871599564744287,2.3337457180023193,2.8932065963745117,1.5180844068527222,0.7221694588661194,0.9388625025749207,1.6477386951446533,,0.7854700854700855,0.43547110055423593,0.013601741022850925,84.16075650118204,19.757842597688498,0.30584192439862545,63.84615384615384,22.350427350427353,12.222222222222221,2.3889822959899902,3.799898147583008,84.1025641025641,35.38461538461539,12.008547008547009,2.9227712154388428,3.821110248565674,-0.2234377878583865,12.22419599071145,specimen_1__2025_03_06-17_39_51__Clip_4__start,usable_with_warning,0.002151370281353593,0.024733033031225204,0.2514679729938507,0.1257741004228592,0.6890034364261168,2340
EGBM-v1,specimen_1,2025_03_06-17_38_21,valid,,specimen_1__2025_03_06-17_38_21__Clip_1__start,0.310919185687847,3.9454195499420166,4.290197849273682,0.0,,2.245616912841797,2.1755828857421875,2.242997646331787,2.244185447692871,0.6298695802688599,0.5242718446601942,-0.47278857231140137,17.177177177177178,3.869047619047619,0.0,0.0,0.0,0.0,1741279107_899443149,0.6699568167797656,2.766857862472534,3.243788719177246,1.365258812904358,0.6356114745140076,0.9080957770347595,1.645678162574768,,0.6960068699012452,0.46408839779005523,0.019123997532387416,81.32530120481928,20.27094831911691,0.34692556634304206,71.48990983254616,14.426792614856163,7.642765135251181,2.8037986755371094,5.766839504241943,82.39587805925291,31.215113782739373,9.27436668097896,3.2765872478485107,5.568371772766113,-0.16862429404665857,12.214531190693378,specimen_1__2025_03_06-17_38_21__Clip_1__start,valid,0.0025047927629202604,0.02879645675420761,0.29022160172462463,0.1451636254787445,0.6414239482200648,2329
EGBM-v1,specimen_1,2025_03_06-17_38_21,usable_with_warning,,specimen_1__2025_03_06-17_38_21__Clip_1__end,0.6916129032258065,3.3125,2.8965537548065186,0.0,,2.2443885803222656,2.171384811401367,2.2426910400390625,2.2435808181762695,0.6400935053825378,0.8111475409836065,0.5528558492660522,38.70573870573871,59.60099750623441,0.0,0.0,0.0,0.0,1741279119_003957033,0.2903225806451613,2.4970617294311523,1.9371542930603027,1.6636022329330444,0.6562604904174805,0.9315099120140076,1.3096845149993896,,0.7162661737523105,2.382222222222222,0.01806451612903226,46.19771863117871,5.955757231990924,0.3226229508196721,75.6931608133087,18.530499075785585,7.43992606284658,2.5370047092437744,4.288360118865967,57.62476894639556,12.33826247689464,5.360443622920517,1.9841488599777222,3.6458725929260254,0.21791676115210937,12.244856916368008,specimen_1__2025_03_06-17_38_21__Clip_1__end,usable_with_warning,0.007573823444545269,0.07949372380971909,0.7579670548439026,0.4078863859176636,0.6478688524590164,2164
EGBM-v1,specimen_1,2025_03_06-17_38_21,usable_with_warning,,specimen_1__2025_03_06-17_38_21__Clip_2__start,0.6916129032258065,3.3125,2.8965537548065186,0.0,,2.2443885803222656,2.171384811401367,2.2426910400390625,2.2435808181762695,0.6400935053825378,0.8111475409836065,0.5528558492660522,38.70573870573871,59.60099750623441,0.0,0.0,0.0,0.0,1741279119_003957033,0.2903225806451613,2.4970617294311523,1.9371542930603027,1.6636022329330444,0.6562604904174805,0.9315099120140076,1.3096845149993896,,0.7162661737523105,2.382222222222222,0.01806451612903226,46.19771863117871,5.955757231990924,0.3226229508196721,75.6931608133087,18.530499075785585,7.43992606284658,2.5370047092437744,4.288360118865967,57.62476894639556,12.33826247689464,5.360443622920517,1.9841488599777222,3.6458725929260254,0.21791676115210937,12.23823707550764,specimen_1__2025_03_06-17_38_21__Clip_2__start,usable_with_warning,0.007573823444545269,0.07949372380971909,0.7579670548439026,0.4078863859176636,0.6478688524590164,2164
EGBM-v1,specimen_1,2025_03_06-17_38_21,usable_with_warning,,specimen_1__2025_03_06-17_38_21__Clip_2__end,0.3129548762736536,5.65625,5.244098663330078,0.0,,2.2444229125976562,1.963979721069336,2.2427735328674316,2.243539810180664,0.8537370562553406,0.4996214988644966,-0.4279751777648926,16.06022584692597,18.852459016393443,0.0,0.0,0.0,0.0,1741279127_773593664,0.6761280931586608,2.1734793186187744,2.6219160556793213,1.520740032196045,0.5920718312263489,0.9048824906349182,1.6898709535598755,,0.6405594405594406,0.4628632938643703,0.010917030567685589,86.38838475499092,17.65036537380551,0.3020439061317184,74.31235431235432,17.062937062937063,6.247086247086247,2.256286382675171,3.4844768047332764,84.56876456876456,28.484848484848484,6.993006993006993,2.6842615604400635,3.5754294395446777,-0.18968123065010165,12.227591127157211,specimen_1__2025_03_06-17_38_21__Clip_2__end,usable_with_warning,0.0028509434778243303,0.02992652915418148,0.3047219216823578,0.15241996943950653,0.691900075700227,2145
EGBM-v1,specimen_1,2025_03_06-17_38_21,usable_with_warning,,specimen_1__2025_03_06-17_38_21__Clip_3__start,0.3129548762736536,5.65625,5.244098663330078,0.0,,2.2444229125976562,1.963979721069336,2.2427735328674316,2.243539810180664,0.8537370562553406,0.4996214988644966,-0.4279751777648926,16.06022584692597,18.852459016393443,0.0,0.0,0.0,0.0,1741279127_773593664,0.6761280931586608,2.1734793186187744,2.6219160556793213,1.520740032196045,0.5920718312263489,0.9048824906349182,1.6898709535598755,,0.6405594405594406,0.4628632938643703,0.010917030567685589,86.38838475499092,17.65036537380551,0.3020439061317184,74.31235431235432,17.062937062937063,6.247086247086247,2.256286382675171,3.4844768047332764,84.56876456876456,28.484848484848484,6.993006993006993,2.6842615604400635,3.5754294395446777,-0.18968123065010165,12.269304133951664,specimen_1__2025_03_06-17_38_21__Clip_3__start,usable_with_warning,0.0028509434778243303,0.02992652915418148,0.3047219216823578,0.15241996943950653,0.691900075700227,2145
EGBM-v1,specimen_1,2025_03_06-17_38_21,valid,,specimen_1__2025_03_06-17_38_21__Clip_3__end,0.2871287128712871,4.9375,4.7389912605285645,0.0,,2.2446441650390625,2.0521087646484375,2.2430076599121094,2.243812322616577,0.903438150882721,0.4725121781489214,-0.5038282871246338,13.647798742138365,21.367521367521366,0.0,0.0,0.0,0.0,1741279136_944712162,0.6957095709570957,1.9897211790084839,2.522094488143921,1.502445936203003,0.6306607127189636,0.9211485385894775,1.6695915460586548,,0.6880108991825613,0.4127134724857685,0.017161716171617162,82.51633986928104,22.25823878984333,0.2651356993736952,72.20708446866485,15.940054495912806,5.767484105358765,2.1048479080200195,3.2303595542907715,85.28610354223434,31.244323342415985,5.267938237965486,2.6086761951446533,3.3783867359161377,-0.23936564974833413,12.231386732310057,specimen_1__2025_03_06-17_38_21__Clip_3__end,valid,0.0025408053770661354,0.02794414944946766,0.27919143438339233,0.13965870440006256,0.7244258872651357,2202
EGBM-v1,specimen_1,2025_03_06-17_38_21,valid,,specimen_1__2025_03_06-17_38_21__Clip_4__start,0.2871287128712871,4.9375,4.7389912605285645,0.0,,2.2446441650390625,2.0521087646484375,2.2430076599121094,2.243812322616577,0.903438150882721,0.4725121781489214,-0.5038282871246338,13.647798742138365,21.367521367521366,0.0,0.0,0.0,0.0,1741279136_944712162,0.6957095709570957,1.9897211790084839,2.522094488143921,1.502445936203003,0.6306607127189636,0.9211485385894775,1.6695915460586548,,0.6880108991825613,0.4127134724857685,0.017161716171617162,82.51633986928104,22.25823878984333,0.2651356993736952,72.20708446866485,15.940054495912806,5.767484105358765,2.1048479080200195,3.2303595542907715,85.28610354223434,31.244323342415985,5.267938237965486,2.6086761951446533,3.3783867359161377,-0.23936564974833413,12.238586787134409,specimen_1__2025_03_06-17_38_21__Clip_4__start,valid,0.0025408053770661354,0.02794414944946766,0.27919143438339233,0.13965870440006256,0.7244258872651357,2202
EGBM-v1,specimen_1,2025_03_06-17_38_21,valid,,specimen_1__2025_03_06-17_38_21__Clip_4__end,0.26887791107974596,4.530481338500977,4.567216873168945,0.0,,2.244426727294922,1.643625259399414,2.2425012588500977,2.2434751987457275,1.0510660409927368,0.48118081180811806,-0.5201969146728516,13.869625520110956,21.9672131147541,0.0,0.0,0.0,0.0,1741279148_278485298,0.7148906139731828,1.7693978548049927,2.3033950328826904,1.2537614107131958,0.5781533122062683,0.8964928984642029,1.5994471311569214,,0.6446769790718835,0.3761105626850938,0.016231474947071278,76.45502645502646,15.213946117274169,0.31881918819188193,65.60509554140127,13.876251137397636,3.912647861692448,1.846024751663208,2.834092140197754,82.80254777070064,23.930846223839854,4.140127388535031,2.3662216663360596,3.094926595687866,-0.28179303349219514,12.232808861881495,specimen_1__2025_03_06-17_38_21__Clip_4__end,valid,0.0027617784217000008,0.028992261737585068,0.30206000804901123,0.15041983127593994,0.6745387453874538,2198
EGBM-v1,specimen_1,2025_03_06-17_38_21,valid,,specimen_1__2025_03_06-17_38_21__Clip_5__start,0.26887791107974596,4.530481338500977,4.567216873168945,0.0,,2.244426727294922,1.643625259399414,2.2425012588500977,2.2434751987457275,1.0510660409927368,0.48118081180811806,-0.5201969146728516,13.869625520110956,21.9672131147541,0.0,0.0,0.0,0.0,1741279148_278485298,0.7148906139731828,1.7693978548049927,2.3033950328826904,1.2537614107131958,0.5781533122062683,0.8964928984642029,1.5994471311569214,,0.6446769790718835,0.3761105626850938,0.016231474947071278,76.45502645502646,15.213946117274169,0.31881918819188193,65.60509554140127,13.876251137397636,3.912647861692448,1.846024751663208,2.834092140197754,82.80254777070064,23.930846223839854,4.140127388535031,2.3662216663360596,3.094926595687866,-0.28179303349219514,12.208522763103247,specimen_1__2025_03_06-17_38_21__Clip_5__start,valid,0.0027617784217000008,0.028992261737585068,0.30206000804901123,0.15041983127593994,0.6745387453874538,2198
EGBM-v1,specimen_2,2025_04_10-16_07_15,valid,direct_ps,specimen_2__2025_04_10-16_07_15__Clip_1__start,0.6968232044198895,,,0.0,,2.238800048828125,0.8958721160888672,2.2308096885681152,2.2363903522491455,1.1656867265701294,0.7901754385964912,0.08457517623901367,56.36918382913806,0.0,0.0,0.0,0.0,0.0,1744294061_039222002,0.281767955801105,1.1747450828552246,1.090169906616211,0.6575360298156738,0.512930691242218,0.909244179725647,1.2346243858337402,,0.7429451000513083,2.4730392156862746,0.021408839779005526,34.48275862068966,4.361210877373011,0.47368421052631576,67.26526423807081,0.0,0.0,1.1747450828552246,1.2934772968292236,40.63622370446382,4.361210877373011,0.0513083632632119,1.090169906616211,1.3789054155349731,0.07199449265491133,12.223265133798122,specimen_2__2025_04_10-16_07_15__Clip_1__start,valid,0.004414908122271299,0.08366763591766357,0.7456933259963989,0.42000409960746765,0.5031578947368421,1949
EGBM-v1,specimen_2,2025_04_10-16_07_15,valid,direct_ps,specimen_2__2025_04_10-16_07_15__Clip_1__end,0.9090909090909091,,,0.0,,2.22222900390625,0.08057212829589844,2.116776943206787,2.1967082023620605,0.658025324344635,0.9090909090909091,0.31897294521331787,30.476190476190478,10.0,0.0,0.0,0.0,0.0,1744294083_538976430,0.09090909090909091,1.6120314598083496,1.2930585145950317,0.8247530460357666,0.28269970417022705,0.8762133717536926,1.0554752349853516,,0.47624076029567053,10.0,0.0,0.0,1.814300960512273,0.2926829268292683,99.78880675818374,1.0559662090813093,0.0,1.6120314598083496,1.6752078533172607,69.37697993664203,2.7455121436114043,0.31678986272439286,1.2930585145950317,1.53416109085083,0.19787017385581282,12.233480345457792,specimen_2__2025_04_10-16_07_15__Clip_1__end,valid,0.050797779113054276,0.435640424489975,0.9999999403953552,0.9967560768127441,0.6807095343680709,947
EGBM-v1,specimen_2,2025_04_10-16_18_24,valid,direct_ps,specimen_2__2025_04_10-16_18_24__Clip_1__start,0.0,,,0.0,,2.2110538482666016,0.2289438247680664,2.202939510345459,2.2094309329986572,2.3140642642974854,0.0,-0.8986232876777649,0.0,0.0,0.0,0.0,0.0,0.0,1744294710_339358568,1.0,0.510937511920929,1.4095607995986938,0.0,0.47645384073257446,0.9480608701705933,1.5186046361923218,,0.6,0.0,0.0,44.44444444444444,0.0,0.0,10.0,0.0,0.0,0.510937511920929,0.6121531128883362,50.0,0.0,0.0,1.4095607995986938,1.802793264389038,-1.758773366040959,12.201151344925165,specimen_2__2025_04_10-16_18_24__Clip_1__start,valid,0.24185284972190857,0.24185284972190857,0.24185284972190857,0.24185284972190857,1.0,10
EGBM-v1,specimen_2,2025_04_10-16_18_24,valid,direct_ps,specimen_2__2025_04_10-16_18_24__Clip_1__end,0.2222222222222222,,,0.0,,2.2149009704589844,2.071011543273926,2.206911563873291,2.2133030891418457,2.225616693496704,0.2222222222222222,-0.9427075386047363,100.0,0.0,0.0,0.0,0.0,0.0,1744294729_138015747,0.7777777777777778,0.74609375,1.6888012886047363,0.9751958847045898,0.6456812024116516,0.9646487236022949,1.8832749128341675,,0.75,0.2857142857142857,0.0,60.0,16.666666666666664,0.1111111111111111,16.666666666666664,0.0,0.0,0.74609375,0.8518491387367249,50.0,16.666666666666664,0.0,1.6888012886047363,2.0335986614227295,-1.263524240224149,12.22197338938713,specimen_2__2025_04_10-16_18_24__Clip_1__end,valid,0.1669224053621292,0.1669224053621292,0.1669224053621292,0.1669224053621292,0.8888888888888888,12
EGBM-v1,specimen_2,2025_04_10-16_13_29,valid,direct_ps,specimen_2__2025_04_10-16_13_29__Clip_1__start,0.6666666666666666,24.75,22.50501251220703,0.0,,2.2449874877929688,2.243375778198242,2.2448959350585938,2.244969129562378,0.14690405130386353,0.6666666666666666,0.6245365142822266,0.0,0.0,0.0,0.0,0.0,0.0,1744294416_840066432,0.3333333333333333,12.362500190734863,12.062051773071289,2.057950973510742,0.9999988079071045,0.9969335198402405,2.242288589477539,,1.0,2.0,0.0,0.0,0.0,0.0,100.0,100.0,100.0,14.427083015441895,16.446943283081055,100.0,100.0,100.0,13.802546501159668,15.129976272583008,0.04328917450698521,12.204376049339771,specimen_2__2025_04_10-16_13_29__Clip_1__start,valid,0.5000361800193787,0.5000361800193787,0.5000361800193787,0.5000361800193787,1.0,6
EGBM-v1,specimen_2,2025_04_10-16_13_29,valid,direct_ps,specimen_2__2025_04_10-16_13_29__Clip_1__end,0.4943820224719101,,,0.0,,2.2429962158203125,2.2378578186035156,2.241436004638672,2.2422173023223877,0.702369749546051,0.7439024390243902,0.1069631576538086,25.396825396825395,40.476190476190474,0.0,0.0,0.0,0.0,1744294440_072760820,0.4943820224719101,3.1566011905670166,3.049638032913208,1.9428229331970215,0.9990328550338745,0.9938295483589172,1.726810336112976,,1.0,1.0,0.011235955056179775,100.0,4.25531914893617,0.32926829268292684,70.78651685393258,47.19101123595505,28.08988764044944,3.1566011905670166,4.066948890686035,82.02247191011236,30.337078651685395,14.606741573033707,3.049638032913208,4.1159563064575195,0.03388554688930943,12.227200902998447,specimen_2__2025_04_10-16_13_29__Clip_1__end,valid,0.029494907706975937,0.029494907706975937,0.2358141541481018,0.11794061958789825,0.6585365853658537,89
EGBM-v1,specimen_2,2025_04_10-16_32_24,valid,direct_ps,specimen_2__2025_04_10-16_32_24__Clip_1__start,,,,,,,,,,,,,,,,,,,1744295550_206134319,,,,,0.9999368190765381,0.9965764284133911,,,,,,,,,,,,,,,,,,,,12.252869084477425,specimen_2__2025_04_10-16_32_24__Clip_1__start,valid,,,,,,0
EGBM-v1,specimen_1,2025_03_06-17_33_33,valid,,specimen_1__2025_03_06-17_33_33__Clip_1__start,0.2709677419354839,5.353515625,4.848596572875977,0.0,,2.244098663330078,2.2345046997070312,2.2433714866638184,2.243765354156494,0.8913865089416504,0.33993399339933994,-0.7308995723724365,26.08695652173913,10.0,0.0,0.0,0.0,0.0,1741278820_356170415,0.7096774193548387,2.0457282066345215,2.806861639022827,1.8015191555023193,0.8403497934341431,0.9698448181152344,1.797972559928894,,0.9253731343283582,0.38181818181818183,0.01935483870967742,90.2439024390244,33.58490566037736,0.13861386138613863,75.5223880597015,20.8955223880597,6.865671641791045,2.1247200965881348,2.679901361465454,77.91044776119404,45.37313432835821,18.208955223880597,2.8556196689605713,3.514495611190796,-0.3439980511061723,12.219768948853016,specimen_1__2025_03_06-17_33_33__Clip_1__start,valid,0.005661696661263704,0.016984540969133377,0.18671287596225739,0.0905560851097107,0.8382838283828383,335
EGBM-v1,specimen_1,2025_03_06-17_33_33,usable_with_warning,,specimen_1__2025_03_06-17_33_33__Clip_1__end,0.2684563758389262,4.130208492279053,5.417030334472656,0.0,,2.24420166015625,2.232870101928711,2.243389844894409,2.2439966201782227,1.0547552108764648,0.3595890410958904,-0.8222174644470215,24.302788844621514,11.627906976744185,0.0,0.0,0.0,0.0,1741278834_696634531,0.7214765100671141,1.80342435836792,2.617295742034912,1.4069610834121704,0.7815691828727722,0.9645121693611145,1.823860764503479,,0.8764705882352941,0.37209302325581395,0.010067114093959731,93.25842696629213,34.00673400673401,0.16095890410958905,73.82352941176471,12.647058823529411,1.7647058823529411,1.8444852828979492,2.195979356765747,80.29411764705883,40.88235294117647,10.0,2.6667027473449707,3.1673338413238525,-0.44577068305755235,12.218707706779242,specimen_1__2025_03_06-17_33_33__Clip_1__end,usable_with_warning,0.005715947598218918,0.017146531492471695,0.19418397545814514,0.09711883962154388,0.8287671232876712,340
EGBM-v1,specimen_2,2025_04_10-16_28_15,valid,direct_ps,specimen_2__2025_04_10-16_28_15__Clip_1__start,,,,,,,,,,,,,,,,,,,1744295308_437940120,,,,,0.9995605945587158,0.9964596629142761,,,,,,,,,,,,,,,,,,,,12.215123046189547,specimen_2__2025_04_10-16_28_15__Clip_1__start,valid,,,,,,0
EGBM-v1,specimen_3,2025_05_08-14_25_47,valid,direct_polaris,specimen_3__2025_05_08-14_25_47__Clip_1__start,0.15367965367965367,45.55921173095703,43.5511474609375,0.0,,2.2457351684570312,2.137411117553711,2.2453036308288574,2.245556592941284,0.14656734466552734,0.16052060737527116,-0.9938030242919922,0.36496350364963503,0.2066115702479339,0.0,0.0,0.0,0.0,1746707154_474355459,0.8463203463203464,10.004068374633789,11.101008415222168,2.2227489948272705,0.7212522029876709,0.9435983896255493,1.8538053035736084,,0.8076923076923077,0.1815856777493606,0.0,45.83333333333333,10.227272727272728,0.006507592190889371,95.8041958041958,84.61538461538461,41.95804195804196,11.18509578704834,22.29217529296875,97.37762237762237,86.01398601398601,77.44755244755245,12.178898811340332,21.874500274658203,-0.088850649401032,12.231757864356041,specimen_3__2025_05_08-14_25_47__Clip_1__start,valid,0.0030759789515286684,0.01536288671195507,0.17461363971233368,0.08589477092027664,0.9913232104121475,572
EGBM-v1,specimen_2,2025_04_10-16_08_53,valid,direct_ps,specimen_2__2025_04_10-16_08_53__Clip_1__start,0.4455106237148732,,,0.0,,2.241659164428711,1.8929805755615234,2.238419532775879,2.2405927181243896,1.7564094066619873,0.8678977272727273,-0.24461543560028076,42.61057173678533,0.0,0.0,0.0,0.0,0.0,1744294140_239328861,0.46812885538039756,1.0212260484695435,1.2658414840698242,0.47582149505615234,0.6318051218986511,0.9284409880638123,1.1364578008651733,,0.7748274030801912,0.9516837481698389,0.08636052090472926,53.55648535564853,3.035143769968051,0.6889204545454546,49.2299522039299,0.2655337227827934,0.0,1.0212260484695435,1.1823842525482178,55.44344131704726,3.2926181625066384,0.2655337227827934,1.2658414840698242,1.496461272239685,-0.23953113609555177,12.226880062371492,specimen_2__2025_04_10-16_08_53__Clip_1__start,valid,0.0028669980820268393,0.05155821889638901,0.5168170928955078,0.26825568079948425,0.296875,1883
EGBM-v1,specimen_2,2025_04_10-16_08_53,valid,direct_ps,specimen_2__2025_04_10-16_08_53__Clip_1__end,0.5845170454545454,,,0.0,,2.241666793823242,1.4714679718017578,2.23893404006958,2.241152286529541,1.6490875482559204,0.9046909903201787,-0.14735448360443115,50.82720588235294,0.0,0.0,0.0,0.0,0.0,1744294158_406133651,0.3757102272727273,1.0316556692123413,1.1790101528167725,0.5260563492774963,0.6075359582901001,0.9257648587226868,1.3474504947662354,,0.7614926987560844,1.555765595463138,0.03977272727272727,54.402102496714846,2.704164413196322,0.6723752792256142,58.842617631151974,0.0,0.0,1.0316556692123413,1.1728956699371338,51.32504056246619,2.704164413196322,0.05408328826392645,1.1790101528167725,1.3976725339889526,-0.1428330091152747,12.250716332346201,specimen_2__2025_04_10-16_08_53__Clip_1__end,valid,0.0031277434900403023,0.056133732199668884,0.5104432702064514,0.2777974307537079,0.31422189128816086,1849
EGBM-v1,specimen_2,2025_04_10-16_08_53,valid,direct_ps,specimen_2__2025_04_10-16_08_53__Clip_2__start,0.5845170454545454,,,0.0,,2.241666793823242,1.4714679718017578,2.23893404006958,2.241152286529541,1.6490875482559204,0.9046909903201787,-0.14735448360443115,50.82720588235294,0.0,0.0,0.0,0.0,0.0,1744294158_406133651,0.3757102272727273,1.0316556692123413,1.1790101528167725,0.5260563492774963,0.6075359582901001,0.9257648587226868,1.3474504947662354,,0.7614926987560844,1.555765595463138,0.03977272727272727,54.402102496714846,2.704164413196322,0.6723752792256142,58.842617631151974,0.0,0.0,1.0316556692123413,1.1728956699371338,51.32504056246619,2.704164413196322,0.05408328826392645,1.1790101528167725,1.3976725339889526,-0.1428330091152747,12.228621635586023,specimen_2__2025_04_10-16_08_53__Clip_2__start,valid,0.0031277434900403023,0.056133732199668884,0.5104432702064514,0.2777974307537079,0.31422189128816086,1849
EGBM-v1,specimen_2,2025_04_10-16_08_53,usable_with_warning,direct_ps,specimen_2__2025_04_10-16_08_53__Clip_2__end,0.8290322580645161,,,0.0,,2.227020263671875,0.2788839340209961,2.2016565799713135,2.2221083641052246,0.976728081703186,0.9344978165938864,0.2589761018753052,46.61508704061896,0.0,0.0,0.0,0.0,0.0,1744294172_039264440,0.13655913978494624,1.1772923469543457,0.9183162450790405,0.6274660229682922,0.3702872693538666,0.8860565423965454,0.7832361459732056,,0.6118421052631579,6.070866141732283,0.034408602150537634,10.699588477366255,1.5789473684210527,0.4814410480349345,68.02631578947368,0.0,0.0,1.1772923469543457,1.2910116910934448,39.73684210526316,1.5789473684210527,0.0,0.9183162450790405,1.128125786781311,0.21997603445335911,12.216745410114527,specimen_2__2025_04_10-16_08_53__Clip_2__end,usable_with_warning,0.021913524717092514,0.3149004280567169,0.9961662888526917,0.8518086075782776,0.49344978165938863,1520
EGBM-v1,specimen_2,2025_04_10-16_08_53,usable_with_warning,direct_ps,specimen_2__2025_04_10-16_08_53__Clip_3__start,0.8290322580645161,,,0.0,,2.227020263671875,0.2788839340209961,2.2016565799713135,2.2221083641052246,0.976728081703186,0.9344978165938864,0.2589761018753052,46.61508704061896,0.0,0.0,0.0,0.0,0.0,1744294172_039264440,0.13655913978494624,1.1772923469543457,0.9183162450790405,0.6274660229682922,0.3702872693538666,0.8860565423965454,0.7832361459732056,,0.6118421052631579,6.070866141732283,0.034408602150537634,10.699588477366255,1.5789473684210527,0.4814410480349345,68.02631578947368,0.0,0.0,1.1772923469543457,1.2910116910934448,39.73684210526316,1.5789473684210527,0.0,0.9183162450790405,1.128125786781311,0.21997603445335911,12.271676678210497,specimen_2__2025_04_10-16_08_53__Clip_3__start,usable_with_warning,0.021913524717092514,0.3149004280567169,0.9961662888526917,0.8518086075782776,0.49344978165938863,1520
EGBM-v1,specimen_2,2025_04_10-16_08_53,valid,direct_ps,specimen_2__2025_04_10-16_08_53__Clip_3__end,0.4923439340400471,,,0.0,,2.2342700958251953,1.8598108291625977,2.227597951889038,2.2332639694213867,1.6375144720077515,0.9776207302709069,0.03117072582244873,59.31758530183727,0.0,0.0,0.0,0.0,0.0,1744294190_338742733,0.43462897526501765,1.0312992334365845,1.0001285076141357,0.5691927671432495,0.7303342223167419,0.9558947682380676,0.5670626759529114,,0.8918067226890757,1.132791327913279,0.07302709069493522,53.94045534150613,1.1554621848739497,0.7656065959952886,40.02100840336135,0.0,0.0,1.0312992334365845,1.13595449924469,48.634453781512605,1.1554621848739497,0.10504201680672269,1.0001285076141357,1.1891591548919678,0.03022471539960225,12.212388217449188,specimen_2__2025_04_10-16_08_53__Clip_3__end,valid,0.010472659952938557,0.09056483209133148,0.4660159945487976,0.2767534852027893,0.21083627797408716,952
EGBM-v1,specimen_2,2025_04_10-16_08_53,valid,direct_ps,specimen_2__2025_04_10-16_08_53__Clip_4__start,0.4923439340400471,,,0.0,,2.2342700958251953,1.8598108291625977,2.227597951889038,2.2332639694213867,1.6375144720077515,0.9776207302709069,0.03117072582244873,59.31758530183727,0.0,0.0,0.0,0.0,0.0,1744294190_338742733,0.43462897526501765,1.0312992334365845,1.0001285076141357,0.5691927671432495,0.7303342223167419,0.9558947682380676,0.5670626759529114,,0.8918067226890757,1.132791327913279,0.07302709069493522,53.94045534150613,1.1554621848739497,0.7656065959952886,40.02100840336135,0.0,0.0,1.0312992334365845,1.13595449924469,48.634453781512605,1.1554621848739497,0.10504201680672269,1.0001285076141357,1.1891591548919678,0.03022471539960225,12.226659804582596,specimen_2__2025_04_10-16_08_53__Clip_4__start,valid,0.010472659952938557,0.09056483209133148,0.4660159945487976,0.2767534852027893,0.21083627797408716,952
EGBM-v1,specimen_2,2025_04_10-16_08_53,valid,direct_ps,specimen_2__2025_04_10-16_08_53__Clip_4__end,0.03875968992248062,,,0.0,,2.2369613647460938,0.9853420257568359,2.2327914237976074,2.2363359928131104,4.284306526184082,0.43870967741935485,-0.9751594960689545,0.0,0.0,0.0,0.0,0.0,0.0,1744294204_338754653,0.9263565891472868,0.44614270329475403,1.4213021993637085,0.24974402785301208,0.5563451051712036,0.9249421954154968,1.5047944784164429,,0.7029972752043597,0.04184100418410042,0.03488372093023256,51.873198847262245,0.0,0.3870967741935484,5.449591280653951,5.449591280653951,2.17983651226158,0.44614270329475403,1.33162260055542,54.495912806539515,5.449591280653951,2.17983651226158,1.4213021993637085,2.053338050842285,-2.185756908871137,12.228481937199831,specimen_2__2025_04_10-16_08_53__Clip_4__end,valid,0.0061441813595592976,0.018425336107611656,0.21834193170070648,0.10993441939353943,0.5935483870967742,367
EGBM-v1,specimen_2,2025_04_10-16_08_53,valid,direct_ps,specimen_2__2025_04_10-16_08_53__Clip_5__start,0.03875968992248062,,,0.0,,2.2369613647460938,0.9853420257568359,2.2327914237976074,2.2363359928131104,4.284306526184082,0.43870967741935485,-0.9751594960689545,0.0,0.0,0.0,0.0,0.0,0.0,1744294204_338754653,0.9263565891472868,0.44614270329475403,1.4213021993637085,0.24974402785301208,0.5563451051712036,0.9249421954154968,1.5047944784164429,,0.7029972752043597,0.04184100418410042,0.03488372093023256,51.873198847262245,0.0,0.3870967741935484,5.449591280653951,5.449591280653951,2.17983651226158,0.44614270329475403,1.33162260055542,54.495912806539515,5.449591280653951,2.17983651226158,1.4213021993637085,2.053338050842285,-2.185756908871137,14.16213670745492,specimen_2__2025_04_10-16_08_53__Clip_5__start,valid,0.0061441813595592976,0.018425336107611656,0.21834193170070648,0.10993441939353943,0.5935483870967742,367
EGBM-v1,specimen_3,2025_05_08-14_24_24,valid,direct_polaris,specimen_3__2025_05_08-14_24_24__Clip_1__start,0.0,,,0.0,,2.235288619995117,2.1115055084228516,2.229628086090088,2.2327425479888916,0.4058435261249542,0.0,-1.524075984954834,0.0,0.6122448979591837,0.0,0.0,0.0,0.0,1746707079_607564926,1.0,4.2794294357299805,5.8035054206848145,0.0,0.7119360566139221,0.9424638152122498,1.859591007232666,,0.8191304347826087,0.0,0.0,40.0,15.294117647058824,0.0,99.1304347826087,85.21739130434783,27.1304347826087,4.2794294357299805,4.4214887619018555,99.47826086956522,86.95652173913044,77.39130434782608,5.8035054206848145,6.054436206817627,-0.3561399966616949,12.342593166977167,specimen_3__2025_05_08-14_24_24__Clip_1__start,valid,0.002550598233938217,0.012750527821481228,0.1450612097978592,0.07130856812000275,1.0,575
EGBM-v1,specimen_1,2025_03_06-17_36_19,valid,,specimen_1__2025_03_06-17_36_19__Clip_1__start,0.10357142857142858,4.039843559265137,5.369778633117676,0.0,,2.2443580627441406,2.238473892211914,2.243561267852783,2.2440361976623535,0.8297646045684814,0.11870503597122302,-1.6069848537445068,9.13978494623656,14.893617021276595,0.0,0.0,0.0,0.0,1741278986_751394987,0.8964285714285715,2.371694803237915,3.9999916553497314,2.090640068054199,0.9543927907943726,0.9880928993225098,2.034200668334961,,1.0,0.11553784860557768,0.0,98.93617021276596,51.075268817204304,0.02158273381294964,66.42857142857143,33.57142857142857,13.214285714285715,2.4908483028411865,3.388979434967041,93.57142857142857,62.5,27.142857142857142,4.097833156585693,4.737917900085449,-0.6451556491463166,12.213871348649263,specimen_1__2025_03_06-17_36_19__Clip_1__start,valid,0.004394521936774254,0.008788887411355972,0.12298823148012161,0.06150602921843529,0.9784172661870504,280
EGBM-v1,specimen_1,2025_03_06-17_36_19,valid,,specimen_1__2025_03_06-17_36_19__Clip_1__end,0.12931034482758622,6.50390625,8.547372817993164,0.0,,2.244335174560547,2.238950729370117,2.243380069732666,2.2438104152679443,1.0794144868850708,0.18584070796460178,-1.3607103824615479,13.690476190476192,17.543859649122805,0.0,0.0,0.0,0.0,1741278996_409678220,0.8663793103448276,1.9708125591278076,3.320598602294922,2.0985429286956787,0.8835605978965759,0.9742525815963745,2.0312490463256836,,0.9133858267716536,0.14925373134328357,0.004310344827586207,100.0,50.25380710659898,0.07079646017699115,66.14173228346458,22.440944881889763,5.118110236220472,2.0421998500823975,2.570383310317993,90.94488188976378,57.48031496062992,13.385826771653544,3.4029102325439453,3.8543994426727295,-0.6662963874013832,12.227421160787344,specimen_1__2025_03_06-17_36_19__Clip_1__end,valid,0.005489751230925322,0.010978625155985355,0.1371791809797287,0.06585817784070969,0.9292035398230089,254
EGBM-v1,specimen_1,2025_03_06-17_36_19,valid,,specimen_1__2025_03_06-17_36_19__Clip_2__start,0.12931034482758622,6.50390625,8.547372817993164,0.0,,2.244335174560547,2.238950729370117,2.243380069732666,2.2438104152679443,1.0794144868850708,0.18584070796460178,-1.3607103824615479,13.690476190476192,17.543859649122805,0.0,0.0,0.0,0.0,1741278996_409678220,0.8663793103448276,1.9708125591278076,3.320598602294922,2.0985429286956787,0.8835605978965759,0.9742525815963745,2.0312490463256836,,0.9133858267716536,0.14925373134328357,0.004310344827586207,100.0,50.25380710659898,0.07079646017699115,66.14173228346458,22.440944881889763,5.118110236220472,2.0421998500823975,2.570383310317993,90.94488188976378,57.48031496062992,13.385826771653544,3.4029102325439453,3.8543994426727295,-0.6662963874013832,12.234330642968416,specimen_1__2025_03_06-17_36_19__Clip_2__start,valid,0.005489751230925322,0.010978625155985355,0.1371791809797287,0.06585817784070969,0.9292035398230089,254
EGBM-v1,specimen_1,2025_03_06-17_36_19,valid,,specimen_1__2025_03_06-17_36_19__Clip_2__end,0.1650943396226415,0.25,2.491710662841797,0.0,,2.2439956665039062,2.237481117248535,2.2430520057678223,2.2436516284942627,0.9748368859291077,0.3121951219512195,-1.0697977542877197,16.560509554140125,12.658227848101266,0.0,0.0,0.0,0.0,1741279006_770105361,0.8349056603773585,2.4354424476623535,3.500417470932007,1.9503239393234253,0.8253554105758667,0.9692266583442688,1.8563874959945679,,0.8688524590163934,0.1977401129943503,0.0,100.0,33.33333333333333,0.18536585365853658,64.34426229508196,32.37704918032787,13.934426229508196,2.426485538482666,3.2671542167663574,89.34426229508196,50.81967213114754,20.901639344262296,3.4962832927703857,4.1775665283203125,-0.4408836307990887,12.238467577844858,specimen_1__2025_03_06-17_36_19__Clip_2__end,valid,0.006812801584601402,0.013624954037368298,0.16342610120773315,0.08172912895679474,0.8097560975609757,244
EGBM-v1,specimen_1,2025_03_06-17_36_19,valid,,specimen_1__2025_03_06-17_36_19__Clip_3__start,0.1650943396226415,0.25,2.491710662841797,0.0,,2.2439956665039062,2.237481117248535,2.2430520057678223,2.2436516284942627,0.9748368859291077,0.3121951219512195,-1.0697977542877197,16.560509554140125,12.658227848101266,0.0,0.0,0.0,0.0,1741279006_770105361,0.8349056603773585,2.4354424476623535,3.500417470932007,1.9503239393234253,0.8253554105758667,0.9692266583442688,1.8563874959945679,,0.8688524590163934,0.1977401129943503,0.0,100.0,33.33333333333333,0.18536585365853658,64.34426229508196,32.37704918032787,13.934426229508196,2.426485538482666,3.2671542167663574,89.34426229508196,50.81967213114754,20.901639344262296,3.4962832927703857,4.1775665283203125,-0.4408836307990887,12.22897320985794,specimen_1__2025_03_06-17_36_19__Clip_3__start,valid,0.006812801584601402,0.013624954037368298,0.16342610120773315,0.08172912895679474,0.8097560975609757,244
EGBM-v1,specimen_1,2025_03_06-17_36_19,valid,,specimen_1__2025_03_06-17_36_19__Clip_3__end,0.17316017316017315,5.176339149475098,6.781649112701416,0.0,,2.244434356689453,2.2384214401245117,2.243098735809326,2.243722677230835,0.7985741496086121,0.24545454545454545,-1.0079121589660645,15.053763440860216,15.151515151515152,0.0,0.0,0.0,0.0,1741279020_417998790,0.8268398268398268,2.517305850982666,3.508557081222534,2.00862455368042,0.8075627684593201,0.9691327214241028,1.7785344123840332,,0.8953488372093024,0.2094240837696335,0.0,97.22222222222221,38.36477987421384,0.10909090909090909,72.09302325581395,38.372093023255815,14.34108527131783,2.5894501209259033,3.2861039638519287,88.37209302325581,56.201550387596896,27.906976744186046,3.5973622798919678,4.213788986206055,-0.3892379122582472,12.214991729706526,specimen_1__2025_03_06-17_36_19__Clip_3__end,valid,0.006591459270566702,0.013181326910853386,0.16469299793243408,0.07906448096036911,0.8818181818181818,258
EGBM-v1,specimen_1,2025_03_06-17_36_19,valid,,specimen_1__2025_03_06-17_36_19__Clip_4__start,0.17316017316017315,5.176339149475098,6.781649112701416,0.0,,2.244434356689453,2.2384214401245117,2.243098735809326,2.243722677230835,0.7985741496086121,0.24545454545454545,-1.0079121589660645,15.053763440860216,15.151515151515152,0.0,0.0,0.0,0.0,1741279020_417998790,0.8268398268398268,2.517305850982666,3.508557081222534,2.00862455368042,0.8075627684593201,0.9691327214241028,1.7785344123840332,,0.8953488372093024,0.2094240837696335,0.0,97.22222222222221,38.36477987421384,0.10909090909090909,72.09302325581395,38.372093023255815,14.34108527131783,2.5894501209259033,3.2861039638519287,88.37209302325581,56.201550387596896,27.906976744186046,3.5973622798919678,4.213788986206055,-0.3892379122582472,12.216104194521904,specimen_1__2025_03_06-17_36_19__Clip_4__start,valid,0.006591459270566702,0.013181326910853386,0.16469299793243408,0.07906448096036911,0.8818181818181818,258
EGBM-v1,specimen_3,2025_05_08-14_36_52,valid,direct_ps,specimen_3__2025_05_08-14_36_52__Clip_1__start,0.0024154589371980675,42.34375,40.09880065917969,0.0,,2.2449493408203125,1.8833160400390625,2.229921817779541,2.2336041927337646,0.6461449265480042,0.0024154589371980675,-1.4336962699890137,0.0,0.0,0.0,0.0,0.0,0.0,1746707818_207958698,0.9975845410628019,2.614717960357666,4.055727481842041,2.2449493408203125,0.6860557198524475,0.9505441784858704,1.7508305311203003,,0.8214285714285714,0.002421307506053269,0.0,0.0,76.34854771784232,0.0,100.0,4.365079365079365,1.1904761904761905,2.693545341491699,3.2544243335723877,100.0,77.38095238095238,16.865079365079367,4.127241611480713,4.540844917297363,-0.5322710733337889,12.241903226822615,specimen_3__2025_05_08-14_36_52__Clip_1__start,valid,0.0030907553154975176,0.01541717816144228,0.15381944179534912,0.07697843760251999,1.0,504
EGBM-v1,specimen_3,2025_05_08-14_38_08,valid,direct_ps,specimen_3__2025_05_08-14_38_08__Clip_1__start,0.08591408591408592,12.814453125,11.533960342407227,0.0,,2.2451629638671875,2.2121505737304688,2.2441840171813965,2.2447550296783447,0.2850083112716675,0.08891108891108891,-1.1834125518798828,0.07507507507507508,0.21321961620469082,0.0,0.0,0.0,0.0,1746707894_239512681,0.9140859140859141,5.962106227874756,7.175452709197998,2.214843988418579,0.6815850734710693,0.918413519859314,1.9294692277908325,,0.7509377344336085,0.09398907103825137,0.0,100.0,78.9873417721519,0.003996003996003996,99.92498124531133,70.36759189797449,25.581395348837212,6.0443549156188965,8.762868881225586,99.92498124531133,93.62340585146288,46.43660915228807,7.227767467498779,9.46737289428711,-0.19578806479776514,12.223274912685156,specimen_3__2025_05_08-14_38_08__Clip_1__start,valid,0.0012693896424025297,0.016500338912010193,0.1686992645263672,0.08374593406915665,0.996003996003996,1333
EGBM-v1,specimen_3,2025_05_08-14_33_16,valid,direct_ps,specimen_3__2025_05_08-14_33_16__Clip_1__start,0.10344827586206896,18.640625,20.88223648071289,0.0,,2.245067596435547,0.000225067138671875,2.2421741485595703,2.2449939250946045,0.18875253200531006,0.10344827586206896,-0.42303466796875,2.727272727272727,1.9607843137254901,0.0,0.0,0.0,0.0,1746707602_408067703,0.896551724137931,4.860665321350098,5.250331401824951,1.685792326927185,0.2504543960094452,0.7949661612510681,2.0011255741119385,,0.26126126126126126,0.11538461538461539,0.0,0.0,1.6666666666666667,0.034482758620689655,99.09909909909909,45.94594594594595,37.83783783783784,5.108952522277832,7.29547643661499,96.3963963963964,45.94594594594595,39.63963963963964,5.531987190246582,8.093598365783691,-0.08280262267540892,12.232016772031784,specimen_3__2025_05_08-14_33_16__Clip_1__start,valid,0.04304385185241699,0.04304385185241699,0.4727444648742676,0.2150404304265976,0.9655172413793104,111
EGBM-v1,specimen_3,2025_05_08-14_33_16,valid,direct_ps,specimen_3__2025_05_08-14_33_16__Clip_1__end,0.024615384615384615,6.501420497894287,8.48508071899414,0.0,,2.243518829345703,2.2261362075805664,2.242216110229492,2.2429299354553223,0.2914704382419586,0.027692307692307693,-1.5503573417663574,1.0416666666666665,1.2461059190031152,0.0,0.0,0.0,0.0,1746707628_974280118,0.9753846153846154,6.755802154541016,8.250412940979004,2.0508980751037598,0.7555357217788696,0.9526819586753845,1.938584327697754,,0.8419689119170984,0.025236593059936908,0.0,100.0,67.6923076923077,0.003076923076923077,99.48186528497409,83.16062176165802,63.98963730569949,6.726805210113525,7.583752632141113,98.96373056994818,93.52331606217616,83.93782383419689,8.277162551879883,8.978763580322266,-0.23047454078727406,12.240119744092226,specimen_3__2025_05_08-14_33_16__Clip_1__end,valid,0.0036475721281021833,0.010941779240965843,0.13854049146175385,0.06928180903196335,0.9969230769230769,386
EGBM-v1,specimen_2,2025_04_10-16_19_14,valid,direct_ps,specimen_2__2025_04_10-16_19_14__Clip_1__start,0.14285714285714285,,,0.0,,2.232379913330078,2.2267608642578125,2.2323038578033447,2.2323646545410156,2.3106963634490967,0.14285714285714285,-1.513904631137848,50.0,0.0,0.0,0.0,0.0,0.0,1744294760_606107473,0.8571428571428571,0.8415178656578064,2.3554224967956543,1.5070571899414062,0.8934590220451355,0.9854301810264587,2.0173981189727783,,1.0,0.16666666666666666,0.0,100.0,14.285714285714285,0.0,28.57142857142857,0.0,0.0,0.8415178656578064,1.029710054397583,85.71428571428571,14.285714285714285,0.0,2.3554224967956543,2.5222151279449463,-1.7990166256950983,12.213490437716246,specimen_2__2025_04_10-16_19_14__Clip_1__start,valid,0.18442730605602264,0.18442730605602264,0.18442730605602264,0.18442730605602264,1.0,7
EGBM-v1,specimen_2,2025_04_10-16_19_14,valid,direct_ps,specimen_2__2025_04_10-16_19_14__Clip_1__end,0.0,,,0.0,,2.2302703857421875,0.9743328094482422,2.229529857635498,2.2301223278045654,3.0434200763702393,0.0,-1.0793080627918243,0.0,0.0,0.0,0.0,0.0,0.0,1744294778_271383523,1.0,0.4973958432674408,1.5767039060592651,0.0,0.5889307260513306,0.964428722858429,1.431886911392212,,0.75,0.0,0.0,50.0,25.0,0.0,0.0,0.0,0.0,0.4973958432674408,0.5556586384773254,50.0,25.0,0.0,1.5767039060592651,1.8993333578109741,-2.169917737353305,12.23226822912693,specimen_2__2025_04_10-16_19_14__Clip_1__end,valid,0.1718825101852417,0.1718825101852417,0.1718825101852417,0.1718825101852417,1.0,12
EGBM-v1,specimen_2,2025_04_10-16_19_14,valid,direct_ps,specimen_2__2025_04_10-16_19_14__Clip_2__start,0.0,,,0.0,,2.2302703857421875,0.9743328094482422,2.229529857635498,2.2301223278045654,3.0434200763702393,0.0,-1.0793080627918243,0.0,0.0,0.0,0.0,0.0,0.0,1744294778_271383523,1.0,0.4973958432674408,1.5767039060592651,0.0,0.5889307260513306,0.964428722858429,1.431886911392212,,0.75,0.0,0.0,50.0,25.0,0.0,0.0,0.0,0.0,0.4973958432674408,0.5556586384773254,50.0,25.0,0.0,1.5767039060592651,1.8993333578109741,-2.169917737353305,12.275903020054102,specimen_2__2025_04_10-16_19_14__Clip_2__start,valid,0.1718825101852417,0.1718825101852417,0.1718825101852417,0.1718825101852417,1.0,12
EGBM-v1,specimen_2,2025_04_10-16_19_14,valid,direct_ps,specimen_2__2025_04_10-16_19_14__Clip_2__end,0.2,,,0.0,,2.2205047607421875,0.24810123443603516,2.1850109100341797,2.2134060859680176,2.3770248889923096,0.25,-0.48053431510925293,0.0,0.0,0.0,0.0,0.0,0.0,1744294793_739244699,0.8,0.6006944179534912,1.0812287330627441,0.2343006134033203,0.35858598351478577,0.9354267120361328,1.1445345878601074,,0.5555555555555556,0.25,0.0,25.0,5.555555555555555,0.125,11.11111111111111,0.0,0.0,0.6006944179534912,0.7938908338546753,33.33333333333333,5.555555555555555,0.0,1.0812287330627441,1.4446468353271484,-0.799964675460757,12.254160828888416,specimen_2__2025_04_10-16_19_14__Clip_2__end,valid,0.23846544325351715,0.23846544325351715,0.23846544325351715,0.23846544325351715,0.875,18
EGBM-v1,specimen_2,2025_04_10-16_19_14,valid,direct_ps,specimen_2__2025_04_10-16_19_14__Clip_3__start,0.2,,,0.0,,2.2205047607421875,0.24810123443603516,2.1850109100341797,2.2134060859680176,2.3770248889923096,0.25,-0.48053431510925293,0.0,0.0,0.0,0.0,0.0,0.0,1744294793_739244699,0.8,0.6006944179534912,1.0812287330627441,0.2343006134033203,0.35858598351478577,0.9354267120361328,1.1445345878601074,,0.5555555555555556,0.25,0.0,25.0,5.555555555555555,0.125,11.11111111111111,0.0,0.0,0.6006944179534912,0.7938908338546753,33.33333333333333,5.555555555555555,0.0,1.0812287330627441,1.4446468353271484,-0.799964675460757,12.23260909318924,specimen_2__2025_04_10-16_19_14__Clip_3__start,valid,0.23846544325351715,0.23846544325351715,0.23846544325351715,0.23846544325351715,0.875,18
EGBM-v1,specimen_2,2025_04_10-16_19_14,valid,direct_ps,specimen_2__2025_04_10-16_19_14__Clip_3__end,0.1111111111111111,0.828125,0.8100223541259766,0.0,,2.210569381713867,0.38721466064453125,2.202557325363159,2.2089669704437256,1.0552284717559814,0.2222222222222222,-0.7677093148231506,0.0,0.0,0.0,0.0,0.0,0.0,1744294808_039081096,0.7777777777777778,0.9309895634651184,1.7641831636428833,0.21788787841796875,0.4773452579975128,0.9488341808319092,1.4799115657806396,,0.6923076923076923,0.14285714285714285,0.1111111111111111,36.36363636363637,16.666666666666664,0.1111111111111111,15.384615384615385,7.6923076923076925,7.6923076923076925,0.9230769276618958,1.7469711303710938,46.15384615384615,23.076923076923077,7.6923076923076925,1.6907862424850464,2.6265385150909424,-0.8316850869273886,12.218066025525331,specimen_2__2025_04_10-16_19_14__Clip_3__end,valid,0.21307441592216492,0.21307441592216492,0.21307441592216492,0.21307441592216492,0.8888888888888888,13
EGBM-v1,specimen_2,2025_04_10-16_19_14,valid,direct_ps,specimen_2__2025_04_10-16_19_14__Clip_4__start,0.1111111111111111,0.828125,0.8100223541259766,0.0,,2.210569381713867,0.38721466064453125,2.202557325363159,2.2089669704437256,1.0552284717559814,0.2222222222222222,-0.7677093148231506,0.0,0.0,0.0,0.0,0.0,0.0,1744294808_039081096,0.7777777777777778,0.9309895634651184,1.7641831636428833,0.21788787841796875,0.4773452579975128,0.9488341808319092,1.4799115657806396,,0.6923076923076923,0.14285714285714285,0.1111111111111111,36.36363636363637,16.666666666666664,0.1111111111111111,15.384615384615385,7.6923076923076925,7.6923076923076925,0.9230769276618958,1.7469711303710938,46.15384615384615,23.076923076923077,7.6923076923076925,1.6907862424850464,2.6265385150909424,-0.8316850869273886,12.254060711711645,specimen_2__2025_04_10-16_19_14__Clip_4__start,valid,0.21307441592216492,0.21307441592216492,0.21307441592216492,0.21307441592216492,0.8888888888888888,13
EGBM-v1,specimen_2,2025_04_10-16_19_14,valid,direct_ps,specimen_2__2025_04_10-16_19_14__Clip_4__end,0.125,,,0.0,,2.159137725830078,0.19002056121826172,2.112938642501831,2.149897813796997,1.024373173713684,0.125,-0.5800699591636658,0.0,0.0,0.0,0.0,0.0,0.0,1744294819_472425222,0.875,0.9866071343421936,1.5666770935058594,0.15892601013183594,0.3585920035839081,0.9483968615531921,1.1594412326812744,,0.5714285714285714,0.14285714285714285,0.0,33.33333333333333,14.285714285714285,0.0,57.14285714285714,0.0,0.0,0.9866071343421936,1.0184712409973145,71.42857142857143,14.285714285714285,0.0,1.5666770935058594,1.7791658639907837,-0.5879442170772657,12.238306924700737,specimen_2__2025_04_10-16_19_14__Clip_4__end,valid,0.2584563195705414,0.2584563195705414,0.2584563195705414,0.2584563195705414,1.0,14
EGBM-v1,specimen_2,2025_04_10-16_19_14,valid,direct_ps,specimen_2__2025_04_10-16_19_14__Clip_5__start,0.125,,,0.0,,2.159137725830078,0.19002056121826172,2.112938642501831,2.149897813796997,1.024373173713684,0.125,-0.5800699591636658,0.0,0.0,0.0,0.0,0.0,0.0,1744294819_472425222,0.875,0.9866071343421936,1.5666770935058594,0.15892601013183594,0.3585920035839081,0.9483968615531921,1.1594412326812744,,0.5714285714285714,0.14285714285714285,0.0,33.33333333333333,14.285714285714285,0.0,57.14285714285714,0.0,0.0,0.9866071343421936,1.0184712409973145,71.42857142857143,14.285714285714285,0.0,1.5666770935058594,1.7791658639907837,-0.5879442170772657,12.221693061292171,specimen_2__2025_04_10-16_19_14__Clip_5__start,valid,0.2584563195705414,0.2584563195705414,0.2584563195705414,0.2584563195705414,1.0,14
EGBM-v1,specimen_2,2025_04_10-16_19_14,valid,direct_ps,specimen_2__2025_04_10-16_19_14__Clip_5__end,0.2,,,0.0,,2.187549591064453,1.1145572662353516,1.8649041652679443,2.123020648956299,1.3896836042404175,0.2222222222222222,-0.5275355577468872,33.33333333333333,0.0,0.0,0.0,0.0,0.0,1744294833_172259569,0.8,0.7354166507720947,1.262952208518982,1.2817306518554688,0.4478032886981964,0.9518312811851501,1.310817003250122,,0.6666666666666666,0.25,0.0,41.66666666666667,6.666666666666667,0.0,20.0,0.0,0.0,0.7354166507720947,0.9846147298812866,46.666666666666664,6.666666666666667,0.0,1.262952208518982,1.617484211921692,-0.7173288192387831,12.209865264594555,specimen_2__2025_04_10-16_19_14__Clip_5__end,valid,0.2072221040725708,0.2072221040725708,0.2072221040725708,0.2072221040725708,1.0,15
EGBM-v1,specimen_3,2025_05_08-14_49_00,valid,direct_ps,specimen_3__2025_05_08-14_49_00__Clip_1__start,,,,,,,,,,,,,,,,,,,1746708547_674401521,,,,,0.996017336845398,0.9946311712265015,,,,,,,,,,,,,,,,,,,,12.238267809152603,specimen_3__2025_05_08-14_49_00__Clip_1__start,valid,,,,,,0
EGBM-v1,specimen_3,2025_05_08-14_49_00,valid,direct_ps,specimen_3__2025_05_08-14_49_00__Clip_1__end,0.6666666666666666,,,0.0,,2.2430076599121094,2.242738723754883,2.2429990768432617,2.2430059909820557,1.8639020919799805,0.6666666666666666,-0.13834059238433838,100.0,0.0,0.0,0.0,0.0,0.0,1746708572_640835762,0.3333333333333333,1.203125,1.3414655923843384,0.9139842987060547,0.9999979138374329,0.996649444103241,2.242990493774414,,1.0,2.0,0.0,100.0,0.0,0.6666666666666666,66.66666666666666,0.0,0.0,1.203125,1.3161531686782837,33.33333333333333,0.0,0.0,1.3414655923843384,1.6494154930114746,-0.11498438847529424,12.22721068188548,specimen_3__2025_05_08-14_49_00__Clip_1__end,valid,0.5000038146972656,0.5000038146972656,0.5000038146972656,0.5000038146972656,0.3333333333333333,6
EGBM-v1,specimen_3,2025_05_08-14_52_45,valid,direct_ps,specimen_3__2025_05_08-14_52_45__Clip_1__start,,,,,,,,,,,,,,,,,,,1746708771_572831630,,,,,0.9999786615371704,0.9964512586593628,,,,,,,,,,,,,,,,,,,,12.24643923342228,specimen_3__2025_05_08-14_52_45__Clip_1__start,valid,,,,,,0
EGBM-v1,specimen_2,2025_04_10-16_33_49,valid,direct_ps,specimen_2__2025_04_10-16_33_49__Clip_1__end,,,,,,,,,,,,,,,,,,,1744295654_972905158,,,,,0.9971073269844055,0.9959895014762878,,,,,,,,,,,,,,,,,,,,12.207801919430494,specimen_2__2025_04_10-16_33_49__Clip_1__end,valid,,,,,,0
EGBM-v1,specimen_2,2025_04_10-16_33_49,valid,direct_ps,specimen_2__2025_04_10-16_33_49__Clip_2__start,,,,,,,,,,,,,,,,,,,1744295654_972905158,,,,,0.9971073269844055,0.9959895014762878,,,,,,,,,,,,,,,,,,,,12.227410916239023,specimen_2__2025_04_10-16_33_49__Clip_2__start,valid,,,,,,0
EGBM-v1,specimen_2,2025_04_10-16_33_49,valid,direct_ps,specimen_2__2025_04_10-16_33_49__Clip_2__end,,,,,,,,,,,,,,,,,,,1744295670_139412641,,,,,0.996406078338623,0.9956145882606506,,,,,,,,,,,,,,,,,,,,12.234521098434925,specimen_2__2025_04_10-16_33_49__Clip_2__end,valid,,,,,,0
EGBM-v1,specimen_2,2025_04_10-16_33_49,valid,direct_ps,specimen_2__2025_04_10-16_33_49__Clip_3__start,,,,,,,,,,,,,,,,,,,1744295670_139412641,,,,,0.996406078338623,0.9956145882606506,,,,,,,,,,,,,,,,,,,,12.229344341903925,specimen_2__2025_04_10-16_33_49__Clip_3__start,valid,,,,,,0
EGBM-v1,specimen_2,2025_04_10-16_33_49,valid,direct_ps,specimen_2__2025_04_10-16_33_49__Clip_3__end,,,,,,,,,,,,,,,,,,,1744295685_039219856,,,,,0.9963769912719727,0.9951586127281189,,,,,,,,,,,,,,,,,,,,12.21131719648838,specimen_2__2025_04_10-16_33_49__Clip_3__end,valid,,,,,,0
EGBM-v1,specimen_2,2025_04_10-16_33_49,valid,direct_ps,specimen_2__2025_04_10-16_33_49__Clip_4__start,,,,,,,,,,,,,,,,,,,1744295685_039219856,,,,,0.9963769912719727,0.9951586127281189,,,,,,,,,,,,,,,,,,,,12.237436138093472,specimen_2__2025_04_10-16_33_49__Clip_4__start,valid,,,,,,0
EGBM-v1,specimen_3,2025_05_08-14_27_51,valid,direct_polaris,specimen_3__2025_05_08-14_27_51__Clip_1__start,0.011928429423459244,16.44318199157715,16.61109733581543,0.0,,2.2457427978515625,2.193502426147461,2.2313575744628906,2.236886978149414,0.41079941391944885,0.017928286852589643,-1.6028790473937988,0.34843205574912894,0.0,0.0,0.0,0.0,0.0,1746707276_907970428,0.9880715705765407,4.268482685089111,5.898343086242676,1.7744172811508179,0.7623249888420105,0.9531837701797485,1.941677212715149,,0.8439597315436241,0.012072434607645875,0.0,36.36363636363637,18.085106382978726,0.0099601593625498,96.30872483221476,84.22818791946308,33.557046979865774,4.493183612823486,5.962998390197754,97.31543624161074,87.08053691275168,81.04026845637584,6.096062660217285,7.220041275024414,-0.3567357102476746,12.25107628852129,specimen_3__2025_05_08-14_27_51__Clip_1__start,valid,0.002316195983439684,0.011578233912587166,0.13627523183822632,0.0670560747385025,0.9900398406374502,596
EGBM-v1,specimen_3,2025_05_08-14_27_51,valid,direct_polaris,specimen_3__2025_05_08-14_27_51__Clip_1__end,0.0,,,0.0,,2.2324066162109375,2.0663700103759766,2.2262439727783203,2.2303037643432617,0.3811822533607483,0.0,-1.4532318115234375,0.0,0.0,0.0,0.0,0.0,0.0,1746707293_306623220,1.0,4.624232769012451,6.077464580535889,0.0,0.6790387034416199,0.9353142976760864,1.8419606685638428,,0.7879464285714286,0.0,0.0,75.0,16.363636363636363,0.0,99.10714285714286,87.72321428571429,40.17857142857143,4.624232769012451,4.809813022613525,99.77678571428571,89.73214285714286,81.02678571428571,6.077464580535889,6.334756851196289,-0.3142644161993145,12.230334803462029,specimen_3__2025_05_08-14_27_51__Clip_1__end,valid,0.0034288372844457626,0.013708997517824173,0.15041431784629822,0.07531295716762543,1.0,448
EGBM-v1,specimen_3,2025_05_08-14_27_51,valid,direct_polaris,specimen_3__2025_05_08-14_27_51__Clip_2__start,0.0,,,0.0,,2.2324066162109375,2.0663700103759766,2.2262439727783203,2.2303037643432617,0.3811822533607483,0.0,-1.4532318115234375,0.0,0.0,0.0,0.0,0.0,0.0,1746707293_306623220,1.0,4.624232769012451,6.077464580535889,0.0,0.6790387034416199,0.9353142976760864,1.8419606685638428,,0.7879464285714286,0.0,0.0,75.0,16.363636363636363,0.0,99.10714285714286,87.72321428571429,40.17857142857143,4.624232769012451,4.809813022613525,99.77678571428571,89.73214285714286,81.02678571428571,6.077464580535889,6.334756851196289,-0.3142644161993145,12.218317948281765,specimen_3__2025_05_08-14_27_51__Clip_2__start,valid,0.0034288372844457626,0.013708997517824173,0.15041431784629822,0.07531295716762543,1.0,448
EGBM-v1,specimen_3,2025_05_08-14_27_51,valid,direct_polaris,specimen_3__2025_05_08-14_27_51__Clip_2__end,0.02771362586605081,39.11458206176758,37.73958206176758,0.0,,2.2452011108398438,1.8960847854614258,2.2251429557800293,2.231398105621338,0.3140488564968109,0.03002309468822171,-1.3368096351623535,0.3913894324853229,0.0,0.0,0.0,0.0,0.0,1746707310_007738113,0.9722863741339491,4.736559867858887,6.104540824890137,1.5297073125839233,0.6630374789237976,0.9430952668190002,1.718095302581787,,0.8200757575757576,0.028503562945368172,0.0,64.70588235294117,10.81081081081081,0.004618937644341801,96.78030303030303,85.98484848484848,37.121212121212125,5.1272196769714355,8.63361930847168,98.48484848484848,87.5,74.0530303030303,6.464029312133789,9.318746566772461,-0.26072798112523726,12.23333878442645,specimen_3__2025_05_08-14_27_51__Clip_2__end,valid,0.003084988798946142,0.015402911230921745,0.1597462296485901,0.07994412630796432,0.9953810623556582,528
EGBM-v1,specimen_3,2025_05_08-14_27_51,valid,direct_polaris,specimen_3__2025_05_08-14_27_51__Clip_3__start,0.02771362586605081,39.11458206176758,37.73958206176758,0.0,,2.2452011108398438,1.8960847854614258,2.2251429557800293,2.231398105621338,0.3140488564968109,0.03002309468822171,-1.3368096351623535,0.3913894324853229,0.0,0.0,0.0,0.0,0.0,1746707310_007738113,0.9722863741339491,4.736559867858887,6.104540824890137,1.5297073125839233,0.6630374789237976,0.9430952668190002,1.718095302581787,,0.8200757575757576,0.028503562945368172,0.0,64.70588235294117,10.81081081081081,0.004618937644341801,96.78030303030303,85.98484848484848,37.121212121212125,5.1272196769714355,8.63361930847168,98.48484848484848,87.5,74.0530303030303,6.464029312133789,9.318746566772461,-0.26072798112523726,12.20450596883893,specimen_3__2025_05_08-14_27_51__Clip_3__start,valid,0.003084988798946142,0.015402911230921745,0.1597462296485901,0.07994412630796432,0.9953810623556582,528
EGBM-v1,specimen_3,2025_05_08-14_27_51,valid,direct_polaris,specimen_3__2025_05_08-14_27_51__Clip_3__end,0.12716763005780346,59.37586975097656,57.41768264770508,0.0,,2.2457275390625,2.0223426818847656,2.245265245437622,2.245579719543457,0.1462559700012207,0.12753623188405797,-0.9834775924682617,0.4464285714285714,0.0,0.0,0.0,0.0,0.0,1746707324_174072980,0.8728323699421965,8.422568321228027,9.523451805114746,2.094048023223877,0.6457871794700623,0.9324249625205994,1.829817771911621,,0.7377398720682303,0.1456953642384106,0.0,28.57142857142857,17.582417582417584,0.005797101449275362,95.52238805970148,80.59701492537313,55.010660980810236,10.378131866455078,22.352333068847656,96.37526652452026,84.00852878464818,75.05330490405117,11.36160945892334,22.05431365966797,-0.09476441474473134,12.252337764948606,specimen_3__2025_05_08-14_27_51__Clip_3__end,valid,0.00402394263073802,0.01609068736433983,0.18462799489498138,0.0923968032002449,0.9942028985507246,469
EGBM-v1,specimen_3,2025_05_08-14_27_51,valid,direct_polaris,specimen_3__2025_05_08-14_27_51__Clip_4__start,0.12716763005780346,59.37586975097656,57.41768264770508,0.0,,2.2457275390625,2.0223426818847656,2.245265245437622,2.245579719543457,0.1462559700012207,0.12753623188405797,-0.9834775924682617,0.4464285714285714,0.0,0.0,0.0,0.0,0.0,1746707324_174072980,0.8728323699421965,8.422568321228027,9.523451805114746,2.094048023223877,0.6457871794700623,0.9324249625205994,1.829817771911621,,0.7377398720682303,0.1456953642384106,0.0,28.57142857142857,17.582417582417584,0.005797101449275362,95.52238805970148,80.59701492537313,55.010660980810236,10.378131866455078,22.352333068847656,96.37526652452026,84.00852878464818,75.05330490405117,11.36160945892334,22.05431365966797,-0.09476441474473134,12.20804313197732,specimen_3__2025_05_08-14_27_51__Clip_4__start,valid,0.00402394263073802,0.01609068736433983,0.18462799489498138,0.0923968032002449,0.9942028985507246,469
EGBM-v1,specimen_3,2025_05_08-14_27_51,valid,direct_polaris,specimen_3__2025_05_08-14_27_51__Clip_4__end,0.2747603833865815,67.55728912353516,65.60359954833984,0.0,,2.24591064453125,1.4834709167480469,2.2457351684570312,2.245837450027466,0.06923983246088028,0.27564102564102566,-0.40788841247558594,0.45558086560364464,0.25125628140703515,0.0,0.0,0.0,0.0,1746707335_507338523,0.7252396166134185,15.308920860290527,15.857254981994629,2.1379446983337402,0.5575799345970154,0.9182016253471375,1.6698336601257324,,0.6507276507276507,0.3788546255506608,0.0,26.190476190476193,13.253012048192772,0.0,91.26819126819127,82.74428274428274,44.07484407484408,18.24178123474121,36.43361282348633,93.13929313929314,84.82328482328482,64.24116424116424,18.649669647216797,35.67412185668945,-0.02236011972881071,12.226489838212729,specimen_3__2025_05_08-14_27_51__Clip_4__end,valid,0.00586314033716917,0.023432571440935135,0.2803545296192169,0.14038164913654327,1.0,481
EGBM-v1,specimen_3,2025_05_08-14_27_51,valid,direct_polaris,specimen_3__2025_05_08-14_27_51__Clip_5__start,0.2747603833865815,67.55728912353516,65.60359954833984,0.0,,2.24591064453125,1.4834709167480469,2.2457351684570312,2.245837450027466,0.06923983246088028,0.27564102564102566,-0.40788841247558594,0.45558086560364464,0.25125628140703515,0.0,0.0,0.0,0.0,1746707335_507338523,0.7252396166134185,15.308920860290527,15.857254981994629,2.1379446983337402,0.5575799345970154,0.9182016253471375,1.6698336601257324,,0.6507276507276507,0.3788546255506608,0.0,26.190476190476193,13.253012048192772,0.0,91.26819126819127,82.74428274428274,44.07484407484408,18.24178123474121,36.43361282348633,93.13929313929314,84.82328482328482,64.24116424116424,18.649669647216797,35.67412185668945,-0.02236011972881071,12.234731577336788,specimen_3__2025_05_08-14_27_51__Clip_5__start,valid,0.00586314033716917,0.023432571440935135,0.2803545296192169,0.14038164913654327,1.0,481
EGBM-v1,specimen_3,2025_05_08-14_27_51,valid,direct_polaris,specimen_3__2025_05_08-14_27_51__Clip_5__end,0.5314685314685315,55.6796875,54.1401481628418,0.0,,2.2458114624023438,1.9003276824951172,2.2455780506134033,2.2456865310668945,0.043081048876047134,0.5314685314685315,0.27340126037597656,0.5102040816326531,0.0,0.0,0.0,0.0,0.0,1746707350_574324131,0.46853146853146854,30.637805938720703,30.408830642700195,2.152310609817505,0.6187535524368286,0.9295778274536133,1.588904857635498,,0.6924939467312349,1.1343283582089552,0.0,14.285714285714285,14.666666666666666,0.0034965034965034965,94.91525423728814,81.84019370460048,57.6271186440678,31.486682891845703,48.64088439941406,95.15738498789347,84.50363196125909,71.67070217917676,31.213281631469727,47.40090560913086,0.008683075994860701,12.209324166178703,specimen_3__2025_05_08-14_27_51__Clip_5__end,valid,0.0103972889482975,0.041568879038095474,0.4232531487941742,0.20714353024959564,0.9965034965034965,413
EGBM-v1,specimen_3,2025_05_08-14_27_51,valid,direct_polaris,specimen_3__2025_05_08-14_27_51__Clip_6__start,0.5314685314685315,55.6796875,54.1401481628418,0.0,,2.2458114624023438,1.9003276824951172,2.2455780506134033,2.2456865310668945,0.043081048876047134,0.5314685314685315,0.27340126037597656,0.5102040816326531,0.0,0.0,0.0,0.0,0.0,1746707350_574324131,0.46853146853146854,30.637805938720703,30.408830642700195,2.152310609817505,0.6187535524368286,0.9295778274536133,1.588904857635498,,0.6924939467312349,1.1343283582089552,0.0,14.285714285714285,14.666666666666666,0.0034965034965034965,94.91525423728814,81.84019370460048,57.6271186440678,31.486682891845703,48.64088439941406,95.15738498789347,84.50363196125909,71.67070217917676,31.213281631469727,47.40090560913086,0.008683075994860701,12.21741596236825,specimen_3__2025_05_08-14_27_51__Clip_6__start,valid,0.0103972889482975,0.041568879038095474,0.4232531487941742,0.20714353024959564,0.9965034965034965,413
EGBM-v1,specimen_3,2025_05_08-14_27_51,valid,direct_polaris,specimen_3__2025_05_08-14_27_51__Clip_6__end,0.8405797101449275,53.39522171020508,51.75217056274414,0.0,,2.2455978393554688,2.243419647216797,2.2454147338867188,2.2454934120178223,0.030451038852334023,0.8405797101449275,1.1131362915039062,0.0,0.0,0.0,0.0,0.0,0.0,1746707366_407700300,0.15942028985507245,48.326454162597656,47.2820930480957,2.1793315410614014,0.6741032004356384,0.9229983687400818,1.5038310289382935,,0.6993243243243243,5.2727272727272725,0.0,23.52941176470588,2.941176470588235,0.0,94.25675675675676,88.51351351351352,76.35135135135135,48.9086799621582,62.57197570800781,95.6081081081081,88.85135135135135,81.08108108108108,47.7955436706543,60.94316482543945,0.02275948343658357,12.27084593847394,specimen_3__2025_05_08-14_27_51__Clip_6__end,valid,0.044515304267406464,0.08878140151500702,0.9745938777923584,0.613770067691803,1.0,296
EGBM-v1,specimen_3,2025_05_08-14_34_16,valid,direct_ps,specimen_3__2025_05_08-14_34_16__Clip_1__start,0.17647058823529413,3.28125,1.0361213684082031,0.0,,2.245128631591797,0.00026607513427734375,2.241180896759033,2.2448997497558594,0.21431207656860352,0.17647058823529413,-0.21979904174804688,0.0,2.73972602739726,0.0,0.0,0.0,0.0,1746707662_208505630,0.8235294117647058,6.282327651977539,6.530457973480225,2.2449352741241455,0.1894339621067047,0.7547721862792969,1.8503038883209229,,0.19318181818181818,0.21428571428571427,0.0,0.0,6.666666666666667,0.0,100.0,82.95454545454545,55.68181818181818,6.248224258422852,7.0356669425964355,100.0,81.81818181818183,55.68181818181818,6.468023300170898,7.442854404449463,-0.03517784136056722,12.220561038702726,specimen_3__2025_05_08-14_34_16__Clip_1__start,valid,0.08553934842348099,0.08553934842348099,0.683506190776825,0.3421298563480377,1.0,88
EGBM-v1,specimen_3,2025_05_08-14_34_16,valid,direct_ps,specimen_3__2025_05_08-14_34_16__Clip_1__end,0.1232876712328767,4.674107074737549,6.913634777069092,0.0,,2.2456741333007812,0.0134429931640625,2.2448487281799316,2.2453184127807617,0.28199705481529236,0.1232876712328767,-0.7197051048278809,0.0,0.0,0.0,0.0,0.0,0.0,1746707686_174271583,0.8767123287671232,4.868837833404541,5.513622760772705,2.2450790405273438,0.44881922006607056,0.7716520428657532,1.9902448654174805,,0.4899328859060403,0.140625,0.0,7.142857142857142,13.333333333333334,0.0,90.60402684563759,59.73154362416108,46.97986577181208,4.859689712524414,6.514986515045166,91.2751677852349,65.1006711409396,49.664429530201346,5.579394817352295,7.240221977233887,-0.14809692540102995,12.230595108121634,specimen_3__2025_05_08-14_34_16__Clip_1__end,valid,0.01760263182222843,0.01760263182222843,0.2463134229183197,0.12318001687526703,1.0,149
EGBM-v1,specimen_3,2025_05_08-14_34_16,valid,direct_ps,specimen_3__2025_05_08-14_34_16__Clip_2__start,0.1232876712328767,4.674107074737549,6.913634777069092,0.0,,2.2456741333007812,0.0134429931640625,2.2448487281799316,2.2453184127807617,0.28199705481529236,0.1232876712328767,-0.7197051048278809,0.0,0.0,0.0,0.0,0.0,0.0,1746707686_174271583,0.8767123287671232,4.868837833404541,5.513622760772705,2.2450790405273438,0.44881922006607056,0.7716520428657532,1.9902448654174805,,0.4899328859060403,0.140625,0.0,7.142857142857142,13.333333333333334,0.0,90.60402684563759,59.73154362416108,46.97986577181208,4.859689712524414,6.514986515045166,91.2751677852349,65.1006711409396,49.664429530201346,5.579394817352295,7.240221977233887,-0.14809692540102995,12.241301126778126,specimen_3__2025_05_08-14_34_16__Clip_2__start,valid,0.01760263182222843,0.01760263182222843,0.2463134229183197,0.12318001687526703,1.0,149
EGBM-v1,specimen_3,2025_05_08-14_34_16,valid,direct_ps,specimen_3__2025_05_08-14_34_16__Clip_2__end,0.01020408163265306,6.789473533630371,8.985528945922852,0.0,,2.2446861267089844,2.179048538208008,2.243687629699707,2.2442033290863037,0.35066959261894226,0.01020408163265306,-1.245030403137207,0.0,0.7575757575757576,0.0,0.0,0.0,0.0,1746707699_807956218,0.9897959183673469,5.565582275390625,6.6876912117004395,2.2446861267089844,0.5778014659881592,0.8568216562271118,2.1525580883026123,,0.5903614457831325,0.010309278350515464,0.0,100.0,17.647058823529413,0.0,99.3975903614458,79.51807228915662,66.86746987951807,5.705666542053223,6.152753829956055,100.0,82.53012048192771,77.71084337349397,6.95069694519043,7.511756896972656,-0.21820945790659094,12.254440691322088,specimen_3__2025_05_08-14_34_16__Clip_2__end,valid,0.010740143246948719,0.010740143246948719,0.17179091274738312,0.08590798825025558,1.0,166
EGBM-v1,specimen_3,2025_05_08-14_34_16,valid,direct_ps,specimen_3__2025_05_08-14_34_16__Clip_3__start,0.01020408163265306,6.789473533630371,8.985528945922852,0.0,,2.2446861267089844,2.179048538208008,2.243687629699707,2.2442033290863037,0.35066959261894226,0.01020408163265306,-1.245030403137207,0.0,0.7575757575757576,0.0,0.0,0.0,0.0,1746707699_807956218,0.9897959183673469,5.565582275390625,6.6876912117004395,2.2446861267089844,0.5778014659881592,0.8568216562271118,2.1525580883026123,,0.5903614457831325,0.010309278350515464,0.0,100.0,17.647058823529413,0.0,99.3975903614458,79.51807228915662,66.86746987951807,5.705666542053223,6.152753829956055,100.0,82.53012048192771,77.71084337349397,6.95069694519043,7.511756896972656,-0.21820945790659094,12.245438061654568,specimen_3__2025_05_08-14_34_16__Clip_3__start,valid,0.010740143246948719,0.010740143246948719,0.17179091274738312,0.08590798825025558,1.0,166
EGBM-v1,specimen_3,2025_05_08-14_34_16,valid,direct_ps,specimen_3__2025_05_08-14_34_16__Clip_3__end,0.031496062992125984,7.601973533630371,8.660778999328613,0.0,,2.2412757873535156,1.3391189575195312,2.240464448928833,2.2412161827087402,0.19328556954860687,0.031496062992125984,-1.129720687866211,1.1111111111111112,0.0,0.0,0.0,0.0,0.0,1746707711_741147756,0.968503937007874,8.282964706420898,9.42090129852295,0.8113317489624023,0.5786532163619995,0.9267069697380066,1.7058686017990112,,0.6939890710382514,0.032520325203252036,0.0,100.0,65.38461538461539,0.0,98.36065573770492,85.79234972677595,80.32786885245902,8.212261199951172,9.193474769592285,98.90710382513662,95.08196721311475,83.60655737704919,9.341981887817383,10.343544960021973,-0.13756511883388803,12.235152069479227,specimen_3__2025_05_08-14_34_16__Clip_3__end,valid,0.010641918517649174,0.010641918517649174,0.1914888620376587,0.09576427936553955,1.0,183
EGBM-v1,specimen_3,2025_05_08-14_34_16,valid,direct_ps,specimen_3__2025_05_08-14_34_16__Clip_4__start,0.031496062992125984,7.601973533630371,8.660778999328613,0.0,,2.2412757873535156,1.3391189575195312,2.240464448928833,2.2412161827087402,0.19328556954860687,0.031496062992125984,-1.129720687866211,1.1111111111111112,0.0,0.0,0.0,0.0,0.0,1746707711_741147756,0.968503937007874,8.282964706420898,9.42090129852295,0.8113317489624023,0.5786532163619995,0.9267069697380066,1.7058686017990112,,0.6939890710382514,0.032520325203252036,0.0,100.0,65.38461538461539,0.0,98.36065573770492,85.79234972677595,80.32786885245902,8.212261199951172,9.193474769592285,98.90710382513662,95.08196721311475,83.60655737704919,9.341981887817383,10.343544960021973,-0.13756511883388803,12.227030005306005,specimen_3__2025_05_08-14_34_16__Clip_4__start,valid,0.010641918517649174,0.010641918517649174,0.1914888620376587,0.09576427936553955,1.0,183
EGBM-v1,specimen_3,2025_05_08-14_34_16,valid,direct_ps,specimen_3__2025_05_08-14_34_16__Clip_4__end,0.010676156583629894,6.394608020782471,8.398114204406738,0.0,,2.243663787841797,1.2870559692382812,2.238647937774658,2.2427194118499756,0.166822612285614,0.010676156583629894,-1.1593437194824219,1.0869565217391304,0.0,0.0,0.0,0.0,0.0,1746707727_174034118,0.9893238434163701,9.356880187988281,10.386548042297363,1.7507266998291016,0.5680025815963745,0.9192336201667786,1.6135746240615845,,0.7336814621409922,0.01079136690647482,0.0,26.666666666666668,36.53846153846153,0.0035587188612099642,96.08355091383812,86.42297650130548,75.97911227154047,8.96242618560791,10.162479400634766,96.08355091383812,91.38381201044386,84.59530026109661,10.121769905090332,11.24130630493164,-0.12935601314565082,12.219097930938005,specimen_3__2025_05_08-14_34_16__Clip_4__end,valid,0.0049937996082007885,0.014979131519794464,0.18942712247371674,0.0947863906621933,0.99644128113879,383
EGBM-v1,specimen_3,2025_05_08-14_34_16,valid,direct_ps,specimen_3__2025_05_08-14_34_16__Clip_5__start,0.010676156583629894,6.394608020782471,8.398114204406738,0.0,,2.243663787841797,1.2870559692382812,2.238647937774658,2.2427194118499756,0.166822612285614,0.010676156583629894,-1.1593437194824219,1.0869565217391304,0.0,0.0,0.0,0.0,0.0,1746707727_174034118,0.9893238434163701,9.356880187988281,10.386548042297363,1.7507266998291016,0.5680025815963745,0.9192336201667786,1.6135746240615845,,0.7336814621409922,0.01079136690647482,0.0,26.666666666666668,36.53846153846153,0.0035587188612099642,96.08355091383812,86.42297650130548,75.97911227154047,8.96242618560791,10.162479400634766,96.08355091383812,91.38381201044386,84.59530026109661,10.121769905090332,11.24130630493164,-0.12935601314565082,12.2357327491045,specimen_3__2025_05_08-14_34_16__Clip_5__start,valid,0.0049937996082007885,0.014979131519794464,0.18942712247371674,0.0947863906621933,0.99644128113879,383
EGBM-v1,specimen_3,2025_05_08-14_34_16,valid,direct_ps,specimen_3__2025_05_08-14_34_16__Clip_5__end,0.012987012987012988,5.726128578186035,7.245148658752441,0.0,,2.2457962036132812,1.6153678894042969,2.2402420043945312,2.2417399883270264,0.28766801953315735,0.045454545454545456,-1.2500715255737305,0.5681818181818182,0.0,0.0,0.0,0.0,0.0,1746707740_506348848,0.987012987012987,6.319047927856445,7.541135787963867,1.0366992950439453,0.6309716701507568,0.9458174109458923,1.5807136297225952,,0.806282722513089,0.013157894736842105,0.0,76.66666666666667,62.727272727272734,0.04220779220779221,92.14659685863874,71.20418848167539,54.45026178010471,6.2631707191467285,8.146071434020996,97.64397905759162,89.26701570680629,71.46596858638743,7.513242244720459,8.936197280883789,-0.19959084330117632,12.246769852936268,specimen_3__2025_05_08-14_34_16__Clip_5__end,valid,0.004653953015804291,0.013960259966552258,0.17668260633945465,0.08837568759918213,0.9577922077922078,382
EGBM-v1,specimen_3,2025_05_08-14_39_50,valid,direct_ps,specimen_3__2025_05_08-14_39_50__Clip_1__start,,,,,,,,,,,,,,,,,,,1746707996_207382202,,,,,0.9978118538856506,0.9956564903259277,,,,,,,,,,,,,,,,,,,,12.231396976858377,specimen_3__2025_05_08-14_39_50__Clip_1__start,valid,,,,,,0
EGBM-v1,specimen_3,2025_05_08-14_39_50,valid,direct_ps,specimen_3__2025_05_08-14_39_50__Clip_1__end,,,,,,,,,,,,,,,,,,,1746708013_540880203,,,,,0.9996371269226074,0.9963830709457397,,,,,,,,,,,,,,,,,,,,12.215243186801672,specimen_3__2025_05_08-14_39_50__Clip_1__end,valid,,,,,,0
EGBM-v1,specimen_3,2025_05_08-14_39_50,valid,direct_ps,specimen_3__2025_05_08-14_39_50__Clip_2__start,,,,,,,,,,,,,,,,,,,1746708013_540880203,,,,,0.9996371269226074,0.9963830709457397,,,,,,,,,,,,,,,,,,,,12.231957167387009,specimen_3__2025_05_08-14_39_50__Clip_2__start,valid,,,,,,0
EGBM-v1,specimen_3,2025_05_08-14_39_50,valid,direct_ps,specimen_3__2025_05_08-14_39_50__Clip_2__end,,,,,,,,,,,,,,,,,,,1746708028_073565483,,,,,0.9995896220207214,0.9964931011199951,,,,,,,,,,,,,,,,,,,,12.225608807057142,specimen_3__2025_05_08-14_39_50__Clip_2__end,valid,,,,,,0
EGBM-v1,specimen_3,2025_05_08-14_39_50,valid,direct_ps,specimen_3__2025_05_08-14_39_50__Clip_3__start,,,,,,,,,,,,,,,,,,,1746708028_073565483,,,,,0.9995896220207214,0.9964931011199951,,,,,,,,,,,,,,,,,,,,12.22878322005272,specimen_3__2025_05_08-14_39_50__Clip_3__start,valid,,,,,,0
EGBM-v1,specimen_3,2025_05_08-14_39_50,valid,direct_ps,specimen_3__2025_05_08-14_39_50__Clip_3__end,,,,,,,,,,,,,,,,,,,1746708041_806072235,,,,,0.997236967086792,0.9964460730552673,,,,,,,,,,,,,,,,,,,,12.209585402160883,specimen_3__2025_05_08-14_39_50__Clip_3__end,valid,,,,,,0
EGBM-v1,specimen_3,2025_05_08-14_39_50,valid,direct_ps,specimen_3__2025_05_08-14_39_50__Clip_4__start,,,,,,,,,,,,,,,,,,,1746708041_806072235,,,,,0.997236967086792,0.9964460730552673,,,,,,,,,,,,,,,,,,,,12.20609899610281,specimen_3__2025_05_08-14_39_50__Clip_4__start,valid,,,,,,0
EGBM-v1,specimen_3,2025_05_08-14_39_50,valid,direct_ps,specimen_3__2025_05_08-14_39_50__Clip_4__end,0.0,,,0.0,,2.2426490783691406,2.2426490783691406,2.2426490783691406,2.2426490783691406,0.29901987314224243,0.0,-2.2426490783691406,0.0,0.0,0.0,0.0,0.0,0.0,1746708059_806899309,1.0,7.5,9.74264907836914,0.0,0.999995231628418,0.9965168237686157,2.2426490783691406,,1.0,0.0,0.0,0.0,0.0,0.0,100.0,100.0,100.0,7.5,7.5,100.0,100.0,100.0,9.74264907836914,9.74264907836914,-0.2990198771158854,12.23947899416089,specimen_3__2025_05_08-14_39_50__Clip_4__end,valid,1.0,1.0,1.0,1.0,1.0,1
EGBM-v1,specimen_3,2025_05_08-14_39_50,valid,direct_ps,specimen_3__2025_05_08-14_39_50__Clip_5__start,0.0,,,0.0,,2.2426490783691406,2.2426490783691406,2.2426490783691406,2.2426490783691406,0.29901987314224243,0.0,-2.2426490783691406,0.0,0.0,0.0,0.0,0.0,0.0,1746708059_806899309,1.0,7.5,9.74264907836914,0.0,0.999995231628418,0.9965168237686157,2.2426490783691406,,1.0,0.0,0.0,0.0,0.0,0.0,100.0,100.0,100.0,7.5,7.5,100.0,100.0,100.0,9.74264907836914,9.74264907836914,-0.2990198771158854,12.213158886879683,specimen_3__2025_05_08-14_39_50__Clip_5__start,valid,1.0,1.0,1.0,1.0,1.0,1
EGBM-v1,specimen_3,2025_05_08-14_39_50,valid,direct_ps,specimen_3__2025_05_08-14_39_50__Clip_5__end,0.0,,,0.0,,2.242786407470703,2.2405338287353516,2.242758274078369,2.2427806854248047,1.0461112260818481,0.0,-2.2393317222595215,0.0,0.0,0.0,0.0,0.0,0.0,1746708075_840823411,1.0,2.140625,4.3799567222595215,0.0,0.9993593692779541,0.994896650314331,2.2393317222595215,,1.0,0.0,0.0,0.0,100.0,0.0,100.0,0.0,0.0,2.140625,2.1806812286376953,100.0,100.0,12.5,4.3799567222595215,4.399721145629883,-1.0461111695226961,12.219729367643595,specimen_3__2025_05_08-14_39_50__Clip_5__end,valid,0.12519283592700958,0.12519283592700958,0.12519283592700958,0.12519283592700958,1.0,8
EGBM-v1,specimen_3,2025_05_08-14_50_11,valid,direct_ps,specimen_3__2025_05_08-14_50_11__Clip_1__start,0.0,,,0.0,,2.241588592529297,2.240785598754883,2.2415082454681396,2.241572618484497,0.33933699131011963,0.0,-2.2410378456115723,0.0,0.0,0.0,0.0,0.0,0.0,1746708617_239433050,1.0,6.604166507720947,8.84520435333252,0.0,0.9999954104423523,0.9963507056236267,2.2410380840301514,,1.0,0.0,0.0,0.0,0.0,0.0,100.0,100.0,100.0,6.604166507720947,6.604380130767822,100.0,100.0,100.0,8.84520435333252,8.845366477966309,-0.33933696901669114,12.194031849503517,specimen_3__2025_05_08-14_50_11__Clip_1__start,valid,0.3334152400493622,0.3334152400493622,0.3334152400493622,0.3334152400493622,1.0,3
EGBM-v1,specimen_3,2025_05_08-14_50_11,valid,direct_ps,specimen_3__2025_05_08-14_50_11__Clip_1__end,0.0,,,0.0,,2.2429161071777344,2.2429161071777344,2.2429161071777344,2.2429161071777344,0.7399311065673828,0.0,-2.2429161071777344,0.0,0.0,0.0,0.0,0.0,0.0,1746708631_207470893,1.0,3.03125,5.274166107177734,0.0,0.9999966621398926,0.9967219233512878,2.2429161071777344,,1.0,0.0,0.0,0.0,0.0,0.0,100.0,100.0,0.0,3.03125,3.03125,100.0,100.0,100.0,5.274166107177734,5.274166107177734,-0.7399310869039949,12.233479879796505,specimen_3__2025_05_08-14_50_11__Clip_1__end,valid,1.0,1.0,1.0,1.0,1.0,1
EGBM-v1,specimen_3,2025_05_08-14_50_11,valid,direct_ps,specimen_3__2025_05_08-14_50_11__Clip_2__start,0.0,,,0.0,,2.2429161071777344,2.2429161071777344,2.2429161071777344,2.2429161071777344,0.7399311065673828,0.0,-2.2429161071777344,0.0,0.0,0.0,0.0,0.0,0.0,1746708631_207470893,1.0,3.03125,5.274166107177734,0.0,0.9999966621398926,0.9967219233512878,2.2429161071777344,,1.0,0.0,0.0,0.0,0.0,0.0,100.0,100.0,0.0,3.03125,3.03125,100.0,100.0,100.0,5.274166107177734,5.274166107177734,-0.7399310869039949,12.265267316251993,specimen_3__2025_05_08-14_50_11__Clip_2__start,valid,1.0,1.0,1.0,1.0,1.0,1
EGBM-v1,specimen_3,2025_05_08-14_50_11,valid,direct_ps,specimen_3__2025_05_08-14_50_11__Clip_2__end,,,,,,,,,,,,,,,,,,,1746708644_406662940,,,,,0.999775230884552,0.9965514540672302,,,,,,,,,,,,,,,,,,,,12.23889784887433,specimen_3__2025_05_08-14_50_11__Clip_2__end,valid,,,,,,0
EGBM-v1,specimen_3,2025_05_08-14_50_11,valid,direct_ps,specimen_3__2025_05_08-14_50_11__Clip_3__start,,,,,,,,,,,,,,,,,,,1746708644_406662940,,,,,0.999775230884552,0.9965514540672302,,,,,,,,,,,,,,,,,,,,12.20978470519185,specimen_3__2025_05_08-14_50_11__Clip_3__start,valid,,,,,,0
EGBM-v1,specimen_3,2025_05_08-14_50_11,valid,direct_ps,specimen_3__2025_05_08-14_50_11__Clip_3__end,0.0,,,0.0,,1.5036277770996094,1.5036277770996094,1.5036277770996094,1.5036277770996094,0.4334782660007477,0.0,-1.5036277770996094,0.0,0.0,0.0,0.0,0.0,0.0,1746708658_240703105,1.0,3.46875,4.972377777099609,0.0,0.9999992847442627,0.9963705539703369,1.5036277770996094,,1.0,0.0,0.0,0.0,0.0,0.0,100.0,100.0,0.0,3.46875,3.46875,100.0,100.0,0.0,4.972377777099609,4.972377777099609,-0.4334782780827703,12.223225086927414,specimen_3__2025_05_08-14_50_11__Clip_3__end,valid,1.0,1.0,1.0,1.0,1.0,1
EGBM-v1,specimen_3,2025_05_08-14_50_11,valid,direct_ps,specimen_3__2025_05_08-14_50_11__Clip_4__start,0.0,,,0.0,,1.5036277770996094,1.5036277770996094,1.5036277770996094,1.5036277770996094,0.4334782660007477,0.0,-1.5036277770996094,0.0,0.0,0.0,0.0,0.0,0.0,1746708658_240703105,1.0,3.46875,4.972377777099609,0.0,0.9999992847442627,0.9963705539703369,1.5036277770996094,,1.0,0.0,0.0,0.0,0.0,0.0,100.0,100.0,0.0,3.46875,3.46875,100.0,100.0,0.0,4.972377777099609,4.972377777099609,-0.4334782780827703,12.241952121257782,specimen_3__2025_05_08-14_50_11__Clip_4__start,valid,1.0,1.0,1.0,1.0,1.0,1
EGBM-v1,specimen_3,2025_05_08-14_59_26,valid,direct_ps,specimen_3__2025_05_08-14_59_26__Clip_2__end,0.2,,,0.0,,2.244495391845703,2.2420616149902344,2.244202136993408,2.2444169521331787,0.9279868006706238,0.2413793103448276,-1.366147518157959,9.090909090909092,16.666666666666664,0.0,0.0,0.0,0.0,1746709304_905916452,0.8,2.4156250953674316,3.7817726135253906,1.8731015920639038,0.999972939491272,0.9959244132041931,2.175959825515747,,1.0,0.25,0.0,100.0,50.0,0.10344827586206896,73.33333333333333,40.0,6.666666666666667,2.4156250953674316,2.926102638244629,93.33333333333333,63.33333333333333,30.0,3.7817726135253906,4.132652759552002,-0.5655461688893241,12.283253949135542,specimen_3__2025_05_08-14_59_26__Clip_2__end,valid,0.04297245293855667,0.04297245293855667,0.12890742719173431,0.04297245293855667,0.896551724137931,30
EGBM-v1,specimen_3,2025_05_08-14_59_26,valid,direct_ps,specimen_3__2025_05_08-14_59_26__Clip_3__start,0.2,,,0.0,,2.244495391845703,2.2420616149902344,2.244202136993408,2.2444169521331787,0.9279868006706238,0.2413793103448276,-1.366147518157959,9.090909090909092,16.666666666666664,0.0,0.0,0.0,0.0,1746709304_905916452,0.8,2.4156250953674316,3.7817726135253906,1.8731015920639038,0.999972939491272,0.9959244132041931,2.175959825515747,,1.0,0.25,0.0,100.0,50.0,0.10344827586206896,73.33333333333333,40.0,6.666666666666667,2.4156250953674316,2.926102638244629,93.33333333333333,63.33333333333333,30.0,3.7817726135253906,4.132652759552002,-0.5655461688893241,12.241641990840435,specimen_3__2025_05_08-14_59_26__Clip_3__start,valid,0.04297245293855667,0.04297245293855667,0.12890742719173431,0.04297245293855667,0.896551724137931,30
EGBM-v1,specimen_3,2025_05_08-14_59_26,valid,direct_ps,specimen_3__2025_05_08-14_59_26__Clip_3__end,0.0,,,0.0,,1.488962173461914,1.4886388778686523,1.4889298677444458,1.4889557361602783,0.8431228995323181,0.0,-1.4886388778686523,0.0,0.0,0.0,0.0,0.0,0.0,1746709328_040919780,1.0,1.765625,3.2542638778686523,0.0,0.995982825756073,0.9883718490600586,1.4886388778686523,,1.0,0.0,0.0,0.0,100.0,0.0,100.0,0.0,0.0,1.765625,1.7667309045791626,100.0,100.0,0.0,3.2542638778686523,3.2548701763153076,-0.8431229042795907,12.212098110467196,specimen_3__2025_05_08-14_59_26__Clip_3__end,valid,0.5001085996627808,0.5001085996627808,0.5001085996627808,0.5001085996627808,1.0,2
EGBM-v2,specimen_1,2025_03_06-16_54_09,valid,,specimen_1__2025_03_06-16_54_09__Clip_1__start,0.3242417117328944,7.163326740264893,7.007280349731445,0.0,,2.2457427978515625,2.1620426177978516,2.2450454235076904,2.2455508708953857,0.48045581579208374,0.47643979057591623,-0.6023514270782471,23.811639271434917,15.162454873646208,0.0,0.0,0.0,0.0,1741276454_605849504,0.6592993181283799,3.457198143005371,4.108707904815674,1.338483214378357,0.9150674939155579,0.9723891615867615,1.6324286460876465,0.9664678573608398,0.9380238200264667,0.4917974322396576,0.016458970138725604,75.383267630311,18.336483931947072,0.22213911742707554,49.64711071901191,18.328187031318922,14.512571680635201,3.68280291557312,7.9095139503479,75.78297309219234,30.524922805469785,14.777238641376266,4.285154342651367,7.661013603210449,-0.1635578772166006,27.119727805256844,specimen_1__2025_03_06-16_54_09__Clip_1__start,valid,0.001959952525794506,0.02204849198460579,0.2218543142080307,0.11070944368839264,0.7648965345300424,4534
EGBM-v2,specimen_1,2025_03_06-16_54_09,usable_with_warning,,specimen_1__2025_03_06-16_54_09__Clip_1__end,0.45751779359430605,14.400006294250488,14.194802284240723,0.0,,2.2460289001464844,2.1683483123779297,2.245306968688965,2.245680809020996,0.2034503072500229,0.5748769627372862,-0.07527732849121094,13.181019332161686,6.215410813111963,0.0,0.0,0.0,0.0,1741276472_500830173,0.5269128113879004,7.937597274780273,8.043091773986816,1.6281872987747192,0.9015417098999023,0.973722517490387,1.5663342475891113,0.9594268798828125,0.9343308395677473,0.8682988602785986,0.015569395017793594,72.38912732474965,14.859926918392205,0.15865947972814623,70.94763092269328,48.81546134663341,44.763092269326684,8.566110610961914,13.68399429321289,82.62676641729011,53.38736492103075,43.557772236076474,8.641387939453125,13.191533088684082,-0.008787807198622878,16.459032893180847,specimen_1__2025_03_06-16_54_09__Clip_1__end,usable_with_warning,0.002416660077869892,0.028997091576457024,0.2903096079826355,0.14493364095687866,0.833372392781814,4812
EGBM-v2,specimen_1,2025_03_06-16_53_09,usable_with_warning,,specimen_1__2025_03_06-16_53_09__Clip_1__start,0.28978880905726107,6.402213096618652,6.245697975158691,0.0,,2.245880126953125,2.2282419204711914,2.245105743408203,2.2456259727478027,0.703322172164917,0.4263853466264781,-0.7908883094787598,29.411764705882355,18.088737201365188,0.0,0.0,0.0,0.0,1741276395_521808385,0.6973655562812976,2.423027515411377,3.2573862075805664,1.3453041315078735,0.9516648650169373,0.9810166954994202,1.7353497743606567,0.9785750508308411,0.9641057934508817,0.4155479238214174,0.012845634661441323,79.94762439206883,18.38200095739588,0.22420588917226988,43.89168765743073,12.300587741393787,9.739714525608733,2.597597122192383,6.012139320373535,75.83963056255247,26.19647355163728,9.71872376154492,3.3884854316711426,5.860305309295654,-0.30446919682881646,16.48774603381753,specimen_1__2025_03_06-16_53_09__Clip_1__start,usable_with_warning,0.001614872133359313,0.01897347904741764,0.19209077954292297,0.09606371819972992,0.763273823324832,4764
EGBM-v2,specimen_1,2025_03_06-16_53_09,usable_with_warning,,specimen_1__2025_03_06-16_53_09__Clip_1__end,0.6284567350579839,10.891024589538574,10.288890838623047,0.0,,2.2460403442382812,2.212820053100586,2.24542236328125,2.2458081245422363,0.14331747591495514,0.7473585348673397,0.5502996444702148,11.328334226031066,3.3261026753434564,0.0,0.0,0.0,0.0,1741276413_300344467,0.35950044603033005,13.104289054870605,12.557841300964355,1.849326252937317,0.8447078466415405,0.9573760032653809,1.4950875043869019,0.9255961775779724,0.8811161328355276,1.748138957816377,0.012042818911685994,70.99630996309963,13.00043047783039,0.14557407842216483,73.3739438003537,54.352525054038125,51.69974454706229,12.951199531555176,18.628883361816406,83.96541560227942,58.47907250933386,51.20848889762232,12.400899887084961,17.501781463623047,0.042490245257161524,16.467745881527662,specimen_1__2025_03_06-16_53_09__Clip_1__end,usable_with_warning,0.0046453215181827545,0.04643160477280617,0.4691755175590515,0.23564432561397552,0.8455036393519606,5089
EGBM-v2,specimen_1,2025_03_06-16_49_40,valid,,specimen_1__2025_03_06-16_49_40__Clip_1__start,0.3288710397144132,8.47408390045166,7.906640529632568,0.0,,2.2459449768066406,2.2003555297851562,2.245051860809326,2.245640754699707,0.4604174494743347,0.4882775119617225,-0.5831427574157715,25.90554791380101,16.875712656784494,0.0,0.0,0.0,0.0,1741276188_715718030,0.6523873270861222,3.5510761737823486,4.198197841644287,1.3899469375610352,0.9249802827835083,0.9734697937965393,1.643040657043457,0.9690650701522827,0.9481700867357732,0.5041039671682627,0.018741633199464525,76.7871170463472,14.597402597402597,0.234688995215311,46.13920033848107,18.552993441929342,14.44891051406812,3.81040096282959,8.4707670211792,75.54474296594034,27.31119103025175,13.814258514914322,4.393543720245361,8.17712116241455,-0.153039736002673,16.467174980789423,specimen_1__2025_03_06-16_49_40__Clip_1__start,valid,0.0018672923324629664,0.02193930186331272,0.2202300727367401,0.11014127731323242,0.7555023923444976,4727
EGBM-v2,specimen_1,2025_03_06-17_35_04,valid,,specimen_1__2025_03_06-17_35_04__Clip_1__start,0.19863013698630136,4.1044921875,5.788024425506592,0.0,,2.2458038330078125,2.2445449829101562,2.245337963104248,2.2455804347991943,1.1762478351593018,0.3321554770318021,-1.2170735597610474,24.736842105263158,19.565217391304348,0.0,0.0,0.0,0.0,1741278916_817303895,0.797945205479452,1.6769381761550903,2.868007183074951,1.824063777923584,0.956535816192627,0.9751686453819275,2.0364511013031006,0.9735034704208374,0.9636963696369637,0.24892703862660945,0.003424657534246575,91.1504424778761,42.4124513618677,0.19434628975265017,62.70627062706271,15.181518151815181,3.9603960396039604,1.8051258325576782,2.6155025959014893,81.1881188118812,48.18481848184818,13.2013201320132,3.0221993923187256,3.7043330669403076,-0.6742319775217991,16.421017237007618,specimen_1__2025_03_06-17_35_04__Clip_1__start,valid,0.004731616470962763,0.014194431714713573,0.14191962778568268,0.07096365094184875,0.7950530035335689,303
EGBM-v2,specimen_1,2025_03_06-16_56_00,valid,,specimen_1__2025_03_06-16_56_00__Clip_1__start,0.3163105784262637,4.1268696784973145,3.6513893604278564,0.0,,2.2461090087890625,2.109029769897461,2.245337963104248,2.245929718017578,0.8880216479301453,0.5618166526492852,-0.5385831594467163,34.23728813559322,18.23204419889503,0.0,0.0,0.0,0.0,1741276567_498016595,0.6581552892131318,1.8069095611572266,2.3745083808898926,1.196334958076477,0.8890907764434814,0.9610106348991394,1.4712436199188232,0.950514018535614,0.9125059438896814,0.4806017418844022,0.02553413236060448,67.69293924466339,11.52445369406868,0.34763106251752174,42.0827389443652,8.606752258678078,6.3242986210175935,1.871444821357727,4.277699947357178,66.88064669519733,17.57013789824061,6.609605325725154,2.4100279808044434,4.159636974334717,-0.28779002901938405,16.475808806717396,specimen_1__2025_03_06-16_56_00__Clip_1__start,valid,0.0024123615585267544,0.025328876450657845,0.2531142234802246,0.12660609185695648,0.6425567703952901,4206
EGBM-v2,specimen_1,2025_03_06-16_56_00,valid,,specimen_1__2025_03_06-16_56_00__Clip_1__end,0.32754475020037405,4.686069488525391,4.222131252288818,0.0,,2.245990753173828,2.1296520233154297,2.2452712059020996,2.2457237243652344,0.6726527810096741,0.5088226786230836,-0.5259466171264648,26.74897119341564,17.34375,0.0,0.0,0.0,0.0,1741276586_132390499,0.6524178466470746,2.451817512512207,3.014066696166992,1.3606677055358887,0.9070643782615662,0.967505156993866,1.5477381944656372,0.9608708620071411,0.93248629795715,0.502047502047502,0.02003740315255143,70.86956521739131,15.767634854771783,0.2354642753832803,48.4304932735426,15.944195316392626,10.961634280019931,2.5308568477630615,5.1624884605407715,72.02291978076731,26.432486297957148,12.855007473841553,3.0568034648895264,4.985833168029785,-0.20781365709851635,16.45466685295105,specimen_1__2025_03_06-16_56_00__Clip_1__end,valid,0.002373340306803584,0.023731989786028862,0.23778866231441498,0.11863719671964645,0.7494937807347412,4014
EGBM-v2,specimen_1,2025_03_06-16_56_00,valid,,specimen_1__2025_03_06-16_56_00__Clip_2__start,0.32754475020037405,4.686069488525391,4.222131252288818,0.0,,2.245990753173828,2.1296520233154297,2.2452712059020996,2.2457237243652344,0.6726527810096741,0.5088226786230836,-0.5259466171264648,26.74897119341564,17.34375,0.0,0.0,0.0,0.0,1741276586_132390499,0.6524178466470746,2.451817512512207,3.014066696166992,1.3606677055358887,0.9070643782615662,0.967505156993866,1.5477381944656372,0.9608708620071411,0.93248629795715,0.502047502047502,0.02003740315255143,70.86956521739131,15.767634854771783,0.2354642753832803,48.4304932735426,15.944195316392626,10.961634280019931,2.5308568477630615,5.1624884605407715,72.02291978076731,26.432486297957148,12.855007473841553,3.0568034648895264,4.985833168029785,-0.20781365709851635,16.462589148432016,specimen_1__2025_03_06-16_56_00__Clip_2__start,valid,0.002373340306803584,0.023731989786028862,0.23778866231441498,0.11863719671964645,0.7494937807347412,4014
EGBM-v2,specimen_1,2025_03_06-16_56_00,usable_with_warning,,specimen_1__2025_03_06-16_56_00__Clip_2__end,0.41637862270672693,5.347502708435059,4.620490550994873,0.0,,2.2460899353027344,2.178028106689453,2.245415687561035,2.2458767890930176,0.49134039878845215,0.5705765407554672,-0.2744314670562744,29.401088929219597,18.671679197994987,0.0,0.0,0.0,0.0,1741276596_839815616,0.565806966232385,3.4315524101257324,3.7666049003601074,1.4451696872711182,0.9093133211135864,0.9698958396911621,1.5814523696899414,0.9622424840927124,0.9374376869391825,0.7359022556390977,0.01781441106088806,71.62610619469027,13.59676415681394,0.22635614882135757,54.93519441674975,19.890329012961118,14.132602193419741,3.540912389755249,7.26245641708374,71.061814556331,27.06879361914257,14.631106679960121,3.8153438568115234,6.770201683044434,-0.0775030378752871,16.422107815742493,specimen_1__2025_03_06-16_56_00__Clip_2__end,usable_with_warning,0.0026657734997570515,0.02665632776916027,0.2670961916446686,0.13325314223766327,0.7602953706333428,4012
EGBM-v2,specimen_1,2025_03_06-16_56_00,usable_with_warning,,specimen_1__2025_03_06-16_56_00__Clip_3__start,0.41637862270672693,5.347502708435059,4.620490550994873,0.0,,2.2460899353027344,2.178028106689453,2.245415687561035,2.2458767890930176,0.49134039878845215,0.5705765407554672,-0.2744314670562744,29.401088929219597,18.671679197994987,0.0,0.0,0.0,0.0,1741276596_839815616,0.565806966232385,3.4315524101257324,3.7666049003601074,1.4451696872711182,0.9093133211135864,0.9698958396911621,1.5814523696899414,0.9622424840927124,0.9374376869391825,0.7359022556390977,0.01781441106088806,71.62610619469027,13.59676415681394,0.22635614882135757,54.93519441674975,19.890329012961118,14.132602193419741,3.540912389755249,7.26245641708374,71.061814556331,27.06879361914257,14.631106679960121,3.8153438568115234,6.770201683044434,-0.0775030378752871,16.500646248459816,specimen_1__2025_03_06-16_56_00__Clip_3__start,usable_with_warning,0.0026657734997570515,0.02665632776916027,0.2670961916446686,0.13325314223766327,0.7602953706333428,4012
EGBM-v2,specimen_1,2025_03_06-16_56_00,usable_with_warning,,specimen_1__2025_03_06-16_56_00__Clip_3__end,0.4195842450765864,5.735629558563232,5.047732830047607,0.0,,2.246063232421875,2.2010765075683594,2.245194911956787,2.2457425594329834,0.4055287837982178,0.5922661359112881,-0.2125229835510254,25.953859804791477,20.469798657718123,0.0,0.0,0.0,0.0,1741276607_378000020,0.5599015317286652,4.158022403717041,4.438473701477051,1.4972432851791382,0.9116181135177612,0.9706332087516785,1.5270682573318481,0.9609515070915222,0.9359959037378393,0.7493893502686859,0.020514223194748358,74.09200968523002,16.899070385126162,0.2544782485072505,57.70609318996416,22.887864823348693,16.538658474142345,4.268689155578613,9.035452842712402,74.06554019457245,31.23399897593446,15.745007680491552,4.481212139129639,8.510010719299316,-0.049786474443398135,16.49361476302147,specimen_1__2025_03_06-16_56_00__Clip_3__end,usable_with_warning,0.0021516606211662292,0.027969563379883766,0.279475599527359,0.1397998183965683,0.7313050895649701,3906
EGBM-v2,specimen_1,2025_03_06-16_56_00,usable_with_warning,,specimen_1__2025_03_06-16_56_00__Clip_4__start,0.4195842450765864,5.735629558563232,5.047732830047607,0.0,,2.246063232421875,2.2010765075683594,2.245194911956787,2.2457425594329834,0.4055287837982178,0.5922661359112881,-0.2125229835510254,25.953859804791477,20.469798657718123,0.0,0.0,0.0,0.0,1741276607_378000020,0.5599015317286652,4.158022403717041,4.438473701477051,1.4972432851791382,0.9116181135177612,0.9706332087516785,1.5270682573318481,0.9609515070915222,0.9359959037378393,0.7493893502686859,0.020514223194748358,74.09200968523002,16.899070385126162,0.2544782485072505,57.70609318996416,22.887864823348693,16.538658474142345,4.268689155578613,9.035452842712402,74.06554019457245,31.23399897593446,15.745007680491552,4.481212139129639,8.510010719299316,-0.049786474443398135,16.490980982780457,specimen_1__2025_03_06-16_56_00__Clip_4__start,usable_with_warning,0.0021516606211662292,0.027969563379883766,0.279475599527359,0.1397998183965683,0.7313050895649701,3906
EGBM-v2,specimen_1,2025_03_06-16_56_00,usable_with_warning,,specimen_1__2025_03_06-16_56_00__Clip_5__end,0.48596785799952025,7.81285285949707,7.429588317871094,0.0,,2.245929718017578,2.205751419067383,2.2451553344726562,2.2456936836242676,0.31038591265678406,0.6374531835205992,-0.01438283920288086,30.060321715817693,16.85288640595903,0.0,0.0,0.0,0.0,1741276628_081543684,0.492204365555289,5.440314292907715,5.484179973602295,1.5387263298034668,0.9012776017189026,0.9701777696609497,1.5495693683624268,0.9571158289909363,0.9283010465375194,0.9873294346978557,0.021827776445190693,71.99734571997347,17.968978636230613,0.2706616729088639,66.44399910932977,23.91449565798263,18.90447561790247,5.604083061218262,12.093860626220703,70.63014918726341,33.55600089067023,18.236472945891784,5.618465900421143,11.464155197143555,-0.002566492867033666,16.50871802121401,specimen_1__2025_03_06-16_56_00__Clip_5__end,usable_with_warning,0.0028181839734315872,0.030997931957244873,0.3159840703010559,0.15774664282798767,0.7128589263420724,4491
EGBM-v2,specimen_1,2025_03_06-17_10_48,usable_with_warning,,specimen_1__2025_03_06-17_10_48__Clip_1__start,0.2922636103151863,7.34765625,6.247063636779785,0.0,,2.246112823486328,2.244068145751953,2.2456207275390625,2.245936632156372,0.8319727182388306,0.48484848484848486,-0.799708366394043,29.145728643216078,2.083333333333333,0.0,0.0,0.0,0.0,1741277458_715820312,0.6905444126074498,2.3041493892669678,3.145737409591675,1.519568920135498,0.9124189019203186,0.9538801908493042,1.8738290071487427,0.9467505216598511,0.9407008086253369,0.42323651452282157,0.017191977077363897,85.46511627906976,27.86377708978328,0.33636363636363636,53.63881401617251,12.93800539083558,9.973045822102426,2.4129042625427246,4.858170509338379,77.62803234501348,36.92722371967655,12.398921832884097,3.2126126289367676,4.722034454345703,-0.33142979554079294,16.490411013364792,specimen_1__2025_03_06-17_10_48__Clip_1__start,usable_with_warning,0.004970937967300415,0.014910298399627209,0.18384291231632233,0.08944477885961533,0.6575757575757576,371
EGBM-v2,specimen_1,2025_03_06-17_10_48,usable_with_warning,,specimen_1__2025_03_06-17_10_48__Clip_1__end,0.3674033149171271,4.7734375,3.0887842178344727,0.0,,2.2461013793945312,2.244314193725586,2.2455265522003174,2.2457773685455322,0.8168260455131531,0.5255681818181818,-0.5369374752044678,29.77941176470588,20.689655172413794,0.0,0.0,0.0,0.0,1741277472_074031114,0.6104972375690608,2.4690027236938477,3.0298924446105957,1.4363435506820679,0.9420820474624634,0.9635511040687561,1.7754350900650024,0.9606441855430603,0.9653333333333334,0.6018099547511312,0.022099447513812154,98.05825242718447,22.916666666666664,0.32670454545454547,72.53333333333333,23.200000000000003,7.733333333333333,2.4935834407806396,4.106728553771973,77.86666666666666,36.0,17.333333333333336,3.0305209159851074,4.29239559173584,-0.21532765514210123,16.482158098369837,specimen_1__2025_03_06-17_10_48__Clip_1__end,usable_with_warning,0.005720127373933792,0.017160169780254364,0.21159623563289642,0.10294751077890396,0.65625,375
EGBM-v2,specimen_1,2025_03_06-17_46_07,valid,direct_polaris,specimen_1__2025_03_06-17_46_07__Clip_1__start,0.21307506053268765,2.0479166507720947,3.0553550720214844,0.0,,2.2461013793945312,2.2440147399902344,2.2456679344177246,2.2460246086120605,1.3863134384155273,0.4263959390862944,-1.1975765228271484,22.857142857142858,62.96296296296296,0.0,0.0,0.0,0.0,1741279573_107909202,0.7796610169491526,1.5500156879425049,2.754758358001709,1.496931552886963,0.9839077591896057,0.9878606796264648,1.945470929145813,0.990493893623352,1.0,0.2732919254658385,0.007263922518159807,99.40476190476191,42.487046632124354,0.30710659898477155,59.32203389830508,6.5375302663438255,2.4213075060532687,1.5680992603302002,2.2942097187042236,86.19854721549636,42.13075060532688,3.631961259079903,2.7656757831573486,3.2361185550689697,-0.7637121916472115,16.474886797368526,specimen_1__2025_03_06-17_46_07__Clip_1__start,valid,0.0035852910950779915,0.014340439811348915,0.14695245027542114,0.07169029861688614,0.6878172588832487,413
EGBM-v2,specimen_1,2025_03_06-17_46_07,valid,direct_polaris,specimen_1__2025_03_06-17_46_07__Clip_2__end,0.315450643776824,3.483630895614624,5.359160423278809,0.0,,2.246002197265625,2.2445220947265625,2.2456092834472656,2.2457969188690186,1.1740338802337646,0.5990783410138248,-0.7003965377807617,32.61648745519714,37.62376237623762,0.0,0.0,0.0,0.0,1741279592_460282802,0.6673819742489271,1.777187466621399,2.4227445125579834,1.6109082698822021,0.9768370985984802,0.9833388328552246,1.8229364156723022,0.9870651960372925,0.9893842887473461,0.47266881028938906,0.017167381974248927,93.22916666666666,22.702702702702705,0.4032258064516129,59.23566878980891,21.443736730360936,7.855626326963907,1.8532710075378418,2.5064585208892822,77.91932059447984,31.210191082802545,11.8895966029724,2.5536675453186035,3.2205731868743896,-0.37792451019415213,16.494897194206715,specimen_1__2025_03_06-17_46_07__Clip_2__end,valid,0.003961263224482536,0.01584431901574135,0.1861286759376526,0.09109367430210114,0.5852534562211982,471
EGBM-v2,specimen_1,2025_03_06-17_46_07,valid,direct_polaris,specimen_1__2025_03_06-17_46_07__Clip_3__start,0.315450643776824,3.483630895614624,5.359160423278809,0.0,,2.246002197265625,2.2445220947265625,2.2456092834472656,2.2457969188690186,1.1740338802337646,0.5990783410138248,-0.7003965377807617,32.61648745519714,37.62376237623762,0.0,0.0,0.0,0.0,1741279592_460282802,0.6673819742489271,1.777187466621399,2.4227445125579834,1.6109082698822021,0.9768370985984802,0.9833388328552246,1.8229364156723022,0.9870651960372925,0.9893842887473461,0.47266881028938906,0.017167381974248927,93.22916666666666,22.702702702702705,0.4032258064516129,59.23566878980891,21.443736730360936,7.855626326963907,1.8532710075378418,2.5064585208892822,77.91932059447984,31.210191082802545,11.8895966029724,2.5536675453186035,3.2205731868743896,-0.37792451019415213,16.464282292872667,specimen_1__2025_03_06-17_46_07__Clip_3__start,valid,0.003961263224482536,0.01584431901574135,0.1861286759376526,0.09109367430210114,0.5852534562211982,471
EGBM-v2,specimen_1,2025_03_06-17_46_07,valid,direct_polaris,specimen_1__2025_03_06-17_46_07__Clip_3__end,0.33410672853828305,3.070833444595337,4.637570381164551,0.0,,2.2458877563476562,2.243022918701172,2.245332717895508,2.245586395263672,1.1778210401535034,0.5617433414043583,-0.6728336811065674,36.67953667953668,39.24050632911392,0.0,0.0,0.0,0.0,1741279602_670526742,0.642691415313225,1.7725735902786255,2.413175106048584,1.5853549242019653,0.9681413769721985,0.9840277433395386,1.871309518814087,0.9892092347145081,1.0,0.51985559566787,0.02320185614849188,93.6046511627907,24.431818181818183,0.36561743341404357,60.092807424593964,18.329466357308586,4.176334106728538,1.8177566528320312,2.592578172683716,75.4060324825986,31.09048723897912,10.672853828306264,2.4905903339385986,3.152916669845581,-0.3701450796828635,16.45586872473359,specimen_1__2025_03_06-17_46_07__Clip_3__end,valid,0.004331952892243862,0.017326222732663155,0.18621638417243958,0.09095088392496109,0.6174334140435835,431
EGBM-v2,specimen_1,2025_03_06-17_46_07,valid,direct_polaris,specimen_1__2025_03_06-17_46_07__Clip_4__start,0.33410672853828305,3.070833444595337,4.637570381164551,0.0,,2.2458877563476562,2.243022918701172,2.245332717895508,2.245586395263672,1.1778210401535034,0.5617433414043583,-0.6728336811065674,36.67953667953668,39.24050632911392,0.0,0.0,0.0,0.0,1741279602_670526742,0.642691415313225,1.7725735902786255,2.413175106048584,1.5853549242019653,0.9681413769721985,0.9840277433395386,1.871309518814087,0.9892092347145081,1.0,0.51985559566787,0.02320185614849188,93.6046511627907,24.431818181818183,0.36561743341404357,60.092807424593964,18.329466357308586,4.176334106728538,1.8177566528320312,2.592578172683716,75.4060324825986,31.09048723897912,10.672853828306264,2.4905903339385986,3.152916669845581,-0.3701450796828635,16.45603869110346,specimen_1__2025_03_06-17_46_07__Clip_4__start,valid,0.004331952892243862,0.017326222732663155,0.18621638417243958,0.09095088392496109,0.6174334140435835,431
EGBM-v2,specimen_1,2025_03_06-17_46_07,valid,direct_polaris,specimen_1__2025_03_06-17_46_07__Clip_4__end,0.3254156769596199,4.293981552124023,6.311873912811279,0.0,,2.2459182739257812,2.2447509765625,2.2456626892089844,2.2458457946777344,1.0878006219863892,0.48129675810473815,-0.7077534198760986,27.92207792207792,54.87804878048781,0.0,0.0,0.0,0.0,1741279610_874241590,0.6603325415676959,1.84608793258667,2.465627670288086,1.8500498533248901,0.9787197113037109,0.9906680583953857,2.0009260177612305,0.9885042309761047,0.9836448598130841,0.49280575539568344,0.014251781472684086,91.66666666666666,41.32947976878613,0.2543640897755611,71.96261682242991,19.158878504672895,4.906542056074766,2.0005111694335938,2.6505231857299805,77.57009345794393,42.05607476635514,9.11214953271028,2.7082645893096924,3.367814540863037,-0.35378628756993413,16.463860869407654,specimen_1__2025_03_06-17_46_07__Clip_4__end,valid,0.004035430494695902,0.01614130288362503,0.1694619059562683,0.08473647385835648,0.7256857855361596,428
EGBM-v2,specimen_1,2025_03_06-17_46_07,valid,direct_polaris,specimen_1__2025_03_06-17_46_07__Clip_5__start,0.3254156769596199,4.293981552124023,6.311873912811279,0.0,,2.2459182739257812,2.2447509765625,2.2456626892089844,2.2458457946777344,1.0878006219863892,0.48129675810473815,-0.7077534198760986,27.92207792207792,54.87804878048781,0.0,0.0,0.0,0.0,1741279610_874241590,0.6603325415676959,1.84608793258667,2.465627670288086,1.8500498533248901,0.9787197113037109,0.9906680583953857,2.0009260177612305,0.9885042309761047,0.9836448598130841,0.49280575539568344,0.014251781472684086,91.66666666666666,41.32947976878613,0.2543640897755611,71.96261682242991,19.158878504672895,4.906542056074766,2.0005111694335938,2.6505231857299805,77.57009345794393,42.05607476635514,9.11214953271028,2.7082645893096924,3.367814540863037,-0.35378628756993413,16.484462190419436,specimen_1__2025_03_06-17_46_07__Clip_5__start,valid,0.004035430494695902,0.01614130288362503,0.1694619059562683,0.08473647385835648,0.7256857855361596,428
EGBM-v2,specimen_1,2025_03_06-17_46_07,valid,direct_polaris,specimen_1__2025_03_06-17_46_07__Clip_5__end,0.32571428571428573,,,0.0,,2.2459373474121094,2.2447776794433594,2.2457144260406494,2.245830535888672,1.025014042854309,0.5427728613569321,-0.6355898380279541,25.738396624472575,36.666666666666664,0.0,0.0,0.0,0.0,1741279619_639563798,0.6514285714285715,2.1320536136627197,2.767643451690674,1.8512892723083496,0.9831931591033936,0.990932285785675,1.900852084159851,0.9940980076789856,1.0,0.5,0.022857142857142857,88.49557522123894,33.84615384615385,0.30678466076696165,67.71428571428572,25.71428571428571,4.571428571428571,2.1320536136627197,2.7411246299743652,78.85714285714286,41.42857142857143,18.285714285714285,2.767643451690674,3.380859136581421,-0.2981115643410369,16.455268021672964,specimen_1__2025_03_06-17_46_07__Clip_5__end,valid,0.005179163999855518,0.015536735765635967,0.18123029172420502,0.08803435415029526,0.672566371681416,350
EGBM-v2,specimen_1,2025_03_06-17_43_05,valid,direct_polaris,specimen_1__2025_03_06-17_43_05__Clip_1__start,0.16159250585480095,2.88043475151062,4.491818428039551,0.0,,2.2460594177246094,2.243946075439453,2.245647430419922,2.245936155319214,1.3512988090515137,0.40601503759398494,-1.2799898386001587,15.637860082304528,31.428571428571427,0.0,0.0,0.0,0.0,1741279397_014175891,0.8337236533957846,1.5587064027786255,2.820374011993408,1.6569597721099854,0.9623041749000549,0.9737403392791748,1.8990795612335205,0.9748626947402954,0.9726651480637813,0.19382022471910113,0.00468384074941452,98.9795918367347,34.959349593495936,0.3057644110275689,55.35307517084283,15.945330296127564,1.5945330296127564,1.627954125404358,2.1511824131011963,90.8883826879271,40.31890660592255,13.66742596810934,2.9079439640045166,3.3002679347991943,-0.7862567001279779,16.491272021085024,specimen_1__2025_03_06-17_43_05__Clip_1__start,valid,0.003321337513625622,0.013284589163959026,0.14278262853622437,0.06973764300346375,0.6867167919799498,439
EGBM-v2,specimen_1,2025_03_06-17_03_37,valid,,specimen_1__2025_03_06-17_03_37__Clip_1__start,0.34868421052631576,,,0.0,,2.246105194091797,2.244047164916992,2.2458138465881348,2.2460763454437256,1.3862169981002808,0.6733333333333333,-0.6329025030136108,48.0,0.0,0.0,0.0,0.0,0.0,1741277038_994503974,0.618421052631579,1.532997488975525,2.1658999919891357,0.9885363578796387,0.9812270998954773,0.9888095855712891,1.5810489654541016,0.9929966330528259,1.0,0.5638297872340425,0.03289473684210526,100.0,20.14388489208633,0.62,65.78947368421053,8.552631578947368,2.631578947368421,1.532997488975525,1.9732364416122437,68.42105263157895,26.973684210526315,8.552631578947368,2.1658999919891357,2.9299232959747314,-0.41285292870020834,16.4523939602077,specimen_1__2025_03_06-17_03_37__Clip_1__start,valid,0.015095475129783154,0.015095475129783154,0.22638994455337524,0.10565655678510666,0.38,152
EGBM-v2,specimen_1,2025_03_06-17_03_37,valid,,specimen_1__2025_03_06-17_03_37__Clip_1__end,0.38846153846153847,2.51953125,3.912522792816162,0.0,,2.2457542419433594,2.244396209716797,2.2453670501708984,2.2456212043762207,0.9256442189216614,0.7120315581854043,-0.19042515754699707,23.867069486404834,54.54545454545454,0.0,0.0,0.0,0.0,1741277054_444179058,0.5903846153846154,2.246960163116455,2.362517833709717,1.8576091527938843,0.9372998476028442,0.9580849409103394,1.5614840984344482,0.9525554776191711,0.9523809523809523,0.6579804560260586,0.021153846153846155,91.16279069767442,20.843672456575682,0.4181459566074951,60.62271062271062,26.190476190476193,10.805860805860807,2.262934923171997,3.374509811401367,82.05128205128204,27.28937728937729,7.326007326007327,2.453360080718994,3.208645820617676,-0.08414963930119328,16.467066016048193,specimen_1__2025_03_06-17_03_37__Clip_1__end,valid,0.004683119244873524,0.023412076756358147,0.2528066635131836,0.12641149759292603,0.5779092702169625,546
EGBM-v2,specimen_1,2025_03_06-17_50_08,valid,direct_polaris,specimen_1__2025_03_06-17_50_08__Clip_1__start,0.18711018711018712,3.263962745666504,4.490279197692871,0.0,,2.2460556030273438,2.244110107421875,2.2456774711608887,2.2459800243377686,1.3068996667861938,0.367032967032967,-1.2182769775390625,22.794117647058822,38.2716049382716,0.0,0.0,0.0,0.0,1741279814_889631032,0.7983367983367984,1.4601329565048218,2.6775450706481934,1.7637145519256592,0.9811124205589294,0.9852809906005859,1.948823094367981,0.9914077520370483,0.993801652892562,0.234375,0.014553014553014554,94.81132075471697,35.98014888337469,0.24175824175824176,56.19834710743802,16.735537190082646,5.991735537190083,1.635298252105713,2.209825038909912,84.91735537190083,40.289256198347104,10.330578512396695,2.8535752296447754,3.4129981994628906,-0.7449876351120246,16.47935388609767,specimen_1__2025_03_06-17_50_08__Clip_1__start,valid,0.0030001553241163492,0.012000126764178276,0.14396889507770538,0.07199110090732574,0.756043956043956,484
EGBM-v2,specimen_1,2025_03_06-17_50_08,valid,direct_polaris,specimen_1__2025_03_06-17_50_08__Clip_1__end,0.37518463810930575,2.198214292526245,3.350306510925293,0.0,,2.245880126953125,2.2419204711914062,2.245469570159912,2.2457761764526367,0.8529474139213562,0.5622119815668203,-0.35164880752563477,23.16258351893096,42.78350515463917,0.0,0.0,0.0,0.0,1741279833_122301101,0.6115214180206795,2.296557903289795,2.607604503631592,1.8271868228912354,0.893162190914154,0.9527348875999451,1.73600435256958,0.944104790687561,0.9337931034482758,0.6135265700483091,0.013293943870014771,81.15942028985508,25.423728813559322,0.2457757296466974,61.93103448275862,26.75862068965517,9.379310344827587,2.2918102741241455,3.43481707572937,78.48275862068965,33.93103448275862,11.448275862068966,2.6434590816497803,3.3770737648010254,-0.15343713722551636,16.47338503971696,specimen_1__2025_03_06-17_50_08__Clip_1__end,valid,0.003121291985735297,0.021847227588295937,0.22466616332530975,0.11234260350465775,0.7419354838709677,725
EGBM-v2,specimen_1,2025_03_06-17_04_37,valid,,specimen_1__2025_03_06-17_04_37__Clip_1__start,0.25146198830409355,,,0.0,,2.2461318969726562,2.244884490966797,2.246013641357422,2.246098756790161,1.8779782056808472,0.7928994082840237,-0.5509400367736816,33.0188679245283,37.5,0.0,0.0,0.0,0.0,1741277089_267859220,0.6549707602339181,1.2069052457809448,1.7578452825546265,1.0450493097305298,0.9154300689697266,0.9446742534637451,1.3196830749511719,0.9408875107765198,0.9193548387096774,0.38392857142857145,0.0935672514619883,98.75,10.674157303370785,0.7159763313609467,56.98924731182796,4.301075268817205,0.0,1.2069052457809448,1.429113745689392,80.64516129032258,12.903225806451612,3.763440860215054,1.7578452825546265,2.130251169204712,-0.45648988493474335,16.47753082215786,specimen_1__2025_03_06-17_04_37__Clip_1__start,valid,0.015172122977674007,0.015172122977674007,0.273067444562912,0.13654133677482605,0.26627218934911245,186
EGBM-v2,specimen_1,2025_03_06-17_04_37,usable_with_warning,,specimen_1__2025_03_06-17_04_37__Clip_1__end,0.08516483516483517,0.5795454382896423,1.949073314666748,0.0,,2.2458953857421875,2.244882583618164,2.2457501888275146,2.2458624839782715,2.528658151626587,0.5942857142857143,-1.2871803045272827,23.015873015873016,0.0,0.0,0.0,0.0,0.0,1741277102_310320138,0.8956043956043956,0.9244019389152527,2.2091407775878906,0.9778784513473511,0.9532158970832825,0.9661482572555542,1.6011837720870972,0.9629653096199036,0.9528795811518325,0.0950920245398773,0.019230769230769232,100.0,18.230563002680967,0.5828571428571429,32.98429319371728,2.356020942408377,0.0,0.9144715070724487,1.1512919664382935,92.40837696335078,20.157068062827225,2.356020942408377,2.2016518115997314,2.463252067565918,-1.4075674250890644,16.467345878481865,specimen_1__2025_03_06-17_04_37__Clip_1__end,usable_with_warning,0.004300497937947512,0.012900902889668941,0.16339260339736938,0.0816999077796936,0.4142857142857143,382
EGBM-v2,specimen_1,2025_03_06-17_04_37,usable_with_warning,,specimen_1__2025_03_06-17_04_37__Clip_2__start,0.08516483516483517,0.5795454382896423,1.949073314666748,0.0,,2.2458953857421875,2.244882583618164,2.2457501888275146,2.2458624839782715,2.528658151626587,0.5942857142857143,-1.2871803045272827,23.015873015873016,0.0,0.0,0.0,0.0,0.0,1741277102_310320138,0.8956043956043956,0.9244019389152527,2.2091407775878906,0.9778784513473511,0.9532158970832825,0.9661482572555542,1.6011837720870972,0.9629653096199036,0.9528795811518325,0.0950920245398773,0.019230769230769232,100.0,18.230563002680967,0.5828571428571429,32.98429319371728,2.356020942408377,0.0,0.9144715070724487,1.1512919664382935,92.40837696335078,20.157068062827225,2.356020942408377,2.2016518115997314,2.463252067565918,-1.4075674250890644,16.465533059090376,specimen_1__2025_03_06-17_04_37__Clip_2__start,usable_with_warning,0.004300497937947512,0.012900902889668941,0.16339260339736938,0.0816999077796936,0.4142857142857143,382
EGBM-v2,specimen_1,2025_03_06-17_04_37,valid,,specimen_1__2025_03_06-17_04_37__Clip_2__end,0.10784313725490197,1.75,3.807583808898926,0.0,,2.246051788330078,2.2446632385253906,2.245594024658203,2.245985269546509,1.259685754776001,0.37373737373737376,-1.598720669746399,8.94308943089431,0.0,0.0,0.0,0.0,0.0,1741277116_990405559,0.8823529411764706,1.6955658197402954,3.2794108390808105,0.6045370697975159,0.9632945656776428,0.9862756133079529,1.9126794338226318,0.9880223870277405,0.9855072463768116,0.12222222222222222,0.00980392156862745,92.85714285714286,44.134078212290504,0.3207070707070707,59.42028985507246,13.526570048309178,6.280193236714976,1.6972750425338745,2.325582981109619,91.78743961352657,51.690821256038646,14.734299516908212,3.2959957122802734,3.89420223236084,-0.9419337642293125,16.50297874584794,specimen_1__2025_03_06-17_04_37__Clip_2__end,valid,0.003261115401983261,0.01304399874061346,0.1336713582277298,0.06520958244800568,0.6792929292929293,414
EGBM-v2,specimen_1,2025_03_06-17_04_37,valid,,specimen_1__2025_03_06-17_04_37__Clip_3__start,0.10784313725490197,1.75,3.807583808898926,0.0,,2.246051788330078,2.2446632385253906,2.245594024658203,2.245985269546509,1.259685754776001,0.37373737373737376,-1.598720669746399,8.94308943089431,0.0,0.0,0.0,0.0,0.0,1741277116_990405559,0.8823529411764706,1.6955658197402954,3.2794108390808105,0.6045370697975159,0.9632945656776428,0.9862756133079529,1.9126794338226318,0.9880223870277405,0.9855072463768116,0.12222222222222222,0.00980392156862745,92.85714285714286,44.134078212290504,0.3207070707070707,59.42028985507246,13.526570048309178,6.280193236714976,1.6972750425338745,2.325582981109619,91.78743961352657,51.690821256038646,14.734299516908212,3.2959957122802734,3.89420223236084,-0.9419337642293125,16.45568897947669,specimen_1__2025_03_06-17_04_37__Clip_3__start,valid,0.003261115401983261,0.01304399874061346,0.1336713582277298,0.06520958244800568,0.6792929292929293,414
EGBM-v2,specimen_1,2025_03_06-17_04_37,valid,,specimen_1__2025_03_06-17_04_37__Clip_3__end,0.27540106951871657,2.40625,4.650764465332031,0.0,,2.2459793090820312,2.244903564453125,2.2457046508789062,2.2459287643432617,0.9687974452972412,0.5408450704225352,-0.8508515357971191,23.762376237623762,33.75,0.0,0.0,0.0,0.0,1741277161_742160797,0.7165775401069518,2.2649967670440674,3.1083755493164062,1.7956043481826782,0.9880599975585938,0.9899088740348816,1.8807988166809082,0.9930970072746277,0.9973333333333333,0.3843283582089552,0.008021390374331552,95.95375722543352,29.152542372881356,0.3436619718309859,53.86666666666666,21.333333333333336,9.066666666666666,2.265749931335449,4.364389896392822,85.33333333333334,37.06666666666666,12.533333333333333,3.1166014671325684,4.5033369064331055,-0.37552755669537685,16.469678841531277,specimen_1__2025_03_06-17_04_37__Clip_3__end,valid,0.004454994108527899,0.013364718295633793,0.16481225192546844,0.08018317073583603,0.647887323943662,375
EGBM-v2,specimen_1,2025_03_06-17_04_37,valid,,specimen_1__2025_03_06-17_04_37__Clip_4__start,0.27540106951871657,2.40625,4.650764465332031,0.0,,2.2459793090820312,2.244903564453125,2.2457046508789062,2.2459287643432617,0.9687974452972412,0.5408450704225352,-0.8508515357971191,23.762376237623762,33.75,0.0,0.0,0.0,0.0,1741277161_742160797,0.7165775401069518,2.2649967670440674,3.1083755493164062,1.7956043481826782,0.9880599975585938,0.9899088740348816,1.8807988166809082,0.9930970072746277,0.9973333333333333,0.3843283582089552,0.008021390374331552,95.95375722543352,29.152542372881356,0.3436619718309859,53.86666666666666,21.333333333333336,9.066666666666666,2.265749931335449,4.364389896392822,85.33333333333334,37.06666666666666,12.533333333333333,3.1166014671325684,4.5033369064331055,-0.37552755669537685,16.447425819933414,specimen_1__2025_03_06-17_04_37__Clip_4__start,valid,0.004454994108527899,0.013364718295633793,0.16481225192546844,0.08018317073583603,0.647887323943662,375
EGBM-v2,specimen_1,2025_03_06-17_04_37,valid,,specimen_1__2025_03_06-17_04_37__Clip_4__end,0.33495145631067963,11.897321701049805,11.255552291870117,0.0,,2.2459945678710938,2.2446250915527344,2.2456767559051514,2.2458860874176025,0.8525535464286804,0.5790816326530612,-0.5270874500274658,23.200000000000003,29.03225806451613,0.0,0.0,0.0,0.0,1741277171_752430915,0.6359223300970874,2.2253429889678955,2.7923429012298584,1.8861629962921143,0.9620423316955566,0.9756919741630554,1.8468066453933716,0.9772549271583557,0.9716981132075472,0.5267175572519084,0.02912621359223301,93.67816091954023,24.333333333333336,0.29846938775510207,58.9622641509434,29.245283018867923,12.735849056603774,2.544700860977173,4.354694366455078,83.72641509433963,37.971698113207545,14.150943396226415,3.0717883110046387,4.350401878356934,-0.20713139925808907,16.487675718963146,specimen_1__2025_03_06-17_04_37__Clip_4__end,valid,0.00463847815990448,0.018553778529167175,0.19477836787700653,0.09739716351032257,0.6938775510204082,424
EGBM-v2,specimen_1,2025_03_06-17_04_37,valid,,specimen_1__2025_03_06-17_04_37__Clip_5__start,0.33495145631067963,11.897321701049805,11.255552291870117,0.0,,2.2459945678710938,2.2446250915527344,2.2456767559051514,2.2458860874176025,0.8525535464286804,0.5790816326530612,-0.5270874500274658,23.200000000000003,29.03225806451613,0.0,0.0,0.0,0.0,1741277171_752430915,0.6359223300970874,2.2253429889678955,2.7923429012298584,1.8861629962921143,0.9620423316955566,0.9756919741630554,1.8468066453933716,0.9772549271583557,0.9716981132075472,0.5267175572519084,0.02912621359223301,93.67816091954023,24.333333333333336,0.29846938775510207,58.9622641509434,29.245283018867923,12.735849056603774,2.544700860977173,4.354694366455078,83.72641509433963,37.971698113207545,14.150943396226415,3.0717883110046387,4.350401878356934,-0.20713139925808907,16.463118605315685,specimen_1__2025_03_06-17_04_37__Clip_5__start,valid,0.00463847815990448,0.018553778529167175,0.19477836787700653,0.09739716351032257,0.6938775510204082,424
EGBM-v2,specimen_1,2025_03_06-17_51_03,valid,direct_polaris,specimen_1__2025_03_06-17_51_03__Clip_1__end,0.16029143897996356,2.6078124046325684,4.015918254852295,0.0,,2.24603271484375,2.2442588806152344,2.2455811500549316,2.245720148086548,1.4937236309051514,0.3230174081237911,-1.4181523323059082,18.69158878504673,37.68115942028986,0.0,0.0,0.0,0.0,1741279879_525370836,0.8324225865209471,1.393387794494629,2.8123297691345215,1.7558764219284058,0.996320903301239,0.9893947839736938,2.0420780181884766,0.9955837726593018,1.0,0.1925601750547046,0.007285974499089253,100.0,42.70833333333333,0.218568665377176,58.46994535519126,12.568306010928962,0.36429872495446264,1.481870412826538,1.8881560564041138,89.07103825136612,45.173041894353375,8.014571948998178,2.9000227451324463,3.2550692558288574,-0.9570015839650289,16.464881598949432,specimen_1__2025_03_06-17_51_03__Clip_1__end,valid,0.002406731015071273,0.01203241292387247,0.12992922961711884,0.06496945023536682,0.7736943907156673,549
EGBM-v2,specimen_1,2025_03_06-17_51_03,valid,direct_polaris,specimen_1__2025_03_06-17_51_03__Clip_2__start,0.16029143897996356,2.6078124046325684,4.015918254852295,0.0,,2.24603271484375,2.2442588806152344,2.2455811500549316,2.245720148086548,1.4937236309051514,0.3230174081237911,-1.4181523323059082,18.69158878504673,37.68115942028986,0.0,0.0,0.0,0.0,1741279879_525370836,0.8324225865209471,1.393387794494629,2.8123297691345215,1.7558764219284058,0.996320903301239,0.9893947839736938,2.0420780181884766,0.9955837726593018,1.0,0.1925601750547046,0.007285974499089253,100.0,42.70833333333333,0.218568665377176,58.46994535519126,12.568306010928962,0.36429872495446264,1.481870412826538,1.8881560564041138,89.07103825136612,45.173041894353375,8.014571948998178,2.9000227451324463,3.2550692558288574,-0.9570015839650289,16.449187882244587,specimen_1__2025_03_06-17_51_03__Clip_2__start,valid,0.002406731015071273,0.01203241292387247,0.12992922961711884,0.06496945023536682,0.7736943907156673,549
EGBM-v2,specimen_1,2025_03_06-17_51_03,valid,direct_polaris,specimen_1__2025_03_06-17_51_03__Clip_2__end,0.2818181818181818,2.6931817531585693,4.245843887329102,0.0,,2.246105194091797,2.244871139526367,2.2457809448242188,2.2460556030273438,1.3800272941589355,0.5608365019011406,-0.7694028615951538,31.804281345565748,48.837209302325576,0.0,0.0,0.0,0.0,1741279888_274587154,0.6872727272727273,1.548809289932251,2.268216609954834,1.7338939905166626,0.9994192719459534,0.9941415190696716,1.8292567729949951,0.9986246824264526,1.0,0.41005291005291006,0.03090909090909091,100.0,27.586206896551722,0.3897338403041825,59.45454545454546,15.636363636363637,2.181818181818182,1.6174715757369995,2.0932915210723877,81.0909090909091,31.272727272727273,7.2727272727272725,2.3868744373321533,2.8429222106933594,-0.47568246214439724,16.485883854329586,specimen_1__2025_03_06-17_51_03__Clip_2__end,valid,0.0032456512562930584,0.0162273570895195,0.17846731841564178,0.0876174196600914,0.6045627376425855,550
EGBM-v2,specimen_1,2025_03_06-17_51_03,valid,direct_polaris,specimen_1__2025_03_06-17_51_03__Clip_3__start,0.2818181818181818,2.6931817531585693,4.245843887329102,0.0,,2.246105194091797,2.244871139526367,2.2457809448242188,2.2460556030273438,1.3800272941589355,0.5608365019011406,-0.7694028615951538,31.804281345565748,48.837209302325576,0.0,0.0,0.0,0.0,1741279888_274587154,0.6872727272727273,1.548809289932251,2.268216609954834,1.7338939905166626,0.9994192719459534,0.9941415190696716,1.8292567729949951,0.9986246824264526,1.0,0.41005291005291006,0.03090909090909091,100.0,27.586206896551722,0.3897338403041825,59.45454545454546,15.636363636363637,2.181818181818182,1.6174715757369995,2.0932915210723877,81.0909090909091,31.272727272727273,7.2727272727272725,2.3868744373321533,2.8429222106933594,-0.47568246214439724,16.448298003524542,specimen_1__2025_03_06-17_51_03__Clip_3__start,valid,0.0032456512562930584,0.0162273570895195,0.17846731841564178,0.0876174196600914,0.6045627376425855,550
EGBM-v2,specimen_1,2025_03_06-17_51_03,valid,direct_polaris,specimen_1__2025_03_06-17_51_03__Clip_3__end,0.3987730061349693,1.9013158082962036,2.982250928878784,0.0,,2.2460479736328125,2.2440872192382812,2.2456421852111816,2.2459676265716553,0.9663258194923401,0.5596774193548387,-0.3949587345123291,27.331887201735356,41.54929577464789,0.0,0.0,0.0,0.0,1741279896_845916986,0.588957055214724,2.154759645462036,2.5296664237976074,1.7438088655471802,0.9426795244216919,0.9720667004585266,1.8690296411514282,0.9743146896362305,0.9745889387144993,0.6770833333333334,0.012269938650306749,85.57692307692307,33.206831119544596,0.2645161290322581,68.90881913303438,21.225710014947683,9.566517189835576,2.147561550140381,3.0085701942443848,76.68161434977578,38.56502242152467,6.87593423019432,2.54252028465271,3.116161346435547,-0.18391032121361625,16.46703528240323,specimen_1__2025_03_06-17_51_03__Clip_3__end,valid,0.0031275313813239336,0.018764162436127663,0.2063518464565277,0.10318835079669952,0.7290322580645161,669
EGBM-v2,specimen_1,2025_03_06-17_51_03,valid,direct_polaris,specimen_1__2025_03_06-17_51_03__Clip_4__start,0.3987730061349693,1.9013158082962036,2.982250928878784,0.0,,2.2460479736328125,2.2440872192382812,2.2456421852111816,2.2459676265716553,0.9663258194923401,0.5596774193548387,-0.3949587345123291,27.331887201735356,41.54929577464789,0.0,0.0,0.0,0.0,1741279896_845916986,0.588957055214724,2.154759645462036,2.5296664237976074,1.7438088655471802,0.9426795244216919,0.9720667004585266,1.8690296411514282,0.9743146896362305,0.9745889387144993,0.6770833333333334,0.012269938650306749,85.57692307692307,33.206831119544596,0.2645161290322581,68.90881913303438,21.225710014947683,9.566517189835576,2.147561550140381,3.0085701942443848,76.68161434977578,38.56502242152467,6.87593423019432,2.54252028465271,3.116161346435547,-0.18391032121361625,16.455707605928183,specimen_1__2025_03_06-17_51_03__Clip_4__start,valid,0.0031275313813239336,0.018764162436127663,0.2063518464565277,0.10318835079669952,0.7290322580645161,669
EGBM-v2,specimen_1,2025_03_06-17_51_03,valid,direct_polaris,specimen_1__2025_03_06-17_51_03__Clip_4__end,0.38255977496483823,2.003472328186035,2.930760383605957,0.0,,2.245891571044922,2.2420005798339844,2.245384693145752,2.24562931060791,0.802147388458252,0.5327510917030568,-0.3783247470855713,23.18271119842829,27.81456953642384,0.0,0.0,0.0,0.0,1741279907_282327890,0.5977496483825597,2.5053601264953613,2.8699607849121094,1.801281452178955,0.9305732250213623,0.9663777351379395,1.8099308013916016,0.9638082385063171,0.9634146341463414,0.64,0.01969057665260197,85.1528384279476,34.07155025553663,0.23435225618631733,68.97018970189703,20.460704607046072,14.634146341463413,2.49311900138855,3.8802406787872314,79.40379403794037,41.86991869918699,8.807588075880759,2.871443748474121,3.788691759109497,-0.15174756875819495,16.482047736644745,specimen_1__2025_03_06-17_51_03__Clip_4__end,valid,0.0029180024284869432,0.020424257963895798,0.21293684840202332,0.1050209105014801,0.7554585152838428,738
EGBM-v2,specimen_1,2025_03_06-17_51_03,valid,direct_polaris,specimen_1__2025_03_06-17_51_03__Clip_5__start,0.38255977496483823,2.003472328186035,2.930760383605957,0.0,,2.245891571044922,2.2420005798339844,2.245384693145752,2.24562931060791,0.802147388458252,0.5327510917030568,-0.3783247470855713,23.18271119842829,27.81456953642384,0.0,0.0,0.0,0.0,1741279907_282327890,0.5977496483825597,2.5053601264953613,2.8699607849121094,1.801281452178955,0.9305732250213623,0.9663777351379395,1.8099308013916016,0.9638082385063171,0.9634146341463414,0.64,0.01969057665260197,85.1528384279476,34.07155025553663,0.23435225618631733,68.97018970189703,20.460704607046072,14.634146341463413,2.49311900138855,3.8802406787872314,79.40379403794037,41.86991869918699,8.807588075880759,2.871443748474121,3.788691759109497,-0.15174756875819495,16.44965959712863,specimen_1__2025_03_06-17_51_03__Clip_5__start,valid,0.0029180024284869432,0.020424257963895798,0.21293684840202332,0.1050209105014801,0.7554585152838428,738
EGBM-v2,specimen_1,2025_03_06-17_51_03,valid,direct_polaris,specimen_1__2025_03_06-17_51_03__Clip_5__end,0.5121293800539084,2.3705356121063232,3.0282979011535645,0.0,,2.245849609375,2.24334716796875,2.2454872131347656,2.245739221572876,0.6014227271080017,0.6712898751733704,0.17299723625183105,23.97137745974955,36.84210526315789,0.0,0.0,0.0,0.0,1741279919_146309852,0.4743935309973046,3.2920844554901123,3.096518039703369,1.9505257606506348,0.8982646465301514,0.9593279957771301,1.7139297723770142,0.9526016712188721,0.9345088161209067,1.0795454545454546,0.013477088948787063,78.72340425531915,20.43222003929273,0.22330097087378642,70.40302267002518,35.894206549118394,20.780856423173805,3.2677109241485596,5.187773704528809,76.82619647355163,35.768261964735515,13.727959697732997,3.0947136878967285,4.588159084320068,0.05294141381153766,16.480284743010998,specimen_1__2025_03_06-17_51_03__Clip_5__end,valid,0.003716837614774704,0.026014896109700203,0.2935163378715515,0.14492328464984894,0.7656033287101248,794
EGBM-v2,specimen_1,2025_03_06-17_39_51,valid,,specimen_1__2025_03_06-17_39_51__Clip_1__start,0.49352589641434264,2.95849609375,2.895462989807129,0.0,,2.246143341064453,2.1929826736450195,2.245620012283325,2.2460196018218994,0.9215909242630005,0.6240330067044868,-0.02700185775756836,44.29945054945055,53.77049180327869,0.0,0.0,0.0,0.0,1741279197_390876054,0.4915338645418327,1.8817163705825806,1.9114311933517456,1.4936894178390503,0.8969661593437195,0.9631434679031372,1.5591975450515747,0.952532947063446,0.9177330895795247,1.0040526849037488,0.014940239043824702,74.59016393442623,16.038236856080722,0.25425477050025785,66.54478976234005,13.939670932358316,4.341864716636198,1.9132126569747925,2.8700780868530273,62.020109689213896,20.246800731261427,4.250457038391224,1.9402145147323608,2.7906298637390137,-0.014113359358736524,16.493985895067453,specimen_1__2025_03_06-17_39_51__Clip_1__start,valid,0.0029129020404070616,0.030579667538404465,0.3172340393066406,0.15867365896701813,0.7246003094378546,2188
EGBM-v2,specimen_1,2025_03_06-17_39_51,valid,,specimen_1__2025_03_06-17_39_51__Clip_1__end,0.45528455284552843,4.13205623626709,4.246576309204102,0.0,,2.2462005615234375,2.1478729248046875,2.2458724975585938,2.2461352348327637,0.9483976364135742,0.6227819118488838,-0.179984450340271,36.76703645007924,49.67948717948718,0.0,0.0,0.0,0.0,1741279208_726855754,0.5279132791327913,1.781760334968567,1.9627647399902344,1.3285115957260132,0.9002665877342224,0.9566143751144409,1.5191190242767334,0.947571873664856,0.912914398812469,0.8624229979466119,0.016802168021680216,67.85243741765481,15.623171445289644,0.3033772180881511,62.444334487877285,15.437902028698664,5.244928253339931,1.817811369895935,2.858562469482422,64.96783770410688,20.979713013359724,4.057397328055418,1.997795820236206,2.84295916557312,-0.0990116209640468,16.48768689483404,specimen_1__2025_03_06-17_39_51__Clip_1__end,valid,0.003030377672985196,0.030297014862298965,0.305804580450058,0.15294866263866425,0.6840297653119634,2021
EGBM-v2,specimen_1,2025_03_06-17_39_51,valid,,specimen_1__2025_03_06-17_39_51__Clip_2__start,0.45528455284552843,4.13205623626709,4.246576309204102,0.0,,2.2462005615234375,2.1478729248046875,2.2458724975585938,2.2461352348327637,0.9483976364135742,0.6227819118488838,-0.179984450340271,36.76703645007924,49.67948717948718,0.0,0.0,0.0,0.0,1741279208_726855754,0.5279132791327913,1.781760334968567,1.9627647399902344,1.3285115957260132,0.9002665877342224,0.9566143751144409,1.5191190242767334,0.947571873664856,0.912914398812469,0.8624229979466119,0.016802168021680216,67.85243741765481,15.623171445289644,0.3033772180881511,62.444334487877285,15.437902028698664,5.244928253339931,1.817811369895935,2.858562469482422,64.96783770410688,20.979713013359724,4.057397328055418,1.997795820236206,2.84295916557312,-0.0990116209640468,16.473665833473206,specimen_1__2025_03_06-17_39_51__Clip_2__start,valid,0.003030377672985196,0.030297014862298965,0.305804580450058,0.15294866263866425,0.6840297653119634,2021
EGBM-v2,specimen_1,2025_03_06-17_39_51,valid,,specimen_1__2025_03_06-17_39_51__Clip_2__end,0.4559051057246003,2.9171130657196045,2.634793281555176,0.0,,2.2461166381835938,2.1416854858398438,2.2456016540527344,2.2459592819213867,0.8337301015853882,0.6604702022963368,-0.12699103355407715,29.337979094076655,46.78217821782179,0.0,0.0,0.0,0.0,1741279216_465456247,0.5250128932439402,2.0400986671447754,2.1884396076202393,1.3899282217025757,0.8982085585594177,0.9598350524902344,1.4716027975082397,0.9502432942390442,0.9154863078375827,0.8683693516699411,0.019082001031459517,73.9385065885798,15.635939323220537,0.2903225806451613,67.75259678942398,19.07459867799811,7.0349386213408875,2.0835766792297363,3.2599668502807617,71.71860245514637,22.804532577903682,6.562795089707271,2.2105677127838135,3.128843307495117,-0.06094857694463331,16.461547929793596,specimen_1__2025_03_06-17_39_51__Clip_2__end,valid,0.002991787623614073,0.03140675649046898,0.3153895437717438,0.1569911688566208,0.6949152542372882,2118
EGBM-v2,specimen_1,2025_03_06-17_39_51,valid,,specimen_1__2025_03_06-17_39_51__Clip_3__start,0.4559051057246003,2.9171130657196045,2.634793281555176,0.0,,2.2461166381835938,2.1416854858398438,2.2456016540527344,2.2459592819213867,0.8337301015853882,0.6604702022963368,-0.12699103355407715,29.337979094076655,46.78217821782179,0.0,0.0,0.0,0.0,1741279216_465456247,0.5250128932439402,2.0400986671447754,2.1884396076202393,1.3899282217025757,0.8982085585594177,0.9598350524902344,1.4716027975082397,0.9502432942390442,0.9154863078375827,0.8683693516699411,0.019082001031459517,73.9385065885798,15.635939323220537,0.2903225806451613,67.75259678942398,19.07459867799811,7.0349386213408875,2.0835766792297363,3.2599668502807617,71.71860245514637,22.804532577903682,6.562795089707271,2.2105677127838135,3.128843307495117,-0.06094857694463331,16.464392188936472,specimen_1__2025_03_06-17_39_51__Clip_3__start,valid,0.002991787623614073,0.03140675649046898,0.3153895437717438,0.1569911688566208,0.6949152542372882,2118
EGBM-v2,specimen_1,2025_03_06-17_39_51,usable_with_warning,,specimen_1__2025_03_06-17_39_51__Clip_3__end,0.4264705882352941,3.328004837036133,2.8925251960754395,0.0,,2.2460098266601562,2.190821647644043,2.2451860904693604,2.2457070350646973,0.7295005321502686,0.57299451918286,-0.23675107955932617,25.970548862115127,33.652007648183556,0.0,0.0,0.0,0.0,1741279225_393536329,0.5630929791271347,2.3337457180023193,2.610039710998535,1.5815410614013672,0.8848264217376709,0.9544763565063477,1.6641942262649536,0.9428382515907288,0.9008547008547009,0.7573715248525695,0.010436432637571158,77.18676122931441,20.088057237204183,0.20827105132037868,63.84615384615384,22.350427350427353,12.222222222222221,2.3889822959899902,3.799898147583008,75.17094017094017,30.427350427350426,9.871794871794872,2.6257333755493164,3.629852294921875,-0.09910122814920942,16.46573282778263,specimen_1__2025_03_06-17_39_51__Clip_3__end,usable_with_warning,0.0022702424321323633,0.02610407955944538,0.2654677927494049,0.1327591985464096,0.7787742899850523,2340
EGBM-v2,specimen_1,2025_03_06-17_39_51,usable_with_warning,,specimen_1__2025_03_06-17_39_51__Clip_4__start,0.4264705882352941,3.328004837036133,2.8925251960754395,0.0,,2.2460098266601562,2.190821647644043,2.2451860904693604,2.2457070350646973,0.7295005321502686,0.57299451918286,-0.23675107955932617,25.970548862115127,33.652007648183556,0.0,0.0,0.0,0.0,1741279225_393536329,0.5630929791271347,2.3337457180023193,2.610039710998535,1.5815410614013672,0.8848264217376709,0.9544763565063477,1.6641942262649536,0.9428382515907288,0.9008547008547009,0.7573715248525695,0.010436432637571158,77.18676122931441,20.088057237204183,0.20827105132037868,63.84615384615384,22.350427350427353,12.222222222222221,2.3889822959899902,3.799898147583008,75.17094017094017,30.427350427350426,9.871794871794872,2.6257333755493164,3.629852294921875,-0.09910122814920942,16.47067116573453,specimen_1__2025_03_06-17_39_51__Clip_4__start,usable_with_warning,0.0022702424321323633,0.02610407955944538,0.2654677927494049,0.1327591985464096,0.7787742899850523,2340
EGBM-v2,specimen_1,2025_03_06-17_38_21,valid,,specimen_1__2025_03_06-17_38_21__Clip_1__start,0.5232503522780648,3.9454195499420166,2.938387632369995,0.0,,2.2461395263671875,2.181610107421875,2.245684862136841,2.2460012435913086,0.6132369041442871,0.6295576081672338,0.0056743621826171875,39.75975975975976,40.17857142857143,0.0,0.0,0.0,0.0,1741279107_899443149,0.46312822921559416,2.766857862472534,2.7935855388641357,1.4203402996063232,0.8939756751060486,0.9610236883163452,1.5906051397323608,0.9504635334014893,0.91412623443538,1.129817444219067,0.013621418506341005,73.19277108433735,17.26041144004014,0.2630043753038405,71.48990983254616,14.426792614856163,7.642765135251181,2.8037986755371094,5.766839504241943,63.93301846285959,23.400601116358953,6.82696436238729,2.798124313354492,5.385009288787842,0.0020238122772956156,16.488708090037107,specimen_1__2025_03_06-17_38_21__Clip_1__start,valid,0.0028572792652994394,0.032853469252586365,0.3310985863208771,0.16561652719974518,0.715119105493437,2329
EGBM-v2,specimen_1,2025_03_06-17_38_21,usable_with_warning,,specimen_1__2025_03_06-17_38_21__Clip_1__end,0.4829244829244829,3.3125,3.355114459991455,0.0,,2.2462158203125,2.2244930267333984,2.245990753173828,2.2461624145507812,0.7047317624092102,0.599017199017199,-0.05411386489868164,30.89133089133089,53.61596009975062,0.0,0.0,0.0,0.0,1741279119_003957033,0.49927849927849927,2.4970617294311523,2.5517683029174805,1.4920268058776855,0.9496656060218811,0.9798488020896912,1.556464672088623,0.9761093258857727,0.960720887245841,0.9672447013487476,0.017797017797017797,77.9467680608365,24.787294384571755,0.25307125307125306,75.6931608133087,18.530499075785585,7.43992606284658,2.5370047092437744,4.288360118865967,71.25693160813309,28.78927911275416,5.6377079482439925,2.591118574142456,4.034636974334717,-0.021329824379715794,16.492043156176805,specimen_1__2025_03_06-17_38_21__Clip_1__end,usable_with_warning,0.0027773152105510235,0.029161443933844566,0.2998795509338379,0.14996634423732758,0.7341523341523342,2164
EGBM-v2,specimen_1,2025_03_06-17_38_21,usable_with_warning,,specimen_1__2025_03_06-17_38_21__Clip_2__start,0.4829244829244829,3.3125,3.355114459991455,0.0,,2.2462158203125,2.2244930267333984,2.245990753173828,2.2461624145507812,0.7047317624092102,0.599017199017199,-0.05411386489868164,30.89133089133089,53.61596009975062,0.0,0.0,0.0,0.0,1741279119_003957033,0.49927849927849927,2.4970617294311523,2.5517683029174805,1.4920268058776855,0.9496656060218811,0.9798488020896912,1.556464672088623,0.9761093258857727,0.960720887245841,0.9672447013487476,0.017797017797017797,77.9467680608365,24.787294384571755,0.25307125307125306,75.6931608133087,18.530499075785585,7.43992606284658,2.5370047092437744,4.288360118865967,71.25693160813309,28.78927911275416,5.6377079482439925,2.591118574142456,4.034636974334717,-0.021329824379715794,16.490741167217493,specimen_1__2025_03_06-17_38_21__Clip_2__start,usable_with_warning,0.0027773152105510235,0.029161443933844566,0.2998795509338379,0.14996634423732758,0.7341523341523342,2164
EGBM-v2,specimen_1,2025_03_06-17_38_21,usable_with_warning,,specimen_1__2025_03_06-17_38_21__Clip_2__end,0.5824561403508772,5.65625,5.173329830169678,0.0,,2.246074676513672,2.1912918090820312,2.2458114624023438,2.2460269927978516,0.787407636642456,0.6833419288292935,0.19953274726867676,45.23212045169385,51.63934426229508,0.0,0.0,0.0,0.0,1741279127_773593664,0.4080200501253133,2.1734793186187744,1.9808483123779297,1.4434959888458252,0.9150952696800232,0.9669958353042603,1.5356656312942505,0.9580900073051453,0.9300699300699301,1.4275184275184276,0.009523809523809525,72.95825771324864,14.333895446880272,0.2712738525012893,74.31235431235432,17.062937062937063,6.247086247086247,2.256286382675171,3.4844768047332764,59.44055944055944,20.13986013986014,5.361305361305361,2.056753635406494,3.253336191177368,0.08843414063072097,16.48555276915431,specimen_1__2025_03_06-17_38_21__Clip_2__end,usable_with_warning,0.003587595419958234,0.03766195476055145,0.3834614157676697,0.19182363152503967,0.7111913357400722,2145
EGBM-v2,specimen_1,2025_03_06-17_38_21,usable_with_warning,,specimen_1__2025_03_06-17_38_21__Clip_3__start,0.5824561403508772,5.65625,5.173329830169678,0.0,,2.246074676513672,2.1912918090820312,2.2458114624023438,2.2460269927978516,0.787407636642456,0.6833419288292935,0.19953274726867676,45.23212045169385,51.63934426229508,0.0,0.0,0.0,0.0,1741279127_773593664,0.4080200501253133,2.1734793186187744,1.9808483123779297,1.4434959888458252,0.9150952696800232,0.9669958353042603,1.5356656312942505,0.9580900073051453,0.9300699300699301,1.4275184275184276,0.009523809523809525,72.95825771324864,14.333895446880272,0.2712738525012893,74.31235431235432,17.062937062937063,6.247086247086247,2.256286382675171,3.4844768047332764,59.44055944055944,20.13986013986014,5.361305361305361,2.056753635406494,3.253336191177368,0.08843414063072097,16.46814728155732,specimen_1__2025_03_06-17_38_21__Clip_3__start,usable_with_warning,0.003587595419958234,0.03766195476055145,0.3834614157676697,0.19182363152503967,0.7111913357400722,2145
EGBM-v2,specimen_1,2025_03_06-17_38_21,valid,,specimen_1__2025_03_06-17_38_21__Clip_3__end,0.5175565175565175,4.9375,4.7413129806518555,0.0,,2.246204376220703,2.2136707305908203,2.2459754943847656,2.2461166381835938,0.8404815793037415,0.6415376934598103,0.0272982120513916,40.18867924528302,54.41595441595442,0.0,0.0,0.0,0.0,1741279136_944712162,0.46464646464646464,1.9897211790084839,1.9692869186401367,1.429610013961792,0.935058057308197,0.9730385541915894,1.5293693542480469,0.9664377570152283,0.944141689373297,1.113871635610766,0.017797017797017797,74.67320261437908,16.747703943814155,0.2800798801797304,72.20708446866485,15.940054495912806,5.767484105358765,2.1048479080200195,3.2303595542907715,63.94187102633969,21.34423251589464,4.677565849227975,2.077549695968628,3.134835720062256,0.01296920881902122,16.504911705851555,specimen_1__2025_03_06-17_38_21__Clip_3__end,valid,0.003034823341295123,0.033380091190338135,0.33347728848457336,0.16681435704231262,0.6974538192710934,2202
EGBM-v2,specimen_1,2025_03_06-17_38_21,valid,,specimen_1__2025_03_06-17_38_21__Clip_4__start,0.5175565175565175,4.9375,4.7413129806518555,0.0,,2.246204376220703,2.2136707305908203,2.2459754943847656,2.2461166381835938,0.8404815793037415,0.6415376934598103,0.0272982120513916,40.18867924528302,54.41595441595442,0.0,0.0,0.0,0.0,1741279136_944712162,0.46464646464646464,1.9897211790084839,1.9692869186401367,1.429610013961792,0.935058057308197,0.9730385541915894,1.5293693542480469,0.9664377570152283,0.944141689373297,1.113871635610766,0.017797017797017797,74.67320261437908,16.747703943814155,0.2800798801797304,72.20708446866485,15.940054495912806,5.767484105358765,2.1048479080200195,3.2303595542907715,63.94187102633969,21.34423251589464,4.677565849227975,2.077549695968628,3.134835720062256,0.01296920881902122,16.483921092003584,specimen_1__2025_03_06-17_38_21__Clip_4__start,valid,0.003034823341295123,0.033380091190338135,0.33347728848457336,0.16681435704231262,0.6974538192710934,2202
EGBM-v2,specimen_1,2025_03_06-17_38_21,valid,,specimen_1__2025_03_06-17_38_21__Clip_4__end,0.5236686390532544,4.530481338500977,4.00260066986084,0.0,,2.246185302734375,2.199359893798828,2.245901107788086,2.2461166381835938,0.9437440633773804,0.695010183299389,0.04608500003814697,45.561719833564496,58.36065573770492,0.0,0.0,0.0,0.0,1741279148_278485298,0.4516765285996055,1.7693978548049927,1.737065315246582,1.3634823560714722,0.9025185704231262,0.9605935215950012,1.4699360132217407,0.9545044302940369,0.9226569608735213,1.1593886462882097,0.02465483234714004,67.5925925925926,12.995245641838352,0.3609979633401222,65.60509554140127,13.876251137397636,3.912647861692448,1.846024751663208,2.834092140197754,58.962693357597814,16.96997270245678,3.3666969972702456,1.799939751625061,2.736882209777832,0.024964454022962528,16.447816975414753,specimen_1__2025_03_06-17_38_21__Clip_4__end,valid,0.0033267205581068993,0.034924689680337906,0.3639167249202728,0.18122191727161407,0.6120162932790224,2198
EGBM-v2,specimen_1,2025_03_06-17_38_21,valid,,specimen_1__2025_03_06-17_38_21__Clip_5__start,0.5236686390532544,4.530481338500977,4.00260066986084,0.0,,2.246185302734375,2.199359893798828,2.245901107788086,2.2461166381835938,0.9437440633773804,0.695010183299389,0.04608500003814697,45.561719833564496,58.36065573770492,0.0,0.0,0.0,0.0,1741279148_278485298,0.4516765285996055,1.7693978548049927,1.737065315246582,1.3634823560714722,0.9025185704231262,0.9605935215950012,1.4699360132217407,0.9545044302940369,0.9226569608735213,1.1593886462882097,0.02465483234714004,67.5925925925926,12.995245641838352,0.3609979633401222,65.60509554140127,13.876251137397636,3.912647861692448,1.846024751663208,2.834092140197754,58.962693357597814,16.96997270245678,3.3666969972702456,1.799939751625061,2.736882209777832,0.024964454022962528,16.487837303429842,specimen_1__2025_03_06-17_38_21__Clip_5__start,valid,0.0033267205581068993,0.034924689680337906,0.3639167249202728,0.18122191727161407,0.6120162932790224,2198
EGBM-v2,specimen_2,2025_04_10-16_07_15,valid,direct_ps,specimen_2__2025_04_10-16_07_15__Clip_1__start,0.6077758719268154,,,0.0,,2.245939254760742,2.220691680908203,2.2452118396759033,2.2457468509674072,1.6255518198013306,0.8374413145539906,0.01414334774017334,70.55682684973303,0.0,0.0,0.0,0.0,0.0,1744294061_039222002,0.36192109777015435,1.1747450828552246,1.1606017351150513,0.7820906043052673,0.8669889569282532,0.939692497253418,1.2728720903396606,0.9252625703811646,0.8973832734735762,1.679304897314376,0.030303030303030304,72.41379310344827,3.437660338635198,0.7018779342723005,67.26526423807081,0.0,0.0,1.1747450828552246,1.2934772968292236,43.50949204720369,3.437660338635198,0.0513083632632119,1.1606017351150513,1.432173728942871,0.01203950367325467,16.49707043543458,specimen_2__2025_04_10-16_07_15__Clip_1__start,valid,0.002780536189675331,0.05282747000455856,0.5369348526000977,0.2696252763271332,0.27992957746478875,1949
EGBM-v2,specimen_2,2025_04_10-16_07_15,valid,direct_ps,specimen_2__2025_04_10-16_07_15__Clip_1__end,0.8373071528751753,,,0.0,,2.245664596557617,1.7039718627929688,2.2443008422851562,2.2452573776245117,1.1192171573638916,0.9102384291725105,0.4624364376068115,53.54497354497354,10.0,0.0,0.0,0.0,0.0,1744294083_538976430,0.09396914446002805,1.6120314598083496,1.149595022201538,0.8760384917259216,0.7093848586082458,0.8131483793258667,1.3064184188842773,0.7962954044342041,0.7529039070749736,8.91044776119403,0.06872370266479663,50.0,3.3084311632870866,0.6367461430575035,99.78880675818374,1.0559662090813093,0.0,1.6120314598083496,1.6752078533172607,46.462513199577614,4.223864836325237,0.5279831045406547,1.149595022201538,1.4588932991027832,0.2868656407374267,16.488116700202227,specimen_2__2025_04_10-16_07_15__Clip_1__end,valid,0.025310177356004715,0.2277255654335022,0.9993956685066223,0.9128631949424744,0.3436185133239832,947
EGBM-v2,specimen_2,2025_04_10-16_18_24,valid,direct_ps,specimen_2__2025_04_10-16_18_24__Clip_1__start,0.1,,,0.0,,2.2441978454589844,2.2392148971557617,2.2440295219421387,2.244164228439331,4.380692958831787,0.1111111111111111,-1.9413852095603943,100.0,0.0,0.0,0.0,0.0,0.0,1744294710_339358568,0.9,0.510937511920929,2.4523227214813232,0.5686759948730469,0.9999980926513672,0.993513286113739,2.220280885696411,0.9988124966621399,1.0,0.1111111111111111,0.0,100.0,0.0,0.1111111111111111,10.0,0.0,0.0,0.510937511920929,0.6121531128883362,90.0,0.0,0.0,2.4523227214813232,2.5180134773254395,-3.7996529208856304,16.452704090625048,specimen_2__2025_04_10-16_18_24__Clip_1__start,valid,0.11222801357507706,0.11222801357507706,0.11222801357507706,0.11222801357507706,0.8888888888888888,10
EGBM-v2,specimen_2,2025_04_10-16_18_24,valid,direct_ps,specimen_2__2025_04_10-16_18_24__Clip_1__end,0.16666666666666666,,,0.0,,2.2445602416992188,2.242086410522461,2.244548797607422,2.2445578575134277,2.9318366050720215,0.3333333333333333,-1.4660706520080566,100.0,0.0,0.0,0.0,0.0,0.0,1744294729_138015747,0.8333333333333334,0.74609375,2.2121644020080566,0.7242450714111328,0.9999999403953552,0.9952124953269958,1.9041337966918945,0.9996252655982971,1.0,0.2,0.0,100.0,16.666666666666664,0.3333333333333333,16.666666666666664,0.0,0.0,0.74609375,0.8518491387367249,83.33333333333334,16.666666666666664,0.0,2.2121644020080566,2.3863067626953125,-1.9649952194453535,16.474046278744936,specimen_2__2025_04_10-16_18_24__Clip_1__end,valid,0.11786997318267822,0.11786997318267822,0.11786997318267822,0.11786997318267822,0.6666666666666666,12
EGBM-v2,specimen_2,2025_04_10-16_13_29,valid,direct_ps,specimen_2__2025_04_10-16_13_29__Clip_1__start,0.6666666666666666,24.75,22.504905700683594,0.0,,2.2452316284179688,2.244281768798828,2.245197296142578,2.245224714279175,0.14795702695846558,0.6666666666666666,0.6388568878173828,0.0,0.0,0.0,0.0,0.0,0.0,1744294416_840066432,0.3333333333333333,12.362500190734863,12.044890403747559,2.0800838470458984,1.0,0.996485710144043,2.2435970306396484,0.999889612197876,1.0,2.0,0.0,0.0,0.0,0.0,100.0,100.0,100.0,14.427083015441895,16.446943283081055,100.0,100.0,100.0,13.788226127624512,15.119821548461914,0.044281778037430594,16.485202126204967,specimen_2__2025_04_10-16_13_29__Clip_1__start,valid,0.5000241994857788,0.5000241994857788,0.5000241994857788,0.5000241994857788,1.0,6
EGBM-v2,specimen_2,2025_04_10-16_13_29,valid,direct_ps,specimen_2__2025_04_10-16_13_29__Clip_1__end,0.4943820224719101,,,0.0,,2.2455673217773438,2.2443199157714844,2.24530029296875,2.2455103397369385,0.7057904005050659,0.7439024390243902,0.09910202026367188,25.396825396825395,40.476190476190474,0.0,0.0,0.0,0.0,1744294440_072760820,0.4943820224719101,3.1566011905670166,3.0574991703033447,1.9414985179901123,0.9999829530715942,0.9955768585205078,1.7411547899246216,0.9994567632675171,1.0,1.0,0.011235955056179775,100.0,4.25531914893617,0.32926829268292684,70.78651685393258,47.19101123595505,28.08988764044944,3.1566011905670166,4.066948890686035,82.02247191011236,30.337078651685395,14.606741573033707,3.0574991703033447,4.119545936584473,0.031395166598752466,16.48903777822852,specimen_2__2025_04_10-16_13_29__Clip_1__end,valid,0.029308028519153595,0.029308028519153595,0.2344495803117752,0.11723096668720245,0.6585365853658537,89
EGBM-v2,specimen_2,2025_04_10-16_32_24,valid,direct_ps,specimen_2__2025_04_10-16_32_24__Clip_1__start,,,,,,,,,,,,,,,,,,,1744295550_206134319,,,,,1.0,0.9965732097625732,,0.9998787045478821,,,,,,,,,,,,,,,,,,16.46019471809268,specimen_2__2025_04_10-16_32_24__Clip_1__start,valid,,,,,,0
EGBM-v2,specimen_1,2025_03_06-17_33_33,valid,,specimen_1__2025_03_06-17_33_33__Clip_1__start,0.2808641975308642,5.353515625,5.410465240478516,0.0,,2.245708465576172,2.2444839477539062,2.245391845703125,2.2455596923828125,0.9927108883857727,0.34591194968553457,-0.9798355102539062,27.66798418972332,10.0,0.0,0.0,0.0,0.0,1741278820_356170415,0.7006172839506173,2.0457282066345215,3.0481417179107666,1.681414246559143,0.9580708742141724,0.9784408211708069,2.120039463043213,0.9755831360816956,0.9671641791044776,0.4008810572687225,0.018518518518518517,91.46341463414635,44.15094339622642,0.1540880503144654,75.5223880597015,20.8955223880597,6.865671641791045,2.1247200965881348,2.679901361465454,77.01492537313432,53.73134328358209,21.791044776119403,3.104555606842041,3.7697324752807617,-0.4611598072740599,16.50943886488676,specimen_1__2025_03_06-17_33_33__Clip_1__start,valid,0.004664076957851648,0.013991601765155792,0.1538846343755722,0.07461484521627426,0.8270440251572327,335
EGBM-v2,specimen_1,2025_03_06-17_33_33,usable_with_warning,,specimen_1__2025_03_06-17_33_33__Clip_1__end,0.21646341463414634,4.130208492279053,6.265186309814453,0.0,,2.2461624145507812,2.244569778442383,2.245699405670166,2.246129035949707,1.1809037923812866,0.3136645962732919,-1.1996891498565674,25.49800796812749,11.627906976744185,0.0,0.0,0.0,0.0,1741278834_696634531,0.7774390243902439,1.80342435836792,2.986311674118042,1.6073956489562988,0.9591570496559143,0.9728487730026245,2.0472912788391113,0.9719053506851196,0.9647058823529412,0.2784313725490196,0.006097560975609756,97.75280898876404,49.494949494949495,0.1956521739130435,73.82352941176471,12.647058823529411,1.7647058823529411,1.8444852828979492,2.195979356765747,80.58823529411765,54.41176470588235,13.823529411764707,3.0441744327545166,3.5572280883789062,-0.6504194752758801,16.498152166604996,specimen_1__2025_03_06-17_33_33__Clip_1__end,usable_with_warning,0.004301807843148708,0.012904772534966469,0.14621876180171967,0.07311422377824783,0.8012422360248447,340
EGBM-v2,specimen_2,2025_04_10-16_28_15,valid,direct_ps,specimen_2__2025_04_10-16_28_15__Clip_1__start,,,,,,,,,,,,,,,,,,,1744295308_437940120,,,,,1.0,0.9965406656265259,,0.9998724460601807,,,,,,,,,,,,,,,,,,16.481467057019472,specimen_2__2025_04_10-16_28_15__Clip_1__start,valid,,,,,,0
EGBM-v2,specimen_3,2025_05_08-14_25_47,valid,direct_polaris,specimen_3__2025_05_08-14_25_47__Clip_1__start,0.13432835820895522,45.55921173095703,43.550201416015625,0.0,,2.2459030151367188,2.2408580780029297,2.2453536987304688,2.2457363605499268,0.18062962591648102,0.14205607476635515,-1.4312028884887695,0.36496350364963503,0.2066115702479339,0.0,0.0,0.0,0.0,1746707154_474355459,0.8638059701492538,10.004068374633789,11.553470611572266,2.1945040225982666,0.9184640645980835,0.9595473408699036,2.1097259521484375,0.9513436555862427,0.9370629370629371,0.15550755939524838,0.0018656716417910447,58.333333333333336,35.22727272727273,0.009345794392523364,95.8041958041958,84.61538461538461,41.95804195804196,11.18509578704834,22.29217529296875,97.9020979020979,89.86013986013987,83.56643356643356,12.61629867553711,21.98045539855957,-0.12795624782632756,16.445774119347334,specimen_3__2025_05_08-14_25_47__Clip_1__start,valid,0.002298085018992424,0.011488125659525394,0.13091525435447693,0.06431912630796432,0.9906542056074766,572
EGBM-v2,specimen_2,2025_04_10-16_08_53,valid,direct_ps,specimen_2__2025_04_10-16_08_53__Clip_1__start,0.3247422680412371,,,0.0,,2.2459678649902344,2.23284912109375,2.2454068660736084,2.245706081390381,1.9625051021575928,0.867141162514828,-0.30753207206726074,42.71844660194174,0.0,0.0,0.0,0.0,0.0,1744294140_239328861,0.5830469644902635,1.0212260484695435,1.3287581205368042,0.8789551854133606,0.9095684289932251,0.9589346647262573,1.0581109523773193,0.9491013884544373,0.9272437599575146,0.5569744597249509,0.09221076746849943,80.02092050209205,4.206602768903089,0.7402135231316725,49.2299522039299,0.2655337227827934,0.0,1.0212260484695435,1.1823842525482178,68.82634094530006,4.4609665427509295,0.37174721189591076,1.3287581205368042,1.5597820281982422,-0.30114005858756004,16.48207800462842,specimen_2__2025_04_10-16_08_53__Clip_1__start,valid,0.0020747529342770576,0.037341974675655365,0.3823566734790802,0.19479939341545105,0.24258600237247924,1883
EGBM-v2,specimen_2,2025_04_10-16_08_53,valid,direct_ps,specimen_2__2025_04_10-16_08_53__Clip_1__end,0.4859320046893318,,,0.0,,2.245868682861328,2.235668182373047,2.2456130981445312,2.2458019256591797,1.93612539768219,0.9211337030191005,-0.21759247779846191,63.05147058823529,0.0,0.0,0.0,0.0,0.0,1744294158_406133651,0.44607268464243843,1.0316556692123413,1.2492481470108032,0.6497411131858826,0.9052851796150208,0.9591673612594604,1.237241506576538,0.9475524425506592,0.9226608977825852,1.0893561103810776,0.06799531066822978,79.63206307490145,3.6235803136830715,0.8311768330252619,58.842617631151974,0.0,0.0,1.0316556692123413,1.1728956699371338,54.51595457003786,3.6235803136830715,0.05408328826392645,1.2492481470108032,1.4608113765716553,-0.21091579709399705,16.467765904963017,specimen_2__2025_04_10-16_08_53__Clip_1__end,valid,0.0023749684914946556,0.042727965861558914,0.40105965733528137,0.21498729288578033,0.15958102279728897,1849
EGBM-v2,specimen_2,2025_04_10-16_08_53,valid,direct_ps,specimen_2__2025_04_10-16_08_53__Clip_2__start,0.4859320046893318,,,0.0,,2.245868682861328,2.235668182373047,2.2456130981445312,2.2458019256591797,1.93612539768219,0.9211337030191005,-0.21759247779846191,63.05147058823529,0.0,0.0,0.0,0.0,0.0,1744294158_406133651,0.44607268464243843,1.0316556692123413,1.2492481470108032,0.6497411131858826,0.9052851796150208,0.9591673612594604,1.237241506576538,0.9475524425506592,0.9226608977825852,1.0893561103810776,0.06799531066822978,79.63206307490145,3.6235803136830715,0.8311768330252619,58.842617631151974,0.0,0.0,1.0316556692123413,1.1728956699371338,54.51595457003786,3.6235803136830715,0.05408328826392645,1.2492481470108032,1.4608113765716553,-0.21091579709399705,16.500474885106087,specimen_2__2025_04_10-16_08_53__Clip_2__start,valid,0.0023749684914946556,0.042727965861558914,0.40105965733528137,0.21498729288578033,0.15958102279728897,1849
EGBM-v2,specimen_2,2025_04_10-16_08_53,usable_with_warning,direct_ps,specimen_2__2025_04_10-16_08_53__Clip_2__end,0.5861244019138756,,,0.0,,2.245861053466797,2.1303892135620117,2.2455406188964844,2.245783567428589,1.613079309463501,0.923582580115037,0.07094454765319824,64.02321083172147,0.0,0.0,0.0,0.0,0.0,1744294172_039264440,0.3875598086124402,1.1772923469543457,1.1063477993011475,0.8436675667762756,0.7909159064292908,0.8887760639190674,1.0558605194091797,0.8588497638702393,0.825,1.5123456790123457,0.02631578947368421,73.66255144032921,2.8947368421052633,0.7855382087099425,68.02631578947368,0.0,0.0,1.1772923469543457,1.2910116910934448,48.026315789473685,2.8947368421052633,0.0,1.1063477993011475,1.3240668773651123,0.06026077366147136,16.447526402771473,specimen_2__2025_04_10-16_08_53__Clip_2__end,usable_with_warning,0.0043588303960859776,0.06533882766962051,0.5195958614349365,0.30601581931114197,0.1972062448644207,1520
EGBM-v2,specimen_2,2025_04_10-16_08_53,usable_with_warning,direct_ps,specimen_2__2025_04_10-16_08_53__Clip_3__start,0.5861244019138756,,,0.0,,2.245861053466797,2.1303892135620117,2.2455406188964844,2.245783567428589,1.613079309463501,0.923582580115037,0.07094454765319824,64.02321083172147,0.0,0.0,0.0,0.0,0.0,1744294172_039264440,0.3875598086124402,1.1772923469543457,1.1063477993011475,0.8436675667762756,0.7909159064292908,0.8887760639190674,1.0558605194091797,0.8588497638702393,0.825,1.5123456790123457,0.02631578947368421,73.66255144032921,2.8947368421052633,0.7855382087099425,68.02631578947368,0.0,0.0,1.1772923469543457,1.2910116910934448,48.026315789473685,2.8947368421052633,0.0,1.1063477993011475,1.3240668773651123,0.06026077366147136,16.47263392806053,specimen_2__2025_04_10-16_08_53__Clip_3__start,usable_with_warning,0.0043588303960859776,0.06533882766962051,0.5195958614349365,0.30601581931114197,0.1972062448644207,1520
EGBM-v2,specimen_2,2025_04_10-16_08_53,valid,direct_ps,specimen_2__2025_04_10-16_08_53__Clip_3__end,0.33087330873308735,,,0.0,,2.2462120056152344,2.2182140350341797,2.2461185455322266,2.246185302734375,1.816911220550537,0.906519065190652,-0.15451407432556152,47.506561679790025,0.0,0.0,0.0,0.0,0.0,1744294190_338742733,0.6039360393603936,1.0312992334365845,1.185813307762146,0.7668436169624329,0.8256328105926514,0.8961951732635498,0.7194587588310242,0.8935975432395935,0.8539915966386554,0.5478615071283096,0.06519065190651907,67.77583187390543,3.1512605042016806,0.8031980319803198,40.02100840336135,0.0,0.0,1.0312992334365845,1.13595449924469,61.65966386554622,3.1512605042016806,0.21008403361344538,1.185813307762146,1.3827418088912964,-0.14982467679208522,16.483699902892113,specimen_2__2025_04_10-16_08_53__Clip_3__end,valid,0.006314991973340511,0.05673754960298538,0.3823830783367157,0.23798006772994995,0.18450184501845018,952
EGBM-v2,specimen_2,2025_04_10-16_08_53,valid,direct_ps,specimen_2__2025_04_10-16_08_53__Clip_4__start,0.33087330873308735,,,0.0,,2.2462120056152344,2.2182140350341797,2.2461185455322266,2.246185302734375,1.816911220550537,0.906519065190652,-0.15451407432556152,47.506561679790025,0.0,0.0,0.0,0.0,0.0,1744294190_338742733,0.6039360393603936,1.0312992334365845,1.185813307762146,0.7668436169624329,0.8256328105926514,0.8961951732635498,0.7194587588310242,0.8935975432395935,0.8539915966386554,0.5478615071283096,0.06519065190651907,67.77583187390543,3.1512605042016806,0.8031980319803198,40.02100840336135,0.0,0.0,1.0312992334365845,1.13595449924469,61.65966386554622,3.1512605042016806,0.21008403361344538,1.185813307762146,1.3827418088912964,-0.14982467679208522,16.565091907978058,specimen_2__2025_04_10-16_08_53__Clip_4__start,valid,0.006314991973340511,0.05673754960298538,0.3823830783367157,0.23798006772994995,0.18450184501845018,952
EGBM-v2,specimen_2,2025_04_10-16_08_53,valid,direct_ps,specimen_2__2025_04_10-16_08_53__Clip_4__end,0.009708737864077669,,,0.0,,2.2461471557617188,2.202014923095703,2.246011257171631,2.246117353439331,3.8264877796173096,0.31155778894472363,-1.5178609788417816,0.0,0.0,0.0,0.0,0.0,0.0,1744294204_338754653,0.9805825242718447,0.44614270329475403,1.9640036821365356,0.1436443328857422,0.8248800039291382,0.8873597979545593,1.8396673202514648,0.8751676678657532,0.8419618528610354,0.009900990099009901,0.009708737864077669,72.91066282420749,0.2881844380403458,0.2914572864321608,5.449591280653951,5.449591280653951,2.17983651226158,0.44614270329475403,1.33162260055542,74.38692098092643,5.722070844686648,5.449591280653951,1.9640036821365356,2.547502279281616,-3.4021871648519895,16.455999109894037,specimen_2__2025_04_10-16_08_53__Clip_4__end,valid,0.004026917275041342,0.012080707587301731,0.1449563205242157,0.07248083502054214,0.6984924623115578,367
EGBM-v2,specimen_2,2025_04_10-16_08_53,valid,direct_ps,specimen_2__2025_04_10-16_08_53__Clip_5__start,0.009708737864077669,,,0.0,,2.2461471557617188,2.202014923095703,2.246011257171631,2.246117353439331,3.8264877796173096,0.31155778894472363,-1.5178609788417816,0.0,0.0,0.0,0.0,0.0,0.0,1744294204_338754653,0.9805825242718447,0.44614270329475403,1.9640036821365356,0.1436443328857422,0.8248800039291382,0.8873597979545593,1.8396673202514648,0.8751676678657532,0.8419618528610354,0.009900990099009901,0.009708737864077669,72.91066282420749,0.2881844380403458,0.2914572864321608,5.449591280653951,5.449591280653951,2.17983651226158,0.44614270329475403,1.33162260055542,74.38692098092643,5.722070844686648,5.449591280653951,1.9640036821365356,2.547502279281616,-3.4021871648519895,16.517290845513344,specimen_2__2025_04_10-16_08_53__Clip_5__start,valid,0.004026917275041342,0.012080707587301731,0.1449563205242157,0.07248083502054214,0.6984924623115578,367
EGBM-v2,specimen_3,2025_05_08-14_24_24,valid,direct_polaris,specimen_3__2025_05_08-14_24_24__Clip_1__start,0.016666666666666666,,,0.0,,2.2446022033691406,2.2393627166748047,2.2437548637390137,2.2442612648010254,0.4868493378162384,0.016666666666666666,-1.9648852348327637,0.5263157894736842,0.40816326530612246,0.0,0.0,0.0,0.0,1746707079_607564926,0.9833333333333333,4.2794294357299805,6.244314670562744,1.4006072282791138,0.9201836585998535,0.9574282169342041,2.1508665084838867,0.949785590171814,0.9391304347826087,0.01694915254237288,0.0,60.0,49.411764705882355,0.0,99.1304347826087,85.21739130434783,27.1304347826087,4.2794294357299805,4.4214887619018555,99.1304347826087,92.17391304347827,82.78260869565217,6.244314670562744,6.4540815353393555,-0.459146543795644,16.459513921290636,specimen_3__2025_05_08-14_24_24__Clip_1__start,valid,0.001964787719771266,0.009823543019592762,0.11195258051156998,0.05500146374106407,1.0,575
EGBM-v2,specimen_1,2025_03_06-17_36_19,valid,,specimen_1__2025_03_06-17_36_19__Clip_1__start,0.10507246376811594,4.039843559265137,5.5436692237854,0.0,,2.2459754943847656,2.244826316833496,2.2454707622528076,2.245713949203491,0.8736382722854614,0.12043795620437957,-1.7072727680206299,9.13978494623656,14.893617021276595,0.0,0.0,0.0,0.0,1741278986_751394987,0.894927536231884,2.371694803237915,4.0946173667907715,2.0925872325897217,0.9797304272651672,0.9901734590530396,2.1808464527130127,0.9904006719589233,0.9857142857142858,0.11740890688259109,0.0,94.68085106382979,54.3010752688172,0.021897810218978103,66.42857142857143,33.57142857142857,13.214285714285715,2.4908483028411865,3.388979434967041,92.14285714285714,64.64285714285715,29.642857142857142,4.198121070861816,4.876852512359619,-0.6854182031371516,16.47892314940691,specimen_1__2025_03_06-17_36_19__Clip_1__start,valid,0.004169085528701544,0.008338110521435738,0.11671055853366852,0.05835890397429466,0.9781021897810219,280
EGBM-v2,specimen_1,2025_03_06-17_36_19,valid,,specimen_1__2025_03_06-17_36_19__Clip_1__end,0.12,6.50390625,8.490412712097168,0.0,,2.2459468841552734,2.2446556091308594,2.245487928390503,2.2456886768341064,1.0671284198760986,0.1721311475409836,-1.6022145748138428,13.690476190476192,17.543859649122805,0.0,0.0,0.0,0.0,1741278996_409678220,0.872,1.9708125591278076,3.5668787956237793,2.0996501445770264,0.9793067574501038,0.9865195155143738,2.154849052429199,0.9874011874198914,0.984251968503937,0.13761467889908258,0.008,95.34883720930233,55.32994923857868,0.06557377049180328,66.14173228346458,22.440944881889763,5.118110236220472,2.0421998500823975,2.570383310317993,89.37007874015748,61.417322834645674,21.25984251968504,3.6444144248962402,4.141701698303223,-0.7845532721732389,16.461777966469526,specimen_1__2025_03_06-17_36_19__Clip_1__end,valid,0.004779097158461809,0.009558125399053097,0.11945568025112152,0.05734116956591606,0.9344262295081968,254
EGBM-v2,specimen_1,2025_03_06-17_36_19,valid,,specimen_1__2025_03_06-17_36_19__Clip_2__start,0.12,6.50390625,8.490412712097168,0.0,,2.2459468841552734,2.2446556091308594,2.245487928390503,2.2456886768341064,1.0671284198760986,0.1721311475409836,-1.6022145748138428,13.690476190476192,17.543859649122805,0.0,0.0,0.0,0.0,1741278996_409678220,0.872,1.9708125591278076,3.5668787956237793,2.0996501445770264,0.9793067574501038,0.9865195155143738,2.154849052429199,0.9874011874198914,0.984251968503937,0.13761467889908258,0.008,95.34883720930233,55.32994923857868,0.06557377049180328,66.14173228346458,22.440944881889763,5.118110236220472,2.0421998500823975,2.570383310317993,89.37007874015748,61.417322834645674,21.25984251968504,3.6444144248962402,4.141701698303223,-0.7845532721732389,16.490030102431774,specimen_1__2025_03_06-17_36_19__Clip_2__start,valid,0.004779097158461809,0.009558125399053097,0.11945568025112152,0.05734116956591606,0.9344262295081968,254
EGBM-v2,specimen_1,2025_03_06-17_36_19,valid,,specimen_1__2025_03_06-17_36_19__Clip_2__end,0.1446280991735537,0.25,2.4941139221191406,0.0,,2.246082305908203,2.244701385498047,2.245530843734741,2.245840311050415,0.9077736735343933,0.2723404255319149,-1.4956495761871338,16.560509554140125,12.658227848101266,0.0,0.0,0.0,0.0,1741279006_770105361,0.8553719008264463,2.4354424476623535,3.928011894226074,1.9537853002548218,0.9907649159431458,0.9925788640975952,2.0932157039642334,0.9945104122161865,0.9918032786885246,0.16908212560386474,0.0,98.85057471264368,40.60606060606061,0.16170212765957448,64.34426229508196,32.37704918032787,13.934426229508196,2.426485538482666,3.2671542167663574,88.9344262295082,55.73770491803278,29.098360655737704,3.9221351146698,4.725648403167725,-0.6163851185045166,16.43374701961875,specimen_1__2025_03_06-17_36_19__Clip_2__end,valid,0.005183414556086063,0.010366560891270638,0.1243743747472763,0.062191445380449295,0.8340425531914893,244
EGBM-v2,specimen_1,2025_03_06-17_36_19,valid,,specimen_1__2025_03_06-17_36_19__Clip_3__start,0.1446280991735537,0.25,2.4941139221191406,0.0,,2.246082305908203,2.244701385498047,2.245530843734741,2.245840311050415,0.9077736735343933,0.2723404255319149,-1.4956495761871338,16.560509554140125,12.658227848101266,0.0,0.0,0.0,0.0,1741279006_770105361,0.8553719008264463,2.4354424476623535,3.928011894226074,1.9537853002548218,0.9907649159431458,0.9925788640975952,2.0932157039642334,0.9945104122161865,0.9918032786885246,0.16908212560386474,0.0,98.85057471264368,40.60606060606061,0.16170212765957448,64.34426229508196,32.37704918032787,13.934426229508196,2.426485538482666,3.2671542167663574,88.9344262295082,55.73770491803278,29.098360655737704,3.9221351146698,4.725648403167725,-0.6163851185045166,16.455638222396374,specimen_1__2025_03_06-17_36_19__Clip_3__start,valid,0.005183414556086063,0.010366560891270638,0.1243743747472763,0.062191445380449295,0.8340425531914893,244
EGBM-v2,specimen_1,2025_03_06-17_36_19,valid,,specimen_1__2025_03_06-17_36_19__Clip_3__end,0.15873015873015872,5.176339149475098,7.225972652435303,0.0,,2.2459163665771484,2.244565963745117,2.2454123497009277,2.2456910610198975,0.8410707116127014,0.22406639004149378,-1.4454915523529053,15.053763440860216,15.151515151515152,0.0,0.0,0.0,0.0,1741279020_417998790,0.8412698412698413,2.517305850982666,3.945948600769043,2.009679079055786,0.9762164354324341,0.9865775108337402,2.138152599334717,0.9854169487953186,0.9767441860465116,0.18867924528301888,0.0,93.05555555555556,47.16981132075472,0.0995850622406639,72.09302325581395,38.372093023255815,14.34108527131783,2.5894501209259033,3.2861039638519287,87.20930232558139,61.627906976744185,33.33333333333333,4.034941673278809,4.780734062194824,-0.5582233620457012,16.47016080096364,specimen_1__2025_03_06-17_36_19__Clip_3__end,valid,0.004954329691827297,0.009908217005431652,0.1238330826163292,0.05944257229566574,0.8921161825726142,258
EGBM-v2,specimen_1,2025_03_06-17_36_19,valid,,specimen_1__2025_03_06-17_36_19__Clip_4__start,0.15873015873015872,5.176339149475098,7.225972652435303,0.0,,2.2459163665771484,2.244565963745117,2.2454123497009277,2.2456910610198975,0.8410707116127014,0.22406639004149378,-1.4454915523529053,15.053763440860216,15.151515151515152,0.0,0.0,0.0,0.0,1741279020_417998790,0.8412698412698413,2.517305850982666,3.945948600769043,2.009679079055786,0.9762164354324341,0.9865775108337402,2.138152599334717,0.9854169487953186,0.9767441860465116,0.18867924528301888,0.0,93.05555555555556,47.16981132075472,0.0995850622406639,72.09302325581395,38.372093023255815,14.34108527131783,2.5894501209259033,3.2861039638519287,87.20930232558139,61.627906976744185,33.33333333333333,4.034941673278809,4.780734062194824,-0.5582233620457012,16.473785042762756,specimen_1__2025_03_06-17_36_19__Clip_4__start,valid,0.004954329691827297,0.009908217005431652,0.1238330826163292,0.05944257229566574,0.8921161825726142,258
EGBM-v2,specimen_3,2025_05_08-14_36_52,valid,direct_ps,specimen_3__2025_05_08-14_36_52__Clip_1__start,0.002053388090349076,42.34375,40.098594665527344,0.0,,2.245424270629883,2.2354793548583984,2.2444233894348145,2.2449989318847656,0.7518331408500671,0.002053388090349076,-1.9590020179748535,0.0,0.0,0.0,0.0,0.0,0.0,1746707818_207958698,0.997946611909651,2.614717960357666,4.582077980041504,2.2451553344726562,0.9316739439964294,0.9699531197547913,2.034519910812378,0.968465268611908,0.9662698412698413,0.00205761316872428,0.0,0.0,92.5311203319502,0.0,100.0,4.365079365079365,1.1904761904761905,2.693545341491699,3.2544243335723877,100.0,92.85714285714286,25.992063492063494,4.652547359466553,4.980000972747803,-0.7272949847170377,16.45147195085883,specimen_3__2025_05_08-14_36_52__Clip_1__start,valid,0.0022690563928335905,0.01134397741407156,0.11340676248073578,0.05671080946922302,1.0,504
EGBM-v2,specimen_3,2025_05_08-14_38_08,valid,direct_ps,specimen_3__2025_05_08-14_38_08__Clip_1__start,0.1835236541598695,12.814453125,11.533660888671875,0.0,,2.2456817626953125,2.2416763305664062,2.2450766563415527,2.2454299926757812,0.3208991289138794,0.1859706362153344,-1.2949833869934082,0.07507507507507508,10.660980810234541,0.0,0.0,0.0,0.0,1746707894_239512681,0.8164763458401305,5.962106227874756,7.288381576538086,1.6274529695510864,0.9003631472587585,0.9485737085342407,2.0906600952148438,0.9438806176185608,0.9197299324831207,0.22477522477522477,0.0,100.0,94.43037974683544,0.0032626427406199023,99.92498124531133,70.36759189797449,25.581395348837212,6.0443549156188965,8.762868881225586,99.92498124531133,90.847711927982,51.91297824456114,7.339338302612305,9.540617942810059,-0.21424674842423802,16.478351783007383,specimen_3__2025_05_08-14_38_08__Clip_1__start,valid,0.0010726385517045856,0.013943110592663288,0.14262358844280243,0.0707802027463913,0.9967373572593801,1333
EGBM-v2,specimen_3,2025_05_08-14_33_16,valid,direct_ps,specimen_3__2025_05_08-14_33_16__Clip_1__start,0.39622641509433965,18.640625,20.885900497436523,0.0,,2.2460155487060547,1.5563087463378906,2.2453956604003906,2.2460103034973145,0.28354617953300476,0.39622641509433965,-0.36013126373291016,11.818181818181818,15.686274509803921,0.0,0.0,0.0,0.0,1746707602_408067703,0.6037735849056604,4.860665321350098,5.186206340789795,1.3435992002487183,0.9178972840309143,0.9428501129150391,1.5087618827819824,0.954308807849884,0.954954954954955,0.65625,0.0,100.0,30.0,0.009433962264150943,99.09909909909909,45.94594594594595,37.83783783783784,5.108952522277832,7.29547643661499,88.28828828828829,54.95495495495496,35.13513513513514,5.469083786010742,8.1019287109375,-0.0704902349674499,16.464011278003454,specimen_3__2025_05_08-14_33_16__Clip_1__start,valid,0.023260125890374184,0.023260125890374184,0.2557922899723053,0.11629015952348709,0.9905660377358491,111
EGBM-v2,specimen_3,2025_05_08-14_33_16,valid,direct_ps,specimen_3__2025_05_08-14_33_16__Clip_1__end,0.2037037037037037,6.501420497894287,8.141695022583008,0.0,,2.2459373474121094,2.2414932250976562,2.2451910972595215,2.245527505874634,0.2892228662967682,0.20634920634920634,-1.289659023284912,1.0416666666666665,1.2461059190031152,0.0,0.0,0.0,0.0,1746707628_974280118,0.7962962962962963,6.755802154541016,8.00035285949707,1.482920527458191,0.9854714870452881,0.9870659112930298,2.0333051681518555,0.9904988408088684,0.9792746113989638,0.2558139534883721,0.0,100.0,89.23076923076924,0.0026455026455026454,99.48186528497409,83.16062176165802,63.98963730569949,6.726805210113525,7.583752632141113,98.96373056994818,97.15025906735751,84.4559585492228,8.016464233398438,8.597070693969727,-0.1917193947203872,16.518041025847197,specimen_3__2025_05_08-14_33_16__Clip_1__end,valid,0.0036677103489637375,0.011003063060343266,0.1393519937992096,0.06968104094266891,0.9973544973544973,386
EGBM-v2,specimen_2,2025_04_10-16_19_14,valid,direct_ps,specimen_2__2025_04_10-16_19_14__Clip_1__start,0.14285714285714285,,,0.0,,2.2446346282958984,2.242177963256836,2.244232416152954,2.244554281234741,2.6636462211608887,0.14285714285714285,-1.6120415329933167,50.0,0.0,0.0,0.0,0.0,0.0,1744294760_606107473,0.8571428571428571,0.8415178656578064,2.453559398651123,2.1616153717041016,0.9999999403953552,0.994868278503418,2.2409842014312744,0.9995206594467163,1.0,0.16666666666666666,0.0,100.0,14.285714285714285,0.0,28.57142857142857,0.0,0.0,0.8415178656578064,1.029710054397583,85.71428571428571,14.285714285714285,0.0,2.453559398651123,2.6519596576690674,-1.9156355423698572,16.497962176799774,specimen_2__2025_04_10-16_19_14__Clip_1__start,valid,0.16683842241764069,0.16683842241764069,0.16683842241764069,0.16683842241764069,0.8571428571428571,7
EGBM-v2,specimen_2,2025_04_10-16_19_14,valid,direct_ps,specimen_2__2025_04_10-16_19_14__Clip_1__end,0.0,,,0.0,,2.2425174713134766,2.239739418029785,2.2421576976776123,2.242445468902588,4.501043796539307,0.0,-2.238800674676895,0.0,0.0,0.0,0.0,0.0,0.0,1744294778_271383523,1.0,0.4973958432674408,2.736196517944336,0.0,0.9999992847442627,0.9936171174049377,2.238800525665283,0.9990188479423523,1.0,0.0,0.0,100.0,25.0,0.0,0.0,0.0,0.0,0.4973958432674408,0.5556586384773254,100.0,25.0,0.0,2.736196517944336,2.747345447540283,-4.501044198459721,16.48609433323145,specimen_2__2025_04_10-16_19_14__Clip_1__end,valid,0.08347168564796448,0.08347168564796448,0.08347168564796448,0.08347168564796448,1.0,12
EGBM-v2,specimen_2,2025_04_10-16_19_14,valid,direct_ps,specimen_2__2025_04_10-16_19_14__Clip_2__start,0.0,,,0.0,,2.2425174713134766,2.239739418029785,2.2421576976776123,2.242445468902588,4.501043796539307,0.0,-2.238800674676895,0.0,0.0,0.0,0.0,0.0,0.0,1744294778_271383523,1.0,0.4973958432674408,2.736196517944336,0.0,0.9999992847442627,0.9936171174049377,2.238800525665283,0.9990188479423523,1.0,0.0,0.0,100.0,25.0,0.0,0.0,0.0,0.0,0.4973958432674408,0.5556586384773254,100.0,25.0,0.0,2.736196517944336,2.747345447540283,-4.501044198459721,16.487046144902706,specimen_2__2025_04_10-16_19_14__Clip_2__start,valid,0.08347168564796448,0.08347168564796448,0.08347168564796448,0.08347168564796448,1.0,12
EGBM-v2,specimen_2,2025_04_10-16_19_14,valid,direct_ps,specimen_2__2025_04_10-16_19_14__Clip_2__end,0.1111111111111111,,,0.0,,2.2447280883789062,2.2417097091674805,2.244659900665283,2.2447144985198975,3.730970621109009,0.125,-1.803673267364502,100.0,0.0,0.0,0.0,0.0,0.0,1744294793_739244699,0.8888888888888888,0.6006944179534912,2.404367685317993,1.6935195922851562,0.9999997019767761,0.9946863651275635,2.2408223152160645,0.9994618892669678,1.0,0.125,0.0,100.0,5.555555555555555,0.125,11.11111111111111,0.0,0.0,0.6006944179534912,0.7938908338546753,88.88888888888889,5.555555555555555,0.0,2.404367685317993,2.526477098464966,-3.002646959013612,16.49535819888115,specimen_2__2025_04_10-16_19_14__Clip_2__end,valid,0.06260893493890762,0.06260893493890762,0.06260893493890762,0.06260893493890762,0.875,18
EGBM-v2,specimen_2,2025_04_10-16_19_14,valid,direct_ps,specimen_2__2025_04_10-16_19_14__Clip_3__start,0.1111111111111111,,,0.0,,2.2447280883789062,2.2417097091674805,2.244659900665283,2.2447144985198975,3.730970621109009,0.125,-1.803673267364502,100.0,0.0,0.0,0.0,0.0,0.0,1744294793_739244699,0.8888888888888888,0.6006944179534912,2.404367685317993,1.6935195922851562,0.9999997019767761,0.9946863651275635,2.2408223152160645,0.9994618892669678,1.0,0.125,0.0,100.0,5.555555555555555,0.125,11.11111111111111,0.0,0.0,0.6006944179534912,0.7938908338546753,88.88888888888889,5.555555555555555,0.0,2.404367685317993,2.526477098464966,-3.002646959013612,16.491512302309275,specimen_2__2025_04_10-16_19_14__Clip_3__start,valid,0.06260893493890762,0.06260893493890762,0.06260893493890762,0.06260893493890762,0.875,18
EGBM-v2,specimen_2,2025_04_10-16_19_14,valid,direct_ps,specimen_2__2025_04_10-16_19_14__Clip_3__end,0.0,0.828125,1.4157867431640625,0.0,,2.244131088256836,2.2410221099853516,2.243999481201172,2.2441048622131348,2.3722381591796875,0.15384615384615385,-2.0118736624717712,0.0,0.0,0.0,0.0,0.0,0.0,1744294808_039081096,1.0,0.9309895634651184,3.0615475177764893,0.0,0.9999992847442627,0.9943802952766418,2.011873722076416,0.999293327331543,1.0,0.0,0.0,100.0,25.0,0.15384615384615385,15.384615384615385,7.6923076923076925,7.6923076923076925,0.9230769276618958,1.7469711303710938,100.0,30.76923076923077,7.6923076923076925,2.934950590133667,3.2577686309814453,-2.179529790185244,16.480765771120787,specimen_2__2025_04_10-16_19_14__Clip_3__end,valid,0.0858033299446106,0.0858033299446106,0.0858033299446106,0.0858033299446106,0.8461538461538461,13
EGBM-v2,specimen_2,2025_04_10-16_19_14,valid,direct_ps,specimen_2__2025_04_10-16_19_14__Clip_4__start,0.0,0.828125,1.4157867431640625,0.0,,2.244131088256836,2.2410221099853516,2.243999481201172,2.2441048622131348,2.3722381591796875,0.15384615384615385,-2.0118736624717712,0.0,0.0,0.0,0.0,0.0,0.0,1744294808_039081096,1.0,0.9309895634651184,3.0615475177764893,0.0,0.9999992847442627,0.9943802952766418,2.011873722076416,0.999293327331543,1.0,0.0,0.0,100.0,25.0,0.15384615384615385,15.384615384615385,7.6923076923076925,7.6923076923076925,0.9230769276618958,1.7469711303710938,100.0,30.76923076923077,7.6923076923076925,2.934950590133667,3.2577686309814453,-2.179529790185244,16.489890404045582,specimen_2__2025_04_10-16_19_14__Clip_4__start,valid,0.0858033299446106,0.0858033299446106,0.0858033299446106,0.0858033299446106,0.8461538461538461,13
EGBM-v2,specimen_2,2025_04_10-16_19_14,valid,direct_ps,specimen_2__2025_04_10-16_19_14__Clip_4__end,0.07142857142857142,,,0.0,,2.2413806915283203,2.2322921752929688,2.240895986557007,2.241283655166626,2.2580149173736572,0.07142857142857142,-2.0335771441459656,12.5,0.0,0.0,0.0,0.0,0.0,1744294819_472425222,0.9285714285714286,0.9866071343421936,3.020184278488159,0.4817924499511719,0.999857485294342,0.990932822227478,2.227067232131958,0.9959521293640137,1.0,0.07692307692307693,0.0,100.0,64.28571428571429,0.07142857142857142,57.14285714285714,0.0,0.0,0.9866071343421936,1.0184712409973145,92.85714285714286,64.28571428571429,0.0,3.020184278488159,3.0873420238494873,-2.0611822815388665,16.44839672371745,specimen_2__2025_04_10-16_19_14__Clip_4__end,valid,0.07741746306419373,0.07741746306419373,0.07741746306419373,0.07741746306419373,0.9285714285714286,14
EGBM-v2,specimen_2,2025_04_10-16_19_14,valid,direct_ps,specimen_2__2025_04_10-16_19_14__Clip_5__start,0.07142857142857142,,,0.0,,2.2413806915283203,2.2322921752929688,2.240895986557007,2.241283655166626,2.2580149173736572,0.07142857142857142,-2.0335771441459656,12.5,0.0,0.0,0.0,0.0,0.0,1744294819_472425222,0.9285714285714286,0.9866071343421936,3.020184278488159,0.4817924499511719,0.999857485294342,0.990932822227478,2.227067232131958,0.9959521293640137,1.0,0.07692307692307693,0.0,100.0,64.28571428571429,0.07142857142857142,57.14285714285714,0.0,0.0,0.9866071343421936,1.0184712409973145,92.85714285714286,64.28571428571429,0.0,3.020184278488159,3.0873420238494873,-2.0611822815388665,16.476660035550594,specimen_2__2025_04_10-16_19_14__Clip_5__start,valid,0.07741746306419373,0.07741746306419373,0.07741746306419373,0.07741746306419373,0.9285714285714286,14
EGBM-v2,specimen_2,2025_04_10-16_19_14,valid,direct_ps,specimen_2__2025_04_10-16_19_14__Clip_5__end,0.13333333333333333,,,0.0,,2.243061065673828,2.2405776977539062,2.242248058319092,2.242898464202881,3.0449204444885254,0.14285714285714285,-1.6446197032928467,66.66666666666666,0.0,0.0,0.0,0.0,0.0,1744294833_172259569,0.8666666666666667,0.7354166507720947,2.3800363540649414,2.2188720703125,0.9999997019767761,0.9937779903411865,2.2390031814575195,0.9991313815116882,1.0,0.15384615384615385,0.0,100.0,13.333333333333334,0.0,20.0,0.0,0.0,0.7354166507720947,0.9846147298812866,86.66666666666667,13.333333333333334,0.0,2.3800363540649414,2.565033197402954,-2.236310126465322,16.47304417565465,specimen_2__2025_04_10-16_19_14__Clip_5__end,valid,0.07706248760223389,0.07706248760223389,0.07706248760223389,0.07706248760223389,0.9285714285714286,15
EGBM-v2,specimen_3,2025_05_08-14_49_00,valid,direct_ps,specimen_3__2025_05_08-14_49_00__Clip_1__start,,,,,,,,,,,,,,,,,,,1746708547_674401521,,,,,1.0,0.9964966177940369,,0.9998535513877869,,,,,,,,,,,,,,,,,,16.47730078548193,specimen_3__2025_05_08-14_49_00__Clip_1__start,valid,,,,,,0
EGBM-v2,specimen_3,2025_05_08-14_49_00,valid,direct_ps,specimen_3__2025_05_08-14_49_00__Clip_1__end,0.6666666666666666,,,0.0,,2.2448959350585938,2.2445335388183594,2.2448196411132812,2.2448806762695312,1.8655868768692017,0.6666666666666666,-0.1403675079345703,100.0,0.0,0.0,0.0,0.0,0.0,1746708572_640835762,0.3333333333333333,1.203125,1.3434925079345703,0.9117984771728516,1.0,0.9964399933815002,2.244699478149414,0.9999389052391052,1.0,2.0,0.0,100.0,0.0,0.6666666666666666,66.66666666666666,0.0,0.0,1.203125,1.3161531686782837,33.33333333333333,0.0,0.0,1.3434925079345703,1.6509312391281128,-0.11666909750405845,16.469169408082962,specimen_3__2025_05_08-14_49_00__Clip_1__end,valid,0.5000437498092651,0.5000437498092651,0.5000437498092651,0.5000437498092651,0.3333333333333333,6
EGBM-v2,specimen_3,2025_05_08-14_52_45,valid,direct_ps,specimen_3__2025_05_08-14_52_45__Clip_1__start,,,,,,,,,,,,,,,,,,,1746708771_572831630,,,,,1.0,0.9965543746948242,,0.9998698830604553,,,,,,,,,,,,,,,,,,16.460175160318613,specimen_3__2025_05_08-14_52_45__Clip_1__start,valid,,,,,,0
EGBM-v2,specimen_2,2025_04_10-16_33_49,valid,direct_ps,specimen_2__2025_04_10-16_33_49__Clip_1__end,,,,,,,,,,,,,,,,,,,1744295654_972905158,,,,,1.0,0.9964979887008667,,0.9998511672019958,,,,,,,,,,,,,,,,,,16.509659122675657,specimen_2__2025_04_10-16_33_49__Clip_1__end,valid,,,,,,0
EGBM-v2,specimen_2,2025_04_10-16_33_49,valid,direct_ps,specimen_2__2025_04_10-16_33_49__Clip_2__start,,,,,,,,,,,,,,,,,,,1744295654_972905158,,,,,1.0,0.9964979887008667,,0.9998511672019958,,,,,,,,,,,,,,,,,,16.455357894301414,specimen_2__2025_04_10-16_33_49__Clip_2__start,valid,,,,,,0
EGBM-v2,specimen_2,2025_04_10-16_33_49,valid,direct_ps,specimen_2__2025_04_10-16_33_49__Clip_2__end,,,,,,,,,,,,,,,,,,,1744295670_139412641,,,,,1.0,0.9965311884880066,,0.999890148639679,,,,,,,,,,,,,,,,,,16.452243085950613,specimen_2__2025_04_10-16_33_49__Clip_2__end,valid,,,,,,0
EGBM-v2,specimen_2,2025_04_10-16_33_49,valid,direct_ps,specimen_2__2025_04_10-16_33_49__Clip_3__start,,,,,,,,,,,,,,,,,,,1744295670_139412641,,,,,1.0,0.9965311884880066,,0.999890148639679,,,,,,,,,,,,,,,,,,16.427055932581425,specimen_2__2025_04_10-16_33_49__Clip_3__start,valid,,,,,,0
EGBM-v2,specimen_2,2025_04_10-16_33_49,valid,direct_ps,specimen_2__2025_04_10-16_33_49__Clip_3__end,,,,,,,,,,,,,,,,,,,1744295685_039219856,,,,,0.9999998807907104,0.9963869452476501,,0.9998811483383179,,,,,,,,,,,,,,,,,,16.48973999544978,specimen_2__2025_04_10-16_33_49__Clip_3__end,valid,,,,,,0
EGBM-v2,specimen_2,2025_04_10-16_33_49,valid,direct_ps,specimen_2__2025_04_10-16_33_49__Clip_4__start,,,,,,,,,,,,,,,,,,,1744295685_039219856,,,,,0.9999998807907104,0.9963869452476501,,0.9998811483383179,,,,,,,,,,,,,,,,,,16.451462171971798,specimen_2__2025_04_10-16_33_49__Clip_4__start,valid,,,,,,0
EGBM-v2,specimen_3,2025_05_08-14_27_51,valid,direct_polaris,specimen_3__2025_05_08-14_27_51__Clip_1__start,0.02697841726618705,16.44318199157715,16.643003463745117,0.0,,2.2453079223632812,2.2398948669433594,2.243635654449463,2.244515895843506,0.45846912264823914,0.03423423423423423,-1.9120354652404785,0.34843205574912894,0.0,0.0,0.0,0.0,0.0,1746707276_907970428,0.9730215827338129,4.268482685089111,6.212713718414307,0.9326404333114624,0.9070293307304382,0.9646884799003601,2.1320436000823975,0.9546096920967102,0.9328859060402684,0.027726432532347505,0.0,86.36363636363636,40.42553191489361,0.010810810810810811,96.30872483221476,84.22818791946308,33.557046979865774,4.493183612823486,5.962998390197754,99.16107382550335,90.60402684563759,82.71812080536914,6.405219078063965,7.447512149810791,-0.4255413599799382,16.44700625911355,specimen_3__2025_05_08-14_27_51__Clip_1__start,valid,0.0019454355351626873,0.009725525043904781,0.1147250160574913,0.05639607459306717,0.9891891891891892,596
EGBM-v2,specimen_3,2025_05_08-14_27_51,valid,direct_polaris,specimen_3__2025_05_08-14_27_51__Clip_1__end,0.0091324200913242,,,0.0,,2.24481201171875,2.2393484115600586,2.2436673641204834,2.2441954612731934,0.4652270972728729,0.009153318077803204,-2.094791889190674,0.9009009009009009,0.0,0.0,0.0,0.0,0.0,1746707293_306623220,0.9908675799086758,4.624232769012451,6.719024658203125,1.3778276443481445,0.9720917344093323,0.9762468338012695,2.1746439933776855,0.9795022010803223,0.9776785714285714,0.009216589861751152,0.0,100.0,67.27272727272727,0.002288329519450801,99.10714285714286,87.72321428571429,40.17857142857143,4.624232769012451,4.809813022613525,99.10714285714286,95.98214285714286,87.05357142857143,6.719024658203125,6.905657768249512,-0.45300312372424895,16.43881294876337,specimen_3__2025_05_08-14_27_51__Clip_1__end,valid,0.002378033706918359,0.00951157696545124,0.10458508133888245,0.05229878053069115,0.9977116704805492,448
EGBM-v2,specimen_3,2025_05_08-14_27_51,valid,direct_polaris,specimen_3__2025_05_08-14_27_51__Clip_2__start,0.0091324200913242,,,0.0,,2.24481201171875,2.2393484115600586,2.2436673641204834,2.2441954612731934,0.4652270972728729,0.009153318077803204,-2.094791889190674,0.9009009009009009,0.0,0.0,0.0,0.0,0.0,1746707293_306623220,0.9908675799086758,4.624232769012451,6.719024658203125,1.3778276443481445,0.9720917344093323,0.9762468338012695,2.1746439933776855,0.9795022010803223,0.9776785714285714,0.009216589861751152,0.0,100.0,67.27272727272727,0.002288329519450801,99.10714285714286,87.72321428571429,40.17857142857143,4.624232769012451,4.809813022613525,99.10714285714286,95.98214285714286,87.05357142857143,6.719024658203125,6.905657768249512,-0.45300312372424895,16.4885469712317,specimen_3__2025_05_08-14_27_51__Clip_2__start,valid,0.002378033706918359,0.00951157696545124,0.10458508133888245,0.05229878053069115,0.9977116704805492,448
EGBM-v2,specimen_3,2025_05_08-14_27_51,valid,direct_polaris,specimen_3__2025_05_08-14_27_51__Clip_2__end,0.019569471624266144,39.11458206176758,37.72750473022461,0.0,,2.2458724975585938,2.2414941787719727,2.2440249919891357,2.244631767272949,0.4150571823120117,0.025440313111545987,-2.0196080207824707,0.3913894324853229,0.0,0.0,0.0,0.0,0.0,1746707310_007738113,0.9804305283757339,4.736559867858887,6.795325756072998,1.7718311548233032,0.9568197131156921,0.973958432674408,2.163353204727173,0.9720024466514587,0.9678030303030303,0.01996007984031936,0.0,94.11764705882352,51.35135135135135,0.009784735812133072,96.78030303030303,85.98484848484848,37.121212121212125,5.1272196769714355,8.63361930847168,99.43181818181817,93.18181818181817,85.22727272727273,7.146827697753906,9.714298248291016,-0.3938992569117733,16.501036006957293,specimen_3__2025_05_08-14_27_51__Clip_2__end,valid,0.0020706665236502886,0.010352589190006256,0.10763796418905258,0.053825873881578445,0.9902152641878669,528
EGBM-v2,specimen_3,2025_05_08-14_27_51,valid,direct_polaris,specimen_3__2025_05_08-14_27_51__Clip_3__start,0.019569471624266144,39.11458206176758,37.72750473022461,0.0,,2.2458724975585938,2.2414941787719727,2.2440249919891357,2.244631767272949,0.4150571823120117,0.025440313111545987,-2.0196080207824707,0.3913894324853229,0.0,0.0,0.0,0.0,0.0,1746707310_007738113,0.9804305283757339,4.736559867858887,6.795325756072998,1.7718311548233032,0.9568197131156921,0.973958432674408,2.163353204727173,0.9720024466514587,0.9678030303030303,0.01996007984031936,0.0,94.11764705882352,51.35135135135135,0.009784735812133072,96.78030303030303,85.98484848484848,37.121212121212125,5.1272196769714355,8.63361930847168,99.43181818181817,93.18181818181817,85.22727272727273,7.146827697753906,9.714298248291016,-0.3938992569117733,16.548497136682272,specimen_3__2025_05_08-14_27_51__Clip_3__start,valid,0.0020706665236502886,0.010352589190006256,0.10763796418905258,0.053825873881578445,0.9902152641878669,528
EGBM-v2,specimen_3,2025_05_08-14_27_51,valid,direct_polaris,specimen_3__2025_05_08-14_27_51__Clip_3__end,0.09885057471264368,59.37586975097656,57.41655731201172,0.0,,2.2458419799804688,2.240732192993164,2.2450499534606934,2.2456939220428467,0.1944570541381836,0.10344827586206896,-1.5948762893676758,0.2232142857142857,0.0,0.0,0.0,0.0,0.0,1746707324_174072980,0.9011494252873563,8.422568321228027,10.159296989440918,2.1459085941314697,0.9135379195213318,0.9467695355415344,2.1428029537200928,0.9415044784545898,0.9275053304904051,0.1096938775510204,0.0,61.904761904761905,41.75824175824176,0.006896551724137931,95.52238805970148,80.59701492537313,55.010660980810236,10.378131866455078,22.352333068847656,98.08102345415777,88.69936034115139,80.38379530916845,11.973008155822754,22.21120262145996,-0.15367662599496795,16.479243990033865,specimen_3__2025_05_08-14_27_51__Clip_3__end,valid,0.0026716249994933605,0.010685901157557964,0.12285884469747543,0.06143645569682121,0.993103448275862,469
EGBM-v2,specimen_3,2025_05_08-14_27_51,valid,direct_polaris,specimen_3__2025_05_08-14_27_51__Clip_4__start,0.09885057471264368,59.37586975097656,57.41655731201172,0.0,,2.2458419799804688,2.240732192993164,2.2450499534606934,2.2456939220428467,0.1944570541381836,0.10344827586206896,-1.5948762893676758,0.2232142857142857,0.0,0.0,0.0,0.0,0.0,1746707324_174072980,0.9011494252873563,8.422568321228027,10.159296989440918,2.1459085941314697,0.9135379195213318,0.9467695355415344,2.1428029537200928,0.9415044784545898,0.9275053304904051,0.1096938775510204,0.0,61.904761904761905,41.75824175824176,0.006896551724137931,95.52238805970148,80.59701492537313,55.010660980810236,10.378131866455078,22.352333068847656,98.08102345415777,88.69936034115139,80.38379530916845,11.973008155822754,22.21120262145996,-0.15367662599496795,16.5048916824162,specimen_3__2025_05_08-14_27_51__Clip_4__start,valid,0.0026716249994933605,0.010685901157557964,0.12285884469747543,0.06143645569682121,0.993103448275862,469
EGBM-v2,specimen_3,2025_05_08-14_27_51,valid,direct_polaris,specimen_3__2025_05_08-14_27_51__Clip_4__end,0.1943231441048035,67.55728912353516,65.62000274658203,0.0,,2.2460479736328125,2.242382049560547,2.2455291748046875,2.2458786964416504,0.10844524204730988,0.21555555555555556,-1.174600601196289,0.45558086560364464,0.25125628140703515,0.0,0.0,0.0,0.0,1746707335_507338523,0.8056768558951966,15.308920860290527,16.668588638305664,2.1017115116119385,0.9216097593307495,0.9661544561386108,2.0375635623931885,0.9604200124740601,0.9521829521829522,0.24119241192411925,0.0,40.476190476190474,39.75903614457831,0.017777777777777778,91.26819126819127,82.74428274428274,44.07484407484408,18.24178123474121,36.43361282348633,94.38669438669439,89.3970893970894,79.83367983367984,19.4163818359375,35.79145431518555,-0.0643906746869258,16.449179034680128,specimen_3__2025_05_08-14_27_51__Clip_4__end,valid,0.002984935650601983,0.011939370073378086,0.14324596524238586,0.07162851095199585,0.98,481
EGBM-v2,specimen_3,2025_05_08-14_27_51,valid,direct_polaris,specimen_3__2025_05_08-14_27_51__Clip_5__start,0.1943231441048035,67.55728912353516,65.62000274658203,0.0,,2.2460479736328125,2.242382049560547,2.2455291748046875,2.2458786964416504,0.10844524204730988,0.21555555555555556,-1.174600601196289,0.45558086560364464,0.25125628140703515,0.0,0.0,0.0,0.0,1746707335_507338523,0.8056768558951966,15.308920860290527,16.668588638305664,2.1017115116119385,0.9216097593307495,0.9661544561386108,2.0375635623931885,0.9604200124740601,0.9521829521829522,0.24119241192411925,0.0,40.476190476190474,39.75903614457831,0.017777777777777778,91.26819126819127,82.74428274428274,44.07484407484408,18.24178123474121,36.43361282348633,94.38669438669439,89.3970893970894,79.83367983367984,19.4163818359375,35.79145431518555,-0.0643906746869258,16.44380111247301,specimen_3__2025_05_08-14_27_51__Clip_5__start,valid,0.002984935650601983,0.011939370073378086,0.14324596524238586,0.07162851095199585,0.98,481
EGBM-v2,specimen_3,2025_05_08-14_27_51,valid,direct_polaris,specimen_3__2025_05_08-14_27_51__Clip_5__end,0.385,55.6796875,54.39434814453125,0.0,,2.2460098266601562,2.2416114807128906,2.2457642555236816,2.2458953857421875,0.06531359255313873,0.39,-0.44547080993652344,1.2755102040816326,0.0,0.0,0.0,0.0,0.0,1746707350_574324131,0.615,30.637805938720703,31.144010543823242,2.144829750061035,0.9462118744850159,0.9786456823348999,2.089472770690918,0.9710015654563904,0.9685230024213075,0.6260162601626016,0.0,71.42857142857143,52.0,0.01,94.91525423728814,81.84019370460048,57.6271186440678,31.486682891845703,48.64088439941406,97.3365617433414,91.28329297820824,81.35593220338984,31.932153701782227,47.47849655151367,-0.014147911720859288,16.478613018989563,specimen_3__2025_05_08-14_27_51__Clip_5__end,valid,0.004364056512713432,0.017455141991376877,0.17885509133338928,0.0872618556022644,0.9875,413
EGBM-v2,specimen_3,2025_05_08-14_27_51,valid,direct_polaris,specimen_3__2025_05_08-14_27_51__Clip_6__start,0.385,55.6796875,54.39434814453125,0.0,,2.2460098266601562,2.2416114807128906,2.2457642555236816,2.2458953857421875,0.06531359255313873,0.39,-0.44547080993652344,1.2755102040816326,0.0,0.0,0.0,0.0,0.0,1746707350_574324131,0.615,30.637805938720703,31.144010543823242,2.144829750061035,0.9462118744850159,0.9786456823348999,2.089472770690918,0.9710015654563904,0.9685230024213075,0.6260162601626016,0.0,71.42857142857143,52.0,0.01,94.91525423728814,81.84019370460048,57.6271186440678,31.486682891845703,48.64088439941406,97.3365617433414,91.28329297820824,81.35593220338984,31.932153701782227,47.47849655151367,-0.014147911720859288,16.448857728391886,specimen_3__2025_05_08-14_27_51__Clip_6__start,valid,0.004364056512713432,0.017455141991376877,0.17885509133338928,0.0872618556022644,0.9875,413
EGBM-v2,specimen_3,2025_05_08-14_27_51,valid,direct_polaris,specimen_3__2025_05_08-14_27_51__Clip_6__end,0.5878378378378378,53.39522171020508,51.810035705566406,0.0,,2.246063232421875,2.2437057495117188,2.245687484741211,2.2459449768066406,0.044975318014621735,0.608843537414966,0.3934211730957031,0.0,0.0,0.0,0.0,0.0,0.0,1746707366_407700300,0.41216216216216217,48.326454162597656,48.08769226074219,2.1914405822753906,0.9999334812164307,0.9955652356147766,2.170968532562256,0.9991438388824463,1.0,1.4262295081967213,0.0,100.0,55.88235294117647,0.017006802721088437,94.25675675675676,88.51351351351352,76.35135135135135,48.9086799621582,62.57197570800781,100.0,94.93243243243244,89.86486486486487,48.5152587890625,61.00371551513672,0.008043994918695462,16.428207978606224,specimen_3__2025_05_08-14_27_51__Clip_6__end,valid,0.008475208654999733,0.01695011369884014,0.24570918083190918,0.11863578855991364,0.9829931972789115,296
EGBM-v2,specimen_3,2025_05_08-14_34_16,valid,direct_ps,specimen_3__2025_05_08-14_34_16__Clip_1__start,0.4878048780487805,3.28125,1.0357131958007812,0.0,,2.246065139770508,1.5255670547485352,2.2449145317077637,2.2456653118133545,0.2415832281112671,0.4878048780487805,-0.0631875991821289,0.0,12.32876712328767,0.0,0.0,0.0,0.0,1746707662_208505630,0.5121951219512195,6.282327651977539,6.372052192687988,1.4518176317214966,0.9201986193656921,0.9451795816421509,1.5168544054031372,0.950442910194397,0.9318181818181818,0.9523809523809523,0.0,0.0,86.66666666666667,0.0,100.0,82.95454545454545,55.68181818181818,6.248224258422852,7.0356669425964355,100.0,87.5,56.81818181818182,6.3114118576049805,7.238976001739502,-0.010112889129571421,16.570200212299824,specimen_3__2025_05_08-14_34_16__Clip_1__start,valid,0.035239625722169876,0.035239625722169876,0.28175047039985657,0.14089857041835785,1.0,88
EGBM-v2,specimen_3,2025_05_08-14_34_16,valid,direct_ps,specimen_3__2025_05_08-14_34_16__Clip_1__end,0.3680555555555556,4.674107074737549,6.918850898742676,0.0,,2.2458648681640625,2.2253246307373047,2.2453505992889404,2.2457213401794434,0.3689402937889099,0.3706293706293706,-0.6807370185852051,16.296296296296298,8.98876404494382,0.0,0.0,0.0,0.0,1746707686_174271583,0.6319444444444444,4.868837833404541,5.472476482391357,1.437218427658081,0.9761938452720642,0.9731661677360535,1.9526143074035645,0.9815049171447754,0.9664429530201343,0.5824175824175825,0.0,100.0,20.0,0.055944055944055944,90.60402684563759,59.73154362416108,46.97986577181208,4.859689712524414,6.514986515045166,85.23489932885906,62.41610738255034,44.966442953020135,5.540426731109619,7.249090671539307,-0.14007828870859937,16.49772096425295,specimen_3__2025_05_08-14_34_16__Clip_1__end,valid,0.012632830999791622,0.012632830999791622,0.1768314391374588,0.08842284232378006,0.9300699300699301,149
EGBM-v2,specimen_3,2025_05_08-14_34_16,valid,direct_ps,specimen_3__2025_05_08-14_34_16__Clip_2__start,0.3680555555555556,4.674107074737549,6.918850898742676,0.0,,2.2458648681640625,2.2253246307373047,2.2453505992889404,2.2457213401794434,0.3689402937889099,0.3706293706293706,-0.6807370185852051,16.296296296296298,8.98876404494382,0.0,0.0,0.0,0.0,1746707686_174271583,0.6319444444444444,4.868837833404541,5.472476482391357,1.437218427658081,0.9761938452720642,0.9731661677360535,1.9526143074035645,0.9815049171447754,0.9664429530201343,0.5824175824175825,0.0,100.0,20.0,0.055944055944055944,90.60402684563759,59.73154362416108,46.97986577181208,4.859689712524414,6.514986515045166,85.23489932885906,62.41610738255034,44.966442953020135,5.540426731109619,7.249090671539307,-0.14007828870859937,16.483129002153873,specimen_3__2025_05_08-14_34_16__Clip_2__start,valid,0.012632830999791622,0.012632830999791622,0.1768314391374588,0.08842284232378006,0.9300699300699301,149
EGBM-v2,specimen_3,2025_05_08-14_34_16,valid,direct_ps,specimen_3__2025_05_08-14_34_16__Clip_2__end,0.147239263803681,6.789473533630371,8.759326934814453,0.0,,2.24591064453125,2.239856719970703,2.2451839447021484,2.245573043823242,0.32214418053627014,0.147239263803681,-1.4365262985229492,0.0,1.5151515151515151,0.0,0.0,0.0,0.0,1746707699_807956218,0.852760736196319,5.565582275390625,6.933175563812256,1.27186918258667,0.9447972178459167,0.9690147042274475,1.9354239702224731,0.9685641527175903,0.9819277108433735,0.17266187050359713,0.0,100.0,73.52941176470588,0.0,99.3975903614458,79.51807228915662,66.86746987951807,5.705666542053223,6.152753829956055,100.0,93.37349397590361,74.09638554216868,7.142192840576172,7.618017673492432,-0.25177186362629694,16.452002804726362,specimen_3__2025_05_08-14_34_16__Clip_2__end,valid,0.0083469832316041,0.0083469832316041,0.13351504504680634,0.06676238030195236,1.0,166
EGBM-v2,specimen_3,2025_05_08-14_34_16,valid,direct_ps,specimen_3__2025_05_08-14_34_16__Clip_3__start,0.147239263803681,6.789473533630371,8.759326934814453,0.0,,2.24591064453125,2.239856719970703,2.2451839447021484,2.245573043823242,0.32214418053627014,0.147239263803681,-1.4365262985229492,0.0,1.5151515151515151,0.0,0.0,0.0,0.0,1746707699_807956218,0.852760736196319,5.565582275390625,6.933175563812256,1.27186918258667,0.9447972178459167,0.9690147042274475,1.9354239702224731,0.9685641527175903,0.9819277108433735,0.17266187050359713,0.0,100.0,73.52941176470588,0.0,99.3975903614458,79.51807228915662,66.86746987951807,5.705666542053223,6.152753829956055,100.0,93.37349397590361,74.09638554216868,7.142192840576172,7.618017673492432,-0.25177186362629694,16.45289408043027,specimen_3__2025_05_08-14_34_16__Clip_3__start,valid,0.0083469832316041,0.0083469832316041,0.13351504504680634,0.06676238030195236,1.0,166
EGBM-v2,specimen_3,2025_05_08-14_34_16,valid,direct_ps,specimen_3__2025_05_08-14_34_16__Clip_3__end,0.11904761904761904,7.601973533630371,9.8279447555542,0.0,,2.2460861206054688,2.1933021545410156,2.2446112632751465,2.2458667755126953,0.2235974222421646,0.11904761904761904,-1.465677261352539,1.1111111111111112,0.0,0.0,0.0,0.0,0.0,1746707711_741147756,0.8809523809523809,8.282964706420898,9.660560607910156,1.0650103092193604,0.9293317198753357,0.9619355797767639,1.954406499862671,0.9513974785804749,0.9180327868852459,0.13513513513513514,0.0,100.0,80.76923076923077,0.0,98.36065573770492,85.79234972677595,80.32786885245902,8.212261199951172,9.193474769592285,98.90710382513662,97.26775956284153,85.79234972677595,9.677938461303711,10.553476333618164,-0.17847426252848042,16.45705010741949,specimen_3__2025_05_08-14_34_16__Clip_3__end,valid,0.0077570900321006775,0.0077570900321006775,0.1395537108182907,0.06979022175073624,1.0,183
EGBM-v2,specimen_3,2025_05_08-14_34_16,valid,direct_ps,specimen_3__2025_05_08-14_34_16__Clip_4__start,0.11904761904761904,7.601973533630371,9.8279447555542,0.0,,2.2460861206054688,2.1933021545410156,2.2446112632751465,2.2458667755126953,0.2235974222421646,0.11904761904761904,-1.465677261352539,1.1111111111111112,0.0,0.0,0.0,0.0,0.0,1746707711_741147756,0.8809523809523809,8.282964706420898,9.660560607910156,1.0650103092193604,0.9293317198753357,0.9619355797767639,1.954406499862671,0.9513974785804749,0.9180327868852459,0.13513513513513514,0.0,100.0,80.76923076923077,0.0,98.36065573770492,85.79234972677595,80.32786885245902,8.212261199951172,9.193474769592285,98.90710382513662,97.26775956284153,85.79234972677595,9.677938461303711,10.553476333618164,-0.17847426252848042,16.46985998377204,specimen_3__2025_05_08-14_34_16__Clip_4__start,valid,0.0077570900321006775,0.0077570900321006775,0.1395537108182907,0.06979022175073624,1.0,183
EGBM-v2,specimen_3,2025_05_08-14_34_16,valid,direct_ps,specimen_3__2025_05_08-14_34_16__Clip_4__end,0.3523035230352303,6.394608020782471,8.273905754089355,0.0,,2.2458457946777344,2.2304439544677734,2.2452499866485596,2.2457287311553955,0.19746670126914978,0.3551912568306011,-0.6199541091918945,1.6304347826086956,0.906344410876133,0.0,0.0,0.0,0.0,1746707727_174034118,0.6476964769647696,9.356880187988281,9.783380508422852,1.6277093887329102,0.9585424661636353,0.9808768630027771,1.8771408796310425,0.9751126170158386,0.9634464751958225,0.5439330543933054,0.0,73.33333333333333,36.53846153846153,0.00273224043715847,96.08355091383812,86.42297650130548,75.97911227154047,8.96242618560791,10.162479400634766,97.38903394255874,90.60052219321149,77.54569190600522,9.582380294799805,10.708306312561035,-0.06917257630388438,16.428797971457243,specimen_3__2025_05_08-14_34_16__Clip_4__end,valid,0.004999170545488596,0.014996916987001896,0.18990151584148407,0.09496006369590759,0.9972677595628415,383
EGBM-v2,specimen_3,2025_05_08-14_34_16,valid,direct_ps,specimen_3__2025_05_08-14_34_16__Clip_5__start,0.3523035230352303,6.394608020782471,8.273905754089355,0.0,,2.2458457946777344,2.2304439544677734,2.2452499866485596,2.2457287311553955,0.19746670126914978,0.3551912568306011,-0.6199541091918945,1.6304347826086956,0.906344410876133,0.0,0.0,0.0,0.0,1746707727_174034118,0.6476964769647696,9.356880187988281,9.783380508422852,1.6277093887329102,0.9585424661636353,0.9808768630027771,1.8771408796310425,0.9751126170158386,0.9634464751958225,0.5439330543933054,0.0,73.33333333333333,36.53846153846153,0.00273224043715847,96.08355091383812,86.42297650130548,75.97911227154047,8.96242618560791,10.162479400634766,97.38903394255874,90.60052219321149,77.54569190600522,9.582380294799805,10.708306312561035,-0.06917257630388438,16.46231859922409,specimen_3__2025_05_08-14_34_16__Clip_5__start,valid,0.004999170545488596,0.014996916987001896,0.18990151584148407,0.09496006369590759,0.9972677595628415,383
EGBM-v2,specimen_3,2025_05_08-14_34_16,valid,direct_ps,specimen_3__2025_05_08-14_34_16__Clip_5__end,0.232,5.726128578186035,7.629872798919678,0.0,,2.2458877563476562,2.158677101135254,2.244502305984497,2.245654582977295,0.28667035698890686,0.2647058823529412,-1.1254711151123047,2.272727272727273,1.4705882352941175,0.0,0.0,0.0,0.0,1746707740_506348848,0.768,6.319047927856445,7.363542556762695,1.2808676958084106,0.973452091217041,0.9812465310096741,1.8792786598205566,0.9794346690177917,0.981675392670157,0.3020833333333333,0.0,70.0,61.81818181818181,0.05614973262032086,92.14659685863874,71.20418848167539,54.45026178010471,6.2631707191467285,8.146071434020996,95.54973821989529,87.95811518324608,65.18324607329843,7.388641834259033,9.012958526611328,-0.17969670085340333,16.508087050169706,specimen_3__2025_05_08-14_34_16__Clip_5__end,valid,0.0041477433405816555,0.012442715466022491,0.15751515328884125,0.07877423614263535,0.9438502673796791,382
EGBM-v2,specimen_3,2025_05_08-14_39_50,valid,direct_ps,specimen_3__2025_05_08-14_39_50__Clip_1__start,,,,,,,,,,,,,,,,,,,1746707996_207382202,,,,,0.9999997019767761,0.99644935131073,,0.9998758435249329,,,,,,,,,,,,,,,,,,16.465894412249327,specimen_3__2025_05_08-14_39_50__Clip_1__start,valid,,,,,,0
EGBM-v2,specimen_3,2025_05_08-14_39_50,valid,direct_ps,specimen_3__2025_05_08-14_39_50__Clip_1__end,,,,,,,,,,,,,,,,,,,1746708013_540880203,,,,,0.9999998807907104,0.9963829517364502,,0.9998520612716675,,,,,,,,,,,,,,,,,,16.426815185695887,specimen_3__2025_05_08-14_39_50__Clip_1__end,valid,,,,,,0
EGBM-v2,specimen_3,2025_05_08-14_39_50,valid,direct_ps,specimen_3__2025_05_08-14_39_50__Clip_2__start,,,,,,,,,,,,,,,,,,,1746708013_540880203,,,,,0.9999998807907104,0.9963829517364502,,0.9998520612716675,,,,,,,,,,,,,,,,,,16.471952199935913,specimen_3__2025_05_08-14_39_50__Clip_2__start,valid,,,,,,0
EGBM-v2,specimen_3,2025_05_08-14_39_50,valid,direct_ps,specimen_3__2025_05_08-14_39_50__Clip_2__end,,,,,,,,,,,,,,,,,,,1746708028_073565483,,,,,0.9999998807907104,0.996425986289978,,0.9998553991317749,,,,,,,,,,,,,,,,,,16.467275097966194,specimen_3__2025_05_08-14_39_50__Clip_2__end,valid,,,,,,0
EGBM-v2,specimen_3,2025_05_08-14_39_50,valid,direct_ps,specimen_3__2025_05_08-14_39_50__Clip_3__start,,,,,,,,,,,,,,,,,,,1746708028_073565483,,,,,0.9999998807907104,0.996425986289978,,0.9998553991317749,,,,,,,,,,,,,,,,,,16.4868151769042,specimen_3__2025_05_08-14_39_50__Clip_3__start,valid,,,,,,0
EGBM-v2,specimen_3,2025_05_08-14_39_50,valid,direct_ps,specimen_3__2025_05_08-14_39_50__Clip_3__end,,,,,,,,,,,,,,,,,,,1746708041_806072235,,,,,0.9999998807907104,0.9964208006858826,,0.9998534321784973,,,,,,,,,,,,,,,,,,16.446273773908615,specimen_3__2025_05_08-14_39_50__Clip_3__end,valid,,,,,,0
EGBM-v2,specimen_3,2025_05_08-14_39_50,valid,direct_ps,specimen_3__2025_05_08-14_39_50__Clip_4__start,,,,,,,,,,,,,,,,,,,1746708041_806072235,,,,,0.9999998807907104,0.9964208006858826,,0.9998534321784973,,,,,,,,,,,,,,,,,,16.495508141815662,specimen_3__2025_05_08-14_39_50__Clip_4__start,valid,,,,,,0
EGBM-v2,specimen_3,2025_05_08-14_39_50,valid,direct_ps,specimen_3__2025_05_08-14_39_50__Clip_4__end,0.0,,,0.0,,2.2443885803222656,2.2443885803222656,2.2443885803222656,2.2443885803222656,0.29925182461738586,0.0,-2.2443885803222656,0.0,0.0,0.0,0.0,0.0,0.0,1746708059_806899309,1.0,7.5,9.744388580322266,0.0,1.0,0.9964078068733215,2.2443885803222656,0.999876856803894,1.0,0.0,0.0,0.0,0.0,0.0,100.0,100.0,100.0,7.5,7.5,100.0,100.0,100.0,9.744388580322266,9.744388580322266,-0.2992518107096354,16.5004157461226,specimen_3__2025_05_08-14_39_50__Clip_4__end,valid,1.0,1.0,1.0,1.0,1.0,1
EGBM-v2,specimen_3,2025_05_08-14_39_50,valid,direct_ps,specimen_3__2025_05_08-14_39_50__Clip_5__start,0.0,,,0.0,,2.2443885803222656,2.2443885803222656,2.2443885803222656,2.2443885803222656,0.29925182461738586,0.0,-2.2443885803222656,0.0,0.0,0.0,0.0,0.0,0.0,1746708059_806899309,1.0,7.5,9.744388580322266,0.0,1.0,0.9964078068733215,2.2443885803222656,0.999876856803894,1.0,0.0,0.0,0.0,0.0,0.0,100.0,100.0,100.0,7.5,7.5,100.0,100.0,100.0,9.744388580322266,9.744388580322266,-0.2992518107096354,16.49537682533264,specimen_3__2025_05_08-14_39_50__Clip_5__start,valid,1.0,1.0,1.0,1.0,1.0,1
EGBM-v2,specimen_3,2025_05_08-14_39_50,valid,direct_ps,specimen_3__2025_05_08-14_39_50__Clip_5__end,0.0,,,0.0,,2.2449569702148438,2.244213104248047,2.2448928356170654,2.2449440956115723,1.0483380556106567,0.0,-2.244098663330078,0.0,0.0,0.0,0.0,0.0,0.0,1746708075_840823411,1.0,2.140625,4.384723663330078,0.0,1.0,0.9962402582168579,2.244098663330078,0.9998663663864136,1.0,0.0,0.0,0.0,100.0,0.0,100.0,0.0,0.0,2.140625,2.1806812286376953,100.0,100.0,12.5,4.384723663330078,4.4043755531311035,-1.0483380617016422,16.483820974826813,specimen_3__2025_05_08-14_39_50__Clip_5__end,valid,0.12504780292510986,0.12504780292510986,0.12504780292510986,0.12504780292510986,1.0,8
EGBM-v2,specimen_3,2025_05_08-14_50_11,valid,direct_ps,specimen_3__2025_05_08-14_50_11__Clip_1__start,0.0,,,0.0,,2.244741439819336,2.2447338104248047,2.2447407245635986,2.244741201400757,0.3398837149143219,0.0,-2.2446484565734863,0.0,0.0,0.0,0.0,0.0,0.0,1746708617_239433050,1.0,6.604166507720947,8.848814964294434,0.0,1.0,0.9965095520019531,2.2446486949920654,0.9999400973320007,1.0,0.0,0.0,0.0,0.0,0.0,100.0,100.0,100.0,6.604166507720947,6.604380130767822,100.0,100.0,100.0,8.848814964294434,8.84897518157959,-0.3398836861471107,16.47254405543208,specimen_3__2025_05_08-14_50_11__Clip_1__start,valid,0.3333471119403839,0.3333471119403839,0.3333471119403839,0.3333471119403839,1.0,3
EGBM-v2,specimen_3,2025_05_08-14_50_11,valid,direct_ps,specimen_3__2025_05_08-14_50_11__Clip_1__end,0.0,,,0.0,,2.244903564453125,2.244903564453125,2.244903564453125,2.244903564453125,0.7405867576599121,0.0,-2.244903564453125,0.0,0.0,0.0,0.0,0.0,0.0,1746708631_207470893,1.0,3.03125,5.276153564453125,0.0,1.0,0.9966915845870972,2.244903564453125,0.9999270439147949,1.0,0.0,0.0,0.0,0.0,0.0,100.0,100.0,0.0,3.03125,3.03125,100.0,100.0,100.0,5.276153564453125,5.276153564453125,-0.7405867429123711,16.451091039925814,specimen_3__2025_05_08-14_50_11__Clip_1__end,valid,1.0,1.0,1.0,1.0,1.0,1
EGBM-v2,specimen_3,2025_05_08-14_50_11,valid,direct_ps,specimen_3__2025_05_08-14_50_11__Clip_2__start,0.0,,,0.0,,2.244903564453125,2.244903564453125,2.244903564453125,2.244903564453125,0.7405867576599121,0.0,-2.244903564453125,0.0,0.0,0.0,0.0,0.0,0.0,1746708631_207470893,1.0,3.03125,5.276153564453125,0.0,1.0,0.9966915845870972,2.244903564453125,0.9999270439147949,1.0,0.0,0.0,0.0,0.0,0.0,100.0,100.0,0.0,3.03125,3.03125,100.0,100.0,100.0,5.276153564453125,5.276153564453125,-0.7405867429123711,16.490580048412085,specimen_3__2025_05_08-14_50_11__Clip_2__start,valid,1.0,1.0,1.0,1.0,1.0,1
EGBM-v2,specimen_3,2025_05_08-14_50_11,valid,direct_ps,specimen_3__2025_05_08-14_50_11__Clip_2__end,,,,,,,,,,,,,,,,,,,1746708644_406662940,,,,,1.0,0.9965069890022278,,0.999866247177124,,,,,,,,,,,,,,,,,,16.457802150398493,specimen_3__2025_05_08-14_50_11__Clip_2__end,valid,,,,,,0
EGBM-v2,specimen_3,2025_05_08-14_50_11,valid,direct_ps,specimen_3__2025_05_08-14_50_11__Clip_3__start,,,,,,,,,,,,,,,,,,,1746708644_406662940,,,,,1.0,0.9965069890022278,,0.999866247177124,,,,,,,,,,,,,,,,,,16.458502039313316,specimen_3__2025_05_08-14_50_11__Clip_3__start,valid,,,,,,0
EGBM-v2,specimen_3,2025_05_08-14_50_11,valid,direct_ps,specimen_3__2025_05_08-14_50_11__Clip_3__end,0.0,,,0.0,,1.582763671875,1.582763671875,1.582763671875,1.582763671875,0.4562922418117523,0.0,-1.582763671875,0.0,0.0,0.0,0.0,0.0,0.0,1746708658_240703105,1.0,3.46875,5.051513671875,0.0,0.9999998807907104,0.9946604371070862,1.582763671875,0.999484658241272,1.0,0.0,0.0,0.0,0.0,0.0,100.0,100.0,0.0,3.46875,3.46875,100.0,100.0,100.0,5.051513671875,5.051513671875,-0.4562922297297297,16.4480060338974,specimen_3__2025_05_08-14_50_11__Clip_3__end,valid,1.0,1.0,1.0,1.0,1.0,1
EGBM-v2,specimen_3,2025_05_08-14_50_11,valid,direct_ps,specimen_3__2025_05_08-14_50_11__Clip_4__start,0.0,,,0.0,,1.582763671875,1.582763671875,1.582763671875,1.582763671875,0.4562922418117523,0.0,-1.582763671875,0.0,0.0,0.0,0.0,0.0,0.0,1746708658_240703105,1.0,3.46875,5.051513671875,0.0,0.9999998807907104,0.9946604371070862,1.582763671875,0.999484658241272,1.0,0.0,0.0,0.0,0.0,0.0,100.0,100.0,0.0,3.46875,3.46875,100.0,100.0,100.0,5.051513671875,5.051513671875,-0.4562922297297297,16.493694856762886,specimen_3__2025_05_08-14_50_11__Clip_4__start,valid,1.0,1.0,1.0,1.0,1.0,1
EGBM-v2,specimen_3,2025_05_08-14_59_26,valid,direct_ps,specimen_3__2025_05_08-14_59_26__Clip_2__end,0.2,,,0.0,,2.24591064453125,2.245450973510742,2.245757579803467,2.245889663696289,0.9295386672019958,0.2413793103448276,-1.3695318698883057,9.090909090909092,16.666666666666664,0.0,0.0,0.0,0.0,1746709304_905916452,0.8,2.4156250953674316,3.7851569652557373,1.87353515625,1.0,0.9969691038131714,2.1802985668182373,0.9999869465827942,1.0,0.25,0.0,100.0,50.0,0.10344827586206896,73.33333333333333,40.0,6.666666666666667,2.4156250953674316,2.926102638244629,93.33333333333333,63.33333333333333,30.0,3.7851569652557373,4.136098384857178,-0.5669471941298868,16.461777966469526,specimen_3__2025_05_08-14_59_26__Clip_2__end,valid,0.0429205484688282,0.0429205484688282,0.12875545024871826,0.0429205484688282,0.896551724137931,30
EGBM-v2,specimen_3,2025_05_08-14_59_26,valid,direct_ps,specimen_3__2025_05_08-14_59_26__Clip_3__start,0.2,,,0.0,,2.24591064453125,2.245450973510742,2.245757579803467,2.245889663696289,0.9295386672019958,0.2413793103448276,-1.3695318698883057,9.090909090909092,16.666666666666664,0.0,0.0,0.0,0.0,1746709304_905916452,0.8,2.4156250953674316,3.7851569652557373,1.87353515625,1.0,0.9969691038131714,2.1802985668182373,0.9999869465827942,1.0,0.25,0.0,100.0,50.0,0.10344827586206896,73.33333333333333,40.0,6.666666666666667,2.4156250953674316,2.926102638244629,93.33333333333333,63.33333333333333,30.0,3.7851569652557373,4.136098384857178,-0.5669471941298868,16.52259798720479,specimen_3__2025_05_08-14_59_26__Clip_3__start,valid,0.0429205484688282,0.0429205484688282,0.12875545024871826,0.0429205484688282,0.896551724137931,30
EGBM-v2,specimen_3,2025_05_08-14_59_26,valid,direct_ps,specimen_3__2025_05_08-14_59_26__Clip_3__end,0.0,,,0.0,,1.5707530975341797,1.5698022842407227,1.5706579685211182,1.5707340240478516,0.8890915513038635,0.0,-1.5698022842407227,0.0,0.0,0.0,0.0,0.0,0.0,1746709328_040919780,1.0,1.765625,3.3354272842407227,0.0,0.9998911023139954,0.9884322881698608,1.5698022842407227,0.9937142133712769,1.0,0.0,0.0,0.0,100.0,0.0,100.0,0.0,0.0,1.765625,1.7667309045791626,100.0,100.0,0.0,3.3354272842407227,3.3359951972961426,-0.8890915592159845,16.483870800584555,specimen_3__2025_05_08-14_59_26__Clip_3__end,valid,0.5003028512001038,0.5003028512001038,0.5003028512001038,0.5003028512001038,1.0,2
EGBM-v2-CARE,specimen_1,2025_03_06-16_54_09,valid,,specimen_1__2025_03_06-16_54_09__Clip_1__start,0.30560271646859083,7.163326740264893,6.969645977020264,0.0,,2.24615478515625,2.2257862091064453,2.2458534240722656,2.2461013793945312,0.5658856630325317,0.4746981762137169,-0.639235258102417,24.211461572634384,14.681107099879661,0.0,0.0,0.0,0.0,1741276454_605849504,0.6781469803541111,3.457198143005371,4.1504225730896,1.4328207969665527,0.8825039863586426,0.9660452008247375,1.6823182106018066,,0.9093515659461844,0.45064377682403434,0.016250303177298083,77.35435830048182,20.118822576289492,0.2509632674030311,49.64711071901191,18.328187031318922,14.512571680635201,3.68280291557312,7.9095139503479,76.57697397441552,32.06881340979268,14.909572121746804,4.322038173675537,7.647021770477295,-0.17357302922709858,33.00540708005428,specimen_1__2025_03_06-16_54_09__Clip_1__start,valid,0.0019076112657785416,0.021459320560097694,0.21592414379119873,0.10774806141853333,0.7413305933727202,4534
EGBM-v2-CARE,specimen_1,2025_03_06-16_54_09,usable_with_warning,,specimen_1__2025_03_06-16_54_09__Clip_1__end,0.49781976744186046,14.400006294250488,14.005683898925781,0.0,,2.2461471557617188,2.204641342163086,2.245744466781616,2.2460708618164062,0.22106242179870605,0.6283818274629913,0.07971954345703125,14.08904510837727,6.172839506172839,0.0,0.0,0.0,0.0,1741276472_500830173,0.48619186046511625,7.937597274780273,7.891770839691162,1.7396496534347534,0.8103263974189758,0.9457924365997314,1.5893136262893677,,0.85785536159601,1.0239162929745889,0.015988372093023256,74.67811158798283,16.240357287860334,0.183256763654926,70.94763092269328,48.81546134663341,44.763092269326684,8.566110610961914,13.68399429321289,82.64754779717374,54.11471321695761,43.370739817123855,8.486391067504883,13.047762870788574,0.00930638735332409,13.20658065378666,specimen_1__2025_03_06-16_54_09__Clip_1__end,usable_with_warning,0.0028095885645598173,0.03371172770857811,0.3375020921230316,0.16849391162395477,0.8060234813680449,4812
EGBM-v2-CARE,specimen_1,2025_03_06-16_53_09,usable_with_warning,,specimen_1__2025_03_06-16_53_09__Clip_1__start,0.27262765724304183,6.402213096618652,6.491109371185303,0.0,,2.2461090087890625,2.2390871047973633,2.245889186859131,2.246077299118042,0.7606825828552246,0.4315004659832246,-0.8441252708435059,31.51602104256337,19.112627986348123,0.0,0.0,0.0,0.0,1741276395_521808385,0.7122507122507122,2.423027515411377,3.3018057346343994,1.375810146331787,0.9347028136253357,0.9807717204093933,1.7633715867996216,,0.957808564231738,0.38276923076923075,0.015121630506245891,81.556303778526,20.03350885591192,0.26211556383970175,43.89168765743073,12.300587741393787,9.739714525608733,2.597597122192383,6.012139320373535,75.81863979848866,27.518891687657433,9.907640638119227,3.4417223930358887,5.9642014503479,-0.32496389206462495,13.205931056290865,specimen_1__2025_03_06-16_53_09__Clip_1__start,usable_with_warning,0.0015659716445952654,0.018399735912680626,0.1863098293542862,0.0931650847196579,0.7271668219944082,4764
EGBM-v2-CARE,specimen_1,2025_03_06-16_53_09,usable_with_warning,,specimen_1__2025_03_06-16_53_09__Clip_1__end,0.6074955116696589,10.891024589538574,10.485281944274902,0.0,,2.246063232421875,2.2328014373779297,2.2456421852111816,2.245975971221924,0.15547920763492584,0.72918637653737,0.4511690139770508,11.408677021960365,3.3261026753434564,0.0,0.0,0.0,0.0,1741276413_300344467,0.38195691202872534,13.104289054870605,12.649744033813477,1.9017798900604248,0.8399784564971924,0.9494768381118774,1.6772699356079102,,0.8756140695618,1.59048178613396,0.0105475763016158,77.85977859778598,17.950925527335343,0.15373699148533584,73.3739438003537,54.352525054038125,51.69974454706229,12.951199531555176,18.628883361816406,85.73393594026332,60.73884849675771,51.5818431911967,12.500030517578125,17.530481338500977,0.03483607930507071,13.193531893193722,specimen_1__2025_03_06-16_53_09__Clip_1__end,usable_with_warning,0.003926525358110666,0.0392603725194931,0.39834630489349365,0.1993582397699356,0.8408230842005676,5089
EGBM-v2-CARE,specimen_1,2025_03_06-16_49_40,valid,,specimen_1__2025_03_06-16_49_40__Clip_1__start,0.3142922166590806,8.47408390045166,7.901266574859619,0.0,,2.2461891174316406,2.2277450561523438,2.245948314666748,2.246135711669922,0.5356687307357788,0.5084496693607642,-0.6042366027832031,25.034387895460796,18.129988597491447,0.0,0.0,0.0,0.0,1741276188_715718030,0.6695493855257169,3.5510761737823486,4.220763206481934,1.492582082748413,0.8948842883110046,0.9679436683654785,1.6714109182357788,,0.9295536280939285,0.4694085656016315,0.01615839781520255,79.22230950510605,17.22077922077922,0.26965466568699487,46.13920033848107,18.552993441929342,14.44891051406812,3.81040096282959,8.4707670211792,77.2583033636556,29.21514702771314,13.8777237148297,4.414637565612793,8.133703231811523,-0.15857559576473002,13.182976748794317,specimen_1__2025_03_06-16_49_40__Clip_1__start,valid,0.0018248662818223238,0.02143971621990204,0.21518757939338684,0.10762525349855423,0.7198138623561107,4727
EGBM-v2-CARE,specimen_1,2025_03_06-17_35_04,valid,,specimen_1__2025_03_06-17_35_04__Clip_1__start,0.23465703971119134,4.1044921875,4.790462017059326,0.0,,2.2457427978515625,2.241252899169922,2.245448589324951,2.245640993118286,1.1658002138137817,0.39325842696629215,-0.9654890298843384,25.789473684210527,19.565217391304348,0.0,0.0,0.0,0.0,1741278916_817303895,0.7581227436823105,1.6769381761550903,2.658010244369507,1.671563982963562,0.8829362988471985,0.9754526019096375,1.9093519449234009,,0.9141914191419142,0.30952380952380953,0.007220216606498195,92.92035398230088,32.295719844357976,0.2247191011235955,62.70627062706271,15.181518151815181,3.9603960396039604,1.8051258325576782,2.6155025959014893,81.1881188118812,39.603960396039604,10.891089108910892,2.7706148624420166,3.4329512119293213,-0.5348596826163301,13.16089415922761,specimen_1__2025_03_06-17_35_04__Clip_1__start,valid,0.00559585727751255,0.016787081956863403,0.16784796118736267,0.0839298665523529,0.7565543071161048,303
EGBM-v2-CARE,specimen_1,2025_03_06-16_56_00,valid,,specimen_1__2025_03_06-16_56_00__Clip_1__start,0.293573264781491,4.1268696784973145,3.787667751312256,0.0,,2.2462100982666016,2.2182064056396484,2.245788097381592,2.2461605072021484,1.0046510696411133,0.5607064017660044,-0.6183069944381714,36.666666666666664,18.784530386740332,0.0,0.0,0.0,0.0,1741276567_498016595,0.675064267352185,1.8069095611572266,2.4526140689849854,1.2476954460144043,0.8988228440284729,0.969430148601532,1.5324138402938843,,0.9248692344270091,0.43488194973343486,0.031362467866323906,73.93267651888341,12.330905306971903,0.369757174392936,42.0827389443652,8.606752258678078,6.3242986210175935,1.871444821357727,4.277699947357178,69.472182596291,18.25962910128388,6.847360912981455,2.4897518157958984,4.251387119293213,-0.3303901816296094,13.165068812668324,specimen_1__2025_03_06-16_56_00__Clip_1__start,valid,0.0022284151054918766,0.02339540421962738,0.23383648693561554,0.11695019900798798,0.6214128035320088,4206
EGBM-v2-CARE,specimen_1,2025_03_06-16_56_00,valid,,specimen_1__2025_03_06-16_56_00__Clip_1__end,0.30735930735930733,4.686069488525391,4.278701305389404,0.0,,2.246234893798828,2.214715003967285,2.245875120162964,2.2461984157562256,0.7356534004211426,0.502197480222678,-0.6057262420654297,28.44650205761317,17.1875,0.0,0.0,0.0,0.0,1741276586_132390499,0.6731601731601732,2.451817512512207,3.0946974754333496,1.3921141624450684,0.8902547359466553,0.9700285196304321,1.6127307415008545,,0.9207772795216741,0.4565916398713826,0.01948051948051948,74.44444444444444,15.204505038529934,0.27014356870788164,48.4304932735426,15.944195316392626,10.961634280019931,2.5308568477630615,5.1624884605407715,73.04434479322371,25.98405580468361,13.0293971101146,3.136583089828491,5.137693881988525,-0.23933642971581365,13.16776406019926,specimen_1__2025_03_06-16_56_00__Clip_1__end,valid,0.002235390478745103,0.022351780906319618,0.2239864617586136,0.11173879355192184,0.7166715499560504,4014
EGBM-v2-CARE,specimen_1,2025_03_06-16_56_00,valid,,specimen_1__2025_03_06-16_56_00__Clip_2__start,0.30735930735930733,4.686069488525391,4.278701305389404,0.0,,2.246234893798828,2.214715003967285,2.245875120162964,2.2461984157562256,0.7356534004211426,0.502197480222678,-0.6057262420654297,28.44650205761317,17.1875,0.0,0.0,0.0,0.0,1741276586_132390499,0.6731601731601732,2.451817512512207,3.0946974754333496,1.3921141624450684,0.8902547359466553,0.9700285196304321,1.6127307415008545,,0.9207772795216741,0.4565916398713826,0.01948051948051948,74.44444444444444,15.204505038529934,0.27014356870788164,48.4304932735426,15.944195316392626,10.961634280019931,2.5308568477630615,5.1624884605407715,73.04434479322371,25.98405580468361,13.0293971101146,3.136583089828491,5.137693881988525,-0.23933642971581365,13.187093194574118,specimen_1__2025_03_06-16_56_00__Clip_2__start,valid,0.002235390478745103,0.022351780906319618,0.2239864617586136,0.11173879355192184,0.7166715499560504,4014
EGBM-v2-CARE,specimen_1,2025_03_06-16_56_00,usable_with_warning,,specimen_1__2025_03_06-16_56_00__Clip_2__end,0.39670981661272925,5.347502708435059,4.693629264831543,0.0,,2.246234893798828,2.229283332824707,2.2459020614624023,2.246196746826172,0.55424565076828,0.5594144661308841,-0.3258333206176758,33.439201451905625,21.804511278195488,0.0,0.0,0.0,0.0,1741276596_839815616,0.5865695792880259,3.4315524101257324,3.8166909217834473,1.5308895111083984,0.8912854790687561,0.9694469571113586,1.6371495723724365,,0.9242273180458624,0.6763218390804597,0.016720604099244876,75.11061946902655,14.996888612321097,0.25574052812858783,54.93519441674975,19.890329012961118,14.132602193419741,3.540912389755249,7.26245641708374,70.41375872382851,27.56729810568295,14.930209371884349,3.866745710372925,6.871409893035889,-0.09201959403468823,13.183606788516045,specimen_1__2025_03_06-16_56_00__Clip_2__end,usable_with_warning,0.002520315581932664,0.025201449170708656,0.25253936648368835,0.1259862333536148,0.7336394948335246,4012
EGBM-v2-CARE,specimen_1,2025_03_06-16_56_00,usable_with_warning,,specimen_1__2025_03_06-16_56_00__Clip_3__start,0.39670981661272925,5.347502708435059,4.693629264831543,0.0,,2.246234893798828,2.229283332824707,2.2459020614624023,2.246196746826172,0.55424565076828,0.5594144661308841,-0.3258333206176758,33.439201451905625,21.804511278195488,0.0,0.0,0.0,0.0,1741276596_839815616,0.5865695792880259,3.4315524101257324,3.8166909217834473,1.5308895111083984,0.8912854790687561,0.9694469571113586,1.6371495723724365,,0.9242273180458624,0.6763218390804597,0.016720604099244876,75.11061946902655,14.996888612321097,0.25574052812858783,54.93519441674975,19.890329012961118,14.132602193419741,3.540912389755249,7.26245641708374,70.41375872382851,27.56729810568295,14.930209371884349,3.866745710372925,6.871409893035889,-0.09201959403468823,13.190196827054024,specimen_1__2025_03_06-16_56_00__Clip_3__start,usable_with_warning,0.002520315581932664,0.025201449170708656,0.25253936648368835,0.1259862333536148,0.7336394948335246,4012
EGBM-v2-CARE,specimen_1,2025_03_06-16_56_00,usable_with_warning,,specimen_1__2025_03_06-16_56_00__Clip_3__end,0.40482059709668583,5.735629558563232,5.067806720733643,0.0,,2.2462120056152344,2.235767364501953,2.2458600997924805,2.2461681365966797,0.4585104286670685,0.5894736842105263,-0.2644691467285156,28.837622005323873,21.700223713646533,0.0,0.0,0.0,0.0,1741276607_378000020,0.5738153930430019,4.158022403717041,4.492824077606201,1.571317434310913,0.9138405919075012,0.9735947251319885,1.6011563539505005,,0.934715821812596,0.7054892601431981,0.021364009860312245,78.8135593220339,17.43027888446215,0.28904694167852063,57.70609318996416,22.887864823348693,16.538658474142345,4.268689155578613,9.035452842712402,74.39836149513569,31.36200716845878,15.949820788530467,4.533158302307129,8.558170318603516,-0.06195558802469591,13.201935216784477,specimen_1__2025_03_06-16_56_00__Clip_3__end,usable_with_warning,0.00200531049631536,0.026066595688462257,0.26048946380615234,0.13029347360134125,0.70099573257468,3906
EGBM-v2-CARE,specimen_1,2025_03_06-16_56_00,usable_with_warning,,specimen_1__2025_03_06-16_56_00__Clip_4__start,0.40482059709668583,5.735629558563232,5.067806720733643,0.0,,2.2462120056152344,2.235767364501953,2.2458600997924805,2.2461681365966797,0.4585104286670685,0.5894736842105263,-0.2644691467285156,28.837622005323873,21.700223713646533,0.0,0.0,0.0,0.0,1741276607_378000020,0.5738153930430019,4.158022403717041,4.492824077606201,1.571317434310913,0.9138405919075012,0.9735947251319885,1.6011563539505005,,0.934715821812596,0.7054892601431981,0.021364009860312245,78.8135593220339,17.43027888446215,0.28904694167852063,57.70609318996416,22.887864823348693,16.538658474142345,4.268689155578613,9.035452842712402,74.39836149513569,31.36200716845878,15.949820788530467,4.533158302307129,8.558170318603516,-0.06195558802469591,13.222385197877884,specimen_1__2025_03_06-16_56_00__Clip_4__start,usable_with_warning,0.00200531049631536,0.026066595688462257,0.26048946380615234,0.13029347360134125,0.70099573257468,3906
EGBM-v2-CARE,specimen_1,2025_03_06-16_56_00,usable_with_warning,,specimen_1__2025_03_06-16_56_00__Clip_5__end,0.4727056019070322,7.81285285949707,7.587048053741455,0.0,,2.246156692504883,2.237682342529297,2.2459259033203125,2.246103286743164,0.3530466854572296,0.6564204263758057,-0.07480764389038086,32.64075067024129,16.387337057728118,0.0,0.0,0.0,0.0,1741276628_081543684,0.5015494636471991,5.440314292907715,5.537410259246826,1.5458852052688599,0.9074609279632568,0.9725320935249329,1.6161149740219116,,0.9340904030282787,0.9424904942965779,0.025744934445768773,80.09289980092899,17.88118232367574,0.334407535944472,66.44399910932977,23.91449565798263,18.90447561790247,5.604083061218262,12.093860626220703,71.63215319527944,33.60053440213761,18.659541304831887,5.678890705108643,11.524036407470703,-0.01334877500443731,13.182025402784348,specimen_1__2025_03_06-16_56_00__Clip_5__end,usable_with_warning,0.002636493183672428,0.02899826504290104,0.2956908643245697,0.14757989346981049,0.6509667823500248,4491
EGBM-v2-CARE,specimen_1,2025_03_06-17_10_48,usable_with_warning,,specimen_1__2025_03_06-17_10_48__Clip_1__start,0.29846153846153844,7.34765625,6.247332572937012,0.0,,2.245738983154297,2.2354583740234375,2.245462417602539,2.2456276416778564,0.7209336757659912,0.474025974025974,-0.6516916751861572,24.120603015075375,2.083333333333333,0.0,0.0,0.0,0.0,1741277458_715820312,0.6953846153846154,2.3041493892669678,2.9944534301757812,1.4681644439697266,0.8183184266090393,0.9671117663383484,1.6995371580123901,,0.876010781671159,0.42920353982300885,0.006153846153846154,68.6046511627907,24.458204334365323,0.275974025974026,53.63881401617251,12.93800539083558,9.973045822102426,2.4129042625427246,4.858170509338379,72.50673854447439,33.9622641509434,12.398921832884097,3.064595937728882,4.656366348266602,-0.27008600602304994,13.188173994421959,specimen_1__2025_03_06-17_10_48__Clip_1__start,usable_with_warning,0.00583753501996398,0.01751253567636013,0.21594829857349396,0.10506851226091385,0.7175324675324676,371
EGBM-v2-CARE,specimen_1,2025_03_06-17_10_48,usable_with_warning,,specimen_1__2025_03_06-17_10_48__Clip_1__end,0.4567901234567901,4.7734375,3.0884876251220703,0.0,,2.2458953857421875,2.2320518493652344,2.2454705238342285,2.2456979751586914,0.7489367723464966,0.60828025477707,-0.23652195930480957,31.61764705882353,20.689655172413794,0.0,0.0,0.0,0.0,1741277472_074031114,0.5246913580246914,2.4690027236938477,2.72624135017395,1.303881287574768,0.8108850717544556,0.970090925693512,1.6560320854187012,,0.864,0.8705882352941177,0.018518518518518517,76.69902912621359,14.583333333333334,0.3375796178343949,72.53333333333333,23.200000000000003,7.733333333333333,2.4935834407806396,4.106728553771973,70.66666666666667,29.599999999999998,16.53333333333333,2.730105400085449,4.067784786224365,-0.09485223371180398,13.21206009015441,specimen_1__2025_03_06-17_10_48__Clip_1__end,usable_with_warning,0.007961239665746689,0.023883135989308357,0.2945004105567932,0.1432853490114212,0.6401273885350318,375
EGBM-v2-CARE,specimen_1,2025_03_06-17_46_07,valid,direct_polaris,specimen_1__2025_03_06-17_46_07__Clip_1__start,0.2094240837696335,2.0479166507720947,2.404811143875122,0.0,,2.245758056640625,2.2312469482421875,2.2454171180725098,2.2456576824188232,1.2217096090316772,0.3901098901098901,-1.0185260772705078,18.775510204081634,22.22222222222222,0.0,0.0,0.0,0.0,1741279573_107909202,0.7670157068062827,1.5500156879425049,2.593477725982666,1.120160460472107,0.8648689985275269,0.9700478911399841,1.7433357238769531,,0.9249394673123487,0.27303754266211605,0.02356020942408377,79.76190476190477,34.4559585492228,0.29120879120879123,59.32203389830508,6.5375302663438255,2.4213075060532687,1.5680992603302002,2.2942097187042236,80.62953995157385,37.28813559322034,4.600484261501211,2.586625337600708,3.14241623878479,-0.649529084693295,13.185118790715933,specimen_1__2025_03_06-17_46_07__Clip_1__start,valid,0.004393197596073151,0.017572462558746338,0.18009141087532043,0.08785706013441086,0.7060439560439561,413
EGBM-v2-CARE,specimen_1,2025_03_06-17_46_07,valid,direct_polaris,specimen_1__2025_03_06-17_46_07__Clip_2__end,0.21390374331550802,3.483630895614624,4.886399269104004,0.0,,2.2457199096679688,1.9579391479492188,2.2453670501708984,2.245635986328125,0.9373787045478821,0.38028169014084506,-0.7923390865325928,7.885304659498208,12.871287128712872,0.0,0.0,0.0,0.0,1741279592_460282802,0.7727272727272727,1.777187466621399,2.5410399436950684,1.2256590127944946,0.7106731534004211,0.949807345867157,1.6286407709121704,,0.7940552016985138,0.2768166089965398,0.013368983957219251,59.375,28.64864864864865,0.2028169014084507,59.23566878980891,21.443736730360936,7.855626326963907,1.8532710075378418,2.5064585208892822,78.76857749469215,41.18895966029724,9.766454352441615,2.6456100940704346,3.1983163356781006,-0.42753546745721377,13.186171185225248,specimen_1__2025_03_06-17_46_07__Clip_2__end,valid,0.004758859984576702,0.01903502084314823,0.2236236333847046,0.10944084078073502,0.7915492957746478,471
EGBM-v2-CARE,specimen_1,2025_03_06-17_46_07,valid,direct_polaris,specimen_1__2025_03_06-17_46_07__Clip_3__start,0.21390374331550802,3.483630895614624,4.886399269104004,0.0,,2.2457199096679688,1.9579391479492188,2.2453670501708984,2.245635986328125,0.9373787045478821,0.38028169014084506,-0.7923390865325928,7.885304659498208,12.871287128712872,0.0,0.0,0.0,0.0,1741279592_460282802,0.7727272727272727,1.777187466621399,2.5410399436950684,1.2256590127944946,0.7106731534004211,0.949807345867157,1.6286407709121704,,0.7940552016985138,0.2768166089965398,0.013368983957219251,59.375,28.64864864864865,0.2028169014084507,59.23566878980891,21.443736730360936,7.855626326963907,1.8532710075378418,2.5064585208892822,78.76857749469215,41.18895966029724,9.766454352441615,2.6456100940704346,3.1983163356781006,-0.42753546745721377,13.187624048441648,specimen_1__2025_03_06-17_46_07__Clip_3__start,valid,0.004758859984576702,0.01903502084314823,0.2236236333847046,0.10944084078073502,0.7915492957746478,471
EGBM-v2-CARE,specimen_1,2025_03_06-17_46_07,valid,direct_polaris,specimen_1__2025_03_06-17_46_07__Clip_3__end,0.16623376623376623,3.070833444595337,4.188512802124023,0.0,,2.2457504272460938,2.169525146484375,2.245393753051758,2.2456183433532715,1.0049240589141846,0.33062330623306235,-1.0266509056091309,11.196911196911197,18.9873417721519,0.0,0.0,0.0,0.0,1741279602_670526742,0.8181818181818182,1.7725735902786255,2.795942544937134,1.4161704778671265,0.8270218968391418,0.9696064591407776,1.6919441223144531,,0.8932714617169374,0.20317460317460317,0.015584415584415584,75.5813953488372,32.67045454545455,0.1951219512195122,60.092807424593964,18.329466357308586,4.176334106728538,1.8177566528320312,2.592578172683716,83.52668213457076,41.53132250580047,10.904872389791183,2.844407558441162,3.4356582164764404,-0.5647900691270351,13.175616040825844,specimen_1__2025_03_06-17_46_07__Clip_3__end,valid,0.004207531455904245,0.016829881817102432,0.1808694750070572,0.0883488580584526,0.7994579945799458,431
EGBM-v2-CARE,specimen_1,2025_03_06-17_46_07,valid,direct_polaris,specimen_1__2025_03_06-17_46_07__Clip_4__start,0.16623376623376623,3.070833444595337,4.188512802124023,0.0,,2.2457504272460938,2.169525146484375,2.245393753051758,2.2456183433532715,1.0049240589141846,0.33062330623306235,-1.0266509056091309,11.196911196911197,18.9873417721519,0.0,0.0,0.0,0.0,1741279602_670526742,0.8181818181818182,1.7725735902786255,2.795942544937134,1.4161704778671265,0.8270218968391418,0.9696064591407776,1.6919441223144531,,0.8932714617169374,0.20317460317460317,0.015584415584415584,75.5813953488372,32.67045454545455,0.1951219512195122,60.092807424593964,18.329466357308586,4.176334106728538,1.8177566528320312,2.592578172683716,83.52668213457076,41.53132250580047,10.904872389791183,2.844407558441162,3.4356582164764404,-0.5647900691270351,13.195475097745657,specimen_1__2025_03_06-17_46_07__Clip_4__start,valid,0.004207531455904245,0.016829881817102432,0.1808694750070572,0.0883488580584526,0.7994579945799458,431
EGBM-v2-CARE,specimen_1,2025_03_06-17_46_07,valid,direct_polaris,specimen_1__2025_03_06-17_46_07__Clip_4__end,0.26239067055393583,4.293981552124023,5.042325019836426,0.0,,2.2457618713378906,1.6721343994140625,2.2454018592834473,2.2456345558166504,0.7826628684997559,0.3556231003039514,-0.662086009979248,10.064935064935066,32.926829268292686,0.0,0.0,0.0,0.0,1741279610_874241590,0.7317784256559767,1.84608793258667,2.502366065979004,1.293511152267456,0.7323790192604065,0.9536199569702148,1.5918408632278442,,0.8014018691588785,0.35856573705179284,0.0058309037900874635,51.66666666666667,29.76878612716763,0.1398176291793313,71.96261682242991,19.158878504672895,4.906542056074766,2.0005111694335938,2.6505231857299805,79.2056074766355,36.915887850467286,8.878504672897195,2.662597179412842,3.330637216567993,-0.330958417076324,13.200792949646711,specimen_1__2025_03_06-17_46_07__Clip_4__end,valid,0.005606514401733875,0.022424886003136635,0.23541954159736633,0.11772127449512482,0.8541033434650456,428
EGBM-v2-CARE,specimen_1,2025_03_06-17_46_07,valid,direct_polaris,specimen_1__2025_03_06-17_46_07__Clip_5__start,0.26239067055393583,4.293981552124023,5.042325019836426,0.0,,2.2457618713378906,1.6721343994140625,2.2454018592834473,2.2456345558166504,0.7826628684997559,0.3556231003039514,-0.662086009979248,10.064935064935066,32.926829268292686,0.0,0.0,0.0,0.0,1741279610_874241590,0.7317784256559767,1.84608793258667,2.502366065979004,1.293511152267456,0.7323790192604065,0.9536199569702148,1.5918408632278442,,0.8014018691588785,0.35856573705179284,0.0058309037900874635,51.66666666666667,29.76878612716763,0.1398176291793313,71.96261682242991,19.158878504672895,4.906542056074766,2.0005111694335938,2.6505231857299805,79.2056074766355,36.915887850467286,8.878504672897195,2.662597179412842,3.330637216567993,-0.330958417076324,13.192309997975826,specimen_1__2025_03_06-17_46_07__Clip_5__start,valid,0.005606514401733875,0.022424886003136635,0.23541954159736633,0.11772127449512482,0.8541033434650456,428
EGBM-v2-CARE,specimen_1,2025_03_06-17_46_07,valid,direct_polaris,specimen_1__2025_03_06-17_46_07__Clip_5__end,0.302491103202847,,,0.0,,2.2457351684570312,2.030008316040039,2.245518207550049,2.245624542236328,0.8670610189437866,0.4522058823529412,-0.5087275505065918,15.18987341772152,22.22222222222222,0.0,0.0,0.0,0.0,1741279619_639563798,0.6832740213523132,2.1320536136627197,2.6407811641693115,1.6478406190872192,0.7542215585708618,0.9571499824523926,1.6594830751419067,,0.8028571428571428,0.4427083333333333,0.014234875444839857,69.91150442477876,28.846153846153843,0.1801470588235294,67.71428571428572,25.71428571428571,4.571428571428571,2.1320536136627197,2.7411246299743652,80.0,41.42857142857143,6.2857142857142865,2.6407811641693115,3.1407251358032227,-0.2386091734497395,13.17839976400137,specimen_1__2025_03_06-17_46_07__Clip_5__end,valid,0.007040491793304682,0.021121297031641006,0.24638107419013977,0.11968076974153519,0.8125,350
EGBM-v2-CARE,specimen_1,2025_03_06-17_43_05,valid,direct_polaris,specimen_1__2025_03_06-17_43_05__Clip_1__start,0.21798365122615804,2.88043475151062,2.9968998432159424,0.0,,2.2457847595214844,2.2079925537109375,2.245422840118408,2.2456421852111816,1.169674277305603,0.4340175953079179,-0.8665238618850708,13.168724279835391,21.428571428571427,0.0,0.0,0.0,0.0,1741279397_014175891,0.7683923705722071,1.5587064027786255,2.4666998386383057,1.1386877298355103,0.7618081569671631,0.95359867811203,1.6727335453033447,,0.835990888382688,0.28368794326241137,0.013623978201634877,73.46938775510205,26.01626016260163,0.2697947214076246,55.35307517084283,15.945330296127564,1.5945330296127564,1.627954125404358,2.1511824131011963,80.86560364464692,34.39635535307517,4.783599088838269,2.4944779872894287,2.892285108566284,-0.532277813215308,13.209455646574497,specimen_1__2025_03_06-17_43_05__Clip_1__start,valid,0.004753496963530779,0.019013164564967155,0.20435981452465057,0.09981190413236618,0.7214076246334311,439
EGBM-v2-CARE,specimen_1,2025_03_06-17_03_37,valid,,specimen_1__2025_03_06-17_03_37__Clip_1__start,0.13768115942028986,,,0.0,,2.2456398010253906,2.240203857421875,2.2453761100769043,2.245516061782837,1.2626878023147583,0.4264705882352941,-1.1216732263565063,15.0,0.0,0.0,0.0,0.0,0.0,1741277038_994503974,0.8333333333333334,1.532997488975525,2.6546707153320312,0.7883098125457764,0.8816725015640259,0.9830306172370911,1.609902262687683,,0.9078947368421053,0.16521739130434782,0.028985507246376812,90.38461538461539,30.215827338129497,0.3602941176470588,65.78947368421053,8.552631578947368,2.631578947368421,1.532997488975525,1.9732364416122437,86.8421052631579,36.18421052631579,8.552631578947368,2.6546707153320312,3.2387757301330566,-0.7316862776507878,13.194793835282326,specimen_1__2025_03_06-17_03_37__Clip_1__start,valid,0.012099402025341988,0.012099402025341988,0.18146266043186188,0.08468901365995407,0.6323529411764706,152
EGBM-v2-CARE,specimen_1,2025_03_06-17_03_37,valid,,specimen_1__2025_03_06-17_03_37__Clip_1__end,0.3983402489626556,2.51953125,3.102635145187378,0.0,,2.2458229064941406,2.238710403442383,2.245412826538086,2.245671033859253,0.8368620872497559,0.6119402985074627,-0.21194195747375488,17.522658610271904,50.349650349650354,0.0,0.0,0.0,0.0,1741277054_444179058,0.5850622406639004,2.246960163116455,2.4357948303222656,1.750503420829773,0.8321231603622437,0.9702799320220947,1.6014463901519775,,0.8827838827838828,0.6808510638297872,0.016597510373443983,77.20930232558139,21.339950372208435,0.2622601279317697,60.62271062271062,26.190476190476193,10.805860805860807,2.262934923171997,3.374509811401367,80.40293040293041,28.754578754578752,7.6923076923076925,2.474876880645752,3.2131309509277344,-0.09365799931032572,13.229535892605782,specimen_1__2025_03_06-17_03_37__Clip_1__end,valid,0.004964170511811972,0.02482001855969429,0.2679626941680908,0.134010910987854,0.7228144989339019,546
EGBM-v2-CARE,specimen_1,2025_03_06-17_50_08,valid,direct_polaris,specimen_1__2025_03_06-17_50_08__Clip_1__start,0.23897911832946636,3.263962745666504,3.9409306049346924,0.0,,2.245708465576172,2.2178382873535156,2.2453267574310303,2.2456512451171875,1.1378339529037476,0.4195121951219512,-0.8256912231445312,25.735294117647058,24.691358024691358,0.0,0.0,0.0,0.0,1741279814_889631032,0.7470997679814385,1.4601329565048218,2.3018195629119873,1.37980055809021,0.8236855864524841,0.9653550982475281,1.6818909645080566,,0.890495867768595,0.3198757763975155,0.013921113689095127,71.22641509433963,24.069478908188586,0.25609756097560976,56.19834710743802,16.735537190082646,5.991735537190083,1.635298252105713,2.209825038909912,72.93388429752066,32.64462809917356,10.743801652892563,2.460989475250244,3.1229817867279053,-0.5049178167232303,13.157207984477282,specimen_1__2025_03_06-17_50_08__Clip_1__start,valid,0.004139416851103306,0.016557155176997185,0.19863946735858917,0.09933068603277206,0.7414634146341463,484
EGBM-v2-CARE,specimen_1,2025_03_06-17_50_08,valid,direct_polaris,specimen_1__2025_03_06-17_50_08__Clip_1__end,0.4,2.198214292526245,2.6187679767608643,0.0,,2.2456817626953125,2.0980911254882812,2.2449333667755127,2.2454118728637695,0.7410887479782104,0.5679862306368331,-0.22922682762145996,19.37639198218263,31.958762886597935,0.0,0.0,0.0,0.0,1741279833_122301101,0.5834710743801653,2.296557903289795,2.5160796642303467,1.5654810667037964,0.7516185641288757,0.9553945064544678,1.5424927473068237,,0.8344827586206897,0.6855524079320113,0.01652892561983471,62.31884057971014,19.397363465160076,0.24268502581755594,61.93103448275862,26.75862068965517,9.379310344827587,2.2918102741241455,3.43481707572937,73.6551724137931,32.41379310344827,10.620689655172413,2.5210371017456055,3.3262550830841064,-0.10001998429344808,13.20176525041461,specimen_1__2025_03_06-17_50_08__Clip_1__end,valid,0.004112373571842909,0.028785860165953636,0.29577019810676575,0.14800015091896057,0.7487091222030982,725
EGBM-v2-CARE,specimen_1,2025_03_06-17_04_37,valid,,specimen_1__2025_03_06-17_04_37__Clip_1__start,0.23841059602649006,,,0.0,,2.2457752227783203,2.1906356811523438,2.245553970336914,2.245664358139038,1.5542155504226685,0.6040268456375839,-0.772574782371521,18.867924528301888,37.5,0.0,0.0,0.0,0.0,1741277089_267859220,0.7350993377483444,1.2069052457809448,1.9794800281524658,0.7511197328567505,0.7619755268096924,0.9596256017684937,1.5394697189331055,,0.8118279569892473,0.32432432432432434,0.026490066225165563,76.25,19.662921348314608,0.46308724832214765,56.98924731182796,4.301075268817205,0.0,1.2069052457809448,1.429113745689392,79.03225806451613,21.50537634408602,3.763440860215054,1.9794800281524658,2.3826684951782227,-0.6401287798460232,13.18261492997408,specimen_1__2025_03_06-17_04_37__Clip_1__start,valid,0.013126696459949017,0.013126696459949017,0.23625750839710236,0.1181325688958168,0.5302013422818792,186
EGBM-v2-CARE,specimen_1,2025_03_06-17_04_37,usable_with_warning,,specimen_1__2025_03_06-17_04_37__Clip_1__end,0.10480349344978165,0.5795454382896423,0.8968904614448547,0.0,,2.2456092834472656,1.3717765808105469,2.244868755340576,2.245413064956665,1.786689043045044,0.45662100456621,-0.7488816976547241,13.492063492063492,0.0,0.0,0.0,0.0,0.0,1741277102_310320138,0.8777292576419214,0.9244019389152527,1.6860785484313965,0.8158261179924011,0.5440938472747803,0.9052494168281555,1.5213273763656616,,0.599476439790576,0.11940298507462686,0.017467248908296942,47.265625,14.47721179624665,0.3835616438356164,32.98429319371728,2.356020942408377,0.0,0.9144715070724487,1.1512919664382935,60.20942408376963,16.49214659685864,2.356020942408377,1.6633532047271729,2.123842716217041,-0.8189229427739777,13.236626982688904,specimen_1__2025_03_06-17_04_37__Clip_1__end,usable_with_warning,0.007333247922360897,0.021998858079314232,0.27853038907051086,0.13929729163646698,0.6073059360730594,382
EGBM-v2-CARE,specimen_1,2025_03_06-17_04_37,usable_with_warning,,specimen_1__2025_03_06-17_04_37__Clip_2__start,0.10480349344978165,0.5795454382896423,0.8968904614448547,0.0,,2.2456092834472656,1.3717765808105469,2.244868755340576,2.245413064956665,1.786689043045044,0.45662100456621,-0.7488816976547241,13.492063492063492,0.0,0.0,0.0,0.0,0.0,1741277102_310320138,0.8777292576419214,0.9244019389152527,1.6860785484313965,0.8158261179924011,0.5440938472747803,0.9052494168281555,1.5213273763656616,,0.599476439790576,0.11940298507462686,0.017467248908296942,47.265625,14.47721179624665,0.3835616438356164,32.98429319371728,2.356020942408377,0.0,0.9144715070724487,1.1512919664382935,60.20942408376963,16.49214659685864,2.356020942408377,1.6633532047271729,2.123842716217041,-0.8189229427739777,13.182304799556732,specimen_1__2025_03_06-17_04_37__Clip_2__start,usable_with_warning,0.007333247922360897,0.021998858079314232,0.27853038907051086,0.13929729163646698,0.6073059360730594,382
EGBM-v2-CARE,specimen_1,2025_03_06-17_04_37,valid,,specimen_1__2025_03_06-17_04_37__Clip_2__end,0.0778816199376947,1.75,3.8050882816314697,0.0,,2.2457122802734375,2.177614212036133,2.245394229888916,2.24556827545166,1.0415129661560059,0.25,-1.1925252676010132,4.471544715447155,0.0,0.0,0.0,0.0,0.0,1741277116_990405559,0.9065420560747663,1.6955658197402954,2.8601279258728027,0.5506801009178162,0.7279837131500244,0.9566326141357422,1.7435609102249146,,0.7753623188405797,0.0859106529209622,0.01557632398753894,61.904761904761905,32.122905027932966,0.21153846153846154,59.42028985507246,13.526570048309178,6.280193236714976,1.6972750425338745,2.325582981109619,81.88405797101449,41.30434782608695,11.594202898550725,2.8898003101348877,3.5907959938049316,-0.7026116791422817,13.197338208556175,specimen_1__2025_03_06-17_04_37__Clip_2__end,valid,0.004420619923621416,0.017682157456874847,0.18121762573719025,0.08840560913085938,0.7852564102564102,414
EGBM-v2-CARE,specimen_1,2025_03_06-17_04_37,valid,,specimen_1__2025_03_06-17_04_37__Clip_3__start,0.0778816199376947,1.75,3.8050882816314697,0.0,,2.2457122802734375,2.177614212036133,2.245394229888916,2.24556827545166,1.0415129661560059,0.25,-1.1925252676010132,4.471544715447155,0.0,0.0,0.0,0.0,0.0,1741277116_990405559,0.9065420560747663,1.6955658197402954,2.8601279258728027,0.5506801009178162,0.7279837131500244,0.9566326141357422,1.7435609102249146,,0.7753623188405797,0.0859106529209622,0.01557632398753894,61.904761904761905,32.122905027932966,0.21153846153846154,59.42028985507246,13.526570048309178,6.280193236714976,1.6972750425338745,2.325582981109619,81.88405797101449,41.30434782608695,11.594202898550725,2.8898003101348877,3.5907959938049316,-0.7026116791422817,13.181603979319334,specimen_1__2025_03_06-17_04_37__Clip_3__start,valid,0.004420619923621416,0.017682157456874847,0.18121762573719025,0.08840560913085938,0.7852564102564102,414
EGBM-v2-CARE,specimen_1,2025_03_06-17_04_37,valid,,specimen_1__2025_03_06-17_04_37__Clip_3__end,0.32238805970149254,2.40625,4.651702880859375,0.0,,2.2458229064941406,2.2424278259277344,2.245647430419922,2.2457706928253174,0.8043829798698425,0.47335423197492166,-0.5656478404998779,21.782178217821784,33.75,0.0,0.0,0.0,0.0,1741277161_742160797,0.6686567164179105,2.2649967670440674,2.8216376304626465,1.7271919250488281,0.8392124176025391,0.9733084440231323,1.7790242433547974,,0.8933333333333333,0.48214285714285715,0.008955223880597015,69.36416184971098,21.01694915254237,0.22570532915360503,53.86666666666666,21.333333333333336,9.066666666666666,2.265749931335449,4.364389896392822,74.13333333333333,30.666666666666664,11.200000000000001,2.831397771835327,4.358789920806885,-0.24965148742892426,13.207081705331802,specimen_1__2025_03_06-17_04_37__Clip_3__end,valid,0.005628570448607206,0.01688566245138645,0.20823383331298828,0.10130803287029266,0.7617554858934169,375
EGBM-v2-CARE,specimen_1,2025_03_06-17_04_37,valid,,specimen_1__2025_03_06-17_04_37__Clip_4__start,0.32238805970149254,2.40625,4.651702880859375,0.0,,2.2458229064941406,2.2424278259277344,2.245647430419922,2.2457706928253174,0.8043829798698425,0.47335423197492166,-0.5656478404998779,21.782178217821784,33.75,0.0,0.0,0.0,0.0,1741277161_742160797,0.6686567164179105,2.2649967670440674,2.8216376304626465,1.7271919250488281,0.8392124176025391,0.9733084440231323,1.7790242433547974,,0.8933333333333333,0.48214285714285715,0.008955223880597015,69.36416184971098,21.01694915254237,0.22570532915360503,53.86666666666666,21.333333333333336,9.066666666666666,2.265749931335449,4.364389896392822,74.13333333333333,30.666666666666664,11.200000000000001,2.831397771835327,4.358789920806885,-0.24965148742892426,13.20221507921815,specimen_1__2025_03_06-17_04_37__Clip_4__start,valid,0.005628570448607206,0.01688566245138645,0.20823383331298828,0.10130803287029266,0.7617554858934169,375
EGBM-v2-CARE,specimen_1,2025_03_06-17_04_37,valid,,specimen_1__2025_03_06-17_04_37__Clip_4__end,0.35735735735735735,11.897321701049805,11.225897789001465,0.0,,2.2458038330078125,2.223306655883789,2.24542498588562,2.2457275390625,0.6910430788993835,0.5125786163522013,-0.3457913398742676,14.000000000000002,23.387096774193548,0.0,0.0,0.0,0.0,1741277171_752430915,0.6306306306306306,2.2253429889678955,2.6058685779571533,1.8509652614593506,0.7432088255882263,0.9533364772796631,1.7434968948364258,,0.785377358490566,0.5666666666666667,0.012012012012012012,66.66666666666666,18.666666666666668,0.17295597484276728,58.9622641509434,29.245283018867923,12.735849056603774,2.544700860977173,4.354694366455078,78.06603773584906,35.613207547169814,11.79245283018868,2.8904922008514404,4.229148864746094,-0.13588683258490455,13.212141115218401,specimen_1__2025_03_06-17_04_37__Clip_4__end,valid,0.0061134821735322475,0.024451592937111855,0.2567007839679718,0.1283598691225052,0.8238993710691824,424
EGBM-v2-CARE,specimen_1,2025_03_06-17_04_37,valid,,specimen_1__2025_03_06-17_04_37__Clip_5__start,0.35735735735735735,11.897321701049805,11.225897789001465,0.0,,2.2458038330078125,2.223306655883789,2.24542498588562,2.2457275390625,0.6910430788993835,0.5125786163522013,-0.3457913398742676,14.000000000000002,23.387096774193548,0.0,0.0,0.0,0.0,1741277171_752430915,0.6306306306306306,2.2253429889678955,2.6058685779571533,1.8509652614593506,0.7432088255882263,0.9533364772796631,1.7434968948364258,,0.785377358490566,0.5666666666666667,0.012012012012012012,66.66666666666666,18.666666666666668,0.17295597484276728,58.9622641509434,29.245283018867923,12.735849056603774,2.544700860977173,4.354694366455078,78.06603773584906,35.613207547169814,11.79245283018868,2.8904922008514404,4.229148864746094,-0.13588683258490455,13.175295200198889,specimen_1__2025_03_06-17_04_37__Clip_5__start,valid,0.0061134821735322475,0.024451592937111855,0.2567007839679718,0.1283598691225052,0.8238993710691824,424
EGBM-v2-CARE,specimen_1,2025_03_06-17_51_03,valid,direct_polaris,specimen_1__2025_03_06-17_51_03__Clip_1__end,0.20606060606060606,2.6078124046325684,3.6098225116729736,0.0,,2.2457847595214844,2.2340164184570312,2.245375871658325,2.2456116676330566,1.3253142833709717,0.39914163090128757,-1.039473533630371,19.626168224299064,24.637681159420293,0.0,0.0,0.0,0.0,1741279879_525370836,0.7818181818181819,1.393387794494629,2.435804843902588,1.2689365148544312,0.8670496344566345,0.9706020951271057,1.8084994554519653,,0.9016393442622951,0.26356589147286824,0.012121212121212121,80.7017543859649,31.458333333333332,0.2703862660944206,58.46994535519126,12.568306010928962,0.36429872495446264,1.481870412826538,1.8881560564041138,80.51001821493625,36.97632058287796,7.468123861566485,2.521343946456909,2.9721415042877197,-0.701460481721655,13.209134805947542,specimen_1__2025_03_06-17_51_03__Clip_1__end,valid,0.0032059187069535255,0.016028841957449913,0.1730804592370987,0.08654846996068954,0.721030042918455,549
EGBM-v2-CARE,specimen_1,2025_03_06-17_51_03,valid,direct_polaris,specimen_1__2025_03_06-17_51_03__Clip_2__start,0.20606060606060606,2.6078124046325684,3.6098225116729736,0.0,,2.2457847595214844,2.2340164184570312,2.245375871658325,2.2456116676330566,1.3253142833709717,0.39914163090128757,-1.039473533630371,19.626168224299064,24.637681159420293,0.0,0.0,0.0,0.0,1741279879_525370836,0.7818181818181819,1.393387794494629,2.435804843902588,1.2689365148544312,0.8670496344566345,0.9706020951271057,1.8084994554519653,,0.9016393442622951,0.26356589147286824,0.012121212121212121,80.7017543859649,31.458333333333332,0.2703862660944206,58.46994535519126,12.568306010928962,0.36429872495446264,1.481870412826538,1.8881560564041138,80.51001821493625,36.97632058287796,7.468123861566485,2.521343946456909,2.9721415042877197,-0.701460481721655,13.176487293094397,specimen_1__2025_03_06-17_51_03__Clip_2__start,valid,0.0032059187069535255,0.016028841957449913,0.1730804592370987,0.08654846996068954,0.721030042918455,549
EGBM-v2-CARE,specimen_1,2025_03_06-17_51_03,valid,direct_polaris,specimen_1__2025_03_06-17_51_03__Clip_2__end,0.25708502024291496,2.6931817531585693,3.7699899673461914,0.0,,2.2458457946777344,2.2361278533935547,2.2454328536987305,2.245720386505127,1.1785165071487427,0.4397463002114165,-0.7512801885604858,21.406727828746178,38.372093023255815,0.0,0.0,0.0,0.0,1741279888_274587154,0.7246963562753036,1.548809289932251,2.279311180114746,1.5621001720428467,0.8470505475997925,0.9756030440330505,1.7097125053405762,,0.8981818181818182,0.3547486033519553,0.018218623481781375,76.23318385650224,27.801724137931032,0.25792811839323465,59.45454545454546,15.636363636363637,2.181818181818182,1.6174715757369995,2.0932915210723877,77.63636363636364,33.09090909090909,6.0,2.3687517642974854,2.8248138427734375,-0.4644781397275347,13.183617033064365,specimen_1__2025_03_06-17_51_03__Clip_2__end,valid,0.0036661960184574127,0.018329951912164688,0.20158152282238007,0.09897195547819138,0.7293868921775899,550
EGBM-v2-CARE,specimen_1,2025_03_06-17_51_03,valid,direct_polaris,specimen_1__2025_03_06-17_51_03__Clip_3__start,0.25708502024291496,2.6931817531585693,3.7699899673461914,0.0,,2.2458457946777344,2.2361278533935547,2.2454328536987305,2.245720386505127,1.1785165071487427,0.4397463002114165,-0.7512801885604858,21.406727828746178,38.372093023255815,0.0,0.0,0.0,0.0,1741279888_274587154,0.7246963562753036,1.548809289932251,2.279311180114746,1.5621001720428467,0.8470505475997925,0.9756030440330505,1.7097125053405762,,0.8981818181818182,0.3547486033519553,0.018218623481781375,76.23318385650224,27.801724137931032,0.25792811839323465,59.45454545454546,15.636363636363637,2.181818181818182,1.6174715757369995,2.0932915210723877,77.63636363636364,33.09090909090909,6.0,2.3687517642974854,2.8248138427734375,-0.4644781397275347,13.169916812330484,specimen_1__2025_03_06-17_51_03__Clip_3__start,valid,0.0036661960184574127,0.018329951912164688,0.20158152282238007,0.09897195547819138,0.7293868921775899,550
EGBM-v2-CARE,specimen_1,2025_03_06-17_51_03,valid,direct_polaris,specimen_1__2025_03_06-17_51_03__Clip_3__end,0.3801801801801802,1.9013158082962036,2.2551429271698,0.0,,2.245830535888672,2.210247039794922,2.2453033924102783,2.2455925941467285,0.8313252329826355,0.5348399246704332,-0.33144354820251465,17.136659436008678,32.3943661971831,0.0,0.0,0.0,0.0,1741279896_845916986,0.6036036036036037,2.154759645462036,2.485548734664917,1.6096341609954834,0.7806527614593506,0.9592404961585999,1.6767158508300781,,0.8295964125560538,0.6298507462686567,0.016216216216216217,69.71153846153845,24.857685009487664,0.2184557438794727,68.90881913303438,21.225710014947683,9.566517189835576,2.147561550140381,3.0085701942443848,78.77428998505232,33.931240657698055,5.9790732436472345,2.4790050983428955,3.062190294265747,-0.15433483067381654,13.20252614095807,specimen_1__2025_03_06-17_51_03__Clip_3__end,valid,0.0039912681095302105,0.023945404216647148,0.26326027512550354,0.13167279958724976,0.768361581920904,669
EGBM-v2-CARE,specimen_1,2025_03_06-17_51_03,valid,direct_polaris,specimen_1__2025_03_06-17_51_03__Clip_4__start,0.3801801801801802,1.9013158082962036,2.2551429271698,0.0,,2.245830535888672,2.210247039794922,2.2453033924102783,2.2455925941467285,0.8313252329826355,0.5348399246704332,-0.33144354820251465,17.136659436008678,32.3943661971831,0.0,0.0,0.0,0.0,1741279896_845916986,0.6036036036036037,2.154759645462036,2.485548734664917,1.6096341609954834,0.7806527614593506,0.9592404961585999,1.6767158508300781,,0.8295964125560538,0.6298507462686567,0.016216216216216217,69.71153846153845,24.857685009487664,0.2184557438794727,68.90881913303438,21.225710014947683,9.566517189835576,2.147561550140381,3.0085701942443848,78.77428998505232,33.931240657698055,5.9790732436472345,2.4790050983428955,3.062190294265747,-0.15433483067381654,13.195124920457602,specimen_1__2025_03_06-17_51_03__Clip_4__start,valid,0.0039912681095302105,0.023945404216647148,0.26326027512550354,0.13167279958724976,0.768361581920904,669
EGBM-v2-CARE,specimen_1,2025_03_06-17_51_03,valid,direct_polaris,specimen_1__2025_03_06-17_51_03__Clip_4__end,0.3620414673046252,2.003472328186035,1.8139623403549194,0.0,,2.2457351684570312,2.1119022369384766,2.2451932430267334,2.2455997467041016,0.6969174742698669,0.5190082644628099,-0.354233980178833,13.948919449901767,16.55629139072848,0.0,0.0,0.0,0.0,1741279907_282327890,0.6060606060606061,2.5053601264953613,2.873188018798828,1.541094183921814,0.7795760035514832,0.9601726531982422,1.6088674068450928,,0.8495934959349594,0.5973684210526315,0.03189792663476874,72.48908296943232,28.109028960817717,0.22644628099173553,68.97018970189703,20.460704607046072,14.634146341463413,2.49311900138855,3.8802406787872314,81.84281842818429,39.43089430894309,7.723577235772358,2.847352981567383,3.7566442489624023,-0.14208466582683835,13.199130073189735,specimen_1__2025_03_06-17_51_03__Clip_4__end,valid,0.0036646381486207247,0.025650866329669952,0.267254501581192,0.13187938928604126,0.7652892561983471,738
EGBM-v2-CARE,specimen_1,2025_03_06-17_51_03,valid,direct_polaris,specimen_1__2025_03_06-17_51_03__Clip_5__start,0.3620414673046252,2.003472328186035,1.8139623403549194,0.0,,2.2457351684570312,2.1119022369384766,2.2451932430267334,2.2455997467041016,0.6969174742698669,0.5190082644628099,-0.354233980178833,13.948919449901767,16.55629139072848,0.0,0.0,0.0,0.0,1741279907_282327890,0.6060606060606061,2.5053601264953613,2.873188018798828,1.541094183921814,0.7795760035514832,0.9601726531982422,1.6088674068450928,,0.8495934959349594,0.5973684210526315,0.03189792663476874,72.48908296943232,28.109028960817717,0.22644628099173553,68.97018970189703,20.460704607046072,14.634146341463413,2.49311900138855,3.8802406787872314,81.84281842818429,39.43089430894309,7.723577235772358,2.847352981567383,3.7566442489624023,-0.14208466582683835,13.16913589835167,specimen_1__2025_03_06-17_51_03__Clip_5__start,valid,0.0036646381486207247,0.025650866329669952,0.267254501581192,0.13187938928604126,0.7652892561983471,738
EGBM-v2-CARE,specimen_1,2025_03_06-17_51_03,valid,direct_polaris,specimen_1__2025_03_06-17_51_03__Clip_5__end,0.4435857805255023,2.3705356121063232,2.7306084632873535,0.0,,2.245769500732422,2.173675537109375,2.2452712059020996,2.245621681213379,0.5318078994750977,0.617363344051447,-0.0681767463684082,9.66010733452594,22.807017543859647,0.0,0.0,0.0,0.0,1741279919_146309852,0.5363214837712519,3.2920844554901123,3.3523309230804443,1.720468521118164,0.7591268420219421,0.9518343210220337,1.5782325267791748,,0.8148614609571788,0.8270893371757925,0.02009273570324575,68.08510638297872,21.218074656188605,0.2057877813504823,70.40302267002518,35.894206549118394,20.780856423173805,3.2677109241485596,5.187773704528809,83.75314861460957,41.30982367758186,14.357682619647354,3.3358876705169678,4.717069625854492,-0.0208637630289076,13.181113637983799,specimen_1__2025_03_06-17_51_03__Clip_5__end,valid,0.004088567569851875,0.02861785516142845,0.32264795899391174,0.15940915048122406,0.7845659163987139,794
EGBM-v2-CARE,specimen_1,2025_03_06-17_39_51,valid,,specimen_1__2025_03_06-17_39_51__Clip_1__start,0.46608101512933137,2.95849609375,2.672877788543701,0.0,,2.2462692260742188,2.2329139709472656,2.2460930347442627,2.246257781982422,0.9776602983474731,0.6016137165910237,-0.08870565891265869,43.543956043956044,56.393442622950815,0.0,0.0,0.0,0.0,1741279197_390876054,0.511469009272816,1.8817163705825806,1.9817008972167969,1.5655982494354248,0.9075286388397217,0.9690825343132019,1.6123554706573486,,0.9364716636197441,0.9112595419847328,0.02244997559785261,75.81967213114754,18.799787573021774,0.2869389813414019,66.54478976234005,13.939670932358316,4.341864716636198,1.9132126569747925,2.8700780868530273,62.93418647166362,22.257769652650822,4.159049360146253,2.001918315887451,2.8354761600494385,-0.04636476692189656,13.19525483995676,specimen_1__2025_03_06-17_39_51__Clip_1__start,valid,0.0026546751614660025,0.027870235964655876,0.28911617398262024,0.14462381601333618,0.6959152798789713,2188
EGBM-v2-CARE,specimen_1,2025_03_06-17_39_51,valid,,specimen_1__2025_03_06-17_39_51__Clip_1__end,0.4284204965662969,4.13205623626709,4.614194869995117,0.0,,2.2462730407714844,2.2365798950195312,2.2461280822753906,2.2462635040283203,1.0049352645874023,0.623123957754308,-0.20068442821502686,37.955625990491285,55.769230769230774,0.0,0.0,0.0,0.0,1741279208_726855754,0.5483359746434231,1.781760334968567,1.9780604839324951,1.4414613246917725,0.9066699147224426,0.9718893766403198,1.516677737236023,,0.9366650173181593,0.7813102119460501,0.02324352879027998,73.64953886693017,17.08601521357519,0.3546414674819344,62.444334487877285,15.437902028698664,5.244928253339931,1.817811369895935,2.858562469482422,66.40277090549233,21.27659574468085,4.354280059376546,2.018495798110962,2.850682020187378,-0.11039892891995472,13.242595363408327,specimen_1__2025_03_06-17_39_51__Clip_1__end,valid,0.0028483096975833178,0.028480159118771553,0.2874876856803894,0.1437905728816986,0.6331295163979989,2021
EGBM-v2-CARE,specimen_1,2025_03_06-17_39_51,valid,,specimen_1__2025_03_06-17_39_51__Clip_2__start,0.4284204965662969,4.13205623626709,4.614194869995117,0.0,,2.2462730407714844,2.2365798950195312,2.2461280822753906,2.2462635040283203,1.0049352645874023,0.623123957754308,-0.20068442821502686,37.955625990491285,55.769230769230774,0.0,0.0,0.0,0.0,1741279208_726855754,0.5483359746434231,1.781760334968567,1.9780604839324951,1.4414613246917725,0.9066699147224426,0.9718893766403198,1.516677737236023,,0.9366650173181593,0.7813102119460501,0.02324352879027998,73.64953886693017,17.08601521357519,0.3546414674819344,62.444334487877285,15.437902028698664,5.244928253339931,1.817811369895935,2.858562469482422,66.40277090549233,21.27659574468085,4.354280059376546,2.018495798110962,2.850682020187378,-0.11039892891995472,13.19008693099022,specimen_1__2025_03_06-17_39_51__Clip_2__start,valid,0.0028483096975833178,0.028480159118771553,0.2874876856803894,0.1437905728816986,0.6331295163979989,2021
EGBM-v2-CARE,specimen_1,2025_03_06-17_39_51,valid,,specimen_1__2025_03_06-17_39_51__Clip_2__end,0.4244791666666667,2.9171130657196045,2.4395010471343994,0.0,,2.2462635040283203,2.224156379699707,2.24611496925354,2.2462499141693115,0.8796396255493164,0.6181015452538632,-0.17843294143676758,30.73170731707317,46.78217821782179,0.0,0.0,0.0,0.0,1741279216_465456247,0.559375,2.0400986671447754,2.252751588821411,1.582554578781128,0.8686696290969849,0.9631633162498474,1.5533462762832642,,0.9065155807365439,0.7588454376163873,0.016145833333333335,76.86676427525623,20.01166861143524,0.2792494481236203,67.75259678942398,19.07459867799811,7.0349386213408875,2.0835766792297363,3.2599668502807617,71.71860245514637,26.345609065155806,6.137865911237016,2.262009620666504,3.1626884937286377,-0.08563780887715218,13.201873749494553,specimen_1__2025_03_06-17_39_51__Clip_2__end,valid,0.0026879191864281893,0.02821870520710945,0.2833300828933716,0.14105045795440674,0.7064017660044151,2118
EGBM-v2-CARE,specimen_1,2025_03_06-17_39_51,valid,,specimen_1__2025_03_06-17_39_51__Clip_3__start,0.4244791666666667,2.9171130657196045,2.4395010471343994,0.0,,2.2462635040283203,2.224156379699707,2.24611496925354,2.2462499141693115,0.8796396255493164,0.6181015452538632,-0.17843294143676758,30.73170731707317,46.78217821782179,0.0,0.0,0.0,0.0,1741279216_465456247,0.559375,2.0400986671447754,2.252751588821411,1.582554578781128,0.8686696290969849,0.9631633162498474,1.5533462762832642,,0.9065155807365439,0.7588454376163873,0.016145833333333335,76.86676427525623,20.01166861143524,0.2792494481236203,67.75259678942398,19.07459867799811,7.0349386213408875,2.0835766792297363,3.2599668502807617,71.71860245514637,26.345609065155806,6.137865911237016,2.262009620666504,3.1626884937286377,-0.08563780887715218,13.171358965337276,specimen_1__2025_03_06-17_39_51__Clip_3__start,valid,0.0026879191864281893,0.02821870520710945,0.2833300828933716,0.14105045795440674,0.7064017660044151,2118
EGBM-v2-CARE,specimen_1,2025_03_06-17_39_51,usable_with_warning,,specimen_1__2025_03_06-17_39_51__Clip_3__end,0.4341736694677871,3.328004837036133,2.9141428470611572,0.0,,2.246274948120117,2.2234573364257812,2.246103525161743,2.246267318725586,0.779254674911499,0.5878048780487805,-0.1992490291595459,28.98259705488621,37.66730401529637,0.0,0.0,0.0,0.0,1741279225_393536329,0.5522875816993464,2.3337457180023193,2.5690600872039795,1.604940414428711,0.8828356862068176,0.9631823301315308,1.6557071208953857,,0.9153846153846154,0.7861369399830939,0.01353874883286648,75.65011820330969,21.684094661529997,0.24926829268292683,63.84615384615384,22.350427350427353,12.222222222222221,2.3889822959899902,3.799898147583008,72.6923076923077,30.76923076923077,9.572649572649574,2.588231325149536,3.6070120334625244,-0.08340330922250616,13.19392304867506,specimen_1__2025_03_06-17_39_51__Clip_3__end,usable_with_warning,0.0022898295428603888,0.026329217478632927,0.2677094340324402,0.13390035927295685,0.7414634146341463,2340
EGBM-v2-CARE,specimen_1,2025_03_06-17_39_51,usable_with_warning,,specimen_1__2025_03_06-17_39_51__Clip_4__start,0.4341736694677871,3.328004837036133,2.9141428470611572,0.0,,2.246274948120117,2.2234573364257812,2.246103525161743,2.246267318725586,0.779254674911499,0.5878048780487805,-0.1992490291595459,28.98259705488621,37.66730401529637,0.0,0.0,0.0,0.0,1741279225_393536329,0.5522875816993464,2.3337457180023193,2.5690600872039795,1.604940414428711,0.8828356862068176,0.9631823301315308,1.6557071208953857,,0.9153846153846154,0.7861369399830939,0.01353874883286648,75.65011820330969,21.684094661529997,0.24926829268292683,63.84615384615384,22.350427350427353,12.222222222222221,2.3889822959899902,3.799898147583008,72.6923076923077,30.76923076923077,9.572649572649574,2.588231325149536,3.6070120334625244,-0.08340330922250616,13.355422765016556,specimen_1__2025_03_06-17_39_51__Clip_4__start,usable_with_warning,0.0022898295428603888,0.026329217478632927,0.2677094340324402,0.13390035927295685,0.7414634146341463,2340
EGBM-v2-CARE,specimen_1,2025_03_06-17_38_21,valid,,specimen_1__2025_03_06-17_38_21__Clip_1__start,0.5214187010594197,3.9454195499420166,3.082538604736328,0.0,,2.246257781982422,2.236553192138672,2.2460994720458984,2.246244430541992,0.6509398221969604,0.6579198473282443,0.02929067611694336,42.58258258258258,42.55952380952381,0.0,0.0,0.0,0.0,1741279107_899443149,0.4555504375863657,2.766857862472534,2.764540672302246,1.4474608898162842,0.8963720798492432,0.9695441722869873,1.5882103443145752,,0.9321597252039502,1.1445904954499495,0.023030861354214647,75.90361445783132,17.91269443050677,0.3325381679389313,71.48990983254616,14.426792614856163,7.642765135251181,2.8037986755371094,5.766839504241943,62.6878488621726,23.6152855302705,6.998711893516531,2.774507999420166,5.367918491363525,0.01044678292079309,13.293430674821138,specimen_1__2025_03_06-17_38_21__Clip_1__start,valid,0.002854311838746071,0.03282012790441513,0.33083298802375793,0.1654801368713379,0.648854961832061,2329
EGBM-v2-CARE,specimen_1,2025_03_06-17_38_21,usable_with_warning,,specimen_1__2025_03_06-17_38_21__Clip_1__end,0.4335596508244423,3.3125,3.758661985397339,0.0,,2.246257781982422,2.2401084899902344,2.2461166381835938,2.2462425231933594,0.7748758792877197,0.5617866004962779,-0.278702974319458,28.754578754578752,47.63092269326683,0.0,0.0,0.0,0.0,1741279119_003957033,0.5489815712900097,2.4970617294311523,2.7671396732330322,1.5061525106430054,0.9222526550292969,0.9752984642982483,1.7222590446472168,,0.9528650646950092,0.7897526501766784,0.01745877788554801,86.69201520912547,31.764038570618265,0.2660049627791563,75.6931608133087,18.530499075785585,7.43992606284658,2.5370047092437744,4.288360118865967,75.0,35.5822550831793,6.423290203327172,2.8157076835632324,4.215850830078125,-0.10985512691560327,13.163937721401453,specimen_1__2025_03_06-17_38_21__Clip_1__end,usable_with_warning,0.0023016382474452257,0.02416713908314705,0.24855805933475494,0.124285027384758,0.721091811414392,2164
EGBM-v2-CARE,specimen_1,2025_03_06-17_38_21,usable_with_warning,,specimen_1__2025_03_06-17_38_21__Clip_2__start,0.4335596508244423,3.3125,3.758661985397339,0.0,,2.246257781982422,2.2401084899902344,2.2461166381835938,2.2462425231933594,0.7748758792877197,0.5617866004962779,-0.278702974319458,28.754578754578752,47.63092269326683,0.0,0.0,0.0,0.0,1741279119_003957033,0.5489815712900097,2.4970617294311523,2.7671396732330322,1.5061525106430054,0.9222526550292969,0.9752984642982483,1.7222590446472168,,0.9528650646950092,0.7897526501766784,0.01745877788554801,86.69201520912547,31.764038570618265,0.2660049627791563,75.6931608133087,18.530499075785585,7.43992606284658,2.5370047092437744,4.288360118865967,75.0,35.5822550831793,6.423290203327172,2.8157076835632324,4.215850830078125,-0.10985512691560327,13.188515324145555,specimen_1__2025_03_06-17_38_21__Clip_2__start,usable_with_warning,0.0023016382474452257,0.02416713908314705,0.24855805933475494,0.124285027384758,0.721091811414392,2164
EGBM-v2-CARE,specimen_1,2025_03_06-17_38_21,usable_with_warning,,specimen_1__2025_03_06-17_38_21__Clip_2__end,0.5547773886943472,5.65625,5.373208522796631,0.0,,2.2462596893310547,2.2383384704589844,2.2461562156677246,2.246249198913574,0.8521982431411743,0.6788096459722934,0.17601490020751953,46.800501882057716,52.732240437158474,0.0,0.0,0.0,0.0,1741279127_773593664,0.42621310655327665,2.1734793186187744,2.000070810317993,1.5343656539916992,0.902796745300293,0.9723700881004333,1.5545499324798584,,0.931934731934732,1.301643192488263,0.01900950475237619,75.86206896551724,16.807195053400786,0.3201641867624423,74.31235431235432,17.062937062937063,6.247086247086247,2.256286382675171,3.4844768047332764,59.02097902097903,22.004662004662006,5.9207459207459205,2.0802714824676514,3.290757179260254,0.0780108861884931,13.201694935560226,specimen_1__2025_03_06-17_38_21__Clip_2__end,usable_with_warning,0.003383465576916933,0.035523489117622375,0.3617185354232788,0.18094684183597565,0.6608517188301694,2145
EGBM-v2-CARE,specimen_1,2025_03_06-17_38_21,usable_with_warning,,specimen_1__2025_03_06-17_38_21__Clip_3__start,0.5547773886943472,5.65625,5.373208522796631,0.0,,2.2462596893310547,2.2383384704589844,2.2461562156677246,2.246249198913574,0.8521982431411743,0.6788096459722934,0.17601490020751953,46.800501882057716,52.732240437158474,0.0,0.0,0.0,0.0,1741279127_773593664,0.42621310655327665,2.1734793186187744,2.000070810317993,1.5343656539916992,0.902796745300293,0.9723700881004333,1.5545499324798584,,0.931934731934732,1.301643192488263,0.01900950475237619,75.86206896551724,16.807195053400786,0.3201641867624423,74.31235431235432,17.062937062937063,6.247086247086247,2.256286382675171,3.4844768047332764,59.02097902097903,22.004662004662006,5.9207459207459205,2.0802714824676514,3.290757179260254,0.0780108861884931,13.194905128329992,specimen_1__2025_03_06-17_38_21__Clip_3__start,usable_with_warning,0.003383465576916933,0.035523489117622375,0.3617185354232788,0.18094684183597565,0.6608517188301694,2145
EGBM-v2-CARE,specimen_1,2025_03_06-17_38_21,valid,,specimen_1__2025_03_06-17_38_21__Clip_3__end,0.5004775549188156,4.9375,4.6297125816345215,0.0,,2.246267318725586,2.2369956970214844,2.2461469173431396,2.246257781982422,0.8745375871658325,0.6600692726373083,0.049872636795043945,40.88050314465409,54.131054131054135,0.0,0.0,0.0,0.0,1741279136_944712162,0.4713467048710602,1.9897211790084839,1.9503309726715088,1.4906394481658936,0.9236208200454712,0.9774321913719177,1.4714263677597046,,0.9509536784741145,1.0618034447821683,0.028175740210124166,76.30718954248366,16.261480280929227,0.3349826818406729,72.20708446866485,15.940054495912806,5.767484105358765,2.1048479080200195,3.2303595542907715,63.89645776566758,20.98092643051771,4.632152588555858,2.0549752712249756,3.1056253910064697,0.02369417600436411,13.182724826037884,specimen_1__2025_03_06-17_38_21__Clip_3__end,valid,0.003085331991314888,0.03393566235899925,0.33906233310699463,0.16962511837482452,0.6481939633844631,2202
EGBM-v2-CARE,specimen_1,2025_03_06-17_38_21,valid,,specimen_1__2025_03_06-17_38_21__Clip_4__start,0.5004775549188156,4.9375,4.6297125816345215,0.0,,2.246267318725586,2.2369956970214844,2.2461469173431396,2.246257781982422,0.8745375871658325,0.6600692726373083,0.049872636795043945,40.88050314465409,54.131054131054135,0.0,0.0,0.0,0.0,1741279136_944712162,0.4713467048710602,1.9897211790084839,1.9503309726715088,1.4906394481658936,0.9236208200454712,0.9774321913719177,1.4714263677597046,,0.9509536784741145,1.0618034447821683,0.028175740210124166,76.30718954248366,16.261480280929227,0.3349826818406729,72.20708446866485,15.940054495912806,5.767484105358765,2.1048479080200195,3.2303595542907715,63.89645776566758,20.98092643051771,4.632152588555858,2.0549752712249756,3.1056253910064697,0.02369417600436411,13.190217781811953,specimen_1__2025_03_06-17_38_21__Clip_4__start,valid,0.003085331991314888,0.03393566235899925,0.33906233310699463,0.16962511837482452,0.6481939633844631,2202
EGBM-v2-CARE,specimen_1,2025_03_06-17_38_21,valid,,specimen_1__2025_03_06-17_38_21__Clip_4__end,0.4720885466794995,4.530481338500977,4.010527610778809,0.0,,2.2462501525878906,2.236429214477539,2.246095895767212,2.246234893798828,1.0331339836120605,0.68287841191067,-0.020969867706298828,45.97780859916782,59.67213114754099,0.0,0.0,0.0,0.0,1741279148_278485298,0.4937439846005775,1.7693978548049927,1.805808186531067,1.4938201904296875,0.9173341989517212,0.9745288491249084,1.473639965057373,,0.9454049135577798,0.956140350877193,0.034167468719923,79.62962962962963,14.210248283148442,0.40397022332506205,65.60509554140127,13.876251137397636,3.912647861692448,1.846024751663208,2.834092140197754,62.82984531392175,17.8343949044586,3.867151956323931,1.8669946193695068,2.7843337059020996,-0.011359472665469768,13.18224472925067,specimen_1__2025_03_06-17_38_21__Clip_4__end,valid,0.0029645159374922514,0.031124256551265717,0.3242919445037842,0.1614995002746582,0.5702233250620348,2198
EGBM-v2-CARE,specimen_1,2025_03_06-17_38_21,valid,,specimen_1__2025_03_06-17_38_21__Clip_5__start,0.4720885466794995,4.530481338500977,4.010527610778809,0.0,,2.2462501525878906,2.236429214477539,2.246095895767212,2.246234893798828,1.0331339836120605,0.68287841191067,-0.020969867706298828,45.97780859916782,59.67213114754099,0.0,0.0,0.0,0.0,1741279148_278485298,0.4937439846005775,1.7693978548049927,1.805808186531067,1.4938201904296875,0.9173341989517212,0.9745288491249084,1.473639965057373,,0.9454049135577798,0.956140350877193,0.034167468719923,79.62962962962963,14.210248283148442,0.40397022332506205,65.60509554140127,13.876251137397636,3.912647861692448,1.846024751663208,2.834092140197754,62.82984531392175,17.8343949044586,3.867151956323931,1.8669946193695068,2.7843337059020996,-0.011359472665469768,13.198900036513805,specimen_1__2025_03_06-17_38_21__Clip_5__start,valid,0.0029645159374922514,0.031124256551265717,0.3242919445037842,0.1614995002746582,0.5702233250620348,2198
EGBM-v2-CARE,specimen_2,2025_04_10-16_07_15,valid,direct_ps,specimen_2__2025_04_10-16_07_15__Clip_1__start,0.5845568243610658,,,0.0,,2.246095657348633,2.242870330810547,2.2457919120788574,2.246051788330078,1.8134071826934814,0.8808058198097369,-0.010261178016662598,75.28604118993135,0.0,0.0,0.0,0.0,0.0,1744294061_039222002,0.3768352365415987,1.1747450828552246,1.1850062608718872,0.8015599846839905,0.9337095022201538,0.9632917046546936,1.2745946645736694,,0.9435608004104669,1.5512265512265513,0.03860793909733551,94.35736677115987,1.8984094407388403,0.817011751538892,67.26526423807081,0.0,0.0,1.1747450828552246,1.2934772968292236,47.511544381734225,1.8984094407388403,0.1539250897896357,1.1850062608718872,1.4019451141357422,-0.008734812485209766,13.162386137992144,specimen_2__2025_04_10-16_07_15__Clip_1__start,valid,0.002538287313655019,0.04822588339447975,0.48572561144828796,0.2460900992155075,0.17179630665920537,1949
EGBM-v2-CARE,specimen_2,2025_04_10-16_07_15,valid,direct_ps,specimen_2__2025_04_10-16_07_15__Clip_1__end,0.8869752421959096,,,0.0,,2.246124267578125,2.2439517974853516,2.245911121368408,2.246095895767212,1.3298107385635376,0.9709364908503767,0.8028716444969177,79.36507936507937,0.0,0.0,0.0,0.0,0.0,1744294083_538976430,0.030139935414424113,1.6120314598083496,0.8091598153114319,0.9696311354637146,0.9736315608024597,0.982879102230072,1.4777895212173462,,0.9809926082365364,29.428571428571427,0.08288482238966631,0.0,1.3874066168623265,0.8363832077502691,99.78880675818374,1.0559662090813093,0.0,1.6120314598083496,1.6752078533172607,20.591341077085534,2.428722280887012,0.9503695881731784,0.8091598153114319,1.0829031467437744,0.49804961287316885,13.181263580918312,specimen_2__2025_04_10-16_07_15__Clip_1__end,valid,0.05308965966105461,0.4743824303150177,1.0,0.9997677206993103,0.13885898815931108,947
EGBM-v2-CARE,specimen_2,2025_04_10-16_18_24,valid,direct_ps,specimen_2__2025_04_10-16_18_24__Clip_1__start,0.1,,,0.0,,2.2444190979003906,2.242208480834961,2.2440741062164307,2.2443501949310303,4.388322830200195,0.1111111111111111,-1.945283591747284,100.0,0.0,0.0,0.0,0.0,0.0,1744294710_339358568,0.9,0.510937511920929,2.456221103668213,0.5708179473876953,1.0,0.9947882890701294,2.224850654602051,,1.0,0.1111111111111111,0.0,100.0,0.0,0.1111111111111111,10.0,0.0,0.0,0.510937511920929,0.6121531128883362,90.0,0.0,0.0,2.456221103668213,2.5223422050476074,-3.8072827818684996,13.174553401768208,specimen_2__2025_04_10-16_18_24__Clip_1__start,valid,0.11208838224411011,0.11208838224411011,0.11208838224411011,0.11208838224411011,0.8888888888888888,10
EGBM-v2-CARE,specimen_2,2025_04_10-16_18_24,valid,direct_ps,specimen_2__2025_04_10-16_18_24__Clip_1__end,0.16666666666666666,,,0.0,,2.244901657104492,2.2437705993652344,2.244636297225952,2.2448484897613525,2.9785702228546143,0.3333333333333333,-1.5009386539459229,100.0,0.0,0.0,0.0,0.0,0.0,1744294729_138015747,0.8333333333333334,0.74609375,2.247032403945923,0.7281131744384766,0.9999999403953552,0.9946520328521729,1.946748971939087,,1.0,0.2,0.0,100.0,16.666666666666664,0.3333333333333333,16.666666666666664,0.0,0.0,0.74609375,0.8518491387367249,83.33333333333334,16.666666666666664,0.0,2.247032403945923,2.4079463481903076,-2.0117292953411323,13.191178906708956,specimen_2__2025_04_10-16_18_24__Clip_1__end,valid,0.11531541496515274,0.11531541496515274,0.11531541496515274,0.11531541496515274,0.6666666666666666,12
EGBM-v2-CARE,specimen_2,2025_04_10-16_13_29,valid,direct_ps,specimen_2__2025_04_10-16_13_29__Clip_1__start,0.6666666666666666,24.75,22.504310607910156,0.0,,2.245819091796875,2.2454605102539062,2.245786666870117,2.2458126544952393,0.1528977006673813,0.6666666666666666,0.7091455459594727,0.0,0.0,0.0,0.0,0.0,0.0,1744294416_840066432,0.3333333333333333,12.362500190734863,11.960662841796875,2.186260223388672,1.0,0.9969422221183777,2.2450828552246094,,1.0,2.0,0.0,0.0,0.0,0.0,100.0,100.0,100.0,14.427083015441895,16.446943283081055,100.0,100.0,100.0,13.717937469482422,15.071748733520508,0.04915377177773534,13.201904948800802,specimen_2__2025_04_10-16_13_29__Clip_1__start,valid,0.5000365376472473,0.5000365376472473,0.5000365376472473,0.5000365376472473,1.0,6
EGBM-v2-CARE,specimen_2,2025_04_10-16_13_29,valid,direct_ps,specimen_2__2025_04_10-16_13_29__Clip_1__end,0.5180722891566265,,,0.0,,2.245220184326172,2.242908477783203,2.2449066638946533,2.2450859546661377,0.6402326226234436,0.7236842105263158,0.1390552520751953,23.809523809523807,40.476190476190474,0.0,0.0,0.0,0.0,1744294440_072760820,0.46987951807228917,3.1566011905670166,3.0175459384918213,1.9719969034194946,0.8895344138145447,0.9808859825134277,1.8613845109939575,,0.9325842696629213,1.1025641025641026,0.012048192771084338,84.61538461538461,4.25531914893617,0.2236842105263158,70.78651685393258,47.19101123595505,28.08988764044944,3.1566011905670166,4.066948890686035,78.65168539325843,30.337078651685395,14.606741573033707,3.0175459384918213,4.117748260498047,0.044052207954156215,13.17918999120593,specimen_2__2025_04_10-16_13_29__Clip_1__end,valid,0.030923353508114815,0.030923353508114815,0.24735009670257568,0.12368295341730118,0.7631578947368421,89
EGBM-v2-CARE,specimen_2,2025_04_10-16_32_24,valid,direct_ps,specimen_2__2025_04_10-16_32_24__Clip_1__start,,,,,,,,,,,,,,,,,,,1744295550_206134319,,,,,1.0,0.9969972372055054,,,,,,,,,,,,,,,,,,,,13.192851096391678,specimen_2__2025_04_10-16_32_24__Clip_1__start,valid,,,,,,0
EGBM-v2-CARE,specimen_1,2025_03_06-17_33_33,valid,,specimen_1__2025_03_06-17_33_33__Clip_1__start,0.3103448275862069,5.353515625,4.522983074188232,0.0,,2.245655059814453,2.2394943237304688,2.24548077583313,2.2456347942352295,0.9587805867195129,0.392226148409894,-0.6491875648498535,28.458498023715418,10.0,0.0,0.0,0.0,0.0,1741278820_356170415,0.6724137931034483,2.0457282066345215,2.731117010116577,1.6889419555664062,0.8181848526000977,0.9691008925437927,1.8925187587738037,,0.8656716417910447,0.46153846153846156,0.017241379310344827,80.48780487804879,32.45283018867924,0.1872791519434629,75.5223880597015,20.8955223880597,6.865671641791045,2.1247200965881348,2.679901361465454,73.73134328358208,44.47761194029851,18.208955223880597,2.7739076614379883,3.434887170791626,-0.30554027605439216,13.211238663643599,specimen_1__2025_03_06-17_33_33__Clip_1__start,valid,0.0060685803182423115,0.018205689266324043,0.20023861527442932,0.09709247201681137,0.7950530035335689,335
EGBM-v2-CARE,specimen_1,2025_03_06-17_33_33,usable_with_warning,,specimen_1__2025_03_06-17_33_33__Clip_1__end,0.2746478873239437,4.130208492279053,5.398614406585693,0.0,,2.245647430419922,2.2298011779785156,2.2453746795654297,2.2456154823303223,1.0816445350646973,0.36330935251798563,-0.7973942756652832,20.717131474103585,11.627906976744185,0.0,0.0,0.0,0.0,1741278834_696634531,0.7183098591549296,1.80342435836792,2.592357635498047,1.4622877836227417,0.7642281651496887,0.9644413590431213,1.886276364326477,,0.8352941176470589,0.38235294117647056,0.007042253521126761,85.39325842696628,34.00673400673401,0.1510791366906475,73.82352941176471,12.647058823529411,1.7647058823529411,1.8444852828979492,2.195979356765747,80.88235294117648,40.88235294117647,9.117647058823529,2.6418795585632324,3.1271162033081055,-0.43231262567325185,13.203376904129982,specimen_1__2025_03_06-17_33_33__Clip_1__end,usable_with_warning,0.005825691856443882,0.017476996406912804,0.19804726541042328,0.09902949631214142,0.841726618705036,340
EGBM-v2-CARE,specimen_2,2025_04_10-16_28_15,valid,direct_ps,specimen_2__2025_04_10-16_28_15__Clip_1__start,,,,,,,,,,,,,,,,,,,1744295308_437940120,,,,,1.0,0.9970231056213379,,,,,,,,,,,,,,,,,,,,13.202425092458725,specimen_2__2025_04_10-16_28_15__Clip_1__start,valid,,,,,,0
EGBM-v2-CARE,specimen_3,2025_05_08-14_25_47,valid,direct_polaris,specimen_3__2025_05_08-14_25_47__Clip_1__start,0.19367588932806323,45.55921173095703,43.549781799316406,0.0,,2.2461013793945312,2.2384119033813477,2.2459259033203125,2.2460479736328125,0.17292089760303497,0.1976284584980237,-1.2145471572875977,3.4671532846715327,0.6198347107438017,0.0,0.0,0.0,0.0,1746707154_474355459,0.8063241106719368,10.004068374633789,11.329384803771973,1.9262242317199707,0.8588189482688904,0.9498805403709412,2.164895534515381,,0.8846153846153846,0.24019607843137256,0.0,16.666666666666664,12.5,0.015810276679841896,95.8041958041958,84.61538461538461,41.95804195804196,11.18509578704834,22.29217529296875,93.18181818181817,86.01398601398601,80.24475524475524,12.399642944335938,21.94902992248535,-0.10858620975727086,13.172931969165802,specimen_3__2025_05_08-14_25_47__Clip_1__start,valid,0.002539863809943199,0.012697584927082062,0.1447005718946457,0.07109268754720688,0.9822134387351779,572
EGBM-v2-CARE,specimen_2,2025_04_10-16_08_53,valid,direct_ps,specimen_2__2025_04_10-16_08_53__Clip_1__start,0.3391255605381166,,,0.0,,2.246105194091797,2.2425060272216797,2.2458362579345703,2.246046304702759,2.0874996185302734,0.9106210098665118,-0.28057122230529785,50.701186623516726,0.0,0.0,0.0,0.0,0.0,1744294140_239328861,0.5577354260089686,1.0212260484695435,1.3017972707748413,0.8701573610305786,0.9300918579101562,0.9632399082183838,1.0605427026748657,,0.9474243228890069,0.6080402010050251,0.1031390134529148,86.50627615062761,1.384451544195953,0.8229831688914684,49.2299522039299,0.2655337227827934,0.0,1.0212260484695435,1.1823842525482178,68.18906001062135,1.6463090812533192,0.15932023366967604,1.3017972707748413,1.478837490081787,-0.2747395865252114,13.219431042671204,specimen_2__2025_04_10-16_08_53__Clip_1__start,valid,0.0021172414999455214,0.038106001913547516,0.38032007217407227,0.1985108107328415,0.1625072547881602,1883
EGBM-v2-CARE,specimen_2,2025_04_10-16_08_53,valid,direct_ps,specimen_2__2025_04_10-16_08_53__Clip_1__end,0.4914222468179303,,,0.0,,2.2460861206054688,2.2435550689697266,2.2458794116973877,2.2460005283355713,2.051064968109131,0.9535153980244044,-0.20976030826568604,70.58823529411765,0.0,0.0,0.0,0.0,0.0,1744294158_406133651,0.4460431654676259,1.0316556692123413,1.2414159774780273,0.6693962216377258,0.9635154604911804,0.9776119589805603,1.2197816371917725,,0.9772850189291509,1.1017369727047146,0.06253458771444383,92.37844940867281,2.1092482422931313,0.9041255084253341,58.842617631151974,0.0,0.0,1.0316556692123413,1.1728956699371338,55.32720389399676,2.1092482422931313,0.1081665765278529,1.2414159774780273,1.412353515625,-0.20332395248294027,13.1933419033885,specimen_2__2025_04_10-16_08_53__Clip_1__end,valid,0.002276626182720065,0.040934644639492035,0.3784300982952118,0.20275646448135376,0.08541545613015689,1849
EGBM-v2-CARE,specimen_2,2025_04_10-16_08_53,valid,direct_ps,specimen_2__2025_04_10-16_08_53__Clip_2__start,0.4914222468179303,,,0.0,,2.2460861206054688,2.2435550689697266,2.2458794116973877,2.2460005283355713,2.051064968109131,0.9535153980244044,-0.20976030826568604,70.58823529411765,0.0,0.0,0.0,0.0,0.0,1744294158_406133651,0.4460431654676259,1.0316556692123413,1.2414159774780273,0.6693962216377258,0.9635154604911804,0.9776119589805603,1.2197816371917725,,0.9772850189291509,1.1017369727047146,0.06253458771444383,92.37844940867281,2.1092482422931313,0.9041255084253341,58.842617631151974,0.0,0.0,1.0316556692123413,1.1728956699371338,55.32720389399676,2.1092482422931313,0.1081665765278529,1.2414159774780273,1.412353515625,-0.20332395248294027,13.18744383752346,specimen_2__2025_04_10-16_08_53__Clip_2__start,valid,0.002276626182720065,0.040934644639492035,0.3784300982952118,0.20275646448135376,0.08541545613015689,1849
EGBM-v2-CARE,specimen_2,2025_04_10-16_08_53,usable_with_warning,direct_ps,specimen_2__2025_04_10-16_08_53__Clip_2__end,0.6019283746556474,,,0.0,,2.246011734008789,2.2428741455078125,2.245668411254883,2.245936870574951,1.8075058460235596,0.9622775800711744,0.07750856876373291,79.20696324951643,0.0,0.0,0.0,0.0,0.0,1744294172_039264440,0.365702479338843,1.1772923469543457,1.0997837781906128,0.8080582022666931,0.9367825388908386,0.9664875864982605,1.109947919845581,,0.9552631578947368,1.6459510357815443,0.03236914600550964,94.8559670781893,1.0526315789473684,0.9103202846975089,68.02631578947368,0.0,0.0,1.1772923469543457,1.2910116910934448,44.473684210526315,1.0526315789473684,0.0,1.0997837781906128,1.2526342868804932,0.06583629713065536,13.171548955142498,specimen_2__2025_04_10-16_08_53__Clip_2__end,usable_with_warning,0.003793506883084774,0.056748293340206146,0.47203221917152405,0.26609474420547485,0.07900355871886121,1520
EGBM-v2-CARE,specimen_2,2025_04_10-16_08_53,usable_with_warning,direct_ps,specimen_2__2025_04_10-16_08_53__Clip_3__start,0.6019283746556474,,,0.0,,2.246011734008789,2.2428741455078125,2.245668411254883,2.245936870574951,1.8075058460235596,0.9622775800711744,0.07750856876373291,79.20696324951643,0.0,0.0,0.0,0.0,0.0,1744294172_039264440,0.365702479338843,1.1772923469543457,1.0997837781906128,0.8080582022666931,0.9367825388908386,0.9664875864982605,1.109947919845581,,0.9552631578947368,1.6459510357815443,0.03236914600550964,94.8559670781893,1.0526315789473684,0.9103202846975089,68.02631578947368,0.0,0.0,1.1772923469543457,1.2910116910934448,44.473684210526315,1.0526315789473684,0.0,1.0997837781906128,1.2526342868804932,0.06583629713065536,13.18078301846981,specimen_2__2025_04_10-16_08_53__Clip_3__start,usable_with_warning,0.003793506883084774,0.056748293340206146,0.47203221917152405,0.26609474420547485,0.07900355871886121,1520
EGBM-v2-CARE,specimen_2,2025_04_10-16_08_53,valid,direct_ps,specimen_2__2025_04_10-16_08_53__Clip_3__end,0.2457627118644068,,,0.0,,2.2461395263671875,2.245187759399414,2.246061325073242,2.2460994720458984,2.1207714080810547,0.9798728813559322,-0.24922525882720947,48.29396325459317,0.0,0.0,0.0,0.0,0.0,1744294190_338742733,0.6800847457627118,1.0312992334365845,1.280524492263794,0.9200501441955566,0.985740602016449,0.9904830455780029,0.702265202999115,,0.9915966386554622,0.3613707165109034,0.07415254237288135,95.7968476357268,1.8907563025210083,0.9470338983050848,40.02100840336135,0.0,0.0,1.0312992334365845,1.13595449924469,78.15126050420169,1.8907563025210083,0.21008403361344538,1.280524492263794,1.4131957292556763,-0.24166144097355674,13.170958962291479,specimen_2__2025_04_10-16_08_53__Clip_3__end,valid,0.004954178351908922,0.04445299878716469,0.2923644185066223,0.1708066463470459,0.04449152542372881,952
EGBM-v2-CARE,specimen_2,2025_04_10-16_08_53,valid,direct_ps,specimen_2__2025_04_10-16_08_53__Clip_4__start,0.2457627118644068,,,0.0,,2.2461395263671875,2.245187759399414,2.246061325073242,2.2460994720458984,2.1207714080810547,0.9798728813559322,-0.24922525882720947,48.29396325459317,0.0,0.0,0.0,0.0,0.0,1744294190_338742733,0.6800847457627118,1.0312992334365845,1.280524492263794,0.9200501441955566,0.985740602016449,0.9904830455780029,0.702265202999115,,0.9915966386554622,0.3613707165109034,0.07415254237288135,95.7968476357268,1.8907563025210083,0.9470338983050848,40.02100840336135,0.0,0.0,1.0312992334365845,1.13595449924469,78.15126050420169,1.8907563025210083,0.21008403361344538,1.280524492263794,1.4131957292556763,-0.24166144097355674,13.210356701165438,specimen_2__2025_04_10-16_08_53__Clip_4__start,valid,0.004954178351908922,0.04445299878716469,0.2923644185066223,0.1708066463470459,0.04449152542372881,952
EGBM-v2-CARE,specimen_2,2025_04_10-16_08_53,valid,direct_ps,specimen_2__2025_04_10-16_08_53__Clip_4__end,0.006269592476489028,,,0.0,,2.2461013793945312,2.2409934997558594,2.2460291385650635,2.2460880279541016,5.7641215324401855,0.3604060913705584,-1.7224511802196503,0.0,0.0,0.0,0.0,0.0,0.0,1744294204_338754653,0.9905956112852664,0.44614270329475403,2.1685938835144043,0.1509714126586914,0.8465083837509155,0.9267037510871887,2.0019495487213135,,0.8692098092643051,0.006329113924050633,0.003134796238244514,85.01440922190201,0.0,0.350253807106599,5.449591280653951,5.449591280653951,2.17983651226158,0.44614270329475403,1.33162260055542,85.83106267029973,5.449591280653951,3.2697547683923704,2.1685938835144043,2.564770221710205,-3.8607628624191013,13.18149408325553,specimen_2__2025_04_10-16_08_53__Clip_4__end,valid,0.003550142515450716,0.010650415904819965,0.12779994308948517,0.06390143185853958,0.6395939086294417,367
EGBM-v2-CARE,specimen_2,2025_04_10-16_08_53,valid,direct_ps,specimen_2__2025_04_10-16_08_53__Clip_5__start,0.006269592476489028,,,0.0,,2.2461013793945312,2.2409934997558594,2.2460291385650635,2.2460880279541016,5.7641215324401855,0.3604060913705584,-1.7224511802196503,0.0,0.0,0.0,0.0,0.0,0.0,1744294204_338754653,0.9905956112852664,0.44614270329475403,2.1685938835144043,0.1509714126586914,0.8465083837509155,0.9267037510871887,2.0019495487213135,,0.8692098092643051,0.006329113924050633,0.003134796238244514,85.01440922190201,0.0,0.350253807106599,5.449591280653951,5.449591280653951,2.17983651226158,0.44614270329475403,1.33162260055542,85.83106267029973,5.449591280653951,3.2697547683923704,2.1685938835144043,2.564770221710205,-3.8607628624191013,13.190797995775938,specimen_2__2025_04_10-16_08_53__Clip_5__start,valid,0.003550142515450716,0.010650415904819965,0.12779994308948517,0.06390143185853958,0.6395939086294417,367
EGBM-v2-CARE,specimen_3,2025_05_08-14_24_24,valid,direct_polaris,specimen_3__2025_05_08-14_24_24__Clip_1__start,0.05168986083499006,,,0.0,,2.2449398040771484,2.2360916137695312,2.2443690299987793,2.2447052001953125,0.47795650362968445,0.05168986083499006,-1.6895718574523926,2.280701754385965,1.2244897959183674,0.0,0.0,0.0,0.0,1746707079_607564926,0.94831013916501,4.2794294357299805,5.969001293182373,1.468721866607666,0.8365070223808289,0.9375331401824951,2.1155171394348145,,0.8747826086956522,0.05450733752620545,0.0,60.0,24.705882352941178,0.005964214711729622,99.1304347826087,85.21739130434783,27.1304347826087,4.2794294357299805,4.4214887619018555,97.3913043478261,87.82608695652175,82.78260869565217,5.969001293182373,6.232693195343018,-0.3948124119878582,13.18666199222207,specimen_3__2025_05_08-14_24_24__Clip_1__start,valid,0.002223049057647586,0.011114786379039288,0.12668265402317047,0.06223639100790024,0.9940357852882704,575
EGBM-v2-CARE,specimen_1,2025_03_06-17_36_19,valid,,specimen_1__2025_03_06-17_36_19__Clip_1__start,0.13618677042801555,4.039843559265137,5.327486991882324,0.0,,2.2457122802734375,2.242694854736328,2.2455334663391113,2.2456436157226562,0.8170835375785828,0.17509727626459143,-1.343522310256958,11.29032258064516,14.893617021276595,0.0,0.0,0.0,0.0,1741278986_751394987,0.8638132295719845,2.371694803237915,3.719515323638916,1.848531723022461,0.8657330870628357,0.9706684947013855,1.9845119714736938,,0.9178571428571428,0.15765765765765766,0.0,85.1063829787234,46.774193548387096,0.04669260700389105,66.42857142857143,33.57142857142857,13.214285714285715,2.4908483028411865,3.388979434967041,87.5,59.64285714285714,26.071428571428573,3.8343706130981445,4.563348770141602,-0.5393834336376363,13.19629605859518,specimen_1__2025_03_06-17_36_19__Clip_1__start,valid,0.005093420390039682,0.01018669456243515,0.1426035612821579,0.07130380719900131,0.953307392996109,280
EGBM-v2-CARE,specimen_1,2025_03_06-17_36_19,valid,,specimen_1__2025_03_06-17_36_19__Clip_1__end,0.19469026548672566,6.50390625,8.638179779052734,0.0,,2.2456398010253906,2.2422523498535156,2.245490789413452,2.245603561401367,0.987520694732666,0.28054298642533937,-1.1199777126312256,16.666666666666664,21.052631578947366,0.0,0.0,0.0,0.0,1741278996_409678220,0.8008849557522124,1.9708125591278076,3.074561595916748,1.593137264251709,0.8394615650177002,0.973839521408081,1.958117127418518,,0.889763779527559,0.2430939226519337,0.004424778761061947,84.88372093023256,45.17766497461929,0.11312217194570136,66.14173228346458,22.440944881889763,5.118110236220472,2.0421998500823975,2.570383310317993,83.85826771653542,52.75590551181102,12.598425196850393,3.162177562713623,3.7335681915283203,-0.5484172925514794,13.223656918853521,specimen_1__2025_03_06-17_36_19__Clip_1__end,valid,0.006331602111458778,0.012663181871175766,0.15827132761478424,0.07597500085830688,0.8868778280542986,254
EGBM-v2-CARE,specimen_1,2025_03_06-17_36_19,valid,,specimen_1__2025_03_06-17_36_19__Clip_2__start,0.19469026548672566,6.50390625,8.638179779052734,0.0,,2.2456398010253906,2.2422523498535156,2.245490789413452,2.245603561401367,0.987520694732666,0.28054298642533937,-1.1199777126312256,16.666666666666664,21.052631578947366,0.0,0.0,0.0,0.0,1741278996_409678220,0.8008849557522124,1.9708125591278076,3.074561595916748,1.593137264251709,0.8394615650177002,0.973839521408081,1.958117127418518,,0.889763779527559,0.2430939226519337,0.004424778761061947,84.88372093023256,45.17766497461929,0.11312217194570136,66.14173228346458,22.440944881889763,5.118110236220472,2.0421998500823975,2.570383310317993,83.85826771653542,52.75590551181102,12.598425196850393,3.162177562713623,3.7335681915283203,-0.5484172925514794,13.212529942393303,specimen_1__2025_03_06-17_36_19__Clip_2__start,valid,0.006331602111458778,0.012663181871175766,0.15827132761478424,0.07597500085830688,0.8868778280542986,254
EGBM-v2-CARE,specimen_1,2025_03_06-17_36_19,valid,,specimen_1__2025_03_06-17_36_19__Clip_2__end,0.182648401826484,0.25,2.4930381774902344,0.0,,2.2457122802734375,2.241212844848633,2.24550724029541,2.2456014156341553,0.923490047454834,0.3160377358490566,-1.116241216659546,18.471337579617835,12.658227848101266,0.0,0.0,0.0,0.0,1741279006_770105361,0.817351598173516,2.4354424476623535,3.5470468997955322,1.7743141651153564,0.8478704690933228,0.9695181846618652,1.9162479639053345,,0.8975409836065574,0.22346368715083798,0.0,91.95402298850574,32.72727272727273,0.1792452830188679,64.34426229508196,32.37704918032787,13.934426229508196,2.426485538482666,3.2671542167663574,85.24590163934425,50.409836065573764,27.86885245901639,3.542726755142212,4.262369632720947,-0.4600238488779767,13.212841004133224,specimen_1__2025_03_06-17_36_19__Clip_2__end,valid,0.006539514753967524,0.013078718446195126,0.15693235397338867,0.07846919447183609,0.8160377358490566,244
EGBM-v2-CARE,specimen_1,2025_03_06-17_36_19,valid,,specimen_1__2025_03_06-17_36_19__Clip_3__start,0.182648401826484,0.25,2.4930381774902344,0.0,,2.2457122802734375,2.241212844848633,2.24550724029541,2.2456014156341553,0.923490047454834,0.3160377358490566,-1.116241216659546,18.471337579617835,12.658227848101266,0.0,0.0,0.0,0.0,1741279006_770105361,0.817351598173516,2.4354424476623535,3.5470468997955322,1.7743141651153564,0.8478704690933228,0.9695181846618652,1.9162479639053345,,0.8975409836065574,0.22346368715083798,0.0,91.95402298850574,32.72727272727273,0.1792452830188679,64.34426229508196,32.37704918032787,13.934426229508196,2.426485538482666,3.2671542167663574,85.24590163934425,50.409836065573764,27.86885245901639,3.542726755142212,4.262369632720947,-0.4600238488779767,13.200933113694191,specimen_1__2025_03_06-17_36_19__Clip_3__start,valid,0.006539514753967524,0.013078718446195126,0.15693235397338867,0.07846919447183609,0.8160377358490566,244
EGBM-v2-CARE,specimen_1,2025_03_06-17_36_19,valid,,specimen_1__2025_03_06-17_36_19__Clip_3__end,0.31196581196581197,5.176339149475098,5.654079914093018,0.0,,2.245664596557617,2.240715980529785,2.2454349994659424,2.2455804347991943,0.8002209663391113,0.4125560538116592,-0.7232015132904053,16.666666666666664,15.151515151515152,0.0,0.0,0.0,0.0,1741279020_417998790,0.6837606837606838,2.517305850982666,3.2473528385162354,1.6326252222061157,0.852084755897522,0.9792266488075256,1.9109058380126953,,0.9069767441860465,0.45625,0.004273504273504274,88.88888888888889,40.88050314465409,0.13901345291479822,72.09302325581395,38.372093023255815,14.34108527131783,2.5894501209259033,3.2861039638519287,84.88372093023256,57.751937984496124,20.930232558139537,3.3126516342163086,3.822662591934204,-0.27928767866430726,13.19525483995676,specimen_1__2025_03_06-17_36_19__Clip_3__end,valid,0.007335398346185684,0.014670603908598423,0.18336641788482666,0.0880197286605835,0.852017937219731,258
EGBM-v2-CARE,specimen_1,2025_03_06-17_36_19,valid,,specimen_1__2025_03_06-17_36_19__Clip_4__start,0.31196581196581197,5.176339149475098,5.654079914093018,0.0,,2.245664596557617,2.240715980529785,2.2454349994659424,2.2455804347991943,0.8002209663391113,0.4125560538116592,-0.7232015132904053,16.666666666666664,15.151515151515152,0.0,0.0,0.0,0.0,1741279020_417998790,0.6837606837606838,2.517305850982666,3.2473528385162354,1.6326252222061157,0.852084755897522,0.9792266488075256,1.9109058380126953,,0.9069767441860465,0.45625,0.004273504273504274,88.88888888888889,40.88050314465409,0.13901345291479822,72.09302325581395,38.372093023255815,14.34108527131783,2.5894501209259033,3.2861039638519287,84.88372093023256,57.751937984496124,20.930232558139537,3.3126516342163086,3.822662591934204,-0.27928767866430726,13.220622204244137,specimen_1__2025_03_06-17_36_19__Clip_4__start,valid,0.007335398346185684,0.014670603908598423,0.18336641788482666,0.0880197286605835,0.852017937219731,258
EGBM-v2-CARE,specimen_3,2025_05_08-14_36_52,valid,direct_ps,specimen_3__2025_05_08-14_36_52__Clip_1__start,0.1787709497206704,42.34375,40.09797668457031,0.0,,2.2457733154296875,2.1401729583740234,2.2429282665252686,2.243837833404541,0.70255047082901,0.1787709497206704,-0.951000452041626,9.523809523809524,0.0,0.0,0.0,0.0,0.0,1746707818_207958698,0.8212290502793296,2.614717960357666,3.5720736980438232,1.7751280069351196,0.6561017036437988,0.8760520815849304,2.0154519081115723,,0.7103174603174603,0.21768707482993196,0.0,0.0,54.149377593360995,0.0,100.0,4.365079365079365,1.1904761904761905,2.693545341491699,3.2544243335723877,90.47619047619048,56.15079365079365,24.206349206349206,3.644545793533325,4.3077216148376465,-0.3530664353008281,13.194905128329992,specimen_3__2025_05_08-14_36_52__Clip_1__start,valid,0.003783682594075799,0.018915453925728798,0.1890539824962616,0.094548799097538,1.0,504
EGBM-v2-CARE,specimen_3,2025_05_08-14_38_08,valid,direct_ps,specimen_3__2025_05_08-14_38_08__Clip_1__start,0.4012455516014235,12.814453125,11.353015899658203,0.0,,2.24615478515625,2.2326583862304688,2.245192050933838,2.2459542751312256,0.30144256353378296,0.4030249110320285,-0.3745279312133789,4.354354354354354,28.997867803837952,0.0,0.0,0.0,0.0,1746707894_239512681,0.5987544483985765,5.962106227874756,6.358939170837402,1.9038145542144775,0.795804500579834,0.9389305710792542,2.016270399093628,,0.8432108027006752,0.6701337295690936,0.0,100.0,43.79746835443038,0.005338078291814947,99.92498124531133,70.36759189797449,25.581395348837212,6.0443549156188965,8.762868881225586,95.64891222805701,62.94073518379595,43.21080270067517,6.418882846832275,9.189568519592285,-0.06196325934560546,13.205660041421652,specimen_3__2025_05_08-14_38_08__Clip_1__start,valid,0.0016524208476766944,0.021479925140738487,0.2196829915046692,0.10903315991163254,0.9875444839857651,1333
EGBM-v2-CARE,specimen_3,2025_05_08-14_33_16,valid,direct_ps,specimen_3__2025_05_08-14_33_16__Clip_1__start,0.7747747747747747,18.640625,20.884475708007812,0.0,,2.2456741333007812,2.240550994873047,2.245450019836426,2.2456438541412354,0.3935791254043579,0.7747747747747747,0.8326334953308105,52.72727272727272,17.647058823529413,0.0,0.0,0.0,0.0,1746707602_408067703,0.22522522522522523,4.860665321350098,3.9715821743011475,1.6703600883483887,0.9913519024848938,0.9885886907577515,2.0491433143615723,,1.0,3.44,0.0,0.0,1.6666666666666667,0.2702702702702703,99.09909909909909,45.94594594594595,37.83783783783784,5.108952522277832,7.29547643661499,46.846846846846844,38.73873873873874,27.927927927927925,4.2763190269470215,7.700843334197998,0.1629753832512775,13.193240854889154,specimen_3__2025_05_08-14_33_16__Clip_1__start,valid,0.04382801800966263,0.04382801800966263,0.48190048336982727,0.21907782554626465,0.6936936936936937,111
EGBM-v2-CARE,specimen_3,2025_05_08-14_33_16,valid,direct_ps,specimen_3__2025_05_08-14_33_16__Clip_1__end,0.47634069400630913,6.501420497894287,6.138090133666992,0.0,,2.2460289001464844,2.176633834838867,2.245638847351074,2.2459030151367188,0.2736456096172333,0.4794952681388013,-0.11595439910888672,5.729166666666666,2.803738317757009,0.0,0.0,0.0,0.0,1746707628_974280118,0.5236593059936908,6.755802154541016,6.9334187507629395,1.813866376876831,0.7687726020812988,0.9276031255722046,1.9174648523330688,,0.8212435233160622,0.9096385542168675,0.0,50.0,32.30769230769231,0.012618296529968454,99.48186528497409,83.16062176165802,63.98963730569949,6.726805210113525,7.583752632141113,94.04145077720207,86.26943005181347,77.46113989637306,6.842759609222412,7.591248512268066,-0.01723766267745544,13.193701859563589,specimen_3__2025_05_08-14_33_16__Clip_1__end,valid,0.007046709302812815,0.021135712042450905,0.26759740710258484,0.1338217854499817,0.9873817034700315,386
EGBM-v2-CARE,specimen_2,2025_04_10-16_19_14,valid,direct_ps,specimen_2__2025_04_10-16_19_14__Clip_1__start,0.14285714285714285,,,0.0,,2.244935989379883,2.2443161010742188,2.244875907897949,2.2449240684509277,2.6660263538360596,0.14285714285714285,-1.6140444874763489,50.0,0.0,0.0,0.0,0.0,0.0,1744294760_606107473,0.8571428571428571,0.8415178656578064,2.4555623531341553,2.168478012084961,1.0,0.9956833124160767,2.244464874267578,,1.0,0.16666666666666666,0.0,100.0,14.285714285714285,0.0,28.57142857142857,0.0,0.0,0.8415178656578064,1.029710054397583,85.71428571428571,14.285714285714285,0.0,2.4555623531341553,2.65515398979187,-1.9180157110683156,13.17931106314063,specimen_2__2025_04_10-16_19_14__Clip_1__start,valid,0.16670164465904236,0.16670164465904236,0.16670164465904236,0.16670164465904236,0.8571428571428571,7
EGBM-v2-CARE,specimen_2,2025_04_10-16_19_14,valid,direct_ps,specimen_2__2025_04_10-16_19_14__Clip_1__end,0.0,,,0.0,,2.2444019317626953,2.2399425506591797,2.244248867034912,2.2443714141845703,4.501439571380615,0.0,-2.238997131586075,0.0,0.0,0.0,0.0,0.0,0.0,1744294778_271383523,1.0,0.4973958432674408,2.7363929748535156,0.0,0.9999949336051941,0.992730438709259,2.238997220993042,,1.0,0.0,0.0,100.0,25.0,0.0,0.0,0.0,0.0,0.4973958432674408,0.5556586384773254,100.0,25.0,0.0,2.7363929748535156,2.747995138168335,-4.501439169410602,13.204697985202074,specimen_2__2025_04_10-16_19_14__Clip_1__end,valid,0.08353449404239655,0.08353449404239655,0.08353449404239655,0.08353449404239655,1.0,12
EGBM-v2-CARE,specimen_2,2025_04_10-16_19_14,valid,direct_ps,specimen_2__2025_04_10-16_19_14__Clip_2__start,0.0,,,0.0,,2.2444019317626953,2.2399425506591797,2.244248867034912,2.2443714141845703,4.501439571380615,0.0,-2.238997131586075,0.0,0.0,0.0,0.0,0.0,0.0,1744294778_271383523,1.0,0.4973958432674408,2.7363929748535156,0.0,0.9999949336051941,0.992730438709259,2.238997220993042,,1.0,0.0,0.0,100.0,25.0,0.0,0.0,0.0,0.0,0.4973958432674408,0.5556586384773254,100.0,25.0,0.0,2.7363929748535156,2.747995138168335,-4.501439169410602,13.207803014665842,specimen_2__2025_04_10-16_19_14__Clip_2__start,valid,0.08353449404239655,0.08353449404239655,0.08353449404239655,0.08353449404239655,1.0,12
EGBM-v2-CARE,specimen_2,2025_04_10-16_19_14,valid,direct_ps,specimen_2__2025_04_10-16_19_14__Clip_2__end,0.1111111111111111,,,0.0,,2.2431583404541016,2.227137565612793,2.2429864406585693,2.243124008178711,3.6773226261138916,0.125,-1.7714471817016602,100.0,0.0,0.0,0.0,0.0,0.0,1744294793_739244699,0.8888888888888888,0.6006944179534912,2.3721415996551514,1.7082433700561523,0.9934040904045105,0.9802455902099609,2.2064085006713867,,1.0,0.125,0.0,100.0,5.555555555555555,0.125,11.11111111111111,0.0,0.0,0.6006944179534912,0.7938908338546753,88.88888888888889,5.555555555555555,0.0,2.3721415996551514,2.49503755569458,-2.9489989065269033,13.185870833694935,specimen_2__2025_04_10-16_19_14__Clip_2__end,valid,0.0635409951210022,0.0635409951210022,0.0635409951210022,0.0635409951210022,0.875,18
EGBM-v2-CARE,specimen_2,2025_04_10-16_19_14,valid,direct_ps,specimen_2__2025_04_10-16_19_14__Clip_3__start,0.1111111111111111,,,0.0,,2.2431583404541016,2.227137565612793,2.2429864406585693,2.243124008178711,3.6773226261138916,0.125,-1.7714471817016602,100.0,0.0,0.0,0.0,0.0,0.0,1744294793_739244699,0.8888888888888888,0.6006944179534912,2.3721415996551514,1.7082433700561523,0.9934040904045105,0.9802455902099609,2.2064085006713867,,1.0,0.125,0.0,100.0,5.555555555555555,0.125,11.11111111111111,0.0,0.0,0.6006944179534912,0.7938908338546753,88.88888888888889,5.555555555555555,0.0,2.3721415996551514,2.49503755569458,-2.9489989065269033,13.174783904105425,specimen_2__2025_04_10-16_19_14__Clip_3__start,valid,0.0635409951210022,0.0635409951210022,0.0635409951210022,0.0635409951210022,0.875,18
EGBM-v2-CARE,specimen_2,2025_04_10-16_19_14,valid,direct_ps,specimen_2__2025_04_10-16_19_14__Clip_3__end,0.0,0.828125,1.38299560546875,0.0,,2.2438926696777344,2.2295589447021484,2.24381947517395,2.243878126144409,2.396662712097168,0.15384615384615385,-2.0344197154045105,0.0,0.0,0.0,0.0,0.0,0.0,1744294808_039081096,1.0,0.9309895634651184,3.088705062866211,0.0,0.9997586607933044,0.9875034689903259,2.034419536590576,,1.0,0.0,0.0,100.0,25.0,0.15384615384615385,15.384615384615385,7.6923076923076925,7.6923076923076925,0.9230769276618958,1.7469711303710938,100.0,30.76923076923077,7.6923076923076925,2.9574966430664062,3.3279364109039307,-2.2039546807410586,13.195655774325132,specimen_2__2025_04_10-16_19_14__Clip_3__end,valid,0.08484342694282532,0.08484342694282532,0.08484342694282532,0.08484342694282532,0.8461538461538461,13
EGBM-v2-CARE,specimen_2,2025_04_10-16_19_14,valid,direct_ps,specimen_2__2025_04_10-16_19_14__Clip_4__start,0.0,0.828125,1.38299560546875,0.0,,2.2438926696777344,2.2295589447021484,2.24381947517395,2.243878126144409,2.396662712097168,0.15384615384615385,-2.0344197154045105,0.0,0.0,0.0,0.0,0.0,0.0,1744294808_039081096,1.0,0.9309895634651184,3.088705062866211,0.0,0.9997586607933044,0.9875034689903259,2.034419536590576,,1.0,0.0,0.0,100.0,25.0,0.15384615384615385,15.384615384615385,7.6923076923076925,7.6923076923076925,0.9230769276618958,1.7469711303710938,100.0,30.76923076923077,7.6923076923076925,2.9574966430664062,3.3279364109039307,-2.2039546807410586,13.206871692091227,specimen_2__2025_04_10-16_19_14__Clip_4__start,valid,0.08484342694282532,0.08484342694282532,0.08484342694282532,0.08484342694282532,0.8461538461538461,13
EGBM-v2-CARE,specimen_2,2025_04_10-16_19_14,valid,direct_ps,specimen_2__2025_04_10-16_19_14__Clip_4__end,0.07142857142857142,,,0.0,,2.2426223754882812,2.218873977661133,2.242274045944214,2.2425527572631836,2.2457237243652344,0.07142857142857142,-2.021450698375702,12.5,0.0,0.0,0.0,0.0,0.0,1744294819_472425222,0.9285714285714286,0.9866071343421936,3.0080578327178955,0.492095947265625,0.9979106187820435,0.9800167083740234,2.2148003578186035,,1.0,0.07692307692307693,0.0,100.0,64.28571428571429,0.07142857142857142,57.14285714285714,0.0,0.0,0.9866071343421936,1.0184712409973145,92.85714285714286,64.28571428571429,0.0,3.0080578327178955,3.075160503387451,-2.048891223276503,13.248773757368326,specimen_2__2025_04_10-16_19_14__Clip_4__end,valid,0.07788937538862228,0.07788937538862228,0.07788937538862228,0.07788937538862228,0.9285714285714286,14
EGBM-v2-CARE,specimen_2,2025_04_10-16_19_14,valid,direct_ps,specimen_2__2025_04_10-16_19_14__Clip_5__start,0.07142857142857142,,,0.0,,2.2426223754882812,2.218873977661133,2.242274045944214,2.2425527572631836,2.2457237243652344,0.07142857142857142,-2.021450698375702,12.5,0.0,0.0,0.0,0.0,0.0,1744294819_472425222,0.9285714285714286,0.9866071343421936,3.0080578327178955,0.492095947265625,0.9979106187820435,0.9800167083740234,2.2148003578186035,,1.0,0.07692307692307693,0.0,100.0,64.28571428571429,0.07142857142857142,57.14285714285714,0.0,0.0,0.9866071343421936,1.0184712409973145,92.85714285714286,64.28571428571429,0.0,3.0080578327178955,3.075160503387451,-2.048891223276503,13.197247870266438,specimen_2__2025_04_10-16_19_14__Clip_5__start,valid,0.07788937538862228,0.07788937538862228,0.07788937538862228,0.07788937538862228,0.9285714285714286,14
EGBM-v2-CARE,specimen_2,2025_04_10-16_19_14,valid,direct_ps,specimen_2__2025_04_10-16_19_14__Clip_5__end,0.13333333333333333,,,0.0,,2.2439727783203125,2.2403125762939453,2.243259906768799,2.2438302040100098,3.045830249786377,0.14285714285714285,-1.6460881233215332,66.66666666666666,0.0,0.0,0.0,0.0,0.0,1744294833_172259569,0.8666666666666667,0.7354166507720947,2.381504774093628,2.2179718017578125,0.9999997615814209,0.9933330416679382,2.2405591011047363,,1.0,0.15384615384615385,0.0,100.0,13.333333333333334,0.0,20.0,0.0,0.0,0.7354166507720947,0.9846147298812866,86.66666666666667,13.333333333333334,0.0,2.381504774093628,2.5665934085845947,-2.238306844961082,13.221974950283766,specimen_2__2025_04_10-16_19_14__Clip_5__end,valid,0.07704027742147446,0.07704027742147446,0.07704027742147446,0.07704027742147446,0.9285714285714286,15
EGBM-v2-CARE,specimen_3,2025_05_08-14_49_00,valid,direct_ps,specimen_3__2025_05_08-14_49_00__Clip_1__start,,,,,,,,,,,,,,,,,,,1746708547_674401521,,,,,0.9998649954795837,0.9967244863510132,,,,,,,,,,,,,,,,,,,,13.167523313313723,specimen_3__2025_05_08-14_49_00__Clip_1__start,valid,,,,,,0
EGBM-v2-CARE,specimen_3,2025_05_08-14_49_00,valid,direct_ps,specimen_3__2025_05_08-14_49_00__Clip_1__end,0.6666666666666666,,,0.0,,2.2453231811523438,2.245180130004883,2.2453222274780273,2.2453229427337646,1.866091012954712,0.6666666666666666,-0.1409740447998047,100.0,0.0,0.0,0.0,0.0,0.0,1746708572_640835762,0.3333333333333333,1.203125,1.3440990447998047,0.9111261367797852,1.0,0.9967655539512634,2.2451744079589844,,1.0,2.0,0.0,100.0,0.0,0.6666666666666666,66.66666666666666,0.0,0.0,1.203125,1.3161531686782837,33.33333333333333,0.0,0.0,1.3440990447998047,1.6513700485229492,-0.1171732320413961,13.218529988080263,specimen_3__2025_05_08-14_49_00__Clip_1__end,valid,0.5000246167182922,0.5000246167182922,0.5000246167182922,0.5000246167182922,0.3333333333333333,6
EGBM-v2-CARE,specimen_3,2025_05_08-14_52_45,valid,direct_ps,specimen_3__2025_05_08-14_52_45__Clip_1__start,,,,,,,,,,,,,,,,,,,1746708771_572831630,,,,,1.0,0.9968317747116089,,,,,,,,,,,,,,,,,,,,13.187652919441462,specimen_3__2025_05_08-14_52_45__Clip_1__start,valid,,,,,,0
EGBM-v2-CARE,specimen_2,2025_04_10-16_33_49,valid,direct_ps,specimen_2__2025_04_10-16_33_49__Clip_1__end,,,,,,,,,,,,,,,,,,,1744295654_972905158,,,,,1.0,0.9970560073852539,,,,,,,,,,,,,,,,,,,,13.170127756893635,specimen_2__2025_04_10-16_33_49__Clip_1__end,valid,,,,,,0
EGBM-v2-CARE,specimen_2,2025_04_10-16_33_49,valid,direct_ps,specimen_2__2025_04_10-16_33_49__Clip_2__start,,,,,,,,,,,,,,,,,,,1744295654_972905158,,,,,1.0,0.9970560073852539,,,,,,,,,,,,,,,,,,,,13.180452398955822,specimen_2__2025_04_10-16_33_49__Clip_2__start,valid,,,,,,0
EGBM-v2-CARE,specimen_2,2025_04_10-16_33_49,valid,direct_ps,specimen_2__2025_04_10-16_33_49__Clip_2__end,,,,,,,,,,,,,,,,,,,1744295670_139412641,,,,,1.0,0.9970023036003113,,,,,,,,,,,,,,,,,,,,13.2092353887856,specimen_2__2025_04_10-16_33_49__Clip_2__end,valid,,,,,,0
EGBM-v2-CARE,specimen_2,2025_04_10-16_33_49,valid,direct_ps,specimen_2__2025_04_10-16_33_49__Clip_3__start,,,,,,,,,,,,,,,,,,,1744295670_139412641,,,,,1.0,0.9970023036003113,,,,,,,,,,,,,,,,,,,,13.216445688158274,specimen_2__2025_04_10-16_33_49__Clip_3__start,valid,,,,,,0
EGBM-v2-CARE,specimen_2,2025_04_10-16_33_49,valid,direct_ps,specimen_2__2025_04_10-16_33_49__Clip_3__end,,,,,,,,,,,,,,,,,,,1744295685_039219856,,,,,1.0,0.9969275593757629,,,,,,,,,,,,,,,,,,,,13.241684064269066,specimen_2__2025_04_10-16_33_49__Clip_3__end,valid,,,,,,0
EGBM-v2-CARE,specimen_2,2025_04_10-16_33_49,valid,direct_ps,specimen_2__2025_04_10-16_33_49__Clip_4__start,,,,,,,,,,,,,,,,,,,1744295685_039219856,,,,,1.0,0.9969275593757629,,,,,,,,,,,,,,,,,,,,13.159981928765774,specimen_2__2025_04_10-16_33_49__Clip_4__start,valid,,,,,,0
EGBM-v2-CARE,specimen_3,2025_05_08-14_27_51,valid,direct_polaris,specimen_3__2025_05_08-14_27_51__Clip_1__start,0.05609284332688588,16.44318199157715,16.72010612487793,0.0,,2.2461395263671875,2.2342472076416016,2.243818759918213,2.245004653930664,0.4399656057357788,0.06769825918762089,-1.6268558502197266,2.6132404181184667,0.5976095617529881,0.0,0.0,0.0,0.0,1746707276_907970428,0.9400386847195358,4.268482685089111,5.920722007751465,1.3980084657669067,0.8147066235542297,0.9260225296020508,2.076486587524414,,0.8674496644295302,0.059670781893004114,0.0038684719535783366,31.818181818181817,17.02127659574468,0.02127659574468085,96.30872483221476,84.22818791946308,33.557046979865774,4.493183612823486,5.962998390197754,94.96644295302013,86.40939597315436,81.54362416107382,6.120039463043213,7.284730434417725,-0.3620719717700166,13.187022879719734,specimen_3__2025_05_08-14_27_51__Clip_1__start,valid,0.002222467679530382,0.011110793799161911,0.13104303181171417,0.06442267447710037,0.9787234042553191,596
EGBM-v2-CARE,specimen_3,2025_05_08-14_27_51,valid,direct_polaris,specimen_3__2025_05_08-14_27_51__Clip_1__end,0.0425,,,0.0,,2.2449951171875,2.2384986877441406,2.2442612648010254,2.2445757389068604,0.44274088740348816,0.042606516290726815,-1.7786526679992676,1.8018018018018018,1.0178117048346056,0.0,0.0,0.0,0.0,1746707293_306623220,0.9575,4.624232769012451,6.402885437011719,1.0320091247558594,0.8521744608879089,0.9472596049308777,2.1253039836883545,,0.8928571428571429,0.044386422976501305,0.0,50.0,21.818181818181817,0.007518796992481203,99.10714285714286,87.72321428571429,40.17857142857143,4.624232769012451,4.809813022613525,97.76785714285714,89.50892857142857,84.59821428571429,6.402885437011719,6.673023223876953,-0.3846373564752701,13.190558180212975,specimen_3__2025_05_08-14_27_51__Clip_1__end,valid,0.002756209811195731,0.011023888364434242,0.12123574316501617,0.060622770339250565,0.9899749373433584,448
EGBM-v2-CARE,specimen_3,2025_05_08-14_27_51,valid,direct_polaris,specimen_3__2025_05_08-14_27_51__Clip_2__start,0.0425,,,0.0,,2.2449951171875,2.2384986877441406,2.2442612648010254,2.2445757389068604,0.44274088740348816,0.042606516290726815,-1.7786526679992676,1.8018018018018018,1.0178117048346056,0.0,0.0,0.0,0.0,1746707293_306623220,0.9575,4.624232769012451,6.402885437011719,1.0320091247558594,0.8521744608879089,0.9472596049308777,2.1253039836883545,,0.8928571428571429,0.044386422976501305,0.0,50.0,21.818181818181817,0.007518796992481203,99.10714285714286,87.72321428571429,40.17857142857143,4.624232769012451,4.809813022613525,97.76785714285714,89.50892857142857,84.59821428571429,6.402885437011719,6.673023223876953,-0.3846373564752701,13.218500185757875,specimen_3__2025_05_08-14_27_51__Clip_2__start,valid,0.002756209811195731,0.011023888364434242,0.12123574316501617,0.060622770339250565,0.9899749373433584,448
EGBM-v2-CARE,specimen_3,2025_05_08-14_27_51,valid,direct_polaris,specimen_3__2025_05_08-14_27_51__Clip_2__end,0.05145413870246085,39.11458206176758,37.65678787231445,0.0,,2.2460250854492188,2.2194528579711914,2.2434136867523193,2.244720697402954,0.37099432945251465,0.05592841163310962,-1.5798392295837402,1.5655577299412915,0.0,0.0,0.0,0.0,0.0,1746707310_007738113,0.9485458612975392,4.736559867858887,6.351314544677734,1.3872162103652954,0.7855475544929504,0.9232529401779175,2.040609359741211,,0.8465909090909091,0.054245283018867926,0.0,35.294117647058826,22.972972972972975,0.008948545861297539,96.78030303030303,85.98484848484848,37.121212121212125,5.1272196769714355,8.63361930847168,96.40151515151516,89.20454545454545,78.59848484848484,6.707058906555176,9.476166725158691,-0.30812786053998864,13.18847481161356,specimen_3__2025_05_08-14_27_51__Clip_2__end,valid,0.0025919326581060886,0.012958225794136524,0.13469983637332916,0.06736239790916443,0.9910514541387024,528
EGBM-v2-CARE,specimen_3,2025_05_08-14_27_51,valid,direct_polaris,specimen_3__2025_05_08-14_27_51__Clip_3__start,0.05145413870246085,39.11458206176758,37.65678787231445,0.0,,2.2460250854492188,2.2194528579711914,2.2434136867523193,2.244720697402954,0.37099432945251465,0.05592841163310962,-1.5798392295837402,1.5655577299412915,0.0,0.0,0.0,0.0,0.0,1746707310_007738113,0.9485458612975392,4.736559867858887,6.351314544677734,1.3872162103652954,0.7855475544929504,0.9232529401779175,2.040609359741211,,0.8465909090909091,0.054245283018867926,0.0,35.294117647058826,22.972972972972975,0.008948545861297539,96.78030303030303,85.98484848484848,37.121212121212125,5.1272196769714355,8.63361930847168,96.40151515151516,89.20454545454545,78.59848484848484,6.707058906555176,9.476166725158691,-0.30812786053998864,13.195023871958256,specimen_3__2025_05_08-14_27_51__Clip_3__start,valid,0.0025919326581060886,0.012958225794136524,0.13469983637332916,0.06736239790916443,0.9910514541387024,528
EGBM-v2-CARE,specimen_3,2025_05_08-14_27_51,valid,direct_polaris,specimen_3__2025_05_08-14_27_51__Clip_3__end,0.16137566137566137,59.37586975097656,57.39196014404297,0.0,,2.2460708618164062,2.216838836669922,2.2458388805389404,2.2460556030273438,0.16381895542144775,0.164021164021164,-1.0901765823364258,2.9017857142857144,1.0582010582010581,0.0,0.0,0.0,0.0,1746707324_174072980,0.8386243386243386,8.422568321228027,9.63543701171875,1.991042971611023,0.7409342527389526,0.8828513026237488,1.9964311122894287,,0.8059701492537313,0.19242902208201892,0.0,14.285714285714285,8.791208791208792,0.015873015873015872,95.52238805970148,80.59701492537313,55.010660980810236,10.378131866455078,22.352333068847656,93.39019189765459,81.4498933901919,75.90618336886993,11.468308448791504,22.09779930114746,-0.10504555119984268,13.177538756281137,specimen_3__2025_05_08-14_27_51__Clip_3__end,valid,0.0035437645856291056,0.014170262031257153,0.16284380853176117,0.08144860714673996,0.9841269841269841,469
EGBM-v2-CARE,specimen_3,2025_05_08-14_27_51,valid,direct_polaris,specimen_3__2025_05_08-14_27_51__Clip_4__start,0.16137566137566137,59.37586975097656,57.39196014404297,0.0,,2.2460708618164062,2.216838836669922,2.2458388805389404,2.2460556030273438,0.16381895542144775,0.164021164021164,-1.0901765823364258,2.9017857142857144,1.0582010582010581,0.0,0.0,0.0,0.0,1746707324_174072980,0.8386243386243386,8.422568321228027,9.63543701171875,1.991042971611023,0.7409342527389526,0.8828513026237488,1.9964311122894287,,0.8059701492537313,0.19242902208201892,0.0,14.285714285714285,8.791208791208792,0.015873015873015872,95.52238805970148,80.59701492537313,55.010660980810236,10.378131866455078,22.352333068847656,93.39019189765459,81.4498933901919,75.90618336886993,11.468308448791504,22.09779930114746,-0.10504555119984268,13.20369727909565,specimen_3__2025_05_08-14_27_51__Clip_4__start,valid,0.0035437645856291056,0.014170262031257153,0.16284380853176117,0.08144860714673996,0.9841269841269841,469
EGBM-v2-CARE,specimen_3,2025_05_08-14_27_51,valid,direct_polaris,specimen_3__2025_05_08-14_27_51__Clip_4__end,0.29859154929577464,67.55728912353516,65.6348648071289,0.0,,2.2462158203125,2.183338165283203,2.246063232421875,2.246194362640381,0.08239971101284027,0.31728045325779036,-0.5519371032714844,1.1389521640091116,2.763819095477387,0.0,0.0,0.0,0.0,1746707335_507338523,0.6957746478873239,15.308920860290527,16.008010864257812,1.9694063663482666,0.6637170910835266,0.8552202582359314,1.9183175563812256,,0.738045738045738,0.4291497975708502,0.005633802816901409,14.285714285714285,15.66265060240964,0.0169971671388102,91.26819126819127,82.74428274428274,44.07484407484408,18.24178123474121,36.43361282348633,91.47609147609148,83.16008316008316,69.23076923076923,18.793718338012695,35.68703079223633,-0.030256754873275647,13.181923888623714,specimen_3__2025_05_08-14_27_51__Clip_4__end,valid,0.0047281342558562756,0.01891147531569004,0.22676458954811096,0.11342505365610123,0.9830028328611898,481
EGBM-v2-CARE,specimen_3,2025_05_08-14_27_51,valid,direct_polaris,specimen_3__2025_05_08-14_27_51__Clip_5__start,0.29859154929577464,67.55728912353516,65.6348648071289,0.0,,2.2462158203125,2.183338165283203,2.246063232421875,2.246194362640381,0.08239971101284027,0.31728045325779036,-0.5519371032714844,1.1389521640091116,2.763819095477387,0.0,0.0,0.0,0.0,1746707335_507338523,0.6957746478873239,15.308920860290527,16.008010864257812,1.9694063663482666,0.6637170910835266,0.8552202582359314,1.9183175563812256,,0.738045738045738,0.4291497975708502,0.005633802816901409,14.285714285714285,15.66265060240964,0.0169971671388102,91.26819126819127,82.74428274428274,44.07484407484408,18.24178123474121,36.43361282348633,91.47609147609148,83.16008316008316,69.23076923076923,18.793718338012695,35.68703079223633,-0.030256754873275647,13.204068876802921,specimen_3__2025_05_08-14_27_51__Clip_5__start,valid,0.0047281342558562756,0.01891147531569004,0.22676458954811096,0.11342505365610123,0.9830028328611898,481
EGBM-v2-CARE,specimen_3,2025_05_08-14_27_51,valid,direct_polaris,specimen_3__2025_05_08-14_27_51__Clip_5__end,0.5302491103202847,55.6796875,54.23459243774414,0.0,,2.2461776733398438,2.1654281616210938,2.246063232421875,2.246152877807617,0.044905297458171844,0.5302491103202847,0.22966957092285156,0.0,0.0,0.0,0.0,0.0,0.0,1746707350_574324131,0.4697508896797153,30.637805938720703,30.450788497924805,2.2124786376953125,0.6213894486427307,0.832456111907959,1.7740168571472168,,0.6803874092009685,1.128787878787879,0.0,9.523809523809524,10.666666666666668,0.0,94.91525423728814,81.84019370460048,57.6271186440678,31.486682891845703,48.64088439941406,95.39951573849879,83.7772397094431,71.1864406779661,31.25701332092285,47.384498596191406,0.007294181216603496,13.159692287445068,specimen_3__2025_05_08-14_27_51__Clip_5__end,valid,0.009550708346068859,0.038192372769117355,0.39021626114845276,0.19074657559394836,1.0,413
EGBM-v2-CARE,specimen_3,2025_05_08-14_27_51,valid,direct_polaris,specimen_3__2025_05_08-14_27_51__Clip_6__start,0.5302491103202847,55.6796875,54.23459243774414,0.0,,2.2461776733398438,2.1654281616210938,2.246063232421875,2.246152877807617,0.044905297458171844,0.5302491103202847,0.22966957092285156,0.0,0.0,0.0,0.0,0.0,0.0,1746707350_574324131,0.4697508896797153,30.637805938720703,30.450788497924805,2.2124786376953125,0.6213894486427307,0.832456111907959,1.7740168571472168,,0.6803874092009685,1.128787878787879,0.0,9.523809523809524,10.666666666666668,0.0,94.91525423728814,81.84019370460048,57.6271186440678,31.486682891845703,48.64088439941406,95.39951573849879,83.7772397094431,71.1864406779661,31.25701332092285,47.384498596191406,0.007294181216603496,13.188764918595552,specimen_3__2025_05_08-14_27_51__Clip_6__start,valid,0.009550708346068859,0.038192372769117355,0.39021626114845276,0.19074657559394836,1.0,413
EGBM-v2-CARE,specimen_3,2025_05_08-14_27_51,valid,direct_polaris,specimen_3__2025_05_08-14_27_51__Clip_6__end,0.8405797101449275,53.39522171020508,51.75645446777344,0.0,,2.2460708618164062,2.245269775390625,2.2459487915039062,2.2460479736328125,0.03111625649034977,0.8405797101449275,1.1323394775390625,0.0,0.0,0.0,0.0,0.0,0.0,1746707366_407700300,0.15942028985507245,48.326454162597656,47.25984573364258,2.2263593673706055,0.6707298159599304,0.8190900683403015,1.572272777557373,,0.6993243243243243,5.2727272727272725,0.0,29.411764705882355,5.88235294117647,0.0,94.25675675675676,88.51351351351352,76.35135135135135,48.9086799621582,62.57197570800781,95.94594594594594,89.1891891891892,77.02702702702703,47.77634048461914,60.91141128540039,0.0231521169333374,13.175874948501587,specimen_3__2025_05_08-14_27_51__Clip_6__end,valid,0.04286600649356842,0.08564979583024979,0.9730729460716248,0.5845181941986084,1.0,296
EGBM-v2-CARE,specimen_3,2025_05_08-14_34_16,valid,direct_ps,specimen_3__2025_05_08-14_34_16__Clip_1__start,0.8554216867469879,3.28125,1.0361251831054688,0.0,,2.2452850341796875,2.197641372680664,2.2436158657073975,2.245145559310913,0.29070428013801575,0.8554216867469879,1.1902108192443848,9.090909090909092,28.767123287671232,0.0,0.0,0.0,0.0,1746707662_208505630,0.14457831325301204,6.282327651977539,5.104242324829102,1.8114045858383179,0.9268738031387329,0.9669504761695862,1.993265151977539,,0.9431818181818182,5.916666666666667,0.0,0.0,6.666666666666667,0.0,100.0,82.95454545454545,55.68181818181818,6.248224258422852,7.0356669425964355,90.9090909090909,60.22727272727273,46.590909090909086,5.058013439178467,6.453368663787842,0.1904878522309653,13.184908777475357,specimen_3__2025_05_08-14_34_16__Clip_1__start,valid,0.09378413110971451,0.09378413110971451,0.7497555017471313,0.3749779462814331,1.0,88
EGBM-v2-CARE,specimen_3,2025_05_08-14_34_16,valid,direct_ps,specimen_3__2025_05_08-14_34_16__Clip_1__end,0.48905109489051096,4.674107074737549,6.912501335144043,0.0,,2.2456283569335938,2.2019805908203125,2.2445907592773438,2.2453458309173584,0.4002324938774109,0.5661764705882353,-0.3116588592529297,23.703703703703706,6.741573033707865,0.0,0.0,0.0,0.0,1746707686_174271583,0.48175182481751827,4.868837833404541,5.085517883300781,1.260383129119873,0.8700421452522278,0.9226446747779846,1.9844369888305664,,0.9194630872483222,1.0151515151515151,0.029197080291970802,35.714285714285715,11.666666666666666,0.2647058823529412,90.60402684563759,59.73154362416108,46.97986577181208,4.859689712524414,6.514986515045166,72.48322147651007,60.40268456375839,43.624161073825505,5.171348571777344,7.083700656890869,-0.0641314317763377,13.203016016632318,specimen_3__2025_05_08-14_34_16__Clip_1__end,valid,0.017127785831689835,0.017127785831689835,0.23973847925662994,0.11988207697868347,0.7205882352941176,149
EGBM-v2-CARE,specimen_3,2025_05_08-14_34_16,valid,direct_ps,specimen_3__2025_05_08-14_34_16__Clip_2__start,0.48905109489051096,4.674107074737549,6.912501335144043,0.0,,2.2456283569335938,2.2019805908203125,2.2445907592773438,2.2453458309173584,0.4002324938774109,0.5661764705882353,-0.3116588592529297,23.703703703703706,6.741573033707865,0.0,0.0,0.0,0.0,1746707686_174271583,0.48175182481751827,4.868837833404541,5.085517883300781,1.260383129119873,0.8700421452522278,0.9226446747779846,1.9844369888305664,,0.9194630872483222,1.0151515151515151,0.029197080291970802,35.714285714285715,11.666666666666666,0.2647058823529412,90.60402684563759,59.73154362416108,46.97986577181208,4.859689712524414,6.514986515045166,72.48322147651007,60.40268456375839,43.624161073825505,5.171348571777344,7.083700656890869,-0.0641314317763377,13.206110801547766,specimen_3__2025_05_08-14_34_16__Clip_2__start,valid,0.017127785831689835,0.017127785831689835,0.23973847925662994,0.11988207697868347,0.7205882352941176,149
EGBM-v2-CARE,specimen_3,2025_05_08-14_34_16,valid,direct_ps,specimen_3__2025_05_08-14_34_16__Clip_2__end,0.38848920863309355,6.789473533630371,8.478879928588867,0.0,,2.245574951171875,2.233694076538086,2.244807243347168,2.245331048965454,0.3442683517932892,0.38848920863309355,-0.44569826126098633,10.303030303030303,4.545454545454546,0.0,0.0,0.0,0.0,1746707699_807956218,0.6115107913669064,5.565582275390625,5.850529670715332,1.9449187517166138,0.812473714351654,0.938603937625885,2.1064231395721436,,0.8373493975903614,0.6352941176470588,0.0,100.0,17.647058823529413,0.02158273381294964,99.3975903614458,79.51807228915662,66.86746987951807,5.705666542053223,6.152753829956055,89.7590361445783,79.51807228915662,63.85542168674698,6.151364803314209,7.000785827636719,-0.07811502091403309,13.196607120335102,specimen_3__2025_05_08-14_34_16__Clip_2__end,valid,0.012536202557384968,0.012536202557384968,0.20052014291286469,0.10026980936527252,0.9640287769784173,166
EGBM-v2-CARE,specimen_3,2025_05_08-14_34_16,valid,direct_ps,specimen_3__2025_05_08-14_34_16__Clip_3__start,0.38848920863309355,6.789473533630371,8.478879928588867,0.0,,2.245574951171875,2.233694076538086,2.244807243347168,2.245331048965454,0.3442683517932892,0.38848920863309355,-0.44569826126098633,10.303030303030303,4.545454545454546,0.0,0.0,0.0,0.0,1746707699_807956218,0.6115107913669064,5.565582275390625,5.850529670715332,1.9449187517166138,0.812473714351654,0.938603937625885,2.1064231395721436,,0.8373493975903614,0.6352941176470588,0.0,100.0,17.647058823529413,0.02158273381294964,99.3975903614458,79.51807228915662,66.86746987951807,5.705666542053223,6.152753829956055,89.7590361445783,79.51807228915662,63.85542168674698,6.151364803314209,7.000785827636719,-0.07811502091403309,13.194482773542404,specimen_3__2025_05_08-14_34_16__Clip_3__start,valid,0.012536202557384968,0.012536202557384968,0.20052014291286469,0.10026980936527252,0.9640287769784173,166
EGBM-v2-CARE,specimen_3,2025_05_08-14_34_16,valid,direct_ps,specimen_3__2025_05_08-14_34_16__Clip_3__end,0.38513513513513514,7.601973533630371,8.61717700958252,0.0,,2.2453994750976562,1.8124542236328125,2.2448129653930664,2.245192527770996,0.20385047793388367,0.38513513513513514,-0.4248056411743164,1.6666666666666667,1.2738853503184715,0.0,0.0,0.0,0.0,1746707711_741147756,0.6148648648648649,8.282964706420898,8.639371871948242,1.4721992015838623,0.7034105062484741,0.937990128993988,1.7774778604507446,,0.8087431693989071,0.6263736263736264,0.0,100.0,42.30769230769231,0.006756756756756757,98.36065573770492,85.79234972677595,80.32786885245902,8.212261199951172,9.193474769592285,98.36065573770492,90.7103825136612,75.95628415300546,8.637066841125488,9.749924659729004,-0.05172821843231706,13.168094214051962,specimen_3__2025_05_08-14_34_16__Clip_3__end,valid,0.013858473859727383,0.013858473859727383,0.2493908405303955,0.12471072375774384,0.9932432432432432,183
EGBM-v2-CARE,specimen_3,2025_05_08-14_34_16,valid,direct_ps,specimen_3__2025_05_08-14_34_16__Clip_4__start,0.38513513513513514,7.601973533630371,8.61717700958252,0.0,,2.2453994750976562,1.8124542236328125,2.2448129653930664,2.245192527770996,0.20385047793388367,0.38513513513513514,-0.4248056411743164,1.6666666666666667,1.2738853503184715,0.0,0.0,0.0,0.0,1746707711_741147756,0.6148648648648649,8.282964706420898,8.639371871948242,1.4721992015838623,0.7034105062484741,0.937990128993988,1.7774778604507446,,0.8087431693989071,0.6263736263736264,0.0,100.0,42.30769230769231,0.006756756756756757,98.36065573770492,85.79234972677595,80.32786885245902,8.212261199951172,9.193474769592285,98.36065573770492,90.7103825136612,75.95628415300546,8.637066841125488,9.749924659729004,-0.05172821843231706,13.192601036280394,specimen_3__2025_05_08-14_34_16__Clip_4__start,valid,0.013858473859727383,0.013858473859727383,0.2493908405303955,0.12471072375774384,0.9932432432432432,183
EGBM-v2-CARE,specimen_3,2025_05_08-14_34_16,valid,direct_ps,specimen_3__2025_05_08-14_34_16__Clip_4__end,0.5657492354740061,6.394608020782471,6.353221893310547,0.0,,2.2461090087890625,2.114604949951172,2.245706796646118,2.24606990814209,0.20138639211654663,0.6049382716049383,0.2511253356933594,6.7934782608695645,5.438066465256798,0.0,0.0,0.0,0.0,1746707727_174034118,0.43119266055045874,9.356880187988281,9.073535919189453,1.742362380027771,0.8001810312271118,0.9451718926429749,1.6047050952911377,,0.8537859007832899,1.3120567375886525,0.0030581039755351682,80.0,21.153846153846153,0.05555555555555555,96.08355091383812,86.42297650130548,75.97911227154047,8.96242618560791,10.162479400634766,92.68929503916449,84.59530026109661,71.80156657963447,8.71130084991455,10.058316230773926,0.028019794025932708,13.208294287323952,specimen_3__2025_05_08-14_34_16__Clip_4__end,valid,0.009903112426400185,0.029706332832574844,0.3760251998901367,0.18809714913368225,0.941358024691358,383
EGBM-v2-CARE,specimen_3,2025_05_08-14_34_16,valid,direct_ps,specimen_3__2025_05_08-14_34_16__Clip_5__start,0.5657492354740061,6.394608020782471,6.353221893310547,0.0,,2.2461090087890625,2.114604949951172,2.245706796646118,2.24606990814209,0.20138639211654663,0.6049382716049383,0.2511253356933594,6.7934782608695645,5.438066465256798,0.0,0.0,0.0,0.0,1746707727_174034118,0.43119266055045874,9.356880187988281,9.073535919189453,1.742362380027771,0.8001810312271118,0.9451718926429749,1.6047050952911377,,0.8537859007832899,1.3120567375886525,0.0030581039755351682,80.0,21.153846153846153,0.05555555555555555,96.08355091383812,86.42297650130548,75.97911227154047,8.96242618560791,10.162479400634766,92.68929503916449,84.59530026109661,71.80156657963447,8.71130084991455,10.058316230773926,0.028019794025932708,13.192320242524147,specimen_3__2025_05_08-14_34_16__Clip_5__start,valid,0.009903112426400185,0.029706332832574844,0.3760251998901367,0.18809714913368225,0.941358024691358,383
EGBM-v2-CARE,specimen_3,2025_05_08-14_34_16,valid,direct_ps,specimen_3__2025_05_08-14_34_16__Clip_5__end,0.4812286689419795,5.726128578186035,5.9587578773498535,0.0,,2.2461090087890625,1.3924083709716797,2.24415922164917,2.2450480461120605,0.2676534950733185,0.5119453924914675,-0.08602714538574219,5.113636363636364,6.985294117647059,0.0,0.0,0.0,0.0,1746707740_506348848,0.515358361774744,6.319047927856445,6.389821529388428,1.485273003578186,0.6641569137573242,0.9118537306785583,1.6024709939956665,,0.7670157068062827,0.9337748344370861,0.0034129692832764505,46.666666666666664,33.63636363636363,0.04436860068259386,92.14659685863874,71.20418848167539,54.45026178010471,6.2631707191467285,8.146071434020996,91.09947643979058,75.91623036649214,55.497382198952884,6.349197864532471,8.177248001098633,-0.013735398449662923,13.18920636549592,specimen_3__2025_05_08-14_34_16__Clip_5__end,valid,0.00923331268131733,0.027698857709765434,0.35028448700904846,0.1753164678812027,0.9488054607508533,382
EGBM-v2-CARE,specimen_3,2025_05_08-14_39_50,valid,direct_ps,specimen_3__2025_05_08-14_39_50__Clip_1__start,,,,,,,,,,,,,,,,,,,1746707996_207382202,,,,,1.0,0.99684077501297,,,,,,,,,,,,,,,,,,,,13.198789674788713,specimen_3__2025_05_08-14_39_50__Clip_1__start,valid,,,,,,0
EGBM-v2-CARE,specimen_3,2025_05_08-14_39_50,valid,direct_ps,specimen_3__2025_05_08-14_39_50__Clip_1__end,,,,,,,,,,,,,,,,,,,1746708013_540880203,,,,,1.0,0.9968465566635132,,,,,,,,,,,,,,,,,,,,13.172120321542025,specimen_3__2025_05_08-14_39_50__Clip_1__end,valid,,,,,,0
EGBM-v2-CARE,specimen_3,2025_05_08-14_39_50,valid,direct_ps,specimen_3__2025_05_08-14_39_50__Clip_2__start,,,,,,,,,,,,,,,,,,,1746708013_540880203,,,,,1.0,0.9968465566635132,,,,,,,,,,,,,,,,,,,,13.18441890180111,specimen_3__2025_05_08-14_39_50__Clip_2__start,valid,,,,,,0
EGBM-v2-CARE,specimen_3,2025_05_08-14_39_50,valid,direct_ps,specimen_3__2025_05_08-14_39_50__Clip_2__end,,,,,,,,,,,,,,,,,,,1746708028_073565483,,,,,1.0,0.9968838691711426,,,,,,,,,,,,,,,,,,,,13.168384786695242,specimen_3__2025_05_08-14_39_50__Clip_2__end,valid,,,,,,0
EGBM-v2-CARE,specimen_3,2025_05_08-14_39_50,valid,direct_ps,specimen_3__2025_05_08-14_39_50__Clip_3__start,,,,,,,,,,,,,,,,,,,1746708028_073565483,,,,,1.0,0.9968838691711426,,,,,,,,,,,,,,,,,,,,13.201694004237652,specimen_3__2025_05_08-14_39_50__Clip_3__start,valid,,,,,,0
EGBM-v2-CARE,specimen_3,2025_05_08-14_39_50,valid,direct_ps,specimen_3__2025_05_08-14_39_50__Clip_3__end,,,,,,,,,,,,,,,,,,,1746708041_806072235,,,,,0.9999998807907104,0.9968727231025696,,,,,,,,,,,,,,,,,,,,13.178428635001183,specimen_3__2025_05_08-14_39_50__Clip_3__end,valid,,,,,,0
EGBM-v2-CARE,specimen_3,2025_05_08-14_39_50,valid,direct_ps,specimen_3__2025_05_08-14_39_50__Clip_4__start,,,,,,,,,,,,,,,,,,,1746708041_806072235,,,,,0.9999998807907104,0.9968727231025696,,,,,,,,,,,,,,,,,,,,13.217729050666094,specimen_3__2025_05_08-14_39_50__Clip_4__start,valid,,,,,,0
EGBM-v2-CARE,specimen_3,2025_05_08-14_39_50,valid,direct_ps,specimen_3__2025_05_08-14_39_50__Clip_4__end,0.0,,,0.0,,2.244556427001953,2.244556427001953,2.244556427001953,2.244556427001953,0.29927417635917664,0.0,-2.244556427001953,0.0,0.0,0.0,0.0,0.0,0.0,1746708059_806899309,1.0,7.5,9.744556427001953,0.0,1.0,0.9963781237602234,2.244556427001953,,1.0,0.0,0.0,0.0,0.0,0.0,100.0,100.0,100.0,7.5,7.5,100.0,100.0,100.0,9.744556427001953,9.744556427001953,-0.2992741902669271,13.184037990868092,specimen_3__2025_05_08-14_39_50__Clip_4__end,valid,1.0,1.0,1.0,1.0,1.0,1
EGBM-v2-CARE,specimen_3,2025_05_08-14_39_50,valid,direct_ps,specimen_3__2025_05_08-14_39_50__Clip_5__start,0.0,,,0.0,,2.244556427001953,2.244556427001953,2.244556427001953,2.244556427001953,0.29927417635917664,0.0,-2.244556427001953,0.0,0.0,0.0,0.0,0.0,0.0,1746708059_806899309,1.0,7.5,9.744556427001953,0.0,1.0,0.9963781237602234,2.244556427001953,,1.0,0.0,0.0,0.0,0.0,0.0,100.0,100.0,100.0,7.5,7.5,100.0,100.0,100.0,9.744556427001953,9.744556427001953,-0.2992741902669271,13.209796976298094,specimen_3__2025_05_08-14_39_50__Clip_5__start,valid,1.0,1.0,1.0,1.0,1.0,1
EGBM-v2-CARE,specimen_3,2025_05_08-14_39_50,valid,direct_ps,specimen_3__2025_05_08-14_39_50__Clip_5__end,0.0,,,0.0,,2.245208740234375,2.239259719848633,2.245156764984131,2.2451982498168945,1.017233967781067,0.0,-2.177516460418701,0.0,0.0,0.0,0.0,0.0,0.0,1746708075_840823411,1.0,2.140625,4.318141460418701,0.0,0.9795005917549133,0.9802375435829163,2.177516460418701,,1.0,0.0,0.0,0.0,100.0,0.0,100.0,0.0,0.0,2.140625,2.1806812286376953,100.0,100.0,12.5,4.318141460418701,4.347165107727051,-1.017233966910926,13.163476716727018,specimen_3__2025_05_08-14_39_50__Clip_5__end,valid,0.12888586521148682,0.12888586521148682,0.12888586521148682,0.12888586521148682,1.0,8
EGBM-v2-CARE,specimen_3,2025_05_08-14_50_11,valid,direct_ps,specimen_3__2025_05_08-14_50_11__Clip_1__start,0.0,,,0.0,,2.245279312133789,2.245229721069336,2.245274305343628,2.2452783584594727,0.33996495604515076,0.0,-2.245185375213623,0.0,0.0,0.0,0.0,0.0,0.0,1746708617_239433050,1.0,6.604166507720947,8.84935188293457,0.0,1.0,0.9967953562736511,2.245185136795044,,1.0,0.0,0.0,0.0,0.0,0.0,100.0,100.0,100.0,6.604166507720947,6.604380130767822,100.0,100.0,100.0,8.84935188293457,8.84951114654541,-0.3399649861324319,13.198971282690763,specimen_3__2025_05_08-14_50_11__Clip_1__start,valid,0.33334729075431824,0.33334729075431824,0.33334729075431824,0.33334729075431824,1.0,3
EGBM-v2-CARE,specimen_3,2025_05_08-14_50_11,valid,direct_ps,specimen_3__2025_05_08-14_50_11__Clip_1__end,0.0,,,0.0,,2.245391845703125,2.245391845703125,2.245391845703125,2.245391845703125,0.7407478094100952,0.0,-2.245391845703125,0.0,0.0,0.0,0.0,0.0,0.0,1746708631_207470893,1.0,3.03125,5.276641845703125,0.0,1.0,0.9969329833984375,2.245391845703125,,1.0,0.0,0.0,0.0,0.0,0.0,100.0,100.0,0.0,3.03125,3.03125,100.0,100.0,100.0,5.276641845703125,5.276641845703125,-0.7407478253865979,13.18702194839716,specimen_3__2025_05_08-14_50_11__Clip_1__end,valid,1.0,1.0,1.0,1.0,1.0,1
EGBM-v2-CARE,specimen_3,2025_05_08-14_50_11,valid,direct_ps,specimen_3__2025_05_08-14_50_11__Clip_2__start,0.0,,,0.0,,2.245391845703125,2.245391845703125,2.245391845703125,2.245391845703125,0.7407478094100952,0.0,-2.245391845703125,0.0,0.0,0.0,0.0,0.0,0.0,1746708631_207470893,1.0,3.03125,5.276641845703125,0.0,1.0,0.9969329833984375,2.245391845703125,,1.0,0.0,0.0,0.0,0.0,0.0,100.0,100.0,0.0,3.03125,3.03125,100.0,100.0,100.0,5.276641845703125,5.276641845703125,-0.7407478253865979,13.204469345510006,specimen_3__2025_05_08-14_50_11__Clip_2__start,valid,1.0,1.0,1.0,1.0,1.0,1
EGBM-v2-CARE,specimen_3,2025_05_08-14_50_11,valid,direct_ps,specimen_3__2025_05_08-14_50_11__Clip_2__end,,,,,,,,,,,,,,,,,,,1746708644_406662940,,,,,1.0,0.9968824982643127,,,,,,,,,,,,,,,,,,,,13.158469926565886,specimen_3__2025_05_08-14_50_11__Clip_2__end,valid,,,,,,0
EGBM-v2-CARE,specimen_3,2025_05_08-14_50_11,valid,direct_ps,specimen_3__2025_05_08-14_50_11__Clip_3__start,,,,,,,,,,,,,,,,,,,1746708644_406662940,,,,,1.0,0.9968824982643127,,,,,,,,,,,,,,,,,,,,13.17605609074235,specimen_3__2025_05_08-14_50_11__Clip_3__start,valid,,,,,,0
EGBM-v2-CARE,specimen_3,2025_05_08-14_50_11,valid,direct_ps,specimen_3__2025_05_08-14_50_11__Clip_3__end,0.0,,,0.0,,2.0082244873046875,2.0082244873046875,2.0082244873046875,2.0082244873046875,0.5789476037025452,0.0,-2.0082244873046875,0.0,0.0,0.0,0.0,0.0,0.0,1746708658_240703105,1.0,3.46875,5.4769744873046875,0.0,1.0,0.996813952922821,2.0082244873046875,,1.0,0.0,0.0,0.0,0.0,0.0,100.0,100.0,0.0,3.46875,3.46875,100.0,100.0,100.0,5.4769744873046875,5.4769744873046875,-0.5789475999436937,13.192630838602781,specimen_3__2025_05_08-14_50_11__Clip_3__end,valid,1.0,1.0,1.0,1.0,1.0,1
EGBM-v2-CARE,specimen_3,2025_05_08-14_50_11,valid,direct_ps,specimen_3__2025_05_08-14_50_11__Clip_4__start,0.0,,,0.0,,2.0082244873046875,2.0082244873046875,2.0082244873046875,2.0082244873046875,0.5789476037025452,0.0,-2.0082244873046875,0.0,0.0,0.0,0.0,0.0,0.0,1746708658_240703105,1.0,3.46875,5.4769744873046875,0.0,1.0,0.996813952922821,2.0082244873046875,,1.0,0.0,0.0,0.0,0.0,0.0,100.0,100.0,0.0,3.46875,3.46875,100.0,100.0,100.0,5.4769744873046875,5.4769744873046875,-0.5789475999436937,13.184138108044863,specimen_3__2025_05_08-14_50_11__Clip_4__start,valid,1.0,1.0,1.0,1.0,1.0,1
EGBM-v2-CARE,specimen_3,2025_05_08-14_59_26,valid,direct_ps,specimen_3__2025_05_08-14_59_26__Clip_2__end,0.2,,,0.0,,2.2457313537597656,2.244657516479492,2.245638370513916,2.2457058429718018,0.9286075234413147,0.2413793103448276,-1.367271900177002,9.090909090909092,16.666666666666664,0.0,0.0,0.0,0.0,1746709304_905916452,0.8,2.4156250953674316,3.7828969955444336,1.8734830617904663,0.9999287128448486,0.99554044008255,2.1774609088897705,,1.0,0.25,0.0,100.0,50.0,0.10344827586206896,73.33333333333333,40.0,6.666666666666667,2.4156250953674316,2.926102638244629,93.33333333333333,63.33333333333333,30.0,3.7828969955444336,4.133909702301025,-0.5660116310263085,13.166482094675303,specimen_3__2025_05_08-14_59_26__Clip_2__end,valid,0.04296838119626045,0.04296838119626045,0.12889988720417023,0.04296838119626045,0.896551724137931,30
EGBM-v2-CARE,specimen_3,2025_05_08-14_59_26,valid,direct_ps,specimen_3__2025_05_08-14_59_26__Clip_3__start,0.2,,,0.0,,2.2457313537597656,2.244657516479492,2.245638370513916,2.2457058429718018,0.9286075234413147,0.2413793103448276,-1.367271900177002,9.090909090909092,16.666666666666664,0.0,0.0,0.0,0.0,1746709304_905916452,0.8,2.4156250953674316,3.7828969955444336,1.8734830617904663,0.9999287128448486,0.99554044008255,2.1774609088897705,,1.0,0.25,0.0,100.0,50.0,0.10344827586206896,73.33333333333333,40.0,6.666666666666667,2.4156250953674316,2.926102638244629,93.33333333333333,63.33333333333333,30.0,3.7828969955444336,4.133909702301025,-0.5660116310263085,13.189506717026234,specimen_3__2025_05_08-14_59_26__Clip_3__start,valid,0.04296838119626045,0.04296838119626045,0.12889988720417023,0.04296838119626045,0.896551724137931,30
EGBM-v2-CARE,specimen_3,2025_05_08-14_59_26,valid,direct_ps,specimen_3__2025_05_08-14_59_26__Clip_3__end,0.0,,,0.0,,2.0069103240966797,2.0067672729492188,2.0068960189819336,2.0069074630737305,1.1365761756896973,0.0,-2.0067672729492188,0.0,0.0,0.0,0.0,0.0,0.0,1746709328_040919780,1.0,1.765625,3.7723922729492188,0.0,1.0,0.9957438707351685,2.0067672729492188,,1.0,0.0,0.0,0.0,100.0,0.0,100.0,0.0,0.0,1.765625,1.7667309045791626,100.0,100.0,0.0,3.7723922729492188,3.7729122638702393,-1.136576154590708,13.167343102395535,specimen_3__2025_05_08-14_59_26__Clip_3__end,valid,0.5000356435775757,0.5000356435775757,0.5000356435775757,0.5000356435775757,1.0,2
EGBM-v3-CARE-S,specimen_1,2025_03_06-16_54_09,valid,,specimen_1__2025_03_06-16_54_09__Clip_1__start,0.34658785599140246,7.163326740264893,6.591085910797119,0.0,,2.2459983825683594,0.0029497146606445312,2.242605209350586,2.2452189922332764,0.33447614312171936,0.4755125284738041,-0.23851990699768066,5.019991115059973,1.684717208182912,0.0,0.0,0.0,0.0,1741276454_605849504,0.6442772702847931,3.457198143005371,3.7482707500457764,1.628322958946228,0.3554401099681854,0.6438549160957336,1.7793428897857666,,0.4104543449492722,0.5379482902418682,0.009134873723804407,37.713534822601844,7.480421280043208,0.14350797266514806,49.64711071901191,18.328187031318922,14.512571680635201,3.68280291557312,7.9095139503479,66.14468460520511,24.128804587560655,14.3140714600794,3.921322822570801,7.511361122131348,-0.06476586243295131,16.539453994482756,specimen_1__2025_03_06-16_54_09__Clip_1__start,valid,0.004198352340608835,0.04720345884561539,0.47407397627830505,0.23685243725776672,0.8519362186788155,4534
EGBM-v3-CARE-S,specimen_1,2025_03_06-16_54_09,usable_with_warning,,specimen_1__2025_03_06-16_54_09__Clip_1__end,0.6036392405063291,14.400006294250488,13.754817008972168,0.0,,2.2460250854492188,0.3744087219238281,2.244110107421875,2.2455058097839355,0.17290377616882324,0.7091366303436715,0.25463008880615234,2.5776215582893967,1.064282673478076,0.0,0.0,0.0,0.0,1741276472_500830173,0.3896360759493671,7.937597274780273,7.725043773651123,1.9502490758895874,0.477440744638443,0.6958862543106079,1.7803460359573364,,0.5253532834580216,1.549238578680203,0.006724683544303798,47.28183118741059,10.515631343889567,0.08633696563285834,70.94763092269328,48.81546134663341,44.763092269326684,8.566110610961914,13.68399429321289,82.85536159600998,53.6783042394015,42.373233582709894,8.311480522155762,12.868670463562012,0.029725286115300252,15.932086855173111,specimen_1__2025_03_06-16_54_09__Clip_1__end,usable_with_warning,0.005110218655318022,0.061287254095077515,0.6100839972496033,0.3060259222984314,0.9090528080469404,4812
EGBM-v3-CARE-S,specimen_1,2025_03_06-16_53_09,usable_with_warning,,specimen_1__2025_03_06-16_53_09__Clip_1__start,0.3266301035953687,6.402213096618652,6.001469612121582,0.0,,2.2459335327148438,9.1552734375e-05,2.2425591945648193,2.245114803314209,0.43245843052864075,0.4706266318537859,-0.22866606712341309,7.938785270205644,0.5119453924914675,0.0,0.0,0.0,0.0,1741276395_521808385,0.6593540524070689,2.423027515411377,2.680572986602783,1.5962402820587158,0.30298957228660583,0.6125751733779907,1.797760009765625,,0.34445843828715367,0.4953789279112754,0.014015843997562462,29.36775158997381,5.935854475825754,0.1912532637075718,43.89168765743073,12.300587741393787,9.739714525608733,2.597597122192383,6.012139320373535,56.88497061293031,17.443324937027707,9.71872376154492,2.826263189315796,5.681621551513672,-0.08802984310762478,15.888732858002186,specimen_1__2025_03_06-16_53_09__Clip_1__start,usable_with_warning,0.004604013171046972,0.054070182144641876,0.5458608269691467,0.2735258936882019,0.8002610966057441,4764
EGBM-v3-CARE-S,specimen_1,2025_03_06-16_53_09,usable_with_warning,,specimen_1__2025_03_06-16_53_09__Clip_1__end,0.7566019726376074,10.891024589538574,10.346729278564453,0.0,,2.2458343505859375,2.1646728515625,2.24462890625,2.2454147338867188,0.11230583488941193,0.8287512421331567,0.7252435684204102,1.7407605784681306,0.18076644974692696,0.0,0.0,0.0,0.0,1741276413_300344467,0.2367165128857779,13.104289054870605,12.365599632263184,2.099022626876831,0.5805931687355042,0.7257016897201538,1.750504970550537,,0.6176066024759285,3.196236559139785,0.0066815144766146995,36.457564575645755,7.662505380972879,0.05697250745279894,73.3739438003537,54.352525054038125,51.69974454706229,12.951199531555176,18.628883361816406,81.80389074474357,57.7520141481627,51.24778934957752,12.225955963134766,17.360454559326172,0.05599817736213374,15.907030086964369,specimen_1__2025_03_06-16_53_09__Clip_1__end,usable_with_warning,0.00859520398080349,0.08585686981678009,0.8350518941879272,0.43439072370529175,0.9387214309373965,5089
EGBM-v3-CARE-S,specimen_1,2025_03_06-16_49_40,valid,,specimen_1__2025_03_06-16_49_40__Clip_1__start,0.3677922077922078,8.47408390045166,7.883966445922852,0.0,,2.245880126953125,0.0008716583251953125,2.2427330017089844,2.245175361633301,0.31150561571121216,0.5290796160361377,-0.2137002944946289,7.0609812012838145,1.4823261117445838,0.0,0.0,0.0,0.0,1741276188_715718030,0.6202597402597403,3.5510761737823486,3.8094730377197266,1.594323992729187,0.35154610872268677,0.629845917224884,1.7927119731903076,,0.4072350327903533,0.592964824120603,0.011948051948051949,35.11390416339356,6.7272727272727275,0.17786561264822134,46.13920033848107,18.552993441929342,14.44891051406812,3.81040096282959,8.4707670211792,61.79394965094141,23.75713983499048,14.596995980537338,4.024101257324219,8.02968692779541,-0.05608341394495551,15.88467601686716,specimen_1__2025_03_06-16_49_40__Clip_1__start,valid,0.004186637233942747,0.04916412755846977,0.4922100901603699,0.246608704328537,0.8130999435347261,4727
EGBM-v3-CARE-S,specimen_1,2025_03_06-17_35_04,valid,,specimen_1__2025_03_06-17_35_04__Clip_1__start,0.20640569395017794,4.1044921875,5.782585144042969,0.0,,2.245655059814453,2.2424964904785156,2.2447261810302734,2.245260238647461,1.1396715641021729,0.336996336996337,-1.1261662244796753,24.736842105263158,19.565217391304348,0.0,0.0,0.0,0.0,1741278916_817303895,0.7900355871886121,1.6769381761550903,2.7723352909088135,1.8456952571868896,0.9129968881607056,0.9639376997947693,2.0186312198638916,,0.9273927392739274,0.26126126126126126,0.0035587188612099642,84.070796460177,40.07782101167315,0.19413919413919414,62.70627062706271,15.181518151815181,3.9603960396039604,1.8051258325576782,2.6155025959014893,78.54785478547855,46.2046204620462,13.531353135313532,2.9312920570373535,3.6561875343322754,-0.6238713136601747,16.350270714610815,specimen_1__2025_03_06-17_35_04__Clip_1__start,valid,0.005006563849747181,0.015018763951957226,0.1501629501581192,0.07508769631385803,0.7875457875457875,303
EGBM-v3-CARE-S,specimen_1,2025_03_06-16_56_00,valid,,specimen_1__2025_03_06-16_56_00__Clip_1__start,0.2575272261370916,4.1268696784973145,4.053942680358887,0.0,,2.2457122802734375,0.0001201629638671875,2.2427711486816406,2.2451248168945312,0.6372905969619751,0.5165652467883706,-0.31133854389190674,7.062146892655368,0.2762430939226519,0.0,0.0,0.0,0.0,1741276567_498016595,0.7245355541319667,1.8069095611572266,2.1292433738708496,1.4043940305709839,0.33073851466178894,0.6126368641853333,1.6587907075881958,,0.37113647170708514,0.35543766578249336,0.017937219730941704,27.79146141215107,9.521331945889697,0.31710615280594995,42.0827389443652,8.606752258678078,6.3242986210175935,1.871444821357727,4.277699947357178,55.20684736091298,17.284831193533048,6.704707560627675,2.182783365249634,4.105311393737793,-0.1663626628681639,15.975771937519312,specimen_1__2025_03_06-16_56_00__Clip_1__start,valid,0.0047798436135053635,0.05015664920210838,0.500099241733551,0.25056183338165283,0.6774847870182555,4206
EGBM-v3-CARE-S,specimen_1,2025_03_06-16_56_00,valid,,specimen_1__2025_03_06-16_56_00__Clip_1__end,0.3614058355437666,4.686069488525391,4.415042877197266,0.0,,2.2456817626953125,0.00024127960205078125,2.242307186126709,2.2448930740356445,0.4982006847858429,0.5381443298969072,-0.1908876895904541,8.38477366255144,2.1875,0.0,0.0,0.0,0.0,1741276586_132390499,0.6279840848806366,2.451817512512207,2.6596453189849854,1.525034785270691,0.330046683549881,0.619277834892273,1.6883771419525146,,0.3756851021425012,0.5755015839493136,0.010610079575596816,24.97584541062802,10.49199762892709,0.24742268041237114,48.4304932735426,15.944195316392626,10.961634280019931,2.5308568477630615,5.1624884605407715,57.24962630792228,24.41454907822621,11.360239162929746,2.7217445373535156,4.889786243438721,-0.07542413541057182,15.995071269571781,specimen_1__2025_03_06-16_56_00__Clip_1__end,valid,0.005603939760476351,0.0560133159160614,0.5588393807411194,0.27974453568458557,0.7436426116838488,4014
EGBM-v3-CARE-S,specimen_1,2025_03_06-16_56_00,valid,,specimen_1__2025_03_06-16_56_00__Clip_2__start,0.3614058355437666,4.686069488525391,4.415042877197266,0.0,,2.2456817626953125,0.00024127960205078125,2.242307186126709,2.2448930740356445,0.4982006847858429,0.5381443298969072,-0.1908876895904541,8.38477366255144,2.1875,0.0,0.0,0.0,0.0,1741276586_132390499,0.6279840848806366,2.451817512512207,2.6596453189849854,1.525034785270691,0.330046683549881,0.619277834892273,1.6883771419525146,,0.3756851021425012,0.5755015839493136,0.010610079575596816,24.97584541062802,10.49199762892709,0.24742268041237114,48.4304932735426,15.944195316392626,10.961634280019931,2.5308568477630615,5.1624884605407715,57.24962630792228,24.41454907822621,11.360239162929746,2.7217445373535156,4.889786243438721,-0.07542413541057182,15.960950870066881,specimen_1__2025_03_06-16_56_00__Clip_2__start,valid,0.005603939760476351,0.0560133159160614,0.5588393807411194,0.27974453568458557,0.7436426116838488,4014
EGBM-v3-CARE-S,specimen_1,2025_03_06-16_56_00,usable_with_warning,,specimen_1__2025_03_06-16_56_00__Clip_2__end,0.41169658367110595,5.347502708435059,5.150983810424805,0.0,,2.2459335327148438,0.004048347473144531,2.2430384159088135,2.245189666748047,0.33132022619247437,0.5884146341463414,-0.14600372314453125,7.486388384754991,3.007518796992481,0.0,0.0,0.0,0.0,1741276596_839815616,0.5767226404169079,3.4315524101257324,3.598290205001831,1.5257140398025513,0.3687770366668701,0.6603002548217773,1.6798893213272095,,0.43045862412761715,0.713855421686747,0.011580775911986103,29.314159292035395,11.481020535158681,0.22378048780487805,54.93519441674975,19.890329012961118,14.132602193419741,3.540912389755249,7.26245641708374,64.03290129611166,28.489531405782653,14.506480558325025,3.6869161128997803,6.827722549438477,-0.041233362216743,15.883865766227245,specimen_1__2025_03_06-16_56_00__Clip_2__end,usable_with_warning,0.00535558070987463,0.053528059273958206,0.5336723923683167,0.26731380820274353,0.7701219512195122,4012
EGBM-v3-CARE-S,specimen_1,2025_03_06-16_56_00,usable_with_warning,,specimen_1__2025_03_06-16_56_00__Clip_3__start,0.41169658367110595,5.347502708435059,5.150983810424805,0.0,,2.2459335327148438,0.004048347473144531,2.2430384159088135,2.245189666748047,0.33132022619247437,0.5884146341463414,-0.14600372314453125,7.486388384754991,3.007518796992481,0.0,0.0,0.0,0.0,1741276596_839815616,0.5767226404169079,3.4315524101257324,3.598290205001831,1.5257140398025513,0.3687770366668701,0.6603002548217773,1.6798893213272095,,0.43045862412761715,0.713855421686747,0.011580775911986103,29.314159292035395,11.481020535158681,0.22378048780487805,54.93519441674975,19.890329012961118,14.132602193419741,3.540912389755249,7.26245641708374,64.03290129611166,28.489531405782653,14.506480558325025,3.6869161128997803,6.827722549438477,-0.041233362216743,15.965115744620562,specimen_1__2025_03_06-16_56_00__Clip_3__start,usable_with_warning,0.00535558070987463,0.053528059273958206,0.5336723923683167,0.26731380820274353,0.7701219512195122,4012
EGBM-v3-CARE-S,specimen_1,2025_03_06-16_56_00,usable_with_warning,,specimen_1__2025_03_06-16_56_00__Clip_3__end,0.457325746799431,5.735629558563232,5.522001266479492,0.0,,2.246124267578125,0.0001850128173828125,2.2435755729675293,2.245455741882324,0.23192505538463593,0.6575645756457564,-0.023754596710205078,4.569653948535936,0.44742729306487694,0.0,0.0,0.0,0.0,1741276607_378000020,0.5241820768136558,4.158022403717041,4.199685096740723,1.6929508447647095,0.3196187913417816,0.6046331524848938,1.6035951375961304,,0.35995903737839224,0.8724559023066486,0.01849217638691323,23.849878934624698,9.362549800796813,0.24575645756457565,57.70609318996416,22.887864823348693,16.538658474142345,4.268689155578613,9.035452842712402,65.15616999487968,30.005120327700972,16.666666666666664,4.292443752288818,8.477648735046387,-0.005564845751103932,16.001501120626926,specimen_1__2025_03_06-16_56_00__Clip_3__end,usable_with_warning,0.00567957479506731,0.0737859308719635,0.7189503908157349,0.3682360053062439,0.7483394833948339,3906
EGBM-v3-CARE-S,specimen_1,2025_03_06-16_56_00,usable_with_warning,,specimen_1__2025_03_06-16_56_00__Clip_4__start,0.457325746799431,5.735629558563232,5.522001266479492,0.0,,2.246124267578125,0.0001850128173828125,2.2435755729675293,2.245455741882324,0.23192505538463593,0.6575645756457564,-0.023754596710205078,4.569653948535936,0.44742729306487694,0.0,0.0,0.0,0.0,1741276607_378000020,0.5241820768136558,4.158022403717041,4.199685096740723,1.6929508447647095,0.3196187913417816,0.6046331524848938,1.6035951375961304,,0.35995903737839224,0.8724559023066486,0.01849217638691323,23.849878934624698,9.362549800796813,0.24575645756457565,57.70609318996416,22.887864823348693,16.538658474142345,4.268689155578613,9.035452842712402,65.15616999487968,30.005120327700972,16.666666666666664,4.292443752288818,8.477648735046387,-0.005564845751103932,15.899389050900936,specimen_1__2025_03_06-16_56_00__Clip_4__start,usable_with_warning,0.00567957479506731,0.0737859308719635,0.7189503908157349,0.3682360053062439,0.7483394833948339,3906
EGBM-v3-CARE-S,specimen_1,2025_03_06-16_56_00,usable_with_warning,,specimen_1__2025_03_06-16_56_00__Clip_5__end,0.5888,7.81285285949707,7.533177852630615,0.0,,2.2461166381835938,0.0017547607421875,2.2441368103027344,2.245760440826416,0.18070663511753082,0.6913445835601524,0.14033794403076172,12.03083109919571,3.6312849162011176,0.0,0.0,0.0,0.0,1741276628_081543684,0.39466666666666667,5.440314292907715,5.310307025909424,1.653449296951294,0.3636378049850464,0.6434796452522278,1.6192982196807861,,0.41750167000668004,1.491891891891892,0.016533333333333334,23.822163238221634,8.10652619256658,0.21774632553075668,66.44399910932977,23.91449565798263,18.90447561790247,5.604083061218262,12.093860626220703,66.44399910932977,29.213983522600756,18.90447561790247,5.4637451171875,11.437572479248047,0.025042088508990427,15.89374104514718,specimen_1__2025_03_06-16_56_00__Clip_5__end,usable_with_warning,0.007468919735401869,0.0820937380194664,0.8088777661323547,0.4168907105922699,0.763745236799129,4491
EGBM-v3-CARE-S,specimen_1,2025_03_06-17_10_48,usable_with_warning,,specimen_1__2025_03_06-17_10_48__Clip_1__start,0.3416149068322981,7.34765625,6.249157428741455,0.0,,2.2454681396484375,2.2394943237304688,2.2447338104248047,2.245213031768799,0.7870686054229736,0.540453074433657,-0.6096518039703369,34.17085427135678,2.083333333333333,0.0,0.0,0.0,0.0,1741277458_715820312,0.6428571428571429,2.3041493892669678,2.951446294784546,1.4614750146865845,0.8500725030899048,0.9222301840782166,1.8685880899429321,,0.8679245283018868,0.5314009661835749,0.015527950310559006,69.18604651162791,24.458204334365323,0.3818770226537217,53.63881401617251,12.93800539083558,9.973045822102426,2.4129042625427246,4.858170509338379,67.38544474393531,33.9622641509434,12.398921832884097,3.0225560665130615,4.656836986541748,-0.2526630722297636,15.887752175331116,specimen_1__2025_03_06-17_10_48__Clip_1__start,usable_with_warning,0.0057970378547906876,0.017389163374900818,0.21435466408729553,0.10430329293012619,0.6051779935275081,371
EGBM-v3-CARE-S,specimen_1,2025_03_06-17_10_48,usable_with_warning,,specimen_1__2025_03_06-17_10_48__Clip_1__end,0.40350877192982454,4.7734375,3.089254379272461,0.0,,2.245513916015625,2.2417984008789062,2.245182514190674,2.245396852493286,0.817294180393219,0.572289156626506,-0.3602564334869385,34.55882352941176,21.839080459770116,0.0,0.0,0.0,0.0,1741277472_074031114,0.5730994152046783,2.4690027236938477,2.851301908493042,1.5660265684127808,0.9019546508789062,0.9521718621253967,1.7908995151519775,,0.912,0.7040816326530612,0.023391812865497075,81.55339805825243,21.52777777777778,0.37650602409638556,72.53333333333333,23.200000000000003,7.733333333333333,2.4935834407806396,4.106728553771973,69.86666666666666,34.66666666666667,17.333333333333336,2.853839874267578,4.229285717010498,-0.14447338219977784,15.88590769097209,specimen_1__2025_03_06-17_10_48__Clip_1__end,usable_with_warning,0.006389600224792957,0.01916845329105854,0.23630008101463318,0.11497907340526581,0.5963855421686747,375
EGBM-v3-CARE-S,specimen_1,2025_03_06-17_46_07,valid,direct_polaris,specimen_1__2025_03_06-17_46_07__Clip_1__start,0.1794871794871795,2.0479166507720947,3.062619686126709,0.0,,2.245189666748047,2.239105224609375,2.2443413734436035,2.2448806762695312,1.4065592288970947,0.3908355795148248,-1.2390656471252441,16.73469387755102,62.96296296296296,0.0,0.0,0.0,0.0,1741279573_107909202,0.8205128205128205,1.5500156879425049,2.797537088394165,1.6793752908706665,0.9383047819137573,0.9547993540763855,1.9668241739273071,,0.9443099273607748,0.21875,0.0,98.80952380952381,44.04145077720207,0.2776280323450135,59.32203389830508,6.5375302663438255,2.4213075060532687,1.5680992603302002,2.2942097187042236,89.58837772397095,43.583535108958834,3.87409200968523,2.8071649074554443,3.2556464672088623,-0.7901704174417694,15.893148723989725,specimen_1__2025_03_06-17_46_07__Clip_1__start,valid,0.0035672825761139393,0.014268476516008377,0.14617109298706055,0.07132162898778915,0.7169811320754716,413
EGBM-v3-CARE-S,specimen_1,2025_03_06-17_46_07,valid,direct_polaris,specimen_1__2025_03_06-17_46_07__Clip_2__end,0.3287981859410431,3.483630895614624,5.363853454589844,0.0,,2.245136260986328,2.2392921447753906,2.2444419860839844,2.244985580444336,1.1725457906723022,0.589242053789731,-0.6484551429748535,32.97491039426524,35.64356435643564,0.0,0.0,0.0,0.0,1741279592_460282802,0.655328798185941,1.777187466621399,2.3681600093841553,1.605581521987915,0.9174069166183472,0.9532373547554016,1.8627756834030151,,0.9363057324840764,0.5017301038062284,0.015873015873015872,86.45833333333334,22.702702702702705,0.38141809290953543,59.23566878980891,21.443736730360936,7.855626326963907,1.8532710075378418,2.5064585208892822,74.94692144373673,31.634819532908704,12.101910828025478,2.5017261505126953,3.1553821563720703,-0.34989763522840456,15.900691039860249,specimen_1__2025_03_06-17_46_07__Clip_2__end,valid,0.004167881794273853,0.01667127199470997,0.19579319655895233,0.09583424031734467,0.6063569682151589,471
EGBM-v3-CARE-S,specimen_1,2025_03_06-17_46_07,valid,direct_polaris,specimen_1__2025_03_06-17_46_07__Clip_3__start,0.3287981859410431,3.483630895614624,5.363853454589844,0.0,,2.245136260986328,2.2392921447753906,2.2444419860839844,2.244985580444336,1.1725457906723022,0.589242053789731,-0.6484551429748535,32.97491039426524,35.64356435643564,0.0,0.0,0.0,0.0,1741279592_460282802,0.655328798185941,1.777187466621399,2.3681600093841553,1.605581521987915,0.9174069166183472,0.9532373547554016,1.8627756834030151,,0.9363057324840764,0.5017301038062284,0.015873015873015872,86.45833333333334,22.702702702702705,0.38141809290953543,59.23566878980891,21.443736730360936,7.855626326963907,1.8532710075378418,2.5064585208892822,74.94692144373673,31.634819532908704,12.101910828025478,2.5017261505126953,3.1553821563720703,-0.34989763522840456,15.91355912387371,specimen_1__2025_03_06-17_46_07__Clip_3__start,valid,0.004167881794273853,0.01667127199470997,0.19579319655895233,0.09583424031734467,0.6063569682151589,471
EGBM-v3-CARE-S,specimen_1,2025_03_06-17_46_07,valid,direct_polaris,specimen_1__2025_03_06-17_46_07__Clip_3__end,0.3424317617866005,3.070833444595337,4.6273417472839355,0.0,,2.2452125549316406,2.2369842529296875,2.244556427001953,2.2448642253875732,1.1492582559585571,0.5564102564102564,-0.6205031871795654,34.74903474903475,34.177215189873415,0.0,0.0,0.0,0.0,1741279602_670526742,0.6352357320099256,1.7725735902786255,2.3593266010284424,1.5796762704849243,0.9195145964622498,0.9499486088752747,1.896291971206665,,0.9350348027842227,0.5390625,0.022332506203473945,83.72093023255815,25.28409090909091,0.3641025641025641,60.092807424593964,18.329466357308586,4.176334106728538,1.8177566528320312,2.592578172683716,72.62180974477958,32.71461716937355,10.440835266821345,2.4382598400115967,3.140779495239258,-0.34135657609220293,15.886779874563217,specimen_1__2025_03_06-17_46_07__Clip_3__end,valid,0.004622682463377714,0.018490344285964966,0.19868624210357666,0.09705543518066406,0.6205128205128205,431
EGBM-v3-CARE-S,specimen_1,2025_03_06-17_46_07,valid,direct_polaris,specimen_1__2025_03_06-17_46_07__Clip_4__start,0.3424317617866005,3.070833444595337,4.6273417472839355,0.0,,2.2452125549316406,2.2369842529296875,2.244556427001953,2.2448642253875732,1.1492582559585571,0.5564102564102564,-0.6205031871795654,34.74903474903475,34.177215189873415,0.0,0.0,0.0,0.0,1741279602_670526742,0.6352357320099256,1.7725735902786255,2.3593266010284424,1.5796762704849243,0.9195145964622498,0.9499486088752747,1.896291971206665,,0.9350348027842227,0.5390625,0.022332506203473945,83.72093023255815,25.28409090909091,0.3641025641025641,60.092807424593964,18.329466357308586,4.176334106728538,1.8177566528320312,2.592578172683716,72.62180974477958,32.71461716937355,10.440835266821345,2.4382598400115967,3.140779495239258,-0.34135657609220293,15.86951408535242,specimen_1__2025_03_06-17_46_07__Clip_4__start,valid,0.004622682463377714,0.018490344285964966,0.19868624210357666,0.09705543518066406,0.6205128205128205,431
EGBM-v3-CARE-S,specimen_1,2025_03_06-17_46_07,valid,direct_polaris,specimen_1__2025_03_06-17_46_07__Clip_4__end,0.3392405063291139,4.293981552124023,6.297858238220215,0.0,,2.2455596923828125,2.241273880004883,2.244792938232422,2.245370864868164,1.0249346494674683,0.4856396866840731,-0.5966331958770752,27.92207792207792,48.78048780487805,0.0,0.0,0.0,0.0,1741279610_874241590,0.6430379746835443,1.84608793258667,2.3479692935943604,1.8233884572982788,0.9044567346572876,0.9336560964584351,1.9673280715942383,,0.9228971962616822,0.5275590551181102,0.017721518987341773,72.5,40.17341040462428,0.2558746736292428,71.96261682242991,19.158878504672895,4.906542056074766,2.0005111694335938,2.6505231857299805,72.19626168224299,42.28971962616823,7.710280373831775,2.597144365310669,3.316230297088623,-0.29824037225745675,15.855312813073397,specimen_1__2025_03_06-17_46_07__Clip_4__end,valid,0.00449130404740572,0.017964141443371773,0.18853600323200226,0.09428787231445312,0.720626631853786,428
EGBM-v3-CARE-S,specimen_1,2025_03_06-17_46_07,valid,direct_polaris,specimen_1__2025_03_06-17_46_07__Clip_5__start,0.3392405063291139,4.293981552124023,6.297858238220215,0.0,,2.2455596923828125,2.241273880004883,2.244792938232422,2.245370864868164,1.0249346494674683,0.4856396866840731,-0.5966331958770752,27.92207792207792,48.78048780487805,0.0,0.0,0.0,0.0,1741279610_874241590,0.6430379746835443,1.84608793258667,2.3479692935943604,1.8233884572982788,0.9044567346572876,0.9336560964584351,1.9673280715942383,,0.9228971962616822,0.5275590551181102,0.017721518987341773,72.5,40.17341040462428,0.2558746736292428,71.96261682242991,19.158878504672895,4.906542056074766,2.0005111694335938,2.6505231857299805,72.19626168224299,42.28971962616823,7.710280373831775,2.597144365310669,3.316230297088623,-0.29824037225745675,15.918608289211988,specimen_1__2025_03_06-17_46_07__Clip_5__start,valid,0.00449130404740572,0.017964141443371773,0.18853600323200226,0.09428787231445312,0.720626631853786,428
EGBM-v3-CARE-S,specimen_1,2025_03_06-17_46_07,valid,direct_polaris,specimen_1__2025_03_06-17_46_07__Clip_5__end,0.329073482428115,,,0.0,,2.2452354431152344,2.2406444549560547,2.2447967529296875,2.245023727416992,0.952139675617218,0.4901315789473684,-0.5693602561950684,24.47257383966245,33.33333333333333,0.0,0.0,0.0,0.0,1741279619_639563798,0.6517571884984026,2.1320536136627197,2.701413869857788,1.9591392278671265,0.883354127407074,0.9195734262466431,1.9668692350387573,,0.8942857142857142,0.5049019607843137,0.019169329073482427,69.02654867256636,34.23076923076923,0.22697368421052633,67.71428571428572,25.71428571428571,4.571428571428571,2.1320536136627197,2.7411246299743652,73.42857142857143,42.57142857142857,17.42857142857143,2.701413869857788,3.3618993759155273,-0.26704781368839364,15.908352099359035,specimen_1__2025_03_06-17_46_07__Clip_5__end,valid,0.0055949208326637745,0.016783611848950386,0.1957499235868454,0.09509266167879105,0.7467105263157895,350
EGBM-v3-CARE-S,specimen_1,2025_03_06-17_43_05,valid,direct_polaris,specimen_1__2025_03_06-17_43_05__Clip_1__start,0.17162471395881007,2.88043475151062,4.555679798126221,0.0,,2.245105743408203,2.23724365234375,2.2445502281188965,2.2449564933776855,1.3316060304641724,0.39119804400978,-1.343131422996521,16.049382716049383,31.428571428571427,0.0,0.0,0.0,0.0,1741279397_014175891,0.8146453089244852,1.5587064027786255,2.8834757804870605,1.5527892112731934,0.9724259972572327,0.9812020063400269,1.9827712774276733,,0.9954441913439636,0.21067415730337077,0.013729977116704805,93.36734693877551,39.56639566395664,0.2787286063569682,55.35307517084283,15.945330296127564,1.5945330296127564,1.627954125404358,2.1511824131011963,88.15489749430525,44.19134396355353,14.350797266514807,2.971085548400879,3.390690803527832,-0.8250425500552164,15.905257780104876,specimen_1__2025_03_06-17_43_05__Clip_1__start,valid,0.003178935730829835,0.012715202756226063,0.13664260506629944,0.06674282252788544,0.706601466992665,439
EGBM-v3-CARE-S,specimen_1,2025_03_06-17_03_37,valid,,specimen_1__2025_03_06-17_03_37__Clip_1__start,0.2962962962962963,,,0.0,,2.2453079223632812,2.237715721130371,2.244641065597534,2.2449872493743896,1.365648627281189,0.631578947368421,-0.703370213508606,35.0,0.0,0.0,0.0,0.0,0.0,1741277038_994503974,0.6666666666666666,1.532997488975525,2.236367702484131,0.9840642809867859,0.8659343719482422,0.9257567524909973,1.6285505294799805,,0.8881578947368421,0.4444444444444444,0.037037037037037035,92.3076923076923,20.14388489208633,0.5639097744360902,65.78947368421053,8.552631578947368,2.631578947368421,1.532997488975525,1.9732364416122437,74.3421052631579,26.973684210526315,8.552631578947368,2.236367702484131,2.958601713180542,-0.45882019935900603,15.884307213127613,specimen_1__2025_03_06-17_03_37__Clip_1__start,valid,0.01530295331031084,0.01530295331031084,0.22945725917816162,0.10710003226995468,0.42105263157894735,152
EGBM-v3-CARE-S,specimen_1,2025_03_06-17_03_37,valid,,specimen_1__2025_03_06-17_03_37__Clip_1__end,0.4190871369294606,2.51953125,3.719010353088379,0.0,,2.245025634765625,2.2397193908691406,2.2441635131835938,2.2446208000183105,0.8985404372215271,0.7377398720682303,-0.09007644653320312,22.356495468277945,54.54545454545454,0.0,0.0,0.0,0.0,1741277054_444179058,0.5560165975103735,2.246960163116455,2.2679686546325684,1.8364635705947876,0.8538841605186462,0.9169806838035583,1.568572998046875,,0.8827838827838828,0.753731343283582,0.024896265560165973,83.72093023255815,16.62531017369727,0.4093816631130064,60.62271062271062,26.190476190476193,10.805860805860807,2.262934923171997,3.374509811401367,80.03663003663004,24.175824175824175,6.41025641025641,2.3530113697052,3.1041197776794434,-0.03980514225611991,15.931156929582357,specimen_1__2025_03_06-17_03_37__Clip_1__end,valid,0.005334956105798483,0.026671400293707848,0.28779950737953186,0.143967866897583,0.5842217484008528,546
EGBM-v3-CARE-S,specimen_1,2025_03_06-17_50_08,valid,direct_polaris,specimen_1__2025_03_06-17_50_08__Clip_1__start,0.188470066518847,3.263962745666504,4.499954700469971,0.0,,2.2454605102539062,2.241291046142578,2.2447171211242676,2.2451159954071045,1.2886091470718384,0.3558139534883721,-1.1946845054626465,22.426470588235293,33.33333333333333,0.0,0.0,0.0,0.0,1741279814_889631032,0.8004434589800443,1.4601329565048218,2.6503746509552,1.743865728378296,0.9227134585380554,0.9481810927391052,2.0137274265289307,,0.9318181818181818,0.23545706371191136,0.011086474501108648,84.90566037735849,37.220843672456574,0.2302325581395349,56.19834710743802,16.735537190082646,5.991735537190083,1.635298252105713,2.209825038909912,80.78512396694215,42.14876033057851,10.330578512396695,2.8299827575683594,3.4234704971313477,-0.730560620317606,15.967810992151499,specimen_1__2025_03_06-17_50_08__Clip_1__start,valid,0.0030886493623256683,0.012354230508208275,0.14820429682731628,0.07411105930805206,0.7651162790697674,484
EGBM-v3-CARE-S,specimen_1,2025_03_06-17_50_08,valid,direct_polaris,specimen_1__2025_03_06-17_50_08__Clip_1__end,0.3508771929824561,2.198214292526245,3.545208692550659,0.0,,2.2450790405273438,2.200061798095703,2.2433724403381348,2.2447218894958496,0.8426137566566467,0.5496957403651116,-0.37273478507995605,15.367483296213807,22.68041237113402,0.0,0.0,0.0,0.0,1741279833_122301101,0.6354775828460039,2.296557903289795,2.6198737621307373,1.7825936079025269,0.6692315340042114,0.80037522315979,1.8115463256835938,,0.7075862068965517,0.5521472392638037,0.01364522417153996,65.94202898550725,22.598870056497177,0.26369168356997974,61.93103448275862,26.75862068965517,9.379310344827587,2.2918102741241455,3.43481707572937,77.51724137931035,37.24137931034483,11.862068965517242,2.6645450592041016,3.402672052383423,-0.16263771451256062,15.86135197430849,specimen_1__2025_03_06-17_50_08__Clip_1__end,valid,0.003795780474320054,0.02656763233244419,0.2728278636932373,0.13652661442756653,0.7200811359026369,725
EGBM-v3-CARE-S,specimen_1,2025_03_06-17_04_37,valid,,specimen_1__2025_03_06-17_04_37__Clip_1__start,0.3118279569892473,,,0.0,,2.245746612548828,2.242443084716797,2.2450151443481445,2.2454609870910645,1.7986396551132202,0.8097826086956522,-0.47485947608947754,43.39622641509434,37.5,0.0,0.0,0.0,0.0,1741277089_267859220,0.6021505376344086,1.2069052457809448,1.6817647218704224,1.0193216800689697,0.9849543571472168,0.9840791821479797,1.320729374885559,,1.0,0.5178571428571429,0.08602150537634409,100.0,10.674157303370785,0.7228260869565217,56.98924731182796,4.301075268817205,0.0,1.2069052457809448,1.429113745689392,75.26881720430107,12.903225806451612,3.763440860215054,1.6817647218704224,2.083590030670166,-0.3934521601836382,15.862292610108852,specimen_1__2025_03_06-17_04_37__Clip_1__start,valid,0.015156310983002186,0.015156310983002186,0.2727527916431427,0.13638685643672943,0.27717391304347827,186
EGBM-v3-CARE-S,specimen_1,2025_03_06-17_04_37,usable_with_warning,,specimen_1__2025_03_06-17_04_37__Clip_1__end,0.12335958005249344,0.5795454382896423,1.945345401763916,0.0,,2.2455596923828125,2.242673873901367,2.24483060836792,2.245192527770996,2.420426368713379,0.6130790190735694,-1.2450424432754517,32.53968253968254,0.0,0.0,0.0,0.0,0.0,1741277102_310320138,0.8530183727034121,0.9244019389152527,2.1658639907836914,0.9746741652488708,0.9900835156440735,0.9872955083847046,1.6042040586471558,,0.9973821989528796,0.14461538461538462,0.023622047244094488,100.0,18.230563002680967,0.5831062670299727,32.98429319371728,2.356020942408377,0.0,0.9144715070724487,1.1512919664382935,89.26701570680629,20.157068062827225,2.356020942408377,2.1595139503479004,2.444201946258545,-1.3614885030822657,15.911036171019077,specimen_1__2025_03_06-17_04_37__Clip_1__end,usable_with_warning,0.004304487258195877,0.012912116944789886,0.16351044178009033,0.08176399767398834,0.4114441416893733,382
EGBM-v3-CARE-S,specimen_1,2025_03_06-17_04_37,usable_with_warning,,specimen_1__2025_03_06-17_04_37__Clip_2__start,0.12335958005249344,0.5795454382896423,1.945345401763916,0.0,,2.2455596923828125,2.242673873901367,2.24483060836792,2.245192527770996,2.420426368713379,0.6130790190735694,-1.2450424432754517,32.53968253968254,0.0,0.0,0.0,0.0,0.0,1741277102_310320138,0.8530183727034121,0.9244019389152527,2.1658639907836914,0.9746741652488708,0.9900835156440735,0.9872955083847046,1.6042040586471558,,0.9973821989528796,0.14461538461538462,0.023622047244094488,100.0,18.230563002680967,0.5831062670299727,32.98429319371728,2.356020942408377,0.0,0.9144715070724487,1.1512919664382935,89.26701570680629,20.157068062827225,2.356020942408377,2.1595139503479004,2.444201946258545,-1.3614885030822657,15.928241889923811,specimen_1__2025_03_06-17_04_37__Clip_2__start,usable_with_warning,0.004304487258195877,0.012912116944789886,0.16351044178009033,0.08176399767398834,0.4114441416893733,382
EGBM-v3-CARE-S,specimen_1,2025_03_06-17_04_37,valid,,specimen_1__2025_03_06-17_04_37__Clip_2__end,0.09223300970873786,1.75,3.8064396381378174,0.0,,2.2454986572265625,2.2409896850585938,2.244499683380127,2.2450075149536133,1.2848740816116333,0.3825,-1.5913082361221313,11.38211382113821,0.0,0.0,0.0,0.0,0.0,1741277116_990405559,0.8932038834951457,1.6955658197402954,3.2717947959899902,0.7669082283973694,0.9816026091575623,0.9785647988319397,1.8687472343444824,,0.9951690821256038,0.10326086956521739,0.014563106796116505,98.80952380952381,43.575418994413404,0.3575,59.42028985507246,13.526570048309178,6.280193236714976,1.6972750425338745,2.325582981109619,92.7536231884058,51.20772946859904,14.734299516908212,3.288583278656006,3.882530689239502,-0.9375665088119457,15.87406126782298,specimen_1__2025_03_06-17_04_37__Clip_2__end,valid,0.003263833001255989,0.013053608126938343,0.13375751674175262,0.06525477021932602,0.64,414
EGBM-v3-CARE-S,specimen_1,2025_03_06-17_04_37,valid,,specimen_1__2025_03_06-17_04_37__Clip_3__start,0.09223300970873786,1.75,3.8064396381378174,0.0,,2.2454986572265625,2.2409896850585938,2.244499683380127,2.2450075149536133,1.2848740816116333,0.3825,-1.5913082361221313,11.38211382113821,0.0,0.0,0.0,0.0,0.0,1741277116_990405559,0.8932038834951457,1.6955658197402954,3.2717947959899902,0.7669082283973694,0.9816026091575623,0.9785647988319397,1.8687472343444824,,0.9951690821256038,0.10326086956521739,0.014563106796116505,98.80952380952381,43.575418994413404,0.3575,59.42028985507246,13.526570048309178,6.280193236714976,1.6972750425338745,2.325582981109619,92.7536231884058,51.20772946859904,14.734299516908212,3.288583278656006,3.882530689239502,-0.9375665088119457,15.842073131352663,specimen_1__2025_03_06-17_04_37__Clip_3__start,valid,0.003263833001255989,0.013053608126938343,0.13375751674175262,0.06525477021932602,0.64,414
EGBM-v3-CARE-S,specimen_1,2025_03_06-17_04_37,valid,,specimen_1__2025_03_06-17_04_37__Clip_3__end,0.276536312849162,2.40625,4.649564743041992,0.0,,2.245258331298828,2.240497589111328,2.2444469928741455,2.24483323097229,0.9581419229507446,0.5693215339233039,-0.742072343826294,23.762376237623762,33.75,0.0,0.0,0.0,0.0,1741277161_742160797,0.7122905027932961,2.2649967670440674,2.999019145965576,1.849874496459961,0.9479668736457825,0.9633017778396606,1.8079458475112915,,0.9546666666666667,0.38823529411764707,0.0111731843575419,98.26589595375722,22.71186440677966,0.37168141592920356,53.86666666666666,21.333333333333336,9.066666666666666,2.265749931335449,4.364389896392822,86.4,32.0,11.200000000000001,3.007822275161743,4.419189929962158,-0.327517319349056,15.960780903697014,specimen_1__2025_03_06-17_04_37__Clip_3__end,valid,0.004865389317274094,0.014592340216040611,0.17990247905254364,0.08753076940774918,0.6194690265486725,375
EGBM-v3-CARE-S,specimen_1,2025_03_06-17_04_37,valid,,specimen_1__2025_03_06-17_04_37__Clip_4__start,0.276536312849162,2.40625,4.649564743041992,0.0,,2.245258331298828,2.240497589111328,2.2444469928741455,2.24483323097229,0.9581419229507446,0.5693215339233039,-0.742072343826294,23.762376237623762,33.75,0.0,0.0,0.0,0.0,1741277161_742160797,0.7122905027932961,2.2649967670440674,2.999019145965576,1.849874496459961,0.9479668736457825,0.9633017778396606,1.8079458475112915,,0.9546666666666667,0.38823529411764707,0.0111731843575419,98.26589595375722,22.71186440677966,0.37168141592920356,53.86666666666666,21.333333333333336,9.066666666666666,2.265749931335449,4.364389896392822,86.4,32.0,11.200000000000001,3.007822275161743,4.419189929962158,-0.327517319349056,15.89838694781065,specimen_1__2025_03_06-17_04_37__Clip_4__start,valid,0.004865389317274094,0.014592340216040611,0.17990247905254364,0.08753076940774918,0.6194690265486725,375
EGBM-v3-CARE-S,specimen_1,2025_03_06-17_04_37,valid,,specimen_1__2025_03_06-17_04_37__Clip_4__end,0.3439024390243902,11.897321701049805,11.242490768432617,0.0,,2.245319366455078,2.240274429321289,2.2444024085998535,2.244938373565674,0.8452122807502747,0.609254498714653,-0.42698025703430176,23.200000000000003,32.25806451612903,0.0,0.0,0.0,0.0,1741277171_752430915,0.6365853658536585,2.2253429889678955,2.689263105392456,1.9438176155090332,0.9551054835319519,0.96668940782547,1.7431331872940063,,0.9669811320754716,0.5402298850574713,0.01951219512195122,97.70114942528735,20.0,0.31876606683804626,58.9622641509434,29.245283018867923,12.735849056603774,2.544700860977173,4.354694366455078,85.37735849056604,33.9622641509434,12.5,2.9716811180114746,4.24115514755249,-0.16779192540153426,15.914311166852713,specimen_1__2025_03_06-17_04_37__Clip_4__end,valid,0.004929970484226942,0.0197149571031332,0.20688508450984955,0.10347229242324829,0.6735218508997429,424
EGBM-v3-CARE-S,specimen_1,2025_03_06-17_04_37,valid,,specimen_1__2025_03_06-17_04_37__Clip_5__start,0.3439024390243902,11.897321701049805,11.242490768432617,0.0,,2.245319366455078,2.240274429321289,2.2444024085998535,2.244938373565674,0.8452122807502747,0.609254498714653,-0.42698025703430176,23.200000000000003,32.25806451612903,0.0,0.0,0.0,0.0,1741277171_752430915,0.6365853658536585,2.2253429889678955,2.689263105392456,1.9438176155090332,0.9551054835319519,0.96668940782547,1.7431331872940063,,0.9669811320754716,0.5402298850574713,0.01951219512195122,97.70114942528735,20.0,0.31876606683804626,58.9622641509434,29.245283018867923,12.735849056603774,2.544700860977173,4.354694366455078,85.37735849056604,33.9622641509434,12.5,2.9716811180114746,4.24115514755249,-0.16779192540153426,15.84695978090167,specimen_1__2025_03_06-17_04_37__Clip_5__start,valid,0.004929970484226942,0.0197149571031332,0.20688508450984955,0.10347229242324829,0.6735218508997429,424
EGBM-v3-CARE-S,specimen_1,2025_03_06-17_51_03,valid,direct_polaris,specimen_1__2025_03_06-17_51_03__Clip_1__end,0.16074766355140188,2.6078124046325684,4.047619819641113,0.0,,2.245361328125,2.2410964965820312,2.2445273399353027,2.2449920177459717,1.4649038314819336,0.3241106719367589,-1.3768019676208496,18.69158878504673,33.33333333333333,0.0,0.0,0.0,0.0,1741279879_525370836,0.8280373831775701,1.393387794494629,2.7652382850646973,1.7117977142333984,0.9629384279251099,0.9771766066551208,2.038496971130371,,0.9744990892531876,0.19413092550790068,0.011214953271028037,92.98245614035088,43.958333333333336,0.21936758893280633,58.46994535519126,12.568306010928962,0.36429872495446264,1.481870412826538,1.8881560564041138,86.15664845173042,46.81238615664845,8.014571948998178,2.8586723804473877,3.247905731201172,-0.9290974134470505,15.97072510048747,specimen_1__2025_03_06-17_51_03__Clip_1__end,valid,0.002485648961737752,0.012427007779479027,0.13416889309883118,0.06709176301956177,0.7727272727272727,549
EGBM-v3-CARE-S,specimen_1,2025_03_06-17_51_03,valid,direct_polaris,specimen_1__2025_03_06-17_51_03__Clip_2__start,0.16074766355140188,2.6078124046325684,4.047619819641113,0.0,,2.245361328125,2.2410964965820312,2.2445273399353027,2.2449920177459717,1.4649038314819336,0.3241106719367589,-1.3768019676208496,18.69158878504673,33.33333333333333,0.0,0.0,0.0,0.0,1741279879_525370836,0.8280373831775701,1.393387794494629,2.7652382850646973,1.7117977142333984,0.9629384279251099,0.9771766066551208,2.038496971130371,,0.9744990892531876,0.19413092550790068,0.011214953271028037,92.98245614035088,43.958333333333336,0.21936758893280633,58.46994535519126,12.568306010928962,0.36429872495446264,1.481870412826538,1.8881560564041138,86.15664845173042,46.81238615664845,8.014571948998178,2.8586723804473877,3.247905731201172,-0.9290974134470505,15.901170670986176,specimen_1__2025_03_06-17_51_03__Clip_2__start,valid,0.002485648961737752,0.012427007779479027,0.13416889309883118,0.06709176301956177,0.7727272727272727,549
EGBM-v3-CARE-S,specimen_1,2025_03_06-17_51_03,valid,direct_polaris,specimen_1__2025_03_06-17_51_03__Clip_2__end,0.27941176470588236,2.6931817531585693,4.254907131195068,0.0,,2.2452659606933594,2.2416458129882812,2.2446157932281494,2.244976043701172,1.3955581188201904,0.5557692307692308,-0.7844811677932739,32.11009174311927,41.86046511627907,0.0,0.0,0.0,0.0,1741279888_274587154,0.6856617647058824,1.548809289932251,2.283679246902466,1.6832261085510254,0.9861470460891724,0.9822462201118469,1.84235417842865,,0.9890909090909091,0.4075067024128686,0.034926470588235295,98.65470852017937,27.586206896551722,0.3942307692307692,59.45454545454546,15.636363636363637,2.181818181818182,1.6174715757369995,2.0932915210723877,80.36363636363636,32.36363636363636,7.090909090909091,2.4019527435302734,2.8618922233581543,-0.48500460815568014,15.898086130619049,specimen_1__2025_03_06-17_51_03__Clip_2__end,valid,0.0032652360387146473,0.01632428914308548,0.17951540648937225,0.08813902735710144,0.6,550
EGBM-v3-CARE-S,specimen_1,2025_03_06-17_51_03,valid,direct_polaris,specimen_1__2025_03_06-17_51_03__Clip_3__start,0.27941176470588236,2.6931817531585693,4.254907131195068,0.0,,2.2452659606933594,2.2416458129882812,2.2446157932281494,2.244976043701172,1.3955581188201904,0.5557692307692308,-0.7844811677932739,32.11009174311927,41.86046511627907,0.0,0.0,0.0,0.0,1741279888_274587154,0.6856617647058824,1.548809289932251,2.283679246902466,1.6832261085510254,0.9861470460891724,0.9822462201118469,1.84235417842865,,0.9890909090909091,0.4075067024128686,0.034926470588235295,98.65470852017937,27.586206896551722,0.3942307692307692,59.45454545454546,15.636363636363637,2.181818181818182,1.6174715757369995,2.0932915210723877,80.36363636363636,32.36363636363636,7.090909090909091,2.4019527435302734,2.8618922233581543,-0.48500460815568014,15.841893386095762,specimen_1__2025_03_06-17_51_03__Clip_3__start,valid,0.0032652360387146473,0.01632428914308548,0.17951540648937225,0.08813902735710144,0.6,550
EGBM-v3-CARE-S,specimen_1,2025_03_06-17_51_03,valid,direct_polaris,specimen_1__2025_03_06-17_51_03__Clip_3__end,0.4064,1.9013158082962036,2.9940028190612793,0.0,,2.2452850341796875,2.2328643798828125,2.244429111480713,2.24487566947937,0.9631258249282837,0.5671140939597316,-0.35652661323547363,27.9826464208243,40.140845070422536,0.0,0.0,0.0,0.0,1741279896_845916986,0.5792,2.154759645462036,2.489767551422119,1.765884518623352,0.9059764742851257,0.945449709892273,1.898154377937317,,0.9342301943198804,0.7016574585635359,0.0144,82.21153846153845,31.87855787476281,0.27181208053691275,68.90881913303438,21.225710014947683,9.566517189835576,2.147561550140381,3.0085701942443848,75.18684603886398,37.81763826606876,6.278026905829597,2.5040881633758545,3.0886876583099365,-0.16601461933054648,15.901331789791584,specimen_1__2025_03_06-17_51_03__Clip_3__end,valid,0.0032648530323058367,0.019587548449635506,0.21527040004730225,0.1076899990439415,0.7181208053691275,669
EGBM-v3-CARE-S,specimen_1,2025_03_06-17_51_03,valid,direct_polaris,specimen_1__2025_03_06-17_51_03__Clip_4__start,0.4064,1.9013158082962036,2.9940028190612793,0.0,,2.2452850341796875,2.2328643798828125,2.244429111480713,2.24487566947937,0.9631258249282837,0.5671140939597316,-0.35652661323547363,27.9826464208243,40.140845070422536,0.0,0.0,0.0,0.0,1741279896_845916986,0.5792,2.154759645462036,2.489767551422119,1.765884518623352,0.9059764742851257,0.945449709892273,1.898154377937317,,0.9342301943198804,0.7016574585635359,0.0144,82.21153846153845,31.87855787476281,0.27181208053691275,68.90881913303438,21.225710014947683,9.566517189835576,2.147561550140381,3.0085701942443848,75.18684603886398,37.81763826606876,6.278026905829597,2.5040881633758545,3.0886876583099365,-0.16601461933054648,15.913679730147123,specimen_1__2025_03_06-17_51_03__Clip_4__start,valid,0.0032648530323058367,0.019587548449635506,0.21527040004730225,0.1076899990439415,0.7181208053691275,669
EGBM-v3-CARE-S,specimen_1,2025_03_06-17_51_03,valid,direct_polaris,specimen_1__2025_03_06-17_51_03__Clip_4__end,0.38045375218150085,2.003472328186035,3.0621633529663086,0.0,,2.2452011108398438,2.210205078125,2.2443904876708984,2.24499249458313,0.7369529604911804,0.5242369838420108,-0.3170204162597656,14.931237721021612,23.178807947019866,0.0,0.0,0.0,0.0,1741279907_282327890,0.6038394415357766,2.5053601264953613,2.8038387298583984,1.8348487615585327,0.7308931946754456,0.8570516109466553,1.8331897258758545,,0.7764227642276422,0.630057803468208,0.015706806282722512,68.12227074235808,31.3458262350937,0.21005385996409337,68.97018970189703,20.460704607046072,14.634146341463413,2.49311900138855,3.8802406787872314,79.81029810298102,40.65040650406504,6.910569105691057,2.8101394176483154,3.7367308139801025,-0.12715815654335,15.868583228439093,specimen_1__2025_03_06-17_51_03__Clip_4__end,valid,0.0035368206445127726,0.02475603111088276,0.2578306496143341,0.12725090980529785,0.7827648114901257,738
EGBM-v3-CARE-S,specimen_1,2025_03_06-17_51_03,valid,direct_polaris,specimen_1__2025_03_06-17_51_03__Clip_5__start,0.38045375218150085,2.003472328186035,3.0621633529663086,0.0,,2.2452011108398438,2.210205078125,2.2443904876708984,2.24499249458313,0.7369529604911804,0.5242369838420108,-0.3170204162597656,14.931237721021612,23.178807947019866,0.0,0.0,0.0,0.0,1741279907_282327890,0.6038394415357766,2.5053601264953613,2.8038387298583984,1.8348487615585327,0.7308931946754456,0.8570516109466553,1.8331897258758545,,0.7764227642276422,0.630057803468208,0.015706806282722512,68.12227074235808,31.3458262350937,0.21005385996409337,68.97018970189703,20.460704607046072,14.634146341463413,2.49311900138855,3.8802406787872314,79.81029810298102,40.65040650406504,6.910569105691057,2.8101394176483154,3.7367308139801025,-0.12715815654335,15.84215322509408,specimen_1__2025_03_06-17_51_03__Clip_5__start,valid,0.0035368206445127726,0.02475603111088276,0.2578306496143341,0.12725090980529785,0.7827648114901257,738
EGBM-v3-CARE-S,specimen_1,2025_03_06-17_51_03,valid,direct_polaris,specimen_1__2025_03_06-17_51_03__Clip_5__end,0.5423452768729642,2.3705356121063232,3.2903218269348145,0.0,,2.245464324951172,2.1976776123046875,2.2444422245025635,2.24509859085083,0.5282150506973267,0.6783333333333333,0.22907280921936035,16.457960644007155,34.03508771929825,0.0,0.0,0.0,0.0,1741279919_146309852,0.44625407166123776,3.2920844554901123,3.0318007469177246,1.9279781579971313,0.7153081297874451,0.8437398672103882,1.679398775100708,,0.7732997481108312,1.2153284671532847,0.011400651465798045,54.04255319148936,19.44990176817289,0.19333333333333333,70.40302267002518,35.894206549118394,20.780856423173805,3.2677109241485596,5.187773704528809,74.81108312342569,36.14609571788413,11.460957178841308,3.038638114929199,4.562459468841553,0.07010191982604702,15.892537776380777,specimen_1__2025_03_06-17_51_03__Clip_5__end,valid,0.0048726690001785755,0.03410482406616211,0.3837261199951172,0.18982814252376556,0.8,794
EGBM-v3-CARE-S,specimen_1,2025_03_06-17_39_51,valid,,specimen_1__2025_03_06-17_39_51__Clip_1__start,0.24934152765583845,2.95849609375,3.5806145668029785,0.0,,2.245922088623047,0.5179462432861328,2.244065999984741,2.244882106781006,1.164590835571289,0.5457063711911357,-0.4777747392654419,10.164835164835164,6.885245901639345,0.0,0.0,0.0,0.0,1741279197_390876054,0.723441615452151,1.8817163705825806,2.3551418781280518,1.241755723953247,0.49045997858047485,0.696243405342102,1.697492003440857,,0.5205667276051188,0.3446601941747573,0.027216856892010536,69.67213114754098,13.436006372809347,0.4053554939981533,66.54478976234005,13.939670932358316,4.341864716636198,1.9132126569747925,2.8700780868530273,83.08957952468006,24.542961608775137,5.4387568555758685,2.3909873962402344,3.0798449516296387,-0.24972380227763505,15.894751995801926,specimen_1__2025_03_06-17_39_51__Clip_1__start,valid,0.0032064018305391073,0.03366031497716904,0.3492017388343811,0.174656942486763,0.5835641735918744,2188
EGBM-v3-CARE-S,specimen_1,2025_03_06-17_39_51,valid,,specimen_1__2025_03_06-17_39_51__Clip_1__end,0.24050632911392406,4.13205623626709,4.751462936401367,0.0,,2.2458534240722656,1.463235855102539,2.2441749572753906,2.2450027465820312,1.1500847339630127,0.5313404050144648,-0.49064934253692627,11.96513470681458,11.858974358974358,0.0,0.0,0.0,0.0,1741279208_726855754,0.7350813743218807,1.781760334968567,2.2704038619995117,1.4618281126022339,0.5163466334342957,0.7177648544311523,1.6977179050445557,,0.5472538347352796,0.32718327183271834,0.024412296564195298,67.3254281949934,14.628437682855472,0.3780135004821601,62.444334487877285,15.437902028698664,5.244928253339931,1.817811369895935,2.858562469482422,80.25729836714498,25.97723899059871,5.442850074220683,2.3084607124328613,3.0487308502197266,-0.26991213206297343,15.907600056380033,specimen_1__2025_03_06-17_39_51__Clip_1__end,valid,0.0032494168262928724,0.03248868137598038,0.3279372751712799,0.16402828693389893,0.6171648987463838,2021
EGBM-v3-CARE-S,specimen_1,2025_03_06-17_39_51,valid,,specimen_1__2025_03_06-17_39_51__Clip_2__start,0.24050632911392406,4.13205623626709,4.751462936401367,0.0,,2.2458534240722656,1.463235855102539,2.2441749572753906,2.2450027465820312,1.1500847339630127,0.5313404050144648,-0.49064934253692627,11.96513470681458,11.858974358974358,0.0,0.0,0.0,0.0,1741279208_726855754,0.7350813743218807,1.781760334968567,2.2704038619995117,1.4618281126022339,0.5163466334342957,0.7177648544311523,1.6977179050445557,,0.5472538347352796,0.32718327183271834,0.024412296564195298,67.3254281949934,14.628437682855472,0.3780135004821601,62.444334487877285,15.437902028698664,5.244928253339931,1.817811369895935,2.858562469482422,80.25729836714498,25.97723899059871,5.442850074220683,2.3084607124328613,3.0487308502197266,-0.26991213206297343,15.853609889745712,specimen_1__2025_03_06-17_39_51__Clip_2__start,valid,0.0032494168262928724,0.03248868137598038,0.3279372751712799,0.16402828693389893,0.6171648987463838,2021
EGBM-v3-CARE-S,specimen_1,2025_03_06-17_39_51,valid,,specimen_1__2025_03_06-17_39_51__Clip_2__end,0.3500432152117545,2.9171130657196045,3.151564359664917,0.0,,2.245868682861328,1.4565162658691406,2.244155168533325,2.245090961456299,0.9715074300765991,0.6521335807050093,-0.29819822311401367,16.864111498257838,12.376237623762377,0.0,0.0,0.0,0.0,1741279216_465456247,0.6153846153846154,2.0400986671447754,2.3416218757629395,1.3421090841293335,0.5185307860374451,0.7210448980331421,1.6514472961425781,,0.5462700661000944,0.5688202247191011,0.03457216940363008,61.34699853587116,12.36872812135356,0.4424860853432282,67.75259678942398,19.07459867799811,7.0349386213408875,2.0835766792297363,3.2599668502807617,76.109537299339,26.7233238904627,7.507082152974505,2.38177490234375,3.2525200843811035,-0.1431184299990594,15.887171030044556,specimen_1__2025_03_06-17_39_51__Clip_2__end,valid,0.0038116201758384705,0.04001501202583313,0.40175244212150574,0.20000457763671875,0.5500927643784786,2118
EGBM-v3-CARE-S,specimen_1,2025_03_06-17_39_51,valid,,specimen_1__2025_03_06-17_39_51__Clip_3__start,0.3500432152117545,2.9171130657196045,3.151564359664917,0.0,,2.245868682861328,1.4565162658691406,2.244155168533325,2.245090961456299,0.9715074300765991,0.6521335807050093,-0.29819822311401367,16.864111498257838,12.376237623762377,0.0,0.0,0.0,0.0,1741279216_465456247,0.6153846153846154,2.0400986671447754,2.3416218757629395,1.3421090841293335,0.5185307860374451,0.7210448980331421,1.6514472961425781,,0.5462700661000944,0.5688202247191011,0.03457216940363008,61.34699853587116,12.36872812135356,0.4424860853432282,67.75259678942398,19.07459867799811,7.0349386213408875,2.0835766792297363,3.2599668502807617,76.109537299339,26.7233238904627,7.507082152974505,2.38177490234375,3.2525200843811035,-0.1431184299990594,15.841893386095762,specimen_1__2025_03_06-17_39_51__Clip_3__start,valid,0.0038116201758384705,0.04001501202583313,0.40175244212150574,0.20000457763671875,0.5500927643784786,2118
EGBM-v3-CARE-S,specimen_1,2025_03_06-17_39_51,usable_with_warning,,specimen_1__2025_03_06-17_39_51__Clip_3__end,0.32646834477498093,3.328004837036133,3.2301480770111084,0.0,,2.245941162109375,1.6426515579223633,2.2441368103027344,2.245103597640991,0.7430189251899719,0.5336538461538461,-0.3370497226715088,10.910307898259704,10.707456978967496,0.0,0.0,0.0,0.0,1741279225_393536329,0.6575133485888635,2.3337457180023193,2.696378231048584,1.6783744096755981,0.5291909575462341,0.719843327999115,1.747187852859497,,0.5602564102564103,0.4965197215777262,0.016018306636155607,57.68321513002365,16.345624656026416,0.28846153846153844,63.84615384615384,22.350427350427353,12.222222222222221,2.3889822959899902,3.799898147583008,77.73504273504274,32.64957264957265,11.068376068376068,2.726032018661499,3.6894679069519043,-0.14108506506610002,15.883584972470999,specimen_1__2025_03_06-17_39_51__Clip_3__end,usable_with_warning,0.002975892275571823,0.03421667963266373,0.34786126017570496,0.17399631440639496,0.7083333333333334,2340
EGBM-v3-CARE-S,specimen_1,2025_03_06-17_39_51,usable_with_warning,,specimen_1__2025_03_06-17_39_51__Clip_4__start,0.32646834477498093,3.328004837036133,3.2301480770111084,0.0,,2.245941162109375,1.6426515579223633,2.2441368103027344,2.245103597640991,0.7430189251899719,0.5336538461538461,-0.3370497226715088,10.910307898259704,10.707456978967496,0.0,0.0,0.0,0.0,1741279225_393536329,0.6575133485888635,2.3337457180023193,2.696378231048584,1.6783744096755981,0.5291909575462341,0.719843327999115,1.747187852859497,,0.5602564102564103,0.4965197215777262,0.016018306636155607,57.68321513002365,16.345624656026416,0.28846153846153844,63.84615384615384,22.350427350427353,12.222222222222221,2.3889822959899902,3.799898147583008,77.73504273504274,32.64957264957265,11.068376068376068,2.726032018661499,3.6894679069519043,-0.14108506506610002,15.908513218164444,specimen_1__2025_03_06-17_39_51__Clip_4__start,usable_with_warning,0.002975892275571823,0.03421667963266373,0.34786126017570496,0.17399631440639496,0.7083333333333334,2340
EGBM-v3-CARE-S,specimen_1,2025_03_06-17_38_21,valid,,specimen_1__2025_03_06-17_38_21__Clip_1__start,0.3490566037735849,3.9454195499420166,4.126941204071045,0.0,,2.2460479736328125,0.108123779296875,2.243972063064575,2.2453858852386475,0.5578995943069458,0.5491433724075744,-0.2992691993713379,12.612612612612612,3.869047619047619,0.0,0.0,0.0,0.0,1741279107_899443149,0.6312178387650086,2.766857862472534,3.069937229156494,1.4641329050064087,0.4685072600841522,0.6661862730979919,1.7589739561080933,,0.5006440532417347,0.5529891304347826,0.01972555746140652,62.951807228915655,13.54741595584546,0.33543733092876465,71.48990983254616,14.426792614856163,7.642765135251181,2.8037986755371094,5.766839504241943,80.42078145126665,25.461571489909833,8.458565908115071,3.1030678749084473,5.478324890136719,-0.10673704998238093,15.890275128185749,specimen_1__2025_03_06-17_38_21__Clip_1__start,valid,0.0034645183477550745,0.03983327001333237,0.4014874994754791,0.20082415640354156,0.6492335437330928,2329
EGBM-v3-CARE-S,specimen_1,2025_03_06-17_38_21,usable_with_warning,,specimen_1__2025_03_06-17_38_21__Clip_1__end,0.7167985927880387,3.3125,2.879737138748169,0.0,,2.245929718017578,0.64703369140625,2.244405508041382,2.2449557781219482,0.6027998328208923,0.8290293855743545,0.4766879081726074,27.350427350427353,57.85536159600998,0.0,0.0,0.0,0.0,1741279119_003957033,0.2620932277924362,2.4970617294311523,2.01811146736145,1.7806298732757568,0.4932785630226135,0.7077475190162659,1.410172462463379,,0.5254158964879853,2.7348993288590604,0.021108179419525065,30.60836501901141,3.9137833238797506,0.3178984861976848,75.6931608133087,18.530499075785585,7.43992606284658,2.5370047092437744,4.288360118865967,62.430683918669125,10.998151571164511,5.360443622920517,2.060316801071167,3.7475011348724365,0.18789397845252626,15.938036143779755,specimen_1__2025_03_06-17_38_21__Clip_1__end,usable_with_warning,0.010638153180480003,0.11167703568935394,0.9300311207771301,0.5705484747886658,0.6562778272484416,2164
EGBM-v3-CARE-S,specimen_1,2025_03_06-17_38_21,usable_with_warning,,specimen_1__2025_03_06-17_38_21__Clip_2__start,0.7167985927880387,3.3125,2.879737138748169,0.0,,2.245929718017578,0.64703369140625,2.244405508041382,2.2449557781219482,0.6027998328208923,0.8290293855743545,0.4766879081726074,27.350427350427353,57.85536159600998,0.0,0.0,0.0,0.0,1741279119_003957033,0.2620932277924362,2.4970617294311523,2.01811146736145,1.7806298732757568,0.4932785630226135,0.7077475190162659,1.410172462463379,,0.5254158964879853,2.7348993288590604,0.021108179419525065,30.60836501901141,3.9137833238797506,0.3178984861976848,75.6931608133087,18.530499075785585,7.43992606284658,2.5370047092437744,4.288360118865967,62.430683918669125,10.998151571164511,5.360443622920517,2.060316801071167,3.7475011348724365,0.18789397845252626,16.511321999132633,specimen_1__2025_03_06-17_38_21__Clip_2__start,usable_with_warning,0.010638153180480003,0.11167703568935394,0.9300311207771301,0.5705484747886658,0.6562778272484416,2164
EGBM-v3-CARE-S,specimen_1,2025_03_06-17_38_21,usable_with_warning,,specimen_1__2025_03_06-17_38_21__Clip_2__end,0.3672032193158954,5.65625,5.509504795074463,0.0,,2.245952606201172,0.011951446533203125,2.244096279144287,2.24491024017334,0.9064890742301941,0.5500526870389885,-0.28452205657958984,13.927227101631118,16.666666666666664,0.0,0.0,0.0,0.0,1741279127_773593664,0.6177062374245473,2.1734793186187744,2.4685051441192627,1.3883624076843262,0.4259481132030487,0.6897478103637695,1.8216711282730103,,0.4634032634032634,0.5944625407166124,0.015090543259557344,68.42105263157895,11.579539066891511,0.3150684931506849,74.31235431235432,17.062937062937063,6.247086247086247,2.256286382675171,3.4844768047332764,81.53846153846153,23.822843822843822,6.853146853146853,2.5408084392547607,3.5222842693328857,-0.1261019251653,15.902283135801554,specimen_1__2025_03_06-17_38_21__Clip_2__end,usable_with_warning,0.00400983402505517,0.042094551026821136,0.4286336600780487,0.21441034972667694,0.6743940990516333,2145
EGBM-v3-CARE-S,specimen_1,2025_03_06-17_38_21,usable_with_warning,,specimen_1__2025_03_06-17_38_21__Clip_3__start,0.3672032193158954,5.65625,5.509504795074463,0.0,,2.245952606201172,0.011951446533203125,2.244096279144287,2.24491024017334,0.9064890742301941,0.5500526870389885,-0.28452205657958984,13.927227101631118,16.666666666666664,0.0,0.0,0.0,0.0,1741279127_773593664,0.6177062374245473,2.1734793186187744,2.4685051441192627,1.3883624076843262,0.4259481132030487,0.6897478103637695,1.8216711282730103,,0.4634032634032634,0.5944625407166124,0.015090543259557344,68.42105263157895,11.579539066891511,0.3150684931506849,74.31235431235432,17.062937062937063,6.247086247086247,2.256286382675171,3.4844768047332764,81.53846153846153,23.822843822843822,6.853146853146853,2.5408084392547607,3.5222842693328857,-0.1261019251653,15.922393184155226,specimen_1__2025_03_06-17_38_21__Clip_3__start,usable_with_warning,0.00400983402505517,0.042094551026821136,0.4286336600780487,0.21441034972667694,0.6743940990516333,2145
EGBM-v3-CARE-S,specimen_1,2025_03_06-17_38_21,valid,,specimen_1__2025_03_06-17_38_21__Clip_3__end,0.3533210332103321,4.9375,4.938432693481445,0.0,,2.245861053466797,0.07985305786132812,2.2441182136535645,2.2448766231536865,0.9123596549034119,0.5467980295566502,-0.29683494567871094,10.69182389937107,22.79202279202279,0.0,0.0,0.0,0.0,1741279136_944712162,0.6263837638376384,1.9897211790084839,2.2985823154449463,1.393134593963623,0.44225752353668213,0.7100716829299927,1.7508701086044312,,0.49227974568574023,0.5640648011782032,0.02029520295202952,63.56209150326797,13.398163155051323,0.2788177339901478,72.20708446866485,15.940054495912806,5.767484105358765,2.1048479080200195,3.2303595542907715,82.1525885558583,23.56948228882834,4.768392370572207,2.4016828536987305,3.254080295562744,-0.14102441537352525,15.882723964750767,specimen_1__2025_03_06-17_38_21__Clip_3__end,valid,0.0037702121771872044,0.041464243084192276,0.41430720686912537,0.2072470337152481,0.7142857142857143,2202
EGBM-v3-CARE-S,specimen_1,2025_03_06-17_38_21,valid,,specimen_1__2025_03_06-17_38_21__Clip_4__start,0.3533210332103321,4.9375,4.938432693481445,0.0,,2.245861053466797,0.07985305786132812,2.2441182136535645,2.2448766231536865,0.9123596549034119,0.5467980295566502,-0.29683494567871094,10.69182389937107,22.79202279202279,0.0,0.0,0.0,0.0,1741279136_944712162,0.6263837638376384,1.9897211790084839,2.2985823154449463,1.393134593963623,0.44225752353668213,0.7100716829299927,1.7508701086044312,,0.49227974568574023,0.5640648011782032,0.02029520295202952,63.56209150326797,13.398163155051323,0.2788177339901478,72.20708446866485,15.940054495912806,5.767484105358765,2.1048479080200195,3.2303595542907715,82.1525885558583,23.56948228882834,4.768392370572207,2.4016828536987305,3.254080295562744,-0.14102441537352525,15.923615079373121,specimen_1__2025_03_06-17_38_21__Clip_4__start,valid,0.0037702121771872044,0.041464243084192276,0.41430720686912537,0.2072470337152481,0.7142857142857143,2202
EGBM-v3-CARE-S,specimen_1,2025_03_06-17_38_21,valid,,specimen_1__2025_03_06-17_38_21__Clip_4__end,0.30849056603773584,4.530481338500977,4.478506565093994,0.0,,2.2457809448242188,0.040673255920410156,2.2436230182647705,2.2446908950805664,1.0730020999908447,0.5484189723320159,-0.3421783447265625,10.957004160887656,26.229508196721312,0.0,0.0,0.0,0.0,1741279148_278485298,0.6726415094339623,1.7693978548049927,2.1228270530700684,1.3676337003707886,0.4406116306781769,0.6865657567977905,1.6832517385482788,,0.4822565969062784,0.4586255259467041,0.018867924528301886,61.772486772486765,11.251980982567353,0.3438735177865613,65.60509554140127,13.876251137397636,3.912647861692448,1.846024751663208,2.834092140197754,79.66333030027297,19.92720655141037,3.4576888080072794,2.1882030963897705,2.9469830989837646,-0.18535956488030347,15.935102012008429,specimen_1__2025_03_06-17_38_21__Clip_4__end,valid,0.0037344491574913263,0.03920413926243782,0.40844854712486267,0.20340359210968018,0.650197628458498,2198
EGBM-v3-CARE-S,specimen_1,2025_03_06-17_38_21,valid,,specimen_1__2025_03_06-17_38_21__Clip_5__start,0.30849056603773584,4.530481338500977,4.478506565093994,0.0,,2.2457809448242188,0.040673255920410156,2.2436230182647705,2.2446908950805664,1.0730020999908447,0.5484189723320159,-0.3421783447265625,10.957004160887656,26.229508196721312,0.0,0.0,0.0,0.0,1741279148_278485298,0.6726415094339623,1.7693978548049927,2.1228270530700684,1.3676337003707886,0.4406116306781769,0.6865657567977905,1.6832517385482788,,0.4822565969062784,0.4586255259467041,0.018867924528301886,61.772486772486765,11.251980982567353,0.3438735177865613,65.60509554140127,13.876251137397636,3.912647861692448,1.846024751663208,2.834092140197754,79.66333030027297,19.92720655141037,3.4576888080072794,2.1882030963897705,2.9469830989837646,-0.18535956488030347,15.949944034218788,specimen_1__2025_03_06-17_38_21__Clip_5__start,valid,0.0037344491574913263,0.03920413926243782,0.40844854712486267,0.20340359210968018,0.650197628458498,2198
EGBM-v3-CARE-S,specimen_2,2025_04_10-16_07_15,valid,direct_ps,specimen_2__2025_04_10-16_07_15__Clip_1__start,0.5470297029702971,,,0.0,,2.244291305541992,7.62939453125e-05,2.1965079307556152,2.236755609512329,1.1935162544250488,0.5945273631840796,-0.07235348224639893,11.746758199847445,0.0,0.0,0.0,0.0,0.0,1744294061_039222002,0.43564356435643564,1.1747450828552246,1.2470985651016235,0.6727517247200012,0.1373113989830017,0.5866729021072388,1.6645259857177734,,0.2072857875833761,1.2556818181818181,0.017326732673267328,14.420062695924765,2.8219599794766546,0.2935323383084577,67.26526423807081,0.0,0.0,1.1747450828552246,1.2934772968292236,64.08414571575167,2.8219599794766546,0.0513083632632119,1.2470985651016235,1.4507355690002441,-0.061590793868694794,15.875473152846098,specimen_2__2025_04_10-16_07_15__Clip_1__start,valid,0.007605781313031912,0.1442601978778839,0.9969043731689453,0.7228125929832458,0.6965174129353234,1949
EGBM-v3-CARE-S,specimen_2,2025_04_10-16_07_15,valid,direct_ps,specimen_2__2025_04_10-16_07_15__Clip_1__end,0.9730769230769231,,,0.0,,2.2422008514404297,0.0,2.163425922393799,2.221565008163452,0.7151528596878052,0.9730769230769231,0.298711895942688,17.566137566137566,20.0,0.0,0.0,0.0,0.0,1744294083_538976430,0.026923076923076925,1.6120314598083496,1.3133195638656616,1.1525694131851196,0.17148874700069427,0.48321133852005005,1.4830055236816406,,0.27455121436114044,36.142857142857146,0.0,0.0,0.10672358591248667,0.26153846153846155,99.78880675818374,1.0559662090813093,0.0,1.6120314598083496,1.6752078533172607,82.259767687434,0.9503695881731784,0.31678986272439286,1.3133195638656616,1.4485503435134888,0.18530153001989247,15.861132182180882,specimen_2__2025_04_10-16_07_15__Clip_1__end,valid,0.21542422473430634,0.9996646642684937,1.0,1.0,0.7,947
EGBM-v3-CARE-S,specimen_2,2025_04_10-16_18_24,valid,direct_ps,specimen_2__2025_04_10-16_18_24__Clip_1__start,0.0,,,0.0,,1.4776725769042969,0.00022029876708984375,0.841380774974823,1.3504139184951782,18.914209365844727,nan,-0.14144378900527954,0.0,0.0,0.0,0.0,0.0,0.0,1744294710_339358568,1.0,0.510937511920929,0.6523813009262085,0.0,0.08916275948286057,0.5883848071098328,1.3214225769042969,,0.1,0.0,0.0,11.11111111111111,0.0,nan,10.0,0.0,0.0,0.510937511920929,0.6121531128883362,20.0,0.0,0.0,0.6523813009262085,0.7591131925582886,-0.27683187416305605,15.933298971503973,specimen_2__2025_04_10-16_18_24__Clip_1__start,valid,0.9341540336608887,0.9341540336608887,0.9341540336608887,0.9341540336608887,nan,10
EGBM-v3-CARE-S,specimen_2,2025_04_10-16_18_24,valid,direct_ps,specimen_2__2025_04_10-16_18_24__Clip_1__end,0.25,,,0.0,,2.2392044067382812,0.0046062469482421875,2.138631582260132,2.219089984893799,2.0920403003692627,0.25,-0.19035273790359497,50.0,0.0,0.0,0.0,0.0,0.0,1744294729_138015747,0.75,0.74609375,0.936446487903595,1.349905014038086,0.218655064702034,0.647347629070282,1.199567198753357,,0.3333333333333333,0.3333333333333333,0.0,20.0,0.0,0.25,16.666666666666664,0.0,0.0,0.74609375,0.8518491387367249,25.0,0.0,0.0,0.936446487903595,1.083306908607483,-0.25513246546241003,15.925096813589334,specimen_2__2025_04_10-16_18_24__Clip_1__end,valid,0.6160842776298523,0.6160842776298523,0.6160842776298523,0.6160842776298523,0.75,12
EGBM-v3-CARE-S,specimen_2,2025_04_10-16_13_29,valid,direct_ps,specimen_2__2025_04_10-16_13_29__Clip_1__start,0.6666666666666666,24.75,22.504531860351562,0.0,,2.2455825805664062,2.2444190979003906,2.2455692291259766,2.245579957962036,0.1501673310995102,0.6666666666666666,0.6713409423828125,0.0,0.0,0.0,0.0,0.0,0.0,1744294416_840066432,0.3333333333333333,12.362500190734863,12.005985260009766,2.1283626556396484,1.0,0.9963970184326172,2.242704391479492,,1.0,2.0,0.0,0.0,0.0,0.0,100.0,100.0,100.0,14.427083015441895,16.446943283081055,100.0,100.0,100.0,13.755742073059082,15.097443580627441,0.0465333804251524,15.826799906790257,specimen_2__2025_04_10-16_13_29__Clip_1__start,valid,0.5001484155654907,0.5001484155654907,0.5001484155654907,0.5001484155654907,1.0,6
EGBM-v3-CARE-S,specimen_2,2025_04_10-16_13_29,valid,direct_ps,specimen_2__2025_04_10-16_13_29__Clip_1__end,0.4943820224719101,,,0.0,,2.2436065673828125,2.237823486328125,2.242743730545044,2.2435529232025146,0.704931914806366,0.7439024390243902,0.09875917434692383,25.396825396825395,40.476190476190474,0.0,0.0,0.0,0.0,1744294440_072760820,0.4943820224719101,3.1566011905670166,3.0578420162200928,1.9404957294464111,0.9999911785125732,0.990406334400177,1.7409709692001343,,1.0,1.0,0.011235955056179775,100.0,4.25531914893617,0.32926829268292684,70.78651685393258,47.19101123595505,28.08988764044944,3.1566011905670166,4.066948890686035,82.02247191011236,30.337078651685395,14.606741573033707,3.0578420162200928,4.119665145874023,0.031286554234994705,15.865649096667767,specimen_2__2025_04_10-16_13_29__Clip_1__end,valid,0.02928886190056801,0.02928886190056801,0.2341148853302002,0.11712417751550674,0.6585365853658537,89
EGBM-v3-CARE-S,specimen_2,2025_04_10-16_32_24,valid,direct_ps,specimen_2__2025_04_10-16_32_24__Clip_1__start,,,,,,,,,,,,,,,,,,,1744295550_206134319,,,,,0.9999558925628662,0.9955214262008667,,,,,,,,,,,,,,,,,,,,15.945197083055973,specimen_2__2025_04_10-16_32_24__Clip_1__start,valid,,,,,,0
EGBM-v3-CARE-S,specimen_1,2025_03_06-17_33_33,valid,,specimen_1__2025_03_06-17_33_33__Clip_1__start,0.2483221476510067,5.353515625,5.57353401184082,0.0,,2.2453384399414062,2.2408294677734375,2.2444005012512207,2.2449941635131836,0.9729705452919006,0.3184931506849315,-0.9618706703186035,24.110671936758894,10.0,0.0,0.0,0.0,0.0,1741278820_356170415,0.7315436241610739,2.0457282066345215,3.0257482528686523,1.8194936513900757,0.8718665242195129,0.9423493146896362,2.09561824798584,,0.8895522388059701,0.3394495412844037,0.020134228187919462,82.92682926829268,39.62264150943396,0.15753424657534246,75.5223880597015,20.8955223880597,6.865671641791045,2.1247200965881348,2.679901361465454,77.61194029850746,50.14925373134328,22.08955223880597,3.0865907669067383,3.7582051753997803,-0.45270465124473136,15.893899835646152,specimen_1__2025_03_06-17_33_33__Clip_1__start,valid,0.00491162808611989,0.014734208583831787,0.16199801862239838,0.07855871319770813,0.8287671232876712,335
EGBM-v3-CARE-S,specimen_1,2025_03_06-17_33_33,usable_with_warning,,specimen_1__2025_03_06-17_33_33__Clip_1__end,0.205607476635514,4.130208492279053,6.28552770614624,0.0,,2.2455673217773438,2.2423219680786133,2.24491548538208,2.245297431945801,1.1469486951828003,0.3111111111111111,-1.1718459129333496,22.709163346613543,11.627906976744185,0.0,0.0,0.0,0.0,1741278834_696634531,0.7881619937694704,1.80342435836792,2.9576032161712646,1.5949958562850952,0.918372392654419,0.9691106677055359,1.9905551671981812,,0.9441176470588235,0.2608695652173913,0.006230529595015576,92.13483146067416,46.464646464646464,0.1873015873015873,73.82352941176471,12.647058823529411,1.7647058823529411,1.8444852828979492,2.195979356765747,81.17647058823529,51.76470588235295,14.117647058823529,3.016331195831299,3.5385019779205322,-0.635324078646056,15.910385176539421,specimen_1__2025_03_06-17_33_33__Clip_1__end,usable_with_warning,0.004455558490008116,0.013366199098527431,0.15144138038158417,0.07573065161705017,0.8095238095238095,340
EGBM-v3-CARE-S,specimen_2,2025_04_10-16_28_15,valid,direct_ps,specimen_2__2025_04_10-16_28_15__Clip_1__start,,,,,,,,,,,,,,,,,,,1744295308_437940120,,,,,0.9928397536277771,0.9922657608985901,,,,,,,,,,,,,,,,,,,,15.90327499434352,specimen_2__2025_04_10-16_28_15__Clip_1__start,valid,,,,,,0
EGBM-v3-CARE-S,specimen_3,2025_05_08-14_25_47,valid,direct_polaris,specimen_3__2025_05_08-14_25_47__Clip_1__start,0.24647887323943662,45.55921173095703,43.54997634887695,0.0,,2.2460861206054688,0.0742635726928711,2.2458064556121826,2.246034860610962,0.0878686010837555,0.25,-0.2639904022216797,0.18248175182481752,0.2066115702479339,0.0,0.0,0.0,0.0,1746707154_474355459,0.7535211267605634,10.004068374633789,10.346161842346191,2.23825740814209,0.38114631175994873,0.6623807549476624,1.4315727949142456,,0.4965034965034965,0.32710280373831774,0.0,8.333333333333332,2.272727272727273,0.0035211267605633804,95.8041958041958,84.61538461538461,41.95804195804196,11.18509578704834,22.29217529296875,95.97902097902097,84.79020979020979,57.34265734265735,11.44908618927002,21.683040618896484,-0.023601979567073935,15.889925416558981,specimen_3__2025_05_08-14_25_47__Clip_1__start,valid,0.007285905536264181,0.03638431057333946,0.40611040592193604,0.20234274864196777,0.9964788732394366,572
EGBM-v3-CARE-S,specimen_2,2025_04_10-16_08_53,valid,direct_ps,specimen_2__2025_04_10-16_08_53__Clip_1__start,0.42758620689655175,,,0.0,,2.2439537048339844,4.57763671875e-05,2.1052892208099365,2.2405924797058105,1.0780487060546875,0.6528301886792452,-0.06867039203643799,8.737864077669903,0.0,0.0,0.0,0.0,0.0,1744294140_239328861,0.4862068965517241,1.0212260484695435,1.0898964405059814,0.5133010149002075,0.08768570423126221,0.5942794680595398,1.4134156703948975,,0.15400955921402018,0.8794326241134752,0.08620689655172414,4.602510460251046,2.9818956336528224,0.23773584905660378,49.2299522039299,0.2655337227827934,0.0,1.0212260484695435,1.1823842525482178,47.26500265533723,3.2395114179500797,0.37174721189591076,1.0898964405059814,1.34624183177948,-0.06724308701227374,15.92418598011136,specimen_2__2025_04_10-16_08_53__Clip_1__start,valid,0.011211817152798176,0.20154109597206116,0.9999579787254333,0.9114742279052734,0.7396226415094339,1883
EGBM-v3-CARE-S,specimen_2,2025_04_10-16_08_53,valid,direct_ps,specimen_2__2025_04_10-16_08_53__Clip_1__end,0.6037735849056604,,,0.0,,2.2443923950195312,0.0001888275146484375,2.2247867584228516,2.240037679672241,1.3627346754074097,0.8274509803921568,-0.01887643337249756,18.566176470588236,0.0,0.0,0.0,0.0,0.0,1744294158_406133651,0.3584905660377358,1.0316556692123413,1.0505321025848389,0.6487773656845093,0.18772931396961212,0.640573263168335,1.3038877248764038,,0.2866414277988102,1.6842105263157894,0.03773584905660377,14.71747700394218,2.758247701460249,0.5019607843137255,58.842617631151974,0.0,0.0,1.0316556692123413,1.1728956699371338,53.9751216873986,2.758247701460249,0.05408328826392645,1.0505321025848389,1.2719966173171997,-0.018297222548013064,15.890765935182571,specimen_2__2025_04_10-16_08_53__Clip_1__end,valid,0.009017244912683964,0.1622098833322525,0.9934877157211304,0.774457573890686,0.4666666666666667,1849
EGBM-v3-CARE-S,specimen_2,2025_04_10-16_08_53,valid,direct_ps,specimen_2__2025_04_10-16_08_53__Clip_2__start,0.6037735849056604,,,0.0,,2.2443923950195312,0.0001888275146484375,2.2247867584228516,2.240037679672241,1.3627346754074097,0.8274509803921568,-0.01887643337249756,18.566176470588236,0.0,0.0,0.0,0.0,0.0,1744294158_406133651,0.3584905660377358,1.0316556692123413,1.0505321025848389,0.6487773656845093,0.18772931396961212,0.640573263168335,1.3038877248764038,,0.2866414277988102,1.6842105263157894,0.03773584905660377,14.71747700394218,2.758247701460249,0.5019607843137255,58.842617631151974,0.0,0.0,1.0316556692123413,1.1728956699371338,53.9751216873986,2.758247701460249,0.05408328826392645,1.0505321025848389,1.2719966173171997,-0.018297222548013064,15.869063790887594,specimen_2__2025_04_10-16_08_53__Clip_2__start,valid,0.009017244912683964,0.1622098833322525,0.9934877157211304,0.774457573890686,0.4666666666666667,1849
EGBM-v3-CARE-S,specimen_2,2025_04_10-16_08_53,usable_with_warning,direct_ps,specimen_2__2025_04_10-16_08_53__Clip_2__end,0.8073394495412844,,,0.0,,2.2403411865234375,0.0,0.2351411134004593,2.1196463108062744,0.6122719049453735,0.8073394495412844,0.005100131034851074,3.771760154738878,0.0,0.0,0.0,0.0,0.0,1744294172_039264440,0.1926605504587156,1.1772923469543457,1.1721922159194946,0.48386746644973755,0.028716230764985085,0.4380289614200592,1.902986764907837,,0.07171052631578947,4.190476190476191,0.0,1.8518518518518516,0.9868421052631579,0.11926605504587157,68.02631578947368,0.0,0.0,1.1772923469543457,1.2910116910934448,66.05263157894737,0.9868421052631579,0.0,1.1721922159194946,1.3186376094818115,0.004332085439988724,15.946810133755207,specimen_2__2025_04_10-16_08_53__Clip_2__end,usable_with_warning,0.055814437568187714,0.8326984643936157,1.0,0.9999998211860657,0.8715596330275229,1520
EGBM-v3-CARE-S,specimen_2,2025_04_10-16_08_53,usable_with_warning,direct_ps,specimen_2__2025_04_10-16_08_53__Clip_3__start,0.8073394495412844,,,0.0,,2.2403411865234375,0.0,0.2351411134004593,2.1196463108062744,0.6122719049453735,0.8073394495412844,0.005100131034851074,3.771760154738878,0.0,0.0,0.0,0.0,0.0,1744294172_039264440,0.1926605504587156,1.1772923469543457,1.1721922159194946,0.48386746644973755,0.028716230764985085,0.4380289614200592,1.902986764907837,,0.07171052631578947,4.190476190476191,0.0,1.8518518518518516,0.9868421052631579,0.11926605504587157,68.02631578947368,0.0,0.0,1.1772923469543457,1.2910116910934448,66.05263157894737,0.9868421052631579,0.0,1.1721922159194946,1.3186376094818115,0.004332085439988724,15.936704352498055,specimen_2__2025_04_10-16_08_53__Clip_3__start,usable_with_warning,0.055814437568187714,0.8326984643936157,1.0,0.9999998211860657,0.8715596330275229,1520
EGBM-v3-CARE-S,specimen_2,2025_04_10-16_08_53,valid,direct_ps,specimen_2__2025_04_10-16_08_53__Clip_3__end,0.7108433734939759,,,0.0,,2.241598129272461,0.004401206970214844,2.2314772605895996,2.2367820739746094,1.406418800354004,0.9783132530120482,0.1874048113822937,60.10498687664042,0.0,0.0,0.0,0.0,0.0,1744294190_338742733,0.17349397590361446,1.0312992334365845,0.8438944220542908,0.7218371033668518,0.3574223518371582,0.6397679448127747,0.4969968795776367,,0.43592436974789917,4.097222222222222,0.11566265060240964,9.106830122591944,0.7352941176470588,0.8024096385542169,40.02100840336135,0.0,0.0,1.0312992334365845,1.13595449924469,21.428571428571427,0.7352941176470588,0.10504201680672269,0.8438944220542908,0.9971303939819336,0.18171720224963922,15.86994482204318,specimen_2__2025_04_10-16_08_53__Clip_3__end,valid,0.060110267251729965,0.45046305656433105,0.9994150996208191,0.8551267981529236,0.1855421686746988,952
EGBM-v3-CARE-S,specimen_2,2025_04_10-16_08_53,valid,direct_ps,specimen_2__2025_04_10-16_08_53__Clip_4__start,0.7108433734939759,,,0.0,,2.241598129272461,0.004401206970214844,2.2314772605895996,2.2367820739746094,1.406418800354004,0.9783132530120482,0.1874048113822937,60.10498687664042,0.0,0.0,0.0,0.0,0.0,1744294190_338742733,0.17349397590361446,1.0312992334365845,0.8438944220542908,0.7218371033668518,0.3574223518371582,0.6397679448127747,0.4969968795776367,,0.43592436974789917,4.097222222222222,0.11566265060240964,9.106830122591944,0.7352941176470588,0.8024096385542169,40.02100840336135,0.0,0.0,1.0312992334365845,1.13595449924469,21.428571428571427,0.7352941176470588,0.10504201680672269,0.8438944220542908,0.9971303939819336,0.18171720224963922,15.91314934194088,specimen_2__2025_04_10-16_08_53__Clip_4__start,valid,0.060110267251729965,0.45046305656433105,0.9994150996208191,0.8551267981529236,0.1855421686746988,952
EGBM-v3-CARE-S,specimen_2,2025_04_10-16_08_53,valid,direct_ps,specimen_2__2025_04_10-16_08_53__Clip_4__end,0.034482758620689655,,,0.0,,2.2421112060546875,0.0,1.0038816928863525,2.219682455062866,0.6813763380050659,0.034482758620689655,-0.11723706126213074,0.0,0.0,0.0,0.0,0.0,0.0,1744294204_338754653,0.9655172413793104,0.44614270329475403,0.5633797645568848,0.2310466766357422,0.057454194873571396,0.37311506271362305,1.5462807416915894,,0.07901907356948229,0.03571428571428571,0.0,4.322766570605188,0.0,0.0,5.449591280653951,5.449591280653951,2.17983651226158,0.44614270329475403,1.33162260055542,9.536784741144414,5.449591280653951,2.452316076294278,0.5633797645568848,1.6092051267623901,-0.262779286529484,15.924156177788973,specimen_2__2025_04_10-16_08_53__Clip_4__end,valid,0.05153319612145424,0.15456092357635498,0.999839186668396,0.8607357144355774,0.9655172413793104,367
EGBM-v3-CARE-S,specimen_2,2025_04_10-16_08_53,valid,direct_ps,specimen_2__2025_04_10-16_08_53__Clip_5__start,0.034482758620689655,,,0.0,,2.2421112060546875,0.0,1.0038816928863525,2.219682455062866,0.6813763380050659,0.034482758620689655,-0.11723706126213074,0.0,0.0,0.0,0.0,0.0,0.0,1744294204_338754653,0.9655172413793104,0.44614270329475403,0.5633797645568848,0.2310466766357422,0.057454194873571396,0.37311506271362305,1.5462807416915894,,0.07901907356948229,0.03571428571428571,0.0,4.322766570605188,0.0,0.0,5.449591280653951,5.449591280653951,2.17983651226158,0.44614270329475403,1.33162260055542,9.536784741144414,5.449591280653951,2.452316076294278,0.5633797645568848,1.6092051267623901,-0.262779286529484,15.918707009404898,specimen_2__2025_04_10-16_08_53__Clip_5__start,valid,0.05153319612145424,0.15456092357635498,0.999839186668396,0.8607357144355774,0.9655172413793104,367
EGBM-v3-CARE-S,specimen_3,2025_05_08-14_24_24,valid,direct_polaris,specimen_3__2025_05_08-14_24_24__Clip_1__start,0.0,,,0.0,,2.2425174713134766,0.22936630249023438,2.2316038608551025,2.2395293712615967,0.3406330347061157,0.0,-0.8376579284667969,0.0,0.0,0.0,0.0,0.0,0.0,1746707079_607564926,1.0,4.2794294357299805,5.117087364196777,0.0,0.39985594153404236,0.6672564148902893,1.5621304512023926,,0.5339130434782609,0.0,0.0,40.0,3.5294117647058822,0.0,99.1304347826087,85.21739130434783,27.1304347826087,4.2794294357299805,4.4214887619018555,99.47826086956522,85.73913043478261,57.913043478260875,5.117087364196777,5.366763114929199,-0.19574056332673473,15.891987830400467,specimen_3__2025_05_08-14_24_24__Clip_1__start,valid,0.004655873868614435,0.023268768563866615,0.26352232694625854,0.13011479377746582,1.0,575
EGBM-v3-CARE-S,specimen_1,2025_03_06-17_36_19,valid,,specimen_1__2025_03_06-17_36_19__Clip_1__start,0.10646387832699619,4.039843559265137,5.550891399383545,0.0,,2.2458534240722656,2.2428131103515625,2.2446839809417725,2.2453296184539795,0.8281250596046448,0.12595419847328243,-1.5696299076080322,9.13978494623656,14.893617021276595,0.0,0.0,0.0,0.0,1741278986_751394987,0.8897338403041825,2.371694803237915,3.945831298828125,2.1653189659118652,0.9197758436203003,0.9679601192474365,2.136892557144165,,0.9392857142857143,0.11965811965811966,0.0038022813688212928,80.85106382978722,50.53763440860215,0.022900763358778626,66.42857142857143,33.57142857142857,13.214285714285715,2.4908483028411865,3.388979434967041,87.5,62.142857142857146,30.0,4.060478210449219,4.821545600891113,-0.6301587719403199,15.847031027078629,specimen_1__2025_03_06-17_36_19__Clip_1__start,valid,0.004488946869969368,0.008977633900940418,0.1256532073020935,0.06283208727836609,0.9770992366412213,280
EGBM-v3-CARE-S,specimen_1,2025_03_06-17_36_19,valid,,specimen_1__2025_03_06-17_36_19__Clip_1__end,0.11952191235059761,6.50390625,8.62546443939209,0.0,,2.245697021484375,2.2423810958862305,2.2446699142456055,2.245208263397217,1.0643768310546875,0.17073170731707318,-1.6035547256469727,13.690476190476192,17.543859649122805,0.0,0.0,0.0,0.0,1741278996_409678220,0.8764940239043825,1.9708125591278076,3.5660793781280518,2.100057601928711,0.9796803593635559,0.9837955236434937,2.1373653411865234,,0.9881889763779528,0.13636363636363635,0.00398406374501992,95.34883720930233,55.32994923857868,0.06504065040650407,66.14173228346458,22.440944881889763,5.118110236220472,2.0421998500823975,2.570383310317993,89.37007874015748,61.417322834645674,21.25984251968504,3.64575457572937,4.14440393447876,-0.7852095012063943,15.915522817522287,specimen_1__2025_03_06-17_36_19__Clip_1__end,valid,0.0047728572972118855,0.009545154869556427,0.11928385496139526,0.05726085975766182,0.9349593495934959,254
EGBM-v3-CARE-S,specimen_1,2025_03_06-17_36_19,valid,,specimen_1__2025_03_06-17_36_19__Clip_2__start,0.11952191235059761,6.50390625,8.62546443939209,0.0,,2.245697021484375,2.2423810958862305,2.2446699142456055,2.245208263397217,1.0643768310546875,0.17073170731707318,-1.6035547256469727,13.690476190476192,17.543859649122805,0.0,0.0,0.0,0.0,1741278996_409678220,0.8764940239043825,1.9708125591278076,3.5660793781280518,2.100057601928711,0.9796803593635559,0.9837955236434937,2.1373653411865234,,0.9881889763779528,0.13636363636363635,0.00398406374501992,95.34883720930233,55.32994923857868,0.06504065040650407,66.14173228346458,22.440944881889763,5.118110236220472,2.0421998500823975,2.570383310317993,89.37007874015748,61.417322834645674,21.25984251968504,3.64575457572937,4.14440393447876,-0.7852095012063943,15.879098791629076,specimen_1__2025_03_06-17_36_19__Clip_2__start,valid,0.0047728572972118855,0.009545154869556427,0.11928385496139526,0.05726085975766182,0.9349593495934959,254
EGBM-v3-CARE-S,specimen_1,2025_03_06-17_36_19,valid,,specimen_1__2025_03_06-17_36_19__Clip_2__end,0.1518987341772152,0.25,2.493274688720703,0.0,,2.2456893920898438,2.2420473098754883,2.2447266578674316,2.2450063228607178,0.8762423992156982,0.2782608695652174,-1.4014427661895752,16.560509554140125,12.658227848101266,0.0,0.0,0.0,0.0,1741279006_770105361,0.8481012658227848,2.4354424476623535,3.833420991897583,1.9108651876449585,0.9479248523712158,0.9781407713890076,2.042935848236084,,0.9713114754098361,0.1791044776119403,0.0,95.40229885057471,36.36363636363637,0.1608695652173913,64.34426229508196,32.37704918032787,13.934426229508196,2.426485538482666,3.2671542167663574,87.70491803278688,52.86885245901639,29.098360655737704,3.827928304672241,4.674136638641357,-0.5775607329874827,15.90080140158534,specimen_1__2025_03_06-17_36_19__Clip_2__end,valid,0.005465225782245398,0.010930062271654606,0.1311299353837967,0.06557168811559677,0.8347826086956521,244
EGBM-v3-CARE-S,specimen_1,2025_03_06-17_36_19,valid,,specimen_1__2025_03_06-17_36_19__Clip_3__start,0.1518987341772152,0.25,2.493274688720703,0.0,,2.2456893920898438,2.2420473098754883,2.2447266578674316,2.2450063228607178,0.8762423992156982,0.2782608695652174,-1.4014427661895752,16.560509554140125,12.658227848101266,0.0,0.0,0.0,0.0,1741279006_770105361,0.8481012658227848,2.4354424476623535,3.833420991897583,1.9108651876449585,0.9479248523712158,0.9781407713890076,2.042935848236084,,0.9713114754098361,0.1791044776119403,0.0,95.40229885057471,36.36363636363637,0.1608695652173913,64.34426229508196,32.37704918032787,13.934426229508196,2.426485538482666,3.2671542167663574,87.70491803278688,52.86885245901639,29.098360655737704,3.827928304672241,4.674136638641357,-0.5775607329874827,15.875643119215965,specimen_1__2025_03_06-17_36_19__Clip_3__start,valid,0.005465225782245398,0.010930062271654606,0.1311299353837967,0.06557168811559677,0.8347826086956521,244
EGBM-v3-CARE-S,specimen_1,2025_03_06-17_36_19,valid,,specimen_1__2025_03_06-17_36_19__Clip_3__end,0.16393442622950818,5.176339149475098,7.231196880340576,0.0,,2.245697021484375,2.242086410522461,2.2446277141571045,2.245184898376465,0.8230754733085632,0.2317596566523605,-1.3271262645721436,15.053763440860216,15.151515151515152,0.0,0.0,0.0,0.0,1741279020_417998790,0.8360655737704918,2.517305850982666,3.824136734008789,2.009577989578247,0.9265908002853394,0.9697175621986389,2.0715065002441406,,0.9457364341085271,0.19607843137254902,0.0,86.11111111111111,45.28301886792453,0.10300429184549356,72.09302325581395,38.372093023255815,14.34108527131783,2.5894501209259033,3.2861039638519287,85.27131782945736,60.46511627906976,33.33333333333333,3.916576385498047,4.682590961456299,-0.5125127739852375,15.892958734184504,specimen_1__2025_03_06-17_36_19__Clip_3__end,valid,0.005310107488185167,0.010620137676596642,0.1327102780342102,0.06370802223682404,0.8884120171673819,258
EGBM-v3-CARE-S,specimen_1,2025_03_06-17_36_19,valid,,specimen_1__2025_03_06-17_36_19__Clip_4__start,0.16393442622950818,5.176339149475098,7.231196880340576,0.0,,2.245697021484375,2.242086410522461,2.2446277141571045,2.245184898376465,0.8230754733085632,0.2317596566523605,-1.3271262645721436,15.053763440860216,15.151515151515152,0.0,0.0,0.0,0.0,1741279020_417998790,0.8360655737704918,2.517305850982666,3.824136734008789,2.009577989578247,0.9265908002853394,0.9697175621986389,2.0715065002441406,,0.9457364341085271,0.19607843137254902,0.0,86.11111111111111,45.28301886792453,0.10300429184549356,72.09302325581395,38.372093023255815,14.34108527131783,2.5894501209259033,3.2861039638519287,85.27131782945736,60.46511627906976,33.33333333333333,3.916576385498047,4.682590961456299,-0.5125127739852375,15.940540004521608,specimen_1__2025_03_06-17_36_19__Clip_4__start,valid,0.005310107488185167,0.010620137676596642,0.1327102780342102,0.06370802223682404,0.8884120171673819,258
EGBM-v3-CARE-S,specimen_3,2025_05_08-14_36_52,valid,direct_ps,specimen_3__2025_05_08-14_36_52__Clip_1__start,0.005952380952380952,42.34375,40.09832000732422,0.0,,2.2454299926757812,3.814697265625e-05,2.212958574295044,2.2357447147369385,0.5477802753448486,0.005952380952380952,-0.5285630226135254,0.0,0.0,0.0,0.0,0.0,0.0,1746707818_207958698,0.9940476190476191,2.614717960357666,3.1487956047058105,2.2454299926757812,0.2607298195362091,0.4880979359149933,1.6023216247558594,,0.3333333333333333,0.005988023952095809,0.0,0.0,30.49792531120332,0.0,100.0,4.365079365079365,1.1904761904761905,2.693545341491699,3.2544243335723877,100.0,33.53174603174603,8.134920634920634,3.2221083641052246,3.755074977874756,-0.19623320033692265,15.876454766839743,specimen_3__2025_05_08-14_36_52__Clip_1__start,valid,0.008347679860889912,0.041671864688396454,0.41054031252861023,0.2073240578174591,1.0,504
EGBM-v3-CARE-S,specimen_3,2025_05_08-14_38_08,valid,direct_ps,specimen_3__2025_05_08-14_38_08__Clip_1__start,0.1060419235511714,12.814453125,11.382759094238281,0.0,,2.2458267211914062,1.8866844177246094,2.2446930408477783,2.2454020977020264,0.27980801463127136,0.10850801479654747,-0.9442591667175293,0.15015015015015015,0.10660980810234541,0.0,0.0,0.0,0.0,1746707894_239512681,0.8939580764488286,5.962106227874756,6.935229301452637,2.2245521545410156,0.5725448131561279,0.6889730095863342,1.9978083372116089,,0.6084021005251313,0.11862068965517242,0.0,100.0,63.54430379746835,0.0036991368680641184,99.92498124531133,70.36759189797449,25.581395348837212,6.0443549156188965,8.762868881225586,99.84996249062266,89.12228057014254,42.23555888972243,6.988614082336426,9.270814895629883,-0.15622166135173818,15.919958706945181,specimen_3__2025_05_08-14_38_08__Clip_1__start,valid,0.0015481701120734215,0.02012157067656517,0.20565371215343475,0.10211361199617386,0.9963008631319359,1333
EGBM-v3-CARE-S,specimen_3,2025_05_08-14_33_16,valid,direct_ps,specimen_3__2025_05_08-14_33_16__Clip_1__start,0.125,18.640625,20.88581657409668,0.0,,2.245452880859375,0.0,2.245136260986328,2.2454051971435547,0.18243856728076935,0.125,-0.3502039909362793,1.8181818181818181,1.9607843137254901,0.0,0.0,0.0,0.0,1746707602_408067703,0.875,4.860665321350098,5.176098823547363,1.6858711242675781,0.20567497611045837,0.4165300726890564,2.0907108783721924,,0.21621621621621623,0.14285714285714285,0.0,0.0,1.6666666666666667,0.041666666666666664,99.09909909909909,45.94594594594595,37.83783783783784,5.108952522277832,7.29547643661499,97.2972972972973,45.94594594594595,37.83783783783784,5.459156513214111,8.02922534942627,-0.06854712182373941,15.941271092742682,specimen_3__2025_05_08-14_33_16__Clip_1__start,valid,0.05111163482069969,0.05111163482069969,0.5617119669914246,0.2555234432220459,0.9583333333333334,111
EGBM-v3-CARE-S,specimen_3,2025_05_08-14_33_16,valid,direct_ps,specimen_3__2025_05_08-14_33_16__Clip_1__end,0.03587443946188341,6.501420497894287,7.37738037109375,0.0,,2.24365234375,1.9538593292236328,2.2415151596069336,2.2429685592651367,0.3790431022644043,0.04035874439461883,-1.104456901550293,1.3020833333333335,1.2461059190031152,0.0,0.0,0.0,0.0,1746707628_974280118,0.9641255605381166,6.755802154541016,7.889656066894531,2.1090469360351562,0.5483131408691406,0.6865453124046326,2.0580694675445557,,0.5777202072538861,0.037209302325581395,0.0,50.0,49.23076923076923,0.004484304932735426,99.48186528497409,83.16062176165802,63.98963730569949,6.726805210113525,7.583752632141113,98.44559585492227,90.41450777202073,81.60621761658031,7.831262111663818,8.507699966430664,-0.1641874362423605,15.870475675910711,specimen_3__2025_05_08-14_33_16__Clip_1__end,valid,0.005062474403530359,0.015185960568487644,0.1922021359205246,0.09613653272390366,0.9955156950672646,386
EGBM-v3-CARE-S,specimen_2,2025_04_10-16_19_14,valid,direct_ps,specimen_2__2025_04_10-16_19_14__Clip_1__start,0.0,,,0.0,,2.164510726928711,1.3651924133300781,2.1356847286224365,2.158745527267456,2.5355212688446045,0.0,-1.0780280232429504,0.0,0.0,0.0,0.0,0.0,0.0,1744294760_606107473,1.0,0.8415178656578064,1.9195458889007568,0.0,0.4995179772377014,0.7578016519546509,1.4896186590194702,,0.7142857142857143,0.0,0.0,60.0,0.0,0.0,28.57142857142857,0.0,0.0,0.8415178656578064,1.029710054397583,71.42857142857143,0.0,0.0,1.9195458889007568,2.0346508026123047,-1.2810518555066759,15.896153636276722,specimen_2__2025_04_10-16_19_14__Clip_1__start,valid,0.2868346869945526,0.2868346869945526,0.2868346869945526,0.2868346869945526,1.0,7
EGBM-v3-CARE-S,specimen_2,2025_04_10-16_19_14,valid,direct_ps,specimen_2__2025_04_10-16_19_14__Clip_1__end,0.0,,,0.0,,0.11649703979492188,2.765655517578125e-05,0.09929904341697693,0.1130574494600296,0.23299407958984375,0.0,-0.02117934823036194,0.0,0.0,0.0,0.0,0.0,0.0,1744294778_271383523,1.0,0.4973958432674408,0.5185751914978027,0.0,0.013748965226113796,0.47887125611305237,0.11649703979492188,,0.08333333333333333,0.0,0.0,0.0,0.0,0.0,0.0,0.0,0.0,0.4973958432674408,0.5556586384773254,0.0,0.0,0.0,0.5185751914978027,0.5785649418830872,-0.04258046889019574,15.876144170761108,specimen_2__2025_04_10-16_19_14__Clip_1__end,valid,0.45837491750717163,0.45837491750717163,0.45837491750717163,0.45837491750717163,1.0,12
EGBM-v3-CARE-S,specimen_2,2025_04_10-16_19_14,valid,direct_ps,specimen_2__2025_04_10-16_19_14__Clip_2__start,0.0,,,0.0,,0.11649703979492188,2.765655517578125e-05,0.09929904341697693,0.1130574494600296,0.23299407958984375,0.0,-0.02117934823036194,0.0,0.0,0.0,0.0,0.0,0.0,1744294778_271383523,1.0,0.4973958432674408,0.5185751914978027,0.0,0.013748965226113796,0.47887125611305237,0.11649703979492188,,0.08333333333333333,0.0,0.0,0.0,0.0,0.0,0.0,0.0,0.0,0.4973958432674408,0.5556586384773254,0.0,0.0,0.0,0.5185751914978027,0.5785649418830872,-0.04258046889019574,15.951846726238728,specimen_2__2025_04_10-16_19_14__Clip_2__start,valid,0.45837491750717163,0.45837491750717163,0.45837491750717163,0.45837491750717163,1.0,12
EGBM-v3-CARE-S,specimen_2,2025_04_10-16_19_14,valid,direct_ps,specimen_2__2025_04_10-16_19_14__Clip_2__end,0.0,,,0.0,,1.9494800567626953,0.0,0.4796915054321289,1.655522346496582,3.156069755554199,0.0,-0.12054437398910522,0.0,0.0,0.0,0.0,0.0,0.0,1744294793_739244699,1.0,0.6006944179534912,0.7212387919425964,0.0,0.060311105102300644,0.35520610213279724,1.0848989486694336,,0.1111111111111111,0.0,0.0,6.25,0.0,0.0,11.11111111111111,0.0,0.0,0.6006944179534912,0.7938908338546753,16.666666666666664,0.0,0.0,0.7212387919425964,0.9705569744110107,-0.200675036068736,15.85013559088111,specimen_2__2025_04_10-16_19_14__Clip_2__end,valid,0.8984615802764893,0.8984615802764893,0.8984615802764893,0.8984615802764893,1.0,18
EGBM-v3-CARE-S,specimen_2,2025_04_10-16_19_14,valid,direct_ps,specimen_2__2025_04_10-16_19_14__Clip_3__start,0.0,,,0.0,,1.9494800567626953,0.0,0.4796915054321289,1.655522346496582,3.156069755554199,0.0,-0.12054437398910522,0.0,0.0,0.0,0.0,0.0,0.0,1744294793_739244699,1.0,0.6006944179534912,0.7212387919425964,0.0,0.060311105102300644,0.35520610213279724,1.0848989486694336,,0.1111111111111111,0.0,0.0,6.25,0.0,0.0,11.11111111111111,0.0,0.0,0.6006944179534912,0.7938908338546753,16.666666666666664,0.0,0.0,0.7212387919425964,0.9705569744110107,-0.200675036068736,15.875212848186493,specimen_2__2025_04_10-16_19_14__Clip_3__start,valid,0.8984615802764893,0.8984615802764893,0.8984615802764893,0.8984615802764893,1.0,18
EGBM-v3-CARE-S,specimen_2,2025_04_10-16_19_14,valid,direct_ps,specimen_2__2025_04_10-16_19_14__Clip_3__end,0.0,0.828125,0.828125,0.0,,2.231454849243164,1.9073486328125e-06,1.9584729671478271,2.17685866355896,0.646116316318512,0.0,-0.3082464337348938,0.0,0.0,0.0,0.0,0.0,0.0,1744294808_039081096,1.0,0.9309895634651184,1.2649232149124146,0.0,0.15457934141159058,0.5324180722236633,2.003970146179199,,0.15384615384615385,0.0,0.0,9.090909090909092,0.0,0.0,15.384615384615385,7.6923076923076925,7.6923076923076925,0.9230769276618958,1.7469711303710938,23.076923076923077,7.6923076923076925,7.6923076923076925,1.2313233613967896,2.3215620517730713,-0.33393363488746863,15.883303713053465,specimen_2__2025_04_10-16_19_14__Clip_3__end,valid,0.5564568638801575,0.5564568638801575,0.5564568638801575,0.5564568638801575,1.0,13
EGBM-v3-CARE-S,specimen_2,2025_04_10-16_19_14,valid,direct_ps,specimen_2__2025_04_10-16_19_14__Clip_4__start,0.0,0.828125,0.828125,0.0,,2.231454849243164,1.9073486328125e-06,1.9584729671478271,2.17685866355896,0.646116316318512,0.0,-0.3082464337348938,0.0,0.0,0.0,0.0,0.0,0.0,1744294808_039081096,1.0,0.9309895634651184,1.2649232149124146,0.0,0.15457934141159058,0.5324180722236633,2.003970146179199,,0.15384615384615385,0.0,0.0,9.090909090909092,0.0,0.0,15.384615384615385,7.6923076923076925,7.6923076923076925,0.9230769276618958,1.7469711303710938,23.076923076923077,7.6923076923076925,7.6923076923076925,1.2313233613967896,2.3215620517730713,-0.33393363488746863,15.958687290549278,specimen_2__2025_04_10-16_19_14__Clip_4__start,valid,0.5564568638801575,0.5564568638801575,0.5564568638801575,0.5564568638801575,1.0,13
EGBM-v3-CARE-S,specimen_2,2025_04_10-16_19_14,valid,direct_ps,specimen_2__2025_04_10-16_19_14__Clip_4__end,0.0,,,0.0,,2.2215118408203125,6.67572021484375e-06,2.1671016216278076,2.21062970161438,2.1308324337005615,0.0,-0.4517884850502014,0.0,0.0,0.0,0.0,0.0,0.0,1744294819_472425222,1.0,0.9866071343421936,1.438395619392395,0.0,0.21406345069408417,0.5693618059158325,2.1086361408233643,,0.21428571428571427,0.0,0.0,16.666666666666664,14.285714285714285,0.0,57.14285714285714,0.0,0.0,0.9866071343421936,1.0184712409973145,64.28571428571429,14.285714285714285,0.0,1.438395619392395,1.6973471641540527,-0.45792136436498104,15.910846181213856,specimen_2__2025_04_10-16_19_14__Clip_4__end,valid,0.3511243164539337,0.3511243164539337,0.3511243164539337,0.3511243164539337,1.0,14
EGBM-v3-CARE-S,specimen_2,2025_04_10-16_19_14,valid,direct_ps,specimen_2__2025_04_10-16_19_14__Clip_5__start,0.0,,,0.0,,2.2215118408203125,6.67572021484375e-06,2.1671016216278076,2.21062970161438,2.1308324337005615,0.0,-0.4517884850502014,0.0,0.0,0.0,0.0,0.0,0.0,1744294819_472425222,1.0,0.9866071343421936,1.438395619392395,0.0,0.21406345069408417,0.5693618059158325,2.1086361408233643,,0.21428571428571427,0.0,0.0,16.666666666666664,14.285714285714285,0.0,57.14285714285714,0.0,0.0,0.9866071343421936,1.0184712409973145,64.28571428571429,14.285714285714285,0.0,1.438395619392395,1.6973471641540527,-0.45792136436498104,15.886430162936449,specimen_2__2025_04_10-16_19_14__Clip_5__start,valid,0.3511243164539337,0.3511243164539337,0.3511243164539337,0.3511243164539337,1.0,14
EGBM-v3-CARE-S,specimen_2,2025_04_10-16_19_14,valid,direct_ps,specimen_2__2025_04_10-16_19_14__Clip_5__end,0.5,,,0.0,,1.7680511474609375,4.57763671875e-05,0.6300080418586731,1.5404434204101562,0.843178391456604,1.0,-0.10816651582717896,0.0,0.0,0.0,0.0,0.0,0.0,1744294833_172259569,0.5,0.7354166507720947,0.8435831665992737,0.1422748565673828,0.07531189918518066,0.5496753454208374,1.7680511474609375,,0.13333333333333333,1.0,0.0,8.333333333333332,0.0,0.0,20.0,0.0,0.0,0.7354166507720947,0.9846147298812866,26.666666666666668,0.0,0.0,0.8435831665992737,1.0665165185928345,-0.14708195104587007,15.91856824234128,specimen_2__2025_04_10-16_19_14__Clip_5__end,valid,0.980334460735321,0.980334460735321,0.980334460735321,0.980334460735321,1.0,15
EGBM-v3-CARE-S,specimen_3,2025_05_08-14_49_00,valid,direct_ps,specimen_3__2025_05_08-14_49_00__Clip_1__start,,,,,,,,,,,,,,,,,,,1746708547_674401521,,,,,0.9936094284057617,0.9913274049758911,,,,,,,,,,,,,,,,,,,,16.127699054777622,specimen_3__2025_05_08-14_49_00__Clip_1__start,valid,,,,,,0
EGBM-v3-CARE-S,specimen_3,2025_05_08-14_49_00,valid,direct_ps,specimen_3__2025_05_08-14_49_00__Clip_1__end,0.6666666666666666,,,0.0,,2.244873046875,2.244009017944336,2.2447147369384766,2.2448413372039795,1.8650240898132324,0.6666666666666666,-0.13969039916992188,100.0,0.0,0.0,0.0,0.0,0.0,1746708572_640835762,0.3333333333333333,1.203125,1.3428153991699219,0.9123163223266602,1.0,0.9959132671356201,2.243703842163086,,1.0,2.0,0.0,100.0,0.0,0.6666666666666666,66.66666666666666,0.0,0.0,1.203125,1.3161531686782837,33.33333333333333,0.0,0.0,1.3428153991699219,1.6502599716186523,-0.11610630580357142,15.833830926567316,specimen_3__2025_05_08-14_49_00__Clip_1__end,valid,0.5002605319023132,0.5002605319023132,0.5002605319023132,0.5002605319023132,0.3333333333333333,6
EGBM-v3-CARE-S,specimen_3,2025_05_08-14_52_45,valid,direct_ps,specimen_3__2025_05_08-14_52_45__Clip_1__start,,,,,,,,,,,,,,,,,,,1746708771_572831630,,,,,1.0,0.9959640502929688,,,,,,,,,,,,,,,,,,,,15.842644032090902,specimen_3__2025_05_08-14_52_45__Clip_1__start,valid,,,,,,0
EGBM-v3-CARE-S,specimen_2,2025_04_10-16_33_49,valid,direct_ps,specimen_2__2025_04_10-16_33_49__Clip_1__end,,,,,,,,,,,,,,,,,,,1744295654_972905158,,,,,0.9948844909667969,0.9934231042861938,,,,,,,,,,,,,,,,,,,,15.827821101993322,specimen_2__2025_04_10-16_33_49__Clip_1__end,valid,,,,,,0
EGBM-v3-CARE-S,specimen_2,2025_04_10-16_33_49,valid,direct_ps,specimen_2__2025_04_10-16_33_49__Clip_2__start,,,,,,,,,,,,,,,,,,,1744295654_972905158,,,,,0.9948844909667969,0.9934231042861938,,,,,,,,,,,,,,,,,,,,16.173867974430323,specimen_2__2025_04_10-16_33_49__Clip_2__start,valid,,,,,,0
EGBM-v3-CARE-S,specimen_2,2025_04_10-16_33_49,valid,direct_ps,specimen_2__2025_04_10-16_33_49__Clip_2__end,,,,,,,,,,,,,,,,,,,1744295670_139412641,,,,,0.9968081712722778,0.9935609102249146,,,,,,,,,,,,,,,,,,,,15.899979043751955,specimen_2__2025_04_10-16_33_49__Clip_2__end,valid,,,,,,0
EGBM-v3-CARE-S,specimen_2,2025_04_10-16_33_49,valid,direct_ps,specimen_2__2025_04_10-16_33_49__Clip_3__start,,,,,,,,,,,,,,,,,,,1744295670_139412641,,,,,0.9968081712722778,0.9935609102249146,,,,,,,,,,,,,,,,,,,,16.458122991025448,specimen_2__2025_04_10-16_33_49__Clip_3__start,valid,,,,,,0
EGBM-v3-CARE-S,specimen_2,2025_04_10-16_33_49,valid,direct_ps,specimen_2__2025_04_10-16_33_49__Clip_3__end,,,,,,,,,,,,,,,,,,,1744295685_039219856,,,,,0.9964293837547302,0.9909873008728027,,,,,,,,,,,,,,,,,,,,16.154078766703606,specimen_2__2025_04_10-16_33_49__Clip_3__end,valid,,,,,,0
EGBM-v3-CARE-S,specimen_2,2025_04_10-16_33_49,valid,direct_ps,specimen_2__2025_04_10-16_33_49__Clip_4__start,,,,,,,,,,,,,,,,,,,1744295685_039219856,,,,,0.9964293837547302,0.9909873008728027,,,,,,,,,,,,,,,,,,,,16.406154725700617,specimen_2__2025_04_10-16_33_49__Clip_4__start,valid,,,,,,0
EGBM-v3-CARE-S,specimen_3,2025_05_08-14_27_51,valid,direct_polaris,specimen_3__2025_05_08-14_27_51__Clip_1__start,0.024390243902439025,16.44318199157715,16.65430450439453,0.0,,2.2455291748046875,0.015524864196777344,2.205324172973633,2.239193916320801,0.2935556173324585,0.036585365853658534,-0.5598735809326172,0.34843205574912894,0.0,0.0,0.0,0.0,0.0,1746707276_907970428,0.975609756097561,4.268482685089111,4.834914207458496,1.7398875951766968,0.29447120428085327,0.566569983959198,1.4226235151290894,,0.412751677852349,0.025,0.0,22.727272727272727,10.638297872340425,0.02032520325203252,96.30872483221476,84.22818791946308,33.557046979865774,4.493183612823486,5.962998390197754,96.81208053691275,85.90604026845638,51.51006711409396,5.0530571937561035,6.349793910980225,-0.12460509722655122,16.212646383792162,specimen_3__2025_05_08-14_27_51__Clip_1__start,valid,0.006507617421448231,0.03251192718744278,0.37647467851638794,0.18734516203403473,0.9796747967479674,596
EGBM-v3-CARE-S,specimen_3,2025_05_08-14_27_51,valid,direct_polaris,specimen_3__2025_05_08-14_27_51__Clip_1__end,0.0,,,0.0,,2.2382659912109375,0.07224559783935547,2.1850149631500244,2.234262228012085,0.2749725878238678,0.0,-0.6496381759643555,0.0,0.0,0.0,0.0,0.0,0.0,1746707293_306623220,1.0,4.624232769012451,5.273870944976807,0.0,0.3187316358089447,0.6049720048904419,1.3451402187347412,,0.4799107142857143,0.0,0.0,50.0,1.8181818181818181,0.0,99.10714285714286,87.72321428571429,40.17857142857143,4.624232769012451,4.809813022613525,99.55357142857143,87.94642857142857,63.16964285714286,5.273870944976807,5.531919479370117,-0.14048561316326036,16.166716814041138,specimen_3__2025_05_08-14_27_51__Clip_1__end,valid,0.007690628990530968,0.030738962814211845,0.3302088975906372,0.16787342727184296,1.0,448
EGBM-v3-CARE-S,specimen_3,2025_05_08-14_27_51,valid,direct_polaris,specimen_3__2025_05_08-14_27_51__Clip_2__start,0.0,,,0.0,,2.2382659912109375,0.07224559783935547,2.1850149631500244,2.234262228012085,0.2749725878238678,0.0,-0.6496381759643555,0.0,0.0,0.0,0.0,0.0,0.0,1746707293_306623220,1.0,4.624232769012451,5.273870944976807,0.0,0.3187316358089447,0.6049720048904419,1.3451402187347412,,0.4799107142857143,0.0,0.0,50.0,1.8181818181818181,0.0,99.10714285714286,87.72321428571429,40.17857142857143,4.624232769012451,4.809813022613525,99.55357142857143,87.94642857142857,63.16964285714286,5.273870944976807,5.531919479370117,-0.14048561316326036,16.50494197383523,specimen_3__2025_05_08-14_27_51__Clip_2__start,valid,0.007690628990530968,0.030738962814211845,0.3302088975906372,0.16787342727184296,1.0,448
EGBM-v3-CARE-S,specimen_3,2025_05_08-14_27_51,valid,direct_polaris,specimen_3__2025_05_08-14_27_51__Clip_2__end,0.05172413793103448,39.11458206176758,37.69041442871094,0.0,,2.2456283569335938,0.0004825592041015625,2.1441242694854736,2.234394073486328,0.20335979759693146,0.05172413793103448,-0.3875732421875,0.19569471624266144,0.0,0.0,0.0,0.0,0.0,1746707310_007738113,0.9482758620689655,4.736559867858887,5.144958019256592,1.9223785400390625,0.22323264181613922,0.5291222333908081,1.3361274003982544,,0.32954545454545453,0.05454545454545454,0.0,0.0,9.45945945945946,0.005747126436781609,96.78030303030303,85.98484848484848,37.121212121212125,5.1272196769714355,8.63361930847168,96.5909090909091,87.31060606060606,53.97727272727273,5.5147929191589355,8.695974349975586,-0.07559130807838395,16.207588836550713,specimen_3__2025_05_08-14_27_51__Clip_2__end,valid,0.010072211734950542,0.0501888282597065,0.49291110038757324,0.25627538561820984,0.9942528735632183,528
EGBM-v3-CARE-S,specimen_3,2025_05_08-14_27_51,valid,direct_polaris,specimen_3__2025_05_08-14_27_51__Clip_3__start,0.05172413793103448,39.11458206176758,37.69041442871094,0.0,,2.2456283569335938,0.0004825592041015625,2.1441242694854736,2.234394073486328,0.20335979759693146,0.05172413793103448,-0.3875732421875,0.19569471624266144,0.0,0.0,0.0,0.0,0.0,1746707310_007738113,0.9482758620689655,4.736559867858887,5.144958019256592,1.9223785400390625,0.22323264181613922,0.5291222333908081,1.3361274003982544,,0.32954545454545453,0.05454545454545454,0.0,0.0,9.45945945945946,0.005747126436781609,96.78030303030303,85.98484848484848,37.121212121212125,5.1272196769714355,8.63361930847168,96.5909090909091,87.31060606060606,53.97727272727273,5.5147929191589355,8.695974349975586,-0.07559130807838395,16.196611803025007,specimen_3__2025_05_08-14_27_51__Clip_3__start,valid,0.010072211734950542,0.0501888282597065,0.49291110038757324,0.25627538561820984,0.9942528735632183,528
EGBM-v3-CARE-S,specimen_3,2025_05_08-14_27_51,valid,direct_polaris,specimen_3__2025_05_08-14_27_51__Clip_3__end,0.22164948453608246,59.37586975097656,57.28279113769531,0.0,,2.2460861206054688,0.00466156005859375,2.245304822921753,2.2460479736328125,0.0838543176651001,0.22164948453608246,-0.2745084762573242,0.4464285714285714,0.0,0.0,0.0,0.0,0.0,1746707324_174072980,0.7783505154639175,8.422568321228027,8.791570663452148,2.1469497680664062,0.3159446716308594,0.5715738534927368,1.4538648128509521,,0.4136460554371002,0.2847682119205298,0.0,4.761904761904762,7.6923076923076925,0.005154639175257732,95.52238805970148,80.59701492537313,55.010660980810236,10.378131866455078,22.352333068847656,95.3091684434968,82.08955223880598,63.53944562899787,10.652640342712402,21.85628318786621,-0.02645066374080384,16.15241589024663,specimen_3__2025_05_08-14_27_51__Clip_3__end,valid,0.010085425339639187,0.04028995707631111,0.45435816049575806,0.23001006245613098,0.9948453608247423,469
EGBM-v3-CARE-S,specimen_3,2025_05_08-14_27_51,valid,direct_polaris,specimen_3__2025_05_08-14_27_51__Clip_4__start,0.22164948453608246,59.37586975097656,57.28279113769531,0.0,,2.2460861206054688,0.00466156005859375,2.245304822921753,2.2460479736328125,0.0838543176651001,0.22164948453608246,-0.2745084762573242,0.4464285714285714,0.0,0.0,0.0,0.0,0.0,1746707324_174072980,0.7783505154639175,8.422568321228027,8.791570663452148,2.1469497680664062,0.3159446716308594,0.5715738534927368,1.4538648128509521,,0.4136460554371002,0.2847682119205298,0.0,4.761904761904762,7.6923076923076925,0.005154639175257732,95.52238805970148,80.59701492537313,55.010660980810236,10.378131866455078,22.352333068847656,95.3091684434968,82.08955223880598,63.53944562899787,10.652640342712402,21.85628318786621,-0.02645066374080384,16.34658593684435,specimen_3__2025_05_08-14_27_51__Clip_4__start,valid,0.010085425339639187,0.04028995707631111,0.45435816049575806,0.23001006245613098,0.9948453608247423,469
EGBM-v3-CARE-S,specimen_3,2025_05_08-14_27_51,valid,direct_polaris,specimen_3__2025_05_08-14_27_51__Clip_4__end,0.3562231759656652,67.55728912353516,65.62762451171875,0.0,,2.2461624145507812,0.04526710510253906,2.2460708618164062,2.246110439300537,0.05517905578017235,0.3562231759656652,-0.14052772521972656,0.45558086560364464,0.25125628140703515,0.0,0.0,0.0,0.0,1746707335_507338523,0.6437768240343348,15.308920860290527,15.572566986083984,2.20550274848938,0.4165801405906677,0.6180013418197632,1.6656303405761719,,0.48440748440748443,0.5533333333333333,0.0,7.142857142857142,12.048192771084338,0.0,91.26819126819127,82.74428274428274,44.07484407484408,18.24178123474121,36.43361282348633,91.47609147609148,84.61538461538461,56.54885654885655,18.382308959960938,35.62501525878906,-0.007703618600144898,16.240448225289583,specimen_3__2025_05_08-14_27_51__Clip_4__end,valid,0.00890944991260767,0.03559945523738861,0.4222147464752197,0.212798073887825,1.0,481
EGBM-v3-CARE-S,specimen_3,2025_05_08-14_27_51,valid,direct_polaris,specimen_3__2025_05_08-14_27_51__Clip_5__start,0.3562231759656652,67.55728912353516,65.62762451171875,0.0,,2.2461624145507812,0.04526710510253906,2.2460708618164062,2.246110439300537,0.05517905578017235,0.3562231759656652,-0.14052772521972656,0.45558086560364464,0.25125628140703515,0.0,0.0,0.0,0.0,1746707335_507338523,0.6437768240343348,15.308920860290527,15.572566986083984,2.20550274848938,0.4165801405906677,0.6180013418197632,1.6656303405761719,,0.48440748440748443,0.5533333333333333,0.0,7.142857142857142,12.048192771084338,0.0,91.26819126819127,82.74428274428274,44.07484407484408,18.24178123474121,36.43361282348633,91.47609147609148,84.61538461538461,56.54885654885655,18.382308959960938,35.62501525878906,-0.007703618600144898,16.450590919703245,specimen_3__2025_05_08-14_27_51__Clip_5__start,valid,0.00890944991260767,0.03559945523738861,0.4222147464752197,0.212798073887825,1.0,481
EGBM-v3-CARE-S,specimen_3,2025_05_08-14_27_51,valid,direct_polaris,specimen_3__2025_05_08-14_27_51__Clip_5__end,0.625,55.6796875,54.08802032470703,0.0,,2.2461090087890625,1.7783126831054688,2.2460403442382812,2.2460784912109375,0.039490677416324615,0.625,0.40990257263183594,0.5102040816326531,0.0,0.0,0.0,0.0,0.0,1746707350_574324131,0.375,30.637805938720703,30.269367218017578,2.191061496734619,0.5415180921554565,0.6960271000862122,1.7642604112625122,,0.5811138014527845,1.6666666666666667,0.0,4.761904761904762,13.333333333333334,0.0,94.91525423728814,81.84019370460048,57.6271186440678,31.486682891845703,48.64088439941406,94.67312348668281,84.26150121065376,66.10169491525424,31.076780319213867,47.37247848510742,0.013018283762688475,16.114689875394106,specimen_3__2025_05_08-14_27_51__Clip_5__end,valid,0.014006291516125202,0.055959586054086685,0.5660309791564941,0.2780166566371918,1.0,413
EGBM-v3-CARE-S,specimen_3,2025_05_08-14_27_51,valid,direct_polaris,specimen_3__2025_05_08-14_27_51__Clip_6__start,0.625,55.6796875,54.08802032470703,0.0,,2.2461090087890625,1.7783126831054688,2.2460403442382812,2.2460784912109375,0.039490677416324615,0.625,0.40990257263183594,0.5102040816326531,0.0,0.0,0.0,0.0,0.0,1746707350_574324131,0.375,30.637805938720703,30.269367218017578,2.191061496734619,0.5415180921554565,0.6960271000862122,1.7642604112625122,,0.5811138014527845,1.6666666666666667,0.0,4.761904761904762,13.333333333333334,0.0,94.91525423728814,81.84019370460048,57.6271186440678,31.486682891845703,48.64088439941406,94.67312348668281,84.26150121065376,66.10169491525424,31.076780319213867,47.37247848510742,0.013018283762688475,16.38983003795147,specimen_3__2025_05_08-14_27_51__Clip_6__start,valid,0.014006291516125202,0.055959586054086685,0.5660309791564941,0.2780166566371918,1.0,413
EGBM-v3-CARE-S,specimen_3,2025_05_08-14_27_51,valid,direct_polaris,specimen_3__2025_05_08-14_27_51__Clip_6__end,0.9553072625698324,53.39522171020508,51.88382339477539,0.0,,2.2460861206054688,2.241474151611328,2.245941162109375,2.246025562286377,0.02760387398302555,0.9553072625698324,1.2309379577636719,0.0,0.0,0.0,0.0,0.0,0.0,1746707366_407700300,0.0446927374301676,48.326454162597656,47.13191604614258,2.192746162414551,0.5936450958251953,0.7021475434303284,1.3048992156982422,,0.6047297297297297,21.375,0.0,5.88235294117647,0.0,0.0,94.25675675675676,88.51351351351352,76.35135135135135,48.9086799621582,62.57197570800781,94.5945945945946,88.51351351351352,77.36486486486487,47.67774200439453,60.919498443603516,0.025168087928688274,16.902956180274487,specimen_3__2025_05_08-14_27_51__Clip_6__end,valid,0.21156325936317444,0.42282962799072266,1.0,0.9996220469474792,1.0,296
EGBM-v3-CARE-S,specimen_3,2025_05_08-14_34_16,valid,direct_ps,specimen_3__2025_05_08-14_34_16__Clip_1__start,0.2,3.28125,1.0361785888671875,0.0,,2.2458038330078125,0.0,2.243372678756714,2.2454752922058105,0.25262489914894104,0.2,-0.20856142044067383,0.0,2.73972602739726,0.0,0.0,0.0,0.0,1746707662_208505630,0.8,6.282327651977539,6.519091606140137,2.245433807373047,0.16932696104049683,0.34736090898513794,2.0819928646087646,,0.17045454545454544,0.25,0.0,0.0,6.666666666666667,0.0,100.0,82.95454545454545,55.68181818181818,6.248224258422852,7.0356669425964355,100.0,81.81818181818183,56.81818181818182,6.456785678863525,7.392296314239502,-0.03337931095535261,16.309750732034445,specimen_3__2025_05_08-14_34_16__Clip_1__start,valid,0.08942277729511261,0.08942277729511261,0.7127653956413269,0.357536643743515,1.0,88
EGBM-v3-CARE-S,specimen_3,2025_05_08-14_34_16,valid,direct_ps,specimen_3__2025_05_08-14_34_16__Clip_1__end,0.14516129032258066,4.674107074737549,6.896286487579346,0.0,,2.2460403442382812,2.09808349609375e-05,2.2446036338806152,2.245652198791504,0.2850247621536255,0.14516129032258066,-0.6153950691223145,0.0,0.0,0.0,0.0,0.0,0.0,1746707686_174271583,0.8548387096774194,4.868837833404541,5.405025005340576,2.245279550552368,0.4007754623889923,0.539476215839386,2.108574867248535,,0.4161073825503356,0.16981132075471697,0.0,21.428571428571427,8.333333333333332,0.0,90.60402684563759,59.73154362416108,46.97986577181208,4.859689712524414,6.514986515045166,92.61744966442953,63.08724832214765,49.664429530201346,5.4750847816467285,7.145473480224609,-0.126632584696985,16.27717213705182,specimen_3__2025_05_08-14_34_16__Clip_1__end,valid,0.02003881148993969,0.02003881148993969,0.280455082654953,0.140250101685524,1.0,149
EGBM-v3-CARE-S,specimen_3,2025_05_08-14_34_16,valid,direct_ps,specimen_3__2025_05_08-14_34_16__Clip_2__start,0.14516129032258066,4.674107074737549,6.896286487579346,0.0,,2.2460403442382812,2.09808349609375e-05,2.2446036338806152,2.245652198791504,0.2850247621536255,0.14516129032258066,-0.6153950691223145,0.0,0.0,0.0,0.0,0.0,0.0,1746707686_174271583,0.8548387096774194,4.868837833404541,5.405025005340576,2.245279550552368,0.4007754623889923,0.539476215839386,2.108574867248535,,0.4161073825503356,0.16981132075471697,0.0,21.428571428571427,8.333333333333332,0.0,90.60402684563759,59.73154362416108,46.97986577181208,4.859689712524414,6.514986515045166,92.61744966442953,63.08724832214765,49.664429530201346,5.4750847816467285,7.145473480224609,-0.126632584696985,16.453626099973917,specimen_3__2025_05_08-14_34_16__Clip_2__start,valid,0.02003881148993969,0.02003881148993969,0.280455082654953,0.140250101685524,1.0,149
EGBM-v3-CARE-S,specimen_3,2025_05_08-14_34_16,valid,direct_ps,specimen_3__2025_05_08-14_34_16__Clip_2__end,0.011494252873563218,6.789473533630371,8.646293640136719,0.0,,2.2450180053710938,0.20517921447753906,2.243745803833008,2.244135856628418,0.30660688877105713,0.011494252873563218,-0.9792537689208984,0.0,0.7575757575757576,0.0,0.0,0.0,0.0,1746707699_807956218,0.9885057471264368,5.565582275390625,6.43140983581543,2.2450180053710938,0.4686667323112488,0.6553507447242737,1.9125263690948486,,0.5240963855421686,0.011627906976744186,0.0,100.0,26.47058823529412,0.0,99.3975903614458,79.51807228915662,66.86746987951807,5.705666542053223,6.152753829956055,100.0,84.33734939759037,71.6867469879518,6.684920310974121,7.255841255187988,-0.17162828596858506,16.244522761553526,specimen_3__2025_05_08-14_34_16__Clip_2__end,valid,0.013617903925478458,0.013617903925478458,0.21782630681991577,0.10893020033836365,1.0,166
EGBM-v3-CARE-S,specimen_3,2025_05_08-14_34_16,valid,direct_ps,specimen_3__2025_05_08-14_34_16__Clip_3__start,0.011494252873563218,6.789473533630371,8.646293640136719,0.0,,2.2450180053710938,0.20517921447753906,2.243745803833008,2.244135856628418,0.30660688877105713,0.011494252873563218,-0.9792537689208984,0.0,0.7575757575757576,0.0,0.0,0.0,0.0,1746707699_807956218,0.9885057471264368,5.565582275390625,6.43140983581543,2.2450180053710938,0.4686667323112488,0.6553507447242737,1.9125263690948486,,0.5240963855421686,0.011627906976744186,0.0,100.0,26.47058823529412,0.0,99.3975903614458,79.51807228915662,66.86746987951807,5.705666542053223,6.152753829956055,100.0,84.33734939759037,71.6867469879518,6.684920310974121,7.255841255187988,-0.17162828596858506,16.23220508918166,specimen_3__2025_05_08-14_34_16__Clip_3__start,valid,0.013617903925478458,0.013617903925478458,0.21782630681991577,0.10893020033836365,1.0,166
EGBM-v3-CARE-S,specimen_3,2025_05_08-14_34_16,valid,direct_ps,specimen_3__2025_05_08-14_34_16__Clip_3__end,0.020618556701030927,7.601973533630371,8.954521179199219,0.0,,2.2430686950683594,0.4193077087402344,2.241180181503296,2.2425291538238525,0.23931977152824402,0.020618556701030927,-1.0065250396728516,1.1111111111111112,0.0,0.0,0.0,0.0,0.0,1746707711_741147756,0.979381443298969,8.282964706420898,9.249402046203613,1.7738800048828125,0.4885377585887909,0.6983596682548523,1.9690051078796387,,0.5300546448087432,0.021052631578947368,0.0,100.0,73.07692307692307,0.0,98.36065573770492,85.79234972677595,80.32786885245902,8.212261199951172,9.193474769592285,98.90710382513662,96.17486338797814,84.15300546448088,9.218786239624023,10.167433738708496,-0.12256369045821827,16.38752594590187,specimen_3__2025_05_08-14_34_16__Clip_3__end,valid,0.01194761972874403,0.01194761972874403,0.21489231288433075,0.10747339576482773,1.0,183
EGBM-v3-CARE-S,specimen_3,2025_05_08-14_34_16,valid,direct_ps,specimen_3__2025_05_08-14_34_16__Clip_4__start,0.020618556701030927,7.601973533630371,8.954521179199219,0.0,,2.2430686950683594,0.4193077087402344,2.241180181503296,2.2425291538238525,0.23931977152824402,0.020618556701030927,-1.0065250396728516,1.1111111111111112,0.0,0.0,0.0,0.0,0.0,1746707711_741147756,0.979381443298969,8.282964706420898,9.249402046203613,1.7738800048828125,0.4885377585887909,0.6983596682548523,1.9690051078796387,,0.5300546448087432,0.021052631578947368,0.0,100.0,73.07692307692307,0.0,98.36065573770492,85.79234972677595,80.32786885245902,8.212261199951172,9.193474769592285,98.90710382513662,96.17486338797814,84.15300546448088,9.218786239624023,10.167433738708496,-0.12256369045821827,16.145234927535057,specimen_3__2025_05_08-14_34_16__Clip_4__start,valid,0.01194761972874403,0.01194761972874403,0.21489231288433075,0.10747339576482773,1.0,183
EGBM-v3-CARE-S,specimen_3,2025_05_08-14_34_16,valid,direct_ps,specimen_3__2025_05_08-14_34_16__Clip_4__end,0.03488372093023256,6.394608020782471,6.712669849395752,0.0,,2.2438201904296875,1.1444091796875e-05,2.233558177947998,2.241425037384033,0.21552753448486328,0.03529411764705882,-0.33373355865478516,0.8152173913043478,0.0,0.0,0.0,0.0,0.0,1746707727_174034118,0.9651162790697675,9.356880187988281,9.693021774291992,1.8430137634277344,0.16926349699497223,0.5412123799324036,1.5967092514038086,,0.2245430809399478,0.03614457831325301,0.0,0.0,13.461538461538462,0.011764705882352941,96.08355091383812,86.42297650130548,75.97911227154047,8.96242618560791,10.162479400634766,95.30026109660574,88.25065274151436,79.89556135770235,9.296159744262695,10.434717178344727,-0.037236965944634826,16.429288778454065,specimen_3__2025_05_08-14_34_16__Clip_4__end,valid,0.016825085505843163,0.05044951289892197,0.6345883011817932,0.3189169466495514,0.9882352941176471,383
EGBM-v3-CARE-S,specimen_3,2025_05_08-14_34_16,valid,direct_ps,specimen_3__2025_05_08-14_34_16__Clip_5__start,0.03488372093023256,6.394608020782471,6.712669849395752,0.0,,2.2438201904296875,1.1444091796875e-05,2.233558177947998,2.241425037384033,0.21552753448486328,0.03529411764705882,-0.33373355865478516,0.8152173913043478,0.0,0.0,0.0,0.0,0.0,1746707727_174034118,0.9651162790697675,9.356880187988281,9.693021774291992,1.8430137634277344,0.16926349699497223,0.5412123799324036,1.5967092514038086,,0.2245430809399478,0.03614457831325301,0.0,0.0,13.461538461538462,0.011764705882352941,96.08355091383812,86.42297650130548,75.97911227154047,8.96242618560791,10.162479400634766,95.30026109660574,88.25065274151436,79.89556135770235,9.296159744262695,10.434717178344727,-0.037236965944634826,16.198403667658567,specimen_3__2025_05_08-14_34_16__Clip_5__start,valid,0.016825085505843163,0.05044951289892197,0.6345883011817932,0.3189169466495514,0.9882352941176471,383
EGBM-v3-CARE-S,specimen_3,2025_05_08-14_34_16,valid,direct_ps,specimen_3__2025_05_08-14_34_16__Clip_5__end,0.04487179487179487,5.726128578186035,6.952291011810303,0.0,,2.246185302734375,0.0017185211181640625,2.2408151626586914,2.2428643703460693,0.4118925929069519,0.08974358974358974,-0.695643424987793,0.5681818181818182,0.0,0.0,0.0,0.0,0.0,1746707740_506348848,0.9551282051282052,6.319047927856445,6.959493160247803,0.6969694495201111,0.35485726594924927,0.6624460816383362,1.8129777908325195,,0.4083769633507853,0.04697986577181208,0.0,46.666666666666664,43.63636363636363,0.07051282051282051,92.14659685863874,71.20418848167539,54.45026178010471,6.2631707191467285,8.146071434020996,95.28795811518324,83.7696335078534,62.04188481675392,6.9588141441345215,8.542978286743164,-0.11106889085127235,16.10393403097987,specimen_3__2025_05_08-14_34_16__Clip_5__end,valid,0.008288701996207237,0.02485959604382515,0.31433624029159546,0.15735268592834473,0.9294871794871795,382
EGBM-v3-CARE-S,specimen_3,2025_05_08-14_39_50,valid,direct_ps,specimen_3__2025_05_08-14_39_50__Clip_1__start,,,,,,,,,,,,,,,,,,,1746707996_207382202,,,,,0.9999963045120239,0.9953999519348145,,,,,,,,,,,,,,,,,,,,16.16753824055195,specimen_3__2025_05_08-14_39_50__Clip_1__start,valid,,,,,,0
EGBM-v3-CARE-S,specimen_3,2025_05_08-14_39_50,valid,direct_ps,specimen_3__2025_05_08-14_39_50__Clip_1__end,,,,,,,,,,,,,,,,,,,1746708013_540880203,,,,,1.0,0.996292233467102,,,,,,,,,,,,,,,,,,,,16.461466904729605,specimen_3__2025_05_08-14_39_50__Clip_1__end,valid,,,,,,0
EGBM-v3-CARE-S,specimen_3,2025_05_08-14_39_50,valid,direct_ps,specimen_3__2025_05_08-14_39_50__Clip_2__start,,,,,,,,,,,,,,,,,,,1746708013_540880203,,,,,1.0,0.996292233467102,,,,,,,,,,,,,,,,,,,,16.183221712708473,specimen_3__2025_05_08-14_39_50__Clip_2__start,valid,,,,,,0
EGBM-v3-CARE-S,specimen_3,2025_05_08-14_39_50,valid,direct_ps,specimen_3__2025_05_08-14_39_50__Clip_2__end,,,,,,,,,,,,,,,,,,,1746708028_073565483,,,,,1.0,0.9963402152061462,,,,,,,,,,,,,,,,,,,,16.373795922845602,specimen_3__2025_05_08-14_39_50__Clip_2__end,valid,,,,,,0
EGBM-v3-CARE-S,specimen_3,2025_05_08-14_39_50,valid,direct_ps,specimen_3__2025_05_08-14_39_50__Clip_3__start,,,,,,,,,,,,,,,,,,,1746708028_073565483,,,,,1.0,0.9963402152061462,,,,,,,,,,,,,,,,,,,,16.293856780976057,specimen_3__2025_05_08-14_39_50__Clip_3__start,valid,,,,,,0
EGBM-v3-CARE-S,specimen_3,2025_05_08-14_39_50,valid,direct_ps,specimen_3__2025_05_08-14_39_50__Clip_3__end,,,,,,,,,,,,,,,,,,,1746708041_806072235,,,,,1.0,0.9963657259941101,,,,,,,,,,,,,,,,,,,,16.2230022251606,specimen_3__2025_05_08-14_39_50__Clip_3__end,valid,,,,,,0
EGBM-v3-CARE-S,specimen_3,2025_05_08-14_39_50,valid,direct_ps,specimen_3__2025_05_08-14_39_50__Clip_4__start,,,,,,,,,,,,,,,,,,,1746708041_806072235,,,,,1.0,0.9963657259941101,,,,,,,,,,,,,,,,,,,,16.326756216585636,specimen_3__2025_05_08-14_39_50__Clip_4__start,valid,,,,,,0
EGBM-v3-CARE-S,specimen_3,2025_05_08-14_39_50,valid,direct_ps,specimen_3__2025_05_08-14_39_50__Clip_4__end,0.0,,,0.0,,2.2444839477539062,2.2444839477539062,2.2444839477539062,2.2444839477539062,0.299264520406723,0.0,-2.2444839477539062,0.0,0.0,0.0,0.0,0.0,0.0,1746708059_806899309,1.0,7.5,9.744483947753906,0.0,1.0,0.9963290095329285,2.2444839477539062,,1.0,0.0,0.0,0.0,0.0,0.0,100.0,100.0,100.0,7.5,7.5,100.0,100.0,100.0,9.744483947753906,9.744483947753906,-0.2992645263671875,16.136863734573126,specimen_3__2025_05_08-14_39_50__Clip_4__end,valid,1.0,1.0,1.0,1.0,1.0,1
EGBM-v3-CARE-S,specimen_3,2025_05_08-14_39_50,valid,direct_ps,specimen_3__2025_05_08-14_39_50__Clip_5__start,0.0,,,0.0,,2.2444839477539062,2.2444839477539062,2.2444839477539062,2.2444839477539062,0.299264520406723,0.0,-2.2444839477539062,0.0,0.0,0.0,0.0,0.0,0.0,1746708059_806899309,1.0,7.5,9.744483947753906,0.0,1.0,0.9963290095329285,2.2444839477539062,,1.0,0.0,0.0,0.0,0.0,0.0,100.0,100.0,100.0,7.5,7.5,100.0,100.0,100.0,9.744483947753906,9.744483947753906,-0.2992645263671875,16.179165802896023,specimen_3__2025_05_08-14_39_50__Clip_5__start,valid,1.0,1.0,1.0,1.0,1.0,1
EGBM-v3-CARE-S,specimen_3,2025_05_08-14_39_50,valid,direct_ps,specimen_3__2025_05_08-14_39_50__Clip_5__end,0.0,,,0.0,,2.2442970275878906,2.242433547973633,2.2442662715911865,2.244290828704834,1.0476789474487305,0.0,-2.242687702178955,0.0,0.0,0.0,0.0,0.0,0.0,1746708075_840823411,1.0,2.140625,4.383312702178955,0.0,1.0,0.9951376914978027,2.242687702178955,,1.0,0.0,0.0,0.0,100.0,0.0,100.0,0.0,0.0,2.140625,2.1806812286376953,100.0,100.0,12.5,4.383312702178955,4.40310001373291,-1.0476789265653512,16.473595052957535,specimen_3__2025_05_08-14_39_50__Clip_5__end,valid,0.12508970499038696,0.12508970499038696,0.12508970499038696,0.12508970499038696,1.0,8
EGBM-v3-CARE-S,specimen_3,2025_05_08-14_50_11,valid,direct_ps,specimen_3__2025_05_08-14_50_11__Clip_1__start,0.0,,,0.0,,2.2440567016601562,2.243816375732422,2.244032621383667,2.244051933288574,0.3397659659385681,0.0,-2.2438712120056152,0.0,0.0,0.0,0.0,0.0,0.0,1746708617_239433050,1.0,6.604166507720947,8.848037719726562,0.0,1.0,0.9959225654602051,2.243870973587036,,1.0,0.0,0.0,0.0,0.0,0.0,100.0,100.0,100.0,6.604166507720947,6.604380130767822,100.0,100.0,100.0,8.848037719726562,8.848196983337402,-0.3397659961150737,16.273296903818846,specimen_3__2025_05_08-14_50_11__Clip_1__start,valid,0.3333609104156494,0.3333609104156494,0.3333609104156494,0.3333609104156494,1.0,3
EGBM-v3-CARE-S,specimen_3,2025_05_08-14_50_11,valid,direct_ps,specimen_3__2025_05_08-14_50_11__Clip_1__end,0.0,,,0.0,,2.2445716857910156,2.2445716857910156,2.2445716857910156,2.2445716857910156,0.7404772639274597,0.0,-2.2445716857910156,0.0,0.0,0.0,0.0,0.0,0.0,1746708631_207470893,1.0,3.03125,5.275821685791016,0.0,1.0,0.9963868856430054,2.2445716857910156,,1.0,0.0,0.0,0.0,0.0,0.0,100.0,100.0,0.0,3.03125,3.03125,100.0,100.0,100.0,5.275821685791016,5.275821685791016,-0.7404772571681701,16.22897107154131,specimen_3__2025_05_08-14_50_11__Clip_1__end,valid,1.0,1.0,1.0,1.0,1.0,1
EGBM-v3-CARE-S,specimen_3,2025_05_08-14_50_11,valid,direct_ps,specimen_3__2025_05_08-14_50_11__Clip_2__start,0.0,,,0.0,,2.2445716857910156,2.2445716857910156,2.2445716857910156,2.2445716857910156,0.7404772639274597,0.0,-2.2445716857910156,0.0,0.0,0.0,0.0,0.0,0.0,1746708631_207470893,1.0,3.03125,5.275821685791016,0.0,1.0,0.9963868856430054,2.2445716857910156,,1.0,0.0,0.0,0.0,0.0,0.0,100.0,100.0,0.0,3.03125,3.03125,100.0,100.0,100.0,5.275821685791016,5.275821685791016,-0.7404772571681701,16.421798150986433,specimen_3__2025_05_08-14_50_11__Clip_2__start,valid,1.0,1.0,1.0,1.0,1.0,1
EGBM-v3-CARE-S,specimen_3,2025_05_08-14_50_11,valid,direct_ps,specimen_3__2025_05_08-14_50_11__Clip_2__end,,,,,,,,,,,,,,,,,,,1746708644_406662940,,,,,1.0,0.9962374567985535,,,,,,,,,,,,,,,,,,,,16.228419728577137,specimen_3__2025_05_08-14_50_11__Clip_2__end,valid,,,,,,0
EGBM-v3-CARE-S,specimen_3,2025_05_08-14_50_11,valid,direct_ps,specimen_3__2025_05_08-14_50_11__Clip_3__start,,,,,,,,,,,,,,,,,,,1746708644_406662940,,,,,1.0,0.9962374567985535,,,,,,,,,,,,,,,,,,,,16.366044990718365,specimen_3__2025_05_08-14_50_11__Clip_3__start,valid,,,,,,0
EGBM-v3-CARE-S,specimen_3,2025_05_08-14_50_11,valid,direct_ps,specimen_3__2025_05_08-14_50_11__Clip_3__end,0.0,,,0.0,,1.7790641784667969,1.7790641784667969,1.7790641784667969,1.7790641784667969,0.5128833651542664,0.0,-1.7790641784667969,0.0,0.0,0.0,0.0,0.0,0.0,1746708658_240703105,1.0,3.46875,5.247814178466797,0.0,1.0,0.9946133494377136,1.7790641784667969,,1.0,0.0,0.0,0.0,0.0,0.0,100.0,100.0,0.0,3.46875,3.46875,100.0,100.0,100.0,5.247814178466797,5.247814178466797,-0.5128833667652027,16.159957740455866,specimen_3__2025_05_08-14_50_11__Clip_3__end,valid,1.0,1.0,1.0,1.0,1.0,1
EGBM-v3-CARE-S,specimen_3,2025_05_08-14_50_11,valid,direct_ps,specimen_3__2025_05_08-14_50_11__Clip_4__start,0.0,,,0.0,,1.7790641784667969,1.7790641784667969,1.7790641784667969,1.7790641784667969,0.5128833651542664,0.0,-1.7790641784667969,0.0,0.0,0.0,0.0,0.0,0.0,1746708658_240703105,1.0,3.46875,5.247814178466797,0.0,1.0,0.9946133494377136,1.7790641784667969,,1.0,0.0,0.0,0.0,0.0,0.0,100.0,100.0,0.0,3.46875,3.46875,100.0,100.0,100.0,5.247814178466797,5.247814178466797,-0.5128833667652027,16.33533975109458,specimen_3__2025_05_08-14_50_11__Clip_4__start,valid,1.0,1.0,1.0,1.0,1.0,1
EGBM-v3-CARE-S,specimen_3,2025_05_08-14_59_26,valid,direct_ps,specimen_3__2025_05_08-14_59_26__Clip_2__end,0.2,,,0.0,,2.2454376220703125,2.2429161071777344,2.2452590465545654,2.2453877925872803,0.928092896938324,0.2413793103448276,-1.3661751747131348,9.090909090909092,16.666666666666664,0.0,0.0,0.0,0.0,1746709304_905916452,0.8,2.4156250953674316,3.7818002700805664,1.8732725381851196,0.9999996423721313,0.9946333765983582,2.176037311553955,,1.0,0.25,0.0,100.0,50.0,0.10344827586206896,73.33333333333333,40.0,6.666666666666667,2.4156250953674316,2.926102638244629,93.33333333333333,63.33333333333333,30.0,3.7818002700805664,4.132640361785889,-0.5655576179155942,16.480004880577326,specimen_3__2025_05_08-14_59_26__Clip_2__end,valid,0.042991962283849716,0.042991962283849716,0.12896017730236053,0.042991962283849716,0.896551724137931,30
EGBM-v3-CARE-S,specimen_3,2025_05_08-14_59_26,valid,direct_ps,specimen_3__2025_05_08-14_59_26__Clip_3__start,0.2,,,0.0,,2.2454376220703125,2.2429161071777344,2.2452590465545654,2.2453877925872803,0.928092896938324,0.2413793103448276,-1.3661751747131348,9.090909090909092,16.666666666666664,0.0,0.0,0.0,0.0,1746709304_905916452,0.8,2.4156250953674316,3.7818002700805664,1.8732725381851196,0.9999996423721313,0.9946333765983582,2.176037311553955,,1.0,0.25,0.0,100.0,50.0,0.10344827586206896,73.33333333333333,40.0,6.666666666666667,2.4156250953674316,2.926102638244629,93.33333333333333,63.33333333333333,30.0,3.7818002700805664,4.132640361785889,-0.5655576179155942,16.237724106758833,specimen_3__2025_05_08-14_59_26__Clip_3__start,valid,0.042991962283849716,0.042991962283849716,0.12896017730236053,0.042991962283849716,0.896551724137931,30
EGBM-v3-CARE-S,specimen_3,2025_05_08-14_59_26,valid,direct_ps,specimen_3__2025_05_08-14_59_26__Clip_3__end,0.0,,,0.0,,1.7770347595214844,1.7769155502319336,1.7770228385925293,1.7770323753356934,1.006394624710083,0.0,-1.7769155502319336,0.0,0.0,0.0,0.0,0.0,0.0,1746709328_040919780,1.0,1.765625,3.5425405502319336,0.0,1.0,0.993117094039917,1.7769155502319336,,1.0,0.0,0.0,0.0,100.0,0.0,100.0,0.0,0.0,1.765625,1.7667309045791626,100.0,100.0,0.0,3.5425405502319336,3.5430896282196045,-1.0063946479189712,16.182320658117533,specimen_3__2025_05_08-14_59_26__Clip_3__end,valid,0.5000335574150085,0.5000335574150085,0.5000335574150085,0.5000335574150085,1.0,2
