applied_abs_mean,clip_id,failure_mode,frame_id,modified_pct,new_bad3_pct,new_bad3_pixels,oracle_gap_recovered_pct,oracle_mae,raw_bad3,raw_good_pixels,raw_mae,refined_bad3,refined_mae,sequence_id,trust_mean
0.3365398347377777,dataset_2_keyframe_1_000000_000087,clean_core,000000,7.275313166675784,3.020305329774152,1007,-188.83632193565157,0.3045135736465454,0.41026202067720585,33341,0.47179874777793884,3.2985066462447348,0.7876939177513123,dataset_2_keyframe_1,0.10334673523902893
0.03796425834298134,dataset_2_keyframe_1_000000_000087,clean_core,000001,7.410232659510707,0.24623965348443944,83,-13.711556174293023,0.2574493885040283,0.3623385822481338,33707,0.4478670060634613,0.6565684084345883,0.4739762246608734,dataset_2_keyframe_1,0.1366215944290161
0.014658884145319462,dataset_2_keyframe_1_000000_000087,clean_core,000002,6.908556818799978,0.003045901739209893,1,-4.795371696501856,0.2579055726528168,0.310069085568188,32831,0.4821166396141052,0.3318283196431486,0.4928683936595917,dataset_2_keyframe_1,0.16956230998039246
0.01854701153934002,dataset_2_keyframe_1_000000_000087,clean_core,000003,8.000649579126858,0.011906179307060364,4,-5.9637228270762135,0.2712686359882355,0.4032803745906298,33596,0.47183549404144287,0.4195198527620646,0.48379674553871155,dataset_2_keyframe_1,0.2196158617734909
0.013906259089708328,dataset_2_keyframe_1_000000_000087,clean_core,000004,7.110499919106941,0.017942047187584104,6,-4.369626414094118,0.2573300898075104,0.2642506606266516,33441,0.4682612717151642,0.2858221431267864,0.47747817635536194,dataset_2_keyframe_1,0.20040546357631683
0.01236386876553297,dataset_2_keyframe_1_000000_000087,clean_core,000005,7.472628229329594,0.0,0,-4.290691536067332,0.24216938018798828,0.28854970066339464,33464,0.4673670828342438,0.3290005932797584,0.47702962160110474,dataset_2_keyframe_1,0.20573194324970245
0.018424199894070625,dataset_2_keyframe_1_000000_000087,clean_core,000006,7.715850515463917,0.014855750661080904,5,-7.656247889150571,0.2814547121524811,0.28994845360824745,33657,0.47999808192253113,0.33021907216494845,0.495199054479599,dataset_2_keyframe_1,0.2093888223171234
0.024820320308208466,dataset_2_keyframe_1_000000_000087,clean_core,000007,7.638480850381924,0.14930179454902076,51,-10.869653421174334,0.28814148902893066,0.28577533251428877,34159,0.4614887833595276,0.4273276000213664,0.48033103346824646,dataset_2_keyframe_1,0.19347016513347626
0.02542121335864067,dataset_2_keyframe_1_000000_000087,clean_core,000008,8.038277511961722,0.09145891724443134,31,-12.660947206778415,0.28942549228668213,0.28708133971291866,33895,0.46205559372901917,0.43859649122807015,0.4839121997356415,dataset_2_keyframe_1,0.18518151342868805
0.03872019425034523,dataset_2_keyframe_1_000000_000087,clean_core,000009,8.070249907147026,0.12962739659954178,43,-18.605473569920502,0.3020631670951843,0.323658937761978,33172,0.4891519546508789,0.7401708494720646,0.5239607095718384,dataset_2_keyframe_1,0.19482159614562988
0.054173775017261505,dataset_2_keyframe_1_000000_000087,clean_core,000010,8.277569945729491,0.5299739357080799,183,-31.00993524561147,0.2947624623775482,0.276621529058433,34530,0.4514315128326416,0.8166921334106118,0.5000144839286804,dataset_2_keyframe_1,0.18455427885055542
0.062128130346536636,dataset_2_keyframe_1_000000_000087,clean_core,000011,7.51526538280883,0.3201477605048484,104,-23.80780960870853,0.2771359980106354,0.41751474348937945,32485,0.534359335899353,1.2969051719638849,0.595598578453064,dataset_2_keyframe_1,0.17084306478500366
0.03314029425382614,dataset_2_keyframe_1_000000_000087,clean_core,000012,6.458036984352773,0.025097701767595283,7,-8.019572759368652,0.38565725088119507,1.4767877925772663,27891,0.7905340790748596,2.195784301047459,0.8230034708976746,dataset_2_keyframe_1,0.16403943300247192
0.014071527868509293,dataset_2_keyframe_1_000000_000087,clean_core,000013,5.774433765363704,0.003872066909316193,1,-3.8882041774210507,0.5444516539573669,2.9168491844675204,25826,0.8925579190254211,2.983843953722075,0.9060930013656616,dataset_2_keyframe_1,0.1580164134502411
0.00747920386493206,dataset_2_keyframe_1_000000_000087,clean_core,000014,4.469502819067145,0.0,0,-2.583654544438858,0.6887997984886169,2.6576114812916454,23624,0.9619473814964294,2.601230138390569,0.9690045714378357,dataset_2_keyframe_1,0.1426180750131607
0.006429124157875776,dataset_2_keyframe_1_000000_000087,clean_core,000015,3.7664927891991407,0.004198857910648304,1,-2.8778424032932293,0.7472096681594849,2.3601309195049605,23816,0.9643415212631226,2.316661552623504,0.9705902338027954,dataset_2_keyframe_1,0.13758660852909088
0.0049746232107281685,dataset_2_keyframe_1_000000_000087,clean_core,000016,3.781277072822708,0.0,0,-1.9263306407193523,0.7990002036094666,3.827141619528105,22157,1.0462706089019775,3.7557967690974876,1.051033854484558,dataset_2_keyframe_1,0.13901396095752716
0.0034403796307742596,dataset_2_keyframe_1_000000_000087,clean_core,000017,2.9879518072289155,0.0,0,-1.1843860589812332,0.8766423463821411,4.535193405199746,19870,1.1545490026474,4.380469245402663,1.1578404903411865,dataset_2_keyframe_1,0.13015025854110718
0.0029454606119543314,dataset_2_keyframe_1_000000_000087,clean_core,000018,2.9315220684779315,0.0,0,-1.146587400788831,0.9608396291732788,5.085344914655085,18254,1.2037522792816162,4.951520048479951,1.2065374851226807,dataset_2_keyframe_1,0.12995849549770355
0.003643849864602089,dataset_2_keyframe_1_000000_000087,clean_core,000019,3.468803375866573,0.0,0,-1.6118757429817652,1.0279587507247925,4.199738772229479,16593,1.2431584596633911,4.089219330855019,1.2466272115707397,dataset_2_keyframe_1,0.13085144758224487
0.003787800669670105,dataset_2_keyframe_1_000000_000087,clean_core,000020,3.1525,0.0,0,-2.146090720156384,1.053696870803833,4.5175,17596,1.2245711088180542,4.35,1.2282382249832153,dataset_2_keyframe_1,0.12966875731945038
0.00518175819888711,dataset_2_keyframe_1_000000_000087,clean_core,000021,3.6689716929505996,0.0,0,-2.4517211634443434,1.080870509147644,5.168897069797523,16076,1.2830533981323242,5.094273916720561,1.2880103588104248,dataset_2_keyframe_1,0.13450723886489868
0.0027659148909151554,dataset_2_keyframe_1_000000_000087,clean_core,000022,3.0172413793103448,0.0,0,-1.0778322107164973,1.0648866891860962,4.981668648434403,14742,1.303209662437439,4.828081648830757,1.3057783842086792,dataset_2_keyframe_1,0.12595601379871368
0.0031874675769358873,dataset_2_keyframe_1_000000_000087,clean_core,000023,3.130601320990989,0.0,0,-1.6013939333081981,1.0974606275558472,4.765880128661576,15643,1.2862205505371094,4.59891472487539,1.2892433404922485,dataset_2_keyframe_1,0.13236869871616364
0.002129798522219062,dataset_2_keyframe_1_000000_000087,clean_core,000024,2.615268696983691,0.0,0,-1.4577693893262473,1.0872999429702759,4.532970371630654,17446,1.2265057563781738,4.384706997545147,1.2285350561141968,dataset_2_keyframe_1,0.1241660863161087
0.0028392334934324026,dataset_2_keyframe_1_000000_000087,clean_core,000025,2.74973979134897,0.0,0,-1.8144398202124195,1.071794867515564,5.32762084573863,18011,1.2207703590393066,5.143659380824438,1.2234734296798706,dataset_2_keyframe_1,0.12294209748506546
0.004727013874799013,dataset_2_keyframe_1_000000_000087,clean_core,000026,2.4323348971490435,0.0,0,-2.719138221694231,1.1232324838638306,6.017081679297486,16217,1.2937207221984863,5.952123180560568,1.298356533050537,dataset_2_keyframe_1,0.11429651081562042
0.0030690000858157873,dataset_2_keyframe_1_000000_000087,clean_core,000027,2.641013384321224,0.0,0,-1.7208105500160824,1.2332935333251953,6.756692160611855,13954,1.4067444801330566,6.632409177820268,1.409729242324829,dataset_2_keyframe_1,0.11154568940401077
0.0033065376337617636,dataset_2_keyframe_1_000000_000087,clean_core,000028,2.3633642906344265,0.0,0,-1.9188523382064977,1.2940784692764282,7.0473385430274815,12467,1.4639290571212769,6.949953682810385,1.4671882390975952,dataset_2_keyframe_1,0.10575760900974274
0.0033993516117334366,dataset_2_keyframe_1_000000_000087,clean_core,000029,2.6591477514038977,0.0,0,-2.2424535764758926,1.3133891820907593,6.811854089000048,12068,1.4609193801879883,6.807135104525506,1.4642276763916016,dataset_2_keyframe_1,0.11486241221427917
0.0034484844654798508,dataset_2_keyframe_1_000000_000087,clean_core,000030,2.493244037128422,0.0,0,-2.495914609815377,1.2784558534622192,6.039243332158383,13224,1.413191795349121,5.987545529315004,1.4165546894073486,dataset_2_keyframe_1,0.11071380227804184
0.004070344381034374,dataset_2_keyframe_1_000000_000087,clean_core,000031,2.47602156309071,0.0,0,-2.9697964341020535,1.1607197523117065,5.134069216587711,16160,1.2920476198196411,4.93804111922709,1.295947790145874,dataset_2_keyframe_1,0.11337525397539139
0.00423986604437232,dataset_2_keyframe_1_000000_000087,clean_core,000032,2.849716884804604,0.0,0,-2.259626713416047,0.9870350360870361,4.235124849159937,20649,1.1676405668258667,4.070361087904947,1.1717215776443481,dataset_2_keyframe_1,0.11322248727083206
0.012480095960199833,dataset_2_keyframe_1_000000_000087,clean_core,000033,4.022392701637985,0.014493453790038167,3,-7.265229456202397,1.0103791952133179,4.153707927292833,20699,1.1756441593170166,4.174441910290967,1.1876510381698608,dataset_2_keyframe_1,0.135770782828331
0.009063874371349812,dataset_2_keyframe_1_000000_000087,clean_core,000034,5.263758328009492,0.004334633723450368,1,-4.939180442880999,0.9543064832687378,4.663685315323537,23070,1.1232038736343384,4.807429040795839,1.1315460205078125,dataset_2_keyframe_1,0.16586801409721375
0.013355382718145847,dataset_2_keyframe_1_000000_000087,clean_core,000035,6.933532014810801,0.0036626011793575797,1,-8.333163287863174,0.9374322891235352,6.755170233902285,27303,1.0776410102844238,6.917727806375869,1.0893248319625854,dataset_2_keyframe_1,0.19323866069316864
0.019496029242873192,dataset_2_keyframe_1_000000_000087,clean_core,000036,9.07489576133247,0.003640202395253176,1,-13.174586266236357,0.9371104836463928,6.528573658275547,27471,1.0708426237106323,6.847421347187228,1.0884612798690796,dataset_2_keyframe_1,0.21603576838970184
0.020608114078640938,dataset_2_keyframe_1_000000_000087,clean_core,000037,9.283684163780087,0.0,0,-11.201039993140057,0.8078460693359375,5.848654409805489,31724,0.9552080631256104,6.152855493383071,0.9717141389846802,dataset_2_keyframe_1,0.2120562195777893
0.014423477463424206,dataset_2_keyframe_1_000000_000087,clean_core,000038,7.69706064083326,0.0,0,-7.082505473831486,0.7885453104972839,6.893812340012357,32184,0.9591217637062073,7.286609586018184,0.9712028503417969,dataset_2_keyframe_1,0.20797935128211975
0.012722192332148552,dataset_2_keyframe_1_000000_000087,clean_core,000039,6.151405657883141,0.0,0,-5.901596980771721,0.7721162438392639,5.849563761346611,31281,0.959867537021637,6.03243147968626,0.9709478616714478,dataset_2_keyframe_1,0.19366773962974548
0.025238152593374252,dataset_2_keyframe_1_000000_000087,clean_core,000040,7.635907259396261,0.0,0,-12.815597180984087,0.5568777918815613,1.7658585992029416,34265,0.7350606322288513,2.1049386793491425,0.757895827293396,dataset_2_keyframe_1,0.21616873145103455
0.05751742422580719,dataset_2_keyframe_1_000000_000087,clean_core,000041,7.923011007843913,0.37485242030696575,127,-16.899300248118664,0.44740238785743713,0.92501043657856,33880,0.7170684933662415,1.2216289851251292,0.7626401782035828,dataset_2_keyframe_1,0.22480016946792603
0.10444328188896179,dataset_2_keyframe_1_000000_000087,clean_core,000042,9.720179962690661,0.573305131915841,206,-29.331332470382627,0.3655073940753937,0.5047734006364534,35932,0.6437013149261475,1.3782508504334468,0.7252992987632751,dataset_2_keyframe_1,0.2716372311115265
0.12780322134494781,dataset_2_keyframe_1_000000_000087,clean_core,000043,10.89239421767213,0.5834750483785844,199,-19.762488707484554,0.3808974027633667,0.9402873588470495,34106,0.733945906162262,1.964058174787996,0.8037170767784119,dataset_2_keyframe_1,0.2922574579715729
0.2583755850791931,dataset_2_keyframe_1_000000_000087,clean_core,000044,13.626637554585153,0.33048666354702855,113,-18.667864629568356,0.3340044915676117,2.532751091703057,34192,0.779941976070404,3.8209606986899565,0.8631889820098877,dataset_2_keyframe_1,0.30626022815704346
0.24737468361854553,dataset_2_keyframe_1_000000_000087,clean_core,000045,11.473419477929061,0.17026589857827976,60,-19.604923783454137,0.38541147112846375,2.7187581302575667,35239,0.7534391283988953,3.657531870609661,0.8255906701087952,dataset_2_keyframe_1,0.24592211842536926
0.22842353582382202,dataset_2_keyframe_1_000000_000087,clean_core,000046,11.174446117444612,0.25511683191279644,88,-21.328648259002666,0.475346177816391,2.284362228436223,34494,0.7838520407676697,3.0630243063024305,0.8496521711349487,dataset_2_keyframe_1,0.24328367412090302
0.16549962759017944,dataset_2_keyframe_1_000000_000087,clean_core,000047,10.591264015659242,0.09441720220509853,31,-4.179737037025591,0.6081506013870239,2.13399714899683,32833,0.8395851850509644,2.3573966511350823,0.849258542060852,dataset_2_keyframe_1,0.22482918202877045
0.09820809960365295,dataset_2_keyframe_1_000000_000087,clean_core,000048,10.146064319179157,0.08435533060800726,26,2.634420393145483,0.673970103263855,2.7580504971274724,30822,0.915038526058197,2.7728901231688963,0.9086877703666687,dataset_2_keyframe_1,0.22358840703964233
0.06983873248100281,dataset_2_keyframe_1_000000_000087,clean_core,000049,10.698202937586801,0.04963834917033045,14,7.122853490425546,0.7614532709121704,2.6240478094356297,28204,0.9966357946395874,2.5335634022137117,0.9798840880393982,dataset_2_keyframe_1,0.2310139685869217
0.05136007443070412,dataset_2_keyframe_1_000000_000087,clean_core,000050,9.720075203676624,0.0037019212971532225,1,7.419732978893904,0.8181448578834534,2.297890119072488,27013,1.0312447547912598,2.134948819720075,1.0154333114624023,dataset_2_keyframe_1,0.2161477953195572
0.039200909435749054,dataset_2_keyframe_1_000000_000087,clean_core,000051,8.988623577947243,0.0,0,7.901985758236098,0.8744139671325684,2.625328166020753,24471,1.1113967895507812,2.414885193982581,1.0926704406738281,dataset_2_keyframe_1,0.20639587938785553
0.03619426116347313,dataset_2_keyframe_1_000000_000087,clean_core,000052,9.19132885683495,0.0,0,6.852358203013507,0.9390776753425598,3.1459835861725938,21896,1.2019941806793213,2.828898284008953,1.1839781999588013,dataset_2_keyframe_1,0.21589964628219604
0.03414386510848999,dataset_2_keyframe_1_000000_000087,clean_core,000053,8.64847021930639,0.0,0,7.621844020091837,0.9251375794410706,3.076066101380207,22283,1.1822952032089233,2.8594417280435724,1.162695050239563,dataset_2_keyframe_1,0.20697961747646332
0.02529020980000496,dataset_2_keyframe_1_000000_000087,clean_core,000054,8.35181079083518,0.0,0,5.97332906417742,0.8986440896987915,2.108483206044182,23715,1.1309666633605957,1.9606635460293997,1.1170892715454102,dataset_2_keyframe_1,0.20580944418907166
0.023740138858556747,dataset_2_keyframe_1_000000_000087,clean_core,000055,8.398976982097187,0.0038749176579997674,1,4.396307457233971,0.8592742681503296,2.277237851662404,25807,1.0752270221710205,2.170843989769821,1.0657330751419067,dataset_2_keyframe_1,0.21759195625782013
0.021690841764211655,dataset_2_keyframe_1_000000_000087,clean_core,000056,7.645564475154964,0.0,0,4.947552160132158,0.872156023979187,2.142058733868509,26041,1.0824344158172607,2.0363784168275583,1.072030782699585,dataset_2_keyframe_1,0.21526777744293213
0.018406663089990616,dataset_2_keyframe_1_000000_000087,clean_core,000057,7.411307306010044,0.0,0,3.7206206366324217,0.8374505043029785,2.1788433500728983,26657,1.068479299545288,2.1403693503968895,1.0598835945129395,dataset_2_keyframe_1,0.20533627271652222
0.018363401293754578,dataset_2_keyframe_1_000000_000087,clean_core,000058,7.2291821673470205,0.0,0,3.1794915778433563,0.9318600296974182,2.3990025940598043,24055,1.1417356729507446,2.407046190351706,1.1350626945495605,dataset_2_keyframe_1,0.21295621991157532
0.01882259175181389,dataset_2_keyframe_1_000000_000087,clean_core,000059,7.101184867379057,0.0,0,3.1087344705748263,1.0594199895858765,2.5822490426832934,18863,1.2853349447250366,2.4539385312456146,1.278311848640442,dataset_2_keyframe_1,0.1978246569633484
0.014051123522222042,dataset_2_keyframe_1_000000_000087,clean_core,000060,7.146554126687104,0.0,0,0.6615194819759995,1.1158721446990967,2.9760719831190032,17981,1.3178281784057617,2.9700999323167574,1.3164921998977661,dataset_2_keyframe_1,0.20886604487895966
0.011662605218589306,dataset_2_keyframe_1_000000_000087,clean_core,000061,6.721889738813364,0.0,0,-0.14481264379468958,1.270239233970642,3.3312195315286752,13684,1.4854228496551514,3.2123181800166463,1.485734462738037,dataset_2_keyframe_1,0.1852399855852127
0.011915823444724083,dataset_2_keyframe_1_000000_000087,clean_core,000062,6.618254811666076,0.0,0,-0.7128499505768632,1.3930745124816895,5.350887550675011,11700,1.5765081644058228,5.020270004329515,1.5778157711029053,dataset_2_keyframe_1,0.1963157057762146
0.010935425758361816,dataset_2_keyframe_1_000000_000087,clean_core,000063,6.377441196039294,0.0,0,-0.21056845724855147,1.5681933164596558,7.348049000039137,9329,1.7218412160873413,6.723807287386013,1.7221647500991821,dataset_2_keyframe_1,0.20039930939674377
0.01621355302631855,dataset_2_keyframe_1_000000_000087,clean_core,000064,6.596162444837574,0.0,0,0.6355017961818749,1.6186132431030273,8.967903730632399,6810,1.8796724081039429,8.200003888100468,1.8780133724212646,dataset_2_keyframe_1,0.21118448674678802
0.010924817062914371,dataset_2_keyframe_1_000000_000087,clean_core,000065,5.7935970596769515,0.0,0,0.32634691136161487,1.7374969720840454,9.720475868072347,5769,1.947644829750061,8.93703452945159,1.9469590187072754,dataset_2_keyframe_1,0.20169074833393097
0.009916272014379501,dataset_2_keyframe_1_000000_000087,clean_core,000066,5.34235255683456,0.01893580761219466,1,-0.12140836080254559,1.7949541807174683,11.107481215289122,5281,1.9951609373092651,10.183138920383573,1.9954040050506592,dataset_2_keyframe_1,0.19370779395103455
0.010417366400361061,dataset_2_keyframe_1_000000_000087,clean_core,000067,5.785155577654956,0.0,0,-0.21039910400771805,1.761838674545288,9.527816557975864,6345,1.947679042816162,8.699726519918148,1.9480700492858887,dataset_2_keyframe_1,0.1923130750656128
0.0093260258436203,dataset_2_keyframe_1_000000_000087,clean_core,000068,5.791248356923781,0.0,0,-0.12070402916366763,1.6220918893814087,8.80117348979864,7246,1.852305293083191,7.896290934029299,1.8525831699371338,dataset_2_keyframe_1,0.21243982017040253
0.00988435186445713,dataset_2_keyframe_1_000000_000087,clean_core,000069,5.496177399109961,0.0,0,-0.38023321540422683,1.4182746410369873,6.045795139020957,10998,1.641404151916504,5.614088471340002,1.6422525644302368,dataset_2_keyframe_1,0.22093872725963593
0.009219640865921974,dataset_2_keyframe_1_000000_000087,clean_core,000070,5.554924242424242,0.0,0,-0.11157949608287039,1.202589988708496,5.223484848484849,16503,1.4239583015441895,4.808712121212121,1.4242053031921387,dataset_2_keyframe_1,0.22520241141319275
0.008978597819805145,dataset_2_keyframe_1_000000_000087,clean_core,000071,5.103812759531899,0.0,0,-0.7007959257807301,1.029433250427246,3.2653831634579085,22329,1.2283036708831787,3.059645149112873,1.229697346687317,dataset_2_keyframe_1,0.22324126958847046
0.01042877696454525,dataset_2_keyframe_1_000000_000087,clean_core,000072,5.29508165840978,0.0,0,-0.3708762630145908,0.9418030977249146,3.177802475182248,25480,1.1526585817337036,3.0082694444967695,1.1534405946731567,dataset_2_keyframe_1,0.23786167800426483
0.009112139232456684,dataset_2_keyframe_1_000000_000087,clean_core,000073,5.241602164274442,0.0,0,-0.4691385903380032,0.8266314268112183,2.472382956338769,29805,1.0261781215667725,2.387840985947246,1.0271142721176147,dataset_2_keyframe_1,0.25688666105270386
0.006478023249655962,dataset_2_keyframe_1_000000_000087,clean_core,000074,4.379452568428946,0.0,0,-0.34411109848002047,0.7778707146644592,2.3790776152980877,30975,0.9855015873908997,2.285339332583427,0.9862160682678223,dataset_2_keyframe_1,0.2345668375492096
0.00813852995634079,dataset_2_keyframe_1_000000_000087,clean_core,000075,4.981129255259519,0.0,0,-0.32136036795737444,0.7139540910720825,2.228989948058742,32367,0.9554067850112915,2.1579911064608948,0.9561827182769775,dataset_2_keyframe_1,0.25922393798828125
0.009344739839434624,dataset_2_keyframe_1_000000_000087,clean_core,000076,5.198228004261762,0.0,0,-0.1308511984848414,0.6204286813735962,2.1103198190620387,32831,0.9382868409156799,2.050505616927419,0.9387027621269226,dataset_2_keyframe_1,0.257933109998703
0.007338217459619045,dataset_2_keyframe_1_000000_000087,clean_core,000077,4.91128010139417,0.0,0,-0.15468527624628947,0.486958771944046,2.035338850369045,37309,0.8159522414207458,2.0148363527920674,0.8164611458778381,dataset_2_keyframe_1,0.24823954701423645
0.005370911210775375,dataset_2_keyframe_1_000000_000087,clean_core,000078,4.093730256067194,0.0,0,0.04373624999095919,0.42512577772140503,1.938157356821645,36070,0.8454195261001587,1.9140000743301,0.8452357053756714,dataset_2_keyframe_1,0.24095430970191956
0.004602931905537844,dataset_2_keyframe_1_000000_000087,clean_core,000079,3.7758243388598345,0.0,0,0.008105686573364424,0.46034666895866394,1.6152961685397427,35436,0.8515494465827942,1.6097325766848412,0.8515177369117737,dataset_2_keyframe_1,0.2208581268787384
0.004102499224245548,dataset_2_keyframe_1_000000_000087,clean_core,000080,3.6818004857158746,0.0,0,-0.14769970286994963,0.48841965198516846,1.8371924880888377,37074,0.8190505504608154,1.7778684117832446,0.8195388913154602,dataset_2_keyframe_1,0.2181386798620224
0.0031341149006038904,dataset_2_keyframe_1_000000_000087,clean_core,000081,3.5955139219924988,0.0,0,-0.11767915614984922,0.5203281044960022,2.1931526338155685,36185,0.8696620464324951,2.108161040592724,0.870073139667511,dataset_2_keyframe_1,0.22406011819839478
0.004665649961680174,dataset_2_keyframe_1_000000_000087,clean_core,000082,3.8578079964525904,0.0,0,-0.4207057416758073,0.5185482501983643,1.9418372625822187,36279,0.8531202673912048,1.8402187569285344,0.8545278310775757,dataset_2_keyframe_1,0.23963548243045807
0.006959065794944763,dataset_2_keyframe_1_000000_000087,clean_core,000083,4.82505487208809,0.0,0,-0.43724848288349755,0.4838058054447174,1.4497297895494032,36627,0.8329150676727295,1.399929911282439,0.8344415426254272,dataset_2_keyframe_1,0.28501808643341064
0.006910726428031921,dataset_2_keyframe_1_000000_000087,clean_core,000084,5.670264207836143,0.0,0,-0.46957277894974153,0.41510289907455444,1.6639393995109306,35622,0.8592695593833923,1.6437147217268198,0.8613552451133728,dataset_2_keyframe_1,0.33491796255111694
0.007803130894899368,dataset_2_keyframe_1_000000_000087,clean_core,000085,6.287502300754648,0.0,0,-0.21655309174258627,0.3934934735298157,1.7540953432725934,35121,0.8869760036468506,1.7136020614761642,0.8880446553230286,dataset_2_keyframe_1,0.34754934906959534
0.010594429448246956,dataset_2_keyframe_1_000000_000087,clean_core,000086,8.35416513491655,0.0,0,-0.2530314669910765,0.3507273197174072,1.685537828100875,34473,0.9030028581619263,1.6689949268436144,0.9044002890586853,dataset_2_keyframe_1,0.40134185552597046
0.030150987207889557,dataset_2_keyframe_1_000000_000087,clean_core,000087,24.87162970461029,0.0,0,0.0989066116362061,0.35526537895202637,4.1133707554982974,25318,1.233546495437622,4.091285543388239,1.2326778173446655,dataset_2_keyframe_1,0.4983214735984802
0.00661954702809453,dataset_2_keyframe_3_000610_000709,low_valid_stress,000610,7.243233047250778,0.0,0,-0.5279132243544161,3.12963604927063,77.44977836461379,99,4.115713119506836,77.20456474582666,4.1209187507629395,dataset_2_keyframe_3,0.3150724470615387
0.05270003527402878,dataset_2_keyframe_3_000610_000709,low_valid_stress,000611,62.92734025330921,0.0,0,3.041145143169903,3.2347068786621094,75.07856394629083,398,3.7644004821777344,75.03094943338729,3.7482917308807373,dataset_2_keyframe_3,0.5863505005836487
0.4447329044342041,dataset_2_keyframe_3_000610_000709,low_valid_stress,000612,95.75412525330503,14.666666666666666,11,6.7438032434498405,3.4428796768188477,78.9250217118595,75,4.146524906158447,79.48470520119656,4.099072456359863,dataset_2_keyframe_3,0.7896759510040283
0.6581615805625916,dataset_2_keyframe_3_000610_000709,low_valid_stress,000613,98.28292682926829,3.4653465346534653,7,35.33541792948511,3.486969470977783,79.97073170731707,202,4.022686004638672,74.8780487804878,3.833388328552246,dataset_2_keyframe_3,0.8337351083755493
0.5259475111961365,dataset_2_keyframe_3_000610_000709,low_valid_stress,000614,98.28385442351316,4.2105263157894735,4,26.46022160777549,3.6428518295288086,84.94920603609823,95,4.486496925354004,83.16402012032745,4.263266563415527,dataset_2_keyframe_3,0.8113398551940918
0.37950846552848816,dataset_2_keyframe_3_000610_000709,low_valid_stress,000615,96.55515730784548,5.970149253731344,4,30.631616212613025,3.6325511932373047,85.58343289526086,67,4.3342976570129395,83.7415372361609,4.1193413734436035,dataset_2_keyframe_3,0.7935100197792053
0.5898469686508179,dataset_2_keyframe_3_000610_000709,low_valid_stress,000616,97.99919565654534,11.475409836065573,7,41.77337407611043,3.661968469619751,87.63321938467726,61,4.357084274291992,82.86748441584557,4.066710948944092,dataset_2_keyframe_3,0.8146743774414062
0.7069895267486572,dataset_2_keyframe_3_000610_000709,low_valid_stress,000617,98.24153612935827,42.42424242424242,14,49.08366979233794,3.6430110931396484,89.76250631632138,33,4.368156433105469,78.57503789792824,4.012228488922119,dataset_2_keyframe_3,0.8304044008255005
0.685880720615387,dataset_2_keyframe_3_000610_000709,low_valid_stress,000618,98.45779220779221,30.612244897959183,15,69.48468655722164,3.517134189605713,86.25202922077922,49,4.1126885414123535,67.59334415584415,3.698869466781616,dataset_2_keyframe_3,0.8350207805633545
0.6265356540679932,dataset_2_keyframe_3_000610_000709,low_valid_stress,000619,97.9475135300725,31.25,20,80.82121832994598,3.402573823928833,83.66179924435822,64,3.923657178878784,62.90207290922087,3.5025112628936768,dataset_2_keyframe_3,0.8252074122428894
0.4678391218185425,dataset_2_keyframe_3_000610_000709,low_valid_stress,000620,97.35899273211179,15.306122448979592,15,54.30638109338426,3.236980438232422,83.61142389190296,98,3.862281084060669,69.1268297676323,3.522702932357788,dataset_2_keyframe_3,0.8060784935951233
0.3209361732006073,dataset_2_keyframe_3_000610_000709,low_valid_stress,000621,95.80305046575903,9.35672514619883,16,46.14702484772769,2.9841365814208984,71.39932439348961,171,3.4957807064056396,58.15334220493398,3.259672164916992,dataset_2_keyframe_3,0.78358393907547
0.2214253544807434,dataset_2_keyframe_3_000610_000709,low_valid_stress,000622,94.73630625127265,0.0,0,22.61393448372009,2.6915502548217773,68.0716758297699,237,3.381598711013794,60.843005497861945,3.2255516052246094,dataset_2_keyframe_3,0.7483059763908386
0.16804052889347076,dataset_2_keyframe_3_000610_000709,low_valid_stress,000623,90.9275010125557,0.0,0,13.449166529775734,2.3772783279418945,56.38922640745241,325,3.1392581462860107,51.6302146618064,3.036778211593628,dataset_2_keyframe_3,0.7317317128181458
0.06787066161632538,dataset_2_keyframe_3_000610_000709,low_valid_stress,000624,74.61684864269257,0.0,0,6.165414642559245,1.8444230556488037,35.800861464489635,694,2.588165521621704,32.565361113893616,2.5423107147216797,dataset_2_keyframe_3,0.6650932431221008
0.0073754265904426575,dataset_2_keyframe_3_000610_000709,low_valid_stress,000625,10.769832730118361,0.0,0,0.06322392574529213,1.5796152353286743,17.264990707228797,1089,2.2112607955932617,15.973784603345397,2.2108614444732666,dataset_2_keyframe_3,0.45918145775794983
0.0037942330818623304,dataset_2_keyframe_3_000610_000709,low_valid_stress,000626,5.836052985217892,0.0,0,0.11132504112380251,1.4083377122879028,13.265502015741985,1716,1.9320766925811768,12.286427337300825,1.9314936399459839,dataset_2_keyframe_3,0.418222039937973
0.008801775984466076,dataset_2_keyframe_3_000610_000709,low_valid_stress,000627,8.294712948075286,0.06788866259334692,1,-0.5178615646046336,1.3223570585250854,11.264541757306347,1473,1.953023076057434,10.375484725243545,1.9562890529632568,dataset_2_keyframe_3,0.40328243374824524
0.011542445048689842,dataset_2_keyframe_3_000610_000709,low_valid_stress,000628,8.155665208081185,0.0,0,-0.9223327198066904,1.4403716325759888,14.365515315147565,1460,2.0647926330566406,13.248300903081649,2.070551872253418,dataset_2_keyframe_3,0.4090910851955414
0.007657775655388832,dataset_2_keyframe_3_000610_000709,low_valid_stress,000629,7.827124242980363,0.0,0,-0.5345393035899979,1.5798627138137817,18.306111213066618,1369,2.1850311756134033,16.80124793540099,2.1882660388946533,dataset_2_keyframe_3,0.39313817024230957
0.02357899583876133,dataset_2_keyframe_3_000610_000709,low_valid_stress,000630,30.783991228070175,0.0,0,0.260248552452668,1.7274420261383057,22.605994152046783,1360,2.3043220043182373,20.778508771929825,2.3028206825256348,dataset_2_keyframe_3,0.5444307923316956
0.05218880996108055,dataset_2_keyframe_3_000610_000709,low_valid_stress,000631,53.281504248779605,0.38872691933916426,4,-0.15508482979480107,1.7969824075698853,31.296329777617068,1029,2.538750410079956,29.687217501355992,2.539900779724121,dataset_2_keyframe_3,0.6070334315299988
0.042137280106544495,dataset_2_keyframe_3_000610_000709,low_valid_stress,000632,49.1196711055501,0.0,0,1.5162418425608881,1.7623865604400635,18.607560997408168,1375,2.2063467502593994,17.45464295290017,2.199615240097046,dataset_2_keyframe_3,0.6083266139030457
0.01910383626818657,dataset_2_keyframe_3_000610_000709,low_valid_stress,000633,21.18794326241135,0.0,0,-0.6501580954657569,1.8192625045776367,24.370567375886523,962,2.3678219318389893,23.093971631205672,2.3713884353637695,dataset_2_keyframe_3,0.5009462833404541
0.02094586007297039,dataset_2_keyframe_3_000610_000709,low_valid_stress,000634,22.982131854590264,0.0,0,-1.444365672163633,2.0464940071105957,28.14012850981428,844,2.489734649658203,26.74940586216002,2.4961366653442383,dataset_2_keyframe_3,0.5077051520347595
0.03588421642780304,dataset_2_keyframe_3_000610_000709,low_valid_stress,000635,34.63324861975287,0.0,0,-0.8695227986112283,2.037743091583252,37.70046446411357,726,2.687776565551758,36.28954517570765,2.6934287548065186,dataset_2_keyframe_3,0.5612115859985352
0.06444867700338364,dataset_2_keyframe_3_000610_000709,low_valid_stress,000636,64.39301310043668,0.9881422924901185,5,-1.3818032515419532,2.529958963394165,47.17903930131004,506,2.950373888015747,45.842794759825324,2.9561831951141357,dataset_2_keyframe_3,0.6330647468566895
0.03909923881292343,dataset_2_keyframe_3_000610_000709,low_valid_stress,000637,49.268929503916446,0.25316455696202533,1,-0.32969796995635325,2.549923896789551,53.481288076588335,395,3.103489398956299,51.792863359443,3.1053144931793213,dataset_2_keyframe_3,0.6018126606941223
0.03300434723496437,dataset_2_keyframe_3_000610_000709,low_valid_stress,000638,42.27063622949397,0.0,0,-0.37582600812499584,2.6517608165740967,54.109886294592485,349,3.155653238296509,52.356566270289036,3.1575469970703125,dataset_2_keyframe_3,0.5859338641166687
0.03839363157749176,dataset_2_keyframe_3_000610_000709,low_valid_stress,000639,39.2146687424321,0.0,0,-2.2249165810577285,2.7194175720214844,57.368967306694344,291,3.3181867599487305,55.97647465836361,3.3315088748931885,dataset_2_keyframe_3,0.5720756649971008
0.03383269160985947,dataset_2_keyframe_3_000610_000709,low_valid_stress,000640,43.20497323432913,0.0,0,-0.5009192884612226,2.770573377609253,59.86012778449318,366,3.3222134113311768,58.228285270246936,3.324976682662964,dataset_2_keyframe_3,0.5780239701271057
0.015728460624814034,dataset_2_keyframe_3_000610_000709,low_valid_stress,000641,23.43200343200343,0.0,0,-0.28423976044587906,2.752938747406006,58.67009867009867,451,3.192047357559204,56.88545688545688,3.193295478820801,dataset_2_keyframe_3,0.5228274464607239
0.009428930468857288,dataset_2_keyframe_3_000610_000709,low_valid_stress,000642,12.715333447040765,0.0,0,-0.22800962042823694,2.4525094032287598,58.127238615043495,496,3.2020323276519775,56.51543578372846,3.2037413120269775,dataset_2_keyframe_3,0.46165165305137634
0.012391883879899979,dataset_2_keyframe_3_000610_000709,low_valid_stress,000643,12.405664377172899,0.0,0,-1.287005452130089,2.559004783630371,49.87704570507928,989,3.015758752822876,48.4015941660307,3.021637201309204,dataset_2_keyframe_3,0.4741969108581543
0.004999691154807806,dataset_2_keyframe_3_000610_000709,low_valid_stress,000644,5.930626057529611,0.0,0,-0.19476283185451054,2.1165688037872314,41.29441624365482,1347,2.7663466930389404,39.52622673434856,2.7676122188568115,dataset_2_keyframe_3,0.41169801354408264
0.01295813824981451,dataset_2_keyframe_3_000610_000709,low_valid_stress,000645,5.880868248359414,0.28395646000946523,6,-1.2483414557742543,1.7762730121612549,27.0738684166246,2113,2.3059980869293213,26.01379774524651,2.3126108646392822,dataset_2_keyframe_3,0.43229687213897705
0.006405277643352747,dataset_2_keyframe_3_000610_000709,low_valid_stress,000646,3.8152610441767068,0.0,0,0.16837932433060543,1.2158739566802979,11.019076305220883,4163,1.590324878692627,10.450133868808567,1.5896943807601929,dataset_2_keyframe_3,0.404903382062912
0.003081496572121978,dataset_2_keyframe_3_000610_000709,low_valid_stress,000647,3.0320651270975243,0.0,0,0.16518906053535237,0.6643597483634949,4.145206844990862,6731,1.1503934860229492,4.070443595281608,1.1495906114578247,dataset_2_keyframe_3,0.3751911222934723
0.005112675949931145,dataset_2_keyframe_3_000610_000709,low_valid_stress,000648,5.506187193754672,0.0,0,0.30132683948200917,0.7139201760292053,4.542812058799103,6802,1.1722396612167358,4.451457520139523,1.17085862159729,dataset_2_keyframe_3,0.3951595425605774
0.009784474037587643,dataset_2_keyframe_3_000610_000709,low_valid_stress,000649,15.610162432319866,0.0,0,0.3925760811862774,0.7776447534561157,3.8733860891295295,7031,1.105049967765808,3.798417326114119,1.1037646532058716,dataset_2_keyframe_3,0.46135762333869934
0.007525923196226358,dataset_2_keyframe_3_000610_000709,low_valid_stress,000650,12.302681032322726,0.0,0,0.6059391656313871,0.7897065281867981,3.725048024722292,7056,1.0946060419082642,3.5914140148667837,1.0927585363388062,dataset_2_keyframe_3,0.4436056911945343
0.002560892142355442,dataset_2_keyframe_3_000610_000709,low_valid_stress,000651,2.7131119479630263,0.0,0,0.19959250055343744,0.8416852355003357,7.583019513865115,5206,1.3621405363082886,7.266347141389935,1.361101746559143,dataset_2_keyframe_3,0.363476425409317
0.004146371502429247,dataset_2_keyframe_3_000610_000709,low_valid_stress,000652,8.55492311613287,0.0,0,0.30870548956270827,0.913054347038269,6.252654829666128,4867,1.3677947521209717,5.921332087333277,1.3663909435272217,dataset_2_keyframe_3,0.4136836528778076
0.004619571380317211,dataset_2_keyframe_3_000610_000709,low_valid_stress,000653,3.843577290236141,0.0,0,0.31567675834647724,0.8846612572669983,5.978898007033997,5836,1.2586668729782104,5.660693351197454,1.2574862241744995,dataset_2_keyframe_3,0.3640141487121582
0.003504797350615263,dataset_2_keyframe_3_000610_000709,low_valid_stress,000654,1.8538092527847791,0.0,0,-0.19844995206011942,0.7639417052268982,4.081632653061225,6906,1.1274265050888062,3.9596715180095945,1.128147840499878,dataset_2_keyframe_3,0.28725630044937134
0.0025148128625005484,dataset_2_keyframe_3_000610_000709,low_valid_stress,000655,1.7097415506958251,0.0,0,0.14270204080080467,0.7075198888778687,3.8648111332007953,7654,1.0836879014968872,3.7852882703777335,1.08315110206604,dataset_2_keyframe_3,0.26586779952049255
0.0019592673052102327,dataset_2_keyframe_3_000610_000709,low_valid_stress,000656,2.3248605083694978,0.0,0,0.07524153349411121,0.6740327477455139,3.5027898326100435,8798,0.9585036635398865,3.440793552386857,0.958289623260498,dataset_2_keyframe_3,0.2813260555267334
0.00402102479711175,dataset_2_keyframe_3_000610_000709,low_valid_stress,000657,3.5854765506807866,0.0,0,0.13763183297283926,0.7751016616821289,4.114977307110439,8575,1.0613629817962646,4.092284417549168,1.0609689950942993,dataset_2_keyframe_3,0.30047187209129333
0.0071281734853982925,dataset_2_keyframe_3_000610_000709,low_valid_stress,000658,5.352941176470588,0.0,0,0.6298303298904067,0.8123965859413147,4.794117647058823,8687,1.0904940366744995,4.727941176470588,1.0887424945831299,dataset_2_keyframe_3,0.3521103858947754
0.004383055027574301,dataset_2_keyframe_3_000610_000709,low_valid_stress,000659,4.025729979762938,0.0,0,0.35369398720221756,0.8400775194168091,5.5290546400693845,8612,1.171220064163208,5.492917028042787,1.1700488328933716,dataset_2_keyframe_3,0.3303401470184326
0.006420523393899202,dataset_2_keyframe_3_000610_000709,low_valid_stress,000660,4.500533238535372,0.0,0,0.22031208745156375,0.8268796801567078,5.375044436544615,8386,1.2086206674575806,5.232847493778884,1.2077796459197998,dataset_2_keyframe_3,0.34327536821365356
0.005693621933460236,dataset_2_keyframe_3_000610_000709,low_valid_stress,000661,4.59158328010787,0.0,0,0.1822567730048722,0.6812704205513,7.558015754737066,7811,1.2749073505401611,7.26704989000071,1.2738254070281982,dataset_2_keyframe_3,0.3646033704280853
0.019758595153689384,dataset_2_keyframe_3_000610_000709,low_valid_stress,000662,11.667395423407667,0.03095017022593624,2,-0.01409824454881794,0.9290122389793396,12.862556478647427,6462,1.6071523427963257,12.374289462177526,1.6072479486465454,dataset_2_keyframe_3,0.4925183951854706
0.019589513540267944,dataset_2_keyframe_3_000610_000709,low_valid_stress,000663,11.39700430075634,0.09908838684106223,5,-1.626929299997809,1.358994960784912,14.97849621830046,5046,1.7180964946746826,14.429779030105294,1.7239388227462769,dataset_2_keyframe_3,0.4658719003200531
0.017959922552108765,dataset_2_keyframe_3_000610_000709,low_valid_stress,000664,11.938924269162895,0.5221932114882507,6,-1.1900752899351583,2.3617427349090576,37.15184531573698,1149,2.9897255897521973,36.10066753625412,2.997199058532715,dataset_2_keyframe_3,0.4475424885749817
0.02332630194723606,dataset_2_keyframe_3_000610_000709,low_valid_stress,000665,16.927293245203934,1.9337016574585635,7,-1.8576547811335256,3.676492214202881,69.43414476866033,362,4.286998271942139,68.38626471062389,4.298339366912842,dataset_2_keyframe_3,0.47164788842201233
0.024622661992907524,dataset_2_keyframe_3_000610_000709,low_valid_stress,000666,17.007651363938788,4.166666666666667,8,-1.5903486391808834,4.1370463371276855,78.58449767132402,192,4.874542713165283,77.98569527611444,4.8862714767456055,dataset_2_keyframe_3,0.48201996088027954
0.02054743468761444,dataset_2_keyframe_3_000610_000709,low_valid_stress,000667,15.70476767327161,1.0526315789473684,1,-1.2775818508544594,4.728784561157227,83.47321969369213,95,5.387654781341553,83.18767846326901,5.3960723876953125,dataset_2_keyframe_3,0.5006828308105469
0.012632097117602825,dataset_2_keyframe_3_000610_000709,low_valid_stress,000668,12.84593888037501,0.0,0,-0.16118169518641992,5.311023712158203,95.34841792121158,39,6.189663410186768,95.21319751194447,6.191079616546631,dataset_2_keyframe_3,0.46546033024787903
0.011503118090331554,dataset_2_keyframe_3_000610_000709,low_valid_stress,000669,14.046061984646006,0.0,0,0.30319033563123005,5.747529983520508,96.69225665813667,24,6.2531633377075195,96.48374561652923,6.2516303062438965,dataset_2_keyframe_3,0.46261972188949585
0.020460927858948708,dataset_2_keyframe_3_000610_000709,low_valid_stress,000670,20.90863704443335,0.0,0,-0.07782335453279644,6.229583740234375,97.46380429355966,14,6.863133430480957,97.35396904643035,6.863626480102539,dataset_2_keyframe_3,0.523108959197998
0.008925373665988445,dataset_2_keyframe_3_000610_000709,low_valid_stress,000671,15.945860209368721,0.0,0,0.8104750086314402,6.821322917938232,98.64650523421804,6,7.444201469421387,98.583060167072,7.43915319442749,dataset_2_keyframe_3,0.4786866307258606
0.007191213313490152,dataset_2_keyframe_3_000610_000709,low_valid_stress,000672,12.344983089064261,0.0,0,1.1547849793144072,7.599739074707031,99.19954904171364,4,7.908977031707764,99.19954904171364,7.9054059982299805,dataset_2_keyframe_3,0.45460206270217896
0.5103644728660583,dataset_4_keyframe_3_000270_000369,high_temporal_flicker,000270,41.88202026549368,0.0,0,31.255631157102194,5.277698040008545,67.33956484172492,1380,6.833133697509766,64.60607964810306,6.346972465515137,dataset_4_keyframe_3,0.4795043170452118
0.7933048009872437,dataset_4_keyframe_3_000270_000369,high_temporal_flicker,000271,61.39688532326569,0.0,0,25.917656175818212,5.70295524597168,78.14220544281893,879,8.740163803100586,76.49834827748938,7.952990531921387,dataset_4_keyframe_3,0.6309005618095398
0.3308618366718292,dataset_4_keyframe_3_000270_000369,high_temporal_flicker,000272,57.617141511655284,0.0,0,25.28805080723536,5.116604328155518,56.64390550192292,2227,6.382483005523682,54.116631347617925,6.062366962432861,dataset_4_keyframe_3,0.6583732962608337
0.12909500300884247,dataset_4_keyframe_3_000270_000369,high_temporal_flicker,000273,28.005968742637243,0.0,0,8.466889714833968,3.5764498710632324,54.888871436425035,2107,4.833346366882324,52.84693316578968,4.726926326751709,dataset_4_keyframe_3,0.5913121700286865
0.33119913935661316,dataset_4_keyframe_3_000270_000369,high_temporal_flicker,000274,43.969084237645404,0.0,0,12.658469702571168,4.716424942016602,77.98422983839488,802,7.324410438537598,77.47677414318058,6.994279384613037,dataset_4_keyframe_3,0.6386861801147461
2.605165719985962,dataset_4_keyframe_3_000270_000369,high_temporal_flicker,000275,54.2519502587472,0.9960159362549801,5,40.12550977757108,5.493178844451904,84.36703483432456,502,11.346687316894531,80.3043176025334,8.997937202453613,dataset_4_keyframe_3,0.679237961769104
2.7816290855407715,dataset_4_keyframe_3_000270_000369,high_temporal_flicker,000276,60.6962122373869,0.3048780487804878,1,39.72215758916378,6.2384843826293945,90.76061953688085,328,12.603717803955078,86.42079435669376,10.075309753417969,dataset_4_keyframe_3,0.6982421875
2.1010210514068604,dataset_4_keyframe_3_000270_000369,high_temporal_flicker,000277,66.67676232301052,0.0,0,31.260153697396863,5.713958740234375,83.67532369198152,737,11.02124309539795,80.01060043916105,9.362177848815918,dataset_4_keyframe_3,0.7208324670791626
0.41361474990844727,dataset_4_keyframe_3_000270_000369,high_temporal_flicker,000278,43.733113179225455,0.0,0,10.509641830342439,3.3342981338500977,61.93335334734314,2109,6.546724796295166,59.05884118883218,6.209110260009766,dataset_4_keyframe_3,0.6535704135894775
0.34154701232910156,dataset_4_keyframe_3_000270_000369,high_temporal_flicker,000279,44.071722076951815,0.0,0,5.754963335047626,3.111636161804199,63.4292118042585,1969,7.0781097412109375,60.56032872618603,6.8498406410217285,dataset_4_keyframe_3,0.65572190284729
0.2457471489906311,dataset_4_keyframe_3_000270_000369,high_temporal_flicker,000280,30.77151997619225,0.0,0,4.4415460960680395,3.1905503273010254,67.27178037348412,1558,7.161339282989502,65.24812141953724,6.9849748611450195,dataset_4_keyframe_3,0.6220183372497559
0.2834452688694,dataset_4_keyframe_3_000270_000369,high_temporal_flicker,000281,38.4070796460177,4.464285714285714,40,-0.29126149725726574,3.4692294597625732,81.69616519174042,896,10.391731262207031,81.57817109144543,10.411893844604492,dataset_4_keyframe_3,0.6250495910644531
0.2947979271411896,dataset_4_keyframe_3_000270_000369,high_temporal_flicker,000282,36.457488385812255,2.2857142857142856,16,0.784806089741269,3.858555793762207,82.90686527542216,700,9.78555679321289,82.85524666322543,9.739041328430176,dataset_4_keyframe_3,0.6246625781059265
0.1745762974023819,dataset_4_keyframe_3_000270_000369,high_temporal_flicker,000283,31.006039181028132,11.557788944723619,69,0.21406095856783935,3.9772701263427734,86.02887023125645,597,9.565814018249512,86.36028870231256,9.553851127624512,dataset_4_keyframe_3,0.5890307426452637
0.24822218716144562,dataset_4_keyframe_3_000270_000369,high_temporal_flicker,000284,42.25404088862647,4.081632653061225,42,2.4064970947173037,4.073995113372803,70.80227323049671,1029,8.038415908813477,69.91659901099712,7.943012237548828,dataset_4_keyframe_3,0.6506757736206055
2.931155204772949,dataset_4_keyframe_3_000270_000369,high_temporal_flicker,000285,75.66245106895514,0.6340579710144928,7,29.28157972522479,3.311093330383301,74.84191508581752,1104,8.670129776000977,60.93044263775971,7.100919246673584,dataset_4_keyframe_3,0.7931403517723083
1.0489563941955566,dataset_4_keyframe_3_000270_000369,high_temporal_flicker,000286,62.54906488108982,1.2965964343598055,16,38.57023686752693,3.308079242706299,68.69083352574464,1234,5.471070766448975,57.923497267759565,4.6367998123168945,dataset_4_keyframe_3,0.7373034358024597
0.3376300632953644,dataset_4_keyframe_3_000270_000369,high_temporal_flicker,000287,41.83586153247764,0.0,0,9.375663884241382,4.255634784698486,76.00155581485804,998,7.393504619598389,72.84325165305329,7.099308490753174,dataset_4_keyframe_3,0.6471270322799683
0.2864866554737091,dataset_4_keyframe_3_000270_000369,high_temporal_flicker,000288,30.347826086956523,0.0,0,17.2778145747172,4.706294536590576,71.6205533596838,1044,6.260607719421387,69.68379446640316,5.992056369781494,dataset_4_keyframe_3,0.5526715517044067
3.9528894424438477,dataset_4_keyframe_3_000270_000369,high_temporal_flicker,000289,74.87171263630532,0.0,0,55.26153762996158,3.0686488151550293,81.9275176395125,866,9.773172378540039,72.3540731237973,6.068149566650391,dataset_4_keyframe_3,0.7940638661384583
0.4411241412162781,dataset_4_keyframe_3_000270_000369,high_temporal_flicker,000290,39.65118201355596,0.0,0,4.015940944885477,4.688812255859375,82.09621425028931,693,10.969049453735352,79.91403537774839,10.716838836669922,dataset_4_keyframe_3,0.6465595960617065
0.8394543528556824,dataset_4_keyframe_3_000270_000369,high_temporal_flicker,000291,55.641857289177196,1.0820559062218214,12,30.78169797844297,4.6590399742126465,71.01399795151929,1109,6.603768348693848,62.69204506657562,6.005147933959961,dataset_4_keyframe_3,0.7230964303016663
2.065114736557007,dataset_4_keyframe_3_000270_000369,high_temporal_flicker,000292,67.03161951475869,0.1893939393939394,2,52.70803489763317,3.466114044189453,67.78488219322064,1056,5.84182596206665,56.03923973022685,4.589634895324707,dataset_4_keyframe_3,0.7554115056991577
1.9753485918045044,dataset_4_keyframe_3_000270_000369,high_temporal_flicker,000293,71.97475202885482,0.0,0,55.85857256700167,4.340695381164551,69.33273219116322,1306,6.214173793792725,53.787195671776374,5.167675495147705,dataset_4_keyframe_3,0.7837548851966858
1.197335124015808,dataset_4_keyframe_3_000270_000369,high_temporal_flicker,000294,57.79400887573964,0.0,0,45.674365915085176,4.726166725158691,72.25406804733728,1061,6.64980411529541,66.64201183431953,5.771194934844971,dataset_4_keyframe_3,0.6919117569923401
1.700153112411499,dataset_4_keyframe_3_000270_000369,high_temporal_flicker,000295,63.116239153237345,0.0,0,59.53898582835756,4.9044294357299805,71.803184895585,1011,6.794632434844971,62.46781729760656,5.669224739074707,dataset_4_keyframe_3,0.7081407904624939
1.7862536907196045,dataset_4_keyframe_3_000270_000369,high_temporal_flicker,000296,61.23348017621145,0.0,0,62.632188830671154,5.007060527801514,69.3196279980421,1333,6.717254161834717,59.882525697503674,5.646122455596924,dataset_4_keyframe_3,0.6987355947494507
2.3574986457824707,dataset_4_keyframe_3_000270_000369,high_temporal_flicker,000297,65.46036189143257,0.0,0,45.11207104707654,5.239981174468994,92.71218634409676,140,9.13231372833252,87.55373387983605,7.376401901245117,dataset_4_keyframe_3,0.7120097279548645
0.2769927978515625,dataset_4_keyframe_3_000270_000369,high_temporal_flicker,000298,36.61168804724089,1.8487394957983194,11,0.17946548518201166,4.370278358459473,81.06291997556505,595,11.097233772277832,80.16697210344125,11.085161209106445,dataset_4_keyframe_3,0.6180939078330994
0.12521269917488098,dataset_4_keyframe_3_000270_000369,high_temporal_flicker,000299,33.577319587628864,0.0,0,1.2266242607859743,6.014858245849609,83.77319587628865,475,12.752022743225098,82.82474226804123,12.66938304901123,dataset_4_keyframe_3,0.6431230902671814
0.27289852499961853,dataset_4_keyframe_3_000270_000369,high_temporal_flicker,000300,45.148163606010016,0.8177570093457944,7,5.965518662891205,6.148326873779297,74.70784641068447,856,9.710969924926758,73.65400667779633,9.49843978881836,dataset_4_keyframe_3,0.6665139198303223
0.26302266120910645,dataset_4_keyframe_3_000270_000369,high_temporal_flicker,000301,43.425877422734416,0.5093378607809848,3,4.176799214872265,7.459291458129883,81.59245678365636,589,10.973100662231445,80.03143006809849,10.826335906982422,dataset_4_keyframe_3,0.6777705550193787
0.2694794833660126,dataset_4_keyframe_3_000270_000369,high_temporal_flicker,000302,40.46383564545166,0.0,0,6.647263455697062,6.440901756286621,78.59790320872604,567,9.488550186157227,77.49655829715132,9.285964965820312,dataset_4_keyframe_3,0.6447728276252747
0.3782101273536682,dataset_4_keyframe_3_000270_000369,high_temporal_flicker,000303,46.546809910107434,0.11350737797956867,1,11.001831476825675,4.794453144073486,63.18789739092304,881,7.23920202255249,61.52159614119711,6.9702348709106445,dataset_4_keyframe_3,0.6483626961708069
0.27802836894989014,dataset_4_keyframe_3_000270_000369,high_temporal_flicker,000304,39.44312929771164,0.0,0,7.8454178592740185,5.838201522827148,78.86371322286101,483,8.572688102722168,78.06335249690001,8.358156204223633,dataset_4_keyframe_3,0.5984459519386292
0.48668256402015686,dataset_4_keyframe_3_000270_000369,high_temporal_flicker,000305,65.9027075609482,1.1988011988011988,12,9.437613216369988,3.4664433002471924,63.902932254802835,1001,7.133152008056641,61.161667228401306,6.787102222442627,dataset_4_keyframe_3,0.7150300741195679
0.7889065742492676,dataset_4_keyframe_3_000270_000369,high_temporal_flicker,000306,68.97623806351321,5.59254327563249,42,0.022617734622866585,3.3476431369781494,62.72485009993338,751,7.686410427093506,61.836553408838554,7.685429096221924,dataset_4_keyframe_3,0.7114481925964355
0.7656527161598206,dataset_4_keyframe_3_000270_000369,high_temporal_flicker,000307,60.996714129244246,8.655510675129833,150,1.3748912404895655,3.787684917449951,58.674698795180724,1733,7.523678779602051,59.26615553121577,7.472312927246094,dataset_4_keyframe_3,0.6889094114303589
1.4181357622146606,dataset_4_keyframe_3_000270_000369,high_temporal_flicker,000308,72.1941789281495,3.4019695613249774,38,10.678500180948475,3.8478009700775146,66.28718719793793,1117,9.80798625946045,62.313392761250135,9.171527862548828,dataset_4_keyframe_3,0.7192310690879822
6.352354526519775,dataset_4_keyframe_3_000270_000369,high_temporal_flicker,000309,87.29906937394247,23.801652892561982,144,22.114036604308154,3.759815216064453,78.34179357021996,605,12.0780029296875,53.775380710659896,10.238515853881836,dataset_4_keyframe_3,0.8362526893615723
3.4823038578033447,dataset_4_keyframe_3_000270_000369,high_temporal_flicker,000310,83.85275047061285,3.7288135593220337,22,27.602122540544016,3.674865245819092,78.90608659276302,590,7.999993324279785,58.35599247019452,6.806166172027588,dataset_4_keyframe_3,0.8154677748680115
7.218098163604736,dataset_4_keyframe_3_000270_000369,high_temporal_flicker,000311,89.56761166632674,12.944983818770227,40,54.75823443267401,4.894936561584473,90.11829492147665,309,11.538630485534668,66.051397103814,7.900660991668701,dataset_4_keyframe_3,0.8711896538734436
4.982171058654785,dataset_4_keyframe_3_000270_000369,high_temporal_flicker,000312,83.39539096306733,4.801670146137787,23,50.22809047838996,5.410033226013184,85.17661265975647,479,9.351577758789062,66.82097212438362,7.371815204620361,dataset_4_keyframe_3,0.8346933126449585
4.071018695831299,dataset_4_keyframe_3_000270_000369,high_temporal_flicker,000313,80.78110989339444,6.043956043956044,33,35.722668391386954,5.476947784423828,83.67041944804224,546,9.499433517456055,69.63236026701206,8.062494277954102,dataset_4_keyframe_3,0.8081746101379395
9.845013618469238,dataset_4_keyframe_3_000270_000369,high_temporal_flicker,000314,88.99980233247678,15.568862275449101,26,73.4544200302586,6.158313274383545,94.78157738683534,167,14.978472709655762,71.18007511365883,8.499675750732422,dataset_4_keyframe_3,0.8775830864906311
10.359292030334473,dataset_4_keyframe_3_000270_000369,high_temporal_flicker,000315,87.87607983318439,0.6451612903225806,2,94.29806173826742,6.441248416900635,92.32449607784729,310,13.628437995910645,63.55873299573032,6.851057529449463,dataset_4_keyframe_3,0.8792000412940979
13.071514129638672,dataset_4_keyframe_3_000270_000369,high_temporal_flicker,000316,92.88081132643839,3.125,4,126.47105859431265,6.557341575622559,96.02369715834924,128,13.462923049926758,69.99698764936238,4.729361057281494,dataset_4_keyframe_3,0.9317401647567749
7.882791996002197,dataset_4_keyframe_3_000270_000369,high_temporal_flicker,000317,86.5015166835187,16.666666666666668,81,85.20016084492877,5.377976417541504,83.39737108190091,486,8.43504810333252,61.59757330637007,5.830418109893799,dataset_4_keyframe_3,0.8684893250465393
8.842942237854004,dataset_4_keyframe_3_000270_000369,high_temporal_flicker,000318,90.03768972191097,0.0,0,147.34452759124275,5.690861701965332,85.82051543241316,262,9.227627754211426,54.39543648772538,4.016396522521973,dataset_4_keyframe_3,0.8954241275787354
6.6354899406433105,dataset_4_keyframe_3_000270_000369,high_temporal_flicker,000319,88.62834612990247,0.0,0,133.9078677377935,5.859508037567139,89.15750155633948,159,9.4249906539917,62.12907242166425,4.650528907775879,dataset_4_keyframe_3,0.8758829236030579
6.6309003829956055,dataset_4_keyframe_3_000270_000369,high_temporal_flicker,000320,88.60321124986882,0.0,0,122.27051253009608,6.462577819824219,94.20715709938084,66,10.908355712890625,75.55882044285865,5.472480297088623,dataset_4_keyframe_3,0.8697697520256042
3.4635393619537354,dataset_4_keyframe_3_000270_000369,high_temporal_flicker,000321,81.20612635609444,0.20964360587002095,1,96.47371420865915,5.351511001586914,83.73750265900873,477,7.253958702087402,75.7604764943629,5.4185967445373535,dataset_4_keyframe_3,0.8024063110351562
3.000227212905884,dataset_4_keyframe_3_000270_000369,high_temporal_flicker,000322,76.59439450026441,0.0,0,105.017627879269,4.932925701141357,74.18297197250132,983,6.400938510894775,65.09783183500794,4.85926628112793,dataset_4_keyframe_3,0.781890869140625
4.2838006019592285,dataset_4_keyframe_3_000270_000369,high_temporal_flicker,000323,83.72559366754618,0.0,0,91.14006937545207,5.925620079040527,89.34036939313984,143,9.370784759521484,81.64643799472296,6.230859279632568,dataset_4_keyframe_3,0.8274412751197815
5.505152702331543,dataset_4_keyframe_3_000270_000369,high_temporal_flicker,000324,87.9534784464362,0.0,0,108.70926684809712,6.604533672332764,96.76696542893725,0,10.938800811767578,82.58642765685019,6.22705078125,dataset_4_keyframe_3,0.8536799550056458
6.595965385437012,dataset_4_keyframe_3_000270_000369,high_temporal_flicker,000325,88.013809472435,0.0,0,117.54088492890745,6.863254070281982,94.17412881648505,65,11.773950576782227,77.57039594346747,6.0018744468688965,dataset_4_keyframe_3,0.8683755993843079
6.968946933746338,dataset_4_keyframe_3_000270_000369,high_temporal_flicker,000326,88.80605078336035,0.0,0,125.70628905341711,6.970576763153076,94.85683414370611,4,11.812324523925781,75.01890869800108,5.725943088531494,dataset_4_keyframe_3,0.8716952204704285
8.45244312286377,dataset_4_keyframe_3_000270_000369,high_temporal_flicker,000327,90.73654696430498,0.0,0,109.28383604316177,7.3360090255737305,99.67648010352637,0,14.848869323730469,77.35360724684568,6.6385273933410645,dataset_4_keyframe_3,0.8959464430809021
6.254256248474121,dataset_4_keyframe_3_000270_000369,high_temporal_flicker,000328,87.62392069075791,0.0,0,118.60252746132727,6.885580062866211,94.47820061827098,26,11.6482515335083,78.8721884660484,5.999602794647217,dataset_4_keyframe_3,0.8684244155883789
7.388662338256836,dataset_4_keyframe_3_000270_000369,high_temporal_flicker,000329,90.78404401650619,0.0,0,109.32004910690807,7.139343738555908,100.0,0,13.31385612487793,81.01788170563961,6.563876152038574,dataset_4_keyframe_3,0.8974975943565369
8.24789810180664,dataset_4_keyframe_3_000270_000369,high_temporal_flicker,000330,91.64400752980548,0.0,0,109.03281284479672,7.298525333404541,99.9895419368333,0,14.418564796447754,78.21585442376072,6.655385494232178,dataset_4_keyframe_3,0.9041605591773987
2.8279929161071777,dataset_4_keyframe_3_000270_000369,high_temporal_flicker,000331,77.07620528771385,0.0,0,89.99963219243692,4.570450782775879,79.50233281493001,651,6.657704830169678,65.19440124416796,4.779183864593506,dataset_4_keyframe_3,0.8117910027503967
5.74304723739624,dataset_4_keyframe_3_000270_000369,high_temporal_flicker,000332,87.16306929670557,0.0,0,100.29614187134716,6.243425369262695,96.73654859031292,70,11.481290817260742,83.90994526489725,6.227913856506348,dataset_4_keyframe_3,0.8804171085357666
2.5692057609558105,dataset_4_keyframe_3_000270_000369,high_temporal_flicker,000333,75.34945413733293,0.0,0,84.59383285040772,4.360294818878174,73.50270380573411,1006,6.470188140869141,59.42250790735639,4.6853485107421875,dataset_4_keyframe_3,0.8085561990737915
5.500801086425781,dataset_4_keyframe_3_000270_000369,high_temporal_flicker,000334,85.86551063615283,0.0,0,99.2065723023086,7.361395835876465,98.60873071882246,30,12.7421236038208,87.70037302147394,7.404088020324707,dataset_4_keyframe_3,0.8717944622039795
1.7426947355270386,dataset_4_keyframe_3_000270_000369,high_temporal_flicker,000335,67.90283886445422,0.13908205841446453,2,46.75944561383899,2.9359943866729736,58.92642942822871,1438,4.770366668701172,47.041183526589364,3.9126243591308594,dataset_4_keyframe_3,0.7838349342346191
3.5383336544036865,dataset_4_keyframe_3_000270_000369,high_temporal_flicker,000336,78.45419277827514,0.0,0,108.46128585992962,5.174257755279541,81.56769123644683,577,7.61665678024292,66.72635034318114,4.967599391937256,dataset_4_keyframe_3,0.8314982056617737
0.3985644578933716,dataset_4_keyframe_3_000270_000369,high_temporal_flicker,000337,53.450676213206044,0.0,0,5.006323782255625,1.899705410003662,62.99721559268099,1304,5.006718635559082,61.63484486873509,4.851171493530273,dataset_4_keyframe_3,0.7060405015945435
0.623435914516449,dataset_4_keyframe_3_000270_000369,high_temporal_flicker,000338,59.00664920411042,0.45214770158251694,6,16.465208145464732,2.3802828788757324,57.04211162603264,1327,4.43670654296875,52.68990529921418,4.098112106323242,dataset_4_keyframe_3,0.7212605476379395
0.6501336097717285,dataset_4_keyframe_3_000270_000369,high_temporal_flicker,000339,58.93037336024218,0.0,0,39.62335901461078,2.835462808609009,58.314833501513625,1397,4.357719421386719,48.36528758829465,3.7545502185821533,dataset_4_keyframe_3,0.7216698527336121
2.185340642929077,dataset_4_keyframe_3_000270_000369,high_temporal_flicker,000340,74.93242566823506,0.0,0,46.470001515024485,3.6888139247894287,74.7822604865352,1119,7.860678195953369,69.84683151466614,5.922012805938721,dataset_4_keyframe_3,0.7883045673370361
2.3408358097076416,dataset_4_keyframe_3_000270_000369,high_temporal_flicker,000341,72.96762055649074,0.0,0,65.91778205464672,4.414267539978027,72.96762055649074,1085,7.6847028732299805,64.77869095950093,5.528904438018799,dataset_4_keyframe_3,0.7771830558776855
3.163419723510742,dataset_4_keyframe_3_000270_000369,high_temporal_flicker,000342,79.40218999704055,0.0,0,74.92006365276148,4.860661506652832,76.63016671599092,995,8.65841293334961,67.722205780803,5.813135147094727,dataset_4_keyframe_3,0.816961944103241
0.48582664132118225,dataset_4_keyframe_3_000270_000369,high_temporal_flicker,000343,52.98726738491675,0.0,0,21.76112748337322,2.4940345287323,59.64740450538687,1274,4.493202209472656,52.810969637610185,4.058160781860352,dataset_4_keyframe_3,0.7014702558517456
1.2237563133239746,dataset_4_keyframe_3_000270_000369,high_temporal_flicker,000344,64.60997754564093,0.0,0,50.102349415210405,3.783358097076416,69.42302059943376,1170,5.85214900970459,62.34501610856194,4.815636157989502,dataset_4_keyframe_3,0.7413371801376343
0.17208513617515564,dataset_4_keyframe_3_000270_000369,high_temporal_flicker,000345,46.435527853525514,0.0,0,3.3376963514887548,2.5663833618164062,71.71795870666148,963,6.369698524475098,70.9096221269965,6.24275541305542,dataset_4_keyframe_3,0.6729855537414551
0.5577874779701233,dataset_4_keyframe_3_000270_000369,high_temporal_flicker,000346,56.15421686746988,0.0,0,26.659732483349394,3.214228868484497,63.257831325301204,1303,5.1483917236328125,55.87469879518072,4.632749080657959,dataset_4_keyframe_3,0.7226131558418274
3.049210786819458,dataset_4_keyframe_3_000270_000369,high_temporal_flicker,000347,78.69544364508393,0.0,0,48.43345642383061,3.8787410259246826,85.58273381294964,299,9.790725708007812,79.1462829736211,6.927347183227539,dataset_4_keyframe_3,0.8242936730384827
1.5775024890899658,dataset_4_keyframe_3_000270_000369,high_temporal_flicker,000348,70.35276219454217,0.0,0,51.60815895828261,4.4383440017700195,77.66473328896073,818,7.08819055557251,71.33212893410668,5.720653533935547,dataset_4_keyframe_3,0.7719563841819763
1.723035216331482,dataset_4_keyframe_3_000270_000369,high_temporal_flicker,000349,71.81740856251773,0.0,0,74.3086955611171,4.437695026397705,69.0388432095265,1213,6.259155750274658,60.50467819676779,4.905652046203613,dataset_4_keyframe_3,0.7699175477027893
1.0138670206069946,dataset_4_keyframe_3_000270_000369,high_temporal_flicker,000350,61.873944850872256,0.0,0,34.451450332347,3.25993013381958,64.1624460701557,1331,5.191615104675293,54.79272181579441,4.526121616363525,dataset_4_keyframe_3,0.7039303183555603
0.2507586181163788,dataset_4_keyframe_3_000270_000369,high_temporal_flicker,000351,49.28166351606805,0.0,0,3.825729576765823,2.897891044616699,76.02079395085066,732,6.822004795074463,75.72778827977315,6.671878814697266,dataset_4_keyframe_3,0.6432675123214722
4.192933082580566,dataset_4_keyframe_3_000270_000369,high_temporal_flicker,000352,83.18483412322274,0.0,0,64.41678525644524,3.9146029949188232,85.75355450236967,346,10.09790325164795,68.739336492891,6.1148200035095215,dataset_4_keyframe_3,0.8461525440216064
1.6073057651519775,dataset_4_keyframe_3_000270_000369,high_temporal_flicker,000353,69.47791164658635,0.0,0,78.922552566415,4.383020401000977,69.96557659208261,1086,6.322928428649902,56.37789252247084,4.791903495788574,dataset_4_keyframe_3,0.7692100405693054
4.137051582336426,dataset_4_keyframe_3_000270_000369,high_temporal_flicker,000354,81.01314771848415,0.0,0,75.10663729131532,5.229571342468262,86.66860015467904,342,10.512295722961426,71.9354215003867,6.544619083404541,dataset_4_keyframe_3,0.8327875733375549
1.055404543876648,dataset_4_keyframe_3_000270_000369,high_temporal_flicker,000355,67.80506898913788,0.0,0,46.36506373104655,3.517124891281128,63.910363049222035,1230,5.414173126220703,51.24767589783736,4.534605503082275,dataset_4_keyframe_3,0.7360326647758484
2.3550503253936768,dataset_4_keyframe_3_000270_000369,high_temporal_flicker,000356,73.9138981718105,0.0,0,82.69332501547527,4.998525619506836,72.12502457243956,971,7.467404842376709,60.44820129742481,5.425806522369385,dataset_4_keyframe_3,0.7743446826934814
4.848297119140625,dataset_4_keyframe_3_000270_000369,high_temporal_flicker,000357,83.53069957209672,0.0,0,87.49984567094523,5.935658931732178,88.20778186884267,121,11.381331443786621,74.85321922579361,6.6163763999938965,dataset_4_keyframe_3,0.8366040587425232
1.4880925416946411,dataset_4_keyframe_3_000270_000369,high_temporal_flicker,000358,67.96233219795631,0.0,0,64.21660723583115,4.563802242279053,67.06070927669806,1130,6.5988030433654785,60.639150470847525,5.291994571685791,dataset_4_keyframe_3,0.7383100986480713
1.6025365591049194,dataset_4_keyframe_3_000270_000369,high_temporal_flicker,000359,64.4482653990088,0.0,0,61.12434086442576,3.757838487625122,63.780722160412665,1224,5.606332778930664,54.52614544351168,4.476452827453613,dataset_4_keyframe_3,0.736321210861206
1.4307169914245605,dataset_4_keyframe_3_000270_000369,high_temporal_flicker,000360,59.859298531810765,0.0,0,58.39951707584392,3.775827169418335,64.53915171288745,1219,5.652273654937744,56.50489396411093,4.556437969207764,dataset_4_keyframe_3,0.7176878452301025
1.1305429935455322,dataset_4_keyframe_3_000270_000369,high_temporal_flicker,000361,55.03348789283874,0.0,0,46.106085708333275,3.7271058559417725,63.57547655847501,1255,5.671438694000244,57.35188047398248,4.774982929229736,dataset_4_keyframe_3,0.6615431308746338
2.472844362258911,dataset_4_keyframe_3_000270_000369,high_temporal_flicker,000362,72.49397716560176,0.0,0,53.24535325470129,4.7653703689575195,79.67948046506756,664,9.101162910461426,75.48968262281345,6.79255485534668,dataset_4_keyframe_3,0.7535701394081116
2.131072521209717,dataset_4_keyframe_3_000270_000369,high_temporal_flicker,000363,72.77227722772277,0.0,0,69.70732691789904,5.2798848152160645,75.52733534222988,900,8.249825477600098,69.92036160137754,6.179559230804443,dataset_4_keyframe_3,0.7628087997436523
1.6800947189331055,dataset_4_keyframe_3_000270_000369,high_temporal_flicker,000364,69.59504315113963,0.0,0,81.02885229884865,4.953349590301514,67.48174374861695,1049,6.948502063751221,61.009072803717636,5.331852912902832,dataset_4_keyframe_3,0.7475236654281616
1.3126790523529053,dataset_4_keyframe_3_000270_000369,high_temporal_flicker,000365,69.22015182884748,0.0,0,72.35933769917443,4.878177642822266,63.98665746491834,1094,6.68285608291626,60.236945019553715,5.377002716064453,dataset_4_keyframe_3,0.7193698883056641
4.267541885375977,dataset_5_keyframe_1_000030_000129,catastrophic_geometry,000030,53.10562198088321,9.59531687452278,377,43.60169808554376,6.730703353881836,72.20528281201823,3929,12.415618896484375,67.33529754359519,9.936899185180664,dataset_5_keyframe_1,0.5023507475852966
6.235776424407959,dataset_5_keyframe_1_000030_000129,catastrophic_geometry,000031,71.95652547765224,25.509110396570204,952,70.91725470865175,6.307487964630127,75.64188550104043,3732,13.240391731262207,67.86531152728335,8.323766708374023,dataset_5_keyframe_1,0.719973623752594
7.174516677856445,dataset_5_keyframe_1_000030_000129,catastrophic_geometry,000032,70.8129453171946,6.393298059964726,290,65.29606933919972,5.427160263061523,75.67688213580566,4536,15.369254112243652,73.31788136320714,8.877457618713379,dataset_5_keyframe_1,0.7212814092636108
9.147665023803711,dataset_5_keyframe_1_000030_000129,catastrophic_geometry,000033,75.31149844893483,6.52761684047895,169,61.02992205809622,6.012557029724121,81.52775635422559,2589,19.87108612060547,78.33993178740981,11.413236618041992,dataset_5_keyframe_1,0.7632120847702026
15.751262664794922,dataset_5_keyframe_1_000030_000129,catastrophic_geometry,000034,96.65181999692828,31.72978505629478,310,49.241449930008486,7.446896076202393,93.77805081997987,977,37.91741943359375,92.65687127766685,22.913291931152344,dataset_5_keyframe_1,0.937853991985321
17.129358291625977,dataset_5_keyframe_1_000030_000129,catastrophic_geometry,000035,97.47335648425339,29.78723404255319,112,47.43760311254164,8.532739639282227,97.10385411499051,376,43.302703857421875,96.11680380450588,26.808666229248047,dataset_5_keyframe_1,0.9567825794219971
16.146207809448242,dataset_5_keyframe_1_000030_000129,catastrophic_geometry,000036,96.12565981653256,14.235500878734623,81,49.830966589526724,8.727762222290039,95.2441961769077,569,39.1281623840332,94.18165667332889,23.97934913635254,dataset_5_keyframe_1,0.9400472044944763
14.076265335083008,dataset_5_keyframe_1_000030_000129,catastrophic_geometry,000037,95.13850982532752,11.662531017369727,94,47.11631289546006,9.16479778289795,94.86899563318778,806,36.85896301269531,93.11203602620087,23.81049346923828,dataset_5_keyframe_1,0.9138064980506897
16.426633834838867,dataset_5_keyframe_1_000030_000129,catastrophic_geometry,000038,96.45135974340602,17.91907514450867,93,45.85326844652063,9.416641235351562,95.9224758590098,519,42.598514556884766,94.66509707578395,27.383541107177734,dataset_5_keyframe_1,0.9410794973373413
15.545724868774414,dataset_5_keyframe_1_000030_000129,catastrophic_geometry,000039,96.50076293997634,10.294117647058824,42,46.88207250973605,9.787190437316895,97.39571724930136,408,40.85614776611328,95.55608894679993,26.290376663208008,dataset_5_keyframe_1,0.9344837069511414
9.683355331420898,dataset_5_keyframe_1_000030_000129,catastrophic_geometry,000040,94.91739032853961,24.912280701754387,142,41.32699405653986,10.212425231933594,96.44182794399461,570,31.096965789794922,95.026155413221,22.466012954711914,dataset_5_keyframe_1,0.8782359957695007
11.649487495422363,dataset_5_keyframe_1_000030_000129,catastrophic_geometry,000041,96.26834599771,18.089430894308943,89,44.822196741272805,10.557099342346191,97.24853405502932,492,34.775665283203125,95.42694562992263,23.920372009277344,dataset_5_keyframe_1,0.9092448949813843
14.300802230834961,dataset_5_keyframe_1_000030_000129,catastrophic_geometry,000042,96.56809691722236,35.959221501390175,388,46.26351434395397,10.01304817199707,93.95314736584855,1079,37.8383674621582,93.52721432810809,24.965396881103516,dataset_5_keyframe_1,0.925810694694519
16.111953735351562,dataset_5_keyframe_1_000030_000129,catastrophic_geometry,000043,95.72392046947535,31.156316916488223,291,40.592661811208124,9.976409912109375,95.02321100113865,934,47.762046813964844,95.01620390645529,32.423851013183594,dataset_5_keyframe_1,0.9221266508102417
13.223960876464844,dataset_5_keyframe_1_000030_000129,catastrophic_geometry,000044,95.48639485351647,50.929614873837984,767,44.82376804536886,9.03983211517334,91.67347648439538,1506,35.306495666503906,92.85751543075719,23.532787322998047,dataset_5_keyframe_1,0.9034771919250488
6.158353328704834,dataset_5_keyframe_1_000030_000129,catastrophic_geometry,000045,89.94587303508742,38.20384889522452,536,34.766420871619424,9.13751220703125,92.95311878534248,1403,24.46515464782715,89.63459975443996,19.136281967163086,dataset_5_keyframe_1,0.8149282336235046
13.7431058883667,dataset_5_keyframe_1_000030_000129,catastrophic_geometry,000046,96.39121249076761,51.816745655608216,656,51.49587040814588,9.223710060119629,93.89374602792903,1266,33.57425308227539,91.27604390319311,21.03472900390625,dataset_5_keyframe_1,0.9261362552642822
14.994592666625977,dataset_5_keyframe_1_000030_000129,catastrophic_geometry,000047,95.11434155038228,72.25352112676056,513,51.111116433455976,9.555132865905762,96.78917955223369,710,37.029876708984375,89.76411698152022,22.987228393554688,dataset_5_keyframe_1,0.9262283444404602
8.051628112792969,dataset_5_keyframe_1_000030_000129,catastrophic_geometry,000048,95.00865303884443,47.44645799011532,576,40.49332187593762,8.230035781860352,95.19884854611813,1214,26.646404266357422,95.34620722742928,19.18900489807129,dataset_5_keyframe_1,0.8749662637710571
12.239378929138184,dataset_5_keyframe_1_000030_000129,catastrophic_geometry,000049,94.86650878298946,46.070038910505836,592,46.386799137093,7.404494762420654,92.87649293782904,1285,30.740535736083984,92.01437990901812,19.915693283081055,dataset_5_keyframe_1,0.9061494469642639
4.368794918060303,dataset_5_keyframe_1_000030_000129,catastrophic_geometry,000050,85.50295357221442,10.213953488372093,549,35.98341663145018,6.478586673736572,78.04201012169733,5375,16.92144203186035,78.48885428479545,13.163745880126953,dataset_5_keyframe_1,0.7703478336334229
4.598526954650879,dataset_5_keyframe_1_000030_000129,catastrophic_geometry,000051,85.68516459449442,30.38612199216564,543,29.829928001556723,5.6690568923950195,90.6550085919337,1787,19.024097442626953,92.56376562552647,15.040298461914062,dataset_5_keyframe_1,0.818076491355896
2.5376598834991455,dataset_5_keyframe_1_000030_000129,catastrophic_geometry,000052,91.27514530258111,29.062276306370794,406,21.630947749275002,5.194967746734619,90.63531145838567,1397,14.18237018585205,91.57831264760564,12.238309860229492,dataset_5_keyframe_1,0.8123415112495422
8.361154556274414,dataset_5_keyframe_1_000030_000129,catastrophic_geometry,000053,91.25642051897805,16.452860924455305,808,52.44221344734885,5.300604820251465,78.75558668534454,4911,16.696075439453125,77.87672603562137,10.720038414001465,dataset_5_keyframe_1,0.8557327389717102
8.6669921875,dataset_5_keyframe_1_000030_000129,catastrophic_geometry,000054,96.88112724734971,53.043938591847535,1002,50.996602629094994,5.472042560577393,90.66830613804792,1889,20.190343856811523,92.39972084676481,12.684510231018066,dataset_5_keyframe_1,0.9160038232803345
8.772586822509766,dataset_5_keyframe_1_000030_000129,catastrophic_geometry,000055,96.46955425842398,32.159468438538205,484,48.38666580460021,5.5512309074401855,91.4748607057575,1505,21.665830612182617,92.99548951976652,13.868513107299805,dataset_5_keyframe_1,0.9064656496047974
12.002083778381348,dataset_5_keyframe_1_000030_000129,catastrophic_geometry,000056,97.4096006881265,59.552953698775944,1119,48.91722965938164,5.806521415710449,90.1842723392993,1879,24.881807327270508,92.85572501406028,15.550705909729004,dataset_5_keyframe_1,0.9363849759101868
2.5791172981262207,dataset_5_keyframe_1_000030_000129,catastrophic_geometry,000057,90.61737292994152,20.387243735763096,358,17.420424410992837,5.290671348571777,90.82048846008944,1756,17.43712043762207,91.89831119264853,15.321157455444336,dataset_5_keyframe_1,0.8072049617767334
7.907402992248535,dataset_5_keyframe_1_000030_000129,catastrophic_geometry,000058,92.31583576279743,24.992020427705075,783,30.055227143617252,5.222006320953369,88.17081711428524,3133,20.610319137573242,88.2359647551263,15.985326766967773,dataset_5_keyframe_1,0.8599348664283752
7.361205577850342,dataset_5_keyframe_1_000030_000129,catastrophic_geometry,000059,86.9498970709805,4.615384615384615,108,44.433558387965945,4.105541229248047,80.81954192533999,2340,16.910490036010742,72.32262979592498,11.220795631408691,dataset_5_keyframe_1,0.8036506772041321
5.2189106941223145,dataset_5_keyframe_1_000030_000129,catastrophic_geometry,000060,89.88330632090762,2.0242914979757085,25,36.430646760721956,4.54235315322876,92.95948136142626,1235,18.20003318786621,87.71799027552674,13.224452018737793,dataset_5_keyframe_1,0.8310431838035583
11.955936431884766,dataset_5_keyframe_1_000030_000129,catastrophic_geometry,000061,94.05240627837593,11.717495987158909,146,51.88234312379907,4.848459243774414,90.84187313529641,1246,26.56243133544922,86.88059411077961,15.296713829040527,dataset_5_keyframe_1,0.9018552899360657
7.980205535888672,dataset_5_keyframe_1_000030_000129,catastrophic_geometry,000062,91.0979373071301,12.379875635952516,219,48.072129625018825,4.312639236450195,89.72876400844567,1769,20.208263397216797,88.71365924963456,12.566898345947266,dataset_5_keyframe_1,0.8528789281845093
3.405738115310669,dataset_5_keyframe_1_000030_000129,catastrophic_geometry,000063,69.7571707953064,0.8637236084452975,54,39.43483351761053,3.663574695587158,68.00847457627118,6252,12.097883224487305,67.08279009126467,8.771827697753906,dataset_5_keyframe_1,0.7104568481445312
3.4732394218444824,dataset_5_keyframe_1_000030_000129,catastrophic_geometry,000064,68.71352655429857,2.7127003699136867,132,37.76116932266151,3.771522283554077,70.61096077983895,4866,12.731401443481445,70.05672741499038,9.34804630279541,dataset_5_keyframe_1,0.7036020159721375
2.495910882949829,dataset_5_keyframe_1_000030_000129,catastrophic_geometry,000065,61.15033833480435,2.293577981651376,215,41.62322362910873,3.493816614151001,64.02373247033441,9374,8.900986671447754,59.78392337615639,6.65034818649292,dataset_5_keyframe_1,0.6641890406608582
2.2835776805877686,dataset_5_keyframe_1_000030_000129,catastrophic_geometry,000066,57.92679939244476,1.4559386973180077,95,49.58541495366708,3.8701233863830566,69.33969197602443,6525,8.184183120727539,63.80309983831191,6.04503870010376,dataset_5_keyframe_1,0.6156446933746338
2.306891679763794,dataset_5_keyframe_1_000030_000129,catastrophic_geometry,000067,59.82998201732875,1.0249671484888305,78,49.537445257498106,4.029073238372803,67.95651463135523,7610,8.346129417419434,63.38401177047572,6.2075700759887695,dataset_5_keyframe_1,0.6248914003372192
4.589682579040527,dataset_5_keyframe_1_000030_000129,catastrophic_geometry,000068,65.6465587706392,3.4196681505463373,338,68.48894979611038,3.996943950653076,68.37338564655877,9884,10.298694610595703,62.91319274153997,5.982691764831543,dataset_5_keyframe_1,0.6692979335784912
1.5118860006332397,dataset_5_keyframe_1_000030_000129,catastrophic_geometry,000069,66.41941017890696,2.4487560632138945,313,20.232781282452358,3.582468271255493,62.249816191487625,12782,7.5017170906066895,60.71562780818561,6.708744049072266,dataset_5_keyframe_1,0.6569761037826538
3.7957923412323,dataset_5_keyframe_1_000030_000129,catastrophic_geometry,000070,62.19281971161671,1.1035144536403982,92,63.23955258526281,4.627823829650879,71.84519740910719,8337,10.241996765136719,69.32591218305504,6.691618919372559,dataset_5_keyframe_1,0.6584085822105408
4.199002742767334,dataset_5_keyframe_1_000030_000129,catastrophic_geometry,000071,63.517397022292215,1.1829824180594748,109,70.22772588312174,4.880276679992676,71.17760711792307,9214,10.46824836730957,66.19311263009206,6.543942928314209,dataset_5_keyframe_1,0.666293203830719
3.011761426925659,dataset_5_keyframe_1_000030_000129,catastrophic_geometry,000072,60.180086804430914,0.07404664938911515,6,56.94209290177676,5.3141093254089355,75.53443026494786,8103,10.308320999145508,71.89382652069703,7.464512348175049,dataset_5_keyframe_1,0.6301706433296204
2.465259075164795,dataset_5_keyframe_1_000030_000129,catastrophic_geometry,000073,57.07582158867353,0.05067139599695972,4,49.51126785205264,5.572582721710205,74.59122133711743,7894,10.284881591796875,72.55135937046474,7.951762676239014,dataset_5_keyframe_1,0.5965071320533752
2.495980739593506,dataset_5_keyframe_1_000030_000129,catastrophic_geometry,000074,56.7155302664995,0.1648490996703018,13,51.14170499028044,5.653956890106201,74.38840132446073,7886,10.217720031738281,70.35393962773652,7.883733749389648,dataset_5_keyframe_1,0.6044005155563354
5.1262431144714355,dataset_5_keyframe_1_000030_000129,catastrophic_geometry,000075,65.99412121793029,0.21995083451934275,17,58.26495364528252,5.4881391525268555,77.96415220933577,7729,13.907907485961914,75.71328157449119,9.0021333694458,dataset_5_keyframe_1,0.6725600957870483
4.273013591766357,dataset_5_keyframe_1_000030_000129,catastrophic_geometry,000076,66.96056351526187,0.42378162782001744,34,57.66934620467145,5.758450984954834,78.01523791269346,8023,12.811103820800781,75.30148385963231,8.743885040283203,dataset_5_keyframe_1,0.6835055947303772
6.84151029586792,dataset_5_keyframe_1_000030_000129,catastrophic_geometry,000077,70.26558248333147,0.49765807962529274,34,67.41494454893571,6.000582695007324,80.0646054453161,6832,15.593897819519043,77.40241554349728,9.126569747924805,dataset_5_keyframe_1,0.7263110876083374
15.460126876831055,dataset_5_keyframe_1_000030_000129,catastrophic_geometry,000078,96.78509119746234,25.321888412017167,118,69.62840775415465,6.45408296585083,97.20063441712927,466,27.431621551513672,92.8263283108644,12.825295448303223,dataset_5_keyframe_1,0.9492846727371216
4.5231781005859375,dataset_5_keyframe_1_000030_000129,catastrophic_geometry,000079,79.82733040815683,0.09066183136899365,7,50.11963811691737,5.903203010559082,78.07064616938666,7721,14.486725807189941,77.20098487957321,10.18469524383545,dataset_5_keyframe_1,0.7793182730674744
7.925757884979248,dataset_5_keyframe_1_000030_000129,catastrophic_geometry,000080,81.71787445696657,0.18053257108469986,12,58.39954538925486,6.33751916885376,81.74620663602595,6647,19.141542434692383,79.70628974375119,11.664051055908203,dataset_5_keyframe_1,0.8137056827545166
9.681750297546387,dataset_5_keyframe_1_000030_000129,catastrophic_geometry,000081,78.19636135508155,0.877321245796169,60,63.94125682281841,6.695685386657715,81.61229611041405,6839,20.924827575683594,79.82434127979924,11.82653522491455,dataset_5_keyframe_1,0.8214099407196045
10.097991943359375,dataset_5_keyframe_1_000030_000129,catastrophic_geometry,000082,76.10389203254071,1.0626076967260196,74,65.24520546308929,6.743861675262451,81.52577707415709,6964,20.67593765258789,77.20739219712526,11.585926055908203,dataset_5_keyframe_1,0.7867152690887451
15.480856895446777,dataset_5_keyframe_1_000030_000129,catastrophic_geometry,000083,96.44330786488649,21.572580645161292,107,51.699189640459295,7.490980625152588,97.22148135364533,496,35.76223373413086,96.2581778816737,21.146224975585938,dataset_5_keyframe_1,0.9446147680282593
8.423075675964355,dataset_5_keyframe_1_000030_000129,catastrophic_geometry,000084,88.4058884720865,4.855072463768116,67,56.02066580987758,7.192031383514404,91.07272326072565,1380,21.246143341064453,88.98118084670429,13.372936248779297,dataset_5_keyframe_1,0.8402722477912903
6.590986251831055,dataset_5_keyframe_1_000030_000129,catastrophic_geometry,000085,80.93844888663968,4.677685950413223,283,51.917495949026446,6.722353935241699,80.078125,6050,18.484453201293945,78.64530617408907,12.3778657913208,dataset_5_keyframe_1,0.80196613073349
10.090916633605957,dataset_5_keyframe_1_000030_000129,catastrophic_geometry,000086,94.57711994675373,24.003795066413662,253,47.45397539399783,7.197991847991943,93.78317988051282,1054,27.543468475341797,93.43137410265756,17.888731002807617,dataset_5_keyframe_1,0.8958344459533691
13.261565208435059,dataset_5_keyframe_1_000030_000129,catastrophic_geometry,000087,96.1424897609296,28.87323943661972,410,53.52185189769361,7.358946323394775,93.86132012572627,1420,30.770719528198242,92.97075911991618,18.240304946899414,dataset_5_keyframe_1,0.9303759932518005
4.948109149932861,dataset_5_keyframe_1_000030_000129,catastrophic_geometry,000088,88.60111859666964,6.510015408320493,169,40.101965871694944,6.938889980316162,86.88350069912292,2596,18.52972412109375,86.29877971272404,13.881571769714355,dataset_5_keyframe_1,0.8081691265106201
9.584507942199707,dataset_5_keyframe_1_000030_000129,catastrophic_geometry,000089,94.57708915417831,24.65897166841553,235,43.73139507444067,7.322046279907227,93.85953771907543,953,28.247989654541016,93.6245872491745,19.096782684326172,dataset_5_keyframe_1,0.8909526467323303
3.3699047565460205,dataset_5_keyframe_1_000030_000129,catastrophic_geometry,000090,87.15441993334392,4.175084175084175,62,28.54482936368409,7.04618501663208,90.39834946833835,1485,18.32261848449707,90.29836533883511,15.103779792785645,dataset_5_keyframe_1,0.7828065752983093
6.124800205230713,dataset_5_keyframe_1_000030_000129,catastrophic_geometry,000091,79.62810831305886,2.0746164574616457,119,46.3573153833609,6.751355171203613,82.8667572435148,5736,19.41177749633789,83.47499131094189,13.542745590209961,dataset_5_keyframe_1,0.7819360494613647
4.813180923461914,dataset_5_keyframe_1_000030_000129,catastrophic_geometry,000092,69.94033525902074,0.7895703268453911,43,47.86594541823034,5.860702037811279,77.91773210846986,5446,15.53934383392334,77.8372320611169,10.906570434570312,dataset_5_keyframe_1,0.7283110618591309
4.572222709655762,dataset_5_keyframe_1_000030_000129,catastrophic_geometry,000093,69.39494470774092,2.2592673831980696,103,44.29437708350902,5.920956611633301,79.27962085308057,4559,15.62415599822998,79.39810426540285,11.326184272766113,dataset_5_keyframe_1,0.6882545948028564
2.7601375579833984,dataset_5_keyframe_1_000030_000129,catastrophic_geometry,000094,69.6565157489667,0.024563989191844757,1,34.252099540224734,5.928475856781006,78.63556463489952,4071,13.60899543762207,78.41069251112484,10.978256225585938,dataset_5_keyframe_1,0.6704858541488647
8.30124282836914,dataset_5_keyframe_1_000030_000129,catastrophic_geometry,000095,79.7217109855937,0.7889546351084813,36,58.83287088154273,6.763232707977295,85.26527892365299,4563,20.110050201416016,84.58621565018721,12.257734298706055,dataset_5_keyframe_1,0.7889294624328613
4.8695244789123535,dataset_5_keyframe_1_000030_000129,catastrophic_geometry,000096,76.74615741407162,0.2074688796680498,11,46.943675417129185,6.490197658538818,80.53356364857733,5302,16.33197784423828,80.15450314284344,11.711884498596191,dataset_5_keyframe_1,0.7431374788284302
8.461456298828125,dataset_5_keyframe_1_000030_000129,catastrophic_geometry,000097,81.907725045138,2.2291666666666665,107,57.65758501436675,6.60161018371582,84.55797007995874,4800,20.06095314025879,83.31183905081248,12.300621032714844,dataset_5_keyframe_1,0.8039901256561279
15.731884002685547,dataset_5_keyframe_1_000030_000129,catastrophic_geometry,000098,97.05705412744094,31.13456464379947,118,47.47941962640903,8.107132911682129,97.53833146350584,379,39.66782760620117,92.31094418158465,24.682992935180664,dataset_5_keyframe_1,0.9454652070999146
16.06680679321289,dataset_5_keyframe_1_000030_000129,catastrophic_geometry,000099,97.20176970923873,24.33862433862434,184,50.41242558661825,8.165220260620117,96.01978678595334,756,38.047088623046875,92.61423930256477,22.982913970947266,dataset_5_keyframe_1,0.9555805921554565
12.444092750549316,dataset_5_keyframe_1_000030_000129,catastrophic_geometry,000100,96.48788589292693,47.474747474747474,141,52.595041941383556,8.23180866241455,97.7188354826104,297,30.078847885131836,93.13371108505926,18.588388442993164,dataset_5_keyframe_1,0.9339472651481628
7.9260125160217285,dataset_5_keyframe_1_000030_000129,catastrophic_geometry,000101,94.85759880151764,12.28719467061436,166,40.78122876059921,7.8983073234558105,93.45882659458404,1351,25.0484561920166,89.53770497142206,18.054414749145508,dataset_5_keyframe_1,0.8850193619728088
5.938830852508545,dataset_5_keyframe_1_000030_000129,catastrophic_geometry,000102,85.67901234567901,3.3300923675255225,137,39.692899571555856,7.4186859130859375,82.67026408306762,4114,20.579994201660156,81.56978170223204,15.355889320373535,dataset_5_keyframe_1,0.8154803514480591
3.4243690967559814,dataset_5_keyframe_1_000030_000129,catastrophic_geometry,000103,81.41836801252364,1.9944458470083313,79,32.43256089644759,6.724311828613281,80.7497880112191,3961,16.19450569152832,80.89002674320005,13.123079299926758,dataset_5_keyframe_1,0.7557125091552734
3.9087605476379395,dataset_5_keyframe_1_000030_000129,catastrophic_geometry,000104,64.56559605398103,1.463057790782736,80,42.48786586366629,5.96588659286499,74.05948330593043,5468,14.399942398071289,73.99436748115711,10.816492080688477,dataset_5_keyframe_1,0.697884202003479
1.9318042993545532,dataset_5_keyframe_1_000030_000129,catastrophic_geometry,000105,58.889213016984314,1.243953006219765,54,25.78209857972988,4.934761047363281,72.22870478413068,4341,11.56019401550293,71.7214443147932,9.852018356323242,dataset_5_keyframe_1,0.6367337107658386
3.013204336166382,dataset_5_keyframe_1_000030_000129,catastrophic_geometry,000106,60.23280252202732,1.003928415539066,46,38.19178701374911,5.212750434875488,73.24064344030394,4582,12.428545951843262,72.92215665669711,9.672704696655273,dataset_5_keyframe_1,0.6473069787025452
10.961319923400879,dataset_5_keyframe_1_000030_000129,catastrophic_geometry,000107,74.85199941928927,5.14655760054533,151,49.26125709574133,6.164188385009766,78.83954640040004,2934,26.26183319091797,76.46024551159002,16.361480712890625,dataset_5_keyframe_1,0.7720286846160889
9.065346717834473,dataset_5_keyframe_1_000030_000129,catastrophic_geometry,000108,71.09676796291527,3.9698162729658795,121,62.27618486321609,6.332353591918945,80.5031547772341,3048,19.646459579467773,77.51094514550606,11.354942321777344,dataset_5_keyframe_1,0.7342900633811951
4.883329391479492,dataset_5_keyframe_1_000030_000129,catastrophic_geometry,000109,64.5339993915814,1.959166838523407,95,42.95491603897905,5.398715496063232,72.79248122708424,4849,16.18929672241211,72.46745761083625,11.554211616516113,dataset_5_keyframe_1,0.658617377281189
2.80896258354187,dataset_5_keyframe_1_000030_000129,catastrophic_geometry,000110,57.754070388620455,1.4896373056994818,69,33.29694303004292,4.71193265914917,71.96574654355834,4632,12.724669456481934,71.86368782790349,10.056673049926758,dataset_5_keyframe_1,0.6130489110946655
7.242392063140869,dataset_5_keyframe_1_000030_000129,catastrophic_geometry,000111,65.89001172110115,6.7012448132780085,323,54.38213307239272,4.925841808319092,72.65973960148256,4820,17.303770065307617,73.03037982703457,10.572388648986816,dataset_5_keyframe_1,0.6913557648658752
6.832110404968262,dataset_5_keyframe_1_000030_000129,catastrophic_geometry,000112,67.41266891359814,7.528920917883558,397,60.81668312660863,5.053010940551758,72.41629130311526,5273,15.76691722869873,71.42722146974518,9.25107479095459,dataset_5_keyframe_1,0.6986932158470154
6.763123512268066,dataset_5_keyframe_1_000030_000129,catastrophic_geometry,000113,66.06358961495046,5.157758248091053,358,59.37738970953293,4.923633575439453,71.41602909820645,6941,15.824627876281738,69.93916969772984,9.35190200805664,dataset_5_keyframe_1,0.6912811994552612
8.4403715133667,dataset_5_keyframe_1_000030_000129,catastrophic_geometry,000114,73.64339878236768,5.926278995869081,373,58.39914826986144,5.046254634857178,80.22826713171294,6294,18.76156997680664,78.68053501082167,10.75194263458252,dataset_5_keyframe_1,0.7550559639930725
6.289394855499268,dataset_5_keyframe_1_000030_000129,catastrophic_geometry,000115,71.82652003773994,8.349186218558444,395,48.69231071319161,4.642767906188965,79.64208930753406,4731,16.711984634399414,77.97008646157178,10.835204124450684,dataset_5_keyframe_1,0.7381523251533508
3.5224430561065674,dataset_5_keyframe_1_000030_000129,catastrophic_geometry,000116,62.64214818804339,1.8087093286149611,184,46.19782234639977,4.092350959777832,69.79149034392552,10173,11.401250839233398,69.46833884742632,8.024698257446289,dataset_5_keyframe_1,0.6622450947761536
3.107600212097168,dataset_5_keyframe_1_000030_000129,catastrophic_geometry,000117,58.72911438888549,1.6628440366972477,203,38.17028836055841,3.2523605823516846,63.397392741293835,12208,10.746185302734375,63.056184589020134,7.885770797729492,dataset_5_keyframe_1,0.6363640427589417
2.332465410232544,dataset_5_keyframe_1_000030_000129,catastrophic_geometry,000118,58.72533911106364,0.14724649062530676,15,39.31159537800632,4.134505748748779,69.24884419963686,10187,9.794865608215332,68.16399395779612,7.569687843322754,dataset_5_keyframe_1,0.6270167827606201
5.25573205947876,dataset_5_keyframe_1_000030_000129,catastrophic_geometry,000119,63.29763668861425,0.7629947544110635,64,60.11114853486022,4.808407783508301,73.3558410608167,8388,13.047953605651855,69.69858995707237,8.095067977905273,dataset_5_keyframe_1,0.6693822741508484
5.645325183868408,dataset_5_keyframe_1_000030_000129,catastrophic_geometry,000120,60.50082139622004,0.5948749237339841,39,56.66583280630273,5.706881046295166,75.79567960941458,6556,15.2890625,75.65289484593063,9.85923957824707,dataset_5_keyframe_1,0.6496453881263733
7.126606464385986,dataset_5_keyframe_1_000030_000129,catastrophic_geometry,000121,65.21692191427998,0.7573592454987139,53,62.92449222462778,6.146886825561523,77.23746510587763,6998,16.75050163269043,76.54652292601675,10.078230857849121,dataset_5_keyframe_1,0.7037246227264404
7.4478559494018555,dataset_5_keyframe_1_000030_000129,catastrophic_geometry,000122,77.05750070275167,1.1916110581506196,50,54.56103540832198,5.809736251831055,87.2755098853734,4196,18.449199676513672,84.69250710560014,11.552977561950684,dataset_5_keyframe_1,0.7839518785476685
2.8546996116638184,dataset_5_keyframe_1_000030_000129,catastrophic_geometry,000123,72.96811429652757,0.5841821449970042,39,37.16885740960726,5.434942722320557,74.47724477244772,6676,12.402929306030273,73.97104740278172,9.813008308410645,dataset_5_keyframe_1,0.7188771367073059
4.577526569366455,dataset_5_keyframe_1_000030_000129,catastrophic_geometry,000124,72.47718113321758,0.6719941881583726,37,41.48792878066312,6.176634788513184,80.4657756821766,5506,16.690128326416016,79.83497140672539,12.32829761505127,dataset_5_keyframe_1,0.7299438714981079
7.761786937713623,dataset_5_keyframe_1_000030_000129,catastrophic_geometry,000125,71.94221248275302,0.11730205278592376,4,54.77973827402544,6.860461711883545,82.61342423504585,3410,20.467500686645508,82.0891161431702,13.01360034942627,dataset_5_keyframe_1,0.7383428812026978
8.417943954467773,dataset_5_keyframe_1_000030_000129,catastrophic_geometry,000126,80.42006538753674,1.3166345536287734,41,51.96361219761612,6.800441741943359,86.87625904032231,3114,22.089296340942383,85.36706185396784,14.144655227661133,dataset_5_keyframe_1,0.7932183742523193
6.755716800689697,dataset_5_keyframe_1_000030_000129,catastrophic_geometry,000127,75.8870845858033,0.28382213812677387,15,49.11084683923398,6.717817783355713,79.91234109724765,5285,19.53386688232422,79.33130699088146,13.23979663848877,dataset_5_keyframe_1,0.7574153542518616
14.799635887145996,dataset_5_keyframe_1_000030_000129,catastrophic_geometry,000128,94.94199772406883,11.190053285968029,63,53.63684728242982,7.622631549835205,96.58100786385175,563,33.72535705566406,91.62661141022811,19.72467803955078,dataset_5_keyframe_1,0.934851348400116
10.214635848999023,dataset_5_keyframe_1_000030_000129,catastrophic_geometry,000129,91.88563130963905,7.635467980295567,124,47.14016425353941,7.770970344543457,90.55282810123082,1624,28.031627655029297,89.71096667127645,18.48072052001953,dataset_5_keyframe_1,0.8766821622848511
3.8231451511383057,dataset_5_keyframe_3_001100_001199,high_boundary_error,001100,55.01949690343299,0.0,0,34.71166082950723,24.15663719177246,96.9340163621072,262,35.09600830078125,95.08754491933634,31.298770904541016,dataset_5_keyframe_3,0.5416534543037415
3.421114683151245,dataset_5_keyframe_3_001100_001199,high_boundary_error,001101,57.06657312129716,0.0,0,22.80117306705572,24.460426330566406,97.46258185219831,196,39.46339416503906,97.40801371998752,36.04254150390625,dataset_5_keyframe_3,0.6430613994598389
3.1750712394714355,dataset_5_keyframe_3_001100_001199,high_boundary_error,001102,61.27632967290633,0.0,0,21.904334517296878,25.32278060913086,97.49110946109657,198,39.8162841796875,97.4129508773301,36.641578674316406,dataset_5_keyframe_3,0.6374732255935669
2.2390310764312744,dataset_5_keyframe_3_001100_001199,high_boundary_error,001103,72.49066247297031,0.0,0,22.815150351638632,25.189321517944336,96.3278946333792,304,35.00029373168945,96.24926282681345,32.761905670166016,dataset_5_keyframe_3,0.6504889130592346
2.653658151626587,dataset_5_keyframe_3_001100_001199,high_boundary_error,001104,67.17521233092167,0.0,0,21.205917138829637,26.580596923828125,96.99197860962566,230,39.088539123535156,96.91333752752438,36.43611526489258,dataset_5_keyframe_3,0.65015709400177
2.8238728046417236,dataset_5_keyframe_3_001100_001199,high_boundary_error,001105,64.77824792352295,0.0,0,20.46757250324369,26.430728912353516,97.14386459802539,224,40.22563552856445,97.09293214229744,37.40215301513672,dataset_5_keyframe_3,0.6403581500053406
2.2359888553619385,dataset_5_keyframe_3_001100_001199,high_boundary_error,001106,70.39504624549302,0.0,0,19.58705769496329,25.99203872680664,96.36306631133407,312,37.400962829589844,96.25725035271986,35.166290283203125,dataset_5_keyframe_3,0.6411343216896057
2.3668370246887207,dataset_5_keyframe_3_001100_001199,high_boundary_error,001107,67.40950313929153,0.0,0,19.66404413798008,25.56420135498047,96.15146112704441,301,37.5795783996582,96.05069374467095,35.21686935424805,dataset_5_keyframe_3,0.6315099596977234
2.027377128601074,dataset_5_keyframe_3_001100_001199,high_boundary_error,001108,69.2638345660845,0.0,0,20.122493648607417,25.618310928344727,96.08875808387872,317,35.67624282836914,95.89125972969833,33.65233612060547,dataset_5_keyframe_3,0.6352474093437195
1.5286953449249268,dataset_5_keyframe_3_001100_001199,high_boundary_error,001109,71.05901374292644,0.0,0,20.273508370430587,25.706756591796875,95.53451129845632,373,33.21931838989258,95.26504215267352,31.696258544921875,dataset_5_keyframe_3,0.6326115131378174
2.726205348968506,dataset_5_keyframe_3_001100_001199,high_boundary_error,001110,66.66159695817491,0.0,0,24.184592415231617,27.092988967895508,95.69201520912547,363,38.350486755371094,95.58174904942966,35.627906799316406,dataset_5_keyframe_3,0.6330035924911499
4.629654884338379,dataset_5_keyframe_3_001100_001199,high_boundary_error,001111,57.11478135983975,0.0,0,27.768178357021462,25.56856346130371,95.7405797649193,351,42.233482360839844,95.58562303941947,37.60593795776367,dataset_5_keyframe_3,0.6380355954170227
3.2221293449401855,dataset_5_keyframe_3_001100_001199,high_boundary_error,001112,55.923815236952606,0.0,0,35.853683655084474,28.541658401489258,96.11952609478104,331,37.52409744262695,96.0257948410318,34.30356216430664,dataset_5_keyframe_3,0.6156681180000305
4.374399185180664,dataset_5_keyframe_3_001100_001199,high_boundary_error,001113,56.313763593557304,0.0,0,46.82698350164988,30.8588809967041,96.33394371986995,299,40.19807815551758,96.1919354235958,35.82481384277344,dataset_5_keyframe_3,0.6274487376213074
4.216122150421143,dataset_5_keyframe_3_001100_001199,high_boundary_error,001114,58.14287291597659,0.0,0,75.94443760712907,31.879379272460938,95.76386588642302,339,37.427616119384766,95.513599057819,33.21403884887695,dataset_5_keyframe_3,0.6348772644996643
4.668833255767822,dataset_5_keyframe_3_001100_001199,high_boundary_error,001115,58.51339351783336,0.0,0,85.09828634466334,33.6716194152832,96.07444132011247,327,39.15596008300781,95.92274678111588,34.4888801574707,dataset_5_keyframe_3,0.6435510516166687
4.355154514312744,dataset_5_keyframe_3_001100_001199,high_boundary_error,001116,57.433673844344824,0.0,0,159.94536353990438,35.10714340209961,95.96163739251855,344,37.828712463378906,95.78893216726685,33.47568893432617,dataset_5_keyframe_3,0.6338872909545898
3.6636850833892822,dataset_5_keyframe_3_001100_001199,high_boundary_error,001117,59.843755704011976,0.0,0,279.23996427605186,33.779693603515625,95.52805461249224,387,35.09098434448242,95.12284160186908,31.429336547851562,dataset_5_keyframe_3,0.6339381337165833
3.7709429264068604,dataset_5_keyframe_3_001100_001199,high_boundary_error,001118,61.01192653837711,0.0,0,240.72803922668234,33.7201042175293,95.54035267432502,396,35.28462219238281,95.11231433379673,31.518388748168945,dataset_5_keyframe_3,0.6431481838226318
3.723266124725342,dataset_5_keyframe_3_001100_001199,high_boundary_error,001119,69.30437031290406,0.0,0,183.54892681655608,31.176528930664062,94.96102552735601,432,33.19658660888672,93.62739665299789,29.488792419433594,dataset_5_keyframe_3,0.6674011945724487
5.338544845581055,dataset_5_keyframe_3_001100_001199,high_boundary_error,001120,67.88661510565075,0.0,0,155.47778091105565,34.14703369140625,95.50753062206269,399,37.56949996948242,94.56759057099508,32.24832534790039,dataset_5_keyframe_3,0.6862248778343201
4.536381721496582,dataset_5_keyframe_3_001100_001199,high_boundary_error,001121,71.32312029377944,2.26628895184136,8,149.54520089285714,33.53844451904297,95.97907934270559,353,36.54625701904297,93.84992024926741,32.0482177734375,dataset_5_keyframe_3,0.6767949461936951
5.266478538513184,dataset_5_keyframe_3_001100_001199,high_boundary_error,001122,64.18734838589289,0.2849002849002849,1,153.0294047307857,34.929290771484375,96.03657398768426,351,38.35872268676758,95.02519126702742,33.11068344116211,dataset_5_keyframe_3,0.6752551198005676
4.087549209594727,dataset_5_keyframe_3_001100_001199,high_boundary_error,001123,71.87971058185107,1.4367816091954022,5,141.64086903864947,31.673810958862305,95.71902321374736,348,34.53694534301758,94.11365691890262,30.481576919555664,dataset_5_keyframe_3,0.6821209788322449
2.6675593852996826,dataset_5_keyframe_3_001100_001199,high_boundary_error,001124,78.0937476143217,1.8126888217522659,6,60.811068219560745,29.89341926574707,95.59508359416749,331,34.229156494140625,94.09496908160928,31.592548370361328,dataset_5_keyframe_3,0.6858800649642944
3.4912922382354736,dataset_5_keyframe_3_001100_001199,high_boundary_error,001125,81.05766241840224,0.9375,3,118.12501866851599,31.990036010742188,96.09884986011812,320,34.92740249633789,94.60289089213553,31.457637786865234,dataset_5_keyframe_3,0.7049919366836548
6.459156513214111,dataset_5_keyframe_3_001100_001199,high_boundary_error,001126,67.65608191561417,0.6779661016949152,2,88.80859913280752,33.026161193847656,96.14725686282323,295,40.279075622558594,94.96792700904419,33.83786392211914,dataset_5_keyframe_3,0.7005277872085571
2.744628429412842,dataset_5_keyframe_3_001100_001199,high_boundary_error,001127,79.37219730941705,0.2457002457002457,1,108.73848985011468,30.741220474243164,95.39339584182633,407,33.25359344482422,94.87973909498574,30.521677017211914,dataset_5_keyframe_3,0.7102281451225281
1.9870855808258057,dataset_5_keyframe_3_001100_001199,high_boundary_error,001128,83.3673002537121,4.523809523809524,19,35.65244908408238,29.091259002685547,94.63045377032816,420,34.45563888549805,93.5324210789003,32.54310607910156,dataset_5_keyframe_3,0.7188010215759277
6.65477180480957,dataset_5_keyframe_3_001100_001199,high_boundary_error,001129,72.05756381702929,0.0,0,73.48993963567422,31.47496795654297,95.94826109302724,272,40.3885612487793,95.63988350179886,33.83796691894531,dataset_5_keyframe_3,0.7218618988990784
3.5729761123657227,dataset_5_keyframe_3_001100_001199,high_boundary_error,001130,81.05370707654036,0.28653295128939826,1,148.11296919102273,31.022199630737305,95.26897960996845,349,33.40018081665039,95.07351961263382,29.878082275390625,dataset_5_keyframe_3,0.7247949838638306
3.668415069580078,dataset_5_keyframe_3_001100_001199,high_boundary_error,001131,82.98659269533056,1.8575851393188854,6,99.8064872688576,31.01356315612793,95.63106796116504,323,34.62693786621094,94.62320850670365,31.02055549621582,dataset_5_keyframe_3,0.7293477058410645
4.896781921386719,dataset_5_keyframe_3_001100_001199,high_boundary_error,001132,79.40170528445493,11.799410029498524,40,59.30752026040137,27.18242645263672,95.5007466640975,339,35.067264556884766,95.35623103232334,30.390962600708008,dataset_5_keyframe_3,0.7377685904502869
1.8973798751831055,dataset_5_keyframe_3_001100_001199,high_boundary_error,001133,93.87314032971452,0.5141388174807198,2,39.738781190342614,25.26263999938965,93.7675914756735,389,29.111234664916992,90.57096903900282,27.581850051879883,dataset_5_keyframe_3,0.7819792628288269
1.732664942741394,dataset_5_keyframe_3_001100_001199,high_boundary_error,001134,94.0837863767189,0.9287925696594427,3,49.034754695236686,26.324522018432617,94.35028248587571,323,29.316816329956055,93.58810361368724,27.849552154541016,dataset_5_keyframe_3,0.7946809530258179
1.1918895244598389,dataset_5_keyframe_3_001100_001199,high_boundary_error,001135,98.3413921061509,26.652452025586353,125,8.70619012576974,25.935623168945312,93.01135724727314,469,32.202877044677734,92.75272686382549,31.657238006591797,dataset_5_keyframe_3,0.8542322516441345
1.174627423286438,dataset_5_keyframe_3_001100_001199,high_boundary_error,001136,98.8502994011976,26.88679245283019,114,11.177677567561435,26.862506866455078,92.50299401197604,424,30.477598190307617,91.34131736526946,30.073514938354492,dataset_5_keyframe_3,0.8714341521263123
1.3740524053573608,dataset_5_keyframe_3_001100_001199,high_boundary_error,001137,99.4327597195666,15.227272727272727,67,26.361313773467558,28.00798988342285,92.4155513065647,440,31.08083152770996,91.55513065646909,30.270790100097656,dataset_5_keyframe_3,0.9001648426055908
1.2107570171356201,dataset_5_keyframe_3_001100_001199,high_boundary_error,001138,99.41496873108736,10.644257703081232,38,30.36654069253064,28.49306869506836,93.47051307914734,357,30.961523056030273,92.98634927039204,30.211938858032227,dataset_5_keyframe_3,0.9061082601547241
1.7548646926879883,dataset_5_keyframe_3_001100_001199,high_boundary_error,001139,99.38040345821325,39.35860058309038,135,7.086251037659887,27.2557373046875,92.20461095100865,343,28.020856857299805,90.01440922190201,27.966638565063477,dataset_5_keyframe_3,0.9083603620529175
1.294960618019104,dataset_5_keyframe_3_001100_001199,high_boundary_error,001140,99.4117197646879,24.18032786885246,59,4.2721069660864925,29.828901290893555,94.49155779662311,244,32.455101013183594,95.79799831919932,32.3429069519043,dataset_5_keyframe_3,0.9173190593719482
2.2052338123321533,dataset_5_keyframe_3_001100_001199,high_boundary_error,001141,99.73001718072486,66.66666666666667,2,21.807536598470392,35.01336669921875,99.93454961956967,3,43.63978958129883,99.87728053669312,41.75857925415039,dataset_5_keyframe_3,0.933808445930481
2.33414888381958,dataset_5_keyframe_3_001100_001199,high_boundary_error,001142,99.7495033255593,24.0,18,41.112041944289636,38.39143753051758,98.59203593331605,75,42.689945220947266,99.12758054763756,40.9227409362793,dataset_5_keyframe_3,0.940845787525177
3.209188222885132,dataset_5_keyframe_3_001100_001199,high_boundary_error,001143,99.85436009466594,36.25,29,205.0318390908271,39.24897766113281,98.1066812306572,80,40.30631637573242,98.29783360640816,38.13843536376953,dataset_5_keyframe_3,0.955293595790863
3.570230722427368,dataset_5_keyframe_3_001100_001199,high_boundary_error,001144,99.81819921538609,55.357142857142854,31,5139.751552795031,37.49203872680664,98.35422447612669,56,37.52458953857422,97.42608362836093,35.851558685302734,dataset_5_keyframe_3,0.9582439661026001
3.203889846801758,dataset_5_keyframe_3_001100_001199,high_boundary_error,001145,99.64894684052156,60.97560975609756,50,168.88678351492183,34.632930755615234,97.68304914744233,82,34.673194885253906,97.83350050150452,34.605194091796875,dataset_5_keyframe_3,0.951919436454773
2.428724527359009,dataset_5_keyframe_3_001100_001199,high_boundary_error,001146,99.66972855815874,33.333333333333336,1,42.125304672371605,41.700904846191406,99.91743213953968,3,44.92966842651367,99.92775312209723,43.569541931152344,dataset_5_keyframe_3,0.945840060710907
2.5640618801116943,dataset_5_keyframe_3_001100_001199,high_boundary_error,001147,99.73457904236119,88.88888888888889,16,45.947678892023596,43.47785186767578,99.34175602505574,18,45.054443359375,99.34175602505574,44.33003616333008,dataset_5_keyframe_3,0.949933648109436
6.6747331619262695,dataset_5_keyframe_3_001100_001199,high_boundary_error,001167,99.95607774239596,0.0,0,38.43694832557108,56.31135559082031,99.98901943559899,0,73.51182556152344,100.0,66.9004898071289,dataset_5_keyframe_3,0.9493882656097412
8.12512493133545,dataset_5_keyframe_3_001100_001199,high_boundary_error,001168,99.98922065322841,100.0,1,57.399725466097436,62.63317108154297,99.98922065322841,1,76.76178741455078,100.0,68.6520004272461,dataset_5_keyframe_3,0.9559642672538757
9.549135208129883,dataset_5_keyframe_3_001100_001199,high_boundary_error,001169,100.0,0.0,0,96.38584526154874,65.572998046875,100.0,0,75.45975494384766,100.0,65.9303207397461,dataset_5_keyframe_3,0.9635273218154907
5.874357223510742,dataset_5_keyframe_3_001100_001199,high_boundary_error,001170,99.95071463775258,100.0,1,542.1021639404379,63.696895599365234,99.95071463775258,1,64.77875518798828,99.96057171020207,58.913970947265625,dataset_5_keyframe_3,0.9527936577796936
5.975310325622559,dataset_5_keyframe_3_001100_001199,high_boundary_error,001171,99.96131528046422,100.0,3,3217.1681891456205,59.92643356323242,99.8936170212766,3,60.11101150512695,99.98065764023211,54.172828674316406,dataset_5_keyframe_3,0.9595545530319214
6.9378461837768555,dataset_5_keyframe_3_001100_001199,high_boundary_error,001172,99.9701373681067,100.0,3,4960.991010864171,62.677894592285156,99.91041210432013,3,62.81623840332031,100.0,55.9530143737793,dataset_5_keyframe_3,0.9661181569099426
5.321249961853027,dataset_5_keyframe_3_001100_001199,high_boundary_error,001173,99.9687792694349,33.333333333333336,1,75217.9749715586,58.656280517578125,99.88552398792798,3,58.662986755371094,99.9687792694349,53.618690490722656,dataset_5_keyframe_3,0.9637450575828552
0.01648659259080887,dataset_7_keyframe_1_000540_000639,high_motion_mismatch,000540,8.084737141318334,0.0,0,-3.2745191072099322,2.252387046813965,21.663026240986206,11918,2.7347841262817383,21.54932527452799,2.750580310821533,dataset_7_keyframe_1,0.19418835639953613
0.011752024292945862,dataset_7_keyframe_1_000540_000639,high_motion_mismatch,000541,20.601128993514294,0.0,0,-1.3049712168220216,2.229260206222534,21.360797501801585,11226,2.751892566680908,21.24669709344223,2.7587127685546875,dataset_7_keyframe_1,0.3699411451816559
0.0180644728243351,dataset_7_keyframe_1_000540_000639,high_motion_mismatch,000542,29.160918850836683,0.0,0,-1.376449445738511,2.2335259914398193,21.822707371198945,11166,2.7567670345306396,21.774725604270376,2.7639691829681396,dataset_7_keyframe_1,0.4439391493797302
0.02485356293618679,dataset_7_keyframe_1_000540_000639,high_motion_mismatch,000543,33.8379126666466,0.0,0,-2.1116905438529674,2.1915838718414307,21.7129615697132,11763,2.6798603534698486,21.703933311264258,2.690171241760254,dataset_7_keyframe_1,0.4681011438369751
0.02775697410106659,dataset_7_keyframe_1_000540_000639,high_motion_mismatch,000544,34.52377367581077,0.0,0,-2.4349816869937007,2.1307623386383057,21.337589207744887,11506,2.673332691192627,21.31952181637508,2.686544179916382,dataset_7_keyframe_1,0.4714238941669464
0.022070370614528656,dataset_7_keyframe_1_000540_000639,high_motion_mismatch,000545,31.148334038822036,0.0,0,-1.7011294621171893,2.0944325923919678,21.49120154804378,11500,2.663300037384033,21.379331196710407,2.6729772090911865,dataset_7_keyframe_1,0.46402856707572937
0.02200578898191452,dataset_7_keyframe_1_000540_000639,high_motion_mismatch,000546,31.074265349883724,0.0,0,-1.435315421162121,2.0634753704071045,20.866177403279877,11886,2.614624500274658,20.802754371658967,2.622535228729248,dataset_7_keyframe_1,0.46534812450408936
0.023507017642259598,dataset_7_keyframe_1_000540_000639,high_motion_mismatch,000547,32.33880475197243,0.0,0,-1.5393135244482008,2.0447230339050293,20.268432030470663,12330,2.5953593254089355,20.277500680148727,2.603835344314575,dataset_7_keyframe_1,0.46757179498672485
0.019379718229174614,dataset_7_keyframe_1_000540_000639,high_motion_mismatch,000548,30.13231939163498,0.0,0,-1.413955009571673,1.9602253437042236,19.25171102661597,14072,2.461763381958008,19.2,2.4688549041748047,dataset_7_keyframe_1,0.46028661727905273
0.020967334508895874,dataset_7_keyframe_1_000540_000639,high_motion_mismatch,000549,30.395053455575525,0.0,0,-1.4109017282807221,1.9412479400634766,19.429807194419908,13090,2.5220091342926025,19.28055800919862,2.530203104019165,dataset_7_keyframe_1,0.4638155996799469
0.02157493680715561,dataset_7_keyframe_1_000540_000639,high_motion_mismatch,000550,30.23562214664338,0.0,0,-1.465819909016124,1.8878477811813354,17.98265771976591,14093,2.4357573986053467,17.869289456751538,2.443788766860962,dataset_7_keyframe_1,0.46382656693458557
0.02011892944574356,dataset_7_keyframe_1_000540_000639,high_motion_mismatch,000551,28.815651422576067,0.0,0,-1.2091587282676675,1.7946585416793823,16.972165648336727,15995,2.3079700469970703,16.962908103437634,2.3141767978668213,dataset_7_keyframe_1,0.46237626671791077
0.01949392259120941,dataset_7_keyframe_1_000540_000639,high_motion_mismatch,000552,28.637900549058536,0.0,0,-1.0511090996405847,1.7979141473770142,15.888575239631479,16259,2.261364459991455,15.838942829667774,2.266235828399658,dataset_7_keyframe_1,0.464361310005188
0.02204110473394394,dataset_7_keyframe_1_000540_000639,high_motion_mismatch,000553,28.945483981444006,0.0,0,-1.033697221726726,1.7953401803970337,17.9737849870793,14980,2.37876033782959,17.858588374482395,2.384791135787964,dataset_7_keyframe_1,0.46755290031433105
0.01972762867808342,dataset_7_keyframe_1_000540_000639,high_motion_mismatch,000554,27.9785431959345,0.0,0,-0.8426252742864205,1.7792408466339111,14.74057343622561,17370,2.1631155014038086,14.58372545329067,2.1663501262664795,dataset_7_keyframe_1,0.4588440954685211
0.02299431711435318,dataset_7_keyframe_1_000540_000639,high_motion_mismatch,000555,29.43872068769357,0.0,0,-0.8477176561362354,1.7470184564590454,15.93451741356425,16748,2.237711191177368,15.839706718917894,2.241870880126953,dataset_7_keyframe_1,0.46610191464424133
0.021428797394037247,dataset_7_keyframe_1_000540_000639,high_motion_mismatch,000556,29.60229080496341,0.0,0,-1.050089898102776,1.727053165435791,14.530703149856825,15854,2.2273714542388916,14.511613108495068,2.2326252460479736,dataset_7_keyframe_1,0.46350333094596863
0.025166047737002373,dataset_7_keyframe_1_000540_000639,high_motion_mismatch,000557,30.85400334147282,0.0,0,-1.0565376194019382,1.737338900566101,14.300861071841666,17734,2.1341850757598877,14.05346356509446,2.1383779048919678,dataset_7_keyframe_1,0.4698478877544403
0.024525586515665054,dataset_7_keyframe_1_000540_000639,high_motion_mismatch,000558,31.48256380284434,0.0,0,-0.678472872377929,1.7536472082138062,17.017338788233,15148,2.360628604888916,16.923176829664264,2.3647468090057373,dataset_7_keyframe_1,0.47398480772972107
0.029852312058210373,dataset_7_keyframe_1_000540_000639,high_motion_mismatch,000559,33.16124816206502,0.0,0,-1.5306722997766715,1.758316159248352,15.232805097206338,16503,2.2110190391540527,15.118444698578664,2.2179484367370605,dataset_7_keyframe_1,0.4801393151283264
0.030102696269750595,dataset_7_keyframe_1_000540_000639,high_motion_mismatch,000560,33.11604938271605,0.0,0,-1.7455705342822982,1.7992886304855347,16.493827160493826,15317,2.343593120574951,16.424691358024692,2.3530943393707275,dataset_7_keyframe_1,0.4793538749217987
0.0296388678252697,dataset_7_keyframe_1_000540_000639,high_motion_mismatch,000561,32.167461579226284,0.0,0,-1.8825941636452812,1.792198657989502,15.02715951245363,17056,2.1961538791656494,14.848304186539481,2.203758716583252,dataset_7_keyframe_1,0.4715997278690338
0.030844230204820633,dataset_7_keyframe_1_000540_000639,high_motion_mismatch,000562,33.22943897044038,0.0,0,-1.3939363863739098,1.772596001625061,17.196192774314632,14199,2.3899641036987305,17.12916415309337,2.3985698223114014,dataset_7_keyframe_1,0.4791051149368286
0.03638651967048645,dataset_7_keyframe_1_000540_000639,high_motion_mismatch,000563,35.07946641577904,0.0,0,-2.578691326099404,1.7951771020889282,14.878532307382144,16084,2.19927978515625,14.794529753704513,2.209700345993042,dataset_7_keyframe_1,0.48730313777923584
0.037706296890974045,dataset_7_keyframe_1_000540_000639,high_motion_mismatch,000564,34.89370331564538,0.0,0,-2.116353242141294,1.8609223365783691,17.930172035015378,12862,2.5113494396209717,17.90313313279481,2.5251147747039795,dataset_7_keyframe_1,0.48663753271102905
0.03457557410001755,dataset_7_keyframe_1_000540_000639,high_motion_mismatch,000565,34.527400277900156,0.0,0,-2.2335392092043724,1.8606929779052734,15.603077235910122,14410,2.3082096576690674,15.470905208933473,2.3182051181793213,dataset_7_keyframe_1,0.4831888973712921
0.03652990609407425,dataset_7_keyframe_1_000540_000639,high_motion_mismatch,000566,35.52613667301933,0.0,0,-2.3294483345698715,1.9640594720840454,18.346719303022052,12284,2.5789668560028076,18.288864688265722,2.5932908058166504,dataset_7_keyframe_1,0.48325619101524353
0.05923716723918915,dataset_7_keyframe_1_000540_000639,high_motion_mismatch,000567,37.86675753961492,0.0,0,-6.186951567625697,2.018315553665161,18.90270914976998,12509,2.602725028991699,18.909524620889417,2.6388821601867676,dataset_7_keyframe_1,0.4900148808956146
0.05185186490416527,dataset_7_keyframe_1_000540_000639,high_motion_mismatch,000568,38.25041118421053,0.0,0,-6.129321719087064,2.1108734607696533,18.253152412280702,12727,2.5593717098236084,18.191474780701753,2.5868616104125977,dataset_7_keyframe_1,0.49226894974708557
0.059872861951589584,dataset_7_keyframe_1_000540_000639,high_motion_mismatch,000569,40.15799641230854,0.0,0,-6.49840166683316,2.210549831390381,19.98758106802815,11999,2.745164394378662,20.094521871119085,2.7799057960510254,dataset_7_keyframe_1,0.4986407160758972
0.08159273862838745,dataset_7_keyframe_1_000540_000639,high_motion_mismatch,000570,41.61709780052566,0.0,0,-9.785114607206527,2.397468090057373,21.600497994190068,10576,2.9229233264923096,21.62470604509614,2.974339723587036,dataset_7_keyframe_1,0.5109622478485107
0.11427982896566391,dataset_7_keyframe_1_000540_000639,high_motion_mismatch,000571,43.84838442419221,0.0,0,-15.879410111032584,2.486945152282715,22.593896713615024,10458,3.001735210418701,22.590444628555648,3.0834808349609375,dataset_7_keyframe_1,0.5203640460968018
0.11467526108026505,dataset_7_keyframe_1_000540_000639,high_motion_mismatch,000572,44.14539400665927,0.0,0,-13.287724765970971,2.5647695064544678,25.26706437291898,9279,3.152897596359253,25.270532741398448,3.231046438217163,dataset_7_keyframe_1,0.5206536054611206
0.13866443932056427,dataset_7_keyframe_1_000540_000639,high_motion_mismatch,000573,44.2664535408993,0.0,0,-16.532906833056003,2.633888006210327,25.700187643338662,8761,3.231806755065918,25.401348252137048,3.330660104751587,dataset_7_keyframe_1,0.5216363668441772
0.12185259908437729,dataset_7_keyframe_1_000540_000639,high_motion_mismatch,000574,42.573462692817756,0.0,0,-11.647089824842782,2.6798996925354004,27.280658895791163,8449,3.370243787765503,27.16549172890347,3.450648784637451,dataset_7_keyframe_1,0.5197372436523438
0.12175042927265167,dataset_7_keyframe_1_000540_000639,high_motion_mismatch,000575,42.62346760070052,0.0,0,-15.016749035129036,2.816819190979004,25.225919439579684,8450,3.3594484329223633,25.295971978984237,3.4409337043762207,dataset_7_keyframe_1,0.5243168473243713
0.16282525658607483,dataset_7_keyframe_1_000540_000639,high_motion_mismatch,000576,45.30652349370109,0.0,0,-21.77834121456101,2.8611652851104736,26.40628838123311,8233,3.4227330684661865,26.357160402849424,3.5450332164764404,dataset_7_keyframe_1,0.5314699411392212
0.17121993005275726,dataset_7_keyframe_1_000540_000639,high_motion_mismatch,000577,47.853730504426025,0.013034410844629822,1,-20.42964113736518,2.868145227432251,27.813685541660814,7672,3.4936788082122803,27.69425319657159,3.6214730739593506,dataset_7_keyframe_1,0.5351362228393555
0.15222814679145813,dataset_7_keyframe_1_000540_000639,high_motion_mismatch,000578,46.37717033841366,0.0,0,-15.576107829549203,3.0777554512023926,30.489055482867144,6353,3.757756471633911,30.436012588846847,3.8636741638183594,dataset_7_keyframe_1,0.5338410139083862
0.19235128164291382,dataset_7_keyframe_1_000540_000639,high_motion_mismatch,000579,47.12994149973409,0.03881987577639751,2,-16.73871930768886,3.253077983856201,33.564970749867044,5152,4.008731842041016,33.51887963127105,4.135218620300293,dataset_7_keyframe_1,0.5469182729721069
0.19425854086875916,dataset_7_keyframe_1_000540_000639,high_motion_mismatch,000580,49.32355454286528,0.1594896331738437,8,-18.576748952397278,3.508805990219116,37.94502990600969,5016,4.143028259277344,38.04827684420393,4.260846138000488,dataset_7_keyframe_1,0.5609806776046753
0.2363419532775879,dataset_7_keyframe_1_000540_000639,high_motion_mismatch,000581,49.55188847001921,0.15804030027657054,8,-21.87119617148997,3.2922582626342773,35.14119069635109,5062,4.013845443725586,35.21587595134789,4.171665191650391,dataset_7_keyframe_1,0.5585682392120361
0.15489304065704346,dataset_7_keyframe_1_000540_000639,high_motion_mismatch,000582,45.55766271871757,0.19138755980861244,8,-10.303570499322255,3.4732248783111572,40.62332271800193,4180,4.329989433288574,40.62690091959781,4.418266773223877,dataset_7_keyframe_1,0.5384123921394348
0.14154741168022156,dataset_7_keyframe_1_000540_000639,high_motion_mismatch,000583,44.79450093083202,0.01952362358453729,1,-11.780645218749164,3.4590835571289062,38.42904195904339,5122,4.101568222045898,38.16769296863812,4.177257061004639,dataset_7_keyframe_1,0.5406304001808167
0.20150387287139893,dataset_7_keyframe_1_000540_000639,high_motion_mismatch,000584,48.36462858578968,0.2878289473684211,14,-16.562102259244536,3.361924648284912,38.06412235665817,4864,4.135566711425781,38.05335152407281,4.263698101043701,dataset_7_keyframe_1,0.551888644695282
0.2306460738182068,dataset_7_keyframe_1_000540_000639,high_motion_mismatch,000585,48.335069506806995,0.19719976336028397,10,-17.770410251366606,3.4597878456115723,41.77233377635691,5071,4.211276054382324,41.66097920183915,4.344818592071533,dataset_7_keyframe_1,0.558029294013977
0.24882514774799347,dataset_7_keyframe_1_000540_000639,high_motion_mismatch,000586,51.18493669516286,0.2541047693510555,13,-18.977006833957784,3.4617207050323486,41.622479529632436,5116,4.193831443786621,41.312267792086,4.332764148712158,dataset_7_keyframe_1,0.5598313808441162
0.29446735978126526,dataset_7_keyframe_1_000540_000639,high_motion_mismatch,000587,50.90215003421328,0.4168176875679594,23,-22.61007750937773,3.3878142833709717,42.9214535239673,5518,4.182374954223633,43.20596391399863,4.362025737762451,dataset_7_keyframe_1,0.5629183650016785
0.23995225131511688,dataset_7_keyframe_1_000540_000639,high_motion_mismatch,000588,45.91844152068038,0.0828775070445881,5,-19.24078656527602,3.2921183109283447,40.59387947953769,6033,3.9781248569488525,40.79014319982554,4.1101179122924805,dataset_7_keyframe_1,0.5395679473876953
0.15556466579437256,dataset_7_keyframe_1_000540_000639,high_motion_mismatch,000589,41.65690008789921,0.01595405232929164,1,-9.949355992383142,3.128490686416626,37.20700263697627,6268,3.775804281234741,37.174040433636094,3.840207815170288,dataset_7_keyframe_1,0.510257363319397
0.1515980213880539,dataset_7_keyframe_1_000540_000639,high_motion_mismatch,000590,43.242845582285,0.015269506794930525,1,-7.673028637487981,3.059380292892456,37.30596630618701,6549,3.7370762825012207,37.32803648936953,3.789076089859009,dataset_7_keyframe_1,0.509000837802887
0.1674439013004303,dataset_7_keyframe_1_000540_000639,high_motion_mismatch,000591,43.41310751104565,0.06853070175438597,5,-8.565099067114643,2.8110814094543457,32.71354933726068,7296,3.490823984146118,32.73932253313696,3.549044609069824,dataset_7_keyframe_1,0.5086068511009216
0.17859908938407898,dataset_7_keyframe_1_000540_000639,high_motion_mismatch,000592,43.71905711963349,0.09942828734775043,8,-8.968112226239759,2.6078059673309326,30.300007389344565,8046,3.324950933456421,30.41454223010419,3.389265298843384,dataset_7_keyframe_1,0.5130614638328552
0.2248138189315796,dataset_7_keyframe_1_000540_000639,high_motion_mismatch,000593,43.86049621155846,0.06048874909266876,5,-16.47282271627459,2.492690086364746,25.583122864358938,8266,3.1273653507232666,25.627692764819493,3.2319142818450928,dataset_7_keyframe_1,0.5233287811279297
0.2764245867729187,dataset_7_keyframe_1_000540_000639,high_motion_mismatch,000594,44.75813970835043,0.246415770609319,22,-24.169186659920538,2.3154382705688477,21.094245328758436,8928,2.9233126640319824,21.552978033043672,3.0702309608459473,dataset_7_keyframe_1,0.5286526083946228
0.24049456417560577,dataset_7_keyframe_1_000540_000639,high_motion_mismatch,000595,46.36971712566795,0.1884909635214547,17,-17.505762078028162,2.262244939804077,21.490228317327453,9019,2.934727668762207,21.934905272598183,3.0524508953094482,dataset_7_keyframe_1,0.5320996642112732
0.19892582297325134,dataset_7_keyframe_1_000540_000639,high_motion_mismatch,000596,46.67623508082792,0.28429282160625446,28,-11.97641671170185,2.236813545227051,19.935035503852546,9849,2.8716585636138916,20.067230699501437,2.94769024848938,dataset_7_keyframe_1,0.5357978940010071
0.22652223706245422,dataset_7_keyframe_1_000540_000639,high_motion_mismatch,000597,45.38684793401054,0.2833721283270924,28,-15.713271356219726,2.172529458999634,16.004735354769725,9881,2.7947239875793457,16.558466356068127,2.892491102218628,dataset_7_keyframe_1,0.5324831008911133
0.26158300042152405,dataset_7_keyframe_1_000540_000639,high_motion_mismatch,000598,45.516262657256824,0.09062075215224287,8,-18.787624327711285,2.283701181411743,19.82970236268794,8828,2.9912467002868652,20.09051856397668,3.1241776943206787,dataset_7_keyframe_1,0.5352257490158081
0.2984468638896942,dataset_7_keyframe_1_000540_000639,high_motion_mismatch,000599,46.82370289883193,0.20434502043450203,19,-25.851883658030676,2.275547981262207,16.442236796150414,9298,2.8791134357452393,16.869106290504096,3.035146474838257,dataset_7_keyframe_1,0.5424909591674805
0.3530963957309723,dataset_7_keyframe_1_000540_000639,high_motion_mismatch,000600,47.38234365129501,0.17293558149589278,16,-37.430854505612224,2.2956745624542236,16.503474415666457,9252,2.890380620956421,16.941724573594442,3.1129841804504395,dataset_7_keyframe_1,0.5454932451248169
0.49161896109580994,dataset_7_keyframe_1_000540_000639,high_motion_mismatch,000601,48.764940239043824,0.35235280745624004,31,-51.90908055540846,2.222472667694092,16.095617529880478,8798,2.879800796508789,16.836653386454184,3.2210137844085693,dataset_7_keyframe_1,0.5500554442405701
0.7199130058288574,dataset_7_keyframe_1_000540_000639,high_motion_mismatch,000602,48.71918996329017,0.6866022224229831,76,-103.90246945943065,2.126469850540161,14.11916575900601,11069,2.6385254859924316,15.264835209165355,3.1705639362335205,dataset_7_keyframe_1,0.5592507123947144
0.585304856300354,dataset_7_keyframe_1_000540_000639,high_motion_mismatch,000603,48.22842681035186,0.3376748673420164,42,-83.10943898603304,2.023603916168213,13.335782512858193,12438,2.5135865211486816,14.344028083925219,2.9208083152770996,dataset_7_keyframe_1,0.558007538318634
0.5528932213783264,dataset_7_keyframe_1_000540_000639,high_motion_mismatch,000604,47.01797892126472,0.3912960488642871,41,-52.975217732631464,1.929831862449646,13.366398016119033,10478,2.5862743854522705,14.226079768547221,2.9340262413024902,dataset_7_keyframe_1,0.556454062461853
0.5717703104019165,dataset_7_keyframe_1_000540_000639,high_motion_mismatch,000605,49.96660823107104,0.8198843531543971,95,-53.41964983717236,1.7954493761062622,12.342432590366474,11587,2.3707854747772217,13.052007680106854,2.6781280040740967,dataset_7_keyframe_1,0.5732715725898743
0.48484766483306885,dataset_7_keyframe_1_000540_000639,high_motion_mismatch,000606,48.659262700054896,0.45599635202918376,50,-37.26323230269829,1.7520784139633179,12.892192052700477,10965,2.3959555625915527,13.128668552848275,2.635885000228882,dataset_7_keyframe_1,0.5670527219772339
0.4237653613090515,dataset_7_keyframe_1_000540_000639,high_motion_mismatch,000607,47.904574940252644,0.4334842500722474,45,-33.92711538683987,1.7592555284500122,10.579549334243769,10381,2.2848455905914307,11.292249914646638,2.463163137435913,dataset_7_keyframe_1,0.5614256858825684
0.4964417517185211,dataset_7_keyframe_1_000540_000639,high_motion_mismatch,000608,48.90961696247355,0.7933473523226916,83,-41.862315736885435,1.682975172996521,11.253616617005656,10462,2.2432432174682617,12.035237725093925,2.4777843952178955,dataset_7_keyframe_1,0.5610119700431824
0.4424406886100769,dataset_7_keyframe_1_000540_000639,high_motion_mismatch,000609,47.75648054739243,0.6447393010652215,69,-31.135695628257505,1.728178858757019,11.425939734198868,10702,2.2710466384887695,11.947892451423309,2.4400722980499268,dataset_7_keyframe_1,0.5529420375823975
0.4520721435546875,dataset_7_keyframe_1_000540_000639,high_motion_mismatch,000610,46.86874972220988,0.9777446689635907,105,-35.56161921474887,1.694319725036621,10.31601404506867,10739,2.2052953243255615,11.07160318236366,2.3870065212249756,dataset_7_keyframe_1,0.5502937436103821
0.4699043333530426,dataset_7_keyframe_1_000540_000639,high_motion_mismatch,000611,50.41311180960934,0.6768350810295519,71,-32.9384094303618,1.7383980751037598,9.892231701841041,10490,2.1891865730285645,10.471486304445442,2.3376691341400146,dataset_7_keyframe_1,0.5616816282272339
0.47556909918785095,dataset_7_keyframe_1_000540_000639,high_motion_mismatch,000612,53.64940454709491,0.8144512895478752,78,-33.95333798319261,1.804195523262024,11.85492601948755,9577,2.313349962234497,11.972212197762541,2.486224889755249,dataset_7_keyframe_1,0.5683096051216125
0.46807876229286194,dataset_7_keyframe_1_000540_000639,high_motion_mismatch,000613,56.75318761384335,0.677570093457944,58,-20.4931119258288,1.8624529838562012,12.117486338797814,8560,2.42230486869812,12.09016393442623,2.5370359420776367,dataset_7_keyframe_1,0.5744671821594238
0.5806808471679688,dataset_7_keyframe_1_000540_000639,high_motion_mismatch,000614,61.59542857142857,1.086048454469507,78,-17.5179725490115,1.873927116394043,15.108571428571429,7182,2.5659327507019043,15.003428571428572,2.6871581077575684,dataset_7_keyframe_1,0.5870203375816345
0.4916750192642212,dataset_7_keyframe_1_000540_000639,high_motion_mismatch,000615,59.217748258844146,0.7802507035047327,61,-9.605282396143998,1.8641754388809204,14.395092477284258,7818,2.53844952583313,13.855449471887828,2.603215456008911,dataset_7_keyframe_1,0.5773674845695496
0.5009467005729675,dataset_7_keyframe_1_000540_000639,high_motion_mismatch,000616,64.62654636777974,0.8817130424825375,77,-7.756292758487156,1.7360856533050537,11.422193284345642,8733,2.3363699913024902,11.836108268998233,2.382929801940918,dataset_7_keyframe_1,0.5888944268226624
0.4582805037498474,dataset_7_keyframe_1_000540_000639,high_motion_mismatch,000617,62.67387218045113,0.6250685382169098,57,5.3863325076497155,1.6416676044464111,10.850563909774436,9119,2.25526762008667,10.850563909774436,2.222217082977295,dataset_7_keyframe_1,0.5911878943443298
0.3960435688495636,dataset_7_keyframe_1_000540_000639,high_motion_mismatch,000618,61.88743443126506,0.4633581270576759,38,8.714739418540203,1.596157193183899,12.948348376730777,8201,2.31732177734375,12.77822409148906,2.25447416305542,dataset_7_keyframe_1,0.5908656716346741
0.28990036249160767,dataset_7_keyframe_1_000540_000639,high_motion_mismatch,000619,59.98764610852419,0.36736762097795794,29,12.221993992497067,1.593804955482483,11.512876556115176,7894,2.2873318195343018,11.24679273971301,2.202569007873535,dataset_7_keyframe_1,0.584159791469574
0.25742456316947937,dataset_7_keyframe_1_000540_000639,high_motion_mismatch,000620,60.011482704176835,0.1949317738791423,15,11.67215270253212,1.635883092880249,14.650016745610257,7695,2.380048990249634,13.807951772642458,2.2931888103485107,dataset_7_keyframe_1,0.5785889625549316
0.22727686166763306,dataset_7_keyframe_1_000540_000639,high_motion_mismatch,000621,56.294548256597956,0.15741270749856898,11,9.134352621326569,1.6565569639205933,11.654787131573878,6988,2.3796024322509766,11.35619341167405,2.3135569095611572,dataset_7_keyframe_1,0.5814012885093689
0.2056814432144165,dataset_7_keyframe_1_000540_000639,high_motion_mismatch,000622,57.442850849282884,0.09545020680878141,9,10.810173343762342,1.6234534978866577,10.739634832835675,9429,2.1652615070343018,10.436144696265114,2.1066911220550537,dataset_7_keyframe_1,0.5846793055534363
0.24482403695583344,dataset_7_keyframe_1_000540_000639,high_motion_mismatch,000623,65.02142751588592,0.09044657998869418,8,13.190037754907339,1.6096867322921753,10.556130239889661,8845,2.198835611343384,10.265504162356534,2.121126651763916,dataset_7_keyframe_1,0.608188807964325
0.25989699363708496,dataset_7_keyframe_1_000540_000639,high_motion_mismatch,000624,59.959399910877856,0.16998542982030113,14,10.980639764848624,1.6084179878234863,10.18963212358271,8236,2.2537412643432617,10.140119819775213,2.1828806400299072,dataset_7_keyframe_1,0.5941537618637085
0.21668373048305511,dataset_7_keyframe_1_000540_000639,high_motion_mismatch,000625,58.38849350520081,0.06598482349059716,6,13.666986872749144,1.6310561895370483,11.322351067535958,9093,2.2278358936309814,10.814711591101378,2.1462740898132324,dataset_7_keyframe_1,0.5898507833480835
0.2381582409143448,dataset_7_keyframe_1_000540_000639,high_motion_mismatch,000626,52.63210870659285,0.11940298507462686,10,12.51425992039066,1.6076229810714722,9.984901862103674,8375,2.2031502723693848,9.838953195772522,2.128624439239502,dataset_7_keyframe_1,0.5780060887336731
0.2991463541984558,dataset_7_keyframe_1_000540_000639,high_motion_mismatch,000627,57.23820599686505,0.2620945724582287,24,21.647208764983688,1.6004070043563843,10.198715679830105,9157,2.157869577407837,9.728472468018404,2.0371944904327393,dataset_7_keyframe_1,0.5921099781990051
0.27950799465179443,dataset_7_keyframe_1_000540_000639,high_motion_mismatch,000628,61.73287041764526,0.14284256708499132,14,21.29598572640282,1.557250738143921,10.425814357193914,9801,2.100313901901245,9.680383947717758,1.9846632480621338,dataset_7_keyframe_1,0.6048266291618347
0.29610732197761536,dataset_7_keyframe_1_000540_000639,high_motion_mismatch,000629,64.08230283749808,0.17193619256853568,18,20.25620880184255,1.5470153093338013,9.446354353738005,10469,2.0120644569396973,9.020473087382626,1.917863130569458,dataset_7_keyframe_1,0.6113405227661133
0.3131740391254425,dataset_7_keyframe_1_000540_000639,high_motion_mismatch,000630,66.44929396662387,0.3054239073196419,29,18.428802306606265,1.5088574886322021,10.64441591784339,9495,2.0853769779205322,10.10012836970475,1.9791313409805298,dataset_7_keyframe_1,0.6222922801971436
0.28923463821411133,dataset_7_keyframe_1_000540_000639,high_motion_mismatch,000631,68.17781462100409,0.22066198595787362,22,21.478942737165706,1.4895212650299072,9.553909123879592,9970,2.0246458053588867,9.222320087042123,1.909706711769104,dataset_7_keyframe_1,0.6240663528442383
0.2932809591293335,dataset_7_keyframe_1_000540_000639,high_motion_mismatch,000632,69.62334824680055,0.18782870022539444,20,21.262175413663133,1.468184232711792,10.7689106232442,10648,2.0009851455688477,10.207054416814067,1.887700080871582,dataset_7_keyframe_1,0.6287519335746765
0.34642675518989563,dataset_7_keyframe_1_000540_000639,high_motion_mismatch,000633,73.5605108877722,0.18267474281319104,19,19.044584340799187,1.4053781032562256,11.49497487437186,10401,2.0048959255218506,10.751675041876046,1.890720248222351,dataset_7_keyframe_1,0.6471610069274902
0.3356061577796936,dataset_7_keyframe_1_000540_000639,high_motion_mismatch,000634,75.19543629833086,0.10982976386600769,12,18.13155706731108,1.3810611963272095,10.997253327699134,10926,1.948115348815918,10.284174941897316,1.8452996015548706,dataset_7_keyframe_1,0.6674704551696777
0.3272547125816345,dataset_7_keyframe_1_000540_000639,high_motion_mismatch,000635,76.70824005969513,0.1777145903678692,20,19.271913557207558,1.4293968677520752,11.454002771559535,11254,1.918067455291748,10.643854599722845,1.823891282081604,dataset_7_keyframe_1,0.6779115200042725
0.4025880694389343,dataset_7_keyframe_1_000540_000639,high_motion_mismatch,000636,77.7646044406122,0.23219814241486067,27,13.560412518805666,1.4132827520370483,9.614140978659194,11628,1.8700083494186401,9.026729898685062,1.8080744743347168,dataset_7_keyframe_1,0.6948909759521484
0.41852355003356934,dataset_7_keyframe_1_000540_000639,high_motion_mismatch,000637,78.83382241060754,0.42889170484452677,44,10.937242770309703,1.51384699344635,11.862840995543962,10259,2.0692451000213623,11.199869579393544,2.00849986076355,dataset_7_keyframe_1,0.7107734680175781
0.3599662482738495,dataset_7_keyframe_1_000540_000639,high_motion_mismatch,000638,80.76880592068927,0.34937549130928464,40,10.165607699341871,1.510103702545166,8.886556942450017,11449,1.9335217475891113,8.411576273058655,1.8904787302017212,dataset_7_keyframe_1,0.7154872417449951
0.4113444983959198,dataset_7_keyframe_1_000540_000639,high_motion_mismatch,000639,81.90172017706057,0.6714495952906548,73,11.306877583645782,1.5150288343429565,9.340505407071216,10872,1.9615482091903687,8.808203059337703,1.9110608100891113,dataset_7_keyframe_1,0.7280610799789429
