namespace,coverage_threshold,backbone,sequence,method,epe,bad1,bad3,absrel,boundary_epe,false_update_rate,clean_degradation_ratio,clean_update_mean,new_bad3,valid_count,clean_count,raw_good3_count,boundary_count,common_valid_ratio,frames,frames_worsened_ratio,worst_frame_degradation,p95_frame_degradation
cache,0.05,S2M2-S,dataset_7_keyframe_1,raw,0.27293183414351796,0.02836521831515947,0.0033673528244861795,0.025683604504201086,0.34686177106668314,0.0,0.0,0.0,0.0,5703887,5011222,5684680,3213956,0.7335245627572017,300,0.0,0.0,0.0
cache,0.05,S2M2-S,dataset_7_keyframe_1,memory,0.2700766251779332,0.02618915837568311,0.003114718086105142,0.025623383792624063,0.3402760837731068,0.41120549039735216,0.36794099323478385,0.05718124873185891,0.00011997157271825327,5703887,5011222,5684680,3213956,0.7335245627572017,300,0.4066666666666667,0.05020412802696228,0.019671691954135897
cache,0.05,S2M2-S,dataset_7_keyframe_1,blend_0.1,0.2719498218973767,0.027949361549413583,0.003331061782956079,0.02560676270160862,0.3453081118341842,0.0013493714706712256,0.012297000611826816,0.005718160602865594,8.971481244326857e-06,5703887,5011222,5684680,3213956,0.7335245627572017,300,0.20666666666666667,0.004420340061187744,0.0013455122709274325
cache,0.05,S2M2-S,dataset_7_keyframe_1,blend_0.25,0.2707629465130678,0.027398333802896167,0.003281446494294154,0.025521037384290512,0.3433409232793539,0.029826657050914928,0.10691663630148494,0.014295312221292409,2.2516658809290937e-05,5703887,5011222,5684680,3213956,0.7335245627572017,300,0.22,0.011337965726852417,0.0036852955818176326
cache,0.05,S2M2-S,dataset_7_keyframe_1,blend_0.5,0.26955906506543686,0.02669758359518693,0.0032158771728822816,0.025457171767291953,0.3410559633894577,0.15980473425443933,0.24175700058788055,0.028590624384998143,5.8050760992703194e-05,5703887,5011222,5684680,3213956,0.7335245627572017,300,0.30333333333333334,0.023540794849395752,0.00842312127351761
cache,0.05,S2M2-S,dataset_7_keyframe_1,heuristic_gate,0.2697168516038666,0.02690568729710108,0.0032423503481047223,0.025462453383136772,0.34151088117114636,0.11283694875222051,0.20844756029567238,0.024049249146489007,4.151508967963016e-05,5703887,5011222,5684680,3213956,0.7335245627572017,300,0.2733333333333333,0.01768636703491211,0.006278678774833681
cache,0.05,S2M2-S,dataset_7_keyframe_1,learned_refiner,0.26516000641203813,0.029138375286887695,0.0029413275543502177,0.024715514872246366,0.34165525721020223,0.39307558116563185,0.30803903718494213,0.05751376253898515,0.0002612284244671644,5703887,5011222,5684680,3213956,0.7335245627572017,300,0.18666666666666668,0.025961846113204956,0.012506470084190372
cache,0.05,S2M2-S,dataset_7_keyframe_1,oracle,0.24090029756081566,0.02314071088715467,0.0029951505000011397,0.02270454554389229,0.3057175471710821,0.1918218749837864,0.0,0.026510216124245187,0.0,5703887,5011222,5684680,3213956,0.7335245627572017,300,0.0,-0.012662336230278015,-0.01675218716263771
cache,0.25,S2M2-S,dataset_7_keyframe_1,raw,0.23059380533149304,0.01574858438397566,0.0028807291124693,0.023751547327270934,0.28347535532741,0.0,0.0,0.0,0.0,4343692,4008740,4331179,2470801,0.558602366255144,300,0.0,0.0,0.0
cache,0.25,S2M2-S,dataset_7_keyframe_1,memory,0.22935876321276233,0.014595417907162846,0.002731317045499543,0.023782607077403112,0.2804316768724614,0.3823473211033891,0.356270798305702,0.0526248718818789,7.018874075626983e-05,4343692,4008740,4331179,2470801,0.558602366255144,300,0.45666666666666667,0.05435332655906677,0.019640910625457777
cache,0.25,S2M2-S,dataset_7_keyframe_1,blend_0.1,0.22983504124909163,0.01553448080572932,0.002865995102783531,0.02368490640508208,0.28236861170414285,0.0008733417482800082,0.008594720535629648,0.005262519712070874,6.6956364537231085e-06,4343692,4008740,4331179,2470801,0.558602366255144,300,0.25333333333333335,0.004725605249404907,0.001482070982456208
cache,0.25,S2M2-S,dataset_7_keyframe_1,blend_0.25,0.22896197527626258,0.015252923089390316,0.002839980366932094,0.02361430272671301,0.2810420530455387,0.021698588583944082,0.09387563174463796,0.013156218066239893,1.408392495438309e-05,4343692,4008740,4331179,2470801,0.558602366255144,300,0.27,0.012009024620056152,0.003984141349792481
cache,0.25,S2M2-S,dataset_7_keyframe_1,blend_0.5,0.22821759426223548,0.014900227732537207,0.002806598626237772,0.023574844308868387,0.27972973048034777,0.13721942555516198,0.22664952079705844,0.026312435927688442,3.486348636248929e-05,4343692,4008740,4331179,2470801,0.558602366255144,300,0.33,0.024645447731018066,0.008343368768692018
cache,0.25,S2M2-S,dataset_7_keyframe_1,heuristic_gate,0.22826062285497567,0.015028689879485009,0.0028171886956994186,0.02357251684459969,0.27987136523963546,0.09545118915170353,0.19495402545438217,0.022343797543541356,2.4242821642790564e-05,4343692,4008740,4331179,2470801,0.558602366255144,300,0.31666666666666665,0.019795000553131104,0.00653080567717553
cache,0.25,S2M2-S,dataset_7_keyframe_1,learned_refiner,0.22081266078856246,0.01485970920590134,0.0023705640270995274,0.02258716993678339,0.2738297208199591,0.337165044378034,0.2945132385737164,0.04998008468262442,0.00010736106727521536,4343692,4008740,4331179,2470801,0.558602366255144,300,0.15333333333333332,0.01793956756591797,0.007256197184324267
cache,0.25,S2M2-S,dataset_7_keyframe_1,oracle,0.20307204482185004,0.013269817473246261,0.0026613304994921373,0.0209023239599272,0.24944681782000083,0.17969935690516223,0.0,0.02470753322644213,0.0,4343692,4008740,4331179,2470801,0.558602366255144,300,0.0,-0.007549375295639038,-0.013702833652496336
cache,0.5,S2M2-S,dataset_7_keyframe_1,raw,0.18393793211093237,0.012379885396714491,0.003376259371247987,0.023359272338808582,0.1892410177958812,0.0,0.0,0.0,0.0,1245165,1198552,1240961,1136601,0.16012924382716048,300,0.0,0.0,0.0
cache,0.5,S2M2-S,dataset_7_keyframe_1,memory,0.18451092315820036,0.012214445475097677,0.003243746812671413,0.023452534628544238,0.18987753207841074,0.340316481888145,0.33508433509768454,0.04709371958677419,7.897105549650634e-05,1245165,1198552,1240961,1136601,0.16012924382716048,300,0.49666666666666665,0.04257284104824066,0.021606838703155523
cache,0.5,S2M2-S,dataset_7_keyframe_1,blend_0.1,0.18339220853445046,0.01233651765027125,0.003365015881429369,0.023281658951587698,0.1886894692807478,0.0006641347225652287,0.0062433669961753846,0.0047093938083830585,7.252443872128133e-06,1245165,1198552,1240961,1136601,0.16012924382716048,300,0.33666666666666667,0.0032503902912139893,0.0015350237488746647
cache,0.5,S2M2-S,dataset_7_keyframe_1,blend_0.25,0.18283250645818885,0.012298771648737316,0.00334654443387021,0.0232026151283687,0.18812534902927902,0.01447997250015018,0.07643639992257324,0.011773429789111224,1.531071484115939e-05,1245165,1198552,1240961,1136601,0.16012924382716048,300,0.37333333333333335,0.008395940065383911,0.004038724303245547
cache,0.5,S2M2-S,dataset_7_keyframe_1,blend_0.5,0.18257543904894488,0.01222488585850068,0.003325663667064204,0.023168285567634558,0.1878760592230614,0.10456951388008197,0.201352131572097,0.023546859523741085,3.545639226373754e-05,1245165,1198552,1240961,1136601,0.16012924382716048,300,0.4266666666666667,0.018605545163154602,0.009251615777611733
cache,0.5,S2M2-S,dataset_7_keyframe_1,heuristic_gate,0.18257269889510847,0.012263434966450229,0.0033272698798954355,0.023167999435919726,0.1878702341607646,0.07858649436987299,0.17877989440591646,0.02092235929444881,2.6592294197803155e-05,1245165,1198552,1240961,1136601,0.16012924382716048,300,0.4166666666666667,0.015515953302383423,0.00823400653898716
cache,0.5,S2M2-S,dataset_7_keyframe_1,learned_refiner,0.17158587442329712,0.01089413852782563,0.0028646805845008493,0.021873666391120004,0.1766417821442339,0.21658301016559983,0.24364900313044408,0.038936479522087675,0.00013134981679520952,1245165,1198552,1240961,1136601,0.16012924382716048,300,0.2866666666666667,0.022869616746902466,0.009303262084722519
cache,0.5,S2M2-S,dataset_7_keyframe_1,oracle,0.1611752571341402,0.01154947336296796,0.003165042383941084,0.020236739336236872,0.16616156212966932,0.16215066179857027,0.0,0.022237465246966542,0.0,1245165,1198552,1240961,1136601,0.16012924382716048,300,0.0,-0.004443556070327759,-0.011782879382371898
cache,0.9,S2M2-S,dataset_7_keyframe_1,raw,0.9489706396251112,0.40540540540540543,0.02702702702702703,0.0938338855331814,0.9489706396251112,0.0,0.0,0.0,0.0,37,21,36,37,4.758230452674896e-06,300,0.0,0.0,0.0
cache,0.9,S2M2-S,dataset_7_keyframe_1,memory,0.9479162632613569,0.40540540540540543,0.0,0.09363335383602896,0.9479162632613569,0.19047619047619047,0.23809523809523808,0.033481053209730556,0.0,37,21,36,37,4.758230452674896e-06,300,0.55,0.1771554946899414,0.09981741905212409
cache,0.9,S2M2-S,dataset_7_keyframe_1,blend_0.1,0.9486624095085505,0.40540540540540543,0.0,0.09378200346553647,0.9486624095085505,0.0,0.0,0.0033481461661202566,0.0,37,21,36,37,4.758230452674896e-06,300,0.55,0.017714500427246094,0.009980964660644537
cache,0.9,S2M2-S,dataset_7_keyframe_1,blend_0.25,0.9482004835798934,0.40540540540540543,0.0,0.09370421854829467,0.9482004835798934,0.0,0.047619047619047616,0.008370263158299383,0.0,37,21,36,37,4.758230452674896e-06,300,0.55,0.04428863525390625,0.024954795837402358
cache,0.9,S2M2-S,dataset_7_keyframe_1,blend_0.5,0.9474302111445246,0.40540540540540543,0.0,0.093574541444714,0.9474302111445246,0.047619047619047616,0.14285714285714285,0.016740503543544383,0.0,37,21,36,37,4.758230452674896e-06,300,0.55,0.0885772705078125,0.04990868568420413
cache,0.9,S2M2-S,dataset_7_keyframe_1,heuristic_gate,0.9481757784614692,0.40540540540540543,0.0,0.09365051748180711,0.9481757784614692,0.0,0.09523809523809523,0.01530517837298768,0.0,37,21,36,37,4.758230452674896e-06,300,0.55,0.08285903930664062,0.044779348373413116
cache,0.9,S2M2-S,dataset_7_keyframe_1,learned_refiner,0.7952793357340066,0.40540540540540543,0.0,0.07904951805500565,0.7952793357340066,0.047619047619047616,0.09523809523809523,0.02256177720569429,0.0,37,21,36,37,4.758230452674896e-06,300,0.05,0.0428471565246582,-0.005927413702011072
cache,0.9,S2M2-S,dataset_7_keyframe_1,oracle,0.9263970914321977,0.40540540540540543,0.0,0.09118271405129014,0.9263970914321977,0.09523809523809523,0.0,0.01874197070442495,0.0,37,21,36,37,4.758230452674896e-06,300,0.0,0.0,0.0
cache,0.05,RAFT-Stereo,dataset_7_keyframe_1,raw,0.24833290700645796,0.029899610563813763,0.003613500758342513,0.022625827623488883,0.33437602355016344,0.0,0.0,0.0,0.0,5703887,5111627,5683276,3213956,0.7335245627572017,300,0.0,0.0,0.0
cache,0.05,RAFT-Stereo,dataset_7_keyframe_1,memory,0.24314272113760668,0.026997554474694187,0.0033620932532499328,0.022387608946813957,0.32477324519045797,0.44525334105951003,0.3643507243388455,0.06685336153321539,0.00027396170800080797,5703887,5111627,5683276,3213956,0.7335245627572017,300,0.36666666666666664,0.050426214933395386,0.023743060976266862
cache,0.05,RAFT-Stereo,dataset_7_keyframe_1,blend_0.1,0.24646927518800865,0.02930668156644758,0.0035616063221448812,0.022451447123786352,0.3318346272431369,0.004847967193224389,0.01935665493589419,0.006685370624013501,1.2140884940305556e-05,5703887,5111627,5683276,3213956,0.7335245627572017,300,0.13333333333333333,0.003146439790725708,0.0012218996882438677
cache,0.05,RAFT-Stereo,dataset_7_keyframe_1,blend_0.25,0.24428347918515939,0.02858734754037028,0.0034835893488072258,0.022256730009080666,0.3287668827864732,0.049202338120524054,0.11132287234573258,0.01671334045350176,3.0264234923660227e-05,5703887,5111627,5683276,3213956,0.7335245627572017,300,0.15333333333333332,0.009030193090438843,0.0036493495106697097
cache,0.05,RAFT-Stereo,dataset_7_keyframe_1,blend_0.5,0.2421138001361914,0.0276060868667279,0.003354729853519188,0.02209847662923077,0.3253690635378267,0.19409964772468727,0.238084860260735,0.03342668090022981,7.953159410171176e-05,5703887,5111627,5683276,3213956,0.7335245627572017,300,0.22333333333333333,0.021043777465820312,0.008881189674139025
cache,0.05,RAFT-Stereo,dataset_7_keyframe_1,heuristic_gate,0.24258095124378648,0.027904129236781865,0.0034057476945107785,0.022128517070658438,0.3261792309156594,0.14477014852609552,0.20588004562930745,0.02806752343753275,5.736128247158857e-05,5703887,5111627,5683276,3213956,0.7335245627572017,300,0.21666666666666667,0.0156906396150589,0.006834724545478827
cache,0.05,RAFT-Stereo,dataset_7_keyframe_1,learned_refiner,0.24232511351465194,0.030386997498372603,0.0031450482802341632,0.021890755439411814,0.3290136040824048,0.4030857494101193,0.3322090989815963,0.05992549794989609,0.0002222309808638539,5703887,5111627,5683276,3213956,0.7335245627572017,300,0.24666666666666667,0.027206584811210632,0.011807276308536539
cache,0.05,RAFT-Stereo,dataset_7_keyframe_1,oracle,0.2098960574254086,0.02308197900834992,0.0030891215060887428,0.018958807094556624,0.2843767817794267,0.2152117124351992,0.0,0.03047487382644205,0.0,5703887,5111627,5683276,3213956,0.7335245627572017,300,0.0,-0.014756381511688232,-0.02137479558587074
cache,0.25,RAFT-Stereo,dataset_7_keyframe_1,raw,0.20585739952788162,0.017701531324044156,0.0031079551680920285,0.02036753927517704,0.2677843530685201,0.0,0.0,0.0,0.0,4343692,4063452,4330192,2470801,0.558602366255144,300,0.0,0.0,0.0
cache,0.25,RAFT-Stereo,dataset_7_keyframe_1,memory,0.2023599602951237,0.01625575662362801,0.002938053618902998,0.020217013134593675,0.2616277952276685,0.4198405690531105,0.3517570774799358,0.061767234594895117,0.00019052272970805913,4343692,4063452,4330192,2470801,0.558602366255144,300,0.4,0.05509050190448761,0.024490434676408775
cache,0.25,RAFT-Stereo,dataset_7_keyframe_1,blend_0.1,0.20423374532667538,0.01735689362873795,0.0030722712383843055,0.020199362341470968,0.26571343738398795,0.003638039775048407,0.01471556696129301,0.00617675508392459,7.159035904181616e-06,4343692,4063452,4330192,2470801,0.558602366255144,300,0.16,0.00421828031539917,0.0013764247298240664
cache,0.25,RAFT-Stereo,dataset_7_keyframe_1,blend_0.25,0.2023716099373736,0.016951938581280624,0.003021162642286792,0.020014384247806865,0.2632893605140069,0.039802611178869594,0.09751610207281887,0.015441808770681149,1.91677412918411e-05,4343692,4063452,4330192,2470801,0.558602366255144,300,0.18333333333333332,0.011269435286521912,0.00397203490138054
cache,0.25,RAFT-Stereo,dataset_7_keyframe_1,blend_0.5,0.20066780710303325,0.016433485615462606,0.0029334492408761947,0.01987563072293679,0.26083879388984516,0.17273096864439397,0.2220828497543468,0.03088361704988541,5.1960744465834307e-05,4343692,4063452,4330192,2470801,0.558602366255144,300,0.25,0.02462407946586609,0.009411156922578816
cache,0.25,RAFT-Stereo,dataset_7_keyframe_1,heuristic_gate,0.20101507470705013,0.01661904204994277,0.0029670612004718566,0.01989921760336592,0.2613660540536315,0.12838148451119885,0.19169095635927286,0.026195265628379635,3.6487989447119206e-05,4343692,4063452,4330192,2470801,0.558602366255144,300,0.24333333333333335,0.02031521499156952,0.0072090446949005125
cache,0.25,RAFT-Stereo,dataset_7_keyframe_1,learned_refiner,0.1981702082271235,0.01660591957256638,0.0025862791376552482,0.019486565312086795,0.25860567435340553,0.3453676824532442,0.318959101768644,0.0520616265992436,9.329840339643138e-05,4343692,4063452,4330192,2470801,0.558602366255144,300,0.20333333333333334,0.02005426585674286,0.008319488167762762
cache,0.25,RAFT-Stereo,dataset_7_keyframe_1,oracle,0.17275748775336222,0.014054633707914833,0.002748123025297374,0.016886397547430827,0.22631222089214867,0.2058990730049229,0.0,0.028923196924349474,0.0,4343692,4063452,4330192,2470801,0.558602366255144,300,0.0,-0.011055156588554382,-0.01584729626774788
cache,0.5,RAFT-Stereo,dataset_7_keyframe_1,raw,0.16259761085406327,0.013425529949846004,0.003471025928290628,0.020275752724339326,0.16708825916956133,0.0,0.0,0.0,0.0,1245165,1203562,1240843,1136601,0.16012924382716048,300,0.0,0.0,0.0
cache,0.5,RAFT-Stereo,dataset_7_keyframe_1,memory,0.16210366781261756,0.0130392357639349,0.0033634096685981377,0.020243892299586577,0.1665015539477692,0.399107814969233,0.3397448573484374,0.05904170075026261,0.00016198664939883611,1245165,1203562,1240843,1136601,0.16012924382716048,300,0.45666666666666667,0.05500182509422302,0.025336217135190964
cache,0.5,RAFT-Stereo,dataset_7_keyframe_1,blend_0.1,0.16112497821254868,0.01326731798596973,0.0034501451614846225,0.020068320564182864,0.16556778568864905,0.003365011524125886,0.012757963445173576,0.005904192096432881,7.253133555171766e-06,1245165,1203562,1240843,1136601,0.16012924382716048,300,0.19333333333333333,0.004488959908485413,0.001468767225742341
cache,0.5,RAFT-Stereo,dataset_7_keyframe_1,blend_0.25,0.15952692994009135,0.013090634574534299,0.003422839543353692,0.019843183189069934,0.16391505938541936,0.03820908270616719,0.08641100333842378,0.01476042519316955,2.1759400665515298e-05,1245165,1203562,1240843,1136601,0.16012924382716048,300,0.22666666666666666,0.01167471706867218,0.004172790050506598
cache,0.5,RAFT-Stereo,dataset_7_keyframe_1,blend_0.5,0.15845241809333438,0.012957318909542109,0.0033778655840792184,0.0196964337994375,0.16279588035920442,0.1570895392177553,0.20628268423230378,0.029520850408079936,5.1577838614554784e-05,1245165,1203562,1240843,1136601,0.16012924382716048,300,0.31666666666666665,0.025032833218574524,0.010329230874776846
cache,0.5,RAFT-Stereo,dataset_7_keyframe_1,heuristic_gate,0.15860137445918465,0.013003095975232198,0.0033834873289885275,0.01971358558156607,0.1629563981272048,0.12740515237270703,0.18476488955284398,0.026116716161544557,4.190699387432576e-05,1245165,1203562,1240843,1136601,0.16012924382716048,300,0.29,0.023448675870895386,0.00912368372082711
cache,0.5,RAFT-Stereo,dataset_7_keyframe_1,learned_refiner,0.15269893591704545,0.01177594937217156,0.0029690844185308774,0.01914998008790698,0.1568644323391351,0.23009533368451313,0.27006419278774174,0.04207653856225902,0.000148286286016845,1245165,1203562,1240843,1136601,0.16012924382716048,300,0.3233333333333333,0.02309965342283249,0.013782035559415817
cache,0.5,RAFT-Stereo,dataset_7_keyframe_1,oracle,0.1346248741438286,0.011824938863524112,0.003201985279059402,0.01644939984723186,0.1385582305985956,0.1945151143023791,0.0,0.027747527405251556,0.0,1245165,1203562,1240843,1136601,0.16012924382716048,300,0.0,-0.008629851043224335,-0.012662027776241301
cache,0.9,RAFT-Stereo,dataset_7_keyframe_1,raw,0.9176132869277451,0.40540540540540543,0.0,0.08800640308952613,0.9176132869277451,0.0,0.0,0.0,0.0,37,21,37,37,4.758230452674896e-06,300,0.0,0.0,0.0
cache,0.9,RAFT-Stereo,dataset_7_keyframe_1,memory,0.9207684798417864,0.40540540540540543,0.0,0.08846199551496554,0.9207684798417864,0.23809523809523808,0.23809523809523808,0.03389903486129783,0.0,37,21,37,37,4.758230452674896e-06,300,0.45,0.18474960327148438,0.10554428100585944
cache,0.9,RAFT-Stereo,dataset_7_keyframe_1,blend_0.1,0.9175130612141377,0.40540540540540543,0.0,0.08799297457586068,0.9175130612141377,0.0,0.0,0.0033899261727042143,0.0,37,21,37,37,4.758230452674896e-06,300,0.4,0.018474578857421875,0.010554409027099615
cache,0.9,RAFT-Stereo,dataset_7_keyframe_1,blend_0.25,0.9180280068838919,0.40540540540540543,0.0,0.08806702416591547,0.9180280068838919,0.0,0.047619047619047616,0.008474758781847499,0.0,37,21,37,37,4.758230452674896e-06,300,0.45,0.046187400817871094,0.02638607025146486
cache,0.9,RAFT-Stereo,dataset_7_keyframe_1,blend_0.5,0.9189017397930493,0.40540540540540543,0.0,0.08819272638474768,0.9189017397930493,0.047619047619047616,0.19047619047619047,0.016949494502374103,0.0,37,21,37,37,4.758230452674896e-06,300,0.45,0.09237480163574219,0.05277214050292972
cache,0.9,RAFT-Stereo,dataset_7_keyframe_1,heuristic_gate,0.9192808257365549,0.40540540540540543,0.0,0.08822526936293454,0.9192808257365549,0.047619047619047616,0.19047619047619047,0.015555563604547865,0.0,37,21,37,37,4.758230452674896e-06,300,0.45,0.0864114761352539,0.04734516143798831
cache,0.9,RAFT-Stereo,dataset_7_keyframe_1,learned_refiner,0.7896223324476868,0.40540540540540543,0.0,0.0759563880368463,0.7896223324476868,0.14285714285714285,0.23809523809523808,0.029400962005768503,0.0,37,21,37,37,4.758230452674896e-06,300,0.15,0.06758594512939453,0.021466606855392492
cache,0.9,RAFT-Stereo,dataset_7_keyframe_1,oracle,0.899453988047065,0.40540540540540543,0.0,0.08585169189609587,0.899453988047065,0.09523809523809523,0.0,0.013433865493252165,0.0,37,21,37,37,4.758230452674896e-06,300,0.0,0.0,0.0
cache,0.05,StereoAnywhere,dataset_7_keyframe_1,raw,0.2599258326224134,0.02938539981595007,0.003536711018293315,0.02461844958441941,0.3462317561988704,0.0,0.0,0.0,0.0,5703887,5029762,5683714,3213956,0.7335245627572017,300,0.0,0.0,0.0
cache,0.05,StereoAnywhere,dataset_7_keyframe_1,memory,0.25550497563320906,0.0270149110597738,0.0033070430743105533,0.024448579635053373,0.33757876277801363,0.4076079544121571,0.35834439084791686,0.05801805553237235,0.0001307243819798111,5703887,5029762,5683714,3213956,0.7335245627572017,300,0.36,0.046549081802368164,0.026401299238204962
cache,0.05,StereoAnywhere,dataset_7_keyframe_1,blend_0.1,0.2586698107597163,0.02884331334053427,0.003507608057452751,0.024511400458991646,0.34445449320758004,0.002187181023674679,0.014411218662036096,0.005801841799533187,9.324888620363375e-06,5703887,5029762,5683714,3213956,0.7335245627572017,300,0.19666666666666666,0.00394478440284729,0.001759519428014756
cache,0.05,StereoAnywhere,dataset_7_keyframe_1,blend_0.25,0.2571411366637277,0.028172367369830434,0.003465882125645196,0.02439028378456641,0.3421944159980596,0.033174730732786165,0.099662369710535,0.014504514130817266,2.2344544429927334e-05,5703887,5029762,5683714,3213956,0.7335245627572017,300,0.23,0.01022300124168396,0.004971109330654145
cache,0.05,StereoAnywhere,dataset_7_keyframe_1,blend_0.5,0.2554827214386665,0.027351172980811155,0.0033608660199614753,0.024287009889119787,0.3394173513122038,0.16089528689429042,0.22996595067520093,0.029009028224313577,4.046649778648257e-05,5703887,5029762,5683714,3213956,0.7335245627572017,300,0.28,0.021494626998901367,0.010994122177362444
cache,0.05,StereoAnywhere,dataset_7_keyframe_1,heuristic_gate,0.25581809242199494,0.027581366881917542,0.003382079623947669,0.024305182786782936,0.34008344655891776,0.11468653984025487,0.19667590633513077,0.024329980032852694,3.078972657667152e-05,5703887,5029762,5683714,3213956,0.7335245627572017,300,0.26666666666666666,0.014118432998657227,0.00837064385414124
cache,0.05,StereoAnywhere,dataset_7_keyframe_1,learned_refiner,0.2540332752003686,0.030408211102358796,0.003145749556398996,0.023845516886071286,0.3416045611343037,0.4012414503906944,0.33351120788617833,0.057970928046244416,0.00023857639564552334,5703887,5029762,5683714,3213956,0.7335245627572017,300,0.25,0.025475889444351196,0.013040825724601749
cache,0.05,StereoAnywhere,dataset_7_keyframe_1,oracle,0.2259564806219866,0.02315245726291562,0.00317678102669285,0.021333930891941643,0.3025741074974795,0.19429448152815182,0.0,0.02699316185945301,0.0,5703887,5029762,5683714,3213956,0.7335245627572017,300,0.0,-0.012810945510864258,-0.01797716021537781
cache,0.25,StereoAnywhere,dataset_7_keyframe_1,raw,0.21778646504363838,0.017469240452591944,0.003111868889414811,0.02231544790454835,0.2825153214600531,0.0,0.0,0.0,0.0,4343692,4008435,4330175,2470801,0.558602366255144,300,0.0,0.0,0.0
cache,0.25,StereoAnywhere,dataset_7_keyframe_1,memory,0.214859930287067,0.01617748219717236,0.002960154633431652,0.022224927990913544,0.2770768559194999,0.3798814250449365,0.34529485946510297,0.053577939885650086,9.861033330061717e-05,4343692,4008435,4330175,2470801,0.558602366255144,300,0.41,0.052851080894470215,0.024253744632005695
cache,0.25,StereoAnywhere,dataset_7_keyframe_1,blend_0.1,0.21670784207014,0.01709789736473028,0.0030959837852223408,0.02221305381655681,0.28109079522729524,0.0016195847007622675,0.010595157461702635,0.005357827512229611,7.159064010115065e-06,4343692,4008435,4330175,2470801,0.558602366255144,300,0.25333333333333335,0.004756510257720947,0.0017366640269756326
cache,0.25,StereoAnywhere,dataset_7_keyframe_1,blend_0.25,0.21543176660952928,0.016675215461869765,0.0030692783926668833,0.022099921965636208,0.27934778170944924,0.02514622290245445,0.08587715654613334,0.013394485093199357,1.5241878215083687e-05,4343692,4008435,4330175,2470801,0.558602366255144,300,0.29,0.012144148349761963,0.004701793938875199
cache,0.25,StereoAnywhere,dataset_7_keyframe_1,blend_0.5,0.21416443989326006,0.016203036495221115,0.00298778090159247,0.022013691006874354,0.2774001719251911,0.13985557954663105,0.21346735072416043,0.026788969794639076,2.863625604046026e-05,4343692,4008435,4330175,2470801,0.558602366255144,300,0.3233333333333333,0.02507057785987854,0.010740278661251072
cache,0.25,StereoAnywhere,dataset_7_keyframe_1,heuristic_gate,0.214406584973232,0.016354980970105615,0.0029923852796192732,0.02202661144967803,0.27780940459172687,0.09873828564015633,0.1821194555980077,0.02269953773743293,2.1246254481631805e-05,4343692,4008435,4330175,2470801,0.558602366255144,300,0.31,0.019101262092590332,0.00833544284105301
cache,0.25,StereoAnywhere,dataset_7_keyframe_1,learned_refiner,0.2099119379056004,0.01646824866956497,0.0026617909372948175,0.021388559257654094,0.27366026310388947,0.34377331801563454,0.32172381490531843,0.05031116984832447,0.0001048456471158787,4343692,4008435,4330175,2470801,0.558602366255144,300,0.21,0.018398940563201904,0.008731496334075932
cache,0.25,StereoAnywhere,dataset_7_keyframe_1,oracle,0.18837523874562978,0.013954948923634549,0.002861851162559408,0.01918915390839827,0.24578085609388875,0.18332690937984525,0.0,0.025388758170440156,0.0,4343692,4008435,4330175,2470801,0.558602366255144,300,0.0,-0.008698821067810059,-0.014880422875285139
cache,0.5,StereoAnywhere,dataset_7_keyframe_1,raw,0.17429182410906988,0.013626306553749905,0.0034557669063939316,0.022131208790814354,0.18041555846587298,0.0,0.0,0.0,0.0,1245165,1187677,1240862,1136601,0.16012924382716048,300,0.0,0.0,0.0
cache,0.5,StereoAnywhere,dataset_7_keyframe_1,memory,0.17431196118292872,0.013323535435062824,0.0033489537531170566,0.022174526056701917,0.18041771577067178,0.33768777201208744,0.3280538395540202,0.04796404832566239,7.978324745217437e-05,1245165,1187677,1240862,1136601,0.16012924382716048,300,0.47333333333333333,0.057394906878471375,0.027293474972248082
cache,0.5,StereoAnywhere,dataset_7_keyframe_1,blend_0.1,0.17349282847189762,0.013384571522649609,0.00344693273582216,0.02201838702465255,0.17960584511389163,0.0013328539661877766,0.008052694461541311,0.0047964301773430066,7.253022495652216e-06,1245165,1187677,1240862,1136601,0.16012924382716048,300,0.31333333333333335,0.005465522408485413,0.001934614405035973
cache,0.5,StereoAnywhere,dataset_7_keyframe_1,blend_0.25,0.1726375114023062,0.013122758831158923,0.003425248862600539,0.02189894858573897,0.1787380774603294,0.017887018103406902,0.06877290711195047,0.011991012202344416,1.5311936379710234e-05,1245165,1187677,1240862,1136601,0.16012924382716048,300,0.3433333333333333,0.01376691460609436,0.005175609141588215
cache,0.5,StereoAnywhere,dataset_7_keyframe_1,blend_0.5,0.17209632785316653,0.012917163588761328,0.0033858966482353745,0.021829072141937765,0.17818703921379314,0.10830722494415569,0.19065537178879444,0.023982024151714233,3.2235655536232073e-05,1245165,1187677,1240862,1136601,0.16012924382716048,300,0.39,0.02796110510826111,0.011482245475053793
cache,0.5,StereoAnywhere,dataset_7_keyframe_1,heuristic_gate,0.17217078416487558,0.012975790357101268,0.0033875028610666057,0.02183651913877694,0.1782696702729522,0.08324148737409245,0.16834964388465887,0.021249402801724944,2.9817981371014664e-05,1245165,1187677,1240862,1136601,0.16012924382716048,300,0.39,0.025505274534225464,0.009873040020465854
cache,0.5,StereoAnywhere,dataset_7_keyframe_1,learned_refiner,0.16374333067587193,0.011966285592672456,0.0029730999506089556,0.020916543884692725,0.1696792635794096,0.2185510033451856,0.27168834624228644,0.03915712284956601,0.0001353897532521747,1245165,1187677,1240862,1136601,0.16012924382716048,300,0.31,0.02628929913043976,0.012107290327548984
cache,0.5,StereoAnywhere,dataset_7_keyframe_1,oracle,0.15053954245356088,0.011802451883886874,0.003269446217971112,0.018829402248779777,0.15625038316125334,0.16157170678559912,0.0,0.022515840490245326,0.0,1245165,1187677,1240862,1136601,0.16012924382716048,300,0.0,-0.006379559636116028,-0.011442779004573819
cache,0.9,StereoAnywhere,dataset_7_keyframe_1,raw,0.9171985939547822,0.40540540540540543,0.0,0.08946225269873803,0.9171985939547822,0.0,0.0,0.0,0.0,37,20,37,37,4.758230452674896e-06,300,0.0,0.0,0.0
cache,0.9,StereoAnywhere,dataset_7_keyframe_1,memory,0.9233824887589829,0.40540540540540543,0.0,0.08982741076348198,0.9233824887589829,0.15,0.25,0.028768611210398375,0.0,37,20,37,37,4.758230452674896e-06,300,0.5,0.19246196746826172,0.18617620468139648
cache,0.9,StereoAnywhere,dataset_7_keyframe_1,blend_0.1,0.917699079457167,0.40540540540540543,0.0,0.08947956341797032,0.917699079457167,0.0,0.0,0.0028770446544513105,0.0,37,20,37,37,4.758230452674896e-06,300,0.5,0.01924610137939453,0.018616437911987305
cache,0.9,StereoAnywhere,dataset_7_keyframe_1,blend_0.25,0.9184975367341492,0.40540540540540543,0.0,0.08951328896187447,0.9184975367341492,0.0,0.0,0.007192158774705604,0.0,37,20,37,37,4.758230452674896e-06,300,0.5,0.04811573028564453,0.04654383659362793
cache,0.9,StereoAnywhere,dataset_7_keyframe_1,blend_0.5,0.9199120931931444,0.40540540540540543,0.0,0.0895831885848295,0.9199120931931444,0.0,0.0,0.014384269900619983,0.0,37,20,37,37,4.758230452674896e-06,300,0.5,0.09623146057128906,0.09308767318725586
cache,0.9,StereoAnywhere,dataset_7_keyframe_1,heuristic_gate,0.9198524757615618,0.40540540540540543,0.0,0.08959202643332852,0.9198524757615618,0.0,0.0,0.013156223238911479,0.0,37,20,37,37,4.758230452674896e-06,300,0.5,0.08691883087158203,0.08602914810180665
cache,0.9,StereoAnywhere,dataset_7_keyframe_1,learned_refiner,0.7792809590495922,0.40540540540540543,0.0,0.07626185844325133,0.7792809590495922,0.05,0.15,0.022814845945686103,0.0,37,20,37,37,4.758230452674896e-06,300,0.1,0.03174734115600586,0.003158921003341696
cache,0.9,StereoAnywhere,dataset_7_keyframe_1,oracle,0.9011141158439018,0.40540540540540543,0.0,0.0874233308021684,0.9011141158439018,0.15,0.0,0.017560505680921778,0.0,37,20,37,37,4.758230452674896e-06,300,0.0,0.0,0.0
cache,0.05,S2M2-S,dataset_7_keyframe_2,raw,0.40962989239311376,0.07759325464787684,0.005469239283226186,0.02359085323707912,0.4853196051909016,0.0,0.0,0.0,0.0,5427263,3976894,5397580,3911483,0.6979504886831276,300,0.0,0.0,0.0
cache,0.05,S2M2-S,dataset_7_keyframe_2,memory,0.3826509064523233,0.06445864149203752,0.004655200973308277,0.022210280929022247,0.45570534101329657,0.576878337717827,0.37271272505628766,0.08340349757204096,0.00025919022969553025,5427263,3976894,5397580,3911483,0.6979504886831276,300,0.25,0.11382046341896057,0.04851770102977753
cache,0.05,S2M2-S,dataset_7_keyframe_2,blend_0.1,0.4057368710349586,0.07566428971656616,0.005355922497214526,0.02338176567140071,0.4810117209065435,0.004792433492066925,0.0285569592752535,0.008340554896914246,1.9082625917540825e-05,5427263,3976894,5397580,3911483,0.6979504886831276,300,0.17333333333333334,0.00923815369606018,0.004097351431846619
cache,0.05,S2M2-S,dataset_7_keyframe_2,blend_0.25,0.4003651166069488,0.07298853952719815,0.005192856878319698,0.023096196532524614,0.4750815636613057,0.07082185243056516,0.15231585252209387,0.020850874528484758,5.206036779445604e-05,5427263,3976894,5397580,3911483,0.6979504886831276,300,0.19,0.023938000202178955,0.010544171929359436
cache,0.05,S2M2-S,dataset_7_keyframe_2,blend_0.5,0.3927004449165397,0.06924116262653938,0.004959590128578622,0.022697245157500674,0.4666529395130461,0.30208172508495323,0.2714266460207388,0.04170174887820538,0.00010949351375987017,5427263,3976894,5397580,3911483,0.6979504886831276,300,0.20333333333333334,0.051119863986968994,0.02166244685649872
cache,0.05,S2M2-S,dataset_7_keyframe_2,heuristic_gate,0.39519866892300076,0.07055969095287994,0.005055586950549476,0.022813022092297,0.46970104255515566,0.24291494819826728,0.24893346415569537,0.035769751879709884,8.114747720274642e-05,5427263,3976894,5397580,3911483,0.6979504886831276,300,0.21,0.03862804174423218,0.018807034194469458
cache,0.05,S2M2-S,dataset_7_keyframe_2,learned_refiner,0.41819323304790595,0.082269460683958,0.005655336769196555,0.02390674909737616,0.4982143038564737,0.2945560027498847,0.342680745325372,0.05140111277999619,0.0005191215322422271,5427263,3976894,5397580,3911483,0.6979504886831276,300,0.65,0.09776049852371216,0.057186877727508564
cache,0.05,S2M2-S,dataset_7_keyframe_2,oracle,0.34566763542812146,0.05532549279443432,0.004397428316998826,0.019979076498192062,0.41230004011696075,0.3048914554926533,0.0,0.042116717662707435,0.0,5427263,3976894,5397580,3911483,0.6979504886831276,300,0.0,-0.005791187286376953,-0.015646225214004515
cache,0.25,S2M2-S,dataset_7_keyframe_2,raw,0.2930182385062183,0.03499058797475363,0.005890219259854568,0.02178565466878025,0.37018127484436814,0.0,0.0,0.0,0.0,1995851,1722955,1984095,1350610,0.25666808127572016,300,0.0,0.0,0.0
cache,0.25,S2M2-S,dataset_7_keyframe_2,memory,0.2635803428694779,0.023588935246168174,0.005533479202605805,0.020077776802251673,0.3261042502310659,0.5237855892928138,0.3291879358427817,0.0670787040947812,9.626555180069502e-05,1995851,1722955,1984095,1350610,0.25666808127572016,300,0.22666666666666666,0.20070505142211914,0.031120675802230848
cache,0.25,S2M2-S,dataset_7_keyframe_2,blend_0.1,0.28912980335479854,0.03351151964750876,0.005834603885761011,0.021535263394010986,0.36474414626290536,0.0012704916843446288,0.010981714554355744,0.0067080285138781835,4.03206499688775e-06,1995851,1722955,1984095,1350610,0.25666808127572016,300,0.17,0.017283320426940918,0.0025150150060653732
cache,0.25,S2M2-S,dataset_7_keyframe_2,blend_0.25,0.28365907014030406,0.031424690520484744,0.0057629552506675095,0.021190827702170636,0.35697499273162125,0.03206584037307997,0.08952003969923765,0.016769676023305844,1.7640284361383904e-05,1995851,1722955,1984095,1350610,0.25666808127572016,300,0.17666666666666667,0.046003133058547974,0.006696844100952155
cache,0.25,S2M2-S,dataset_7_keyframe_2,blend_0.5,0.2755535617995755,0.028360333511870374,0.00565623385713663,0.020702864608698673,0.3451130043005519,0.211039754375477,0.21727207036747911,0.03353935206561538,3.628858497198975e-05,1995851,1722955,1984095,1350610,0.25666808127572016,300,0.18666666666666668,0.09590229392051697,0.014238712191581732
cache,0.25,S2M2-S,dataset_7_keyframe_2,heuristic_gate,0.2775707140522638,0.029236651433398587,0.005696317009636491,0.020809031641393978,0.3482013130475495,0.1585647913033132,0.19227431941054757,0.029213398706001203,2.6712430604381343e-05,1995851,1722955,1984095,1350610,0.25666808127572016,300,0.18666666666666668,0.058351337909698486,0.011658640205860141
cache,0.25,S2M2-S,dataset_7_keyframe_2,learned_refiner,0.28904561791239974,0.03224940138316938,0.005844624673885976,0.0215803232652874,0.3643523802403773,0.15034054865042906,0.256418188519143,0.033333674130459026,0.0001678347054954526,1995851,1722955,1984095,1350610,0.25666808127572016,300,0.46,0.047407448291778564,0.020060484856367113
cache,0.25,S2M2-S,dataset_7_keyframe_2,oracle,0.23968134553229015,0.02183229108786177,0.005437780676012388,0.017890766944998752,0.3025770195987463,0.31287236172738114,0.0,0.03901724802904496,0.0,1995851,1722955,1984095,1350610,0.25666808127572016,300,0.0,-0.0025082826614379883,-0.013136743009090424
cache,0.5,S2M2-S,dataset_7_keyframe_2,raw,0.21898789264021296,0.01102091157493149,0.008558160193847484,0.02124903933579637,0.22015870580019312,0.0,0.0,0.0,0.0,252157,239946,249999,220819,0.03242759773662551,300,0.0,0.0,0.0
cache,0.5,S2M2-S,dataset_7_keyframe_2,memory,0.2168726649881142,0.01011671300023398,0.008431255130732044,0.021419434883482306,0.21843035453915863,0.44519600243388097,0.39105882156818617,0.05874016694788991,4.000016000064e-06,252157,239946,249999,220819,0.03242759773662551,300,0.40963855421686746,0.14737820625305176,0.05365990474820137
cache,0.5,S2M2-S,dataset_7_keyframe_2,blend_0.1,0.21801668419579665,0.01088210916214898,0.008546262844180412,0.02118358492207091,0.21915224173013623,0.00035424637210038925,0.0184416493711085,0.005874098081538784,0.0,252157,239946,249999,220819,0.03242759773662551,300,0.28313253012048195,0.013804271817207336,0.004209380596876144
cache,0.5,S2M2-S,dataset_7_keyframe_2,blend_0.25,0.21688723867803497,0.01064019638558517,0.008534365494513339,0.021121416631352655,0.2180010856676895,0.02859810123944554,0.10611137505938836,0.014685042467223833,0.0,252157,239946,249999,220819,0.03242759773662551,300,0.3072289156626506,0.03527170419692993,0.011181924492120743
cache,0.5,S2M2-S,dataset_7_keyframe_2,blend_0.5,0.21585557659678423,0.010330865294241286,0.008490741879067407,0.021110660844157168,0.21701762359238014,0.15951505755461645,0.2539154643128037,0.029370083757018172,0.0,252157,239946,249999,220819,0.03242759773662551,300,0.3313253012048193,0.07203826308250427,0.024077340960502625
cache,0.5,S2M2-S,dataset_7_keyframe_2,heuristic_gate,0.21588611056499282,0.010422078308355509,0.008498673445512122,0.021081718276323595,0.2170172951368281,0.1140965050469689,0.2215831895509823,0.025151452544213887,0.0,252157,239946,249999,220819,0.03242759773662551,300,0.3192771084337349,0.061644554138183594,0.019335757941007614
cache,0.5,S2M2-S,dataset_7_keyframe_2,learned_refiner,0.22205637934546404,0.010493462406357944,0.008526433928068624,0.02176123637750716,0.2242410531755979,0.13520542121977444,0.24872262925824978,0.0314441278963002,1.6000064000256e-05,252157,239946,249999,220819,0.03242759773662551,300,0.6325301204819277,0.09265650808811188,0.041938818991184235
cache,0.5,S2M2-S,dataset_7_keyframe_2,oracle,0.18749033026646755,0.009755826726999449,0.008427289347509687,0.0180516818286256,0.18876912553400663,0.21386895384794913,0.0,0.0266302502294811,0.0,252157,239946,249999,220819,0.03242759773662551,300,0.0,0.0,-0.008294306695461273
cache,0.9,S2M2-S,dataset_7_keyframe_2,raw,0.1361185650273067,0.0,0.0,0.017594920766608017,0.1361185650273067,0.0,0.0,0.0,0.0,41,39,41,41,5.272633744855966e-06,300,0.0,0.0,0.0
cache,0.9,S2M2-S,dataset_7_keyframe_2,memory,0.12628228453601278,0.0,0.0,0.016354593402910525,0.12628228453601278,0.23076923076923078,0.358974358974359,0.04254237170784901,0.0,41,39,41,41,5.272633744855966e-06,300,0.42857142857142855,0.014722861349582672,0.011637308448553079
cache,0.9,S2M2-S,dataset_7_keyframe_2,blend_0.1,0.13448149910787258,0.0,0.0,0.017388953577454496,0.13448149910787258,0.0,0.0,0.004254353262531834,0.0,41,39,41,41,5.272633744855966e-06,300,0.42857142857142855,0.0005820803344249725,0.0005406010895967482
cache,0.9,S2M2-S,dataset_7_keyframe_2,blend_0.25,0.13211397972048783,0.0,0.0,0.01709105701344769,0.13211397972048783,0.0,0.0,0.010635571781163797,0.0,41,39,41,41,5.272633744855966e-06,300,0.42857142857142855,0.0014544911682605743,0.001350988075137138
cache,0.9,S2M2-S,dataset_7_keyframe_2,blend_0.5,0.1298692755219413,0.0,0.0,0.016807965048384374,0.1298692755219413,0.07692307692307693,0.1794871794871795,0.0212711555023606,0.0,41,39,41,41,5.272633744855966e-06,300,0.42857142857142855,0.00499633327126503,0.004163086041808126
cache,0.9,S2M2-S,dataset_7_keyframe_2,heuristic_gate,0.1315686410156692,0.0,0.0,0.017028118529152578,0.1315686410156692,0.05128205128205128,0.10256410256410256,0.01794662244188098,0.0,41,39,41,41,5.272633744855966e-06,300,0.2857142857142857,0.004847865551710129,0.003819266334176061
cache,0.9,S2M2-S,dataset_7_keyframe_2,learned_refiner,0.1307148128384497,0.0,0.0,0.01692511825027262,0.1307148128384497,0.02564102564102564,0.10256410256410256,0.01712050809501073,0.0,41,39,41,41,5.272633744855966e-06,300,0.14285714285714285,0.0003561973571777344,0.0001488804817199702
cache,0.9,S2M2-S,dataset_7_keyframe_2,oracle,0.1093955041795242,0.0,0.0,0.014238454378777889,0.1093955041795242,0.15384615384615385,0.0,0.02199081243135226,0.0,41,39,41,41,5.272633744855966e-06,300,0.0,-0.008142881095409393,-0.009187480807304384
cache,0.05,RAFT-Stereo,dataset_7_keyframe_2,raw,0.43108466265796985,0.08800992323386576,0.007515943119027031,0.02416672950762988,0.5225410863093423,0.0,0.0,0.0,0.0,5427263,3893487,5386472,3911483,0.6979504886831276,300,0.0,0.0,0.0
cache,0.05,RAFT-Stereo,dataset_7_keyframe_2,memory,0.3984491902461667,0.07338929401431256,0.006386460357642517,0.022443003325662878,0.48660771161751576,0.5969479286819245,0.3588924272766289,0.09050139448394362,0.0006425355965834409,5427263,3893487,5386472,3911483,0.6979504886831276,300,0.22666666666666666,0.11026561260223389,0.046978892385959634
cache,0.05,RAFT-Stereo,dataset_7_keyframe_2,blend_0.1,0.4261124861447998,0.08581618395865466,0.007332056692295914,0.02388480108336198,0.5170594070892539,0.007636599274634794,0.03188529973260473,0.009050337975427284,4.214261208449612e-05,5427263,3893487,5386472,3911483,0.6979504886831276,300,0.16666666666666666,0.009140163660049438,0.003133288025856023
cache,0.05,RAFT-Stereo,dataset_7_keyframe_2,blend_0.25,0.41934226575719347,0.08283825567325556,0.007080917213704219,0.02350648264077371,0.5095982916296526,0.08288945102423612,0.1536699621701575,0.022625348978323023,0.00011101886355298979,5427263,3893487,5386472,3911483,0.6979504886831276,300,0.17333333333333334,0.023743093013763428,0.008274024724960341
cache,0.05,RAFT-Stereo,dataset_7_keyframe_2,blend_0.5,0.4099167219460972,0.07852263654810905,0.006738755796429987,0.022995202376969375,0.49923295915343535,0.3231375884907282,0.26148514172514253,0.04525069791846181,0.00024264490746447767,5427263,3893487,5386472,3911483,0.6979504886831276,300,0.18666666666666668,0.05048280954360962,0.020915065705776236
cache,0.05,RAFT-Stereo,dataset_7_keyframe_2,heuristic_gate,0.413055702436243,0.08007424736925407,0.00689095037406516,0.023146781266827218,0.5030575763366497,0.2632090462867861,0.24075873375203255,0.03887904271944985,0.00018620722432048287,5427263,3893487,5386472,3911483,0.6979504886831276,300,0.19,0.036607980728149414,0.018826718628406524
cache,0.05,RAFT-Stereo,dataset_7_keyframe_2,learned_refiner,0.4363223955130403,0.09156125288197753,0.0074271322395837456,0.024309025061149122,0.5308097000699203,0.29361803442518236,0.3545821521941643,0.05398876113689391,0.0006068907440714441,5427263,3893487,5386472,3911483,0.6979504886831276,300,0.62,0.09385228157043457,0.05230804085731511
cache,0.05,RAFT-Stereo,dataset_7_keyframe_2,oracle,0.35803087769221564,0.06232552209096924,0.005748754022054947,0.02000108659732548,0.4387360333806241,0.32521644479614287,0.0,0.045442816744637377,0.0,5427263,3893487,5386472,3911483,0.6979504886831276,300,0.0,-0.009551778435707092,-0.019724741578102105
cache,0.25,RAFT-Stereo,dataset_7_keyframe_2,raw,0.2877889004381389,0.03671716976868514,0.007059645234038012,0.020440884148748815,0.375637692670483,0.0,0.0,0.0,0.0,1995851,1726744,1981761,1350610,0.25666808127572016,300,0.0,0.0,0.0
cache,0.25,RAFT-Stereo,dataset_7_keyframe_2,memory,0.251430821143878,0.025205789410131317,0.006479942641008773,0.018175667842389553,0.32481947748839873,0.5493327325880385,0.2949800317823603,0.0741335179728849,0.00025785147654030935,1995851,1726744,1981761,1350610,0.25666808127572016,300,0.19666666666666666,0.3039195239543915,0.030064578354358676
cache,0.25,RAFT-Stereo,dataset_7_keyframe_2,blend_0.1,0.2826499318563855,0.03515943825465929,0.006989499717163256,0.020079530885720075,0.3689101863805522,0.003536714185773919,0.013437429057231413,0.007413499037575043,2.7753094343868912e-05,1995851,1726744,1981761,1350610,0.25666808127572016,300,0.14,0.025055110454559326,0.0021400690078735357
cache,0.25,RAFT-Stereo,dataset_7_keyframe_2,blend_0.25,0.27552534956408625,0.032910272360010845,0.006859229471538707,0.019591301111993982,0.35942814131709067,0.047346914192260114,0.08555929541379614,0.018533379752756794,5.146937496499326e-05,1995851,1726744,1981761,1350610,0.25666808127572016,300,0.15666666666666668,0.06276679039001465,0.005461220443248749
cache,0.25,RAFT-Stereo,dataset_7_keyframe_2,blend_0.5,0.2652563629366639,0.029669048440990834,0.006700399979758008,0.018922423174739827,0.34537203446811304,0.24046297540341824,0.19053490268389525,0.03706675947568689,9.032370704640974e-05,1995851,1726744,1981761,1350610,0.25666808127572016,300,0.16,0.1305602490901947,0.011996228992939003
cache,0.25,RAFT-Stereo,dataset_7_keyframe_2,heuristic_gate,0.2679411202661551,0.030597474460768864,0.006778562127132737,0.019078201096066134,0.349230866352988,0.1864433870915434,0.16893065793192275,0.032200591630610176,7.367185044008838e-05,1995851,1726744,1981761,1350610,0.25666808127572016,300,0.15666666666666668,0.09835892915725708,0.01052172034978867
cache,0.25,RAFT-Stereo,dataset_7_keyframe_2,learned_refiner,0.2798413304787145,0.033540579933071156,0.006859730510944955,0.01994130091389011,0.3641229018795443,0.15262945752236579,0.2689512747691609,0.03565892521136228,0.00015693113347169511,1995851,1726744,1981761,1350610,0.25666808127572016,300,0.3933333333333333,0.04340773820877075,0.018294109404087072
cache,0.25,RAFT-Stereo,dataset_7_keyframe_2,oracle,0.22667305048212225,0.022552284714640523,0.0062239115044159105,0.015922864295641843,0.2988734659469077,0.3474516199274473,0.0,0.044609349046677606,0.0,1995851,1726744,1981761,1350610,0.25666808127572016,300,0.0,-0.0025134682655334473,-0.01449625790119171
cache,0.5,RAFT-Stereo,dataset_7_keyframe_2,raw,0.18528376457710288,0.011651471107286334,0.008700928389852354,0.016767801574271466,0.19336728229067054,0.0,0.0,0.0,0.0,252157,244919,249963,220819,0.03242759773662551,300,0.0,0.0,0.0
cache,0.5,RAFT-Stereo,dataset_7_keyframe_2,memory,0.17619761866441042,0.01089400651181605,0.008562125977069842,0.01622361983884946,0.1842729114943298,0.4927384155577967,0.3409535397417105,0.06991693203262402,2.4003552525773815e-05,252157,244919,249963,220819,0.03242759773662551,300,0.3192771084337349,0.18055307865142822,0.0625330526381731
cache,0.5,RAFT-Stereo,dataset_7_keyframe_2,blend_0.1,0.18270812570178152,0.01143731881327903,0.008696962606629997,0.01652391677209284,0.19065445808343698,0.003846169549932835,0.020080108117377583,0.0069917641553043815,0.0,252157,244919,249963,220819,0.03242759773662551,300,0.15060240963855423,0.01683330535888672,0.0031608734279870987
cache,0.5,RAFT-Stereo,dataset_7_keyframe_2,blend_0.25,0.17955477125385297,0.01119937181993758,0.008677133690518209,0.016240517602598436,0.18733587861590825,0.05323800930103422,0.10368734152924028,0.017479233599760436,4.0005920876289695e-06,252157,244919,249963,220819,0.03242759773662551,300,0.1566265060240964,0.042084693908691406,0.009050311520695686
cache,0.5,RAFT-Stereo,dataset_7_keyframe_2,blend_0.5,0.17610859356777236,0.010933664344039626,0.008657304774406422,0.01597341039022379,0.18378106747078435,0.20794630061367228,0.21763521817417186,0.03495846762531027,4.0005920876289695e-06,252157,244919,249963,220819,0.03242759773662551,300,0.21084337349397592,0.08416938781738281,0.025611720979213715
cache,0.5,RAFT-Stereo,dataset_7_keyframe_2,heuristic_gate,0.17674380175189994,0.011016945791709134,0.008661270557628779,0.016004757837216728,0.18439700360748668,0.15628432257195235,0.19097334220701537,0.029608097353566457,4.0005920876289695e-06,252157,244919,249963,220819,0.03242759773662551,300,0.21084337349397592,0.07173633575439453,0.018750622868537903
cache,0.5,RAFT-Stereo,dataset_7_keyframe_2,learned_refiner,0.182763889517109,0.0109733221762632,0.008645407424739349,0.016724143229459424,0.1913094027241478,0.14009121382987844,0.23246052776632276,0.03570886928006982,3.2004736701031756e-05,252157,244919,249963,220819,0.03242759773662551,300,0.3855421686746988,0.09265568852424622,0.028058409690856934
cache,0.5,RAFT-Stereo,dataset_7_keyframe_2,oracle,0.14670938519360222,0.010184131315014059,0.008538331277735697,0.012817043460565645,0.1541891065012447,0.26539386491043976,0.0,0.035667045123398404,0.0,252157,244919,249963,220819,0.03242759773662551,300,0.0,0.0,-0.009683076292276382
cache,0.9,RAFT-Stereo,dataset_7_keyframe_2,raw,0.07436154437501256,0.0,0.0,0.009292497004314167,0.07436154437501256,0.0,0.0,0.0,0.0,41,41,41,41,5.272633744855966e-06,300,0.0,0.0,0.0
cache,0.9,RAFT-Stereo,dataset_7_keyframe_2,memory,0.05975407998009426,0.0,0.0,0.007638422919937023,0.05975407998009426,0.3902439024390244,0.21951219512195122,0.05312111233247489,0.0,41,41,41,41,5.272633744855966e-06,300,0.14285714285714285,0.11283016204833984,0.07760683167725793
cache,0.9,RAFT-Stereo,dataset_7_keyframe_2,blend_0.1,0.07101619634323003,0.0,0.0,0.008880363027678757,0.07101619634323003,0.0,0.0,0.005312221840296577,0.0,41,41,41,41,5.272633744855966e-06,300,0.14285714285714285,0.011282920837402344,0.007626022771000853
cache,0.9,RAFT-Stereo,dataset_7_keyframe_2,blend_0.25,0.06626668699630876,0.0,0.0,0.008295487226327745,0.06626668699630876,0.0,0.024390243902439025,0.013280263681691594,0.0,41,41,41,41,5.272633744855966e-06,300,0.14285714285714285,0.02820754051208496,0.019065335020422916
cache,0.9,RAFT-Stereo,dataset_7_keyframe_2,blend_0.5,0.061061207659360836,0.0,0.0,0.007679485943077541,0.061061207659360836,0.14634146341463414,0.07317073170731707,0.0265605744065308,0.0,41,41,41,41,5.272633744855966e-06,300,0.14285714285714285,0.05641508102416992,0.03813069127500053
cache,0.9,RAFT-Stereo,dataset_7_keyframe_2,heuristic_gate,0.061984562110610125,0.0,0.0,0.0077745493774007005,0.061984562110610125,0.07317073170731707,0.04878048780487805,0.021150344914597708,0.0,41,41,41,41,5.272633744855966e-06,300,0.14285714285714285,0.030460596084594727,0.02001612558960912
cache,0.9,RAFT-Stereo,dataset_7_keyframe_2,learned_refiner,0.06706308773378046,0.0,0.0,0.008312521615951526,0.06706308773378046,0.04878048780487805,0.0975609756097561,0.022757774128056154,0.0,41,41,41,41,5.272633744855966e-06,300,0.2857142857142857,0.007418632507324219,0.006845722720026969
cache,0.9,RAFT-Stereo,dataset_7_keyframe_2,oracle,0.04649389053626758,0.0,0.0,0.005897840564479915,0.04649389053626758,0.2682926829268293,0.0,0.032585295098947316,0.0,41,41,41,41,5.272633744855966e-06,300,0.0,0.0,-0.00522436033934356
cache,0.05,StereoAnywhere,dataset_7_keyframe_2,raw,0.4304256207820925,0.0920712705464983,0.006471033373543903,0.024772134213452618,0.513557209996081,0.0,0.0,0.0,0.0,5427263,3858319,5392143,3911483,0.6979504886831276,300,0.0,0.0,0.0
cache,0.05,StereoAnywhere,dataset_7_keyframe_2,memory,0.3994262490035831,0.07676889806150909,0.005335470199251446,0.023107985611529307,0.4800137319548756,0.610233368469533,0.3747072235343941,0.09311399122253666,0.00045176843418284713,5427263,3858319,5392143,3911483,0.6979504886831276,300,0.23666666666666666,0.14097517728805542,0.05106434673070909
cache,0.05,StereoAnywhere,dataset_7_keyframe_2,blend_0.1,0.42570823244220835,0.08976937362350046,0.0062926745949109155,0.024505334816162346,0.5084085223556545,0.008867592337492052,0.03614527466495124,0.009311591365233914,2.6890978225169472e-05,5427263,3858319,5392143,3911483,0.6979504886831276,300,0.14666666666666667,0.009540468454360962,0.0037588119506835973
cache,0.05,StereoAnywhere,dataset_7_keyframe_2,blend_0.25,0.4192529976890435,0.08658913341770981,0.0060463257446709325,0.024144224579215497,0.5013750060970479,0.0925356353375654,0.16376717425386547,0.02327849811928482,7.640746916392981e-05,5427263,3858319,5392143,3911483,0.6979504886831276,300,0.15666666666666668,0.02410098910331726,0.010653333365917207
cache,0.05,StereoAnywhere,dataset_7_keyframe_2,blend_0.5,0.41024633409761607,0.08205498793775058,0.005702321778030657,0.023650755301124114,0.49161248847321715,0.3375949474369538,0.2764483703913544,0.04655699611744785,0.0001615313243732594,5427263,3858319,5392143,3911483,0.6979504886831276,300,0.17666666666666667,0.05421265959739685,0.02278877049684525
cache,0.05,StereoAnywhere,dataset_7_keyframe_2,heuristic_gate,0.4131574388612226,0.08365192547330026,0.00583406405770275,0.023795405083877372,0.4951170081787954,0.2784272114358611,0.2554765430230108,0.04002415685910942,0.00011590938890159256,5427263,3858319,5392143,3911483,0.6979504886831276,300,0.17666666666666667,0.042832911014556885,0.017833927273750307
cache,0.05,StereoAnywhere,dataset_7_keyframe_2,learned_refiner,0.43382879913535405,0.09349242887252746,0.006478219316071471,0.02474390421135262,0.5204626497737395,0.304456422602693,0.3624350397154823,0.05485466947675016,0.000624612514912902,5427263,3858319,5392143,3911483,0.6979504886831276,300,0.5633333333333334,0.09254667162895203,0.05294450074434288
cache,0.05,StereoAnywhere,dataset_7_keyframe_2,oracle,0.3568330502368608,0.06410542477856702,0.004886625173683309,0.020522542035196028,0.4296688787485041,0.3233952402587759,0.0,0.046072614424101224,0.0,5427263,3858319,5392143,3911483,0.6979504886831276,300,0.0,-0.009308427572250366,-0.021421314775943754
cache,0.25,StereoAnywhere,dataset_7_keyframe_2,raw,0.3008507794262194,0.04569880216509148,0.006024497820729103,0.022474961340830855,0.38452110964355823,0.0,0.0,0.0,0.0,1995851,1683232,1983827,1350610,0.25666808127572016,300,0.0,0.0,0.0
cache,0.25,StereoAnywhere,dataset_7_keyframe_2,memory,0.26684410655886026,0.03297390436460437,0.0055495124636057505,0.020342521168871038,0.3365047366146142,0.5573076082203761,0.31485736963175603,0.07427520637876268,0.00017793890293861308,1995851,1683232,1983827,1350610,0.25666808127572016,300,0.17666666666666667,0.18924054503440857,0.04082261845469477
cache,0.25,StereoAnywhere,dataset_7_keyframe_2,blend_0.1,0.29618631509612814,0.04398975675037866,0.005965375170791808,0.022150154604483503,0.37840614305782483,0.002249838406113952,0.01518031976578392,0.007427669584605632,1.965897227933686e-05,1995851,1683232,1983827,1350610,0.25666808127572016,300,0.12,0.011517167091369629,0.002604001760482791
cache,0.25,StereoAnywhere,dataset_7_keyframe_2,blend_0.25,0.28967933287710873,0.041567231221168316,0.005868674565385893,0.021707004303882428,0.369723292796335,0.04897423528069809,0.09577764681279824,0.018568801462829587,3.830979213409234e-05,1995851,1683232,1983827,1350610,0.25666808127572016,300,0.12333333333333334,0.032344818115234375,0.0066188126802444545
cache,0.25,StereoAnywhere,dataset_7_keyframe_2,blend_0.5,0.28017157193274583,0.03803841068296181,0.005732892886292614,0.021087107333904603,0.35662891474421154,0.24838584342502995,0.2090258502690063,0.03713760311856853,7.359512699444055e-05,1995851,1683232,1983827,1350610,0.25666808127572016,300,0.13333333333333333,0.06897985935211182,0.01366021037101747
cache,0.25,StereoAnywhere,dataset_7_keyframe_2,heuristic_gate,0.282590650886149,0.03908107368736444,0.005777986432854957,0.02122949044451584,0.36013063938594553,0.1940498992414593,0.18709898576072698,0.032297799891205445,5.242392607823162e-05,1995851,1683232,1983827,1350610,0.25666808127572016,300,0.12666666666666668,0.05460110306739807,0.011681112647056598
cache,0.25,StereoAnywhere,dataset_7_keyframe_2,learned_refiner,0.29326128610457636,0.040984021352295334,0.00587819431410461,0.021937801446745158,0.3743688497419475,0.16114772057565446,0.27872925419668826,0.0353039506565328,0.00017037775975425277,1995851,1683232,1983827,1350610,0.25666808127572016,300,0.37333333333333335,0.04827067255973816,0.019051206111907963
cache,0.25,StereoAnywhere,dataset_7_keyframe_2,oracle,0.24063177847456166,0.029392474688741795,0.005372645553200114,0.017935045782366786,0.30982416445472233,0.33990561015950266,0.0,0.04381021180439274,0.0,1995851,1683232,1983827,1350610,0.25666808127572016,300,0.0,-0.007238626480102539,-0.016631437838077544
cache,0.5,StereoAnywhere,dataset_7_keyframe_2,raw,0.22656139273768364,0.021847499771967465,0.008534365494513339,0.022184101300048668,0.2370060967228935,0.0,0.0,0.0,0.0,252157,233922,250005,220819,0.03242759773662551,300,0.0,0.0,0.0
cache,0.5,StereoAnywhere,dataset_7_keyframe_2,memory,0.21864786475620626,0.01986857394401107,0.008371768382396682,0.021673241102767395,0.2294326329217874,0.4719350894742692,0.3645830661502552,0.06501071186319189,7.999840003199937e-06,252157,233922,250005,220819,0.03242759773662551,300,0.37349397590361444,0.33699798583984375,0.04935316741466522
cache,0.5,StereoAnywhere,dataset_7_keyframe_2,blend_0.1,0.22472976322150803,0.021292290120837415,0.008518502361623909,0.022017347914139,0.23514445808630388,0.0015688990347209753,0.023935328870307197,0.006501147046173872,0.0,252157,233922,250005,220819,0.03242759773662551,300,0.25301204819277107,0.033699989318847656,0.003332562744617462
cache,0.5,StereoAnywhere,dataset_7_keyframe_2,blend_0.25,0.22241753078725152,0.020641901672370785,0.008506605011956837,0.021816062306684845,0.2328176820318967,0.04551944665315789,0.10695872983302127,0.01625267814013878,0.0,252157,233922,250005,220819,0.03242759773662551,300,0.28313253012048195,0.08424949645996094,0.008895806968212128
cache,0.5,StereoAnywhere,dataset_7_keyframe_2,blend_0.5,0.21970030698700505,0.01996771852457001,0.008466947179733262,0.021607399855739517,0.23014346661438054,0.18603209616880842,0.23575807320388847,0.03250535556620466,3.999920001599968e-06,252157,233922,250005,220819,0.03242759773662551,300,0.3072289156626506,0.16849899291992188,0.020252272486686707
cache,0.5,StereoAnywhere,dataset_7_keyframe_2,heuristic_gate,0.2201571854881133,0.02002720527290537,0.008478844529400334,0.021629096764670477,0.23054925974944776,0.1379562418241978,0.2077401868999068,0.027645954178095778,3.999920001599968e-06,252157,233922,250005,220819,0.03242759773662551,300,0.30120481927710846,0.16181278228759766,0.017629437148571014
cache,0.5,StereoAnywhere,dataset_7_keyframe_2,learned_refiner,0.22504281780820568,0.019939958042013508,0.008518502361623909,0.022135985316996887,0.23610847583807984,0.14405656586383495,0.24783474833491506,0.0332886708283448,3.999920001599968e-05,252157,233922,250005,220819,0.03242759773662551,300,0.5180722891566265,0.0958642065525055,0.0375237837433815
cache,0.5,StereoAnywhere,dataset_7_keyframe_2,oracle,0.18759054106961714,0.017251157017255124,0.008363836815951967,0.01810108473113953,0.19754427285850887,0.24184129752652594,0.0,0.03138592750531241,0.0,252157,233922,250005,220819,0.03242759773662551,300,0.0,0.0,-0.008919650688767433
cache,0.9,StereoAnywhere,dataset_7_keyframe_2,raw,0.10918510269101073,0.0,0.0,0.014106931675952382,0.10918510269101073,0.0,0.0,0.0,0.0,41,39,41,41,5.272633744855966e-06,300,0.0,0.0,0.0
cache,0.9,StereoAnywhere,dataset_7_keyframe_2,memory,0.08808823256957822,0.0,0.0,0.011338000163072494,0.08808823256957822,0.5128205128205128,0.2564102564102564,0.05907979340125353,0.0,41,39,41,41,5.272633744855966e-06,300,0.2857142857142857,0.04210503399372101,0.03033348470926282
cache,0.9,StereoAnywhere,dataset_7_keyframe_2,blend_0.1,0.10565094867857491,0.0,0.0,0.013654082207145488,0.10565094867857491,0.0,0.0,0.005907987895159003,0.0,41,39,41,41,5.272633744855966e-06,300,0.2857142857142857,0.0012903213500976562,0.0009389251470565787
cache,0.9,StereoAnywhere,dataset_7_keyframe_2,blend_0.25,0.10150868554667729,0.0,0.0,0.013120638694977614,0.10150868554667729,0.02564102564102564,0.05128205128205128,0.014769945108594421,0.0,41,39,41,41,5.272633744855966e-06,300,0.2857142857142857,0.007066883146762848,0.005036039650440211
cache,0.9,StereoAnywhere,dataset_7_keyframe_2,blend_0.5,0.09580320283407118,0.0,0.0,0.012375197895779842,0.09580320283407118,0.1794871794871795,0.1794871794871795,0.02953987857565666,0.0,41,39,41,41,5.272633744855966e-06,300,0.2857142857142857,0.018746063113212585,0.013300689309835422
cache,0.9,StereoAnywhere,dataset_7_keyframe_2,heuristic_gate,0.09930880494960924,0.0,0.0,0.012843321724908381,0.09930880494960924,0.15384615384615385,0.1794871794871795,0.024843533523380756,0.0,41,39,41,41,5.272633744855966e-06,300,0.2857142857142857,0.01059945672750473,0.007449434697628014
cache,0.9,StereoAnywhere,dataset_7_keyframe_2,learned_refiner,0.09742483478493807,0.0,0.0,0.012581972780114994,0.09742483478493807,0.05128205128205128,0.07692307692307693,0.027942572218867447,0.0,41,39,41,41,5.272633744855966e-06,300,0.42857142857142855,0.02961890399456024,0.024351425468921647
cache,0.9,StereoAnywhere,dataset_7_keyframe_2,oracle,0.06942138530132247,0.0,0.0,0.008972673608762463,0.06942138530132247,0.28205128205128205,0.0,0.03679303656547116,0.0,41,39,41,41,5.272633744855966e-06,300,0.0,-0.004788331687450409,-0.007889179885387428
cache,0.05,S2M2-S,dataset_7_keyframe_3,raw,1.8000849981829223,0.14606419611395366,0.11333853935803886,0.13343621730760624,4.686096415487359,0.0,0.0,0.0,0.0,2641811,2066455,2342392,752207,0.33973906893004113,300,0.0,0.0,0.0
cache,0.05,S2M2-S,dataset_7_keyframe_3,memory,1.813388071357335,0.14729062752785874,0.11300619158599914,0.13435676858268653,4.736813168785621,0.4861068835275871,0.31797305046565255,0.07908816952633003,0.0024748206107261294,2641811,2066455,2342392,752207,0.33973906893004113,300,0.5433333333333333,0.5952677726745605,0.1500763922929764
cache,0.05,S2M2-S,dataset_7_keyframe_3,blend_0.1,1.7993999582974562,0.14593436093649395,0.11331809883447377,0.1333606078444326,4.688333685113438,0.009072542107135166,0.02810271697181889,0.007908750918959595,0.00022711826201592217,2641811,2066455,2342392,752207,0.33973906893004113,300,0.36,0.05572319030761719,0.01138699054718018
cache,0.05,S2M2-S,dataset_7_keyframe_3,blend_0.25,1.7992351605651136,0.14574850358333735,0.11326737605377524,0.1333198705206296,4.692909451973434,0.07635298131340872,0.10341333346237881,0.019772042595261583,0.000574626279461337,2641811,2066455,2342392,752207,0.33973906893004113,300,0.39,0.1403670310974121,0.029548883438110362
cache,0.05,S2M2-S,dataset_7_keyframe_3,blend_0.5,1.801173328336292,0.14584502827795023,0.11323255145807175,0.13343781608676197,4.703588128558607,0.23739979820513876,0.203756191158288,0.03954408491506517,0.0012171318891116432,2641811,2066455,2342392,752207,0.33973906893004113,300,0.44666666666666666,0.2853689193725586,0.0675461530685425
cache,0.05,S2M2-S,dataset_7_keyframe_3,heuristic_gate,1.79960515647323,0.1457227636647739,0.11323217292985759,0.13332268392868962,4.69868074315986,0.19818336232823847,0.18446760273027962,0.034335286523000746,0.000949029880566532,2641811,2066455,2342392,752207,0.33973906893004113,300,0.43333333333333335,0.2072887420654297,0.05365631431341173
cache,0.05,S2M2-S,dataset_7_keyframe_3,learned_refiner,1.7695635132829983,0.14538473796952167,0.11116238065478568,0.13179395583454515,4.579471524471464,0.22159108231246263,0.3660239395486473,0.047171028014627005,0.0008380322337166452,2641811,2066455,2342392,752207,0.33973906893004113,300,0.33,0.03244897723197937,0.016302117705345155
cache,0.05,S2M2-S,dataset_7_keyframe_3,oracle,1.7242941980957196,0.14031170284323896,0.11081186352846589,0.12778510992066838,4.534080133561144,0.2695098610906117,0.0,0.03925985480802544,0.0,2641811,2066455,2342392,752207,0.33973906893004113,300,0.0,-0.006274163722991943,-0.014201176166534416
cache,0.25,S2M2-S,dataset_7_keyframe_3,raw,1.589828087332341,0.13110792640735092,0.10165913089093072,0.11685353189220493,4.086082273525663,0.0,0.0,0.0,0.0,2539221,2026347,2281086,777683,0.32654591049382714,300,0.0,0.0,0.0
cache,0.25,S2M2-S,dataset_7_keyframe_3,memory,1.5992182160827493,0.13216297439254007,0.10125861435455992,0.11749815640109203,4.125685793983007,0.48470178108685236,0.31652180006681974,0.07835085413812896,0.002052092731269229,2539221,2026347,2281086,777683,0.32654591049382714,300,0.54,0.5311565399169922,0.12961589097976695
cache,0.25,S2M2-S,dataset_7_keyframe_3,blend_0.1,1.5887582878753346,0.1309354325598284,0.10162211166338023,0.11674872218599111,4.087282059523975,0.008662879556166837,0.027401032498382556,0.007835019365123177,0.0001836844380264488,2539221,2026347,2281086,777683,0.32654591049382714,300,0.35,0.049224853515625,0.010283346474170691
cache,0.25,S2M2-S,dataset_7_keyframe_3,blend_0.25,1.588010585205141,0.13072001216121007,0.10155555581810327,0.11666484923934534,4.090272536965824,0.07495705325889396,0.10216019270144748,0.019587713617340262,0.00046206061498777336,2539221,2026347,2281086,777683,0.32654591049382714,300,0.38333333333333336,0.12414407730102539,0.026796436309814473
cache,0.25,S2M2-S,dataset_7_keyframe_3,blend_0.5,1.5889697789324486,0.13075939431817868,0.10148506175712944,0.11671274889747957,4.0982179379860995,0.23559538420616014,0.2022812479797389,0.039175427092568306,0.000982426791449336,2539221,2026347,2281086,777683,0.32654591049382714,300,0.44,0.25302886962890625,0.06024104952812198
cache,0.25,S2M2-S,dataset_7_keyframe_3,heuristic_gate,1.5879775900676252,0.13067275357284774,0.10150750958660155,0.11663487777940024,4.095243571859432,0.1966588150992895,0.18311917948900164,0.034081683746083107,0.0007794532954917087,2539221,2026347,2281086,777683,0.32654591049382714,300,0.43666666666666665,0.18428516387939453,0.04545020312070849
cache,0.25,S2M2-S,dataset_7_keyframe_3,learned_refiner,1.5635868231885357,0.13058414371966837,0.09989481025873684,0.11542735805333683,3.997324099940085,0.21740106704330503,0.36313918593409716,0.045833145681850894,0.0007544651977172276,2539221,2026347,2281086,777683,0.32654591049382714,300,0.34,0.032894790172576904,0.016320371627807622
cache,0.25,S2M2-S,dataset_7_keyframe_3,oracle,1.5182338195184801,0.12561647843964743,0.09941513558685912,0.1114185097176033,3.947106541654883,0.2695031996000685,0.0,0.039157024145657776,0.0,2539221,2026347,2281086,777683,0.32654591049382714,300,0.0,-0.006315141916275024,-0.013491028547286983
cache,0.5,S2M2-S,dataset_7_keyframe_3,raw,1.3543389566575923,0.12256187385008466,0.09716287996870397,0.10622746729946442,2.4063020820464107,0.0,0.0,0.0,0.0,1963188,1628390,1772439,996398,0.2524675925925926,300,0.0,0.0,0.0
cache,0.5,S2M2-S,dataset_7_keyframe_3,memory,1.361888169771188,0.1235286686756439,0.09689189216723004,0.10672779690006323,2.4281746835598104,0.4508004839135588,0.2988080251045511,0.07057645725811502,0.0018364524815804662,1963188,1628390,1772439,996398,0.2524675925925926,300,0.5166666666666667,0.4561424255371094,0.1207516193389893
cache,0.5,S2M2-S,dataset_7_keyframe_3,blend_0.1,1.353236295067565,0.12246967687251552,0.09712009242110282,0.10610822815013135,2.406096229600141,0.006678989676920148,0.01931785383108469,0.00705759686372112,0.00015853860132845194,1963188,1628390,1772439,996398,0.2524675925925926,300,0.3333333333333333,0.041150569915771484,0.007534313201904305
cache,0.5,S2M2-S,dataset_7_keyframe_3,blend_0.25,1.3523690227461485,0.12232807046497839,0.09704164858383404,0.10600258786499239,2.406780974562079,0.05909702221212363,0.083510092791039,0.01764411430925157,0.0003966286004765185,1963188,1628390,1772439,996398,0.2524675925925926,300,0.36,0.10414552688598633,0.021695230901241334
cache,0.5,S2M2-S,dataset_7_keyframe_3,blend_0.5,1.3529675591690966,0.12242434244708097,0.09697593913573228,0.1060151637735491,2.4105039866385645,0.20136822260023704,0.1813607305375248,0.035288228799000905,0.0008587037410032165,1963188,1628390,1772439,996398,0.2524675925925926,300,0.43,0.21398162841796875,0.05086615607142449
cache,0.5,S2M2-S,dataset_7_keyframe_3,heuristic_gate,1.3522393260399677,0.1223306173428118,0.0970039547918997,0.1059545048938991,2.4088693484855987,0.16854500457507107,0.16342645189420224,0.031172138843255412,0.000700729333985542,1963188,1628390,1772439,996398,0.2524675925925926,300,0.41,0.15790939331054688,0.042371686547994634
cache,0.5,S2M2-S,dataset_7_keyframe_3,learned_refiner,1.3330453656777306,0.1217402510610293,0.09555019692459407,0.10504107764965666,2.3595836000401085,0.20623929157020124,0.35204834222759906,0.04345257679848701,0.0007362735755645188,1963188,1628390,1772439,996398,0.2524675925925926,300,0.3566666666666667,0.037344157695770264,0.01691451668739319
cache,0.5,S2M2-S,dataset_7_keyframe_3,oracle,1.2947953938942827,0.11888927601431956,0.0952338746976856,0.10128491007360269,2.3185891899204463,0.25812796688753925,0.0,0.036706758934532416,0.0,1963188,1628390,1772439,996398,0.2524675925925926,300,0.0,-0.006050080060958862,-0.01269085258245468
cache,0.9,S2M2-S,dataset_7_keyframe_3,raw,1.1892423473488518,0.22985743419855806,0.13106670624168207,0.0976724792086913,1.1892423473488518,0.0,0.0,0.0,0.0,104443,76114,90754,104443,0.013431455761316874,300,0.0,0.0,0.0
cache,0.9,S2M2-S,dataset_7_keyframe_3,memory,1.19579361273954,0.22950317398006567,0.13055925241519298,0.09806570920426552,1.19579361273954,0.41636229865727725,0.3395695929789526,0.06410779391514553,0.006005244947881085,104443,76114,90754,104443,0.013431455761316874,300,0.4784172661870504,0.8575496673583984,0.25803759098052964
cache,0.9,S2M2-S,dataset_7_keyframe_3,blend_0.1,1.1881859069382203,0.2296180691860632,0.130884788832186,0.09756929398472715,1.1881859069382203,0.0076070105368263394,0.015713272196967706,0.006410765620815664,0.000495845913127796,104443,76114,90754,104443,0.013431455761316874,300,0.37050359712230213,0.06691217422485352,0.016133916378021206
cache,0.9,S2M2-S,dataset_7_keyframe_3,blend_0.25,1.1873325534906018,0.22943615177656712,0.13055925241519298,0.0974766517478061,1.1873325534906018,0.03766718343537326,0.08809154689019102,0.01602695081720578,0.0012120677876457236,104443,76114,90754,104443,0.013431455761316874,300,0.381294964028777,0.1744246482849121,0.04208987951278682
cache,0.9,S2M2-S,dataset_7_keyframe_3,blend_0.5,1.1877923987195704,0.22904359315607556,0.1302241413977002,0.09747779643674549,1.1877923987195704,0.15928738471240508,0.20948839898047666,0.032053898735784146,0.0027326619212376313,104443,76114,90754,104443,0.013431455761316874,300,0.4028776978417266,0.39005517959594727,0.09942855834960881
cache,0.9,S2M2-S,dataset_7_keyframe_3,heuristic_gate,1.1874022493122234,0.2291393391610735,0.13018584299570102,0.09744770790635669,1.1874022493122234,0.12917465906403552,0.19016212523320283,0.028644504224485137,0.0022257972100403287,104443,76114,90754,104443,0.013431455761316874,300,0.39568345323741005,0.35154151916503906,0.08108634948730449
cache,0.9,S2M2-S,dataset_7_keyframe_3,learned_refiner,1.1372996677927123,0.21855940560880097,0.12160700094788544,0.09413665665523098,1.1372996677927123,0.33523399111858526,0.5602911422340174,0.057320001429472946,0.0018621768737466116,104443,76114,90754,104443,0.013431455761316874,300,0.12949640287769784,0.06069135665893555,0.015051922202110282
cache,0.9,S2M2-S,dataset_7_keyframe_3,oracle,1.133294245519063,0.22271478222571164,0.12534109514280517,0.09305486967337281,1.133294245519063,0.21110439603752265,0.0,0.02862122304952326,0.0,104443,76114,90754,104443,0.013431455761316874,300,0.0,0.0,-0.01274943351745607
cache,0.05,RAFT-Stereo,dataset_7_keyframe_3,raw,1.5799111639726964,0.1485613467428215,0.10969747646595461,0.120730217685713,4.067960181620383,0.0,0.0,0.0,0.0,2641811,2084160,2352011,752207,0.33973906893004113,300,0.0,0.0,0.0
cache,0.05,RAFT-Stereo,dataset_7_keyframe_3,memory,1.5847241360361448,0.1489114853409271,0.10957937566313411,0.12103090711536556,4.100203494602276,0.5192389259941655,0.33928297251650547,0.11690869465836183,0.011310746420828814,2641811,2084160,2352011,752207,0.33973906893004113,300,0.47333333333333333,3.915836811065674,0.215847718715668
cache,0.05,RAFT-Stereo,dataset_7_keyframe_3,blend_0.1,1.5687249077919299,0.1486767978481428,0.10990528845553296,0.11997660789494227,4.040078251319346,0.019854041916167665,0.03023232381391064,0.01169081037486691,0.0014795849169072764,2641811,2084160,2352011,752207,0.33973906893004113,300,0.20333333333333334,0.2530895471572876,0.006516405940055855
cache,0.05,RAFT-Stereo,dataset_7_keyframe_3,blend_0.25,1.5599080895621045,0.14901595912803756,0.11069035597171789,0.1193988461767927,4.0194753848378655,0.09593217411331184,0.10974349378166744,0.029227173505074835,0.004028467553935759,2641811,2084160,2352011,752207,0.33973906893004113,300,0.2633333333333333,0.7214363813400269,0.02278245687484742
cache,0.05,RAFT-Stereo,dataset_7_keyframe_3,blend_0.5,1.5563384533825217,0.1495265936889505,0.1111286916437247,0.11915653008536295,4.0153678649865245,0.2654786580684784,0.2178796253646553,0.05845434697194782,0.006739764397360386,2641811,2084160,2352011,752207,0.33973906893004113,300,0.3233333333333333,1.687036395072937,0.060998964309692504
cache,0.05,RAFT-Stereo,dataset_7_keyframe_3,heuristic_gate,1.5560929874970149,0.1492990982322354,0.11096441039877569,0.11914937163786272,4.0130284319270295,0.22495153922923383,0.19746516582220175,0.04909478590415497,0.005732966384936125,2641811,2084160,2352011,752207,0.33973906893004113,300,0.31,0.9092559814453125,0.04662325382232667
cache,0.05,RAFT-Stereo,dataset_7_keyframe_3,learned_refiner,1.5242634835543314,0.14667097684126532,0.10588039795428211,0.11704734603418099,3.9028916076733244,0.2490442192538001,0.3598946338093045,0.050575276742815395,0.0014442959663028786,2641811,2084160,2352011,752207,0.33973906893004113,300,0.19666666666666666,0.08020895719528198,0.009784120321273806
cache,0.05,RAFT-Stereo,dataset_7_keyframe_3,oracle,1.3699232529333552,0.1353196727547883,0.09950938958161655,0.10624821888375127,3.538897303873866,0.27808997389835716,0.0,0.04171539075014602,0.0,2641811,2084160,2352011,752207,0.33973906893004113,300,0.0,-0.01173388957977295,-0.02307287901639938
cache,0.25,RAFT-Stereo,dataset_7_keyframe_3,raw,1.3960529509832738,0.13375519499878114,0.09864442677498335,0.1056874190745703,3.5269419770217145,0.0,0.0,0.0,0.0,2539221,2042313,2288741,777683,0.32654591049382714,300,0.0,0.0,0.0
cache,0.25,RAFT-Stereo,dataset_7_keyframe_3,memory,1.3971913128073166,0.13387491675596572,0.09834827295457937,0.1057526783922292,3.5432070224722163,0.5171043811599887,0.33738902900779655,0.11332248919132076,0.010327948859219982,2539221,2042313,2288741,777683,0.32654591049382714,300,0.46,3.2880465984344482,0.18732189834117924
cache,0.25,RAFT-Stereo,dataset_7_keyframe_3,blend_0.1,1.3844569740207604,0.13373786684971492,0.09869759268689098,0.10490247723078391,3.4989457328033087,0.018857050804651394,0.029051374593414427,0.011332190098120991,0.0012391091871033026,2539221,2042313,2288741,777683,0.32654591049382714,300,0.19333333333333333,0.18775516748428345,0.0054899990558624325
cache,0.25,RAFT-Stereo,dataset_7_keyframe_3,blend_0.25,1.3750635207917428,0.13400999755436804,0.09941080354959257,0.10428344155956291,3.4772783165099383,0.09346118836828635,0.10783019057313938,0.028330622323155138,0.0036247002172810293,2539221,2042313,2288741,777683,0.32654591049382714,300,0.25333333333333335,0.559023916721344,0.019457817077636722
cache,0.25,RAFT-Stereo,dataset_7_keyframe_3,blend_0.5,1.3705837609137077,0.13442547931038692,0.09982982969973862,0.1039800087562409,3.469829782064026,0.2625341952971949,0.21584840325650378,0.05666124441634306,0.006176758313850278,2539221,2042313,2288741,777683,0.32654591049382714,300,0.30666666666666664,1.3678081035614014,0.05465031862258918
cache,0.25,RAFT-Stereo,dataset_7_keyframe_3,heuristic_gate,1.371023128827128,0.13425810514327033,0.09968096514639727,0.10400859142597818,3.4699490318527024,0.2223072565272806,0.19560273082529464,0.04789674586255133,0.00526796173092543,2539221,2042313,2288741,777683,0.32654591049382714,300,0.29333333333333333,0.8348338603973389,0.043363744020462044
cache,0.25,RAFT-Stereo,dataset_7_keyframe_3,learned_refiner,1.346029331029642,0.13225670392612537,0.09528079674829407,0.10230581977171527,3.3843188645979927,0.24519845880626526,0.35644340510000183,0.0489845636009354,0.0013426595669846434,2539221,2042313,2288741,777683,0.32654591049382714,300,0.2,0.08324366807937622,0.010923001170158389
cache,0.25,RAFT-Stereo,dataset_7_keyframe_3,oracle,1.2029947869890851,0.12115959973550944,0.0890391186903385,0.09218111410958822,3.0485748169152846,0.2780651153863291,0.0,0.04154500843632393,0.0,2539221,2042313,2288741,777683,0.32654591049382714,300,0.0,-0.011794418096542358,-0.02229080945253372
cache,0.5,RAFT-Stereo,dataset_7_keyframe_3,raw,1.2248679610414652,0.12715593208597445,0.09421563293989164,0.09874238841376431,2.1258227713203968,0.0,0.0,0.0,0.0,1963188,1600264,1778225,996398,0.2524675925925926,300,0.0,0.0,0.0
cache,0.5,RAFT-Stereo,dataset_7_keyframe_3,memory,1.2243699140370445,0.12749823246678363,0.09385907004321542,0.09870616685547981,2.1315763644573305,0.4965724405473097,0.3266967200411932,0.10169648353010295,0.008692938182738405,1963188,1600264,1778225,996398,0.2524675925925926,300,0.44333333333333336,3.5567660331726074,0.18936318755149875
cache,0.5,RAFT-Stereo,dataset_7_keyframe_3,blend_0.1,1.2127912021279739,0.12661905023869338,0.09390083883968321,0.09791101477802272,2.1049587429595187,0.01760334544800108,0.026292536731439314,0.01016960676298775,0.000792925529671442,1963188,1600264,1778225,996398,0.2524675925925926,300,0.16333333333333333,0.09135830402374268,0.0035231783986091635
cache,0.5,RAFT-Stereo,dataset_7_keyframe_3,blend_0.25,1.2025780897786913,0.12681159420289856,0.0941830329036241,0.09723040081816833,2.0879305456550776,0.08464978278584033,0.09834127368984118,0.02542412098470378,0.002659393496323581,1963188,1600264,1778225,996398,0.2524675925925926,300,0.24,0.46781253814697266,0.017850601673126232
cache,0.5,RAFT-Stereo,dataset_7_keyframe_3,blend_0.5,1.1973881238175808,0.12716866647514144,0.09448662074136557,0.0968772361830862,2.0806326236706556,0.24090212614918538,0.20435628121359975,0.050848242039135814,0.005001616780778585,1963188,1600264,1778225,996398,0.2524675925925926,300,0.2966666666666667,1.4049148559570312,0.05342373847961431
cache,0.5,RAFT-Stereo,dataset_7_keyframe_3,heuristic_gate,1.198932727747847,0.12704539758800482,0.09442294879553054,0.09696166426207037,2.0832872220726633,0.20646468332725101,0.18603555413356795,0.04430825798234002,0.004287421445542606,1963188,1600264,1778225,996398,0.2524675925925926,300,0.27,0.8308930397033691,0.04233512580394746
cache,0.5,RAFT-Stereo,dataset_7_keyframe_3,learned_refiner,1.181067640435871,0.12558247096049893,0.09083490730383438,0.09563200799758045,2.0415256298159434,0.2345175546034904,0.3370318897381932,0.04741600788119812,0.001135964233997385,1963188,1600264,1778225,996398,0.2524675925925926,300,0.23666666666666666,0.0870087742805481,0.012965577840805058
cache,0.5,RAFT-Stereo,dataset_7_keyframe_3,oracle,1.069785903899712,0.11636684820811863,0.08598514253347107,0.08710180673852791,1.8593514724705802,0.2707440772272575,0.0,0.039919497670268006,0.0,1963188,1600264,1778225,996398,0.2524675925925926,300,0.0,-0.012007802724838257,-0.021736457943916317
cache,0.9,RAFT-Stereo,dataset_7_keyframe_3,raw,1.1510800065794682,0.23107340846203192,0.12339745124134696,0.0947591268937111,1.1510800065794682,0.0,0.0,0.0,0.0,104443,75449,91555,104443,0.013431455761316874,300,0.0,0.0,0.0
cache,0.9,RAFT-Stereo,dataset_7_keyframe_3,memory,1.1441601980816598,0.2293212565705696,0.12255488639736507,0.09424641032441247,1.1441601980816598,0.5325319089716232,0.3720658988190698,0.11870738713013204,0.013500081917972803,104443,75449,91555,104443,0.013431455761316874,300,0.44244604316546765,5.75074577331543,0.5549656271934454
cache,0.9,RAFT-Stereo,dataset_7_keyframe_3,blend_0.1,1.1343153548580451,0.22918721216357246,0.12179849295788134,0.09361137098682787,1.1343153548580451,0.031875836657874856,0.03900648119922066,0.011870724812440845,0.0007864125389110371,104443,75449,91555,104443,0.013431455761316874,300,0.1223021582733813,0.24182605743408203,0.003893169760704031
cache,0.9,RAFT-Stereo,dataset_7_keyframe_3,blend_0.25,1.1145106381340377,0.22709994925461735,0.11980697605392415,0.09228169455083937,1.1145106381340377,0.12347413484605495,0.12783469628490768,0.029676848579453935,0.0023701600131068755,104443,75449,91555,104443,0.013431455761316874,300,0.1474820143884892,1.159977912902832,0.013073050975799545
cache,0.9,RAFT-Stereo,dataset_7_keyframe_3,blend_0.5,1.1006475419324548,0.22578822898614556,0.1187537699989468,0.09133809703573312,1.1006475419324548,0.2880356267147345,0.24527826743893225,0.059353695405307286,0.005854404456337721,104443,75449,91555,104443,0.013431455761316874,300,0.22661870503597123,2.6902341842651367,0.07146936655044542
cache,0.9,RAFT-Stereo,dataset_7_keyframe_3,heuristic_gate,1.102655722098617,0.22615206380513772,0.11877291919994638,0.09145467428143166,1.102655722098617,0.2576044745457196,0.22762395790534004,0.05309828882371027,0.0049041559718202175,104443,75449,91555,104443,0.013431455761316874,300,0.2014388489208633,1.210282325744629,0.027708941698074193
cache,0.9,RAFT-Stereo,dataset_7_keyframe_3,learned_refiner,1.0967659965456693,0.2221115823942246,0.11370795553555528,0.09060643876738962,1.0967659965456693,0.35468992299434055,0.46924412517064507,0.0674986460137311,0.0037463819562011907,104443,75449,91555,104443,0.013431455761316874,300,0.17266187050359713,1.2979707717895508,0.04375629425048822
cache,0.9,RAFT-Stereo,dataset_7_keyframe_3,oracle,1.0229832631507587,0.21467211780588455,0.1107206801796195,0.08485206738282176,1.0229832631507587,0.26358202229320465,0.0,0.04286026849250799,0.0,104443,75449,91555,104443,0.013431455761316874,300,0.0,0.0,-0.024295604228973405
cache,0.05,StereoAnywhere,dataset_7_keyframe_3,raw,1.5909692176798367,0.15999819820570055,0.11623314461178336,0.12082406997973262,3.8854193498352476,0.0,0.0,0.0,0.0,2641811,2043257,2334745,752207,0.33973906893004113,300,0.0,0.0,0.0
cache,0.05,StereoAnywhere,dataset_7_keyframe_3,memory,1.601354282411099,0.16070036804298263,0.11587922073153606,0.12151380670256949,3.9187700743648812,0.48897128457164224,0.3330202710672226,0.15743025093428994,0.014247808647197017,2641811,2043257,2334745,752207,0.33973906893004113,300,0.48,8.698014259338379,0.4825051903724677
cache,0.05,StereoAnywhere,dataset_7_keyframe_3,blend_0.1,1.58491641063237,0.16177349553014958,0.11585310228475845,0.12041004940023925,3.875853952140212,0.026835586517016705,0.036910187998866514,0.015742964987857707,0.0008022289372072753,2641811,2043257,2334745,752207,0.33973906893004113,300,0.30333333333333334,0.7515683174133301,0.023900705575943
cache,0.05,StereoAnywhere,dataset_7_keyframe_3,blend_0.25,1.5812779803690153,0.1638694062519991,0.11685128118552009,0.12018029320877428,3.8686525402041143,0.09215678693380226,0.11103693759522175,0.03935756289692975,0.0038895039929414134,2641811,2043257,2334745,752207,0.33973906893004113,300,0.3433333333333333,2.040536880493164,0.071780207753182
cache,0.05,StereoAnywhere,dataset_7_keyframe_3,blend_0.5,1.5808611378280468,0.16521280288408216,0.11693152916692374,0.12016776381240311,3.869393448850193,0.24770109682727137,0.21478551156315628,0.0787151247036185,0.007752880935605388,2641811,2043257,2334745,752207,0.33973906893004113,300,0.37333333333333335,4.246005058288574,0.18219347000122157
cache,0.05,StereoAnywhere,dataset_7_keyframe_3,heuristic_gate,1.5792286498110704,0.1649743301091562,0.11710035275044278,0.12005642743775738,3.8650467105674102,0.21147315291223767,0.1943416809534973,0.06728719616561725,0.00612914900770748,2641811,2043257,2334745,752207,0.33973906893004113,300,0.36666666666666664,3.6359634399414062,0.11878916025161809
cache,0.05,StereoAnywhere,dataset_7_keyframe_3,learned_refiner,1.532093003021057,0.1567311211892145,0.11190581006741208,0.11700205170536813,3.745318698062958,0.22569505451345573,0.3619290182292291,0.04673928262945318,0.0013705993588164875,2641811,2043257,2334745,752207,0.33973906893004113,300,0.31,0.048155248165130615,0.016615056991577153
cache,0.05,StereoAnywhere,dataset_7_keyframe_3,oracle,1.3856969310081333,0.1403007255250281,0.1032874796872297,0.1066080738061718,3.5159072591486287,0.26028492744671866,0.0,0.03825233232238104,0.0,2641811,2043257,2334745,752207,0.33973906893004113,300,0.0,-0.00532221794128418,-0.017020508646965023
cache,0.25,StereoAnywhere,dataset_7_keyframe_3,raw,1.42118824318972,0.1451330939685833,0.10456671553992347,0.10682562092147067,3.4240999334190048,0.0,0.0,0.0,0.0,2539221,2003146,2273703,777683,0.32654591049382714,300,0.0,0.0,0.0
cache,0.25,StereoAnywhere,dataset_7_keyframe_3,memory,1.4288042392487696,0.1457458803310149,0.10428710222544631,0.10730895211086332,3.448411271994913,0.48740880594824343,0.3310387760053436,0.15609196076908227,0.01352331417076021,2539221,2003146,2273703,777683,0.32654591049382714,300,0.4666666666666667,8.864890098571777,0.35299435257911854
cache,0.25,StereoAnywhere,dataset_7_keyframe_3,blend_0.1,1.4149747269847055,0.14698129859512032,0.10419888619383662,0.10638798192957132,3.4144671958291655,0.026034048441801048,0.03595294601591696,0.015609136001802304,0.0007384429716634055,2539221,2003146,2273703,777683,0.32654591049382714,300,0.3,0.7650518417358398,0.021368056535720832
cache,0.25,StereoAnywhere,dataset_7_keyframe_3,blend_0.25,1.4111143262931252,0.14903744101045163,0.10529213487128533,0.10612881244138095,3.4071804401212824,0.09045072101584208,0.10938593592279344,0.039022989875009,0.0037687420036829787,2539221,2003146,2273703,777683,0.32654591049382714,300,0.3333333333333333,2.0785999298095703,0.07203454673290298
cache,0.25,StereoAnywhere,dataset_7_keyframe_3,blend_0.5,1.4101923486997046,0.15036816409442108,0.10546423489723816,0.10606818090717843,3.406595855771618,0.2457429463453987,0.21276482093666663,0.07804598073615256,0.007461836484360535,2539221,2003146,2273703,777683,0.32654591049382714,300,0.37,4.326655387878418,0.16077516674995512
cache,0.25,StereoAnywhere,dataset_7_keyframe_3,heuristic_gate,1.4090798589503528,0.1501633768781843,0.10560286008976769,0.10598995638121574,3.4037278740349026,0.20971711497813939,0.19247473723832412,0.06693114903306628,0.0059695571497244805,2539221,2003146,2273703,777683,0.32654591049382714,300,0.36333333333333334,3.709803581237793,0.11432040035724672
cache,0.25,StereoAnywhere,dataset_7_keyframe_3,learned_refiner,1.3666086237809782,0.14187264519315176,0.10036621467765114,0.10325195752456928,3.2956307785421095,0.22167430631616467,0.35813165890054943,0.04529820718664657,0.0010902919158746766,2539221,2003146,2273703,777683,0.32654591049382714,300,0.31666666666666665,0.04608553647994995,0.016365970671176913
cache,0.25,StereoAnywhere,dataset_7_keyframe_3,oracle,1.2289514610584884,0.12585434666773787,0.092177876600737,0.09321844489909724,3.0844073936510488,0.26068094886743154,0.0,0.03819906584567898,0.0,2539221,2003146,2273703,777683,0.32654591049382714,300,0.0,-0.005297720432281494,-0.01627310067415237
cache,0.5,StereoAnywhere,dataset_7_keyframe_3,raw,1.2251931784070387,0.13097370195824343,0.09552370939512671,0.0983696106043704,2.1275704553398986,0.0,0.0,0.0,0.0,1963188,1591712,1775657,996398,0.2524675925925926,300,0.0,0.0,0.0
cache,0.5,StereoAnywhere,dataset_7_keyframe_3,memory,1.231298082164487,0.1316863183760292,0.09542489053519072,0.09875131876703205,2.14652004341512,0.4548190878751935,0.3127845992239802,0.12980703231433732,0.010368556539917338,1963188,1591712,1775657,996398,0.2524675925925926,300,0.46,8.955228805541992,0.304528784751894
cache,0.5,StereoAnywhere,dataset_7_keyframe_3,blend_0.1,1.2196136383429361,0.13243560983461594,0.0952445715845859,0.09794781397991668,2.1194889245534387,0.019658078848434894,0.02699232021873304,0.012980660793228198,0.0005626086569647179,1963188,1591712,1775657,996398,0.2524675925925926,300,0.2866666666666667,0.7540192604064941,0.013922564685344734
cache,0.5,StereoAnywhere,dataset_7_keyframe_3,blend_0.25,1.2159198644869025,0.1338465801543204,0.09623225080837902,0.09767541335933372,2.114862741311085,0.07248233348746506,0.09109059930439678,0.03245175822598929,0.003042254219142548,1963188,1591712,1775657,996398,0.2524675925925926,300,0.31,2.0703983306884766,0.06172999739646941
cache,0.5,StereoAnywhere,dataset_7_keyframe_3,blend_0.5,1.2148465447320886,0.13478281244587884,0.09641766351465066,0.09759016646347894,2.1153790614843393,0.21177763313966347,0.19251095675599605,0.06490351687993554,0.0059454049965731,1963188,1591712,1775657,996398,0.2524675925925926,300,0.36333333333333334,4.345905303955078,0.13299801349640003
cache,0.5,StereoAnywhere,dataset_7_keyframe_3,heuristic_gate,1.2142314518302877,0.13466005293430888,0.09642071976805074,0.09753958466948266,2.1137775602514735,0.1808386190466617,0.17377389879576205,0.05664073795005036,0.004838772352993849,1963188,1591712,1775657,996398,0.2524675925925926,300,0.3466666666666667,3.709444046020508,0.11134936809539821
cache,0.5,StereoAnywhere,dataset_7_keyframe_3,learned_refiner,1.1825209762509068,0.12855365864094523,0.09210070558703497,0.09542652969257683,2.04640901774135,0.21417944954866208,0.3369164773526869,0.04355689386604368,0.0009343020639684354,1963188,1591712,1775657,996398,0.2524675925925926,300,0.3466666666666667,0.04559671878814697,0.015844543278217323
cache,0.5,StereoAnywhere,dataset_7_keyframe_3,oracle,1.0772402393794687,0.1168828456571658,0.08604677697703939,0.0870887130174305,1.8774056692898646,0.2514870780643735,0.0,0.036012208509870004,0.0,1963188,1591712,1775657,996398,0.2524675925925926,300,0.0,-0.0053175389766693115,-0.015501537919044494
cache,0.9,StereoAnywhere,dataset_7_keyframe_3,raw,1.0871989713443533,0.23399366161446913,0.11666650708999167,0.09020654108803079,1.0871989713443533,0.0,0.0,0.0,0.0,104443,75887,92258,104443,0.013431455761316874,300,0.0,0.0,0.0
cache,0.9,StereoAnywhere,dataset_7_keyframe_3,memory,1.0850553649196586,0.2324521509340023,0.1158047930450102,0.08994591378681946,1.0850553649196586,0.45034063805394864,0.3465811008473125,0.0838629900253326,0.01001539161915498,104443,75887,92258,104443,0.013431455761316874,300,0.4316546762589928,5.362638473510742,0.36464070081710753
cache,0.9,StereoAnywhere,dataset_7_keyframe_3,blend_0.1,1.0803189642186146,0.2330457761649895,0.11585266604750917,0.0897102676406258,1.0803189642186146,0.014798318552584764,0.02578834319448654,0.008386291144442122,0.0006503501051399337,104443,75887,92258,104443,0.013431455761316874,300,0.23381294964028776,0.24518299102783203,0.006936427950859024
cache,0.9,StereoAnywhere,dataset_7_keyframe_3,blend_0.25,1.0728349250029374,0.23263406834349837,0.11488563139702995,0.08916808729231496,1.0728349250029374,0.06985386166273538,0.09241372040006852,0.020965746776932945,0.0018968544733248066,104443,75887,92258,104443,0.013431455761316874,300,0.2589928057553957,0.6180257797241211,0.024212074279784834
cache,0.9,StereoAnywhere,dataset_7_keyframe_3,blend_0.5,1.06804292734085,0.23219363672050783,0.1140047681510489,0.08879076554596323,1.06804292734085,0.20480451197174745,0.21073438138284556,0.04193149464697059,0.0043573457044375555,104443,75887,92258,104443,0.013431455761316874,300,0.3345323741007194,1.6900990009307861,0.09774554967880246
cache,0.9,StereoAnywhere,dataset_7_keyframe_3,heuristic_gate,1.068182236523858,0.23210746531600968,0.11390902214605096,0.08880874059235502,1.068182236523858,0.17536600471754055,0.19208823645683715,0.03731310790069049,0.003468533894079646,104443,75887,92258,104443,0.013431455761316874,300,0.30935251798561153,1.1961376667022705,0.08428891897201536
cache,0.9,StereoAnywhere,dataset_7_keyframe_3,learned_refiner,1.0411344351761804,0.22726271746311386,0.10924619170265121,0.08675835443711605,1.0411344351761804,0.34554007932847525,0.447098976109215,0.06450484705794139,0.002894057967872705,104443,75887,92258,104443,0.013431455761316874,300,0.15467625899280577,0.24022340774536133,0.024970862269401522
cache,0.9,StereoAnywhere,dataset_7_keyframe_3,oracle,0.9951732036301958,0.22020623689476557,0.1069578621832004,0.08304448605036227,0.9951732036301958,0.2301448205885066,0.0,0.03316191966636743,0.0,104443,75887,92258,104443,0.013431455761316874,300,0.0,0.0,-0.016310878098011038
cache,0.05,S2M2-S,dataset_7_keyframe_4,raw,0.31708483216241684,0.058387031178641316,0.004570895550657602,0.024915528280953596,0.38840666637627264,0.0,0.0,0.0,0.0,3299791,2770207,3284708,1359126,0.4243558384773663,300,0.0,0.0,0.0
cache,0.05,S2M2-S,dataset_7_keyframe_4,memory,0.3142119304330407,0.05760486042903929,0.004875157244807323,0.024731421512297257,0.38513498316571376,0.5733073376827075,0.38766886373473175,0.08442002888796123,0.0022747836337354797,3299791,2770207,3284708,1359126,0.4243558384773663,300,0.4533333333333333,1.0970008373260498,0.184359453618527
cache,0.05,S2M2-S,dataset_7_keyframe_4,blend_0.1,0.31499200125398064,0.058268841875136944,0.004166930572269577,0.024754872086774286,0.3864758405757717,0.01141647537530589,0.02197308720972837,0.00844197911007845,8.585238018113026e-05,3299791,2770207,3284708,1359126,0.4243558384773663,300,0.33666666666666667,0.08994936943054199,0.006082253158092503
cache,0.05,S2M2-S,dataset_7_keyframe_4,blend_0.25,0.3126730929415911,0.05829823767626495,0.0038363035719534964,0.02457891943937034,0.3843076981415599,0.054882902252430955,0.14713918490567673,0.021105007273908502,0.00023015744474090238,3299791,2770207,3284708,1359126,0.4243558384773663,300,0.3566666666666667,0.23049092292785645,0.016247147321701075
cache,0.05,S2M2-S,dataset_7_keyframe_4,blend_0.5,0.31076843938255494,0.058311268804600046,0.0037669052373316978,0.024440047240227514,0.3824678232718385,0.27304963130914045,0.2762125718402993,0.042210014354414585,0.0005805691099482816,3299791,2770207,3284708,1359126,0.4243558384773663,300,0.39,0.4927634000778198,0.03847807645797763
cache,0.05,S2M2-S,dataset_7_keyframe_4,heuristic_gate,0.3109419906832766,0.05821429296582723,0.003782360761636116,0.024450376530206295,0.38250260708475864,0.18780293313820953,0.2379966551236063,0.03400887863394513,0.0003537605169165722,3299791,2770207,3284708,1359126,0.4243558384773663,300,0.38,0.36660122871398926,0.026660346984863317
cache,0.05,S2M2-S,dataset_7_keyframe_4,learned_refiner,0.29577709797296475,0.0541649455980697,0.0034629465926781424,0.023015321444811943,0.3607619284609452,0.45452957125586646,0.3019543304886602,0.061331285534477545,0.0002429439694487303,3299791,2770207,3284708,1359126,0.4243558384773663,300,0.17333333333333334,0.16200387477874756,0.017925779521465304
cache,0.05,S2M2-S,dataset_7_keyframe_4,oracle,0.263571611324709,0.0467005334580281,0.0026107714094619934,0.020698778381935904,0.33284728235924543,0.28783444702868777,0.0,0.03720928793335269,0.0,3299791,2770207,3284708,1359126,0.4243558384773663,300,0.0,0.0,-0.008519622683525085
cache,0.25,S2M2-S,dataset_7_keyframe_4,raw,0.30533282885225643,0.05334169197165314,0.004191184734806049,0.024012787655530467,0.3615160490508905,0.0,0.0,0.0,0.0,3033987,2580958,3021271,1394786,0.3901732253086419,300,0.0,0.0,0.0
cache,0.25,S2M2-S,dataset_7_keyframe_4,memory,0.30264180269612445,0.05285388500346244,0.004461456163127923,0.023830610718300747,0.35841212846566295,0.5742135284650118,0.38690555987350433,0.084059731230761,0.0021451236913206397,3033987,2580958,3021271,1394786,0.3901732253086419,300,0.45666666666666667,1.1474194526672363,0.18486266210675284
cache,0.25,S2M2-S,dataset_7_keyframe_4,blend_0.1,0.3032497028478451,0.0532503929647688,0.003776219212541122,0.02385176894159166,0.3595051791995992,0.011201267126392604,0.021362222864533247,0.008405950642728909,7.182407668825471e-05,3033987,2580958,3021271,1394786,0.3901732253086419,300,0.3466666666666667,0.09380531311035156,0.006461770832538608
cache,0.25,S2M2-S,dataset_7_keyframe_4,blend_0.25,0.30094823023945333,0.05334169197165314,0.0034492567041322195,0.02367541584422141,0.3572401121919872,0.05349757725619712,0.1462092757805435,0.02101493295337352,0.00019362711918262214,3033987,2580958,3021271,1394786,0.3901732253086419,300,0.36333333333333334,0.23691534996032715,0.017228469252586396
cache,0.25,S2M2-S,dataset_7_keyframe_4,blend_0.5,0.2990787512741663,0.053438594166685616,0.0033975096135876654,0.0235361377258641,0.3553276632022645,0.27209431536661965,0.2753841790528943,0.042029865934482574,0.0005302404186847191,3033987,2580958,3021271,1394786,0.3901732253086419,300,0.4033333333333333,0.5176064372062683,0.041077405214309984
cache,0.25,S2M2-S,dataset_7_keyframe_4,heuristic_gate,0.2992470167110513,0.05332686000302572,0.0034106935857009277,0.023547282860671096,0.35540792851392067,0.18612313722269017,0.23688607098604472,0.03382547850288928,0.00031112733680626465,3033987,2580958,3021271,1394786,0.3901732253086419,300,0.38333333333333336,0.37463295459747314,0.02806857824325566
cache,0.25,S2M2-S,dataset_7_keyframe_4,learned_refiner,0.2834407117319975,0.04887265502456009,0.0031295453803856115,0.02209076040758438,0.3342291427077222,0.44945713955825706,0.2977344071464937,0.060676606258849734,0.00023897227358949264,3033987,2580958,3021271,1394786,0.3901732253086419,300,0.16666666666666666,0.1630433201789856,0.018282166123390203
cache,0.25,S2M2-S,dataset_7_keyframe_4,oracle,0.2523949728742326,0.04236603518736237,0.0023253230814766182,0.019837561197679245,0.3072521411627335,0.28915619704001383,0.0,0.03720689974628696,0.0,3033987,2580958,3021271,1394786,0.3901732253086419,300,0.0,0.0,-0.007287338376045221
cache,0.5,S2M2-S,dataset_7_keyframe_4,raw,0.2829650085169152,0.049368180574229856,0.004356103423247624,0.02366489165158599,0.3003523566993722,0.0,0.0,0.0,0.0,1680860,1465960,1673538,1403419,0.2161599794238683,300,0.0,0.0,0.0
cache,0.5,S2M2-S,dataset_7_keyframe_4,memory,0.2823203232692715,0.04991789917066264,0.0046702283354949255,0.023610464351308303,0.29951627546809695,0.5428879369150591,0.3794025757865153,0.07923171544110859,0.0021087062259715645,1680860,1465960,1673538,1403419,0.2161599794238683,300,0.48333333333333334,1.2373934984207153,0.2431334018707277
cache,0.5,S2M2-S,dataset_7_keyframe_4,blend_0.1,0.28112231959065526,0.04943005366300584,0.003980105422224337,0.02351129367823765,0.2984704745712802,0.011695407787388468,0.018025048432426534,0.007923163509085163,9.500829978166017e-05,1680860,1465960,1673538,1403419,0.2161599794238683,300,0.37,0.09652209281921387,0.007202795147895826
cache,0.5,S2M2-S,dataset_7_keyframe_4,blend_0.25,0.27917382219423803,0.049810216198850586,0.0036957271872731816,0.023349157108943024,0.296480244044911,0.04457079320036017,0.12753076482305112,0.019807929208854776,0.00023363676235615803,1680860,1465960,1673538,1403419,0.2161599794238683,300,0.38333333333333336,0.25517386198043823,0.01807069480419162
cache,0.5,S2M2-S,dataset_7_keyframe_4,blend_0.5,0.2778527040314584,0.05043370655497781,0.00367906904798734,0.02323937579049024,0.29509325921541224,0.23341632786706323,0.2624819231084068,0.039615858425038994,0.0005646719704004331,1680860,1465960,1673538,1403419,0.2161599794238683,300,0.42333333333333334,0.5662628412246704,0.04324849024415044
cache,0.5,S2M2-S,dataset_7_keyframe_4,heuristic_gate,0.27795534534766697,0.050186809133419795,0.003671334911890342,0.023245357345846984,0.2952328504949541,0.1574163005811891,0.22479330950366996,0.03223586139359792,0.00037764305322018384,1680860,1465960,1673538,1403419,0.2161599794238683,300,0.4,0.42138469219207764,0.03224751204252244
cache,0.5,S2M2-S,dataset_7_keyframe_4,learned_refiner,0.25841005215089075,0.04403876586985234,0.0035017788513023096,0.021477879638501753,0.27258992808916416,0.43060724712816173,0.28977393653305683,0.058368066992749594,0.00030653621250309227,1680860,1465960,1673538,1403419,0.2161599794238683,300,0.16666666666666666,0.153150737285614,0.019767177104949962
cache,0.5,S2M2-S,dataset_7_keyframe_4,oracle,0.23272276735889258,0.03904846328665088,0.002570707851932939,0.019464433294281155,0.2484490418866685,0.2730442849736691,0.0,0.034697281624411984,0.0,1680860,1465960,1673538,1403419,0.2161599794238683,300,0.0,0.0,-0.0068443536758422815
cache,0.9,S2M2-S,dataset_7_keyframe_4,raw,0.510868779378307,0.11548079108888384,0.024551034325983177,0.052158948202676955,0.510868779378307,0.0,0.0,0.0,0.0,4399,3237,4291,4399,0.0005657150205761317,300,0.0,0.0,0.0
cache,0.9,S2M2-S,dataset_7_keyframe_4,memory,0.5349854264229664,0.12571038872471016,0.032507388042736986,0.05470935115781233,0.5349854264229664,0.5078776645041705,0.38059932035835653,0.0806027983842089,0.017711489163365183,4399,3237,4291,4399,0.0005657150205761317,300,0.5137254901960784,1.6342356204986572,0.501401519775389
cache,0.9,S2M2-S,dataset_7_keyframe_4,blend_0.1,0.5126333809299993,0.11934530575130711,0.022959763582632416,0.05235175264647404,0.5126333809299993,0.0182267531665122,0.03707136237256719,0.008060281783811907,0.0006991377301328362,4399,3237,4291,4399,0.0005657150205761317,300,0.49411764705882355,0.1634232997894287,0.047055554389953604
cache,0.9,S2M2-S,dataset_7_keyframe_4,blend_0.25,0.5156083462552797,0.12184587406228688,0.024323709934075927,0.052672255926596766,0.5156083462552797,0.05406240345999382,0.1464318813716404,0.02015070457720383,0.0032626427406199023,4399,3237,4291,4399,0.0005657150205761317,300,0.4980392156862745,0.40855884552001953,0.12534987926483115
cache,0.9,S2M2-S,dataset_7_keyframe_4,blend_0.5,0.5213485854756401,0.12434644237326666,0.024778358717890428,0.053281400484772014,0.5213485854756401,0.20420142106889094,0.27401915353722583,0.040301403734495804,0.0065252854812398045,4399,3237,4291,4399,0.0005657150205761317,300,0.5019607843137255,0.81711745262146,0.2507007598876945
cache,0.9,S2M2-S,dataset_7_keyframe_4,heuristic_gate,0.5172596131537172,0.12298249602182314,0.024096385542168676,0.052833760762460165,0.5172596131537172,0.1467408093914118,0.24992276799505714,0.03250395200711007,0.004194826380797017,4399,3237,4291,4399,0.0005657150205761317,300,0.5019607843137255,0.5486764907836914,0.20103850364684983
cache,0.9,S2M2-S,dataset_7_keyframe_4,learned_refiner,0.44056896217358765,0.10979768129120254,0.02182314162309616,0.04483092273954672,0.44056896217358765,0.6135310472659871,0.1977139326536917,0.08920600833725167,0.0009321836401771149,4399,3237,4291,4399,0.0005657150205761317,300,0.24313725490196078,0.3157954216003418,0.07147159576416001
cache,0.9,S2M2-S,dataset_7_keyframe_4,oracle,0.44437243627178097,0.10411457149352125,0.01523073425778586,0.045246514257318404,0.44437243627178097,0.247451343836886,0.0,0.031034035578610047,0.0,4399,3237,4291,4399,0.0005657150205761317,300,0.0,0.0,0.0
cache,0.05,RAFT-Stereo,dataset_7_keyframe_4,raw,0.26152501797229283,0.02840149573109327,0.0018870892126198295,0.020240976607155115,0.3496339393380562,0.0,0.0,0.0,0.0,3299791,2875994,3293564,1359126,0.4243558384773663,300,0.0,0.0,0.0
cache,0.05,RAFT-Stereo,dataset_7_keyframe_4,memory,0.2575307041588934,0.027165659885732156,0.0018125390365632248,0.019907148171960196,0.345147411564388,0.5594236288392813,0.38853210403081506,0.07587914517863834,0.00029724638719636235,3299791,2875994,3293564,1359126,0.4243558384773663,300,0.44666666666666666,0.09477934241294861,0.04847756251692773
cache,0.05,RAFT-Stereo,dataset_7_keyframe_4,blend_0.1,0.25968583236993853,0.028036927187206705,0.0018622391539342947,0.02009358849830707,0.3476669525311946,0.0027938166769471704,0.017514640155716597,0.007587898112688218,1.0323163600282248e-05,3299791,2875994,3293564,1359126,0.4243558384773663,300,0.31666666666666665,0.009113490581512451,0.003887410461902619
cache,0.05,RAFT-Stereo,dataset_7_keyframe_4,blend_0.25,0.25752650955385675,0.027586595635905424,0.0018249640659059921,0.01992010267866362,0.3453769475116864,0.04674696817865406,0.1480583756433428,0.018969786189033912,3.5827450142156034e-05,3299791,2875994,3293564,1359126,0.4243558384773663,300,0.32666666666666666,0.022989869117736816,0.010113705694675446
cache,0.05,RAFT-Stereo,dataset_7_keyframe_4,blend_0.5,0.25552405785618276,0.02711808111483424,0.001803750601174438,0.019757152604806056,0.34324171245352036,0.26314241267540894,0.278410872901682,0.03793957248491205,0.0001281286776270326,3299791,2875994,3293564,1359126,0.4243558384773663,300,0.36333333333333334,0.046561598777770996,0.02071053832769395
cache,0.05,RAFT-Stereo,dataset_7_keyframe_4,heuristic_gate,0.25612217171451224,0.027204753270737448,0.0018316311548216236,0.019807328919417493,0.3439183067071861,0.17889536626293379,0.24039340833117176,0.03068465548565942,9.685556436735403e-05,3299791,2875994,3293564,1359126,0.4243558384773663,300,0.35333333333333333,0.03636294603347778,0.015545268356800082
cache,0.05,RAFT-Stereo,dataset_7_keyframe_4,learned_refiner,0.24658976006129202,0.027550229696365617,0.001657680744022879,0.018889192117908432,0.328197256406886,0.4433997428367375,0.31751804767325664,0.06166916734134364,0.0001645633726868523,3299791,2875994,3293564,1359126,0.4243558384773663,300,0.18,0.04195573925971985,0.019841840863227857
cache,0.05,RAFT-Stereo,dataset_7_keyframe_4,oracle,0.22154870849507047,0.023139041230187004,0.001515853579817631,0.017091524730413712,0.3034511844645747,0.27664835183939884,0.0,0.03583214683240507,0.0,3299791,2875994,3293564,1359126,0.4243558384773663,300,0.0,-0.005606532096862793,-0.011180175095796581
cache,0.25,RAFT-Stereo,dataset_7_keyframe_4,raw,0.24969653190185093,0.02341836006548479,0.0018371865139830857,0.01935778668630161,0.3169210650676685,0.0,0.0,0.0,0.0,3033987,2681273,3028413,1394786,0.3901732253086419,300,0.0,0.0,0.0
cache,0.25,RAFT-Stereo,dataset_7_keyframe_4,memory,0.2459583413889636,0.022427584561173136,0.0017722554513252694,0.01904070607456244,0.31351128252528465,0.5598661531295023,0.3874335063978938,0.07524659920670433,0.0002965249455738038,3033987,2681273,3028413,1394786,0.3901732253086419,300,0.44666666666666666,0.10127487778663635,0.05244190990924836
cache,0.25,RAFT-Stereo,dataset_7_keyframe_4,blend_0.1,0.24788993539399637,0.02309831914243535,0.0018151033606933714,0.01921302425666046,0.3150769827628173,0.0024615173464246276,0.01660852885923962,0.007524644228897991,1.0566590488153365e-05,3033987,2681273,3028413,1394786,0.3901732253086419,300,0.30666666666666664,0.009805053472518921,0.0041760593652725225
cache,0.25,RAFT-Stereo,dataset_7_keyframe_4,blend_0.25,0.24577353633504442,0.022713676756030924,0.001782802629015879,0.01904284944454131,0.31296040825356314,0.04454115638355363,0.14705552176149164,0.018811649733251685,3.63226548030272e-05,3033987,2681273,3028413,1394786,0.3901732253086419,300,0.34,0.02470836043357849,0.010864111036062241
cache,0.25,RAFT-Stereo,dataset_7_keyframe_4,blend_0.5,0.24383297135652562,0.022328375171020837,0.0017679706603884592,0.01888419484746698,0.3110959888883985,0.2616298303082155,0.27752899462307645,0.03762329960318197,0.0001307615572908979,3033987,2681273,3028413,1394786,0.3901732253086419,300,0.37,0.04993346333503723,0.02343964204192162
cache,0.25,RAFT-Stereo,dataset_7_keyframe_4,heuristic_gate,0.24440415201539467,0.022407808603003242,0.0017966457997348043,0.01893262054155225,0.31171990968122837,0.17653293789927396,0.23934936875133564,0.030395045534648276,0.00010005240368470219,3033987,2681273,3028413,1394786,0.3901732253086419,300,0.36333333333333334,0.038889914751052856,0.016980066895484928
cache,0.25,RAFT-Stereo,dataset_7_keyframe_4,learned_refiner,0.23342348669245544,0.02213391158235022,0.0015903166361622512,0.017926361989401222,0.2951062877747385,0.43919921619320373,0.31078819650218387,0.06090037366152336,0.00016048009303882925,3033987,2681273,3028413,1394786,0.3901732253086419,300,0.18,0.045402973890304565,0.021376460790634166
cache,0.25,RAFT-Stereo,dataset_7_keyframe_4,oracle,0.2103587993740503,0.01888966564457923,0.0014762752773825334,0.01625807009200299,0.27328499367009906,0.27780237223139903,0.0,0.03574228753045456,0.0,3033987,2681273,3028413,1394786,0.3901732253086419,300,0.0,-0.0037890970706939697,-0.01050303354859352
cache,0.5,RAFT-Stereo,dataset_7_keyframe_4,raw,0.2220683215626844,0.017850981045417227,0.0021328367621336695,0.018579020039728684,0.2394536814660232,0.0,0.0,0.0,0.0,1680860,1527643,1677275,1403419,0.2161599794238683,300,0.0,0.0,0.0
cache,0.5,RAFT-Stereo,dataset_7_keyframe_4,memory,0.21836464641260675,0.017351831800387896,0.0019900527111121687,0.018231707139932996,0.23599819293647245,0.5293481526770325,0.372897332688331,0.0696493885996662,0.0002742543709290367,1680860,1527643,1677275,1403419,0.2161599794238683,300,0.46,0.09675121307373047,0.052431249618530275
cache,0.5,RAFT-Stereo,dataset_7_keyframe_4,blend_0.1,0.22031867499521493,0.01764572897207382,0.002099520483561986,0.018428593070802118,0.23770209391477162,0.002265581683678713,0.012370036716693626,0.006964934831604984,1.2520308238064718e-05,1680860,1527643,1677275,1403419,0.2161599794238683,300,0.31,0.009423702955245972,0.004146144539117814
cache,0.5,RAFT-Stereo,dataset_7_keyframe_4,blend_0.25,0.21825441135757995,0.017351831800387896,0.002071558606903609,0.018250224355912035,0.2356469500861683,0.03486940338809526,0.1267828936472723,0.017412347054329123,4.11381556393555e-05,1680860,1527643,1677275,1403419,0.2161599794238683,300,0.3333333333333333,0.023729145526885986,0.010761679708957677
cache,0.5,RAFT-Stereo,dataset_7_keyframe_4,blend_0.5,0.2163274611967154,0.017090655973727734,0.0020394321954237712,0.01807981993295703,0.23376071519780364,0.22553109594322757,0.25962479453641985,0.034824694108050426,0.00013831959577290546,1680860,1527643,1677275,1403419,0.2161599794238683,300,0.37,0.047757744789123535,0.023492127656936646
cache,0.5,RAFT-Stereo,dataset_7_keyframe_4,heuristic_gate,0.2169291000379959,0.017144199992860796,0.002078697809454684,0.018134531325360904,0.23435176952528164,0.14942300000720063,0.22248064501981157,0.028438657881135934,0.0001108941586800018,1680860,1527643,1677275,1403419,0.2161599794238683,300,0.36,0.03710785508155823,0.01715198904275895
cache,0.5,RAFT-Stereo,dataset_7_keyframe_4,learned_refiner,0.20216474583636634,0.015081565389146033,0.0016194091120021895,0.016797596415318066,0.2164192931832345,0.4261493032076212,0.3028698458998601,0.059117826135715916,0.00012102964630129228,1680860,1527643,1677275,1403419,0.2161599794238683,300,0.2,0.05147303640842438,0.018451958149671568
cache,0.5,RAFT-Stereo,dataset_7_keyframe_4,oracle,0.18555944720160922,0.014298037909165546,0.0017163832799876255,0.015483891293237604,0.2016790832783238,0.26704930405860533,0.0,0.03392747269865196,0.0,1680860,1527643,1677275,1403419,0.2161599794238683,300,0.0,-0.0037688612937927246,-0.010160864144563672
cache,0.9,RAFT-Stereo,dataset_7_keyframe_4,raw,0.3455537629330069,0.01750397817685838,0.0,0.03587592629839705,0.3455537629330069,0.0,0.0,0.0,0.0,4399,3477,4399,4399,0.0005657150205761317,300,0.0,0.0,0.0
cache,0.9,RAFT-Stereo,dataset_7_keyframe_4,memory,0.3392229124321047,0.016822005001136623,0.0,0.035205349030054026,0.3392229124321047,0.5266033937302272,0.4069600230083405,0.07313779930147266,0.0,4399,3477,4399,4399,0.0005657150205761317,300,0.49411764705882355,0.37142181396484375,0.14087283909320827
cache,0.9,RAFT-Stereo,dataset_7_keyframe_4,blend_0.1,0.3440967454700124,0.01773130256876563,0.0,0.03571902692601022,0.3440967454700124,0.001725625539257981,0.025309174575783723,0.0073137775939124,0.0,4399,3477,4399,4399,0.0005657150205761317,300,0.45098039215686275,0.03714179992675781,0.011017097532749157
cache,0.9,RAFT-Stereo,dataset_7_keyframe_4,blend_0.25,0.3423510810669836,0.01659468060922937,0.0,0.03553437712460152,0.3423510810669836,0.050618349151567446,0.15099223468507333,0.018284442471348333,0.0,4399,3477,4399,4399,0.0005657150205761317,300,0.4627450980392157,0.09285545349121094,0.0299411281943321
cache,0.9,RAFT-Stereo,dataset_7_keyframe_4,blend_0.5,0.34043858153226836,0.015458058649693112,0.0,0.03533487646506219,0.34043858153226836,0.24187517975266035,0.29709519700891573,0.03656888633499311,0.0,4399,3477,4399,4399,0.0005657150205761317,300,0.4745098039215686,0.18571090698242188,0.060308581590652395
cache,0.9,RAFT-Stereo,dataset_7_keyframe_4,heuristic_gate,0.34092034526028725,0.01523073425778586,0.0,0.035380997256149106,0.34092034526028725,0.16939890710382513,0.26028185217141214,0.029652862768349185,0.0,4399,3477,4399,4399,0.0005657150205761317,300,0.47058823529411764,0.11555099487304688,0.0479276180267334
cache,0.9,RAFT-Stereo,dataset_7_keyframe_4,learned_refiner,0.27135400338744975,0.015685383041600363,0.0,0.028288757367408175,0.27135400338744975,0.6882369859073915,0.16594765602530917,0.10550327655284213,0.0,4399,3477,4399,4399,0.0005657150205761317,300,0.19607843137254902,0.3948467969894409,0.08928179740905755
cache,0.9,RAFT-Stereo,dataset_7_keyframe_4,oracle,0.30487167786626446,0.012275517162991589,0.0,0.031563282893093805,0.30487167786626446,0.2539545585274662,0.0,0.03331186425675477,0.0,4399,3477,4399,4399,0.0005657150205761317,300,0.0,0.0,0.0
cache,0.05,StereoAnywhere,dataset_7_keyframe_4,raw,0.2535119211170107,0.027159598895808854,0.0007006504351336191,0.019499586995069172,0.34210036891568774,0.0,0.0,0.0,0.0,3299791,2890278,3297479,1359126,0.4243558384773663,300,0.0,0.0,0.0
cache,0.05,StereoAnywhere,dataset_7_keyframe_4,memory,0.24991705462532376,0.025768298658915063,0.0006430710308622577,0.01919854739516616,0.3387310266408422,0.5385973252399943,0.3825147615558088,0.06875539098167874,0.00011736238502201227,3299791,2890278,3297479,1359126,0.4243558384773663,300,0.4666666666666667,0.09333822131156921,0.048141009360551844
cache,0.05,StereoAnywhere,dataset_7_keyframe_4,blend_0.1,0.2520478327666029,0.026902006824068556,0.0006818613663713853,0.01938434480823493,0.3407715541128414,0.0005975203769325995,0.01125220480521251,0.0068755214363650785,2.122833837607457e-06,3299791,2890278,3297479,1359126,0.4243558384773663,300,0.3433333333333333,0.009024232625961304,0.003552818298339847
cache,0.05,StereoAnywhere,dataset_7_keyframe_4,blend_0.25,0.2502998184760988,0.02655440905196723,0.00065519301070886,0.0192459523038472,0.33919223689430283,0.031148560795881918,0.13805834594457697,0.01718884773240514,6.9750254664245015e-06,3299791,2890278,3297479,1359126,0.4243558384773663,300,0.35333333333333333,0.022677510976791382,0.009468025714159015
cache,0.05,StereoAnywhere,dataset_7_keyframe_4,blend_0.5,0.24860854159561388,0.026138322093732604,0.0006336764964811408,0.019109356303457562,0.3376771234074353,0.2326572046010799,0.27073485664700764,0.03437769523904363,4.124362884494488e-05,3299791,2890278,3297479,1359126,0.4243558384773663,300,0.37666666666666665,0.045785993337631226,0.020805227756500247
cache,0.05,StereoAnywhere,dataset_7_keyframe_4,heuristic_gate,0.24905288624587757,0.026250450407313674,0.0006367069914427914,0.019147233927645113,0.3381087404337616,0.1499918000967381,0.23226900664918737,0.027773084702730665,2.18348623296767e-05,3299791,2890278,3297479,1359126,0.4243558384773663,300,0.37333333333333335,0.036365360021591187,0.015844230353832253
cache,0.05,StereoAnywhere,dataset_7_keyframe_4,learned_refiner,0.23622435260940286,0.025665564879715108,0.000493970678749048,0.017972949594248853,0.3181929050540197,0.4471185816727664,0.3083284722092477,0.060521160032865555,0.00011129714548599096,3299791,2890278,3297479,1359126,0.4243558384773663,300,0.17,0.06316781044006348,0.015844154357910162
cache,0.05,StereoAnywhere,dataset_7_keyframe_4,oracle,0.21847738502731534,0.023142677824140985,0.0005257908758463794,0.01677134936933093,0.30350260387145234,0.26867380923219153,0.0,0.03359423623112855,0.0,3299791,2890278,3297479,1359126,0.4243558384773663,300,0.0,-0.0034143030643463135,-0.008454246819019316
cache,0.25,StereoAnywhere,dataset_7_keyframe_4,raw,0.24059672402838447,0.021852433777732074,0.0006209650865346489,0.018548237620672526,0.308718937513425,0.0,0.0,0.0,0.0,3033987,2696523,3032103,1394786,0.3901732253086419,300,0.0,0.0,0.0
cache,0.25,StereoAnywhere,dataset_7_keyframe_4,memory,0.23716383520553216,0.020658625102876183,0.0005622964106306323,0.01825673159240564,0.30606627357162686,0.5403035687068124,0.3817297312131215,0.06866470437891076,0.00011543143488199444,3033987,2696523,3032103,1394786,0.3901732253086419,300,0.4666666666666667,0.09849405288696289,0.05076229423284531
cache,0.25,StereoAnywhere,dataset_7_keyframe_4,blend_0.1,0.23912929849898507,0.02160820069433389,0.0006028371248789135,0.01843250744851667,0.3073912959186079,0.0005317959461128276,0.010832839178453142,0.006866453666807907,1.9788245979770476e-06,3033987,2696523,3032103,1394786,0.3901732253086419,300,0.3466666666666667,0.009639143943786621,0.00407950356602669
cache,0.25,StereoAnywhere,dataset_7_keyframe_4,blend_0.25,0.2373831390681532,0.021308265328757178,0.0005761395813495575,0.018293886842240665,0.30583962188454344,0.030340182523939163,0.13758310238777863,0.017166176175196002,6.266277893593984e-06,3033987,2696523,3032103,1394786,0.3901732253086419,300,0.3566666666666667,0.024156272411346436,0.010625314712524418
cache,0.25,StereoAnywhere,dataset_7_keyframe_4,blend_0.5,0.23571646648623198,0.02095658287263591,0.0005560340238768326,0.018158546732543746,0.3044533166436663,0.2322794947419325,0.2701679162388009,0.034332352031915904,4.1555316557518e-05,3033987,2696523,3032103,1394786,0.3901732253086419,300,0.38,0.04859831929206848,0.02246445119380951
cache,0.25,StereoAnywhere,dataset_7_keyframe_4,heuristic_gate,0.23614501717298625,0.02105513306418254,0.0005596596162079798,0.018195512175061063,0.3048732630691604,0.1489466249685243,0.23166129122577483,0.027712568942318785,2.2096874677410365e-05,3033987,2696523,3032103,1394786,0.3901732253086419,300,0.38666666666666666,0.038498908281326294,0.016985470056533832
cache,0.25,StereoAnywhere,dataset_7_keyframe_4,learned_refiner,0.22208808838290064,0.020007996079086692,0.00038925677664406605,0.016952002278234426,0.28426085472538076,0.4436383446386328,0.302063435023547,0.060028802040481485,9.861142579918954e-05,3033987,2696523,3032103,1394786,0.3901732253086419,300,0.17,0.06699362397193909,0.01675683110952379
cache,0.25,StereoAnywhere,dataset_7_keyframe_4,oracle,0.20589802565756574,0.018462834547412366,0.0004469366546395881,0.015843466147270283,0.2715768428159418,0.27036483649499743,0.0,0.033669378405712144,0.0,3033987,2696523,3032103,1394786,0.3901732253086419,300,0.0,-0.0020197629928588867,-0.007994180917739862
cache,0.5,StereoAnywhere,dataset_7_keyframe_4,raw,0.20927327387445352,0.01427840510215009,0.000710350653831967,0.017507517023120464,0.22554400996014498,0.0,0.0,0.0,0.0,1680860,1540114,1679666,1403419,0.2161599794238683,300,0.0,0.0,0.0
cache,0.5,StereoAnywhere,dataset_7_keyframe_4,memory,0.20624032945063,0.013885748961840963,0.000612781552300608,0.01721651728944937,0.22272709329933554,0.5111452788559808,0.3684116890048399,0.06361951924996237,9.228025095465407e-05,1680860,1540114,1679666,1403419,0.2161599794238683,300,0.47333333333333333,0.09049275517463684,0.0531708374619484
cache,0.5,StereoAnywhere,dataset_7_keyframe_4,blend_0.1,0.20790021097366415,0.014158823459419583,0.0006853634449032043,0.017390572960121888,0.2241762440356118,0.0004402271520160196,0.007487108097192805,0.0063619474844369295,0.0,1680860,1540114,1679666,1403419,0.2161599794238683,300,0.35,0.0086497962474823,0.004201465100049974
cache,0.5,StereoAnywhere,dataset_7_keyframe_4,blend_0.25,0.20626745793178594,0.01400533060457147,0.0006597813024285188,0.017250246666244275,0.2225567286063058,0.023023620329404186,0.11782114830460602,0.015904879691270395,4.762851662175694e-06,1680860,1540114,1679666,1403419,0.2161599794238683,300,0.36666666666666664,0.02170446515083313,0.010816229134798057
cache,0.5,StereoAnywhere,dataset_7_keyframe_4,blend_0.5,0.2047153012979188,0.013841128945896744,0.0006389586283212165,0.017112485692045758,0.2210473191307035,0.19555695227755868,0.2540344416062707,0.031809759261872086,3.750745683963359e-05,1680860,1540114,1679666,1403419,0.2161599794238683,300,0.38666666666666666,0.04380807280540466,0.023782498389482497
cache,0.5,StereoAnywhere,dataset_7_keyframe_4,heuristic_gate,0.2051619151504253,0.013895862832121651,0.0006490724986019062,0.01715378220429822,0.22147956678457323,0.12215913886894086,0.21658072064795203,0.025973850700854062,2.2028188937562586e-05,1680860,1540114,1679666,1403419,0.2161599794238683,300,0.37666666666666665,0.034647852182388306,0.018234775960445405
cache,0.5,StereoAnywhere,dataset_7_keyframe_4,learned_refiner,0.18786056889323355,0.011486381971133825,0.0002421379531906286,0.015612038144335897,0.20104810012732935,0.4328906821183367,0.2959592601586636,0.058791179589785386,4.643780370621302e-05,1680860,1540114,1679666,1403419,0.2161599794238683,300,0.17333333333333334,0.06242871284484863,0.02175568342208863
cache,0.5,StereoAnywhere,dataset_7_keyframe_4,oracle,0.1775854078252921,0.012068821912592363,0.0005205668526825554,0.01484260769165789,0.1928994776393278,0.25964441593284654,0.0,0.03199601494433049,0.0,1680860,1540114,1679666,1403419,0.2161599794238683,300,0.0,-0.0019857287406921387,-0.007874780148267745
cache,0.9,StereoAnywhere,dataset_7_keyframe_4,raw,0.35448143918301794,0.014094112298249603,0.0,0.036778335874235124,0.35448143918301794,0.0,0.0,0.0,0.0,4399,3359,4399,4399,0.0005657150205761317,300,0.0,0.0,0.0
cache,0.9,StereoAnywhere,dataset_7_keyframe_4,memory,0.34870790670875473,0.015912707433507617,0.0,0.036167260961877876,0.34870790670875473,0.46680559690384044,0.3920809764810956,0.06386339686113379,0.0,4399,3359,4399,4399,0.0005657150205761317,300,0.5254901960784314,0.29812049865722656,0.10678119659423814
cache,0.9,StereoAnywhere,dataset_7_keyframe_4,blend_0.1,0.3533869427909334,0.014321436690156853,0.0,0.03666300965172371,0.3533869427909334,0.0020839535576064306,0.017862459065197976,0.006386340800782288,0.0,4399,3359,4399,4399,0.0005657150205761317,300,0.49411764705882355,0.029811859130859375,0.01016725301742553
cache,0.9,StereoAnywhere,dataset_7_keyframe_4,blend_0.25,0.3519996607214192,0.014548761082064106,0.0,0.03651563341892467,0.3519996607214192,0.03602262578148258,0.12176242929443287,0.0159658450011805,0.0,4399,3359,4399,4399,0.0005657150205761317,300,0.4980392156862745,0.07452964782714844,0.02541809678077696
cache,0.9,StereoAnywhere,dataset_7_keyframe_4,blend_0.5,0.35035471121413675,0.014776085473971357,0.0,0.03634193444878175,0.35035471121413675,0.19231914260196487,0.2747841619529622,0.031931691980069815,0.0,4399,3359,4399,4399,0.0005657150205761317,300,0.5058823529411764,0.14906024932861328,0.05083615183830258
cache,0.9,StereoAnywhere,dataset_7_keyframe_4,heuristic_gate,0.3509221271317258,0.014321436690156853,0.0,0.03639914462349527,0.3509221271317258,0.12950282822268533,0.22863947603453408,0.025793911316095184,0.0,4399,3359,4399,4399,0.0005657150205761317,300,0.4980392156862745,0.10186310112476349,0.03978643417358394
cache,0.9,StereoAnywhere,dataset_7_keyframe_4,learned_refiner,0.2775641716161379,0.012502841554898841,0.0,0.02894310737487075,0.2775641716161379,0.6781780291753499,0.17475439118785352,0.10399655619623424,0.0,4399,3359,4399,4399,0.0005657150205761317,300,0.18823529411764706,0.21836650371551514,0.08916486203670497
cache,0.9,StereoAnywhere,dataset_7_keyframe_4,oracle,0.317779803145986,0.011593543987269835,0.0,0.032943073496362545,0.317779803145986,0.22715093777910092,0.0,0.029392346914669226,0.0,4399,3359,4399,4399,0.0005657150205761317,300,0.0,0.0,0.0
