sequence,model_name,avg_runtime_ms,median_runtime_ms,peak_gpu_memory_mb,mean_consecutive_disp_diff,mean_consecutive_depth_diff,per_pixel_temporal_std,temporal_error_variation,frames
consecutive32,S2M2-L@full,486.4605023358308,485.15656107338145,2897.78564453125,8.62762366571734,,27.41498565673828,,32
consecutive32,S2M2-L@736,182.75157634707284,182.2073234943673,1671.11669921875,1.6737005326055712,,9.411334037780762,,32
consecutive32,S2M2-S@512,61.3337400391174,60.91255653882399,368.97509765625,1.2216604390451986,,8.38139533996582,,32
consecutive32,StereoAnyVideo@384x640,144.79540959291626,144.79540959291626,10133.61572265625,1.0213556866491995,,7.571755409240723,,32
