backbone,sequence,coverage_threshold,method,frames,valid_count,clean_count,changed_count,epe,raw_epe,bad1,bad3,bad5,boundary_epe,non_boundary_epe,p95_pixel_error,intervention_coverage,intervention_precision,false_update_rate,clean_pixel_degradation,new_bad3
S2M2-S,dataset_7_keyframe_1,0.05,raw,646,11549092,10271516,0,0.26442802919621516,0.26442802919621516,0.027683301888112632,0.003946717206880867,0.0009971346682354964,0.4917458392715072,0.2229998421235015,0.7349574559024792,0.0,0.0,0.0,0.0,0.0
S2M2-S,dataset_7_keyframe_1,0.05,aligned_memory,646,11549092,10271516,4821835,0.25842892048279154,0.26442802919621516,0.025322769966799774,0.003616994325350403,0.0008455210190596484,0.4821622195268491,0.21765989465014843,0.711470076633504,0.41750771402634945,0.5252960750419705,0.38688991965742936,0.19023998015482818,9.706436996837518e-05
S2M2-S,dataset_7_keyframe_1,0.05,fixed_blend_50,646,11549092,10271516,4821835,0.25960677760061734,0.26442802919621516,0.026010962671458172,0.003763845684680222,0.0009073440591970273,0.48446323411366427,0.21863274426959142,0.7162995777443903,0.41750771402634945,0.5539853603451798,0.38688991965742936,0.1769405801441579,4.48718591835239e-05
S2M2-S,dataset_7_keyframe_1,0.05,oracle_raw_memory,646,11549092,10271516,2588340,0.23223837848781098,0.26442802919621516,0.022846384868227557,0.003520709683923505,0.0008229218388187911,0.4468829752957527,0.19314582324191343,0.6673844703410011,0.22411632014014607,0.9785773893692482,0.19127799635418957,0.0,0.0
S2M2-S,dataset_7_keyframe_1,0.05,learned_no_abstention,646,11549092,10271516,355663,0.2605589999569492,0.26442802919621516,0.02589458984015409,0.003839695803381141,0.0009071708878936235,0.4865533332707973,0.21936722442159098,0.7200523520385447,0.03079575433289474,0.733196874569466,0.0186240278455488,0.007545332159342399,7.055594988158212e-06
S2M2-S,dataset_7_keyframe_1,0.05,learned_calibrated,646,11549092,10271516,355659,0.2605607966746687,0.26442802919621516,0.025894936186739454,0.003840042151075612,0.0009075172354771842,0.48656166682691265,0.21936775829774902,0.7200545548916981,0.030795407985320405,0.7331938739073101,0.0186240278455488,0.007545332159342399,7.055594988158212e-06
S2M2-S,dataset_7_keyframe_1,0.05,unwarped_previous_control,646,11549092,10271516,4821835,0.26484341206984585,0.26442802919621516,0.02888807189719915,0.0038468825117520646,0.0009599023029703243,0.499338401084304,0.22218774675696748,0.7327072680831372,0.41750771402634945,0.47101425079871045,0.38688991965742936,0.17976022234692524,0.0005817541267303083
S2M2-S,dataset_7_keyframe_1,0.05,identity_no_flow_control,646,11549092,10271516,4821835,0.26484341206984585,0.26442802919621516,0.02888807189719915,0.0038468825117520646,0.0009599023029703243,0.499338401084304,0.22218774675696748,0.7327072680831372,0.41750771402634945,0.47101425079871045,0.38688991965742936,0.17976022234692524,0.0005817541267303083
S2M2-S,dataset_7_keyframe_1,0.05,shuffled_memory_control,646,11549092,10271516,4821835,0.2879511745766962,0.26442802919621516,0.03600785234207177,0.006989553749278251,0.002249700643081626,0.517453369450873,0.24615301656227606,0.8062675738483881,0.41750771402634945,0.4535088819920217,0.38688991965742936,0.17309450717888186,0.003964714815418346
S2M2-S,dataset_7_keyframe_1,0.25,raw,646,9052014,8408105,0,0.22351962445831378,0.22351962445831378,0.01689171051552929,0.0029840873066404846,0.0007364107062558832,0.48176111934322163,0.20043730356074038,0.6069293438809363,0.0,0.0,0.0,0.0,0.0
S2M2-S,dataset_7_keyframe_1,0.25,aligned_memory,646,9052014,8408105,3425052,0.21999555049427447,0.22351962445831378,0.01575207467624609,0.0027687761087328328,0.0006049482505272641,0.47378243476596765,0.19725479976314744,0.5901009615075743,0.37837458050771905,0.5131957120651015,0.35763670886602866,0.17552528185601868,6.0280434477764596e-05
S2M2-S,dataset_7_keyframe_1,0.25,fixed_blend_50,646,9052014,8408105,3425052,0.22013275118763959,0.22351962445831378,0.01607564904504657,0.002872288973070361,0.0006586379584085906,0.47534427135278734,0.19729675401197,0.5925833229512997,0.37837458050771905,0.5435412367461866,0.35763670886602866,0.16325866529973163,2.7754700865065493e-05
S2M2-S,dataset_7_keyframe_1,0.25,oracle_raw_memory,646,9052014,8408105,1801492,0.1961203756099528,0.22351962445831378,0.014465289150894768,0.002709010390504764,0.000588929712941038,0.44010206678726604,0.1742948989096128,0.5504874719369901,0.1990156002851962,0.975703472455054,0.17694831356173596,0.0,0.0
S2M2-S,dataset_7_keyframe_1,0.25,learned_no_abstention,646,9052014,8408105,164429,0.22135630293532815,0.22351962445831378,0.01612094275817886,0.002905099356757433,0.0006544399956756859,0.47617980537781324,0.19855693236118926,0.5972804280423807,0.01816490783156102,0.7259303407549763,0.012035054272038706,0.004765520887286731,3.2307741516182417e-06
S2M2-S,dataset_7_keyframe_1,0.25,learned_calibrated,646,9052014,8408105,164428,0.22135687376745009,0.22351962445831378,0.016121053230853083,0.0029052098294316594,0.0006545504682957302,0.47617980537781324,0.19855755803780287,0.5972808049352809,0.018164797358908195,0.7259286739484759,0.012035054272038706,0.004765520887286731,3.2307741516182417e-06
S2M2-S,dataset_7_keyframe_1,0.25,unwarped_previous_control,646,9052014,8408105,3425052,0.22221055484816432,0.22351962445831378,0.016744008600724714,0.002750769049115657,0.0006707899495788886,0.484323248043711,0.19885004059751415,0.5900582393888439,0.37837458050771905,0.47283077745972907,0.35763670886602866,0.16476138202365456,0.00032123156370227404
S2M2-S,dataset_7_keyframe_1,0.25,identity_no_flow_control,646,9052014,8408105,3425052,0.22221055484816432,0.22351962445831378,0.016744008600724714,0.002750769049115657,0.0006707899495788886,0.484323248043711,0.19885004059751415,0.5900582393888439,0.37837458050771905,0.47283077745972907,0.35763670886602866,0.16476138202365456,0.00032123156370227404
S2M2-S,dataset_7_keyframe_1,0.25,shuffled_memory_control,646,9052014,8408105,3425052,0.24440415827114154,0.22351962445831378,0.02376443510373219,0.00547878078711733,0.0017561837576744118,0.4992366907198979,0.221648612659837,0.6638610922227968,0.37837458050771905,0.4435722435746961,0.35763670886602866,0.15693369671287408,0.003230275151653873
S2M2-S,dataset_7_keyframe_1,0.5,raw,646,2987068,2883639,0,0.17226727975435002,0.17226727975435002,0.011814930240532904,0.002918246266670552,0.0008687448680057032,0.5519250613348448,0.1508964337560544,0.4900689151296459,0.0,0.0,0.0,0.0,0.0
S2M2-S,dataset_7_keyframe_1,0.5,aligned_memory,646,2987068,2883639,894676,0.1709825005805354,0.17226727975435002,0.011498901285074498,0.0027779749288769336,0.0006812700611806694,0.545610633282634,0.14989435684894925,0.48513700977336227,0.29951644890574974,0.4954754570369609,0.288503172553846,0.14147367267539385,6.631704314958026e-05
S2M2-S,dataset_7_keyframe_1,0.5,fixed_blend_50,646,2987068,2883639,894676,0.17025365838918197,0.17226727975435002,0.011596655995873121,0.0028489475322256434,0.000762955512962989,0.5464577265012553,0.14906712766285715,0.48278809861899247,0.29951644890574974,0.5301315783590931,0.288503172553846,0.13073515790291365,2.912796816469882e-05
S2M2-S,dataset_7_keyframe_1,0.5,oracle_raw_memory,646,2987068,2883639,457610,0.1510974527732705,0.17226727975435002,0.010991714967423825,0.002712358750478636,0.0006641964626409511,0.511065386772852,0.13073030353748377,0.4496279973906357,0.15319704807523632,0.9687069775573086,0.1421453933727488,0.0,0.0
S2M2-S,dataset_7_keyframe_1,0.5,learned_no_abstention,646,2987068,2883639,17507,0.17163702071116796,0.17226727975435002,0.0117081365238534,0.002850286635772938,0.0007207736799547784,0.5436830112974572,0.1506794426499148,0.48787773171066473,0.005860931187371697,0.6624778659964585,0.0040258159915301465,0.001877142041704943,6.883254264442002e-07
S2M2-S,dataset_7_keyframe_1,0.5,learned_calibrated,646,2987068,2883639,17507,0.17163702071116796,0.17226727975435002,0.0117081365238534,0.002850286635772938,0.0007207736799547784,0.5436830112974572,0.1506794426499148,0.48787773171066473,0.005860931187371697,0.6624778659964585,0.0040258159915301465,0.001877142041704943,6.883254264442002e-07
S2M2-S,dataset_7_keyframe_1,0.5,unwarped_previous_control,646,2987068,2883639,894676,0.17235523851062068,0.17226727975435002,0.011239114744711658,0.0027746271607017683,0.0008135067563895358,0.5475814520626059,0.1512555047458236,0.48496973398460175,0.29951644890574974,0.4785576007403798,0.288503172553846,0.1371499691882375,0.00019749994076468215
S2M2-S,dataset_7_keyframe_1,0.5,identity_no_flow_control,646,2987068,2883639,894676,0.17235523851062068,0.17226727975435002,0.011239114744711658,0.0027746271607017683,0.0008135067563895358,0.5475814520626059,0.1512555047458236,0.48496973398460175,0.29951644890574974,0.4785576007403798,0.288503172553846,0.1371499691882375,0.00019749994076468215
S2M2-S,dataset_7_keyframe_1,0.5,shuffled_memory_control,646,2987068,2883639,894676,0.1844763432350757,0.17226727975435002,0.015603929890076133,0.0035727341952624557,0.0010110248589959563,0.5590881186437248,0.16349172267109413,0.5338018080921704,0.29951644890574974,0.4156487935297247,0.288503172553846,0.12311908668179339,0.0011277369778800042
S2M2-S,dataset_7_keyframe_1,0.9,raw,22,39,23,0,0.9044608097427931,0.9044608097427931,0.38461538461538464,0.02564102564102564,0.0,2.0767582058906555,0.1940486916899681,1.0133212082661116,0.0,0.0,0.0,0.0,0.0
S2M2-S,dataset_7_keyframe_1,0.9,aligned_memory,22,39,23,11,0.9046939584689263,0.9044608097427931,0.38461538461538464,0.0,0.0,2.0783969163894653,0.18995973646640776,1.0211459814738004,0.28205128205128205,0.5454545454545454,0.17391304347826086,0.08695652173913043,0.0
S2M2-S,dataset_7_keyframe_1,0.9,fixed_blend_50,22,39,23,11,0.9036160982572116,0.9044608097427931,0.38461538461538464,0.0,0.0,2.077577590942383,0.1905045700073242,1.016738378848785,0.28205128205128205,0.5454545454545454,0.17391304347826086,0.08695652173913043,0.0
S2M2-S,dataset_7_keyframe_1,0.9,oracle_raw_memory,22,39,23,6,0.8830448790238454,0.9044608097427931,0.38461538461538464,0.0,0.0,2.0479788780212402,0.17565471708774566,0.9948855386330531,0.15384615384615385,1.0,0.08695652173913043,0.0,0.0
S2M2-S,dataset_7_keyframe_1,0.9,learned_no_abstention,22,39,23,0,0.9044608097427931,0.9044608097427931,0.38461538461538464,0.02564102564102564,0.0,2.0767582058906555,0.1940486916899681,1.0133212082661116,0.0,0.0,0.0,0.0,0.0
S2M2-S,dataset_7_keyframe_1,0.9,learned_calibrated,22,39,23,0,0.9044608097427931,0.9044608097427931,0.38461538461538464,0.02564102564102564,0.0,2.0767582058906555,0.1940486916899681,1.0133212082661116,0.0,0.0,0.0,0.0,0.0
S2M2-S,dataset_7_keyframe_1,0.9,unwarped_previous_control,22,39,23,11,0.9205339145966065,0.9044608097427931,0.38461538461538464,0.0,0.0,2.1109378933906555,0.19912273526191712,1.0385027806728313,0.28205128205128205,0.36363636363636365,0.17391304347826086,0.08695652173913043,0.0
S2M2-S,dataset_7_keyframe_1,0.9,identity_no_flow_control,22,39,23,11,0.9205339145966065,0.9044608097427931,0.38461538461538464,0.0,0.0,2.1109378933906555,0.19912273526191712,1.0385027806728313,0.28205128205128205,0.36363636363636365,0.17391304347826086,0.08695652173913043,0.0
S2M2-S,dataset_7_keyframe_1,0.9,shuffled_memory_control,22,39,23,11,0.9251611049358661,0.9044608097427931,0.38461538461538464,0.0,0.0,2.0959278345108032,0.2133701515197754,1.0608249455690384,0.28205128205128205,0.45454545454545453,0.17391304347826086,0.043478260869565216,0.0
RAFT-Stereo,dataset_7_keyframe_1,0.05,raw,646,11549092,10446976,0,0.23817593560425782,0.23817593560425782,0.03008695408939396,0.004172622401656614,0.0011028572658306657,0.4763159969831829,0.194685131845553,0.7282085871389914,0.0,0.0,0.0,0.0,0.0
RAFT-Stereo,dataset_7_keyframe_1,0.05,aligned_memory,646,11549092,10446976,5255867,0.23031282650438534,0.23817593560425782,0.02721807051637696,0.00382004057706106,0.0009302029989858502,0.46576015560107376,0.18733820745507268,0.7020126081083767,0.455089196622557,0.5338091698286885,0.42564365037308405,0.20030360938897535,0.00024081031992941265
RAFT-Stereo,dataset_7_keyframe_1,0.05,fixed_blend_50,646,11549092,10446976,5255867,0.23058206209593185,0.23817593560425782,0.027852319468863736,0.003892427221802543,0.0009538412221932132,0.4657806611499732,0.1876522414191484,0.7058382900010575,0.455089196622557,0.5790249258590447,0.42564365037308405,0.17788094851562788,7.344603625253728e-05
RAFT-Stereo,dataset_7_keyframe_1,0.05,oracle_raw_memory,646,11549092,10446976,2894515,0.20039248839796875,0.23817593560425782,0.023769227954267436,0.0035806278071882198,0.0008492442517512583,0.41930308976138336,0.1604498672600152,0.6417120209218378,0.2506270622833379,0.9692919193716392,0.21690937166889251,0.0,0.0
RAFT-Stereo,dataset_7_keyframe_1,0.05,learned_no_abstention,646,11549092,10446976,492466,0.23298924247912564,0.23817593560425782,0.02750043029574108,0.003959618648612441,0.000985532022164479,0.46917728540980674,0.18986271721083792,0.7067017720463457,0.04264110113591614,0.7234123777072935,0.02533900719212909,0.011219514623178994,1.6165098789276112e-05
RAFT-Stereo,dataset_7_keyframe_1,0.05,learned_calibrated,646,11549092,10446976,492257,0.23306363666507698,0.23817593560425782,0.02751185977249518,0.003977022613532148,0.0009961822097289297,0.46937741865216204,0.18991217531284763,0.7067625701142001,0.04262300447515701,0.7233030713631294,0.025338815749169904,0.011219323180219808,1.5991850082008e-05
RAFT-Stereo,dataset_7_keyframe_1,0.05,unwarped_previous_control,646,11549092,10446976,5255867,0.23966336997891666,0.23817593560425782,0.030687780506702716,0.00405140075324776,0.0010608626244172892,0.4848786335158903,0.19497212681115617,0.7289668985611872,0.455089196622557,0.4744849898218505,0.42564365037308405,0.19561957450653664,0.000717422336472928
RAFT-Stereo,dataset_7_keyframe_1,0.05,identity_no_flow_control,646,11549092,10446976,5255867,0.23966336997891666,0.23817593560425782,0.030687780506702716,0.00405140075324776,0.0010608626244172892,0.4848786335158903,0.19497212681115617,0.7289668985611872,0.455089196622557,0.4744849898218505,0.42564365037308405,0.19561957450653664,0.000717422336472928
RAFT-Stereo,dataset_7_keyframe_1,0.05,shuffled_memory_control,646,11549092,10446976,5255867,0.2683739465708313,0.23817593560425782,0.03849947690688838,0.008157004851378406,0.0030379877365402114,0.5102519026745855,0.2242751413193904,0.8124823648458933,0.455089196622557,0.46248811090539393,0.42564365037308405,0.1855532165480231,0.005102906402572588
RAFT-Stereo,dataset_7_keyframe_1,0.25,raw,646,9052014,8503247,0,0.19608547232443652,0.19608547232443652,0.018917889471724125,0.0032090096288442003,0.0008180499959527425,0.46748958235796806,0.1718698822198711,0.5827567916844854,0.0,0.0,0.0,0.0,0.0
RAFT-Stereo,dataset_7_keyframe_1,0.25,aligned_memory,646,9052014,8503247,3787049,0.19076687214982244,0.19608547232443652,0.017634418144648244,0.0029513873939520556,0.0006699061663036635,0.4595832668379293,0.16673860266585352,0.562099657642135,0.4183653494128489,0.5230951593179808,0.3988458761694209,0.185583930467973,0.00015938528943175892
RAFT-Stereo,dataset_7_keyframe_1,0.25,fixed_blend_50,646,9052014,8503247,3787049,0.18995630179347217,0.19608547232443652,0.01777482892747988,0.0030130311321708955,0.0006899017173356884,0.45818594991747047,0.16601409091926353,0.5631002015480713,0.4183653494128489,0.5734230003361457,0.3988458761694209,0.16346626177035667,4.6533728580753796e-05
RAFT-Stereo,dataset_7_keyframe_1,0.25,oracle_raw_memory,646,9052014,8503247,2055020,0.1639866217206332,0.19608547232443652,0.015576754513389478,0.002792859130596853,0.0006061634487303963,0.41492520496179547,0.1416051333249424,0.5114207138973765,0.22702351101091978,0.9639745598582982,0.2046059581710375,0.0,0.0
RAFT-Stereo,dataset_7_keyframe_1,0.25,learned_no_abstention,646,9052014,8503247,245285,0.19292001304376222,0.19608547232443652,0.017751298237350818,0.003046062458159447,0.000715641848608348,0.45889451536768866,0.16916111724352537,0.5671296917164318,0.027097284648477122,0.7250178363943983,0.017411701671138095,0.007158912354304185,1.4714045664282368e-05
RAFT-Stereo,dataset_7_keyframe_1,0.25,learned_calibrated,646,9052014,8503247,245116,0.19299656494197262,0.19608547232443652,0.017762897863887184,0.0030640695005629513,0.0007272414772937836,0.4591688848909656,0.16921694607929688,0.5671584637555723,0.027078614770149494,0.7248445633903947,0.01741146646686848,0.007158677150034569,1.4493089217206063e-05
RAFT-Stereo,dataset_7_keyframe_1,0.25,unwarped_previous_control,646,9052014,8503247,3787049,0.19521333305501276,0.19608547232443652,0.018373148750696643,0.0029233273443302044,0.0007397248850452849,0.46946518877727406,0.17084883005343773,0.5670519601500371,0.4183653494128489,0.4783854130221183,0.3988458761694209,0.17972534491824124,0.00039536850072457763
RAFT-Stereo,dataset_7_keyframe_1,0.25,identity_no_flow_control,646,9052014,8503247,3787049,0.19521333305501276,0.19608547232443652,0.018373148750696643,0.0029233273443302044,0.0007397248850452849,0.46946518877727406,0.17084883005343773,0.5670519601500371,0.4183653494128489,0.4783854130221183,0.3988458761694209,0.17972534491824124,0.00039536850072457763
RAFT-Stereo,dataset_7_keyframe_1,0.25,shuffled_memory_control,646,9052014,8503247,3787049,0.22361807988260263,0.19608547232443652,0.02657474914272796,0.006629132557961683,0.0025199917085498105,0.4922309217706369,0.19969313021971385,0.6507023055490678,0.4183653494128489,0.45488162418812117,0.3988458761694209,0.1682980630810795,0.004316533133016609
RAFT-Stereo,dataset_7_keyframe_1,0.5,raw,646,2987068,2901455,0,0.1434942038902523,0.1434942038902523,0.012828633297959635,0.0029647801857262423,0.0008503321643998695,0.5313220778007918,0.12164296508939555,0.44972377796607305,0.0,0.0,0.0,0.0,0.0
RAFT-Stereo,dataset_7_keyframe_1,0.5,aligned_memory,646,2987068,2901455,1071816,0.14130338911591064,0.1434942038902523,0.012420875588565776,0.002823169746887763,0.0006658703452415099,0.5257736145436867,0.11966244840514137,0.4421649397973042,0.3588187480164496,0.49617378355986475,0.3496207937052272,0.1628548435181659,0.00012948083452740927
RAFT-Stereo,dataset_7_keyframe_1,0.5,fixed_blend_50,646,2987068,2901455,1071816,0.13893447822275626,0.1434942038902523,0.012433931878728289,0.0028673602328667834,0.0007214432322969653,0.5226457193012697,0.11729375655598183,0.4351694318386115,0.3588187480164496,0.5598367630264897,0.3496207937052272,0.13957790143221246,4.3248140361074214e-05
RAFT-Stereo,dataset_7_keyframe_1,0.5,oracle_raw_memory,646,2987068,2901455,559840,0.11822330536076593,0.1434942038902523,0.011521666077117295,0.002694615591683373,0.0006256971714126711,0.4799101226111263,0.09767495857875819,0.3944353611499323,0.18742124384178732,0.94992676478994,0.17723452543637588,0.0,0.0
RAFT-Stereo,dataset_7_keyframe_1,0.5,learned_no_abstention,646,2987068,2901455,30245,0.14268460224952187,0.1434942038902523,0.012623415334018173,0.002859995147116865,0.000689639469620185,0.5197772587967928,0.12139800562178306,0.4455744372943992,0.010125313518138857,0.6107125144652008,0.0072663542946556125,0.00371434332085109,7.374268219520574e-06
RAFT-Stereo,dataset_7_keyframe_1,0.5,learned_calibrated,646,2987068,2901455,30231,0.14269894750256024,0.1434942038902523,0.012624419664469599,0.002864012464548645,0.0006916481283814729,0.5198282586814388,0.12141106311524416,0.4455755099604741,0.010120626647937041,0.6105653137507856,0.00726600963999097,0.0037139986661864476,7.03949178692244e-06
RAFT-Stereo,dataset_7_keyframe_1,0.5,unwarped_previous_control,646,2987068,2901455,1071816,0.14340431430139902,0.1434942038902523,0.012150710971488104,0.0028305348289483774,0.0008145110844336019,0.5280843200017322,0.12176629905038269,0.4431820929975354,0.3588187480164496,0.48281514737604214,0.3496207937052272,0.15955408579488567,0.00026554823443798687
RAFT-Stereo,dataset_7_keyframe_1,0.5,identity_no_flow_control,646,2987068,2901455,1071816,0.14340431430139902,0.1434942038902523,0.012150710971488104,0.0028305348289483774,0.0008145110844336019,0.5280843200017322,0.12176629905038269,0.4431820929975354,0.3588187480164496,0.48281514737604214,0.3496207937052272,0.15955408579488567,0.00026554823443798687
RAFT-Stereo,dataset_7_keyframe_1,0.5,shuffled_memory_control,646,2987068,2901455,1071816,0.16752918813698048,0.1434942038902523,0.018795019032179366,0.005296832940927834,0.00215194298141581,0.5497599502485494,0.14609770256099472,0.5161133767918905,0.3588187480164496,0.43199672331818145,0.3496207937052272,0.1405935987289136,0.00287379615534479
RAFT-Stereo,dataset_7_keyframe_1,0.9,raw,22,39,23,0,0.8745112059017023,0.8745112059017023,0.38461538461538464,0.0,0.0,2.1124027371406555,0.12701480969786644,0.9544131241929836,0.0,0.0,0.0,0.0,0.0
RAFT-Stereo,dataset_7_keyframe_1,0.9,aligned_memory,22,39,23,11,0.8780447400342195,0.8745112059017023,0.38461538461538464,0.0,0.0,2.11473685503006,0.1292416386306286,0.9646402519100752,0.28205128205128205,0.45454545454545453,0.21739130434782608,0.13043478260869565,0.0
RAFT-Stereo,dataset_7_keyframe_1,0.9,fixed_blend_50,22,39,23,11,0.876003657013942,0.8745112059017023,0.38461538461538464,0.0,0.0,2.113569736480713,0.12770034849643708,0.9580792257419,0.28205128205128205,0.45454545454545453,0.21739130434782608,0.13043478260869565,0.0
RAFT-Stereo,dataset_7_keyframe_1,0.9,oracle_raw_memory,22,39,23,5,0.8568018645239182,0.8745112059017023,0.38461538461538464,0.0,0.0,2.0909056067466736,0.11127914443612098,0.9389056869042225,0.1282051282051282,1.0,0.08695652173913043,0.0,0.0
RAFT-Stereo,dataset_7_keyframe_1,0.9,learned_no_abstention,22,39,23,1,0.8774577049681773,0.8745112059017023,0.38461538461538464,0.0,0.0,2.1124027371406555,0.13161134824156762,0.9554329252777956,0.02564102564102564,0.0,0.043478260869565216,0.043478260869565216,0.0
RAFT-Stereo,dataset_7_keyframe_1,0.9,learned_calibrated,22,39,23,1,0.8774577049681773,0.8745112059017023,0.38461538461538464,0.0,0.0,2.1124027371406555,0.13161134824156762,0.9554329252777956,0.02564102564102564,0.0,0.043478260869565216,0.043478260869565216,0.0
RAFT-Stereo,dataset_7_keyframe_1,0.9,unwarped_previous_control,22,39,23,11,0.897628221851893,0.8745112059017023,0.38461538461538464,0.0,0.0,2.1578128933906555,0.13526485458016396,0.9877604255691553,0.28205128205128205,0.2727272727272727,0.21739130434782608,0.13043478260869565,0.0
RAFT-Stereo,dataset_7_keyframe_1,0.9,identity_no_flow_control,22,39,23,11,0.897628221851893,0.8745112059017023,0.38461538461538464,0.0,0.0,2.1578128933906555,0.13526485458016396,0.9877604255691553,0.28205128205128205,0.2727272727272727,0.21739130434782608,0.13043478260869565,0.0
RAFT-Stereo,dataset_7_keyframe_1,0.9,shuffled_memory_control,22,39,23,11,1.4577183112120018,0.8745112059017023,0.5128205128205128,0.07692307997972538,0.025641026023106698,2.1274635791778564,1.0271990966796876,1.9740824601971185,0.28205128205128205,0.09090909090909091,0.21739130434782608,0.21739130434782608,0.07692307997972538
StereoAnywhere,dataset_7_keyframe_1,0.05,raw,646,11549092,10297036,0,0.251238264299246,0.251238264299246,0.029056829765678367,0.004081186655007276,0.0010274400817679675,0.49531378568102064,0.20675731237531397,0.7598744435866855,0.0,0.0,0.0,0.0,0.0
StereoAnywhere,dataset_7_keyframe_1,0.05,aligned_memory,646,11549092,10297036,4815539,0.2437960083736848,0.251238264299246,0.026464071853379564,0.003759169996298244,0.0008708043914731902,0.4851735447750655,0.1998314449312184,0.7375185373473994,0.4169625629443423,0.5361927294120139,0.3826200083208411,0.1824051115291818,0.0001220229674375401
StereoAnywhere,dataset_7_keyframe_1,0.05,fixed_blend_50,646,11549092,10297036,4815539,0.2453195082556435,0.251238264299246,0.027035285648772944,0.0038699146309166326,0.0009313286283750833,0.4873609043466052,0.2012264635951885,0.7418581762119946,0.4169625629443423,0.570774320382412,0.3826200083208411,0.16637671267731802,3.8132045021946634e-05
StereoAnywhere,dataset_7_keyframe_1,0.05,oracle_raw_memory,646,11549092,10297036,2650176,0.21754742377587336,0.251238264299246,0.023405389801190384,0.0036381215148090845,0.0008474259309472498,0.44660302827268944,0.1758376673323014,0.6862011875913445,0.22947050729182866,0.9742964240865513,0.19362290274599409,0.0,0.0
StereoAnywhere,dataset_7_keyframe_1,0.05,learned_no_abstention,646,11549092,10297036,503252,0.24557541464293098,0.251238264299246,0.026606334115534636,0.003926022935873816,0.0009324542601482053,0.48702399958670467,0.20157744136799233,0.7374241691541962,0.043575027370117064,0.7547491117770023,0.025990003336882575,0.01000151888368653,1.0007909196919594e-05
StereoAnywhere,dataset_7_keyframe_1,0.05,learned_calibrated,646,11549092,10297036,503143,0.24561385064184318,0.251238264299246,0.026614992805052175,0.0039354609067697634,0.0009337530635130554,0.48707755554670484,0.2016127202889038,0.7374570081901295,0.04356558939871637,0.7546959810630377,0.025990003336882575,0.01000151888368653,1.0007909196919594e-05
StereoAnywhere,dataset_7_keyframe_1,0.05,unwarped_previous_control,646,11549092,10297036,4815539,0.2525274664761692,0.251238264299246,0.029934474506289294,0.003949055048561912,0.0009947102364904594,0.5032329683659044,0.20693391589829901,0.7638997368938556,0.4169625629443423,0.47319583539869575,0.3826200083208411,0.17653254781278807,0.0005811319931562884
StereoAnywhere,dataset_7_keyframe_1,0.05,identity_no_flow_control,646,11549092,10297036,4815539,0.2525274664761692,0.251238264299246,0.029934474506289294,0.003949055048561912,0.0009947102364904594,0.5032329683659044,0.20693391589829901,0.7638997368938556,0.4169625629443423,0.47319583539869575,0.3826200083208411,0.17653254781278807,0.0005811319931562884
StereoAnywhere,dataset_7_keyframe_1,0.05,shuffled_memory_control,646,11549092,10297036,4815539,0.2808144298800668,0.251238264299246,0.03792514594700072,0.008118646874616619,0.0029491495869798296,0.529098087588656,0.2356469407883651,0.8459264863471189,0.4169625629443423,0.46484246104122506,0.3826200083208411,0.16888976594818159,0.00502239477310643
StereoAnywhere,dataset_7_keyframe_1,0.25,raw,646,9052014,8399683,0,0.2098296677378122,0.2098296677378122,0.01829106762013525,0.0031961947958570585,0.0007697734498456424,0.4892164709724465,0.18506582245460226,0.6263298467268416,0.0,0.0,0.0,0.0,0.0
StereoAnywhere,dataset_7_keyframe_1,0.25,aligned_memory,646,9052014,8399683,3415977,0.20479484866083175,0.2098296677378122,0.01701842265246843,0.0029586785872806145,0.0006349968087307927,0.48103264817106745,0.18026824042558076,0.6077047786419746,0.3773720411833212,0.524792175122959,0.3532813083541367,0.16726333600922796,7.604437550697896e-05
StereoAnywhere,dataset_7_keyframe_1,0.25,fixed_blend_50,646,9052014,8399683,3415977,0.20525781259827766,0.2098296677378122,0.017158722910931304,0.003047056720916075,0.0006894598256858487,0.48220940336467377,0.18069451500063805,0.6107757609492692,0.3773720411833212,0.5630058399105147,0.3532813083541367,0.15183513473067972,2.5336782949267156e-05
StereoAnywhere,dataset_7_keyframe_1,0.25,oracle_raw_memory,646,9052014,8399683,1848282,0.18110456581537543,0.2098296677378122,0.015195955272158473,0.0028832257691374886,0.0006195306396518529,0.44386555612939743,0.15779804498677172,0.5620771799712306,0.2041846157109346,0.9699158461749885,0.1793901031741317,0.0,0.0
StereoAnywhere,dataset_7_keyframe_1,0.25,learned_no_abstention,646,9052014,8399683,256955,0.20595622551059348,0.2098296677378122,0.017091886972234425,0.0030629647772256324,0.0006889074651451738,0.4799543409845134,0.18163526723880016,0.6076311549371592,0.028386500506959005,0.7778560448327528,0.018119850475309604,0.005996654873761308,4.886475457107671e-06
StereoAnywhere,dataset_7_keyframe_1,0.25,learned_calibrated,646,9052014,8399683,256859,0.20599953216268022,0.2098296677378122,0.01710193998444926,0.0030735701520802653,0.0006897912463966783,0.4800287396751326,0.18167495037744769,0.607679222593249,0.028375895132287686,0.7777730194386804,0.018119850475309604,0.005996654873761308,4.886475457107671e-06
StereoAnywhere,dataset_7_keyframe_1,0.25,unwarped_previous_control,646,9052014,8399683,3415977,0.2090228879751629,0.2098296677378122,0.017983180319329727,0.002905872660558398,0.0007102286848449617,0.4911406379550256,0.1841062862024284,0.614451305470035,0.3773720411833212,0.47588610813246107,0.3532813083541367,0.16044224526092235,0.0003136639346742105
StereoAnywhere,dataset_7_keyframe_1,0.25,identity_no_flow_control,646,9052014,8399683,3415977,0.2090228879751629,0.2098296677378122,0.017983180319329727,0.002905872660558398,0.0007102286848449617,0.4911406379550256,0.1841062862024284,0.614451305470035,0.3773720411833212,0.47588610813246107,0.3532813083541367,0.16044224526092235,0.0003136639346742105
StereoAnywhere,dataset_7_keyframe_1,0.25,shuffled_memory_control,646,9052014,8399683,3415977,0.23704509294329748,0.2098296677378122,0.026195827807763385,0.0066525527717747925,0.0024530453035278127,0.5143317637009507,0.21251679690751785,0.6931376701562403,0.3773720411833212,0.45692579311863046,0.3532813083541367,0.15158107752399705,0.004286292885556212
StereoAnywhere,dataset_7_keyframe_1,0.5,raw,646,2987068,2871399,0,0.15888011471224653,0.15888011471224653,0.012944800698964833,0.0030089706776280883,0.0008566929149038156,0.5598789241838822,0.1366416410136129,0.5059819290714118,0.0,0.0,0.0,0.0,0.0
StereoAnywhere,dataset_7_keyframe_1,0.5,aligned_memory,646,2987068,2871399,893240,0.15693319147919588,0.15888011471224653,0.012567842444754267,0.0028753948722888044,0.0006792614015340928,0.5524130214776212,0.13498552185958043,0.4997986883809974,0.29903570993362055,0.4979165733733375,0.2852316936796314,0.13625553258185297,6.600586473169222e-05
StereoAnywhere,dataset_7_keyframe_1,0.5,fixed_blend_50,646,2987068,2871399,893240,0.1560598488983118,0.15888011471224653,0.012445649022526784,0.002931302539702685,0.000750568784994075,0.5533036461367027,0.13400783398376093,0.49745551055626447,0.29903570993362055,0.5442232770587971,0.2852316936796314,0.1218047369940576,2.7775471771976002e-05
StereoAnywhere,dataset_7_keyframe_1,0.5,oracle_raw_memory,646,2987068,2871399,463852,0.13696743345199136,0.15888011471224653,0.011601008039694093,0.0028101134660322566,0.0006631921330994115,0.5164963891283524,0.11580463384095713,0.4577894225264887,0.15528672263236057,0.9588381638971051,0.14233828179225527,0.0,0.0
StereoAnywhere,dataset_7_keyframe_1,0.5,learned_no_abstention,646,2987068,2871399,31898,0.15718206599061157,0.15888011471224653,0.012603663485632766,0.00292561133725915,0.0007154172571128986,0.5487181042186751,0.1354429229155304,0.4972420305938066,0.010678698978396206,0.7852843438460092,0.0069871863854518304,0.0020627575617321032,1.713414403649972e-06
StereoAnywhere,dataset_7_keyframe_1,0.5,learned_calibrated,646,2987068,2871399,31893,0.15718885180351172,0.15888011471224653,0.012605337367937728,0.0029272852195858594,0.0007154172571128986,0.548779049982345,0.13544737532068987,0.4972473760393137,0.010677025096181273,0.7852506819678299,0.0069871863854518304,0.0020627575617321032,1.713414403649972e-06
StereoAnywhere,dataset_7_keyframe_1,0.5,unwarped_previous_control,646,2987068,2871399,893240,0.15876283752852796,0.15888011471224653,0.012353920294084726,0.002862673375282325,0.0008195327330060056,0.5550968601664866,0.13680084672120799,0.5008803999881655,0.29903570993362055,0.4804251936769513,0.2852316936796314,0.1322738497854182,0.00020873578331482415
StereoAnywhere,dataset_7_keyframe_1,0.5,identity_no_flow_control,646,2987068,2871399,893240,0.15876283752852796,0.15888011471224653,0.012353920294084726,0.002862673375282325,0.0008195327330060056,0.5550968601664866,0.13680084672120799,0.5008803999881655,0.29903570993362055,0.4804251936769513,0.2852316936796314,0.1322738497854182,0.00020873578331482415
StereoAnywhere,dataset_7_keyframe_1,0.5,shuffled_memory_control,646,2987068,2871399,893240,0.1829666635919121,0.15888011471224653,0.019158251277632876,0.005345710133908181,0.002175712101777946,0.5789813260473691,0.16112526640242544,0.5754623816897065,0.29903570993362055,0.4284066992073799,0.2852316936796314,0.11805325557332855,0.0028384749864410635
StereoAnywhere,dataset_7_keyframe_1,0.9,raw,22,39,22,0,0.8763013012134112,0.8763013012134112,0.38461538461538464,0.0,0.0,2.0630863308906555,0.15699485838413238,0.9954038199323875,0.0,0.0,0.0,0.0,0.0
StereoAnywhere,dataset_7_keyframe_1,0.9,aligned_memory,22,39,22,10,0.8853201746749573,0.8763013012134112,0.38461538461538464,0.0,0.0,2.083552360534668,0.1585901264846325,1.001382671105556,0.2564102564102564,0.5,0.18181818181818182,0.045454545454545456,0.0
StereoAnywhere,dataset_7_keyframe_1,0.9,fixed_blend_50,22,39,22,10,0.8789593009994581,0.8763013012134112,0.38461538461538464,0.0,0.0,2.0733193159103394,0.15490426987409592,0.9968704609916761,0.2564102564102564,0.5,0.18181818181818182,0.0,0.0
StereoAnywhere,dataset_7_keyframe_1,0.9,oracle_raw_memory,22,39,22,5,0.861041668133858,0.8763013012134112,0.38461538461538464,0.0,0.0,2.0463589429855347,0.14389535903930664,0.9757454486993643,0.1282051282051282,1.0,0.13636363636363635,0.0,0.0
StereoAnywhere,dataset_7_keyframe_1,0.9,learned_no_abstention,22,39,22,0,0.8763013012134112,0.8763013012134112,0.38461538461538464,0.0,0.0,2.0630863308906555,0.15699485838413238,0.9954038199323875,0.0,0.0,0.0,0.0,0.0
StereoAnywhere,dataset_7_keyframe_1,0.9,learned_calibrated,22,39,22,0,0.8763013012134112,0.8763013012134112,0.38461538461538464,0.0,0.0,2.0630863308906555,0.15699485838413238,0.9954038199323875,0.0,0.0,0.0,0.0,0.0
StereoAnywhere,dataset_7_keyframe_1,0.9,unwarped_previous_control,22,39,22,10,0.9071613463262717,0.8763013012134112,0.38461538461538464,0.0,0.0,2.1290042996406555,0.1682615287601948,1.027886576186388,0.2564102564102564,0.4,0.18181818181818182,0.045454545454545456,0.0
StereoAnywhere,dataset_7_keyframe_1,0.9,identity_no_flow_control,22,39,22,10,0.9071613463262717,0.8763013012134112,0.38461538461538464,0.0,0.0,2.1290042996406555,0.1682615287601948,1.027886576186388,0.2564102564102564,0.4,0.18181818181818182,0.045454545454545456,0.0
StereoAnywhere,dataset_7_keyframe_1,0.9,shuffled_memory_control,22,39,22,10,1.4524740316928961,0.8763013012134112,0.5128205128205128,0.07692307997972538,0.025641026023106698,2.0962830781936646,1.037749252319336,1.981875078418316,0.2564102564102564,0.4,0.18181818181818182,0.09090909090909091,0.07692307997972538
S2M2-S,dataset_7_keyframe_2,0.05,raw,627,10928663,7588119,0,0.4302372859279259,0.4302372859279259,0.07862562906538237,0.003561551868707651,0.001539163577449174,0.651541044776544,0.3791199774730962,1.065981368824915,0.0,0.0,0.0,0.0,0.0
S2M2-S,dataset_7_keyframe_2,0.05,aligned_memory,627,10928663,7588119,6688958,0.4160903913833524,0.4302372859279259,0.07104107828139514,0.003142561914881356,0.0013606422005893893,0.6245328896257019,0.3671858834580596,1.0113630682729282,0.6120563878673906,0.5354699491310904,0.5801209759625541,0.2892365024850032,0.0002122837349949415
S2M2-S,dataset_7_keyframe_2,0.05,fixed_blend_50,627,10928663,7588119,6688958,0.420260237088023,0.4302372859279259,0.07311242016960358,0.003289240429685091,0.0014287200612381188,0.633502613005786,0.37059936795277176,1.0295014399591613,0.6120563878673906,0.5610600335657662,0.5801209759625541,0.267110729286138,8.884454621608619e-05
S2M2-S,dataset_7_keyframe_2,0.05,oracle_raw_memory,627,10928663,7588119,3639520,0.3763360067009716,0.4302372859279259,0.05970282009721438,0.0029317401602551333,0.0013137929146141512,0.5703705575126882,0.3310603134773311,0.9529264616050114,0.3330251834099011,0.9841231810788236,0.28332831891539917,0.0,0.0
S2M2-S,dataset_7_keyframe_2,0.05,learned_no_abstention,627,10928663,7588119,1438487,0.4153424657969544,0.4302372859279259,0.06966085431500842,0.0031355162170845705,0.0013829688102979056,0.6255684680924739,0.3658077739979451,1.0111042392558351,0.13162515853952125,0.6973479774235012,0.09469487761064369,0.04071536042067869,4.0324737358025965e-05
S2M2-S,dataset_7_keyframe_2,0.05,learned_calibrated,627,10928663,7588119,1438487,0.4153424657969544,0.4302372859279259,0.06966085431500842,0.0031355162170845705,0.0013829688102979056,0.6255684680924739,0.3658077739979451,1.0111042392558351,0.13162515853952125,0.6973479774235012,0.09469487761064369,0.04071536042067869,4.0324737358025965e-05
S2M2-S,dataset_7_keyframe_2,0.05,unwarped_previous_control,627,10928663,7588119,6688958,0.4284774273902467,0.4302372859279259,0.07763886602739906,0.0032864953328613877,0.0013008910638239992,0.6444645779206348,0.37563233182924005,1.061365704960638,0.6120563878673906,0.47878219597133065,0.5801209759625541,0.2809590888071207,0.0005007345836524461
S2M2-S,dataset_7_keyframe_2,0.05,identity_no_flow_control,627,10928663,7588119,6688958,0.4284774273902467,0.4302372859279259,0.07763886602739906,0.0032864953328613877,0.0013008910638239992,0.6444645779206348,0.37563233182924005,1.061365704960638,0.6120563878673906,0.47878219597133065,0.5801209759625541,0.2809590888071207,0.0005007345836524461
S2M2-S,dataset_7_keyframe_2,0.05,shuffled_memory_control,627,10928663,7588119,6688958,0.4721783709926206,0.4302372859279259,0.08639775952547137,0.010028216687324423,0.004241140936532419,0.7050218726013667,0.41548762595163535,1.1595679125001368,0.6120563878673906,0.4569741654828749,0.5801209759625541,0.30355164435349524,0.007598118236526718
S2M2-S,dataset_7_keyframe_2,0.25,raw,627,2561877,2212377,0,0.29688711838399995,0.29688711838399995,0.03182393227893449,0.004812096768976533,0.003235128003319979,0.7136828463007447,0.26038346588318334,0.7811822166565467,0.0,0.0,0.0,0.0,0.0
S2M2-S,dataset_7_keyframe_2,0.25,aligned_memory,627,2561877,2212377,1454182,0.2750997662839025,0.29688711838399995,0.02293162395076834,0.00453300451685593,0.002936518808644522,0.6722537706263577,0.24043022794750885,0.68767931425576,0.5676236603084379,0.5971123284430697,0.5391142648834263,0.22808183234593382,9.972121261122408e-05
S2M2-S,dataset_7_keyframe_2,0.25,fixed_blend_50,627,2561877,2212377,1454182,0.2832155361428916,0.29688711838399995,0.026526253996011835,0.004624343794713239,0.00307704079502329,0.6894068864189495,0.24771284264368593,0.7276415346556591,0.5676236603084379,0.6307711139320937,0.5391142648834263,0.2069154578989024,3.7995675691394564e-05
S2M2-S,dataset_7_keyframe_2,0.25,oracle_raw_memory,627,2561877,2212377,888394,0.2472458917933439,0.29688711838399995,0.020625111972910823,0.004434639135397173,0.0028986559279538665,0.6301044137593168,0.2136873933108606,0.6582694689224945,0.3467746499929544,0.9773929135045937,0.3021044785766621,0.0,0.0
S2M2-S,dataset_7_keyframe_2,0.25,learned_no_abstention,627,2561877,2212377,258570,0.2799671732042998,0.29688711838399995,0.023642821281581648,0.0044986547154091255,0.0029696976140990037,0.6730570997995076,0.24535386699695427,0.7045985626870335,0.10092990412888675,0.8399620992381174,0.06383134520020774,0.016418539878149157,1.9606660324738914e-06
S2M2-S,dataset_7_keyframe_2,0.25,learned_calibrated,627,2561877,2212377,258570,0.2799671732042998,0.29688711838399995,0.023642821281581648,0.0044986547154091255,0.0029696976140990037,0.6730570997995076,0.24535386699695427,0.7045985626870335,0.10092990412888675,0.8399620992381174,0.06383134520020774,0.016418539878149157,1.9606660324738914e-06
S2M2-S,dataset_7_keyframe_2,0.25,unwarped_previous_control,627,2561877,2212377,1454182,0.285695491881478,0.29688711838399995,0.028413542154323748,0.004084114882730967,0.0025918496518099153,0.6662037138346617,0.2524530715697555,0.7322653918657213,0.5676236603084379,0.5404467941426864,0.5391142648834263,0.2278323269497016,0.0001447796888006529
S2M2-S,dataset_7_keyframe_2,0.25,identity_no_flow_control,627,2561877,2212377,1454182,0.285695491881478,0.29688711838399995,0.028413542154323748,0.004084114882730967,0.0025918496518099153,0.6662037138346617,0.2524530715697555,0.7322653918657213,0.5676236603084379,0.5404467941426864,0.5391142648834263,0.2278323269497016,0.0001447796888006529
S2M2-S,dataset_7_keyframe_2,0.25,shuffled_memory_control,627,2561877,2212377,1454182,0.31958258032486514,0.29688711838399995,0.03464998525836089,0.01073353647188631,0.004983845884434727,0.6865217660212659,0.2875468587706625,0.7429652461086415,0.5676236603084379,0.5141522863025398,0.5391142648834263,0.24604305685694616,0.00713973717491826
S2M2-S,dataset_7_keyframe_2,0.5,raw,344,254507,241516,0,0.22155465285020592,0.22155465285020592,0.012372940682017499,0.008483067241734385,0.006023409996409163,1.143940462556178,0.16508768351025221,0.46296418594657435,0.0,0.0,0.0,0.0,0.0
S2M2-S,dataset_7_keyframe_2,0.5,aligned_memory,344,254507,241516,118616,0.21930465612407418,0.22155465285020592,0.01126491613519341,0.00835340476036248,0.005532264358527594,1.1008261543400724,0.16546135181072194,0.44616090398737074,0.46606183719897687,0.49608821744115467,0.4470635485847729,0.2234386127627155,4.007037282544841e-06
S2M2-S,dataset_7_keyframe_2,0.5,fixed_blend_50,344,254507,241516,118616,0.21830082816622584,0.22155465285020592,0.011587107738971996,0.008412342265134251,0.0058190934040223035,1.1205721616483801,0.16311486661524965,0.4430849589374217,0.46606183719897687,0.533098401564713,0.4470635485847729,0.20516239089749747,0.0
S2M2-S,dataset_7_keyframe_2,0.5,oracle_raw_memory,344,254507,241516,60928,0.18965289341322455,0.22155465285020592,0.010809133020147884,0.00834947561126006,0.00549297270739351,1.0607855095621055,0.13634237835505206,0.39642381596923265,0.23939616592078017,0.965795693277311,0.21461518077477268,0.0,0.0
S2M2-S,dataset_7_keyframe_2,0.5,learned_no_abstention,344,254507,241516,13516,0.21783991932616376,0.22155465285020592,0.011410295257327322,0.008369121487731905,0.005559768503419241,1.0982429967270764,0.1639011178587194,0.44536077753710873,0.05310659431764156,0.6094258656407221,0.03966610907765945,0.021079348780205037,0.0
S2M2-S,dataset_7_keyframe_2,0.5,learned_calibrated,344,254507,241516,13516,0.21783991932616376,0.22155465285020592,0.011410295257327322,0.008369121487731905,0.005559768503419241,1.0982429967270764,0.1639011178587194,0.44536077753710873,0.05310659431764156,0.6094258656407221,0.03966610907765945,0.021079348780205037,0.0
S2M2-S,dataset_7_keyframe_2,0.5,unwarped_previous_control,344,254507,241516,118616,0.2270115407863207,0.22155465285020592,0.013453461068343515,0.008050859143117936,0.00526901027688105,1.1109733142340985,0.17357457292860964,0.47465024192167354,0.46606183719897687,0.4589937276590005,0.4470635485847729,0.22335166200168932,8.043694969811595e-06
S2M2-S,dataset_7_keyframe_2,0.5,identity_no_flow_control,344,254507,241516,118616,0.2270115407863207,0.22155465285020592,0.013453461068343515,0.008050859143117936,0.00526901027688105,1.1109733142340985,0.17357457292860964,0.47465024192167354,0.46606183719897687,0.4589937276590005,0.4470635485847729,0.22335166200168932,8.043694969811595e-06
S2M2-S,dataset_7_keyframe_2,0.5,shuffled_memory_control,344,254507,241516,118616,0.2564060075794058,0.22155465285020592,0.022753794521093555,0.009610737709725939,0.0055244060550206295,1.09382118600113,0.2056553222404931,0.5082900758189224,0.46606183719897687,0.39586565050246175,0.4470635485847729,0.22561652230079995,0.001949961282275543
S2M2-S,dataset_7_keyframe_2,0.9,raw,7,41,39,0,0.13611856757140742,0.13611856757140742,0.0,0.0,0.0,0.02041912078857422,0.13847907196457793,0.298593183116215,0.0,0.0,0.0,0.0,0.0
S2M2-S,dataset_7_keyframe_2,0.9,aligned_memory,7,41,39,11,0.1262822894424927,0.13611856757140742,0.0,0.0,0.0,0.012601852416992188,0.12891080339507358,0.262679653923686,0.2682926829268293,0.7272727272727273,0.23076923076923078,0.05128205128205128,0.0
S2M2-S,dataset_7_keyframe_2,0.9,fixed_blend_50,7,41,39,11,0.12986927915637086,0.13611856757140742,0.0,0.0,0.0,0.016510963439941406,0.13236377624476828,0.27726450853231477,0.2682926829268293,0.7272727272727273,0.23076923076923078,0.02564102564102564,0.0
S2M2-S,dataset_7_keyframe_2,0.9,oracle_raw_memory,7,41,39,8,0.10939550545157456,0.13611856757140742,0.0,0.0,0.0,0.012601852416992188,0.11174674423002615,0.24260219059339383,0.1951219512195122,1.0,0.15384615384615385,0.0,0.0
S2M2-S,dataset_7_keyframe_2,0.9,learned_no_abstention,7,41,39,0,0.13611856757140742,0.13611856757140742,0.0,0.0,0.0,0.02041912078857422,0.13847907196457793,0.298593183116215,0.0,0.0,0.0,0.0,0.0
S2M2-S,dataset_7_keyframe_2,0.9,learned_calibrated,7,41,39,0,0.13611856757140742,0.13611856757140742,0.0,0.0,0.0,0.02041912078857422,0.13847907196457793,0.298593183116215,0.0,0.0,0.0,0.0,0.0
S2M2-S,dataset_7_keyframe_2,0.9,unwarped_previous_control,7,41,39,11,0.1283114865058806,0.13611856757140742,0.0,0.0,0.0,0.04385662078857422,0.13016386021201204,0.26947495413989553,0.2682926829268293,0.7272727272727273,0.23076923076923078,0.05128205128205128,0.0
S2M2-S,dataset_7_keyframe_2,0.9,identity_no_flow_control,7,41,39,11,0.1283114865058806,0.13611856757140742,0.0,0.0,0.0,0.04385662078857422,0.13016386021201204,0.26947495413989553,0.2682926829268293,0.7272727272727273,0.23076923076923078,0.05128205128205128,0.0
S2M2-S,dataset_7_keyframe_2,0.9,shuffled_memory_control,7,41,39,11,0.11986012884029527,0.13611856757140742,0.0,0.0,0.0,0.11170578002929688,0.11983033614914591,0.27228052877798314,0.2682926829268293,0.7272727272727273,0.23076923076923078,0.0,0.0
RAFT-Stereo,dataset_7_keyframe_2,0.05,raw,627,10928663,7501561,0,0.44077772563658635,0.44077772563658635,0.08161647976874209,0.004897213896833899,0.002391966900530027,0.6735904067145004,0.38960336241025423,1.1018903106104476,0.0,0.0,0.0,0.0,0.0
RAFT-Stereo,dataset_7_keyframe_2,0.05,aligned_memory,627,10928663,7501561,6798460,0.42379958141032786,0.44077772563658635,0.07357807655274588,0.004321663140187282,0.0020657604795870895,0.6422643878651101,0.37496126610895336,1.0336674763163287,0.6220760947610884,0.5445062558285259,0.59165818954215,0.28841423804992056,0.0005510179285319453
RAFT-Stereo,dataset_7_keyframe_2,0.05,fixed_blend_50,627,10928663,7501561,6798460,0.42834446389078534,0.44077772563658635,0.07559195488410435,0.004427531549633923,0.0021307272425062414,0.6510190047769749,0.37892898544759174,1.0560232999194523,0.6220760947610884,0.5727664794674088,0.59165818954215,0.2636215315718955,0.00019668431582521863
RAFT-Stereo,dataset_7_keyframe_2,0.05,oracle_raw_memory,627,10928663,7501561,3764866,0.3809012460147466,0.44077772563658635,0.06103244286443463,0.0037758507289859236,0.0018543896989746923,0.5819714531659942,0.33634030452176494,0.9653713764358324,0.3444946559336673,0.9832498686540239,0.2949940685678621,0.0,0.0
RAFT-Stereo,dataset_7_keyframe_2,0.05,learned_no_abstention,627,10928663,7501561,1456749,0.4231070055239614,0.44077772563658635,0.0722125844842347,0.004142135227860423,0.00199292447950357,0.6418069599184211,0.37393383593896234,1.0322276606811502,0.13329617721765233,0.7002318175608838,0.09369743177453332,0.04069606312606136,6.946133578576947e-05
RAFT-Stereo,dataset_7_keyframe_2,0.05,learned_calibrated,627,10928663,7501561,1456605,0.42312319416121547,0.44077772563658635,0.07221770862675413,0.0041446973023454,0.0019933819975818624,0.6418629760723475,0.37394250649466193,1.0321465626885242,0.13328300085746994,0.7002262109494338,0.09369729846894533,0.04069592982047337,6.660433885957671e-05
RAFT-Stereo,dataset_7_keyframe_2,0.05,unwarped_previous_control,627,10928663,7501561,6798460,0.43769384771632275,0.44077772563658635,0.08060226598729711,0.004632771673234913,0.0021065705930879176,0.6651804668581095,0.3848610524931341,1.091113073513646,0.6220760947610884,0.48827072601736277,0.59165818954215,0.28106203495512466,0.0009477640649916746
RAFT-Stereo,dataset_7_keyframe_2,0.05,identity_no_flow_control,627,10928663,7501561,6798460,0.43769384771632275,0.44077772563658635,0.08060226598729711,0.004632771673234913,0.0021065705930879176,0.6651804668581095,0.3848610524931341,1.091113073513646,0.6220760947610884,0.48827072601736277,0.59165818954215,0.28106203495512466,0.0009477640649916746
RAFT-Stereo,dataset_7_keyframe_2,0.05,shuffled_memory_control,627,10928663,7501561,6798460,0.4849244609206744,0.44077772563658635,0.09008622595179709,0.012195910946069895,0.005218753636123996,0.7155746819511496,0.43079211345715956,1.1787047535126682,0.6220760947610884,0.465472621740806,0.59165818954215,0.302212032935545,0.008993977597809122
RAFT-Stereo,dataset_7_keyframe_2,0.25,raw,627,2561877,2209597,0,0.29341203240870234,0.29341203240870234,0.033021491696125366,0.005782869387880476,0.0040247834090264565,0.7450646023669331,0.25303207948255946,0.7928145728310849,0.0,0.0,0.0,0.0,0.0
RAFT-Stereo,dataset_7_keyframe_2,0.25,aligned_memory,627,2561877,2209597,1511554,0.2665065658972026,0.29341203240870234,0.024260727553488872,0.00532851499773055,0.0035938493612161673,0.6946625561793043,0.22828908423294575,0.6937750925698746,0.5900181780780264,0.6139926195160742,0.5632167313768076,0.22142997116668786,0.0002662164505263496
RAFT-Stereo,dataset_7_keyframe_2,0.25,fixed_blend_50,627,2561877,2209597,1511554,0.27568737059768206,0.29341203240870234,0.02736196950651851,0.005474892037126326,0.0037527172475990346,0.7130379603786914,0.23659128099874102,0.7340119997431521,0.5900181780780264,0.6559520863958549,0.5632167313768076,0.19424085025459395,9.104792873800142e-05
RAFT-Stereo,dataset_7_keyframe_2,0.25,oracle_raw_memory,627,2561877,2209597,953152,0.23680052779710925,0.29341203240870234,0.020849947208511202,0.005066207345889077,0.0034794801144670223,0.6448468424436486,0.20027267941311958,0.6549164675911666,0.37205221015684986,0.9736988434163701,0.3308933710536356,0.0,0.0
RAFT-Stereo,dataset_7_keyframe_2,0.25,learned_no_abstention,627,2561877,2209597,272692,0.2737598108696523,0.29341203240870234,0.024120205670262396,0.0052176587848546795,0.0035829198938976395,0.6975068077640261,0.23577063159896094,0.7059175815781319,0.10644226869596003,0.8188028985082071,0.06770058069412657,0.019737535849297407,1.9581009834846558e-05
RAFT-Stereo,dataset_7_keyframe_2,0.25,learned_calibrated,627,2561877,2209597,272672,0.27372555548170974,0.29341203240870234,0.02411981532609721,0.005210632694523125,0.0035758937934766365,0.6974370087960329,0.2357408842810285,0.7058581999934869,0.10643446191991263,0.8188556214059383,0.0677001281229111,0.01973708327808193,1.23156466887462e-05
RAFT-Stereo,dataset_7_keyframe_2,0.25,unwarped_previous_control,627,2561877,2209597,1511554,0.27843339937488076,0.29341203240870234,0.029277361967636865,0.0050900180010404125,0.0033982896256143577,0.7020932877149316,0.24055591592245149,0.7412800071322917,0.5900181780780264,0.5603398886179389,0.5632167313768076,0.22141548888779267,0.0003827822328056857
RAFT-Stereo,dataset_7_keyframe_2,0.25,identity_no_flow_control,627,2561877,2209597,1511554,0.27843339937488076,0.29341203240870234,0.029277361967636865,0.0050900180010404125,0.0033982896256143577,0.7020932877149316,0.24055591592245149,0.7412800071322917,0.5900181780780264,0.5603398886179389,0.5632167313768076,0.22141548888779267,0.0003827822328056857
RAFT-Stereo,dataset_7_keyframe_2,0.25,shuffled_memory_control,627,2561877,2209597,1511554,0.3522046107611086,0.29341203240870234,0.04136615481096009,0.01729083768011813,0.00882985396434168,0.7652536961615598,0.3151176898249717,0.8795971746066378,0.5900181780780264,0.5307504726923418,0.5632167313768076,0.23914994453739755,0.01299674544139636
RAFT-Stereo,dataset_7_keyframe_2,0.5,raw,344,254507,246369,0,0.18856074302499704,0.18856074302499704,0.013091977874696552,0.00862451725817822,0.006565634768031706,1.1986906697874233,0.12615908267258258,0.4033568173874332,0.0,0.0,0.0,0.0,0.0
RAFT-Stereo,dataset_7_keyframe_2,0.5,aligned_memory,344,254507,246369,129131,0.17949182341687997,0.18856074302499704,0.012310074044527572,0.00848699647938709,0.006023409957259012,1.1336282107030844,0.12059655947470413,0.37529971860551614,0.507377007312176,0.5315919492608282,0.494526502928534,0.2162650333442925,2.8072616574934746e-05
RAFT-Stereo,dataset_7_keyframe_2,0.5,fixed_blend_50,344,254507,246369,129131,0.1793052913867772,0.18856074302499704,0.012314003149103156,0.008577367280439315,0.006306309867638139,1.160531702283979,0.1187047932200416,0.36308913661955705,0.507377007312176,0.5903849579109587,0.494526502928534,0.18591218862762768,4.005311727304098e-06
RAFT-Stereo,dataset_7_keyframe_2,0.5,oracle_raw_memory,344,254507,246369,71812,0.14943628582874038,0.18856074302499704,0.011249199457356427,0.008459492315113167,0.006007693307818468,1.0863633453134434,0.09146786031828645,0.3083803728696509,0.2821611979238292,0.955898735587367,0.2656624818869257,0.0,0.0
RAFT-Stereo,dataset_7_keyframe_2,0.5,learned_no_abstention,344,254507,246369,16652,0.18448813175648007,0.18856074302499704,0.012274711575987834,0.008490925656881945,0.006082347450976892,1.1357682452247067,0.12564842239906443,0.3850552245613937,0.06542845579885818,0.5505044439106414,0.053107330873608284,0.028794207063388658,0.0
RAFT-Stereo,dataset_7_keyframe_2,0.5,learned_calibrated,344,254507,246369,16652,0.18448813175648007,0.18856074302499704,0.012274711575987834,0.008490925656881945,0.006082347450976892,1.1357682452247067,0.12564842239906443,0.3850552245613937,0.06542845579885818,0.5505044439106414,0.053107330873608284,0.028794207063388658,0.0
RAFT-Stereo,dataset_7_keyframe_2,0.5,unwarped_previous_control,344,254507,246369,129131,0.18704192434283856,0.18856074302499704,0.014137135762421172,0.008266963235421384,0.005952684996352789,1.167850142685503,0.12728490131117337,0.4039533185760826,0.507377007312176,0.5001277772184836,0.494526502928534,0.21600526040207982,2.7566345590048315e-05
RAFT-Stereo,dataset_7_keyframe_2,0.5,identity_no_flow_control,344,254507,246369,129131,0.18704192434283856,0.18856074302499704,0.014137135762421172,0.008266963235421384,0.005952684996352789,1.167850142685503,0.12728490131117337,0.4039533185760826,0.507377007312176,0.5001277772184836,0.494526502928534,0.21600526040207982,2.7566345590048315e-05
RAFT-Stereo,dataset_7_keyframe_2,0.5,shuffled_memory_control,344,254507,246369,129131,0.43217929583377396,0.18856074302499704,0.05663891557865413,0.04489070973712522,0.03259635429010648,1.3680770629260686,0.37595312995038604,0.831464065045292,0.507377007312176,0.42827826006148795,0.494526502928534,0.2246102391128754,0.03697473900013091
RAFT-Stereo,dataset_7_keyframe_2,0.9,raw,7,41,41,0,0.07436154746427769,0.07436154746427769,0.0,0.0,0.0,0.09676837921142578,0.07325880320333852,0.14184978440767382,0.0,0.0,0.0,0.0,0.0
RAFT-Stereo,dataset_7_keyframe_2,0.9,aligned_memory,7,41,41,16,0.0597540833419416,0.07436154746427769,0.0,0.0,0.0,0.07083797454833984,0.059131221346011974,0.1077860473859601,0.3902439024390244,0.6875,0.3902439024390244,0.0975609756097561,0.0
RAFT-Stereo,dataset_7_keyframe_2,0.9,fixed_blend_50,7,41,41,16,0.06106120893141118,0.07436154746427769,0.0,0.0,0.0,0.08380317687988281,0.06019840898310266,0.11562113100435675,0.3902439024390244,0.8125,0.3902439024390244,0.024390243902439025,0.0
RAFT-Stereo,dataset_7_keyframe_2,0.9,oracle_raw_memory,7,41,41,11,0.04649389144487497,0.07436154746427769,0.0,0.0,0.0,0.07083797454833984,0.045579786525993815,0.08820904991248758,0.2682926829268293,1.0,0.2682926829268293,0.0,0.0
RAFT-Stereo,dataset_7_keyframe_2,0.9,learned_no_abstention,7,41,41,1,0.07878663118292646,0.07436154746427769,0.0,0.0,0.0,0.09676837921142578,0.0776838869219873,0.15025744369117225,0.024390243902439025,0.0,0.024390243902439025,0.024390243902439025,0.0
RAFT-Stereo,dataset_7_keyframe_2,0.9,learned_calibrated,7,41,41,1,0.07878663118292646,0.07436154746427769,0.0,0.0,0.0,0.09676837921142578,0.0776838869219873,0.15025744369117225,0.024390243902439025,0.0,0.024390243902439025,0.024390243902439025,0.0
RAFT-Stereo,dataset_7_keyframe_2,0.9,unwarped_previous_control,7,41,41,16,0.058180647652323655,0.07436154746427769,0.0,0.0,0.0,0.02645587921142578,0.05864993055782667,0.10755638687348948,0.3902439024390244,0.625,0.3902439024390244,0.12195121951219512,0.0
RAFT-Stereo,dataset_7_keyframe_2,0.9,identity_no_flow_control,7,41,41,16,0.058180647652323655,0.07436154746427769,0.0,0.0,0.0,0.02645587921142578,0.05864993055782667,0.10755638687348948,0.3902439024390244,0.625,0.3902439024390244,0.12195121951219512,0.0
RAFT-Stereo,dataset_7_keyframe_2,0.9,shuffled_memory_control,7,41,41,16,2.4561182589429182,0.07436154746427769,0.34146341463414637,0.34146341463414637,0.3170731823618819,0.2328948974609375,2.4516171933855953,3.226086701198322,0.3902439024390244,0.5625,0.3902439024390244,0.17073170731707318,0.34146341463414637
StereoAnywhere,dataset_7_keyframe_2,0.05,raw,627,10928663,7312770,0,1.0345349182117798,1.0345349182117798,0.1066774593918366,0.026807213438762786,0.023406705846464242,1.3882963435248303,0.8860764470608721,2.5842124046276003,0.0,0.0,0.0,0.0,0.0
StereoAnywhere,dataset_7_keyframe_2,0.05,aligned_memory,627,10928663,7312770,7154792,1.0182032269295445,1.0345349182117798,0.09836720200477676,0.026370837833039097,0.023251151543964635,1.35800910115592,0.8743404719206759,2.5324676819749423,0.6546813640424268,0.5365956131219468,0.6124139006149516,0.3066352421859295,0.014232052945631507
StereoAnywhere,dataset_7_keyframe_2,0.05,fixed_blend_50,627,10928663,7312770,7154792,1.0195880927100174,1.0345349182117798,0.10724303620286084,0.03418011896935542,0.03057903810151355,1.3629950133010578,0.874576301365543,2.5190100743311583,0.6546813640424268,0.5646331857026731,0.6124139006149516,0.2800310962877268,0.012789601062084544
StereoAnywhere,dataset_7_keyframe_2,0.05,oracle_raw_memory,627,10928663,7312770,3901315,0.7136835583583832,1.0345349182117798,0.07599996476759899,0.017195699094589706,0.014530688783939857,0.983447885552319,0.6138580892796621,1.821737324134145,0.3569800807289968,0.9840861350595889,0.2974216336627571,0.0,0.0
StereoAnywhere,dataset_7_keyframe_2,0.05,learned_no_abstention,627,10928663,7312770,1697206,0.7591029696156537,1.0345349182117798,0.08863005490226311,0.017540755024268218,0.014635733668369866,1.0497127592221414,0.6534432452837451,1.894083419172069,0.15529859416472078,0.7232634105700781,0.10275723152786154,0.04471356271289812,0.0018131187656937587
StereoAnywhere,dataset_7_keyframe_2,0.05,learned_calibrated,627,10928663,7312770,1696780,0.759465070268499,1.0345349182117798,0.08863032940849017,0.01754157854649499,0.014636557190652445,1.050513268831353,0.6535568304347623,1.9031941631726739,0.1552596140991812,0.7231945213875693,0.10275723152786154,0.04471356271289812,0.0018131187656937587
StereoAnywhere,dataset_7_keyframe_2,0.05,unwarped_previous_control,627,10928663,7312770,7154792,1.0359521306372845,1.0345349182117798,0.10620246988775506,0.026595110554308313,0.02326094240221105,1.3830547260154316,0.8887216760354163,2.583643402162657,0.6546813640424268,0.48724812684980917,0.6124139006149516,0.29996048009167525,0.014534950594275859
StereoAnywhere,dataset_7_keyframe_2,0.05,identity_no_flow_control,627,10928663,7312770,7154792,1.0359521306372845,1.0345349182117798,0.10620246988775506,0.026595110554308313,0.02326094240221105,1.3830547260154316,0.8887216760354163,2.583643402162657,0.6546813640424268,0.48724812684980917,0.6124139006149516,0.29996048009167525,0.014534950594275859
StereoAnywhere,dataset_7_keyframe_2,0.05,shuffled_memory_control,627,10928663,7312770,7154792,1.1011686236248253,1.0345349182117798,0.11559538451390357,0.03460487346106113,0.0271317728540674,1.4632286401666492,0.9510165154169691,2.7569953627901,0.6546813640424268,0.47053345506060834,0.6124139006149516,0.3220542967986139,0.024668744786848645
StereoAnywhere,dataset_7_keyframe_2,0.25,raw,627,2561877,2164965,0,0.31966968363354425,0.31966968363354425,0.042267446884534474,0.005749300189407464,0.003811268072205987,0.7405391869810729,0.282656628575282,0.8880846374905245,0.0,0.0,0.0,0.0,0.0
StereoAnywhere,dataset_7_keyframe_2,0.25,aligned_memory,627,2561877,2164965,1541895,0.29459264572650523,0.31966968363354425,0.03273537341002112,0.005425319002698443,0.0035204656690033653,0.6952869410007602,0.2593981580759152,0.7991202177980928,0.6018614476807435,0.6018879365974985,0.5705200776917871,0.2335081629495165,0.0005510375284358091
StereoAnywhere,dataset_7_keyframe_2,0.25,fixed_blend_50,627,2561877,2164965,1541895,0.30323938006569723,0.31966968363354425,0.03641900066738503,0.005769988187873328,0.0038370304216295364,0.7130786315373496,0.267238819821303,0.8349910029202194,0.6018614476807435,0.6410365167537349,0.5705200776917871,0.20662227795830418,0.0004021459946562366
StereoAnywhere,dataset_7_keyframe_2,0.25,oracle_raw_memory,627,2561877,2164965,951939,0.2571303600774347,0.31966968363354425,0.02799275697279444,0.004945982952670146,0.003137152966471857,0.6402966886976819,0.22381509403691863,0.7366116124246431,0.3715787291895747,0.974902803646032,0.3262195924645433,0.0,0.0
StereoAnywhere,dataset_7_keyframe_2,0.25,learned_no_abstention,627,2561877,2164965,315127,0.29193107696747844,0.31966968363354425,0.0316919976668166,0.005031467170262595,0.0032113173221030573,0.6864867895909175,0.257439178453709,0.7806083046459279,0.12300629577454343,0.8162359937422056,0.08098329534195703,0.023270584051012372,5.158449948008837e-06
StereoAnywhere,dataset_7_keyframe_2,0.25,learned_calibrated,627,2561877,2164965,315126,0.2919350101651184,0.31966968363354425,0.0316919976668166,0.005031467170262595,0.0032113173221030573,0.6864867895909175,0.25744522286374966,0.7806083046459279,0.12300590543574107,0.8162354105976657,0.08098329534195703,0.023270584051012372,5.158449948008837e-06
StereoAnywhere,dataset_7_keyframe_2,0.25,unwarped_previous_control,627,2561877,2164965,1541895,0.30802063073703484,0.31966968363354425,0.039104531539819624,0.0049967270123175206,0.0031824322618553896,0.6896607531728417,0.2746644956590224,0.851088249684804,0.6018614476807435,0.546801825026996,0.5705200776917871,0.23461672590549962,0.0005870302111936888
StereoAnywhere,dataset_7_keyframe_2,0.25,identity_no_flow_control,627,2561877,2164965,1541895,0.30802063073703484,0.31966968363354425,0.039104531539819624,0.0049967270123175206,0.0031824322618553896,0.6896607531728417,0.2746644956590224,0.851088249684804,0.6018614476807435,0.546801825026996,0.5705200776917871,0.23461672590549962,0.0005870302111936888
StereoAnywhere,dataset_7_keyframe_2,0.25,shuffled_memory_control,627,2561877,2164965,1541895,0.39290958388612424,0.31966968363354425,0.05268636975227495,0.016869662504551713,0.008720559024194073,0.7724333776879411,0.3597054406385098,1.0657561668938482,0.6018614476807435,0.5141634157967955,0.5705200776917871,0.25563230814354965,0.01278590094898912
StereoAnywhere,dataset_7_keyframe_2,0.5,raw,344,254507,235370,0,0.22916522696773226,0.22916522696773226,0.022993473760321667,0.008455563153948256,0.0060116224515709615,1.1665291248943284,0.17203093322111132,0.663489249681867,0.0,0.0,0.0,0.0,0.0
StereoAnywhere,dataset_7_keyframe_2,0.5,aligned_memory,344,254507,235370,127343,0.2213793104376882,0.22916522696773226,0.021123191126023247,0.008298396557816463,0.005465468551597089,1.1170422227716144,0.1668922760642049,0.6311044476013341,0.5003516602686763,0.52434762805965,0.4736245060967838,0.22040192038067724,1.1965900817882556e-05
StereoAnywhere,dataset_7_keyframe_2,0.5,fixed_blend_50,344,254507,235370,127343,0.22231446528440538,0.22916522696773226,0.021111403711845642,0.008388767350049498,0.005740510073777718,1.1383156783994026,0.16653100437221807,0.6359471558369714,0.5003516602686763,0.5664779375387732,0.4736245060967838,0.19735310362408123,4.059653937269303e-06
StereoAnywhere,dataset_7_keyframe_2,0.5,oracle_raw_memory,344,254507,235370,69225,0.18981561091930857,0.22916522696773226,0.018152742345962657,0.008286609041124837,0.005398672748584801,1.0743870893482277,0.1360466290881603,0.5596577619663776,0.27199644803482814,0.964564824846515,0.24229935845689765,0.0,0.0
StereoAnywhere,dataset_7_keyframe_2,0.5,learned_no_abstention,344,254507,235370,19364,0.21976252889259063,0.22916522696773226,0.019402216846243166,0.008325900724344755,0.005469397698858871,1.1145882553909399,0.16528988655974858,0.6076538376538686,0.07608435131450215,0.6816773393926875,0.054110549347835324,0.024472107745252155,0.0
StereoAnywhere,dataset_7_keyframe_2,0.5,learned_calibrated,344,254507,235370,19364,0.21976252889259063,0.22916522696773226,0.019402216846243166,0.008325900724344755,0.005469397698858871,1.1145882553909399,0.16528988655974858,0.6076538376538686,0.07608435131450215,0.6816773393926875,0.054110549347835324,0.024472107745252155,0.0
StereoAnywhere,dataset_7_keyframe_2,0.5,unwarped_previous_control,344,254507,235370,127343,0.230666724702786,0.22916522696773226,0.023908969135481194,0.007917267514923228,0.005182568644859901,1.1242206047230454,0.1770086704388985,0.6706937268230738,0.5003516602686763,0.49065123328333715,0.4736245060967838,0.22080554021328122,3.929165188790421e-06
StereoAnywhere,dataset_7_keyframe_2,0.5,identity_no_flow_control,344,254507,235370,127343,0.230666724702786,0.22916522696773226,0.023908969135481194,0.007917267514923228,0.005182568644859901,1.1242206047230454,0.1770086704388985,0.6706937268230738,0.5003516602686763,0.49065123328333715,0.4736245060967838,0.22080554021328122,3.929165188790421e-06
StereoAnywhere,dataset_7_keyframe_2,0.5,shuffled_memory_control,344,254507,235370,127343,0.4975267949783706,0.22916522696773226,0.08092901277107051,0.044242399612385803,0.03187731664416887,1.3367124455389852,0.44714249212669477,1.1231284367111263,0.5003516602686763,0.4112750602702936,0.4736245060967838,0.24182351191740664,0.036655313931412706
StereoAnywhere,dataset_7_keyframe_2,0.9,raw,7,41,39,0,0.10918510269101073,0.10918510269101073,0.0,0.0,0.0,0.06551837921142578,0.10912766325764539,0.21512399868267337,0.0,0.0,0.0,0.0,0.0
StereoAnywhere,dataset_7_keyframe_2,0.9,aligned_memory,7,41,39,22,0.08808823620400778,0.10918510269101073,0.0,0.0,0.0,0.07844161987304688,0.0877446299645959,0.16057160787466096,0.5365853658536586,0.5454545454545454,0.5128205128205128,0.20512820512820512,0.0
StereoAnywhere,dataset_7_keyframe_2,0.9,fixed_blend_50,7,41,39,22,0.09580320410612153,0.10918510269101073,0.0,0.0,0.0,0.07198047637939453,0.09557880933691816,0.18540350565823113,0.5365853658536586,0.5909090909090909,0.5128205128205128,0.15384615384615385,0.0
StereoAnywhere,dataset_7_keyframe_2,0.9,oracle_raw_memory,7,41,39,13,0.06942138657337282,0.10918510269101073,0.0,0.0,0.0,0.06551837921142578,0.06922769401131607,0.14413306480500757,0.3170731707317073,0.9230769230769231,0.28205128205128205,0.0,0.0
StereoAnywhere,dataset_7_keyframe_2,0.9,learned_no_abstention,7,41,39,3,0.09212034522760205,0.10918510269101073,0.0,0.0,0.0,0.06551837921142578,0.09206290579423672,0.18565350770950317,0.07317073170731707,1.0,0.05128205128205128,0.0,0.0
StereoAnywhere,dataset_7_keyframe_2,0.9,learned_calibrated,7,41,39,3,0.09212034522760205,0.10918510269101073,0.0,0.0,0.0,0.06551837921142578,0.09206290579423672,0.18565350770950317,0.07317073170731707,1.0,0.05128205128205128,0.0,0.0
StereoAnywhere,dataset_7_keyframe_2,0.9,unwarped_previous_control,7,41,39,22,0.09121609006713076,0.10918510269101073,0.0,0.0,0.0,0.03426837921142578,0.09203471297897943,0.1672747502239739,0.5365853658536586,0.5454545454545454,0.5128205128205128,0.20512820512820512,0.0
StereoAnywhere,dataset_7_keyframe_2,0.9,identity_no_flow_control,7,41,39,22,0.09121609006713076,0.10918510269101073,0.0,0.0,0.0,0.03426837921142578,0.09203471297897943,0.1672747502239739,0.5365853658536586,0.5454545454545454,0.5128205128205128,0.20512820512820512,0.0
StereoAnywhere,dataset_7_keyframe_2,0.9,shuffled_memory_control,7,41,39,22,2.489750282248346,0.10918510269101073,0.34146341463414637,0.34146341463414637,0.3170731823618819,0.14607524871826172,2.4872262068092823,3.264424987682482,0.5365853658536586,0.5,0.5128205128205128,0.28205128205128205,0.34146341463414637
S2M2-S,dataset_7_keyframe_3,0.05,raw,583,3399454,2608511,0,1.655693635276256,1.655693635276256,0.16755779054667452,0.1270824667773996,0.08919226449041626,4.728278024376855,1.0714826503796728,9.318757592926367,0.0,0.0,0.0,0.0,0.0
S2M2-S,dataset_7_keyframe_3,0.05,aligned_memory,583,3399454,2608511,1884243,1.6658385060656038,1.655693635276256,0.16871885904402126,0.12681330621656017,0.08909901449360531,4.763986837947263,1.0768578572275378,9.434327921241852,0.5542781281935275,0.5029850183866943,0.4836349166248484,0.20482873179373212,0.0037398717233837896
S2M2-S,dataset_7_keyframe_3,0.05,fixed_blend_50,583,3399454,2608511,1884243,1.655513174406042,1.655693635276256,0.16741247282417548,0.1269642125489837,0.08910225006367443,4.7372980888441365,1.069529028668572,9.356121169767308,0.5542781281935275,0.5456897013814036,0.4836349166248484,0.1749726184785113,0.0017964033839202053
S2M2-S,dataset_7_keyframe_3,0.05,oracle_raw_memory,583,3399454,2608511,976789,1.5867122018426432,1.655693635276256,0.16255286897858667,0.12439144662866834,0.08704574334878618,4.5693667207601445,1.019561651217194,9.126245298033641,0.2873370252987686,0.9702668641845885,0.26795171651566735,0.0,0.0
S2M2-S,dataset_7_keyframe_3,0.05,learned_no_abstention,583,3399454,2608511,139187,1.6390288439731173,1.655693635276256,0.16582427703234082,0.12615996558255077,0.0884606764797185,4.674737923657809,1.0615920660924099,9.241124683026214,0.040943928054328727,0.8160963308354947,0.022303145357638898,0.007137788569800932,0.0001221452738113377
S2M2-S,dataset_7_keyframe_3,0.05,learned_calibrated,583,3399454,2608511,139185,1.63903054803134,1.655693635276256,0.16582486536661553,0.12616055390067266,0.0884606764797185,4.67475135660392,1.0615920660924099,9.241124683026214,0.040943339724555765,0.8160936882566369,0.022303145357638898,0.007137788569800932,0.0001221452738113377
S2M2-S,dataset_7_keyframe_3,0.05,unwarped_previous_control,583,3399454,2608511,1884243,1.620281056552924,1.655693635276256,0.16723891566354623,0.12524805490988486,0.08741050784144304,4.584342643639089,1.0617925198951204,9.120567062067336,0.5542781281935275,0.5015881709524727,0.4836349166248484,0.20508289978458974,0.006432941941888649
S2M2-S,dataset_7_keyframe_3,0.05,identity_no_flow_control,583,3399454,2608511,1884243,1.620281056552924,1.655693635276256,0.16723891566354623,0.12524805490988486,0.08741050784144304,4.584342643639089,1.0617925198951204,9.120567062067336,0.5542781281935275,0.5015881709524727,0.4836349166248484,0.20508289978458974,0.006432941941888649
S2M2-S,dataset_7_keyframe_3,0.05,shuffled_memory_control,583,3399454,2608511,1884243,1.678642547856749,1.655693635276256,0.17753792238063315,0.13078041356141057,0.09046717525890982,4.659035745614426,1.118643403422835,9.2637977861452,0.5542781281935275,0.46179606345890634,0.4836349166248484,0.2037948086092027,0.014333716471966866
S2M2-S,dataset_7_keyframe_3,0.25,raw,583,3271753,2558373,0,1.4759576176989289,1.4759576176989289,0.15346451859717167,0.11572328354453798,0.08019370629185865,4.365304763612389,1.0191079594735148,8.45408777646041,0.0,0.0,0.0,0.0,0.0
S2M2-S,dataset_7_keyframe_3,0.25,aligned_memory,583,3271753,2558373,1792610,1.4828772752904316,1.4759576176989289,0.1544905741184355,0.11538829491708533,0.08008856406974585,4.388764932062739,1.0235947627127733,8.546570040549254,0.5479050527347266,0.5090677838459007,0.48226783193850153,0.20343515195008702,0.00334976377431409
S2M2-S,dataset_7_keyframe_3,0.25,fixed_blend_50,583,3271753,2558373,1792610,1.4741553873519724,1.4759576176989289,0.1532206128886805,0.11554203502950963,0.08009895580066143,4.366801617721046,1.0167002785315506,8.474924811773645,0.5479050527347266,0.553065641717942,0.48226783193850153,0.17357554977323478,0.0015801246530350835
S2M2-S,dataset_7_keyframe_3,0.25,oracle_raw_memory,583,3271753,2558373,941141,1.4102641133415552,1.4759576176989289,0.14865944952692597,0.1132521308628922,0.07824398719472005,4.2009304563974945,0.9686444100820193,8.266622847777008,0.28765649485153677,0.9696315429887764,0.26792770248904285,0.0,0.0
S2M2-S,dataset_7_keyframe_3,0.25,learned_no_abstention,583,3271753,2558373,129888,1.4612058013826883,1.4759576176989289,0.15175901076844275,0.11490262270775721,0.07953962279086146,4.311234064157713,1.010043669075265,8.37469625464797,0.039699818415387715,0.8168037078098054,0.022202391910796433,0.006983735366187808,9.651469116934695e-05
S2M2-S,dataset_7_keyframe_3,0.25,learned_calibrated,583,3271753,2558373,129887,1.4612067577664518,1.4759576176989289,0.15175931640308216,0.11490292835869713,0.07953962279086146,4.311243276947475,1.010043669075265,8.37469625464797,0.03969951276884288,0.8168022973815702,0.022202391910796433,0.006983735366187808,9.651469116934695e-05
S2M2-S,dataset_7_keyframe_3,0.25,unwarped_previous_control,583,3271753,2558373,1792610,1.4465341815301112,1.4759576176989289,0.15351953518847636,0.11426229310530457,0.07865783258532322,4.22805135746858,1.0118104371961407,8.285654290255334,0.5479050527347266,0.5023546672170746,0.48226783193850153,0.20357078502626474,0.005765784959826991
S2M2-S,dataset_7_keyframe_3,0.25,identity_no_flow_control,583,3271753,2558373,1792610,1.4465341815301112,1.4759576176989289,0.15351953518847636,0.11426229310530457,0.07865783258532322,4.22805135746858,1.0118104371961407,8.285654290255334,0.5479050527347266,0.5023546672170746,0.48226783193850153,0.20357078502626474,0.005765784959826991
S2M2-S,dataset_7_keyframe_3,0.25,shuffled_memory_control,583,3271753,2558373,1792610,1.5028717169567773,1.4759576176989289,0.16379017605288645,0.11971044256273441,0.08165500271386317,4.299823522655232,1.0679628303941762,8.433729408771496,0.5479050527347266,0.46226117225721153,0.48226783193850153,0.20232507144188905,0.013389190659480098
S2M2-S,dataset_7_keyframe_3,0.5,raw,583,2672683,2150042,0,1.2705080661800867,1.2705080661800867,0.1491033542138702,0.11301826663483776,0.07426694440338623,3.7001371724247916,0.9043761179184383,7.135387513512577,0.0,0.0,0.0,0.0,0.0
S2M2-S,dataset_7_keyframe_3,0.5,aligned_memory,583,2672683,2150042,1383534,1.2754921862723307,1.2705080661800867,0.15006418634967902,0.11279040592420499,0.07434813631880638,3.7259009137896353,0.9069834150986587,7.2027289949438815,0.5176573503105306,0.5175557666092774,0.45584458350115953,0.18591729835975299,0.003405357873353177
S2M2-S,dataset_7_keyframe_3,0.5,fixed_blend_50,583,2672683,2150042,1383534,1.2680715304527808,1.2705080661800867,0.14903563206174522,0.11281996413440697,0.0742501075870704,3.703985309075591,0.9012339270993557,7.156568244113137,0.5176573503105306,0.5638654344598687,0.45584458350115953,0.15702623483634273,0.0015814033362021261
S2M2-S,dataset_7_keyframe_3,0.5,oracle_raw_memory,583,2672683,2150042,739978,1.2148074945134344,1.2705080661800867,0.14577149597896502,0.11074452163940043,0.07256079379562619,3.574450876876792,0.8604311531826591,7.003175633173631,0.2768671032067776,0.9676720118706231,0.2590298236034459,0.0,0.0
S2M2-S,dataset_7_keyframe_3,0.5,learned_no_abstention,583,2672683,2150042,97144,1.260265624332412,1.2705080661800867,0.14804374478063406,0.11225199552242579,0.0737075815948769,3.662358289368594,0.8981816766000065,7.086615258155106,0.03634699663222313,0.8015832166680392,0.02218328758228909,0.006984514721107774,7.709289539141058e-05
S2M2-S,dataset_7_keyframe_3,0.5,learned_calibrated,583,2672683,2150042,97144,1.260265624332412,1.2705080661800867,0.14804374478063406,0.11225199552242579,0.0737075815948769,3.662358289368594,0.8981816766000065,7.086615258155106,0.03634699663222313,0.8015832166680392,0.02218328758228909,0.006984514721107774,7.709289539141058e-05
S2M2-S,dataset_7_keyframe_3,0.5,unwarped_previous_control,583,2672683,2150042,1383534,1.257008998566958,1.2705080661800867,0.1488605270793332,0.11239080733443253,0.07353023150640375,3.6922374729563723,0.9018938171942605,7.1239667974397,0.5176573503105306,0.5139671305511827,0.45584458350115953,0.18348664816780325,0.005935804354113313
S2M2-S,dataset_7_keyframe_3,0.5,identity_no_flow_control,583,2672683,2150042,1383534,1.257008998566958,1.2705080661800867,0.1488605270793332,0.11239080733443253,0.07353023150640375,3.6922374729563723,0.9018938171942605,7.1239667974397,0.5176573503105306,0.5139671305511827,0.45584458350115953,0.18348664816780325,0.005935804354113313
S2M2-S,dataset_7_keyframe_3,0.5,shuffled_memory_control,583,2672683,2150042,1383534,1.295726387782623,1.2705080661800867,0.15713797686990533,0.11562126896823695,0.07579686769625912,3.7530078008927146,0.9403665756901378,7.205126859559227,0.5176573503105306,0.46941961672065885,0.45584458350115953,0.18073646933408744,0.011217453754503235
S2M2-S,dataset_7_keyframe_3,0.9,raw,561,388089,245738,0,1.5181921866390533,1.5181921866390533,0.34078265481104864,0.2313386883044663,0.0966221667121364,2.880068170819071,1.1928968801209896,5.466626514727496,0.0,0.0,0.0,0.0,0.0
S2M2-S,dataset_7_keyframe_3,0.9,aligned_memory,561,388089,245738,212281,1.5213061032077069,1.5181921866390533,0.34156082791834236,0.23134126452210935,0.0976992392597849,2.88138848873775,1.1950414364146544,5.502425960925825,0.5469905099088096,0.48049990342988774,0.45870398554558106,0.20350942874117964,0.012103795964537903
S2M2-S,dataset_7_keyframe_3,0.9,fixed_blend_50,561,388089,245738,212281,1.5152447532948172,1.5181921866390533,0.34070792987617976,0.2308851841314758,0.09708855460113662,2.877064621451773,1.1897003945506304,5.482021695093015,0.5469905099088096,0.5170505132348161,0.45870398554558106,0.1731681709788474,0.005226515155597059
S2M2-S,dataset_7_keyframe_3,0.9,oracle_raw_memory,561,388089,245738,104777,1.4672892402301305,1.5181921866390533,0.3362476132826185,0.2261852310415758,0.09346309746468048,2.7960314807482622,1.152235188552369,5.407944195454638,0.2699818855984065,0.9735056357788446,0.2445694194630053,0.0,0.0
S2M2-S,dataset_7_keyframe_3,0.9,learned_no_abstention,561,388089,245738,17276,1.506026692824215,1.5181921866390533,0.3393886451297701,0.2293881044930834,0.09588779913236183,2.847733847803521,1.1853124586054746,5.440947058246365,0.0445155621519806,0.8851007177587404,0.022593168333753834,0.004716405277165111,0.00014225078724735388
S2M2-S,dataset_7_keyframe_3,0.9,learned_calibrated,561,388089,245738,17276,1.506026692824215,1.5181921866390533,0.3393886451297701,0.2293881044930834,0.09588779913236183,2.847733847803521,1.1853124586054746,5.440947058246365,0.0445155621519806,0.8851007177587404,0.022593168333753834,0.004716405277165111,0.00014225078724735388
S2M2-S,dataset_7_keyframe_3,0.9,unwarped_previous_control,561,388089,245738,212281,1.4935582418426188,1.5181921866390533,0.3348407193669457,0.22751740005765145,0.09353266923355237,2.7997185661809785,1.167048226608531,5.443350517036753,0.5469905099088096,0.4940008761971161,0.45870398554558106,0.19672171174177375,0.01763313790043666
S2M2-S,dataset_7_keyframe_3,0.9,identity_no_flow_control,561,388089,245738,212281,1.4935582418426188,1.5181921866390533,0.3348407193669457,0.22751740005765145,0.09353266923355237,2.7997185661809785,1.167048226608531,5.443350517036753,0.5469905099088096,0.4940008761971161,0.45870398554558106,0.19672171174177375,0.01763313790043666
S2M2-S,dataset_7_keyframe_3,0.9,shuffled_memory_control,561,388089,245738,212281,1.5426474699887862,1.5181921866390533,0.3424214550057958,0.23414732265583096,0.10003633213278425,2.832656361714802,1.2181268952061872,5.507759620949707,0.5469905099088096,0.4672580212077388,0.45870398554558106,0.18313000024416248,0.02860688997352118
RAFT-Stereo,dataset_7_keyframe_3,0.05,raw,583,3399454,2585466,0,1.4880645601588147,1.4880645601588147,0.1692945401334885,0.12271147081385354,0.08219643512878184,4.197238056174616,0.9854214926923283,8.580962911286404,0.0,0.0,0.0,0.0,0.0
RAFT-Stereo,dataset_7_keyframe_3,0.05,aligned_memory,583,3399454,2585466,1977117,1.4909366978079732,1.4880645601588147,0.1696242988119232,0.12261998547539645,0.08218525698979116,4.2213121633373,0.9846310154359663,8.675087851319603,0.5815983978603623,0.508518211112443,0.5082909618614208,0.22374921967645292,0.012452534498218887
RAFT-Stereo,dataset_7_keyframe_3,0.05,fixed_blend_50,583,3399454,2585466,1977117,1.467610300146729,1.4880645601588147,0.16973372817614496,0.12349424373631572,0.08316335525257408,4.132628620819388,0.9747685377439861,8.472637795322477,0.5815983978603623,0.5613689022956153,0.5082909618614208,0.18752905665748457,0.007136638631674957
RAFT-Stereo,dataset_7_keyframe_3,0.05,oracle_raw_memory,583,3399454,2585466,1037555,1.3110536279367313,1.4880645601588147,0.15689607815920184,0.11341380135394664,0.07478730421765517,3.74297627093055,0.8669942564508237,7.896614776906448,0.3052122487905411,0.9690088718188433,0.27223989795263215,0.0,0.0
RAFT-Stereo,dataset_7_keyframe_3,0.05,learned_no_abstention,583,3399454,2585466,106736,1.3937550998856494,1.4880645601588147,0.16652115335799478,0.11867729377519819,0.07842318204716948,3.948298912076381,0.9270910301698533,8.083296530898187,0.03139798332320425,0.7812078399040624,0.015463750055115789,0.0058759233345168724,0.00046169232268411563
RAFT-Stereo,dataset_7_keyframe_3,0.05,learned_calibrated,583,3399454,2585466,106613,1.3936414464281939,1.4880645601588147,0.16650320930394133,0.11866140887437042,0.07840141384916663,3.9480284251297526,0.9269991377189382,8.08176987256493,0.03136180104216736,0.781799592920188,0.01544402440411129,0.005856197683512373,0.00043289253544671105
RAFT-Stereo,dataset_7_keyframe_3,0.05,unwarped_previous_control,583,3399454,2585466,1977117,1.458824685946752,1.4880645601588147,0.16732481174901073,0.1211135673118666,0.08069178183539145,4.101930790809715,0.972103921777916,8.439200015149934,0.5815983978603623,0.4996006811938798,0.5082909618614208,0.2235241151885192,0.013786625194402368
RAFT-Stereo,dataset_7_keyframe_3,0.05,identity_no_flow_control,583,3399454,2585466,1977117,1.458824685946752,1.4880645601588147,0.16732481174901073,0.1211135673118666,0.08069178183539145,4.101930790809715,0.972103921777916,8.439200015149934,0.5815983978603623,0.4996006811938798,0.5082909618614208,0.2235241151885192,0.013786625194402368
RAFT-Stereo,dataset_7_keyframe_3,0.05,shuffled_memory_control,583,3399454,2585466,1977117,1.551369825192683,1.4880645601588147,0.18365508146732504,0.13068098610442694,0.0854716671162673,4.2445584638436085,1.0588952987832865,8.73271764096619,0.5815983978603623,0.4603334046492949,0.5082909618614208,0.22042757475828342,0.026234732006193633
RAFT-Stereo,dataset_7_keyframe_3,0.25,raw,583,3271753,2533630,0,1.3300866042176391,1.3300866042176391,0.15539528771679867,0.11193540585338382,0.07365317621513016,3.8597051268420057,0.9432200193627228,7.735893257074702,0.0,0.0,0.0,0.0,0.0
RAFT-Stereo,dataset_7_keyframe_3,0.25,aligned_memory,583,3271753,2533630,1880268,1.3299244024077659,1.3300866042176391,0.1555371078320684,0.11168905460476516,0.07361466445430932,3.872746222577655,0.9415197996674184,7.783278988616222,0.5746974175617781,0.5137666545407357,0.5060087700256154,0.22156550088213353,0.011517659373012681
RAFT-Stereo,dataset_7_keyframe_3,0.25,fixed_blend_50,583,3271753,2533630,1880268,1.3081050625467951,1.3300866042176391,0.15558692801197446,0.11252652615743136,0.07434852163291739,3.780196494367416,0.9322077121909843,7.6047454635397145,0.5746974175617781,0.5678461793744296,0.5060087700256154,0.1855227479939849,0.00660741884918705
RAFT-Stereo,dataset_7_keyframe_3,0.25,oracle_raw_memory,583,3271753,2533630,997564,1.1664516303568517,1.3300866042176391,0.1434940231794592,0.10311505784189434,0.06668565734765435,3.406983420715905,0.8314716217582142,7.063300839546311,0.3049019898507008,0.9683779687318307,0.2721008987105457,0.0,0.0
RAFT-Stereo,dataset_7_keyframe_3,0.25,learned_no_abstention,583,3271753,2533630,97611,1.2468067319406264,1.3300866042176391,0.15279912602351936,0.10815516926986317,0.07017033375301278,3.6250341135738844,0.8906488011617342,7.293749212672989,0.0298344648877834,0.7773304238251837,0.015175065025279934,0.0056365767692993845,0.00043437782347705066
RAFT-Stereo,dataset_7_keyframe_3,0.25,learned_calibrated,583,3271753,2533630,97496,1.2466894259753079,1.3300866042176391,0.15278109291618067,0.10813744177054518,0.07014832719388839,3.6247008951462596,0.8905553264141299,7.2926790805699095,0.029799315535127498,0.777970378271929,0.015154935803570371,0.005616447547589822,0.00040545696314454963
RAFT-Stereo,dataset_7_keyframe_3,0.25,unwarped_previous_control,583,3271753,2533630,1880268,1.3054093071482504,1.3300866042176391,0.15395660979347134,0.11065413529685716,0.07231047071556242,3.7751614187376856,0.9315469920547039,7.608574837251754,0.5746974175617781,0.5011727051675612,0.5060087700256154,0.2212051483444702,0.012727484030144664
RAFT-Stereo,dataset_7_keyframe_3,0.25,identity_no_flow_control,583,3271753,2533630,1880268,1.3054093071482504,1.3300866042176391,0.15395660979347134,0.11065413529685716,0.07231047071556242,3.7751614187376856,0.9315469920547039,7.608574837251754,0.5746974175617781,0.5011727051675612,0.5060087700256154,0.2212051483444702,0.012727484030144664
RAFT-Stereo,dataset_7_keyframe_3,0.25,shuffled_memory_control,583,3271753,2533630,1880268,1.3885969628660375,1.3300866042176391,0.170097803470883,0.11980091404032611,0.07655865193191906,3.89469904130159,1.013872040222996,7.796071390084116,0.5746974175617781,0.4618208680890171,0.5060087700256154,0.21809182872005778,0.024541636759518256
RAFT-Stereo,dataset_7_keyframe_3,0.5,raw,583,2672683,2081635,0,1.1820343110772131,1.1820343110772131,0.15242436155279807,0.10934181086187617,0.06811058388801038,3.320086823672917,0.8738686695909373,6.571161386980495,0.0,0.0,0.0,0.0,0.0
RAFT-Stereo,dataset_7_keyframe_3,0.5,aligned_memory,583,2672683,2081635,1483096,1.1803202683274938,1.1820343110772131,0.15274501272628552,0.10904884721134203,0.06815398600502284,3.3261840149790793,0.8717378343242762,6.606749009359349,0.5549090558064687,0.5184553124005459,0.48738419559625007,0.21018238067672768,0.010472367793262122
RAFT-Stereo,dataset_7_keyframe_3,0.5,fixed_blend_50,583,2672683,2081635,1483096,1.1592157763651838,1.1820343110772131,0.1520449676041258,0.10916782848116639,0.06802752142286225,3.2447602914757114,0.8631438329797059,6.490329194825643,0.5549090558064687,0.5719360041426853,0.48738419559625007,0.17599435059460472,0.005801345012231184
RAFT-Stereo,dataset_7_keyframe_3,0.5,oracle_raw_memory,583,2672683,2081635,794250,1.0519460061981387,1.1820343110772131,0.1420183386633795,0.10173110668441795,0.0622045337870177,2.9873547017349,0.7845711120781286,6.11477689707419,0.2971732899112989,0.9681070192005036,0.26518481866417504,0.0,0.0
RAFT-Stereo,dataset_7_keyframe_3,0.5,learned_no_abstention,583,2672683,2081635,76023,1.1278290328494678,1.1820343110772131,0.1506983803947774,0.1065075804649575,0.0656056104353379,3.1844395381794857,0.8408552613508957,6.313646098941504,0.028444450763521152,0.7693066571958487,0.0157491587141838,0.005529307491467044,0.000397989793759146
RAFT-Stereo,dataset_7_keyframe_3,0.5,learned_calibrated,583,2672683,2081635,75942,1.1276938525533298,1.1820343110772131,0.1506800467473339,0.10648176368363839,0.06558203862152107,3.183984461459269,0.8407483520260332,6.312208287066761,0.028414144139054277,0.770074530562798,0.01572850187472828,0.00550865065201152,0.0003673208408619945
RAFT-Stereo,dataset_7_keyframe_3,0.5,unwarped_previous_control,583,2672683,2081635,1483096,1.1703671407295526,1.1820343110772131,0.15152750999034678,0.10876523690380789,0.06752315930056252,3.327176969245887,0.8673110215764337,6.58043712647226,0.5549090558064687,0.5103580617842675,0.48738419559625007,0.20803503015658364,0.011821051202960162
RAFT-Stereo,dataset_7_keyframe_3,0.5,identity_no_flow_control,583,2672683,2081635,1483096,1.1703671407295526,1.1820343110772131,0.15152750999034678,0.10876523690380789,0.06752315930056252,3.327176969245887,0.8673110215764337,6.58043712647226,0.5549090558064687,0.5103580617842675,0.48738419559625007,0.20803503015658364,0.011821051202960162
RAFT-Stereo,dataset_7_keyframe_3,0.5,shuffled_memory_control,583,2672683,2081635,1483096,1.217802542509754,1.1820343110772131,0.1636901944018804,0.11425634810478705,0.0700576910608742,3.3755145142675804,0.9169931684004727,6.676899499699747,0.5549090558064687,0.4719701219610868,0.48738419559625007,0.20005668621059888,0.019826271527207274
RAFT-Stereo,dataset_7_keyframe_3,0.9,raw,561,388089,240929,0,1.5016122996907544,1.5016122996907544,0.33626049685719234,0.2245000506994741,0.09106674033634468,2.7445579460431153,1.203496913538197,5.273666897450234,0.0,0.0,0.0,0.0,0.0
RAFT-Stereo,dataset_7_keyframe_3,0.9,aligned_memory,561,388089,240929,229334,1.4968449573760352,1.5016122996907544,0.3358817179083624,0.22420887982631013,0.09193252073563422,2.7389176131045527,1.1991415510940069,5.296654299445364,0.5909314615977262,0.5031787698291574,0.4888369602663025,0.21861212224348253,0.021948594120903508
RAFT-Stereo,dataset_7_keyframe_3,0.9,fixed_blend_50,561,388089,240929,229334,1.479789790062425,1.5016122996907544,0.33407285417024707,0.22199289332532027,0.08996390026259588,2.705481385235412,1.1924550432692116,5.257827528942983,0.5909314615977262,0.5427149921075811,0.4888369602663025,0.18615442723789996,0.011227150878074929
RAFT-Stereo,dataset_7_keyframe_3,0.9,oracle_raw_memory,561,388089,240929,117601,1.4139763224156363,1.5016122996907544,0.32368090806149,0.21456676208946018,0.08507584608981959,2.5919404130598203,1.140091418276141,5.1773940125500655,0.30302585231738083,0.9812501594374198,0.2615957398237655,0.0,0.0
RAFT-Stereo,dataset_7_keyframe_3,0.9,learned_no_abstention,561,388089,240929,9584,1.4914156267501948,1.5016122996907544,0.33486648657411017,0.22262419176189566,0.09039936760390004,2.711020410054739,1.1987639133175905,5.254648840764149,0.024695366269077455,0.7937186978297162,0.007587297502583749,0.003706486143220617,0.0006002986551673684
RAFT-Stereo,dataset_7_keyframe_3,0.9,learned_calibrated,561,388089,240929,9573,1.4913889204818649,1.5016122996907544,0.33486648657411017,0.22261646156105058,0.09039421415332118,2.710962280472258,1.198752831838256,5.254442082897474,0.024667022255204347,0.7944218113444061,0.007587297502583749,0.003706486143220617,0.0005751185126325567
RAFT-Stereo,dataset_7_keyframe_3,0.9,unwarped_previous_control,561,388089,240929,229334,1.4761415969354996,1.5016122996907544,0.3299088617345232,0.22128429345249429,0.08822203202472186,2.679107057823645,1.1753338333432748,5.258533807027645,0.5909314615977262,0.5096758439655699,0.4888369602663025,0.2162711836267116,0.024157260932158125
RAFT-Stereo,dataset_7_keyframe_3,0.9,identity_no_flow_control,561,388089,240929,229334,1.4761415969354996,1.5016122996907544,0.3299088617345232,0.22128429345249429,0.08822203202472186,2.679107057823645,1.1753338333432748,5.258533807027645,0.5909314615977262,0.5096758439655699,0.4888369602663025,0.2162711836267116,0.024157260932158125
RAFT-Stereo,dataset_7_keyframe_3,0.9,shuffled_memory_control,561,388089,240929,229334,1.5159251210048412,1.5016122996907544,0.3374329094886915,0.22775188199266058,0.0936975796522786,2.7013794035708556,1.218860630921184,5.312446761954164,0.5909314615977262,0.4842587666896317,0.4888369602663025,0.1962901933764719,0.035847301316309234
StereoAnywhere,dataset_7_keyframe_3,0.05,raw,583,3399454,2557462,0,1.4928792051407442,1.4928792051407442,0.1757517532674826,0.1270886445139501,0.08655890068760073,3.9673329515473306,1.0330829230707237,8.161801895134586,0.0,0.0,0.0,0.0,0.0
StereoAnywhere,dataset_7_keyframe_3,0.05,aligned_memory,583,3399454,2557462,1875591,1.4998250205548247,1.4928792051407442,0.176256834054004,0.12686007848771816,0.08662802916265293,3.9916947801621334,1.036633744676162,8.230235842898859,0.5517330135957127,0.5166408881253962,0.4729172906576911,0.2073442342447317,0.014021423528587248
StereoAnywhere,dataset_7_keyframe_3,0.05,fixed_blend_50,583,3399454,2557462,1875591,1.4837610375836452,1.4928792051407442,0.17966296963663297,0.1276163762083729,0.08651448183072155,3.942073490436087,1.0269250645465062,8.136062037954634,0.5517330135957127,0.560780575296,0.4729172906576911,0.17769452683949946,0.007838125966221026
StereoAnywhere,dataset_7_keyframe_3,0.05,oracle_raw_memory,583,3399454,2557462,995662,1.3238167767912628,1.4928792051407442,0.1594394276613993,0.11631485545990322,0.07865204231853216,3.6355412167911663,0.8955322073873299,7.690108188950412,0.2928887992012835,0.9732288668242838,0.25539577909662003,0.0,0.0
StereoAnywhere,dataset_7_keyframe_3,0.05,learned_no_abstention,583,3399454,2557462,143045,1.3907618180084527,1.4928792051407442,0.16632170946876407,0.11994426167588745,0.0812189253400777,3.8056228739781295,0.9435193434404493,7.833295589007707,0.04207881618636405,0.8580236988360306,0.015039519648776796,0.004815320814150904,0.0005359267843113901
StereoAnywhere,dataset_7_keyframe_3,0.05,learned_calibrated,583,3399454,2557462,143043,1.3907616972822092,1.4928792051407442,0.16632170946876407,0.11994426167588745,0.0812189253400777,3.8056218924598353,0.9435193434404493,7.833295589007707,0.042078227856591086,0.8580287046552435,0.015039519648776796,0.004815320814150904,0.0005359267843113901
StereoAnywhere,dataset_7_keyframe_3,0.05,unwarped_previous_control,583,3399454,2557462,1875591,1.4744263631296226,1.4928792051407442,0.17623153618022117,0.1262190934114291,0.08573376800190344,3.92159202874109,1.0248225147907655,8.084123241818478,0.5517330135957127,0.5030633011141555,0.4729172906576911,0.20819077663715044,0.016258952617166846
StereoAnywhere,dataset_7_keyframe_3,0.05,identity_no_flow_control,583,3399454,2557462,1875591,1.4744263631296226,1.4928792051407442,0.17623153618022117,0.1262190934114291,0.08573376800190344,3.92159202874109,1.0248225147907655,8.084123241818478,0.5517330135957127,0.5030633011141555,0.4729172906576911,0.20819077663715044,0.016258952617166846
StereoAnywhere,dataset_7_keyframe_3,0.05,shuffled_memory_control,583,3399454,2557462,1875591,1.5918302087424885,1.4928792051407442,0.1931224848591303,0.13652839528495525,0.09113139925400268,4.102132666693963,1.134166882035525,8.390209197440935,0.5517330135957127,0.4619226686415109,0.4729172906576911,0.20864591536452937,0.02852343373177863
StereoAnywhere,dataset_7_keyframe_3,0.25,raw,583,3271753,2507536,0,1.3453216015733818,1.3453216015733818,0.1616714341260321,0.1157254226447995,0.0776363617589469,3.6445905558781133,0.9928439212021655,7.512845559858586,0.0,0.0,0.0,0.0,0.0
StereoAnywhere,dataset_7_keyframe_3,0.25,aligned_memory,583,3271753,2507536,1782469,1.3499302660118748,1.3453216015733818,0.1620971993917369,0.11554264611268243,0.07774670024277061,3.659281745131558,0.9958803407718053,7.566803554108913,0.5448054911235659,0.521444692726774,0.47129054179082575,0.2053900721664614,0.013266789990012176
StereoAnywhere,dataset_7_keyframe_3,0.25,fixed_blend_50,583,3271753,2507536,1782469,1.335425874382719,1.3453216015733818,0.16558615474347868,0.11639998493009913,0.07771858082377449,3.6111866854720076,0.9864889954014436,7.469665353890895,0.5448054911235659,0.5667352419593272,0.47129054179082575,0.17579568149769334,0.007499897523420469
StereoAnywhere,dataset_7_keyframe_3,0.25,oracle_raw_memory,583,3271753,2507536,955697,1.1865497071422157,1.3453216015733818,0.14568856495491056,0.10540526726627793,0.07007772284615396,3.320665091846728,0.8600937712461147,7.078062322725751,0.2921054859581393,0.9725456917830652,0.25569244070673364,0.0,0.0
StereoAnywhere,dataset_7_keyframe_3,0.25,learned_no_abstention,583,3271753,2507536,132409,1.2499508127139558,1.3453216015733818,0.15212914901418964,0.1085656525257938,0.0723162779874754,3.4940626670169923,0.9070529364224238,7.218160783008179,0.040470353354914015,0.8609535605585723,0.014875559114604935,0.004619275655464169,0.00043935354606792874
StereoAnywhere,dataset_7_keyframe_3,0.25,learned_calibrated,583,3271753,2507536,132408,1.2499508265705677,1.3453216015733818,0.15212914901418964,0.1085656525257938,0.0723162779874754,3.494062811430857,0.9070529364224238,7.218160783008179,0.040470047708369185,0.860952510422331,0.014875559114604935,0.004619275655464169,0.00043935354606792874
StereoAnywhere,dataset_7_keyframe_3,0.25,unwarped_previous_control,583,3271753,2507536,1782469,1.329265504025636,1.3453216015733818,0.16222557126140635,0.11481673549468205,0.07676465772228631,3.6069356438251146,0.98605876445719,7.43521196027328,0.5448054911235659,0.5063762679743659,0.47129054179082575,0.20622116691445308,0.015040198440116196
StereoAnywhere,dataset_7_keyframe_3,0.25,identity_no_flow_control,583,3271753,2507536,1782469,1.329265504025636,1.3453216015733818,0.16222557126140635,0.11481673549468205,0.07676465772228631,3.6069356438251146,0.98605876445719,7.43521196027328,0.5448054911235659,0.5063762679743659,0.47129054179082575,0.20622116691445308,0.015040198440116196
StereoAnywhere,dataset_7_keyframe_3,0.25,shuffled_memory_control,583,3271753,2507536,1782469,1.4339934114225024,1.3453216015733818,0.17916817020889275,0.12487525780449586,0.08164827855094055,3.7692900228583324,1.0878572727443185,7.653963800452127,0.5448054911235659,0.4640411698604576,0.47129054179082575,0.206763133211248,0.02686554695495342
StereoAnywhere,dataset_7_keyframe_3,0.5,raw,583,2672683,2085753,0,1.1767840968805767,1.1767840968805767,0.1520947301008068,0.10922320363149471,0.06994394761166338,3.142491720046478,0.8986175405203537,6.367951090207169,0.0,0.0,0.0,0.0,0.0
StereoAnywhere,dataset_7_keyframe_3,0.5,aligned_memory,583,2672683,2085753,1367212,1.1795997199223536,1.1767840968805767,0.15255456754041644,0.10918129846611598,0.07025898700386204,3.1557099200618706,0.900772336427053,6.404328240050415,0.5115503784025266,0.5310346895726485,0.44305485836530023,0.18556895279546523,0.010691666307373247
StereoAnywhere,dataset_7_keyframe_3,0.5,fixed_blend_50,583,2672683,2085753,1367212,1.1675017567261177,1.1767840968805767,0.15469623581879163,0.10984617326649211,0.0700517045630259,3.118267077253486,0.8927886959085355,6.3456404082431295,0.5115503784025266,0.5761088989856731,0.44305485836530023,0.1583859642057329,0.006194740682530126
StereoAnywhere,dataset_7_keyframe_3,0.5,oracle_raw_memory,583,2672683,2085753,746750,1.0568263036907246,1.1767840968805767,0.14054678374334775,0.10145348311366961,0.0641407905262979,2.918701768005279,0.7969319934767861,6.119005926819656,0.2794008866745514,0.9722624707063944,0.2477637572617659,0.0,0.0
StereoAnywhere,dataset_7_keyframe_3,0.5,learned_no_abstention,583,2672683,2085753,89545,1.1137708479575101,1.1767840968805767,0.1460105815422697,0.10423682859374758,0.06612419041602519,3.0550073568504863,0.8401775717344168,6.231839081615818,0.03350378627020114,0.8436986989781674,0.014743356476054452,0.004351426079694,0.0003836047082637111
StereoAnywhere,dataset_7_keyframe_3,0.5,learned_calibrated,583,2672683,2085753,89545,1.1137708479575101,1.1767840968805767,0.1460105815422697,0.10423682859374758,0.06612419041602519,3.0550073568504863,0.8401775717344168,6.231839081615818,0.03350378627020114,0.8436986989781674,0.014743356476054452,0.004351426079694,0.0003836047082637111
StereoAnywhere,dataset_7_keyframe_3,0.5,unwarped_previous_control,583,2672683,2085753,1367212,1.1714203531699012,1.1767840968805767,0.15250667606271476,0.10897551264268156,0.06965098387467554,3.172931527901427,0.8975071638674998,6.400167629751138,0.5115503784025266,0.5190072936750116,0.44305485836530023,0.18490444458188482,0.012595112647635477
StereoAnywhere,dataset_7_keyframe_3,0.5,identity_no_flow_control,583,2672683,2085753,1367212,1.1714203531699012,1.1767840968805767,0.15250667606271476,0.10897551264268156,0.06965098387467554,3.172931527901427,0.8975071638674998,6.400167629751138,0.5115503784025266,0.5190072936750116,0.44305485836530023,0.18490444458188482,0.012595112647635477
StereoAnywhere,dataset_7_keyframe_3,0.5,shuffled_memory_control,583,2672683,2085753,1367212,1.232697384875487,1.1767840968805767,0.16611135679739097,0.11592583200172575,0.07284066222698053,3.25629665259173,0.9590175917261162,6.520959465517222,0.5115503784025266,0.47450651398612653,0.44305485836530023,0.18243579177400202,0.02134085291649536
StereoAnywhere,dataset_7_keyframe_3,0.9,raw,561,388089,242933,0,1.4656470118748282,1.4656470118748282,0.3281876066325774,0.2176304924146032,0.09299670943047451,2.628758109586719,1.1908621808486066,5.230410204788164,0.0,0.0,0.0,0.0,0.0
StereoAnywhere,dataset_7_keyframe_3,0.9,aligned_memory,561,388089,242933,210310,1.461261759046872,1.4656470118748282,0.3269765436701503,0.2174217769620149,0.0940093640572685,2.6199760067743307,1.1870399318575047,5.257231706255043,0.5419117779684557,0.5097807997717655,0.44697920825906734,0.18895744917322882,0.013471234721933177
StereoAnywhere,dataset_7_keyframe_3,0.9,fixed_blend_50,561,388089,242933,210310,1.4550241142591769,1.4656470118748282,0.32646377522522435,0.21662556831247473,0.09301216982368311,2.6084630159712128,1.18427333985331,5.237249568510016,0.5419117779684557,0.5428320098901621,0.44697920825906734,0.16263331865164468,0.007065555122550013
StereoAnywhere,dataset_7_keyframe_3,0.9,oracle_raw_memory,561,388089,242933,109376,1.4020305551742638,1.4656470118748282,0.31843211221014306,0.21137934882271833,0.08951297252994937,2.5184499353464664,1.1441666263250236,5.171503961994421,0.28183226012589896,0.980215038033938,0.24972317470248998,0.0,0.0
StereoAnywhere,dataset_7_keyframe_3,0.9,learned_no_abstention,561,388089,242933,10858,1.4557734020663593,1.4656470118748282,0.32638905034677873,0.2160586881927156,0.0923731411350728,2.597909552501104,1.1869668982093506,5.209639772645966,0.02797811842128996,0.8154356235034076,0.009245347482639246,0.004388041147147567,0.0005176221643093885
StereoAnywhere,dataset_7_keyframe_3,0.9,learned_calibrated,561,388089,242933,10858,1.4557734020663593,1.4656470118748282,0.32638905034677873,0.2160586881927156,0.0923731411350728,2.597909552501104,1.1869668982093506,5.209639772645966,0.02797811842128996,0.8154356235034076,0.009245347482639246,0.004388041147147567,0.0005176221643093885
StereoAnywhere,dataset_7_keyframe_3,0.9,unwarped_previous_control,561,388089,242933,210310,1.4447191228516747,1.4656470118748282,0.3230831065757016,0.2147213660075392,0.09014169436038265,2.5789362036086607,1.1657271125340338,5.230251179357847,0.5419117779684557,0.5103656507061005,0.44697920825906734,0.18926205990952238,0.017157959136018936
StereoAnywhere,dataset_7_keyframe_3,0.9,identity_no_flow_control,561,388089,242933,210310,1.4447191228516747,1.4656470118748282,0.3230831065757016,0.2147213660075392,0.09014169436038265,2.5789362036086607,1.1657271125340338,5.230251179357847,0.5419117779684557,0.5103656507061005,0.44697920825906734,0.18926205990952238,0.017157959136018936
StereoAnywhere,dataset_7_keyframe_3,0.9,shuffled_memory_control,561,388089,242933,210310,1.4811802876866955,1.4656470118748282,0.32978260100761053,0.22136417196451044,0.09544717845412809,2.5970822233481017,1.2047353167159836,5.2742746387203505,0.5419117779684557,0.4875992582378394,0.44697920825906734,0.17422910843730577,0.028584726781138662
S2M2-S,dataset_7_keyframe_4,0.05,raw,2058,19800036,12359469,0,0.63847308134387,0.63847308134387,0.1747753890463086,0.029071714746269555,0.007177764710716223,1.007645857342959,0.5770265801782656,1.7251405295243103,0.0,0.0,0.0,0.0,0.0
S2M2-S,dataset_7_keyframe_4,0.05,aligned_memory,2058,19800036,12359469,12709932,0.6300439067129526,0.63847308134387,0.1714997386868596,0.02826419087994323,0.006878977368173668,0.9968493793509337,0.568724703976987,1.7081882703580267,0.6419145904583203,0.5332378646872383,0.5719843627586266,0.29801838574132916,0.007981802029872738
S2M2-S,dataset_7_keyframe_4,0.05,fixed_blend_50,2058,19800036,12359469,12709932,0.6287817501983415,0.63847308134387,0.17345382562079992,0.027045657900884205,0.0064184226593607336,0.9977691819300224,0.5672707925216939,1.6981561187136438,0.6419145904583203,0.5598191241306405,0.5719843627586266,0.27140033281365084,0.0030903160995168666
S2M2-S,dataset_7_keyframe_4,0.05,oracle_raw_memory,2058,19800036,12359469,6869341,0.5471823536382442,0.63847308134387,0.14499493829164273,0.021288345058333484,0.004968021268626563,0.9092900753801262,0.48690244513116954,1.5573087895154296,0.34693578334908076,0.9866182214567598,0.26647795305769206,0.0,0.0
S2M2-S,dataset_7_keyframe_4,0.05,learned_no_abstention,2058,19800036,12359469,2989457,0.5889296705508958,0.63847308134387,0.15609623117976756,0.022696019245831044,0.005316555984028297,0.9573894408572313,0.5276239677749723,1.6282575997527369,0.15098240225421813,0.7966068754292167,0.07655968067883823,0.03176657508506231,0.0005496396395115066
S2M2-S,dataset_7_keyframe_4,0.05,learned_calibrated,2058,19800036,12359469,2989358,0.5889307356368,0.63847308134387,0.15609804935659738,0.022696120251953972,0.005316000431413544,0.9573811047814969,0.5276292782380174,1.628259639041201,0.15097740226330902,0.796614858441177,0.07655870976334016,0.03176560416956424,0.0005470638810116787
S2M2-S,dataset_7_keyframe_4,0.05,unwarped_previous_control,2058,19800036,12359469,12709932,0.6380433039284497,0.63847308134387,0.17406261231639272,0.028749038495861128,0.007124835532911529,0.9967808181120396,0.5755442891031753,1.7244233651061271,0.6419145904583203,0.4793633042253885,0.5719843627586266,0.2925751907302814,0.00905456626741309
S2M2-S,dataset_7_keyframe_4,0.05,identity_no_flow_control,2058,19800036,12359469,12709932,0.6380433039284497,0.63847308134387,0.17406261231639272,0.028749038495861128,0.007124835532911529,0.9967808181120396,0.5755442891031753,1.7244233651061271,0.6419145904583203,0.4793633042253885,0.5719843627586266,0.2925751907302814,0.00905456626741309
S2M2-S,dataset_7_keyframe_4,0.05,shuffled_memory_control,2058,19800036,12359469,12709932,0.6945660920155754,0.63847308134387,0.1837176456822593,0.03568725829507415,0.011347656131086814,1.0437988099706446,0.6330042276749093,1.8587550433640356,0.6419145904583203,0.48197480521532293,0.5719843627586266,0.30527775910113936,0.017981895908724448
S2M2-S,dataset_7_keyframe_4,0.25,raw,1961,12632773,8722889,0,0.5439080225149893,0.5439080225149893,0.13115164793995976,0.023050600152245325,0.006096127912113462,0.9851932934271133,0.49067251707764126,1.5101467175133683,0.0,0.0,0.0,0.0,0.0
S2M2-S,dataset_7_keyframe_4,0.25,aligned_memory,1961,12632773,8722889,7619617,0.5367801787499697,0.5439080225149893,0.1288439996234066,0.022529970251994883,0.005783924105792175,0.9753024331750969,0.483634792407085,1.4908311534151966,0.603162662702797,0.5285290586127885,0.5442325358032184,0.27500751184613265,0.006454480008528369
S2M2-S,dataset_7_keyframe_4,0.25,fixed_blend_50,1961,12632773,8722889,7619617,0.5359411765298977,0.5439080225149893,0.13064344605169884,0.021474540969032913,0.00538812816454712,0.9769692908847945,0.482699692080457,1.4886098539472465,0.603162662702797,0.5568455737342178,0.5442325358032184,0.2505812007925356,0.002475374928156384
S2M2-S,dataset_7_keyframe_4,0.25,oracle_raw_memory,1961,12632773,8722889,4093565,0.46567179556991506,0.5439080225149893,0.10839607406013918,0.016932070306311192,0.004100366551946444,0.8953198628117908,0.41374757335032786,1.36885348825977,0.3240432642935957,0.9837852825104768,0.2615789333098243,0.0,0.0
S2M2-S,dataset_7_keyframe_4,0.25,learned_no_abstention,1961,12632773,8722889,1456458,0.5011104915371025,0.5439080225149893,0.11636898734047431,0.017530038728328937,0.004219659463418635,0.9363510256637656,0.4484720994733586,1.4194400280167314,0.11529202654080778,0.8048670129862996,0.059646064509132235,0.02297323742168449,0.00015979499545301133
S2M2-S,dataset_7_keyframe_4,0.25,learned_calibrated,1961,12632773,8722889,1456434,0.5011054894182403,0.5439080225149893,0.11636811658387478,0.017528455536108174,0.004219659463418635,0.9363402875767515,0.4484679108495457,1.4194208117641403,0.11529012672039622,0.8048789028545063,0.059644688818119775,0.02297186173067203,0.00015798620773300142
S2M2-S,dataset_7_keyframe_4,0.25,unwarped_previous_control,1961,12632773,8722889,7619617,0.5391213631406475,0.5439080225149893,0.1288268221313797,0.022456668793569255,0.005951662371248969,0.951881012595054,0.4872019619727321,1.4946268864847783,0.603162662702797,0.4793483714470163,0.5442325358032184,0.27021334330862173,0.006953895483086676
S2M2-S,dataset_7_keyframe_4,0.25,identity_no_flow_control,1961,12632773,8722889,7619617,0.5391213631406475,0.5439080225149893,0.1288268221313797,0.022456668793569255,0.005951662371248969,0.951881012595054,0.4872019619727321,1.4946268864847783,0.603162662702797,0.4793483714470163,0.5442325358032184,0.27021334330862173,0.006953895483086676
S2M2-S,dataset_7_keyframe_4,0.25,shuffled_memory_control,1961,12632773,8722889,7619617,0.579992619170875,0.5439080225149893,0.1388738642054922,0.02771046375633184,0.008590908720612484,0.9810183795297641,0.529233336936693,1.572376772048347,0.603162662702797,0.4761631719809539,0.5442325358032184,0.27963659746214814,0.01364298829811721
S2M2-S,dataset_7_keyframe_4,0.5,raw,1913,3652263,2836540,0,0.40621327437690635,0.40621327437690635,0.08432525286280133,0.011875924620201749,0.002465594634970756,0.5769967441708612,0.35204761802952667,0.9446104510258638,0.0,0.0,0.0,0.0,0.0
S2M2-S,dataset_7_keyframe_4,0.5,aligned_memory,1913,3652263,2836540,1879440,0.4025160724957762,0.40621327437690635,0.08407198527345147,0.011741487466345943,0.0022914560282263656,0.5714202301131798,0.3488113245230867,0.9342676413763479,0.5145960189613946,0.5274869109947644,0.47596332151141885,0.22732836483885296,0.002359903309483545
S2M2-S,dataset_7_keyframe_4,0.5,fixed_blend_50,1913,3652263,2836540,1879440,0.40121248913106144,0.40621327437690635,0.08420669616490437,0.011402793295668281,0.002312812641056545,0.571602577468681,0.347080626211391,0.9323168515143166,0.5145960189613946,0.5616039884220831,0.47596332151141885,0.20479351604419468,0.0009530935707713302
S2M2-S,dataset_7_keyframe_4,0.5,oracle_raw_memory,1913,3652263,2836540,1014564,0.35981272846232687,0.40621327437690635,0.07379287887191849,0.009880723290508665,0.0019015607682304455,0.5221424909960487,0.3059948254404154,0.8742839351404866,0.2777905096100692,0.9771488048067939,0.24029310356984213,0.0,0.0
S2M2-S,dataset_7_keyframe_4,0.5,learned_no_abstention,1913,3652263,2836540,154686,0.39200900009244594,0.40621327437690635,0.07920021119673316,0.010345366734645955,0.0019722019057730037,0.5585966043270756,0.3382992604423629,0.9207636582779335,0.04235346687793294,0.785462162057329,0.01819963758663724,0.008145487107532417,0.00012570831302828543
S2M2-S,dataset_7_keyframe_4,0.5,learned_calibrated,1913,3652263,2836540,154676,0.39200029908722994,0.40621327437690635,0.07919829457087788,0.010342628710304736,0.0019722019057730037,0.5585937708133953,0.33827984453422083,0.9207517893003797,0.04235072884948318,0.785512943184463,0.018197522333547208,0.008143371854442385,0.00012261453156589504
S2M2-S,dataset_7_keyframe_4,0.5,unwarped_previous_control,1913,3652263,2836540,1879440,0.4042352709115092,0.40621327437690635,0.08382255074299177,0.011991743214395783,0.002356621103502478,0.5604802124408087,0.3502525095629999,0.9326894381498539,0.5145960189613946,0.49393383135402036,0.47596332151141885,0.22338024494630782,0.0029001992639811677
S2M2-S,dataset_7_keyframe_4,0.5,identity_no_flow_control,1913,3652263,2836540,1879440,0.4042352709115092,0.40621327437690635,0.08382255074299177,0.011991743214395783,0.002356621103502478,0.5604802124408087,0.3502525095629999,0.9326894381498539,0.5145960189613946,0.49393383135402036,0.47596332151141885,0.22338024494630782,0.0029001992639811677
S2M2-S,dataset_7_keyframe_4,0.5,shuffled_memory_control,1913,3652263,2836540,1879440,0.4373444781889297,0.40621327437690635,0.09476535557639686,0.0161549156121176,0.0036766246142517535,0.5854556936622071,0.38554926555874647,0.9988881548086261,0.5145960189613946,0.4675419273826246,0.47596332151141885,0.22859575398196394,0.00815680143735631
S2M2-S,dataset_7_keyframe_4,0.9,raw,812,22877,18218,0,0.3512335370144978,0.3512335370144978,0.06290160502820186,0.004939458958464924,0.00021856012458791265,0.2833992495040318,0.34113191574672264,0.8133759882283017,0.0,0.0,0.0,0.0,0.0
S2M2-S,dataset_7_keyframe_4,0.9,aligned_memory,812,22877,18218,9751,0.3517746551020707,0.3512335370144978,0.06325130102157843,0.006644228016458129,0.00034969620305341185,0.2881611855349441,0.34130155716711674,0.8119593161008166,0.4262359575119115,0.5487642293098144,0.3823690855198156,0.17537600175650456,0.004713542628332301
S2M2-S,dataset_7_keyframe_4,0.9,fixed_blend_50,812,22877,18218,9751,0.3500260080111899,0.3512335370144978,0.06281418078249869,0.00511430705070975,0.0002185601262163125,0.2841916057526605,0.33972060315667374,0.8099292100430754,0.4262359575119115,0.5726592144395447,0.3823690855198156,0.1646174113514107,0.0021247720274937946
S2M2-S,dataset_7_keyframe_4,0.9,oracle_raw_memory,812,22877,18218,5449,0.31370605637880816,0.3512335370144978,0.05433404785700824,0.003147265872750222,0.00013113607358029972,0.2551856089872128,0.3038160167076138,0.7567475111933211,0.23818682519561132,0.9820150486327767,0.20177846086288287,0.0,0.0
S2M2-S,dataset_7_keyframe_4,0.9,learned_no_abstention,812,22877,18218,495,0.34214320357775113,0.3512335370144978,0.05949206693533872,0.0031909778982540287,0.00013113607358029972,0.2788371343473681,0.3324832929940136,0.800810926483231,0.02163745246317262,0.8787878787878788,0.005653749039411571,0.0015369414864419804,0.0
S2M2-S,dataset_7_keyframe_4,0.9,learned_calibrated,812,22877,18218,495,0.34214320357775113,0.3512335370144978,0.05949206693533872,0.0031909778982540287,0.00013113607358029972,0.2788371343473681,0.3324832929940136,0.800810926483231,0.02163745246317262,0.8787878787878788,0.005653749039411571,0.0015369414864419804,0.0
S2M2-S,dataset_7_keyframe_4,0.9,unwarped_previous_control,812,22877,18218,9751,0.3448989466614342,0.3512335370144978,0.06067229143209563,0.006731652047273584,0.00039340823018561816,0.29053674924876355,0.3343074125751559,0.7969529639194962,0.4262359575119115,0.5489693364783099,0.3823690855198156,0.16330003293446044,0.004768182657850879
S2M2-S,dataset_7_keyframe_4,0.9,identity_no_flow_control,812,22877,18218,9751,0.3448989466614342,0.3512335370144978,0.06067229143209563,0.006731652047273584,0.00039340823018561816,0.29053674924876355,0.3343074125751559,0.7969529639194962,0.4262359575119115,0.5489693364783099,0.3823690855198156,0.16330003293446044,0.004768182657850879
S2M2-S,dataset_7_keyframe_4,0.9,shuffled_memory_control,812,22877,18218,9751,0.3737587030209546,0.3512335370144978,0.07068234499824479,0.012020807275637733,0.0020544652229827717,0.30089570301551016,0.36281293769462486,0.8511142335255991,0.4262359575119115,0.5190236898779612,0.3823690855198156,0.15770117466242178,0.0112327029252372
RAFT-Stereo,dataset_7_keyframe_4,0.05,raw,2058,19800036,13236028,0,0.528794417726398,0.528794417726398,0.12877314944125812,0.01582926411720079,0.00534463671336365,0.9079445980142755,0.465176060548001,1.5448694960272993,0.0,0.0,0.0,0.0,0.0
RAFT-Stereo,dataset_7_keyframe_4,0.05,aligned_memory,2058,19800036,13236028,11963114,0.5203567575421166,0.528794417726398,0.12385068356230315,0.015595173654430425,0.0052737782788394895,0.8978324699919713,0.45663229777579223,1.5404720742421338,0.6041965782284436,0.5355975041281058,0.5418860552425546,0.27908606720989104,0.0031747631979746815
RAFT-Stereo,dataset_7_keyframe_4,0.05,fixed_blend_50,2058,19800036,13236028,11963114,0.518670295850539,0.528794417726398,0.12462012681750947,0.014952447537268924,0.004948425349047658,0.8949819996126552,0.4554298292159042,1.5119142232811702,0.6041965782284436,0.5628736798796701,0.5418860552425546,0.25573011782688887,0.0011854396812573885
RAFT-Stereo,dataset_7_keyframe_4,0.05,oracle_raw_memory,2058,19800036,13236028,6503934,0.46050979917478124,0.528794417726398,0.10545955571234937,0.012572603367711923,0.004175093418220655,0.8210184546964405,0.40018049199243794,1.3752125327389304,0.3284809179134826,0.9851597510060834,0.25554214602749403,0.0,0.0
RAFT-Stereo,dataset_7_keyframe_4,0.05,learned_no_abstention,2058,19800036,13236028,2146535,0.5156476907984343,0.528794417726398,0.1219520505162679,0.01508365939968046,0.005329485265909131,0.8927240695821412,0.45215769094372926,1.5223937144181017,0.108410661475565,0.7286319580160584,0.06179119596906262,0.02577676626250715,0.0009973086068457114
RAFT-Stereo,dataset_7_keyframe_4,0.05,learned_calibrated,2058,19800036,13236028,2145963,0.5157430298188156,0.528794417726398,0.12196674758426396,0.015100124022977845,0.0053384751508345546,0.8928906262958958,0.4522320833704644,1.5229267861531286,0.10838177263920126,0.7285936430404438,0.061790289352666825,0.025775859646111357,0.0009939776549919492
RAFT-Stereo,dataset_7_keyframe_4,0.05,unwarped_previous_control,2058,19800036,13236028,11963114,0.5320763455146477,0.528794417726398,0.12670835547942033,0.016513757844805733,0.005703120930992501,0.9027638358693822,0.46711488866858053,1.5550683291129945,0.6041965782284436,0.4723829431032756,0.5418860552425546,0.2717052275803587,0.004543422703963527
RAFT-Stereo,dataset_7_keyframe_4,0.05,identity_no_flow_control,2058,19800036,13236028,11963114,0.5320763455146477,0.528794417726398,0.12670835547942033,0.016513757844805733,0.005703120930992501,0.9027638358693822,0.46711488866858053,1.5550683291129945,0.6041965782284436,0.4723829431032756,0.5418860552425546,0.2717052275803587,0.004543422703963527
RAFT-Stereo,dataset_7_keyframe_4,0.05,shuffled_memory_control,2058,19800036,13236028,11963114,0.594271527648325,0.528794417726398,0.13646667096536338,0.024649854216956077,0.010296900434915891,0.9569016890371567,0.5285598313626256,1.7081111827941433,0.6041965782284436,0.4724621866848381,0.5418860552425546,0.2902277027519132,0.013467791416209138
RAFT-Stereo,dataset_7_keyframe_4,0.25,raw,1961,12632773,9304350,0,0.43271422341955434,0.43271422341955434,0.08790358223205749,0.010154619270035584,0.0033090913654196478,0.8593426917676045,0.38090541573215897,1.272480937142171,0.0,0.0,0.0,0.0,0.0
RAFT-Stereo,dataset_7_keyframe_4,0.25,aligned_memory,1961,12632773,9304350,7179649,0.4247237466631131,0.43271422341955434,0.08444456347840006,0.009918012474988516,0.0031369201426438295,0.8487733752711356,0.3729453282273883,1.2588683625286452,0.5683351549180848,0.5315073202046506,0.519320425392424,0.2597052991342759,0.00196583222130192
RAFT-Stereo,dataset_7_keyframe_4,0.25,fixed_blend_50,1961,12632773,9304350,7179649,0.42423281782383443,0.43271422341955434,0.08494104992493194,0.009534644538470033,0.002957624586101961,0.8475508514162515,0.3728266266190435,1.2449429168584163,0.5683351549180848,0.5607024800237449,0.519320425392424,0.23781639770644913,0.000705019669943235
RAFT-Stereo,dataset_7_keyframe_4,0.25,oracle_raw_memory,1961,12632773,9304350,3885642,0.37734055559714497,0.43271422341955434,0.07235521446571831,0.008042098118310645,0.0025232781479341587,0.784557866666637,0.3281211185397249,1.1406579698015262,0.3075842493172323,0.982086357930041,0.2521289504371611,0.0,0.0
RAFT-Stereo,dataset_7_keyframe_4,0.25,learned_no_abstention,1961,12632773,9304350,961807,0.4216332085732054,0.43271422341955434,0.08405699998953504,0.009378463453759528,0.002994512770997271,0.8443316744162797,0.37040521250556824,1.236870784355393,0.07613585710754084,0.7361081797075713,0.04705411984716826,0.017808874343720946,0.0003582033707997078
RAFT-Stereo,dataset_7_keyframe_4,0.25,learned_calibrated,1961,12632773,9304350,961618,0.42166592333846314,0.43271422341955434,0.08406388682807195,0.009386379376846615,0.002995462681232379,0.8443535352668587,0.37045211632375724,1.237087716041677,0.0761208960217998,0.7360927104109948,0.04705293760445383,0.01780769210100652,0.00035561732639876714
RAFT-Stereo,dataset_7_keyframe_4,0.25,unwarped_previous_control,1961,12632773,9304350,7179649,0.4307815825344918,0.43271422341955434,0.0841604610043247,0.01022863309304516,0.003455694174326669,0.8319483374403438,0.38013595806760453,1.2557794789171384,0.5683351549180848,0.4721806038150333,0.519320425392424,0.25375431921628055,0.002727756482729783
RAFT-Stereo,dataset_7_keyframe_4,0.25,identity_no_flow_control,1961,12632773,9304350,7179649,0.4307815825344918,0.43271422341955434,0.0841604610043247,0.01022863309304516,0.003455694174326669,0.8319483374403438,0.38013595806760453,1.2557794789171384,0.5683351549180848,0.4721806038150333,0.519320425392424,0.25375431921628055,0.002727756482729783
RAFT-Stereo,dataset_7_keyframe_4,0.25,shuffled_memory_control,1961,12632773,9304350,7179649,0.4813166007873061,0.43271422341955434,0.09503052107996507,0.0175987488711176,0.007234595227364494,0.8692373640300064,0.4312734744797229,1.347192959853854,0.5683351549180848,0.4655478283130554,0.519320425392424,0.26922654457323725,0.010598695911101505
RAFT-Stereo,dataset_7_keyframe_4,0.5,raw,1913,3652263,2958311,0,0.3542341787471263,0.3542341787471263,0.06507472256289727,0.010291153773514675,0.0023599067277409445,0.5154949052924025,0.3048467454261318,0.8629452666207803,0.0,0.0,0.0,0.0,0.0
RAFT-Stereo,dataset_7_keyframe_4,0.5,aligned_memory,1913,3652263,2958311,1851771,0.3486042901399609,0.3542341787471263,0.0638615020302271,0.010018719938733212,0.002240802496974587,0.5059946662983289,0.29955194969924676,0.851028796504648,0.507020168043758,0.5316715727808676,0.4722941570375799,0.2221771139004655,0.0017122867192894708
RAFT-Stereo,dataset_7_keyframe_4,0.5,fixed_blend_50,1913,3652263,2958311,1851771,0.3476560045381039,0.3542341787471263,0.06376868288098017,0.009811177377261924,0.0021334717759609223,0.5061919502443692,0.29851704717232375,0.8480371510993777,0.507020168043758,0.5666764410934182,0.4722941570375799,0.20084433313468394,0.0006333107225479938
RAFT-Stereo,dataset_7_keyframe_4,0.5,oracle_raw_memory,1913,3652263,2958311,1009147,0.3125754814493926,0.3542341787471263,0.05685652993491875,0.00874553669866676,0.0018656925956213853,0.46185185688391056,0.2633427450665915,0.7952715956844866,0.27630731959883503,0.9756100944659202,0.2419099952641896,0.0,0.0
RAFT-Stereo,dataset_7_keyframe_4,0.5,learned_no_abstention,1913,3652263,2958311,94048,0.3509947893629407,0.3542341787471263,0.06416624469089979,0.009863747527004385,0.0021939822084010856,0.5097173278775772,0.3018450484012964,0.8538330816556413,0.025750609964287893,0.7087125723035046,0.014453855595304212,0.0058175087068262936,0.00027587330605293624
RAFT-Stereo,dataset_7_keyframe_4,0.5,learned_calibrated,1913,3652263,2958311,94002,0.3509942165523726,0.3542341787471263,0.0641659708881201,0.00986347373039362,0.002194256010069497,0.5097036022437218,0.3018832770263698,0.8538219594825176,0.025738015033419007,0.7088147060700836,0.014450813318816041,0.005814466430338122,0.00026853704998401514
RAFT-Stereo,dataset_7_keyframe_4,0.5,unwarped_previous_control,1913,3652263,2958311,1851771,0.35235193076903,0.3542341787471263,0.06381413406117019,0.010213393751238987,0.002334443061214152,0.5003390270996231,0.3031355216461569,0.8502129885973913,0.507020168043758,0.49497913078885025,0.4722941570375799,0.21846181824696592,0.002206483937618819
RAFT-Stereo,dataset_7_keyframe_4,0.5,identity_no_flow_control,1913,3652263,2958311,1851771,0.35235193076903,0.3542341787471263,0.06381413406117019,0.010213393751238987,0.002334443061214152,0.5003390270996231,0.3031355216461569,0.8502129885973913,0.507020168043758,0.49497913078885025,0.4722941570375799,0.21846181824696592,0.002206483937618819
RAFT-Stereo,dataset_7_keyframe_4,0.5,shuffled_memory_control,1913,3652263,2958311,1851771,0.4026485237958801,0.3542341787471263,0.07652570513819039,0.017869195216038667,0.00612962438130948,0.5349440919059917,0.3550162670102544,0.9299331673025085,0.507020168043758,0.462702461589473,0.4722941570375799,0.22909153229663817,0.010538838704476208
RAFT-Stereo,dataset_7_keyframe_4,0.9,raw,812,22877,18687,0,0.29837912952360246,0.29837912952360246,0.033920531919231015,0.0006556803867909366,0.000174848100712506,0.30163974393520593,0.28691735145280883,0.718862631531183,0.0,0.0,0.0,0.0,0.0
RAFT-Stereo,dataset_7_keyframe_4,0.9,aligned_memory,812,22877,18687,10488,0.2924946643174041,0.29837912952360246,0.03230318695706713,0.0009179525417678552,0.00034969620403045175,0.30471979031111335,0.27978641817075933,0.704852775463252,0.45845172006819074,0.5527269260106789,0.4303526515759619,0.19917589768288116,0.0003059841801550451
RAFT-Stereo,dataset_7_keyframe_4,0.9,fixed_blend_50,812,22877,18687,10488,0.2932879556137016,0.29837912952360246,0.032696595139377796,0.0006119683616128101,0.0002622721523714789,0.29790725104896865,0.2813155973590868,0.7059144824811664,0.45845172006819074,0.5827612509534706,0.4303526515759619,0.18146304917857334,0.0
RAFT-Stereo,dataset_7_keyframe_4,0.9,oracle_raw_memory,812,22877,18687,5912,0.26377940754635637,0.29837912952360246,0.02732001605834513,0.0006119683616128101,0.000174848100712506,0.2635103079709076,0.2523216344680081,0.6647552331293921,0.25842549285308386,0.9805480378890392,0.22438058543372397,0.0,0.0
RAFT-Stereo,dataset_7_keyframe_4,0.9,learned_no_abstention,812,22877,18687,214,0.29797331113876335,0.29837912952360246,0.03357083572114423,0.0007868164623253161,0.00021856012654199246,0.30361608663982537,0.28645430533576105,0.7166909235451642,0.00935437338811907,0.7336448598130841,0.0031037619735645103,0.001498367849307005,0.00013113607553437952
RAFT-Stereo,dataset_7_keyframe_4,0.9,learned_calibrated,812,22877,18687,214,0.29797331113876335,0.29837912952360246,0.03357083572114423,0.0007868164623253161,0.00021856012654199246,0.30361608663982537,0.28645430533576105,0.7166909235451642,0.00935437338811907,0.7336448598130841,0.0031037619735645103,0.001498367849307005,0.00013113607553437952
RAFT-Stereo,dataset_7_keyframe_4,0.9,unwarped_previous_control,812,22877,18687,10488,0.28756362514601863,0.29837912952360246,0.030816978078233585,0.0009616645669459817,0.00034969620403045175,0.3130627647978731,0.27449110364469764,0.6942954236937814,0.45845172006819074,0.5432875667429443,0.4303526515759619,0.18906191470005887,0.0003496962053331716
RAFT-Stereo,dataset_7_keyframe_4,0.9,identity_no_flow_control,812,22877,18687,10488,0.28756362514601863,0.29837912952360246,0.030816978078233585,0.0009616645669459817,0.00034969620403045175,0.3130627647978731,0.27449110364469764,0.6942954236937814,0.45845172006819074,0.5432875667429443,0.4303526515759619,0.18906191470005887,0.0003496962053331716
RAFT-Stereo,dataset_7_keyframe_4,0.9,shuffled_memory_control,812,22877,18687,10488,0.3174013656124348,0.29837912952360246,0.03842287050459889,0.00633824368197149,0.00297241763871248,0.3295113236106349,0.3059802358084429,0.7391296019147872,0.45845172006819074,0.5325133485888635,0.4303526515759619,0.17637930111842456,0.005769987347490886
StereoAnywhere,dataset_7_keyframe_4,0.05,raw,2058,19800036,13318467,0,0.4985682318733282,0.4985682318733282,0.12249694878071354,0.010815333818569013,0.002543530727105781,0.8583905707776384,0.43882390504244123,1.3680955440446403,0.0,0.0,0.0,0.0,0.0
StereoAnywhere,dataset_7_keyframe_4,0.05,aligned_memory,2058,19800036,13318467,11698958,0.4896510443691346,0.4985682318733282,0.11720054418031496,0.010729626888590282,0.002468985400569839,0.8476931078137788,0.42986732122121013,1.3535116158296994,0.5908553903639367,0.5347806189234973,0.5308216028166004,0.2729449267697251,0.0013025794541993497
StereoAnywhere,dataset_7_keyframe_4,0.05,fixed_blend_50,2058,19800036,13318467,11698958,0.49051400890669145,0.4985682318733282,0.11810523960838033,0.010605182715441572,0.002453833923994451,0.8496513228906042,0.43075483979181295,1.3488039373253793,0.5908553903639367,0.5602328002203273,0.5308216028166004,0.2508976446012893,0.0005484654604995511
StereoAnywhere,dataset_7_keyframe_4,0.05,oracle_raw_memory,2058,19800036,13318467,6349366,0.4417660622073321,0.4985682318733282,0.10195390526832822,0.00947291205115963,0.002198935389761804,0.7914885255973684,0.38397738940519754,1.263290174098652,0.3206744674605642,0.9853544432625242,0.2509535068863406,0.0,0.0
StereoAnywhere,dataset_7_keyframe_4,0.05,learned_no_abstention,2058,19800036,13318467,2284506,0.4882481125475917,0.4985682318733282,0.1166342826129816,0.01101008095814064,0.0024539349288293555,0.8454151958915986,0.42906397505422683,1.3594100279556804,0.11537888112930704,0.7019465039706615,0.07186833139279468,0.030767054496587332,0.0006813128619807935
StereoAnywhere,dataset_7_keyframe_4,0.05,learned_calibrated,2058,19800036,13318467,2284410,0.4882392733034377,0.4985682318733282,0.11663175739355178,0.011008262778150542,0.0024534298799024274,0.8453869422580158,0.42905771462470943,1.3593424293061949,0.11537403265327396,0.7019672475606393,0.07186495262555367,0.030763675729346327,0.0006786218787882693
StereoAnywhere,dataset_7_keyframe_4,0.05,unwarped_previous_control,2058,19800036,13318467,11698958,0.5005520586208142,0.4985682318733282,0.11947579269244489,0.011567857724256935,0.0028230756676318617,0.8508508921862186,0.43960049232348,1.372414352756876,0.5908553903639367,0.4714370288362434,0.5308216028166004,0.26631398343367896,0.0024949462997073605
StereoAnywhere,dataset_7_keyframe_4,0.05,identity_no_flow_control,2058,19800036,13318467,11698958,0.5005520586208142,0.4985682318733282,0.11947579269244489,0.011567857724256935,0.0028230756676318617,0.8508508921862186,0.43960049232348,1.372414352756876,0.5908553903639367,0.4714370288362434,0.5308216028166004,0.26631398343367896,0.0024949462997073605
StereoAnywhere,dataset_7_keyframe_4,0.05,shuffled_memory_control,2058,19800036,13318467,11698958,0.5608564496329974,0.4985682318733282,0.12917814862110158,0.01986622657181165,0.007569885241775055,0.9023836913715415,0.4996327932033282,1.5201389733813029,0.5908553903639367,0.47365235433788205,0.5308216028166004,0.28412984767691357,0.011321074920376316
StereoAnywhere,dataset_7_keyframe_4,0.25,raw,1961,12632773,9319282,0,0.4198229832050234,0.4198229832050234,0.08500801836178207,0.007618675637738871,0.0023066986122397166,0.8266084848006984,0.3698871806887306,1.1905022322577352,0.0,0.0,0.0,0.0,0.0
StereoAnywhere,dataset_7_keyframe_4,0.25,aligned_memory,1961,12632773,9319282,6999822,0.4121842870577845,0.4198229832050234,0.08150759916786723,0.007441596555192088,0.0022140032149444706,0.8160299786182909,0.36238740638183736,1.1739134979970514,0.5541001963701873,0.530935643792085,0.5065147722753749,0.2530168096640921,0.0007470934775196109
StereoAnywhere,dataset_7_keyframe_4,0.25,fixed_blend_50,1961,12632773,9319282,6999822,0.41296501824254783,0.4198229832050234,0.0820155637310525,0.007420698526934159,0.0022196235155576504,0.8183858239516859,0.3631298017470529,1.1715585322247921,0.5541001963701873,0.5586586344624191,0.5065147722753749,0.23243453733882075,0.00031473618972549674
StereoAnywhere,dataset_7_keyframe_4,0.25,oracle_raw_memory,1961,12632773,9319282,3782890,0.37236544012710393,0.4198229832050234,0.07155159052898635,0.006731142870334547,0.0019950489086810936,0.767476438986115,0.32413759312214285,1.1014989674329656,0.29945048486187476,0.9824380301832726,0.24641726690961815,0.0,0.0
StereoAnywhere,dataset_7_keyframe_4,0.25,learned_no_abstention,1961,12632773,9319282,1056651,0.4105339220540515,0.4198229832050234,0.08141395408242522,0.007411832699976627,0.0021272447524167547,0.8137864041438102,0.3612302438060378,1.1680152681855458,0.08364363073728943,0.7186545037103074,0.05521240799452146,0.021285438084178588,0.0002243806714547221
StereoAnywhere,dataset_7_keyframe_4,0.25,learned_calibrated,1961,12632773,9319282,1056592,0.41051961660654573,0.4198229832050234,0.08141062939807978,0.007408587172085778,0.0021262948420807805,0.8137435635634392,0.361218843985926,1.1678807148135453,0.08363896034544435,0.7186927404333934,0.05520875964478809,0.02128178973444521,0.0002209480944450869
StereoAnywhere,dataset_7_keyframe_4,0.25,unwarped_previous_control,1961,12632773,9319282,6999822,0.4170435684894029,0.4198229832050234,0.08037364397913896,0.007774144264019137,0.0024624047260092064,0.7937015975651852,0.36851308524608756,1.176791973823703,0.5541001963701873,0.4717561389418188,0.5065147722753749,0.24777230692235733,0.0014183529553735254
StereoAnywhere,dataset_7_keyframe_4,0.25,identity_no_flow_control,1961,12632773,9319282,6999822,0.4170435684894029,0.4198229832050234,0.08037364397913896,0.007774144264019137,0.0024624047260092064,0.7937015975651852,0.36851308524608756,1.176791973823703,0.5541001963701873,0.4717561389418188,0.5065147722753749,0.24777230692235733,0.0014183529553735254
StereoAnywhere,dataset_7_keyframe_4,0.25,shuffled_memory_control,1961,12632773,9319282,6999822,0.4686141699768475,0.4198229832050234,0.09164124118455319,0.015402952265493085,0.006556201028707534,0.8329502725743402,0.42078214866176494,1.270289726657371,0.5541001963701873,0.46695130247597727,0.5065147722753749,0.2633264021842026,0.009437461814133297
StereoAnywhere,dataset_7_keyframe_4,0.5,raw,1913,3652263,2975761,0,0.34462430133774535,0.34462430133774535,0.061046808730631945,0.008953079267427612,0.0017088035672418896,0.4928252739604945,0.299839956397243,0.8258149191408765,0.0,0.0,0.0,0.0,0.0
StereoAnywhere,dataset_7_keyframe_4,0.5,aligned_memory,1913,3652263,2975761,1752925,0.33958762751840127,0.34462430133774535,0.060029631134057196,0.00870665672702698,0.0016395314383033264,0.48460786419144286,0.2953169279858459,0.8170440662580452,0.4799558520292761,0.5353788667512871,0.44600658453417463,0.2077868484733821,0.0010474991633171685
StereoAnywhere,dataset_7_keyframe_4,0.5,fixed_blend_50,1913,3652263,2975761,1752925,0.3396994587981692,0.34462430133774535,0.06007042771444012,0.008717061201102008,0.0016165320060972704,0.48599567352719747,0.29510905965266615,0.8151291110718225,0.4799558520292761,0.567650070596289,0.44600658453417463,0.1890531531262087,0.0004485558005097885
StereoAnywhere,dataset_7_keyframe_4,0.5,oracle_raw_memory,1913,3652263,2975761,961037,0.3088433879955107,0.34462430133774535,0.05449114725405623,0.007990662261652605,0.00141117986874067,0.450783001708044,0.26409306515672604,0.772647392909471,0.26313466472704733,0.9765274385897733,0.23074870596126504,0.0,0.0
StereoAnywhere,dataset_7_keyframe_4,0.5,learned_no_abstention,1913,3652263,2975761,90846,0.3418166322188155,0.34462430133774535,0.060317945482048246,0.008581254992657545,0.0015428790351273893,0.4885633522134801,0.2970499852097943,0.8197670710817406,0.02487389325467525,0.7014287915813575,0.0142172035993482,0.005820359901215185,0.00015689582834272253
StereoAnywhere,dataset_7_keyframe_4,0.5,learned_calibrated,1913,3652263,2975761,90823,0.3417965420586072,0.34462430133774535,0.060313290831806865,0.008576600350057967,0.0015417838234731073,0.48854512706915465,0.29702298702417523,0.8197325825292642,0.024867595789240807,0.7016064212809531,0.014214179162909924,0.0058173354647769095,0.00015155461129778852
StereoAnywhere,dataset_7_keyframe_4,0.5,unwarped_previous_control,1913,3652263,2975761,1752925,0.3422329005730057,0.34462430133774535,0.05931281526433015,0.008891747425922485,0.0017101725732348826,0.4736545010070854,0.2981452439395832,0.8158004928918013,0.4799558520292761,0.49488654677182425,0.44600658453417463,0.20472947928277843,0.0015336703796911177
StereoAnywhere,dataset_7_keyframe_4,0.5,identity_no_flow_control,1913,3652263,2975761,1752925,0.3422329005730057,0.34462430133774535,0.05931281526433015,0.008891747425922485,0.0017101725732348826,0.4736545010070854,0.2981452439395832,0.8158004928918013,0.4799558520292761,0.49488654677182425,0.44600658453417463,0.20472947928277843,0.0015336703796911177
StereoAnywhere,dataset_7_keyframe_4,0.5,shuffled_memory_control,1913,3652263,2975761,1752925,0.39033349253294286,0.34462430133774535,0.0721089912344468,0.015520240627979706,0.004897785341534776,0.5058293520544717,0.3479290505921664,0.8978614220816863,0.4799558520292761,0.4645087496612804,0.44600658453417463,0.21685982173971632,0.008795488883198805
StereoAnywhere,dataset_7_keyframe_4,0.9,raw,812,22877,18549,0,0.3047199938184925,0.3047199938184925,0.03470734837337362,0.0010053765999404275,0.00013113607683709939,0.31270017048309107,0.29128961671710024,0.7211459954592264,0.0,0.0,0.0,0.0,0.0
StereoAnywhere,dataset_7_keyframe_4,0.9,aligned_memory,812,22877,18549,9350,0.2983124650333808,0.3047199938184925,0.03300257939865271,0.0010490886127427152,0.00017484810136386594,0.3125451354151787,0.28477197368834745,0.7124146844295038,0.4087074354154828,0.5645989304812834,0.36465577659173,0.16496846191169334,0.0005026882915025346
StereoAnywhere,dataset_7_keyframe_4,0.9,fixed_blend_50,812,22877,18549,9350,0.29998925986356206,0.3047199938184925,0.033264851481003,0.0008305284894575224,0.00017484810201522587,0.3112107479281502,0.2866246794517703,0.712570600148764,0.4087074354154828,0.5916577540106952,0.36465577659173,0.15273060542347297,0.00019670411525564907
StereoAnywhere,dataset_7_keyframe_4,0.9,oracle_raw_memory,812,22877,18549,5391,0.27298844397672484,0.3047199938184925,0.028194256601396357,0.0006119683616128101,8.7424050356253e-05,0.2867833030616501,0.25985848527997585,0.6743426654793906,0.23565152773527998,0.9792246336486737,0.1939727209013963,0.0,0.0
StereoAnywhere,dataset_7_keyframe_4,0.9,learned_no_abstention,812,22877,18549,182,0.3033058392554463,0.3047199938184925,0.03396424393125982,0.0006119683616128101,8.7424050356253e-05,0.3091085630722648,0.2903305552105961,0.7192016187064395,0.007955588582419024,0.7582417582417582,0.00253382931694431,0.0012938702895034773,0.0
StereoAnywhere,dataset_7_keyframe_4,0.9,learned_calibrated,812,22877,18549,180,0.3031249095529413,0.3047199938184925,0.03387681988220628,0.0006119683616128101,8.7424050356253e-05,0.30865220929010306,0.2903305552105961,0.7191691546563987,0.007868164532062771,0.7666666666666667,0.00253382931694431,0.0012938702895034773,0.0
StereoAnywhere,dataset_7_keyframe_4,0.9,unwarped_previous_control,812,22877,18549,9350,0.2925129510504948,0.3047199938184925,0.031079250247031547,0.001223936715409301,0.00034969620793861135,0.31773665979783877,0.27897420399452943,0.6974592598932458,0.4087074354154828,0.5551871657754011,0.36465577659173,0.15553399105073049,0.0006775363941691204
StereoAnywhere,dataset_7_keyframe_4,0.9,identity_no_flow_control,812,22877,18549,9350,0.2925129510504948,0.3047199938184925,0.031079250247031547,0.001223936715409301,0.00034969620793861135,0.31773665979783877,0.27897420399452943,0.6974592598932458,0.4087074354154828,0.5551871657754011,0.36465577659173,0.15553399105073049,0.0006775363941691204
StereoAnywhere,dataset_7_keyframe_4,0.9,shuffled_memory_control,812,22877,18549,9350,0.30709165869923993,0.3047199938184925,0.03645582927746169,0.0031035538207442085,0.0009616645567277728,0.32940904105774227,0.29391697558276014,0.7255194413918984,0.4087074354154828,0.5405347593582888,0.36465577659173,0.14998113105827807,0.0025571534995040275
