dataset,authorization,raw_wrong,incorrect_authorization,tsne1,tsne2
CREStereo,0.0,0.0,0.0,-24.015335,15.684406
CREStereo,1.0,1.0,0.0,38.39944,-21.43286
CREStereo,0.0,0.0,0.0,12.178949,-18.70263
CREStereo,0.0,0.0,0.0,-36.36241,-11.537387
CREStereo,0.0,0.0,0.0,-36.810856,-26.457396
CREStereo,0.0,0.0,0.0,13.27325,-27.065931
CREStereo,0.0,0.0,0.0,-14.81503,30.071138
CREStereo,0.0,0.0,0.0,-17.052319,-11.273416
CREStereo,0.0,0.0,0.0,-8.878139,3.313527
CREStereo,0.0,0.0,0.0,-36.305004,-7.8326273
CREStereo,0.0,0.0,0.0,-38.4284,-30.434359
CREStereo,0.0,0.0,0.0,-18.396696,-8.538246
CREStereo,0.0,0.0,0.0,-33.64427,-44.72616
CREStereo,0.0,0.0,0.0,-2.2757196,23.232353
CREStereo,0.0,0.0,0.0,-16.54918,7.1241736
CREStereo,0.0,0.0,0.0,-24.775438,-43.102787
CREStereo,0.0,0.0,0.0,10.421556,-12.2339525
CREStereo,0.0,0.0,0.0,9.212843,-9.365181
CREStereo,0.0,0.0,0.0,-26.151012,0.8201971
CREStereo,0.0,1.0,0.0,9.469604,60.66641
CREStereo,0.0,0.0,0.0,-4.152146,23.67503
CREStereo,1.0,0.0,1.0,20.430923,-29.19307
CREStereo,0.0,0.0,0.0,11.900411,-14.63116
CREStereo,0.0,1.0,0.0,1.6419622,33.5994
CREStereo,0.0,0.0,0.0,-34.916077,-26.346205
CREStereo,0.0,0.0,0.0,-10.289898,-7.1873713
CREStereo,0.0,0.0,0.0,0.9898031,21.916544
CREStereo,0.0,0.0,0.0,-17.70509,2.4722385
CREStereo,0.0,0.0,0.0,-13.970162,-3.15881
CREStereo,0.0,0.0,0.0,-0.95220894,23.009659
CREStereo,0.0,0.0,0.0,-5.5503445,28.479818
CREStereo,0.0,0.0,0.0,-22.22758,-48.490513
CREStereo,0.0,0.0,0.0,-34.906223,-24.5703
CREStereo,0.0,1.0,0.0,13.686933,-15.969166
CREStereo,0.0,0.0,0.0,-19.849577,19.086346
CREStereo,0.0,0.0,0.0,-13.002441,12.615984
CREStereo,0.0,0.0,0.0,-13.269236,-10.983518
CREStereo,0.0,0.0,0.0,-19.32447,17.359522
CREStereo,1.0,1.0,0.0,21.101997,-51.402313
CREStereo,0.0,0.0,0.0,-29.796268,-39.099266
CREStereo,0.0,0.0,0.0,-15.743633,27.16677
CREStereo,0.0,0.0,0.0,-15.9991865,-12.928681
CREStereo,0.0,1.0,0.0,11.819167,4.6767325
CREStereo,1.0,1.0,0.0,22.253315,-59.95753
CREStereo,0.0,0.0,0.0,-14.409214,36.97072
CREStereo,0.0,0.0,0.0,-12.707824,-4.8549514
CREStereo,0.0,0.0,0.0,-22.0334,14.854109
CREStereo,0.0,0.0,0.0,-15.796663,34.697987
CREStereo,0.0,1.0,0.0,-38.57803,-38.932056
CREStereo,0.0,0.0,0.0,-25.617102,-37.844345
CREStereo,0.0,0.0,0.0,-17.229008,-13.333874
CREStereo,0.0,0.0,0.0,-39.49957,-22.881077
CREStereo,0.0,0.0,0.0,-16.880125,4.2751646
CREStereo,0.0,0.0,0.0,-9.558537,12.314908
CREStereo,0.0,0.0,0.0,-20.220243,-41.50647
CREStereo,0.0,0.0,0.0,-24.702261,11.842128
CREStereo,0.0,0.0,0.0,-3.0952392,24.25173
CREStereo,0.0,0.0,0.0,10.753819,-14.333659
CREStereo,0.0,0.0,0.0,-5.225743,12.065375
CREStereo,0.0,0.0,0.0,1.2393314,30.081099
CREStereo,0.0,0.0,0.0,-17.391373,-10.209205
CREStereo,0.0,0.0,0.0,-20.132727,12.282955
CREStereo,0.0,0.0,0.0,-20.11083,-42.126667
CREStereo,0.0,0.0,0.0,-8.036516,3.3567123
CREStereo,0.0,0.0,0.0,-0.60845727,15.9818125
CREStereo,0.0,0.0,0.0,-1.8696835,25.569118
CREStereo,0.0,0.0,0.0,-16.88434,28.795725
CREStereo,0.0,0.0,0.0,12.29666,5.489466
CREStereo,1.0,1.0,0.0,25.711363,-51.450348
CREStereo,0.0,1.0,0.0,-8.6150465,-48.62036
CREStereo,1.0,0.0,1.0,14.891758,-27.96279
CREStereo,0.0,0.0,0.0,-6.575931,-7.9057364
CREStereo,0.0,0.0,0.0,-10.055002,7.4058957
CREStereo,0.0,1.0,0.0,-23.060741,-42.84377
CREStereo,1.0,1.0,0.0,23.087307,-52.91949
CREStereo,0.0,1.0,0.0,8.558721,61.557816
CREStereo,0.0,0.0,0.0,8.472752,-23.391582
CREStereo,1.0,1.0,0.0,46.445957,-31.781618
CREStereo,0.0,0.0,0.0,-44.842705,-19.126863
CREStereo,0.0,0.0,0.0,-16.615675,11.596703
CREStereo,0.0,0.0,0.0,-25.807735,-48.083935
CREStereo,0.0,0.0,0.0,-2.973983,32.475536
CREStereo,0.0,0.0,0.0,11.452582,-9.058464
CREStereo,0.0,0.0,0.0,-26.472174,-42.944115
CREStereo,0.0,0.0,0.0,-3.4243076,12.8953
CREStereo,0.0,1.0,0.0,-21.703789,-37.260677
CREStereo,0.0,0.0,0.0,-43.480167,-22.558186
CREStereo,0.0,0.0,0.0,-26.437292,-50.645447
CREStereo,0.0,0.0,0.0,-10.246009,0.35504785
CREStereo,0.0,1.0,0.0,7.9577913,-8.477269
CREStereo,0.0,0.0,0.0,-2.657477,38.584026
CREStereo,0.0,0.0,0.0,-29.466314,-33.469456
CREStereo,0.0,1.0,0.0,-26.296741,-40.395145
CREStereo,0.0,0.0,0.0,-13.699188,-11.979619
CREStereo,0.0,1.0,0.0,-7.8226247,-19.142328
CREStereo,0.0,0.0,0.0,-39.110165,-24.625322
CREStereo,0.0,0.0,0.0,-35.142063,35.66045
CREStereo,0.0,1.0,0.0,-8.776701,3.0196922
CREStereo,0.0,0.0,0.0,-6.531831,-7.5902963
CREStereo,0.0,0.0,0.0,12.080376,4.971701
CREStereo,0.0,0.0,0.0,8.75809,-13.092936
CREStereo,0.0,0.0,0.0,-10.770229,-6.9940853
CREStereo,0.0,0.0,0.0,-2.463904,23.225597
CREStereo,0.0,0.0,0.0,-23.197363,-40.652454
CREStereo,0.0,0.0,0.0,-42.56024,-20.316149
CREStereo,0.0,1.0,0.0,6.136396,-24.345402
CREStereo,0.0,0.0,0.0,-35.04522,-43.372555
CREStereo,0.0,0.0,0.0,-7.622218,-9.056162
CREStereo,0.0,1.0,0.0,9.19552,-12.742591
CREStereo,0.0,0.0,0.0,-1.6796007,-15.865444
CREStereo,0.0,0.0,0.0,-37.75827,-28.921268
CREStereo,0.0,0.0,0.0,-9.923566,-13.75262
CREStereo,0.0,1.0,0.0,11.56896,-20.297525
CREStereo,0.0,1.0,0.0,-12.276917,-47.800144
CREStereo,0.0,0.0,0.0,-22.602058,-39.42074
CREStereo,0.0,0.0,0.0,-20.870981,-42.200756
CREStereo,0.0,1.0,0.0,12.141159,-17.011005
CREStereo,0.0,0.0,0.0,10.082567,-23.425753
CREStereo,0.0,1.0,0.0,7.640249,-19.265915
CREStereo,0.0,0.0,0.0,-32.064453,-39.777042
CREStereo,0.0,0.0,0.0,-10.631703,16.919617
CREStereo,0.0,0.0,0.0,-11.078751,27.714931
CREStereo,0.0,1.0,0.0,6.1020894,-18.283705
CREStereo,0.0,0.0,0.0,-17.836018,-9.025842
CREStereo,0.0,0.0,0.0,10.401881,-17.095594
CREStereo,0.0,0.0,0.0,-9.931655,26.23421
CREStereo,0.0,0.0,0.0,-36.752964,-25.972107
CREStereo,0.0,0.0,0.0,-18.462156,-1.7825478
CREStereo,0.0,0.0,0.0,-33.25864,-7.3699117
CREStereo,0.0,0.0,0.0,-30.338268,-13.321415
CREStereo,0.0,0.0,0.0,0.74098736,31.733809
CREStereo,0.0,0.0,0.0,-34.26314,-13.792116
CREStereo,1.0,1.0,1.0,22.533585,-59.516968
CREStereo,0.0,0.0,0.0,-4.485173,18.586502
CREStereo,1.0,1.0,0.0,45.60894,-16.650644
CREStereo,0.0,0.0,0.0,-43.84606,-20.665335
CREStereo,0.0,0.0,0.0,-31.505995,-7.8923283
CREStereo,0.0,0.0,0.0,-5.254706,20.578188
CREStereo,0.0,0.0,0.0,-16.333464,0.46107274
CREStereo,0.0,0.0,0.0,-23.120798,7.9244127
CREStereo,0.0,0.0,0.0,-42.60503,-14.26498
CREStereo,0.0,0.0,0.0,-13.620361,36.794804
CREStereo,0.0,1.0,0.0,13.05129,-18.911573
CREStereo,0.0,0.0,0.0,-36.01734,-7.8457217
CREStereo,0.0,0.0,0.0,-24.487047,13.265203
CREStereo,0.0,0.0,0.0,-34.40499,-41.092438
CREStereo,0.0,0.0,0.0,-0.9279333,17.694326
CREStereo,0.0,0.0,0.0,10.467864,-14.158425
CREStereo,0.0,0.0,0.0,-13.520855,2.9884677
CREStereo,0.0,0.0,0.0,-25.418638,25.59642
CREStereo,0.0,0.0,0.0,-14.362058,-7.9981694
CREStereo,0.0,0.0,0.0,-38.084915,-24.735836
CREStereo,0.0,0.0,0.0,-40.466423,-26.368952
CREStereo,0.0,0.0,0.0,-24.306597,0.3378167
CREStereo,0.0,0.0,0.0,-9.287232,4.636557
CREStereo,0.0,0.0,0.0,-10.297797,27.132654
CREStereo,0.0,0.0,0.0,-6.266992,41.653484
CREStereo,0.0,0.0,0.0,-3.2338674,17.99729
CREStereo,0.0,0.0,0.0,1.3044196,33.576107
CREStereo,0.0,0.0,0.0,-9.521877,15.986659
CREStereo,0.0,0.0,0.0,-32.4704,-43.635765
CREStereo,0.0,0.0,0.0,5.4730763,-14.106582
CREStereo,0.0,0.0,0.0,-5.1800885,27.177393
CREStereo,0.0,0.0,0.0,-4.01877,17.125788
CREStereo,1.0,0.0,1.0,13.573525,-27.462778
CREStereo,0.0,0.0,0.0,-6.7043858,17.93793
CREStereo,0.0,0.0,0.0,-20.065928,-42.15663
CREStereo,0.0,0.0,0.0,12.446798,-9.87919
CREStereo,0.0,0.0,0.0,-39.040504,-23.137976
CREStereo,0.0,0.0,0.0,-15.064707,16.455605
CREStereo,0.0,0.0,0.0,-17.431026,-9.637968
CREStereo,0.0,0.0,0.0,-37.25511,-10.440073
CREStereo,1.0,1.0,0.0,20.48084,-52.147842
CREStereo,0.0,0.0,0.0,-22.556383,16.020351
CREStereo,0.0,0.0,0.0,-5.0738673,-13.416307
CREStereo,0.0,0.0,0.0,5.479972,-29.178453
CREStereo,0.0,0.0,0.0,-37.59684,-26.020126
CREStereo,0.0,0.0,0.0,0.41164258,-25.693127
CREStereo,0.0,0.0,0.0,-18.083904,-42.329132
CREStereo,1.0,1.0,0.0,20.244467,-31.170485
CREStereo,0.0,0.0,0.0,-44.104733,-19.38919
CREStereo,1.0,1.0,0.0,22.306488,-59.717896
CREStereo,0.0,0.0,0.0,11.219816,-18.391739
CREStereo,0.0,0.0,0.0,-5.095188,44.949158
CREStereo,0.0,1.0,0.0,13.892557,-21.938204
CREStereo,0.0,0.0,0.0,-34.49926,39.976288
CREStereo,1.0,1.0,0.0,23.505548,-52.70456
CREStereo,0.0,0.0,0.0,-38.12496,-28.073011
CREStereo,0.0,0.0,0.0,-11.928373,14.584456
CREStereo,0.0,0.0,0.0,10.593977,-16.102184
CREStereo,0.0,0.0,0.0,-9.788128,-13.772069
CREStereo,0.0,0.0,0.0,-32.114403,40.386536
CREStereo,0.0,0.0,0.0,-8.735349,8.908474
CREStereo,0.0,0.0,0.0,-2.4878569,-13.5716505
CREStereo,0.0,0.0,0.0,-27.292933,-42.782948
CREStereo,0.0,0.0,0.0,-24.973513,-37.05529
CREStereo,0.0,0.0,0.0,-22.260542,-14.74211
CREStereo,0.0,0.0,0.0,9.502427,-15.554237
CREStereo,0.0,0.0,0.0,-13.15398,-3.621936
CREStereo,0.0,1.0,0.0,-12.675795,-45.562473
CREStereo,1.0,1.0,0.0,21.388687,-56.76136
CREStereo,0.0,0.0,0.0,-14.758568,-5.162911
CREStereo,0.0,0.0,0.0,-28.75154,-35.330853
CREStereo,0.0,0.0,0.0,5.2323093,-29.419039
CREStereo,0.0,1.0,0.0,-25.147005,-41.154114
CREStereo,1.0,0.0,1.0,13.550859,3.3294497
CREStereo,0.0,0.0,0.0,5.889534,-14.382745
CREStereo,0.0,0.0,0.0,-36.122154,-44.42965
CREStereo,0.0,0.0,0.0,-1.0623558,26.246962
CREStereo,0.0,0.0,0.0,-10.542558,7.2237
CREStereo,1.0,0.0,1.0,11.614924,-35.951824
CREStereo,0.0,1.0,0.0,-14.260401,-12.041974
CREStereo,0.0,0.0,0.0,-15.062429,11.062726
CREStereo,0.0,0.0,0.0,-36.20741,-44.006447
CREStereo,0.0,0.0,0.0,-11.876043,44.87878
CREStereo,0.0,1.0,0.0,5.7848873,-30.422333
CREStereo,0.0,0.0,0.0,-16.631075,-0.6392186
CREStereo,0.0,0.0,0.0,-31.81685,-10.873674
CREStereo,1.0,0.0,1.0,22.507948,-56.31477
CREStereo,0.0,1.0,0.0,-12.87172,-49.09493
CREStereo,0.0,0.0,0.0,-21.693727,38.638847
CREStereo,0.0,0.0,0.0,-44.21407,-21.362635
CREStereo,0.0,0.0,0.0,-0.3182151,24.289207
CREStereo,0.0,0.0,0.0,-34.66157,-45.32455
CREStereo,0.0,0.0,0.0,-36.51889,39.426815
CREStereo,0.0,0.0,0.0,-23.128958,8.322982
CREStereo,0.0,0.0,0.0,9.313017,-12.720546
CREStereo,0.0,0.0,0.0,-12.573915,43.45004
CREStereo,0.0,0.0,0.0,-2.863781,13.903558
CREStereo,0.0,0.0,0.0,-0.11100191,24.460564
CREStereo,0.0,0.0,0.0,-3.6542509,-15.394497
CREStereo,0.0,0.0,0.0,-34.718224,36.37169
CREStereo,0.0,0.0,0.0,-9.407216,-0.64813185
CREStereo,0.0,0.0,0.0,-13.930668,0.9509289
CREStereo,0.0,0.0,0.0,14.229713,-18.924557
CREStereo,0.0,0.0,0.0,-13.515152,0.6939556
CREStereo,0.0,0.0,0.0,-4.61235,5.9387083
CREStereo,0.0,0.0,0.0,-31.428791,-43.450726
CREStereo,1.0,1.0,0.0,51.471268,-25.912037
CREStereo,0.0,0.0,0.0,-4.7846365,18.488255
CREStereo,0.0,0.0,0.0,-39.76628,-22.54787
CREStereo,0.0,0.0,0.0,-20.002151,-44.459164
CREStereo,0.0,0.0,0.0,-2.6140714,22.229427
CREStereo,0.0,0.0,0.0,-4.898193,21.153923
CREStereo,0.0,0.0,0.0,-1.8755282,33.922462
CREStereo,0.0,0.0,0.0,-4.844985,25.361467
CREStereo,1.0,1.0,0.0,19.183002,-50.047905
CREStereo,0.0,0.0,0.0,-23.89067,-42.980396
CREStereo,0.0,0.0,0.0,-43.299995,-23.312576
CREStereo,0.0,0.0,0.0,-11.834305,-11.901145
CREStereo,0.0,0.0,0.0,-14.98492,6.5917425
CREStereo,0.0,0.0,0.0,-8.519994,-13.200338
CREStereo,0.0,0.0,0.0,12.432181,6.5393453
CREStereo,0.0,0.0,0.0,-34.46127,-8.802936
CREStereo,0.0,0.0,0.0,-45.040314,-20.023468
CREStereo,0.0,1.0,0.0,10.034256,-32.027424
CREStereo,0.0,0.0,0.0,-25.660254,-36.547115
CREStereo,0.0,0.0,0.0,-37.43596,-11.95002
CREStereo,0.0,0.0,0.0,-23.903757,-50.548504
CREStereo,0.0,0.0,0.0,-12.437505,28.705765
CREStereo,0.0,0.0,0.0,3.047357,-45.61134
CREStereo,0.0,0.0,0.0,12.812998,6.4674497
CREStereo,0.0,0.0,0.0,-34.703983,39.27047
CREStereo,0.0,0.0,0.0,-16.871597,26.70609
CREStereo,0.0,0.0,0.0,-35.250626,-8.373988
CREStereo,0.0,0.0,0.0,14.109187,-20.786978
CREStereo,1.0,1.0,0.0,11.579078,-30.44044
CREStereo,0.0,1.0,0.0,-21.027111,-15.10106
CREStereo,0.0,0.0,0.0,-13.791404,-15.257141
CREStereo,0.0,0.0,0.0,13.865276,-22.659132
CREStereo,0.0,0.0,0.0,-28.583261,-38.44026
CREStereo,1.0,1.0,0.0,40.285988,-43.0637
CREStereo,0.0,0.0,0.0,-39.485363,-23.266817
CREStereo,0.0,0.0,0.0,-10.485634,19.978281
CREStereo,0.0,0.0,0.0,-3.684599,23.09861
CREStereo,0.0,0.0,0.0,-39.38956,-24.196692
CREStereo,0.0,0.0,0.0,-10.31381,-8.853853
CREStereo,0.0,0.0,0.0,-5.0864325,-15.798556
CREStereo,0.0,0.0,0.0,-17.017399,-14.787092
CREStereo,0.0,0.0,0.0,-19.516027,-39.742607
CREStereo,0.0,0.0,0.0,-34.265823,-42.490543
CREStereo,0.0,0.0,0.0,-16.87492,-14.809601
CREStereo,0.0,0.0,0.0,-7.0160913,-2.99256
CREStereo,0.0,1.0,0.0,9.86972,-12.5748005
CREStereo,0.0,0.0,0.0,-16.602358,-4.4471765
CREStereo,0.0,0.0,0.0,-7.028068,-9.176273
CREStereo,0.0,0.0,0.0,-21.88433,12.937494
CREStereo,0.0,0.0,0.0,-10.634877,13.258325
CREStereo,0.0,0.0,0.0,-10.420502,27.309412
CREStereo,0.0,1.0,0.0,6.9919086,-28.672337
CREStereo,1.0,1.0,0.0,27.881323,-43.277264
CREStereo,0.0,0.0,0.0,-31.79464,-39.570778
CREStereo,0.0,0.0,0.0,-16.785625,35.819798
CREStereo,0.0,0.0,0.0,-34.596786,38.200478
CREStereo,0.0,1.0,0.0,-12.388079,-46.459263
CREStereo,0.0,0.0,0.0,-27.007708,-47.882877
CREStereo,0.0,0.0,0.0,-19.48122,28.468584
CREStereo,0.0,0.0,0.0,-31.576956,41.18372
CREStereo,0.0,0.0,0.0,-24.19204,-37.15194
CREStereo,0.0,1.0,0.0,16.762264,-50.691624
CREStereo,0.0,0.0,0.0,-10.2408905,2.856296
CREStereo,0.0,0.0,0.0,-35.4247,35.337315
CREStereo,0.0,1.0,0.0,4.3017955,-10.458512
CREStereo,0.0,0.0,0.0,-34.002903,39.964516
CREStereo,0.0,0.0,0.0,-0.7310764,-15.838477
CREStereo,0.0,1.0,0.0,-6.9394803,6.9073997
CREStereo,1.0,1.0,0.0,21.782654,-61.195805
CREStereo,0.0,0.0,0.0,-23.282068,9.038007
CREStereo,0.0,0.0,0.0,0.9829599,30.155928
CREStereo,0.0,0.0,0.0,10.183199,-9.934771
CREStereo,0.0,1.0,0.0,-12.441292,-48.41008
CREStereo,0.0,0.0,0.0,-22.673195,-39.62569
CREStereo,0.0,0.0,0.0,-14.667902,38.058334
CREStereo,1.0,1.0,0.0,18.777615,-50.397396
CREStereo,0.0,0.0,0.0,-22.539148,15.181695
CREStereo,1.0,1.0,0.0,22.804,-50.43589
CREStereo,0.0,0.0,0.0,-44.82421,-20.454956
CREStereo,0.0,1.0,0.0,-37.105442,-39.483818
CREStereo,0.0,0.0,0.0,-5.001726,26.766455
CREStereo,0.0,0.0,0.0,-27.209705,3.8242073
CREStereo,1.0,1.0,0.0,22.429977,-59.452858
CREStereo,0.0,0.0,0.0,-39.49718,-24.26494
CREStereo,0.0,0.0,0.0,-19.972567,17.445532
CREStereo,0.0,0.0,0.0,-10.417933,4.4746237
CREStereo,0.0,0.0,0.0,-20.05447,13.61579
CREStereo,0.0,0.0,0.0,-10.384275,25.261433
CREStereo,0.0,0.0,0.0,12.684454,-13.649431
CREStereo,1.0,0.0,1.0,21.49422,-31.299225
CREStereo,0.0,0.0,0.0,-23.643396,-13.927126
CREStereo,0.0,0.0,0.0,-14.160632,-2.7877657
CREStereo,0.0,0.0,0.0,-6.3862853,11.238812
CREStereo,0.0,0.0,0.0,-14.412632,-5.059809
CREStereo,0.0,0.0,0.0,12.573864,4.3410964
CREStereo,0.0,0.0,0.0,6.7843866,-11.049428
CREStereo,0.0,0.0,0.0,-35.464184,-22.447914
CREStereo,0.0,0.0,0.0,-39.50621,-8.798407
CREStereo,0.0,0.0,0.0,-18.665598,7.0570016
CREStereo,0.0,0.0,0.0,-37.69993,-11.523307
CREStereo,0.0,0.0,0.0,11.022191,7.439975
CREStereo,0.0,0.0,0.0,-33.88542,-13.539363
CREStereo,0.0,0.0,0.0,-24.426304,23.289673
CREStereo,0.0,0.0,0.0,-22.55129,23.032795
CREStereo,0.0,0.0,0.0,-34.335316,-7.834201
CREStereo,0.0,1.0,0.0,0.55294037,33.948338
CREStereo,0.0,0.0,0.0,-19.949203,-42.436634
CREStereo,0.0,0.0,0.0,-27.71004,-37.47335
CREStereo,0.0,1.0,0.0,-9.754721,-11.725446
CREStereo,0.0,0.0,0.0,-15.62918,-12.227364
CREStereo,0.0,0.0,0.0,-39.041645,-11.21092
CREStereo,0.0,0.0,0.0,-29.84083,-33.510597
CREStereo,0.0,0.0,0.0,-22.562405,-45.815075
CREStereo,0.0,0.0,0.0,-15.794936,-1.1042546
CREStereo,0.0,0.0,0.0,-19.629723,20.955168
CREStereo,0.0,0.0,0.0,6.1239867,-15.205717
CREStereo,0.0,0.0,0.0,-42.875973,-13.989507
CREStereo,0.0,0.0,0.0,-22.52867,-40.616993
CREStereo,0.0,0.0,0.0,-9.070169,-0.4593282
CREStereo,0.0,0.0,0.0,-2.317641,33.303295
CREStereo,0.0,0.0,0.0,-34.181637,-11.727029
CREStereo,0.0,0.0,0.0,2.14267,-25.469995
CREStereo,0.0,0.0,0.0,-35.251286,-22.87919
CREStereo,0.0,0.0,0.0,-10.011517,11.4018545
CREStereo,0.0,0.0,0.0,-43.78368,-14.088742
CREStereo,0.0,0.0,0.0,-14.477781,-10.923973
CREStereo,0.0,0.0,0.0,-2.693442,21.502728
CREStereo,1.0,1.0,0.0,41.452168,-11.724176
CREStereo,0.0,0.0,0.0,-8.377749,-13.487343
CREStereo,0.0,0.0,0.0,-2.0626194,-14.596937
CREStereo,1.0,0.0,1.0,17.412064,-27.945362
CREStereo,0.0,0.0,0.0,-15.5435705,-0.99754834
CREStereo,0.0,0.0,0.0,-42.41684,-22.24773
CREStereo,0.0,0.0,0.0,-34.11542,-41.594116
CREStereo,0.0,0.0,0.0,-16.988737,0.59744555
CREStereo,0.0,0.0,0.0,-6.903039,-9.384374
CREStereo,0.0,0.0,0.0,1.6207886,-24.534262
CREStereo,0.0,0.0,0.0,-19.11695,-14.739762
CREStereo,0.0,0.0,0.0,-25.56696,-43.089977
CREStereo,0.0,0.0,0.0,-1.1742507,-12.665994
CREStereo,0.0,1.0,0.0,-2.646746,37.275646
CREStereo,0.0,0.0,0.0,-22.164892,17.088318
CREStereo,0.0,0.0,0.0,-6.326134,16.363005
CREStereo,0.0,0.0,0.0,-38.28204,-11.489946
CREStereo,0.0,0.0,0.0,-32.71964,40.302967
CREStereo,0.0,0.0,0.0,10.620187,-18.393063
CREStereo,0.0,0.0,0.0,-19.062641,-44.039257
CREStereo,0.0,0.0,0.0,-16.367989,-12.2073145
CREStereo,0.0,0.0,0.0,-0.60882634,16.707232
CREStereo,0.0,0.0,0.0,-6.8260636,-9.588268
CREStereo,0.0,0.0,0.0,-18.403542,-10.725241
CREStereo,0.0,0.0,0.0,-32.510517,-9.64107
CREStereo,0.0,1.0,0.0,9.387158,-11.004587
CREStereo,0.0,0.0,0.0,-11.694526,45.38523
CREStereo,0.0,0.0,0.0,-14.991927,29.961565
CREStereo,1.0,1.0,0.0,23.35802,-52.73591
CREStereo,0.0,0.0,0.0,-21.97046,-38.666336
CREStereo,1.0,1.0,0.0,42.25906,-10.897998
CREStereo,0.0,0.0,0.0,-9.7687435,-9.967859
CREStereo,0.0,0.0,0.0,-34.745495,-7.371541
CREStereo,0.0,0.0,0.0,10.407379,-13.48475
CREStereo,1.0,0.0,1.0,14.30085,-32.242027
CREStereo,0.0,0.0,0.0,-20.733767,-41.968517
CREStereo,0.0,0.0,0.0,-33.365433,-8.983428
CREStereo,0.0,0.0,0.0,-18.249464,7.091953
CREStereo,0.0,0.0,0.0,-10.475029,7.0358787
CREStereo,0.0,0.0,0.0,-12.229459,2.7820678
CREStereo,0.0,0.0,0.0,-39.52521,-24.887785
CREStereo,0.0,1.0,0.0,-8.523454,-14.089505
CREStereo,0.0,0.0,0.0,-5.3935394,20.569399
CREStereo,0.0,0.0,0.0,-0.33560494,-15.483717
CREStereo,0.0,0.0,0.0,-3.3208292,27.029644
CREStereo,0.0,0.0,0.0,-24.1354,18.2019
CREStereo,0.0,1.0,0.0,9.151614,-10.250609
CREStereo,0.0,1.0,0.0,-20.591015,2.3003554
CREStereo,0.0,0.0,0.0,-36.901943,41.292137
CREStereo,0.0,0.0,0.0,-10.643948,-12.192517
CREStereo,0.0,0.0,0.0,-17.436155,26.361572
CREStereo,0.0,0.0,0.0,12.53479,5.040104
CREStereo,1.0,1.0,0.0,21.121996,-34.23147
CREStereo,0.0,0.0,0.0,-39.55854,-9.372425
CREStereo,0.0,0.0,0.0,-34.001396,42.641632
CREStereo,0.0,0.0,0.0,-44.094597,-20.529114
CREStereo,0.0,0.0,0.0,-14.795063,-11.620491
CREStereo,0.0,0.0,0.0,-23.439331,-41.286057
CREStereo,0.0,1.0,0.0,8.088796,-9.637942
CREStereo,0.0,0.0,0.0,-3.421981,-15.101314
CREStereo,0.0,1.0,0.0,-9.963777,-36.158684
CREStereo,0.0,0.0,0.0,-43.905804,-19.774815
CREStereo,0.0,0.0,0.0,-5.261606,-3.178347
CREStereo,0.0,0.0,0.0,11.112382,-8.484341
CREStereo,0.0,0.0,0.0,12.533834,6.0936027
CREStereo,0.0,0.0,0.0,-10.873607,-5.313461
CREStereo,0.0,1.0,0.0,-43.98472,-25.612392
CREStereo,0.0,0.0,0.0,-35.271523,-12.481095
CREStereo,0.0,0.0,0.0,-6.93969,-11.223455
CREStereo,0.0,1.0,0.0,-11.496447,-45.521847
CREStereo,0.0,0.0,0.0,-21.459875,-14.379861
CREStereo,0.0,0.0,0.0,-22.60374,-41.258213
CREStereo,0.0,0.0,0.0,-11.436603,-5.8888655
CREStereo,0.0,0.0,0.0,-12.089869,44.264473
CREStereo,0.0,0.0,0.0,-14.366489,17.398235
CREStereo,0.0,0.0,0.0,-37.939457,-11.481595
CREStereo,0.0,0.0,0.0,-14.382128,-14.063569
CREStereo,0.0,0.0,0.0,-5.228876,12.247487
CREStereo,0.0,0.0,0.0,-22.862497,23.496468
CREStereo,0.0,0.0,0.0,-9.844482,-13.311608
CREStereo,1.0,0.0,1.0,16.718111,-29.021435
CREStereo,0.0,1.0,0.0,-0.6126278,-46.32935
CREStereo,0.0,0.0,0.0,-7.380183,12.734939
CREStereo,0.0,0.0,0.0,-33.87793,-13.283367
CREStereo,0.0,0.0,0.0,-37.030323,-25.36125
CREStereo,0.0,0.0,0.0,-37.881943,-28.857758
CREStereo,0.0,0.0,0.0,-33.04234,-13.874404
CREStereo,1.0,1.0,0.0,36.957695,-20.259987
CREStereo,0.0,0.0,0.0,-27.682968,-35.503433
CREStereo,1.0,1.0,0.0,36.92776,-20.235313
CREStereo,0.0,0.0,0.0,-39.83605,-13.302307
CREStereo,0.0,0.0,0.0,-24.430048,-39.654915
CREStereo,1.0,0.0,1.0,21.342,-31.358503
CREStereo,0.0,0.0,0.0,-3.9597788,8.307803
CREStereo,0.0,0.0,0.0,-1.6956831,-46.743095
CREStereo,0.0,0.0,0.0,0.6301595,31.516953
CREStereo,0.0,0.0,0.0,-15.065113,-1.3392198
CREStereo,0.0,0.0,0.0,-36.405663,35.009056
CREStereo,0.0,0.0,0.0,-23.66405,-36.70635
CREStereo,0.0,0.0,0.0,1.0853628,33.721428
CREStereo,0.0,0.0,0.0,13.022562,-14.397799
CREStereo,0.0,0.0,0.0,5.517194,-9.95274
CREStereo,0.0,0.0,0.0,-32.1393,-10.248617
CREStereo,0.0,0.0,0.0,-12.12693,36.170944
CREStereo,0.0,1.0,0.0,-19.11569,-43.158478
CREStereo,0.0,0.0,0.0,-5.909989,-4.573817
CREStereo,0.0,0.0,0.0,-37.1325,-24.354876
CREStereo,0.0,0.0,0.0,-13.131429,-2.2725484
CREStereo,1.0,1.0,0.0,36.723244,-21.923481
CREStereo,0.0,1.0,0.0,-11.712321,-44.109444
CREStereo,0.0,0.0,0.0,-15.494796,10.084769
CREStereo,0.0,0.0,0.0,-37.1786,-25.363192
CREStereo,0.0,0.0,0.0,-13.941156,37.453495
CREStereo,0.0,0.0,0.0,-26.41078,-37.015064
CREStereo,0.0,0.0,0.0,-24.394382,19.029217
CREStereo,0.0,1.0,0.0,14.144168,-20.948057
CREStereo,0.0,0.0,0.0,-42.63885,-21.581448
CREStereo,0.0,0.0,0.0,-34.207375,-43.394733
CREStereo,0.0,0.0,0.0,-5.9363356,14.280412
CREStereo,0.0,0.0,0.0,11.855115,-8.58726
CREStereo,0.0,0.0,0.0,-14.930713,-11.589016
CREStereo,0.0,0.0,0.0,6.045355,-14.306908
CREStereo,0.0,0.0,0.0,-42.630928,-21.404682
CREStereo,0.0,0.0,0.0,12.724754,-17.688953
CREStereo,0.0,0.0,0.0,-15.168561,4.304802
CREStereo,0.0,0.0,0.0,-22.678743,-48.187943
CREStereo,0.0,0.0,0.0,-19.992094,19.34926
CREStereo,0.0,0.0,0.0,-2.4201224,16.212439
CREStereo,0.0,0.0,0.0,-12.206372,38.0183
CREStereo,0.0,0.0,0.0,-7.4500494,-9.120557
CREStereo,0.0,0.0,0.0,-28.333706,-35.827396
CREStereo,0.0,0.0,0.0,-10.667978,-3.851167
CREStereo,0.0,0.0,0.0,-30.446138,-13.159125
CREStereo,1.0,1.0,0.0,44.775578,-2.4802933
CREStereo,0.0,0.0,0.0,-10.810528,-3.0599537
CREStereo,0.0,0.0,0.0,-10.324976,24.666216
CREStereo,0.0,0.0,0.0,-14.326374,-13.601918
CREStereo,0.0,0.0,0.0,-15.266491,28.19172
CREStereo,0.0,0.0,0.0,-16.291002,34.400097
CREStereo,0.0,0.0,0.0,-23.672653,-41.09334
CREStereo,0.0,0.0,0.0,-9.910072,6.7854614
CREStereo,0.0,0.0,0.0,-2.4500704,39.759747
CREStereo,0.0,0.0,0.0,-12.2473345,4.7986135
CREStereo,0.0,0.0,0.0,0.07869584,-15.631047
CREStereo,1.0,1.0,0.0,15.980471,-29.431976
CREStereo,0.0,0.0,0.0,-13.555458,0.0048374147
CREStereo,0.0,0.0,0.0,-10.719976,-8.5230055
CREStereo,0.0,0.0,0.0,-8.5123625,14.761613
CREStereo,0.0,0.0,0.0,-21.90235,-13.729479
CREStereo,0.0,1.0,0.0,9.302564,-8.575822
CREStereo,0.0,0.0,0.0,-10.032671,12.446637
CREStereo,0.0,0.0,0.0,-35.539207,-42.64086
CREStereo,0.0,1.0,0.0,-10.409193,-48.084755
CREStereo,0.0,0.0,0.0,-15.601486,9.525139
CREStereo,0.0,0.0,0.0,-13.497777,-9.817313
CREStereo,0.0,0.0,0.0,-44.342922,-19.310417
CREStereo,0.0,0.0,0.0,-34.43997,-12.148997
CREStereo,0.0,0.0,0.0,-21.974516,14.402842
CREStereo,1.0,0.0,1.0,22.870186,-36.00635
CREStereo,0.0,0.0,0.0,-35.457054,-44.66005
CREStereo,0.0,0.0,0.0,-13.235378,3.3438528
CREStereo,0.0,0.0,0.0,-7.1487827,15.015846
CREStereo,0.0,0.0,0.0,13.863153,-19.613909
CREStereo,0.0,0.0,0.0,-14.387183,-8.067945
CREStereo,1.0,1.0,0.0,33.621662,-32.603134
CREStereo,0.0,0.0,0.0,-5.2544913,-12.786626
CREStereo,0.0,0.0,0.0,-2.5257413,41.138306
CREStereo,0.0,0.0,0.0,-9.200228,6.459689
CREStereo,0.0,0.0,0.0,-12.065549,12.31954
CREStereo,0.0,0.0,0.0,-15.948128,29.035063
CREStereo,0.0,0.0,0.0,-22.515518,48.70298
CREStereo,0.0,0.0,0.0,-18.428658,-15.359653
CREStereo,0.0,0.0,0.0,0.7413596,23.056208
CREStereo,1.0,0.0,1.0,45.052166,-14.940065
CREStereo,0.0,0.0,0.0,-24.229448,-37.293285
CREStereo,0.0,0.0,0.0,-35.9894,35.94844
CREStereo,0.0,1.0,0.0,-2.7514853,-35.877705
CREStereo,0.0,0.0,0.0,-16.57232,8.04124
CREStereo,0.0,0.0,0.0,-17.70232,-9.1361265
CREStereo,0.0,0.0,0.0,-21.900858,-40.400078
CREStereo,0.0,0.0,0.0,-38.46347,-23.435219
CREStereo,0.0,0.0,0.0,8.908184,-19.290434
CREStereo,0.0,0.0,0.0,-12.133668,12.334469
CREStereo,0.0,0.0,0.0,-14.6010065,11.559416
CREStereo,0.0,1.0,0.0,5.3237596,-33.741756
CREStereo,0.0,0.0,0.0,-36.178043,35.046867
CREStereo,0.0,0.0,0.0,-14.5235615,42.547527
CREStereo,0.0,0.0,0.0,-34.73331,-14.117712
CREStereo,0.0,0.0,0.0,13.69371,-18.012365
CREStereo,0.0,0.0,0.0,-21.141077,-38.219006
CREStereo,1.0,1.0,0.0,35.67711,-22.577957
CREStereo,0.0,0.0,0.0,-7.8531713,-13.597214
CREStereo,0.0,1.0,0.0,-8.899809,-47.956745
CREStereo,0.0,0.0,0.0,9.685877,-8.018456
CREStereo,0.0,0.0,0.0,4.4119225,-11.977227
CREStereo,1.0,0.0,1.0,17.350025,-29.626614
CREStereo,0.0,0.0,0.0,-29.081978,3.972798
CREStereo,0.0,0.0,0.0,-17.503284,20.370897
CREStereo,0.0,0.0,0.0,-1.6029204,-14.708674
CREStereo,1.0,1.0,0.0,18.395014,-48.76941
CREStereo,0.0,0.0,0.0,1.3542149,22.957886
CREStereo,0.0,0.0,0.0,-34.55049,-11.472396
CREStereo,0.0,0.0,0.0,-32.24812,-10.462297
CREStereo,1.0,0.0,1.0,20.267422,-54.345848
CREStereo,0.0,0.0,0.0,-39.538177,-30.12472
CREStereo,0.0,0.0,0.0,-22.463827,-50.033722
CREStereo,0.0,0.0,0.0,7.66812,-27.936018
CREStereo,0.0,1.0,0.0,-14.595224,-37.766964
CREStereo,0.0,0.0,0.0,-25.03287,-37.469753
CREStereo,0.0,1.0,0.0,-20.44127,-15.4479265
CREStereo,0.0,0.0,0.0,7.349432,-11.166899
CREStereo,0.0,0.0,0.0,-14.94208,-12.16855
CREStereo,1.0,0.0,1.0,33.79574,-32.280056
CREStereo,0.0,0.0,0.0,11.945015,-9.120098
CREStereo,1.0,1.0,0.0,39.204422,-17.62763
CREStereo,0.0,0.0,0.0,-34.062798,39.944412
CREStereo,0.0,0.0,0.0,-9.871716,-9.70542
CREStereo,0.0,0.0,0.0,-24.557384,1.6274203
CREStereo,0.0,1.0,0.0,-9.572619,-48.439144
CREStereo,0.0,0.0,0.0,-6.385789,4.710569
CREStereo,0.0,0.0,0.0,-23.942541,-43.578136
CREStereo,0.0,0.0,0.0,-16.864714,-13.455074
CREStereo,0.0,1.0,0.0,11.62079,-17.84566
CREStereo,0.0,0.0,0.0,-28.888277,-37.510075
CREStereo,0.0,0.0,0.0,-4.9447527,5.565463
CREStereo,0.0,0.0,0.0,-19.776804,19.140142
CREStereo,0.0,0.0,0.0,-20.897116,-42.41607
CREStereo,0.0,0.0,0.0,-2.4809103,40.71366
CREStereo,0.0,0.0,0.0,-2.7268162,16.255924
CREStereo,0.0,0.0,0.0,-4.480992,7.405004
CREStereo,0.0,1.0,0.0,13.167562,-27.60003
CREStereo,0.0,0.0,0.0,-32.56171,-42.912624
CREStereo,0.0,1.0,0.0,-10.954155,-48.05126
CREStereo,0.0,0.0,0.0,-13.558417,0.88150334
CREStereo,0.0,0.0,0.0,1.1154482,-21.551481
CREStereo,0.0,0.0,0.0,-20.241692,-12.954953
CREStereo,0.0,0.0,0.0,-22.782225,9.342507
CREStereo,0.0,0.0,0.0,6.90932,-10.920388
CREStereo,0.0,0.0,0.0,-26.640005,-40.12709
CREStereo,1.0,1.0,0.0,18.726603,-29.294838
CREStereo,0.0,0.0,0.0,-36.999363,-11.847233
CREStereo,0.0,1.0,0.0,-16.873356,9.287962
CREStereo,1.0,1.0,0.0,27.451227,-44.88032
CREStereo,0.0,0.0,0.0,-10.59995,-1.0819193
CREStereo,0.0,0.0,0.0,-15.045778,37.552673
CREStereo,0.0,0.0,0.0,-32.57618,-44.205578
CREStereo,1.0,0.0,1.0,22.676556,-58.711647
CREStereo,0.0,0.0,0.0,-33.86575,-24.958683
CREStereo,0.0,0.0,0.0,-11.470788,-12.294157
CREStereo,0.0,0.0,0.0,-6.3219433,30.338575
CREStereo,1.0,1.0,0.0,25.663748,-50.201317
CREStereo,0.0,0.0,0.0,6.563346,-29.976025
CREStereo,0.0,0.0,0.0,5.724415,-28.345669
CREStereo,0.0,0.0,0.0,-14.35559,-14.171734
CREStereo,0.0,0.0,0.0,-14.106047,-39.936604
CREStereo,0.0,0.0,0.0,-20.009941,-13.906747
CREStereo,1.0,1.0,0.0,19.703417,-51.013325
CREStereo,1.0,1.0,0.0,38.263676,-46.775127
CREStereo,0.0,0.0,0.0,-10.636825,2.123007
CREStereo,0.0,0.0,0.0,-31.881845,-11.870962
CREStereo,0.0,0.0,0.0,-36.66645,-25.72496
CREStereo,1.0,1.0,0.0,22.791008,-56.98711
CREStereo,0.0,0.0,0.0,-13.47016,-9.217741
CREStereo,0.0,0.0,0.0,-24.28698,24.034124
CREStereo,0.0,0.0,0.0,-45.297985,-20.072062
CREStereo,0.0,0.0,0.0,-38.180405,-25.271646
CREStereo,0.0,0.0,0.0,-29.009447,-47.744877
CREStereo,0.0,0.0,0.0,-15.355756,38.2498
CREStereo,1.0,0.0,1.0,21.885351,-57.95351
CREStereo,0.0,0.0,0.0,-10.798606,4.887924
CREStereo,0.0,0.0,0.0,-26.397648,-50.470615
CREStereo,0.0,0.0,0.0,-32.97497,36.872578
CREStereo,0.0,0.0,0.0,-5.9905305,45.563145
CREStereo,0.0,0.0,0.0,10.67644,-10.405184
CREStereo,0.0,0.0,0.0,-11.455681,-6.8220987
CREStereo,1.0,1.0,0.0,41.907932,-11.196313
CREStereo,0.0,0.0,0.0,-15.078807,-1.1311263
CREStereo,1.0,1.0,0.0,36.334328,-23.306847
CREStereo,0.0,1.0,0.0,-19.879436,-15.862936
CREStereo,0.0,0.0,0.0,-32.968094,34.86717
CREStereo,0.0,0.0,0.0,-0.54017943,24.550009
CREStereo,0.0,0.0,0.0,-21.728834,17.021345
CREStereo,0.0,0.0,0.0,-9.13872,6.241479
CREStereo,1.0,0.0,1.0,18.672071,-29.338911
CREStereo,0.0,0.0,0.0,-20.756575,15.262224
CREStereo,0.0,0.0,0.0,-38.037643,39.469254
CREStereo,0.0,0.0,0.0,-24.363016,-45.215496
CREStereo,0.0,0.0,0.0,12.416198,-16.339943
CREStereo,0.0,0.0,0.0,-33.117302,-8.139131
CREStereo,0.0,0.0,0.0,-15.786174,39.00809
CREStereo,0.0,1.0,0.0,-1.6396482,-13.958465
CREStereo,0.0,0.0,0.0,-13.220812,-8.514019
CREStereo,0.0,0.0,0.0,-6.9237165,15.701482
CREStereo,1.0,0.0,1.0,22.822426,-58.36966
CREStereo,0.0,0.0,0.0,-37.41655,-25.400396
CREStereo,0.0,0.0,0.0,-23.037882,14.041446
CREStereo,0.0,0.0,0.0,-38.67831,-11.822695
CREStereo,0.0,0.0,0.0,-16.835522,34.08763
CREStereo,0.0,0.0,0.0,-24.50823,2.4108863
CREStereo,0.0,0.0,0.0,0.9027469,-26.163807
CREStereo,0.0,0.0,0.0,-9.399075,-12.447269
CREStereo,0.0,0.0,0.0,-29.877977,4.733094
CREStereo,0.0,1.0,0.0,-12.746138,17.50967
CREStereo,0.0,0.0,0.0,4.973178,-10.392042
CREStereo,0.0,0.0,0.0,-15.780586,19.20989
CREStereo,0.0,0.0,0.0,-14.453309,30.320444
CREStereo,0.0,0.0,0.0,-9.362869,15.758299
CREStereo,0.0,0.0,0.0,1.3431484,32.867115
CREStereo,1.0,0.0,1.0,21.9808,-61.28792
CREStereo,0.0,1.0,0.0,13.789478,-15.826922
CREStereo,0.0,1.0,0.0,4.3369308,-12.988825
CREStereo,0.0,0.0,0.0,-31.085938,-5.208501
CREStereo,0.0,0.0,0.0,-16.48321,2.0831459
CREStereo,0.0,0.0,0.0,-21.496815,-13.198988
CREStereo,0.0,0.0,0.0,-14.660088,-12.843271
CREStereo,0.0,0.0,0.0,-32.44406,-43.481
CREStereo,0.0,0.0,0.0,-22.664183,9.464734
CREStereo,0.0,0.0,0.0,-19.735924,11.70764
CREStereo,0.0,0.0,0.0,-34.327198,-10.749113
CREStereo,0.0,1.0,0.0,37.328033,0.20405886
CREStereo,1.0,1.0,0.0,22.687023,-52.03638
CREStereo,0.0,0.0,0.0,-11.311177,-5.4361353
CREStereo,0.0,0.0,0.0,-5.6054435,43.27585
CREStereo,0.0,0.0,0.0,-15.510751,2.7497869
CREStereo,0.0,0.0,0.0,-32.735172,-14.020125
CREStereo,0.0,0.0,0.0,-2.8275623,-14.652696
CREStereo,0.0,0.0,0.0,-14.877703,45.14803
CREStereo,0.0,0.0,0.0,-18.088566,20.258839
CREStereo,0.0,0.0,0.0,-7.934777,3.8159719
CREStereo,1.0,1.0,0.0,41.07681,-11.9505825
CREStereo,0.0,0.0,0.0,-5.490331,20.72012
CREStereo,0.0,0.0,0.0,-14.548812,-41.082012
CREStereo,0.0,0.0,0.0,-8.552296,8.340135
CREStereo,0.0,0.0,0.0,-35.537987,39.10025
CREStereo,0.0,0.0,0.0,-12.500656,-4.107941
CREStereo,0.0,0.0,0.0,-35.09305,-26.333923
CREStereo,0.0,0.0,0.0,-46.498165,-20.038984
CREStereo,1.0,1.0,0.0,16.770586,-49.143204
CREStereo,0.0,1.0,0.0,0.23574397,-50.547165
CREStereo,0.0,0.0,0.0,5.0071173,-16.287827
CREStereo,0.0,0.0,0.0,-36.889023,-22.714811
CREStereo,0.0,0.0,0.0,-29.349665,-33.384956
CREStereo,1.0,0.0,1.0,22.033676,-59.920013
CREStereo,0.0,0.0,0.0,-5.603948,45.196144
CREStereo,0.0,0.0,0.0,6.4337215,-10.127694
CREStereo,0.0,0.0,0.0,-16.551773,29.591457
CREStereo,0.0,0.0,0.0,8.654759,-21.13141
CREStereo,0.0,0.0,0.0,-15.564094,8.15213
CREStereo,1.0,0.0,1.0,22.153889,-61.15641
CREStereo,0.0,0.0,0.0,-36.407085,-45.089474
CREStereo,0.0,0.0,0.0,-11.275398,8.197063
CREStereo,0.0,0.0,0.0,8.711733,-8.994816
CREStereo,0.0,0.0,0.0,11.046805,-43.63888
CREStereo,0.0,1.0,0.0,-31.151709,-44.032864
CREStereo,0.0,1.0,0.0,-11.951876,-49.5088
CREStereo,0.0,0.0,0.0,-19.426666,21.801153
CREStereo,0.0,0.0,0.0,-16.684647,-3.441991
CREStereo,0.0,1.0,0.0,-3.6736097,-48.182602
CREStereo,0.0,1.0,0.0,5.0336304,-51.493065
CREStereo,0.0,0.0,0.0,-23.217064,11.936164
CREStereo,0.0,0.0,0.0,-4.0556335,8.285006
CREStereo,0.0,0.0,0.0,-43.98227,-22.123066
CREStereo,1.0,1.0,0.0,21.848232,-57.39903
CREStereo,1.0,1.0,0.0,37.731987,-0.2590593
CREStereo,0.0,1.0,0.0,0.07862717,-50.53368
CREStereo,0.0,0.0,0.0,-37.046047,39.66822
CREStereo,0.0,0.0,0.0,-44.687088,-19.016392
CREStereo,0.0,0.0,0.0,12.075749,-11.504874
CREStereo,0.0,0.0,0.0,-3.0085611,13.606158
CREStereo,0.0,1.0,0.0,-16.353691,-3.5836859
CREStereo,0.0,0.0,0.0,-5.71969,16.018251
CREStereo,0.0,0.0,0.0,13.337523,-21.729877
CREStereo,0.0,1.0,0.0,-10.695733,-0.8334045
CREStereo,1.0,1.0,0.0,24.063623,-51.888046
CREStereo,0.0,0.0,0.0,-32.03055,-10.496865
CREStereo,0.0,0.0,0.0,11.839754,-8.803619
CREStereo,0.0,0.0,0.0,-23.47647,-0.021721145
CREStereo,0.0,0.0,0.0,-23.612091,-40.478302
CREStereo,0.0,0.0,0.0,-7.379907,11.999997
CREStereo,0.0,0.0,0.0,-18.845081,17.944782
CREStereo,0.0,0.0,0.0,-35.268925,40.49334
CREStereo,0.0,0.0,0.0,-4.5171504,42.807747
CREStereo,0.0,0.0,0.0,-6.49954,28.924366
CREStereo,0.0,0.0,0.0,-12.159509,8.867965
CREStereo,0.0,0.0,0.0,-13.706563,9.456911
CREStereo,0.0,0.0,0.0,-42.843613,-24.279018
CREStereo,0.0,0.0,0.0,-10.626171,-5.3072033
CREStereo,0.0,0.0,0.0,-42.21496,-27.820133
CREStereo,0.0,0.0,0.0,-7.6111727,31.431843
CREStereo,0.0,0.0,0.0,-11.644525,12.932595
CREStereo,0.0,0.0,0.0,-26.575733,-43.415123
CREStereo,0.0,0.0,0.0,-1.3588618,36.67693
CREStereo,0.0,0.0,0.0,-38.435654,-30.847208
CREStereo,0.0,1.0,0.0,-20.92838,-42.91547
CREStereo,0.0,0.0,0.0,-10.345207,14.189823
CREStereo,0.0,0.0,0.0,-13.407778,-1.721715
CREStereo,0.0,0.0,0.0,-13.979334,2.2417498
CREStereo,0.0,0.0,0.0,-21.647293,13.753431
CREStereo,0.0,0.0,0.0,-10.406923,17.656563
CREStereo,0.0,0.0,0.0,-25.062054,-43.53167
CREStereo,0.0,0.0,0.0,-31.488207,-14.392325
CREStereo,0.0,0.0,0.0,-4.309215,18.842575
CREStereo,0.0,0.0,0.0,-38.894405,-23.537827
CREStereo,0.0,0.0,0.0,5.8831196,-14.23602
CREStereo,0.0,0.0,0.0,-37.842216,-24.122252
CREStereo,0.0,0.0,0.0,5.3668776,-10.674551
CREStereo,0.0,0.0,0.0,-16.858961,-11.796056
CREStereo,0.0,0.0,0.0,-1.0436337,36.833023
CREStereo,0.0,0.0,0.0,-32.71073,-42.00146
CREStereo,0.0,0.0,0.0,-43.79849,-21.306883
CREStereo,0.0,0.0,0.0,-26.067514,-43.403965
CREStereo,0.0,0.0,0.0,-16.222206,34.458115
CREStereo,0.0,0.0,0.0,-45.554646,-19.18824
CREStereo,0.0,0.0,0.0,-8.565545,-13.223707
CREStereo,0.0,0.0,0.0,-3.919159,23.68448
CREStereo,1.0,1.0,0.0,21.013382,-56.862034
CREStereo,0.0,0.0,0.0,-20.18433,-42.26758
CREStereo,1.0,1.0,0.0,20.79042,-32.967007
CREStereo,0.0,0.0,0.0,11.045629,5.311723
CREStereo,0.0,0.0,0.0,-21.480278,49.449486
CREStereo,0.0,0.0,0.0,-11.813881,-12.052586
CREStereo,0.0,0.0,0.0,-38.685257,42.03421
CREStereo,0.0,0.0,0.0,-10.697874,-1.6191158
CREStereo,0.0,0.0,0.0,-34.739014,-13.381522
CREStereo,1.0,1.0,0.0,40.375706,-12.7205105
CREStereo,0.0,1.0,0.0,14.557264,-22.012718
CREStereo,0.0,0.0,0.0,-26.00648,19.544136
CREStereo,0.0,0.0,0.0,7.4573255,-28.001602
CREStereo,0.0,1.0,0.0,-39.663185,-25.152346
CREStereo,0.0,0.0,0.0,2.0721326,-21.941156
CREStereo,1.0,1.0,0.0,40.159515,-12.835355
CREStereo,0.0,0.0,0.0,-1.3039001,21.172672
CREStereo,0.0,0.0,0.0,-14.422516,0.9070962
CREStereo,0.0,0.0,0.0,-1.9463099,27.874332
CREStereo,0.0,0.0,0.0,-33.322716,-14.261065
D4D,0.0,,,-27.902716,-52.367203
D4D,1.0,,,48.798225,-25.230545
D4D,1.0,,,27.147243,-45.070927
D4D,0.0,,,-28.999292,-52.94685
D4D,0.0,,,-2.747317,-35.88963
D4D,1.0,,,45.313446,-33.013958
D4D,1.0,,,48.330513,-36.902954
D4D,1.0,,,40.7057,-24.830439
D4D,1.0,,,46.97017,-7.1337247
D4D,1.0,,,39.93195,-34.007812
D4D,1.0,,,53.68362,-23.54373
D4D,0.0,1.0,0.0,12.047662,-51.91477
D4D,1.0,,,42.076866,-25.305504
D4D,0.0,,,-7.2845583,-34.343346
D4D,0.0,,,3.905343,-43.491646
D4D,1.0,,,42.803566,-30.648987
D4D,0.0,1.0,0.0,-2.7520318,-36.15135
D4D,1.0,,,32.009724,-39.042778
D4D,0.0,,,-9.531989,-36.94421
D4D,1.0,,,15.673956,-39.57673
D4D,1.0,,,21.139969,-49.144653
D4D,1.0,1.0,0.0,42.110867,-20.68237
D4D,0.0,0.0,0.0,40.768063,37.949085
D4D,0.0,,,-12.934509,-38.004047
D4D,1.0,,,39.025616,-40.94055
D4D,1.0,,,50.523396,-19.653631
D4D,0.0,,,-8.726363,-36.32301
D4D,0.0,,,-8.194687,-35.37275
D4D,1.0,,,48.76448,-26.40511
D4D,1.0,,,43.16431,-10.266932
D4D,1.0,,,43.659893,-27.415798
D4D,1.0,1.0,0.0,32.013016,-39.266556
D4D,1.0,,,51.772125,-5.5955353
D4D,1.0,,,39.274345,-37.90931
D4D,1.0,,,17.9865,-43.448734
D4D,0.0,,,-7.099326,-45.226803
D4D,0.0,1.0,0.0,5.3928056,-45.15337
D4D,1.0,,,40.078957,-41.366158
D4D,0.0,,,0.90904933,-50.82867
D4D,0.0,0.0,0.0,8.103229,-45.8122
D4D,1.0,,,38.92195,-17.660698
D4D,1.0,,,34.017803,-43.38239
D4D,0.0,,,-24.246769,-51.553234
D4D,1.0,,,45.16502,-27.060026
D4D,1.0,,,35.59471,-33.20876
D4D,0.0,,,21.720024,33.919746
D4D,0.0,0.0,0.0,-22.128307,-45.82781
D4D,1.0,,,28.351278,-46.147846
D4D,0.0,,,-11.127123,-34.532917
D4D,0.0,,,7.637485,-47.411892
D4D,0.0,,,1.8297032,-42.47346
D4D,1.0,,,33.857094,26.69359
D4D,0.0,,,-6.0431085,-39.52402
D4D,1.0,,,29.188204,-45.73589
D4D,0.0,,,-12.792183,-36.976173
D4D,1.0,,,25.097588,-37.06367
D4D,1.0,,,39.288082,-32.82981
D4D,0.0,1.0,0.0,-5.053396,-20.499641
D4D,1.0,,,47.915836,-26.814259
D4D,1.0,,,17.66772,-40.94219
D4D,0.0,,,19.605986,35.218903
D4D,1.0,,,45.364544,-30.250929
D4D,0.0,,,-14.443516,-39.018566
D4D,1.0,,,26.573187,-40.49645
D4D,1.0,,,44.149403,-4.0300417
D4D,1.0,,,24.795963,-46.609344
D4D,1.0,,,47.7832,-2.7691793
D4D,0.0,,,-14.285843,-40.630196
D4D,1.0,,,10.871186,-41.00786
D4D,1.0,,,43.2013,0.96973574
D4D,0.0,,,-0.47034365,-39.55152
D4D,1.0,,,34.43704,-43.252968
D4D,1.0,,,42.496998,-5.512406
D4D,0.0,,,-9.4474,-45.14781
D4D,0.0,,,-7.4207234,-40.66734
D4D,0.0,,,-9.971458,-39.791504
D4D,0.0,,,9.616668,-40.803997
D4D,1.0,,,45.700253,-6.1448607
D4D,0.0,1.0,0.0,11.98363,-52.324417
D4D,1.0,,,25.43798,-43.362106
D4D,1.0,,,47.888668,-26.171768
D4D,1.0,,,43.469063,-5.020824
D4D,0.0,,,2.119276,-44.070183
D4D,0.0,,,-29.312288,-52.343487
D4D,1.0,,,47.93422,-32.18758
D4D,1.0,1.0,1.0,30.057257,-42.238163
D4D,0.0,0.0,0.0,40.05803,37.326183
D4D,0.0,1.0,0.0,35.585594,49.831833
D4D,0.0,,,11.76167,-50.787033
D4D,1.0,,,43.952915,-27.161337
D4D,0.0,,,5.356822,-42.35757
D4D,0.0,,,35.922916,50.277973
D4D,1.0,1.0,0.0,25.148935,-44.405197
D4D,0.0,,,-8.13584,-41.198128
D4D,1.0,,,26.26897,-51.40103
D4D,0.0,0.0,0.0,-0.092015654,-50.208805
D4D,0.0,,,10.0272455,-45.728752
D4D,1.0,,,47.922287,-33.934875
D4D,0.0,1.0,0.0,8.944669,-42.225136
D4D,0.0,,,-6.7343507,-47.054123
D4D,0.0,,,-5.410294,-49.768246
D4D,1.0,,,27.122564,-40.64207
D4D,0.0,,,-10.930633,-39.00009
D4D,1.0,,,38.670662,-38.48141
D4D,1.0,,,44.77744,-26.270561
D4D,1.0,,,27.485023,-39.31227
D4D,1.0,,,30.261093,-40.67986
D4D,0.0,,,11.563303,-43.28784
D4D,0.0,,,-10.7413845,-40.19728
D4D,0.0,,,-14.404926,-41.000793
D4D,1.0,,,23.991611,-44.283634
D4D,1.0,1.0,0.0,54.65382,22.27096
D4D,1.0,,,31.910267,-42.165688
D4D,1.0,,,28.274324,-35.62082
D4D,1.0,,,45.844193,-18.581549
D4D,1.0,,,43.27743,0.7673901
D4D,1.0,1.0,0.0,26.678722,-38.108555
D4D,1.0,,,43.97211,-35.246326
D4D,1.0,,,54.37225,-10.759294
D4D,1.0,,,50.314453,-27.643324
D4D,0.0,,,-7.9435997,-51.685825
D4D,0.0,,,-0.5870302,-39.50091
D4D,0.0,,,14.299327,-43.876358
D4D,0.0,,,-10.454667,-39.805756
D4D,1.0,,,26.92252,-38.6438
D4D,1.0,,,26.72672,-38.319687
D4D,1.0,,,21.056845,-50.335083
D4D,1.0,,,49.40022,-33.300285
D4D,0.0,,,9.123522,61.166855
D4D,0.0,,,1.692088,-45.830235
D4D,1.0,0.0,1.0,43.304443,-33.94971
D4D,1.0,,,36.066124,-32.286743
D4D,1.0,,,23.889023,-40.373177
D4D,0.0,,,-2.4547708,-41.260048
D4D,0.0,,,-6.030304,-46.48365
D4D,1.0,,,27.615429,-44.51282
D4D,1.0,,,26.006052,-36.970684
D4D,1.0,,,34.718616,-41.315174
D4D,0.0,,,-14.888151,-49.53258
D4D,1.0,,,42.765488,-32.391735
D4D,0.0,,,1.9886234,-38.45493
D4D,0.0,,,2.1488552,-38.449375
D4D,0.0,,,-30.598228,-32.11768
D4D,1.0,,,50.63856,-18.334232
D4D,1.0,,,24.35182,-41.94412
D4D,1.0,,,27.606188,-41.781532
D4D,0.0,,,9.554508,-41.369907
D4D,0.0,,,6.233659,-51.893677
D4D,1.0,,,34.87611,-42.518936
D4D,1.0,,,16.09204,-40.130722
D4D,0.0,,,1.9961658,-42.5521
D4D,1.0,,,47.92638,-36.94337
D4D,1.0,,,52.3536,-20.542168
D4D,0.0,,,9.671025,-44.050793
D4D,0.0,,,-9.589728,-44.710983
D4D,1.0,,,50.345753,-27.828098
D4D,1.0,,,50.70374,-20.321796
D4D,1.0,,,17.93541,-39.00386
D4D,1.0,1.0,0.0,47.279785,-6.176953
D4D,0.0,,,6.5078773,-47.58629
D4D,1.0,,,48.51619,-26.90201
D4D,1.0,,,37.915665,-34.737545
D4D,1.0,,,26.712782,-57.324318
D4D,0.0,1.0,0.0,7.755397,-44.761177
D4D,1.0,,,53.983284,-21.319996
D4D,0.0,,,-8.749472,-40.385036
D4D,1.0,,,20.635134,-48.534138
D4D,0.0,,,-4.45622,-40.3494
D4D,1.0,,,41.800262,-31.816004
D4D,1.0,,,25.770643,-49.998867
D4D,1.0,,,46.096054,-30.334553
D4D,0.0,,,0.690178,-43.33452
D4D,1.0,,,12.992398,-29.196236
D4D,0.0,,,5.687737,-47.233532
D4D,0.0,,,34.6702,35.42566
D4D,0.0,,,-14.142287,-49.013306
D4D,1.0,,,49.202812,4.0071764
D4D,1.0,,,45.169235,-27.905111
D4D,0.0,,,11.598075,-42.576115
D4D,0.0,,,7.092622,-41.839382
D4D,0.0,1.0,0.0,12.022315,-50.98378
D4D,0.0,,,-5.692765,-38.701935
D4D,0.0,,,11.739899,66.545
D4D,1.0,1.0,0.0,47.74165,-17.66717
D4D,1.0,,,13.005733,-44.63355
D4D,1.0,1.0,1.0,13.682189,-45.66583
D4D,1.0,,,49.599808,-25.358923
D4D,1.0,,,45.80343,-6.9308124
D4D,0.0,,,-0.4819069,-44.85802
D4D,0.0,0.0,0.0,-25.209257,-38.602173
D4D,1.0,,,24.481535,-47.21918
D4D,1.0,,,12.242017,-31.372366
D4D,1.0,,,37.268013,-22.82866
D4D,1.0,,,43.253403,0.74737644
D4D,1.0,1.0,0.0,41.42749,-17.39437
D4D,0.0,,,-14.249629,-38.391056
D4D,0.0,,,12.244221,-42.757572
D4D,1.0,,,28.733215,-40.192467
D4D,1.0,1.0,0.0,54.01574,-11.057631
D4D,0.0,,,23.014015,31.755129
D4D,1.0,,,52.969467,-11.893201
D4D,1.0,1.0,1.0,33.62346,-37.48164
D4D,1.0,,,38.876644,-36.933422
D4D,0.0,1.0,0.0,-23.766073,-53.18042
D4D,1.0,,,10.92083,-44.782963
D4D,1.0,1.0,0.0,54.05845,-22.348318
D4D,1.0,,,48.955696,-25.52274
D4D,0.0,0.0,0.0,-1.7843491,-49.793503
D4D,1.0,,,50.079803,-24.204052
D4D,1.0,,,32.27853,-40.611385
D4D,1.0,,,43.197628,-32.82991
D4D,0.0,,,13.223635,-49.150467
D4D,0.0,,,1.384599,-43.412968
D4D,1.0,,,30.634556,-40.46393
D4D,1.0,,,30.394701,-38.447834
D4D,1.0,,,21.687494,-32.190147
D4D,0.0,,,33.97085,26.863005
D4D,1.0,,,42.639935,-28.57039
D4D,0.0,,,2.6413903,-47.806957
D4D,1.0,,,43.26148,-26.354328
D4D,0.0,,,-25.901491,-53.689774
D4D,1.0,,,29.46555,-42.491974
D4D,1.0,,,53.228245,0.42697734
D4D,0.0,,,21.073593,-45.121216
D4D,1.0,,,30.225811,-44.63538
D4D,0.0,,,-8.70129,-36.998222
D4D,1.0,,,14.945312,-40.092033
D4D,1.0,,,45.497856,-29.635126
D4D,1.0,,,41.828575,-31.466022
D4D,1.0,,,43.98737,-4.1133122
D4D,0.0,,,5.6503825,-40.44655
D4D,0.0,,,-13.952282,-49.46287
D4D,1.0,,,43.764744,-4.4683895
D4D,0.0,,,3.551048,-44.29158
D4D,1.0,,,44.05568,-2.875757
D4D,0.0,,,5.9703326,-53.291473
D4D,1.0,,,42.60703,-33.416893
D4D,0.0,,,-27.186306,-52.834923
D4D,0.0,,,6.4801574,-42.21763
D4D,0.0,,,10.9101925,-41.959812
D4D,1.0,,,40.86317,-32.670567
D4D,1.0,,,31.041563,-42.40195
D4D,1.0,,,45.286446,-31.297207
D4D,1.0,,,34.390182,-36.462433
D4D,0.0,0.0,0.0,15.158079,65.43998
D4D,1.0,,,43.9219,-27.77023
D4D,1.0,1.0,0.0,41.630962,-33.62987
D4D,1.0,1.0,0.0,14.434876,-47.84379
D4D,1.0,,,44.04337,-33.727127
D4D,1.0,,,16.982685,-44.139797
D4D,1.0,1.0,1.0,43.786617,-33.59856
D4D,1.0,,,24.530064,-41.112106
D4D,1.0,,,47.11007,-3.1970882
D4D,0.0,,,9.000053,-46.72025
D4D,1.0,,,26.239922,-44.502014
D4D,1.0,,,51.612896,-19.94992
D4D,1.0,,,26.912714,-44.91339
D4D,1.0,,,48.186504,-20.830769
D4D,1.0,,,47.290665,-35.880554
D4D,0.0,,,11.090362,-28.844501
D4D,0.0,,,-1.7033619,-39.986084
D4D,1.0,,,48.49504,-22.862272
D4D,1.0,1.0,0.0,18.641611,-39.88667
D4D,0.0,1.0,0.0,-4.271917,-41.516773
D4D,1.0,,,27.23458,-42.005363
D4D,0.0,,,13.901882,-48.21964
D4D,1.0,,,46.226265,-31.998158
D4D,1.0,,,48.44403,-32.998215
D4D,1.0,,,49.096153,-21.723856
D4D,0.0,,,-16.736902,-43.2478
D4D,1.0,,,39.27345,-34.616886
D4D,1.0,,,32.281006,-34.784344
D4D,1.0,,,30.30645,-41.038406
D4D,1.0,,,26.249216,-36.752617
D4D,1.0,,,21.093987,-45.678623
D4D,1.0,,,52.75757,-23.751692
D4D,1.0,,,47.114006,-26.131737
D4D,0.0,,,10.666225,-41.973774
D4D,0.0,,,17.685268,-53.336803
D4D,1.0,,,51.472603,-20.637564
D4D,1.0,,,43.576157,-4.9539933
D4D,1.0,1.0,1.0,25.196215,-51.401318
D4D,1.0,1.0,0.0,32.89481,-38.918327
D4D,0.0,,,3.4948754,-44.118286
D4D,0.0,,,-7.298163,-36.90275
D4D,0.0,,,-0.34092033,-39.44028
D4D,0.0,,,1.4244183,-48.967304
D4D,1.0,,,23.807066,-36.293427
D4D,1.0,,,44.948704,-33.136524
D4D,1.0,,,47.429363,-6.7525926
D4D,1.0,,,41.491467,-29.271313
D4D,0.0,,,-1.0648263,-49.02925
D4D,1.0,,,32.727673,-41.89006
D4D,0.0,,,-4.4615526,-41.42911
D4D,1.0,,,43.529015,-29.339087
D4D,0.0,,,-9.374193,-37.162582
D4D,1.0,,,21.277542,-37.023262
D4D,0.0,,,9.7421055,-42.445988
D4D,1.0,1.0,1.0,30.994837,-45.67634
D4D,1.0,,,14.001707,-46.71087
D4D,1.0,,,29.44641,-43.877373
D4D,1.0,,,48.627056,-34.95475
D4D,1.0,,,43.687687,-24.431442
D4D,1.0,1.0,0.0,18.683184,-41.597317
D4D,1.0,,,21.913603,-36.244747
D4D,0.0,1.0,0.0,11.803673,-44.14305
D4D,0.0,1.0,0.0,6.7635694,-29.895954
D4D,1.0,,,37.8634,-0.49372032
D4D,0.0,,,5.732309,-45.88458
D4D,0.0,,,-9.508193,-41.622044
D4D,1.0,,,37.438976,-34.83461
D4D,1.0,,,39.613842,-34.289635
D4D,0.0,,,-4.4928007,-44.175636
D4D,0.0,,,-24.68718,-52.772472
D4D,0.0,,,10.298011,-42.652138
D4D,1.0,,,14.894364,-40.64115
D4D,0.0,0.0,0.0,-22.685152,-52.953175
D4D,1.0,,,25.238047,-35.682957
D4D,0.0,,,3.4846675,-42.212685
D4D,1.0,,,46.05274,-28.551426
D4D,1.0,,,29.110046,-39.59103
D4D,1.0,,,46.30387,-26.473112
D4D,0.0,,,-7.9156127,-51.718853
D4D,0.0,,,7.1372504,-40.426964
D4D,1.0,,,51.0537,-20.528316
D4D,0.0,,,-0.16738383,-47.207737
D4D,1.0,,,35.804653,-33.117878
D4D,0.0,,,-4.2343245,-39.45368
D4D,1.0,,,43.730846,-9.068445
D4D,1.0,,,50.31589,-10.464149
D4D,1.0,,,28.919024,-45.96911
D4D,0.0,,,-11.586614,-34.366974
D4D,0.0,1.0,0.0,8.209132,-44.822754
D4D,1.0,,,29.332905,-39.241756
D4D,1.0,,,18.966959,-53.19387
D4D,0.0,,,-13.411914,-47.622406
D4D,0.0,,,14.352768,-39.601677
D4D,1.0,,,33.040585,-39.731003
D4D,0.0,,,9.969656,-48.46594
D4D,1.0,1.0,0.0,38.554657,-36.132133
D4D,0.0,,,-9.617155,-39.482796
D4D,1.0,,,43.858223,-26.700932
D4D,1.0,,,22.999792,-37.309307
D4D,1.0,,,48.008,-32.490253
D4D,0.0,,,4.680101,-38.80293
D4D,1.0,1.0,0.0,47.137085,-34.78265
D4D,0.0,,,-14.385034,-38.82545
D4D,1.0,,,31.582394,-41.370834
D4D,1.0,,,38.941418,-34.67531
D4D,0.0,,,7.1649804,-42.444397
D4D,1.0,,,47.614998,-34.54967
D4D,1.0,,,32.013268,-35.257202
D4D,1.0,,,46.280293,-7.6072745
D4D,1.0,,,45.87186,-8.969421
D4D,1.0,,,37.916122,-33.0992
D4D,0.0,,,-8.536364,-35.652225
D4D,1.0,,,17.749697,-40.274376
D4D,1.0,,,35.715298,-33.076496
D4D,1.0,,,37.061806,-39.51716
D4D,1.0,,,48.817745,-23.480848
D4D,0.0,,,-6.573262,-37.881477
D4D,1.0,,,39.40169,-39.59273
D4D,1.0,,,44.001793,-31.478798
D4D,0.0,,,-9.5918,-35.36365
D4D,0.0,,,2.1674733,-48.648506
D4D,1.0,,,38.41569,-21.688736
D4D,1.0,,,43.694164,-33.217495
D4D,1.0,,,39.36415,-40.719498
D4D,1.0,,,37.18424,-22.960379
D4D,1.0,,,35.37117,-35.825123
D4D,1.0,,,26.140007,-47.57762
D4D,1.0,1.0,1.0,49.114147,-34.16191
D4D,1.0,,,44.79812,-6.3265505
D4D,1.0,,,50.659,-20.129784
D4D,1.0,,,45.37901,-8.917704
D4D,0.0,1.0,0.0,8.506427,-48.000984
D4D,1.0,,,53.09057,-23.541403
D4D,0.0,,,-8.145112,-37.3732
D4D,0.0,,,-0.98501736,-50.098843
D4D,0.0,1.0,0.0,10.676015,-43.34723
D4D,1.0,,,25.241879,-45.77967
D4D,1.0,,,47.59093,-25.650444
D4D,1.0,,,47.354603,-36.719303
D4D,1.0,,,42.59905,-22.573639
D4D,0.0,,,-6.120609,-46.547974
D4D,0.0,,,31.402845,33.069157
D4D,1.0,,,50.10444,-20.553898
D4D,0.0,,,-10.798038,-48.93466
D4D,1.0,,,36.393013,-33.297882
D4D,1.0,,,48.230595,-36.235928
D4D,1.0,,,27.052134,-51.259537
D4D,1.0,,,45.49974,-34.927364
D4D,1.0,,,21.813505,-36.06805
D4D,0.0,,,11.992015,-47.36206
D4D,1.0,,,16.417803,-40.45557
D4D,0.0,,,-8.990788,-50.837353
D4D,1.0,,,36.997875,-43.264946
D4D,1.0,,,53.11634,-22.233665
D4D,1.0,,,51.719376,-22.640024
D4D,1.0,,,18.44581,-40.633022
D4D,1.0,,,45.24635,-26.762709
D4D,1.0,,,48.83281,-33.53393
D4D,1.0,,,37.448586,-35.32307
D4D,1.0,,,48.901775,-28.007833
D4D,1.0,,,23.417221,-44.444626
D4D,1.0,,,25.999134,-36.997883
D4D,0.0,,,2.2206419,-49.794785
D4D,1.0,,,26.109428,-47.622868
D4D,1.0,,,47.88267,-27.499924
D4D,0.0,,,-7.304243,-34.744625
D4D,1.0,,,30.944569,-37.710674
D4D,1.0,,,46.105045,-23.358007
D4D,1.0,,,42.04557,-25.431435
D4D,1.0,,,39.351456,-37.445503
D4D,1.0,,,24.423979,-39.37263
D4D,0.0,,,-13.135956,-47.173775
D4D,1.0,,,34.244137,-33.84833
D4D,1.0,,,31.284765,-37.318455
D4D,1.0,,,24.486593,-37.385864
D4D,1.0,,,19.468979,-46.13618
D4D,0.0,,,-3.2373707,-43.48988
D4D,0.0,,,-3.3211372,-39.82857
D4D,1.0,,,51.843136,-20.346651
D4D,1.0,,,42.146496,-33.241924
D4D,1.0,1.0,0.0,36.719776,-36.709972
D4D,1.0,,,52.41079,-0.14035553
D4D,1.0,,,32.326725,-43.12439
D4D,0.0,,,-2.559948,-40.86007
D4D,1.0,,,47.85615,-28.107601
D4D,0.0,,,-11.688844,-33.27636
D4D,0.0,,,-8.245435,-42.032703
D4D,1.0,,,25.673822,-40.318306
D4D,0.0,,,-6.7663,-45.291794
D4D,0.0,,,-3.9235048,-48.35578
D4D,1.0,,,33.688145,-38.093224
D4D,1.0,,,17.235207,-51.763454
D4D,1.0,,,43.6838,-24.573242
D4D,1.0,,,54.319363,-23.176142
D4D,0.0,,,2.7895374,-49.795563
D4D,1.0,,,28.080532,-40.73249
D4D,1.0,,,37.051514,-35.658234
D4D,1.0,1.0,0.0,35.766956,-41.126087
D4D,0.0,,,-10.361974,-47.25654
D4D,0.0,,,5.43892,-45.03913
D4D,1.0,,,43.064644,-28.573975
D4D,1.0,,,53.93057,1.3235873
D4D,1.0,,,18.427559,-40.17628
D4D,0.0,,,-12.275146,-34.925453
D4D,0.0,,,6.005786,-41.602097
D4D,1.0,0.0,1.0,22.560484,-33.121696
D4D,1.0,,,26.347559,-44.87969
D4D,1.0,,,54.75442,-10.554094
D4D,0.0,,,-13.570895,-48.604923
D4D,0.0,,,-15.601605,-38.622597
D4D,1.0,,,51.578648,-13.914273
D4D,0.0,,,-10.959943,-40.41815
D4D,1.0,,,17.074902,-41.09759
D4D,0.0,,,-13.696164,-48.55669
D4D,1.0,,,54.640625,22.248955
D4D,1.0,,,45.644836,-22.223248
D4D,0.0,,,2.8067248,-48.882347
D4D,0.0,,,12.266887,-50.4674
D4D,1.0,,,41.566765,-31.352291
D4D,1.0,,,47.472984,-24.94782
D4D,0.0,,,-14.374227,-40.7402
D4D,0.0,,,-6.2937336,-45.299564
D4D,0.0,,,5.8465104,-31.236006
D4D,1.0,,,36.997894,-35.63192
D4D,1.0,,,50.05071,-26.393818
D4D,1.0,,,38.73152,-39.696712
D4D,0.0,,,-30.10304,-53.06432
D4D,1.0,,,33.920506,-39.531437
D4D,0.0,1.0,0.0,11.003691,-44.52533
D4D,0.0,,,-24.786833,-51.624077
D4D,0.0,,,-13.537766,-45.790833
D4D,0.0,,,11.640952,66.65312
D4D,1.0,,,20.385687,-46.305172
D4D,1.0,,,24.345291,-36.04968
D4D,1.0,1.0,0.0,54.649605,22.256975
D4D,0.0,,,-0.4442223,-39.434364
D4D,0.0,,,-3.6391618,-39.392345
D4D,1.0,,,53.00329,-22.981915
D4D,0.0,,,11.369628,-47.070923
D4D,0.0,,,-6.900748,-44.062424
D4D,1.0,1.0,1.0,21.6808,-35.191685
D4D,1.0,,,31.844925,-39.659397
D4D,1.0,,,35.999672,-39.32008
D4D,1.0,,,14.264619,-47.832996
D4D,1.0,1.0,0.0,46.647255,-20.38673
D4D,0.0,,,-4.727339,-46.397938
D4D,0.0,,,-5.0894866,-40.052204
D4D,1.0,,,24.49031,-40.08091
D4D,0.0,,,-1.2849257,-39.450592
D4D,1.0,,,47.224167,-26.566004
D4D,0.0,0.0,0.0,-1.8726225,-49.234806
D4D,1.0,,,45.99507,8.31871
D4D,1.0,,,52.931004,0.34394458
D4D,0.0,,,10.66596,-42.852787
D4D,1.0,,,11.016082,-40.29934
D4D,0.0,,,-13.582636,-36.903152
D4D,1.0,,,52.703213,-23.631485
D4D,1.0,,,44.696716,-3.5335991
D4D,1.0,,,22.537634,-50.828327
D4D,0.0,0.0,0.0,6.260718,-29.722755
D4D,0.0,,,-39.832,-38.051888
D4D,1.0,,,52.098827,-12.179725
D4D,1.0,,,51.078148,-12.922893
D4D,1.0,,,46.09194,-2.593013
D4D,1.0,,,26.006304,-38.773293
D4D,0.0,1.0,0.0,-22.058273,-45.38495
D4D,0.0,1.0,0.0,6.1940017,-40.555336
D4D,1.0,,,39.973457,-41.170555
D4D,0.0,,,20.780825,-58.510445
D4D,1.0,,,52.854908,-22.797926
D4D,0.0,,,-8.760024,-41.84912
D4D,1.0,,,31.572596,-37.942272
D4D,0.0,,,-3.5801456,-41.388172
D4D,0.0,0.0,0.0,-1.0183427,-41.403233
D4D,0.0,,,11.786831,-41.86576
D4D,1.0,1.0,1.0,12.146949,-31.56969
D4D,1.0,,,43.154633,1.0922197
D4D,1.0,,,28.105408,-41.9644
D4D,1.0,,,52.729847,-23.661245
D4D,0.0,1.0,0.0,-0.7310481,-49.43915
D4D,1.0,,,25.604095,-42.7978
D4D,1.0,,,36.824814,-19.537228
D4D,0.0,,,-5.1982136,-45.638233
D4D,1.0,,,15.031227,-47.398533
D4D,0.0,,,12.433636,-43.933693
D4D,0.0,,,6.73123,-41.508858
D4D,0.0,,,-3.5202837,-39.604256
D4D,0.0,,,-11.72375,-33.059383
D4D,0.0,,,-0.7616617,-39.24742
D4D,1.0,,,54.292145,-24.025904
D4D,0.0,,,6.0871716,-42.859726
D4D,1.0,1.0,1.0,36.863327,-39.82273
D4D,1.0,,,37.76064,-38.46695
D4D,0.0,,,-8.512663,-41.62414
D4D,1.0,,,43.01467,-8.331694
D4D,0.0,,,-14.480596,-47.752907
D4D,1.0,,,20.952877,-50.71078
D4D,1.0,,,15.246118,-41.17359
D4D,0.0,1.0,0.0,-39.307636,-40.259968
D4D,0.0,,,6.7830987,-41.823914
D4D,0.0,,,-5.0701003,-37.208607
D4D,1.0,,,17.470491,-44.63385
D4D,1.0,,,15.353746,-47.918945
D4D,0.0,,,-13.405687,-36.600082
D4D,1.0,,,49.350174,-13.060981
D4D,0.0,,,13.735333,-48.439823
D4D,1.0,,,44.947895,-25.73365
D4D,1.0,,,16.980734,-38.799156
D4D,1.0,,,52.101166,-12.990007
D4D,1.0,,,29.336527,-40.58977
D4D,1.0,,,46.488945,-6.415574
D4D,0.0,,,19.198008,44.205715
D4D,0.0,,,4.003843,-46.95315
D4D,0.0,,,-24.551273,-53.547173
D4D,0.0,,,-7.377465,-35.478764
D4D,1.0,,,32.390503,-43.63991
D4D,1.0,,,21.587126,-57.37549
D4D,1.0,,,15.317526,-40.302414
D4D,1.0,,,10.738942,-40.45646
D4D,1.0,,,45.67115,-34.47708
D4D,0.0,,,-10.355754,-48.83201
D4D,0.0,,,1.9617729,-47.13666
D4D,1.0,,,49.166225,-24.856367
D4D,1.0,,,20.505505,-48.014187
D4D,0.0,,,-39.686577,-39.48852
D4D,0.0,,,8.716392,-46.13853
D4D,1.0,,,35.71631,-19.512688
D4D,0.0,1.0,0.0,31.160217,34.925556
D4D,1.0,1.0,0.0,24.995209,-45.19825
D4D,1.0,,,39.700115,-39.165993
D4D,1.0,1.0,0.0,46.290894,-35.574455
D4D,0.0,0.0,0.0,5.230158,-39.840603
D4D,1.0,1.0,0.0,28.54018,-41.552998
D4D,1.0,,,47.10956,-10.31335
D4D,1.0,,,39.582912,-38.809284
D4D,1.0,,,52.66557,-21.054346
D4D,1.0,,,34.338818,-36.348206
D4D,1.0,,,14.388537,-42.576897
D4D,0.0,,,-0.44565204,-44.836365
D4D,1.0,,,46.975742,-11.049715
D4D,0.0,,,-7.725202,-42.622322
D4D,0.0,,,-10.551875,-34.733288
D4D,0.0,,,-14.336712,-38.767
D4D,0.0,,,-5.3456984,-42.067623
D4D,0.0,1.0,0.0,-14.148441,-40.412815
D4D,1.0,,,52.62127,-23.459492
D4D,1.0,,,36.085148,-35.826744
D4D,0.0,,,10.62658,-44.990406
D4D,0.0,,,-8.505777,-35.480743
D4D,0.0,,,-7.9601645,-35.893894
D4D,1.0,,,34.135834,-40.347267
D4D,1.0,,,24.918089,-46.760242
D4D,1.0,1.0,1.0,28.836813,-43.045853
D4D,1.0,1.0,0.0,44.441803,-14.694782
D4D,0.0,,,9.459586,-48.585133
D4D,1.0,,,43.70491,-24.68048
D4D,0.0,,,5.9656405,-53.37344
D4D,1.0,,,23.601894,-39.939514
D4D,1.0,,,52.612095,-20.887457
D4D,0.0,,,-7.982792,-40.997757
D4D,1.0,,,38.041447,-34.75742
D4D,1.0,,,15.698091,-40.67403
D4D,1.0,,,35.116154,-19.96237
D4D,1.0,1.0,1.0,53.9203,-24.011381
D4D,1.0,,,45.201153,-24.209715
D4D,0.0,,,-4.4974804,-39.60637
D4D,0.0,1.0,0.0,-6.238784,-37.951004
D4D,1.0,,,30.801369,-38.175804
D4D,1.0,,,39.38698,-32.46375
D4D,0.0,1.0,0.0,-5.046484,-46.327324
D4D,1.0,,,52.539555,-22.512922
D4D,0.0,1.0,0.0,8.217924,-44.930367
D4D,0.0,,,19.096039,35.563164
D4D,0.0,,,9.886624,-41.01611
D4D,0.0,,,13.292804,59.441814
D4D,0.0,,,-11.130701,-34.21353
D4D,1.0,,,47.52953,-29.248695
D4D,1.0,,,29.720436,-45.608128
D4D,0.0,,,-14.578844,-48.890167
D4D,1.0,,,17.114826,-50.765244
D4D,1.0,1.0,0.0,45.261246,-6.18749
D4D,1.0,,,34.1802,-40.4081
D4D,0.0,,,-8.416973,-50.956787
D4D,1.0,1.0,0.0,42.030758,18.187815
D4D,0.0,1.0,0.0,-18.655235,-42.66968
D4D,1.0,,,45.541954,-35.4188
D4D,1.0,1.0,0.0,26.566545,-43.88823
D4D,1.0,,,51.172264,-25.867441
D4D,0.0,1.0,0.0,-26.524033,-37.60155
D4D,1.0,1.0,1.0,52.315815,-21.88017
D4D,0.0,0.0,0.0,-20.151825,-44.567104
D4D,0.0,,,-8.308125,-36.766068
D4D,1.0,,,47.984966,-2.6967564
D4D,1.0,,,46.382607,-24.857666
D4D,1.0,1.0,1.0,14.125359,-41.362087
D4D,1.0,,,36.768055,-20.125229
D4D,0.0,,,-6.4357247,-37.895275
D4D,1.0,,,42.34962,-29.804203
D4D,0.0,,,-28.812567,-52.105473
D4D,1.0,,,54.72583,-24.180616
D4D,1.0,,,18.289583,-43.555138
D4D,1.0,,,46.530167,-26.107729
D4D,0.0,,,-11.65471,-33.897026
D4D,1.0,,,41.125507,-17.288342
D4D,1.0,,,33.849552,-37.09935
D4D,1.0,,,45.605827,-27.073915
D4D,1.0,,,28.19203,-45.6121
D4D,1.0,,,17.984104,-38.98165
D4D,1.0,,,44.3686,-27.713432
D4D,1.0,,,42.89113,-5.696416
D4D,0.0,,,12.668065,-44.95411
D4D,0.0,1.0,0.0,5.477993,-42.468693
D4D,1.0,,,18.24053,-43.95939
D4D,1.0,,,53.83082,-21.827478
D4D,1.0,,,36.962982,-43.08645
D4D,0.0,0.0,0.0,35.7222,47.608677
D4D,1.0,,,22.712143,-33.82096
D4D,1.0,,,16.326826,-40.069237
D4D,1.0,,,50.272625,-23.238054
D4D,0.0,,,-10.343318,-50.689434
D4D,0.0,1.0,0.0,-13.342761,-36.35907
D4D,0.0,,,-7.860999,-41.001736
D4D,0.0,,,-9.631902,-39.59606
D4D,1.0,,,48.273502,-36.23288
D4D,0.0,,,-7.096109,-37.111668
D4D,0.0,,,-3.6341724,-40.219807
D4D,1.0,,,38.30324,-38.324234
D4D,0.0,,,0.15750854,-42.854713
D4D,1.0,1.0,0.0,47.845554,-18.725334
D4D,0.0,,,9.157304,-46.96096
D4D,0.0,1.0,0.0,-25.145813,-52.91541
D4D,1.0,,,50.34116,1.3384284
D4D,1.0,,,23.786802,-40.955826
D4D,0.0,,,5.483517,-53.795097
D4D,1.0,,,40.717724,-32.49236
D4D,0.0,,,5.8296824,-41.61065
D4D,1.0,,,12.358421,-30.764614
D4D,0.0,,,1.0559108,-49.389236
D4D,1.0,,,39.652744,-17.260374
D4D,0.0,,,-9.362515,-44.932568
D4D,0.0,,,5.4393187,-40.75236
D4D,1.0,,,41.48137,-17.436064
D4D,0.0,,,-3.9779274,-40.20481
D4D,1.0,,,23.874252,-36.514694
D4D,0.0,0.0,0.0,8.012184,-45.62795
D4D,1.0,,,48.758057,-35.22368
D4D,0.0,,,-11.127706,-34.511723
D4D,1.0,,,46.65551,-8.171952
D4D,0.0,,,-14.552968,-38.341274
D4D,0.0,,,4.877427,-47.095932
D4D,1.0,1.0,0.0,39.05255,-36.61594
D4D,0.0,,,6.4214077,-50.442398
D4D,1.0,1.0,1.0,11.382877,-42.87339
D4D,0.0,,,-1.5175627,-41.646812
D4D,0.0,,,-9.151283,-50.582504
D4D,0.0,,,-7.5819745,-36.968403
D4D,1.0,,,27.934746,-43.85203
D4D,0.0,,,-27.139023,-52.975243
D4D,1.0,,,20.300962,-47.216724
D4D,0.0,,,-6.5257473,-41.892685
D4D,1.0,,,44.491253,-18.920794
D4D,1.0,1.0,1.0,50.542652,-17.408924
D4D,1.0,,,23.963594,-37.206223
D4D,0.0,,,-4.439713,-45.98976
D4D,1.0,,,37.78416,-32.956112
D4D,0.0,1.0,0.0,10.437017,-46.012417
D4D,1.0,,,51.094444,-18.772022
D4D,1.0,,,44.638,-26.995665
D4D,1.0,1.0,0.0,13.439868,-46.162106
D4D,1.0,,,44.598167,-6.742867
D4D,1.0,,,15.62767,-42.010113
D4D,1.0,,,33.791363,-44.730133
D4D,1.0,,,34.056355,-39.12072
D4D,0.0,,,-5.6923914,-36.973606
D4D,0.0,,,-0.6486547,-46.411087
D4D,1.0,,,50.90425,-21.124899
D4D,0.0,1.0,0.0,-39.66213,-39.068207
D4D,1.0,,,26.686722,-40.530483
D4D,1.0,,,12.100116,-30.831074
D4D,1.0,,,33.909477,-34.90582
D4D,1.0,,,45.66528,-6.4644723
D4D,1.0,,,21.324572,-39.371212
D4D,0.0,,,5.438103,-51.111195
D4D,1.0,0.0,1.0,29.485563,-40.683037
D4D,0.0,1.0,0.0,-4.8816953,-46.42498
D4D,1.0,,,42.447998,-10.01113
D4D,0.0,,,-11.7314,-33.150402
D4D,1.0,,,16.775328,-38.928886
D4D,1.0,,,47.11427,-35.132317
D4D,1.0,,,42.729424,-31.409796
D4D,1.0,,,47.834972,-23.490313
D4D,1.0,,,49.717514,-21.602892
D4D,1.0,,,38.18753,-37.609974
D4D,1.0,,,17.215649,-43.96491
D4D,1.0,,,31.730646,-41.207603
D4D,0.0,1.0,0.0,8.293845,-41.317223
D4D,1.0,,,43.885166,-29.726341
D4D,1.0,,,33.751175,-40.881424
D4D,1.0,,,43.610825,-4.658156
D4D,1.0,,,17.708723,-44.35384
D4D,0.0,1.0,0.0,6.543335,-43.017292
D4D,0.0,,,10.370987,-54.665413
D4D,1.0,,,43.310516,-5.932021
D4D,1.0,,,25.46875,-35.370186
D4D,1.0,,,42.228996,-5.7609015
D4D,0.0,,,-17.0554,-44.594128
D4D,0.0,,,-10.581833,-35.64108
D4D,1.0,1.0,1.0,40.25154,-24.952162
D4D,0.0,,,-5.287882,-41.947395
D4D,0.0,,,2.5248504,-44.27174
D4D,0.0,,,-2.4738097,-41.3646
D4D,1.0,,,47.784767,-36.24528
D4D,0.0,,,9.966692,-48.51052
D4D,1.0,,,16.25014,-43.0581
D4D,1.0,,,48.724583,-33.17492
D4D,1.0,,,17.580515,-38.718132
D4D,0.0,,,-2.4640508,-37.869976
D4D,0.0,,,-6.86246,-36.81898
D4D,1.0,0.0,1.0,15.010301,-41.338768
D4D,0.0,,,-0.3906636,-46.72084
D4D,0.0,,,-39.91977,-39.260834
D4D,1.0,,,15.15256,-40.666508
D4D,0.0,,,-13.948649,-46.756054
D4D,1.0,,,43.061253,-30.326267
D4D,1.0,,,18.438776,-41.70768
D4D,1.0,,,46.06005,-2.487504
D4D,0.0,,,-8.514477,-35.276978
D4D,0.0,1.0,0.0,-0.45868877,-45.39612
D4D,0.0,,,19.382212,35.40782
D4D,1.0,,,21.398386,-37.167404
D4D,0.0,,,1.0681968,-46.901585
D4D,1.0,1.0,1.0,37.882015,-38.910095
D4D,1.0,1.0,0.0,36.478493,-42.873253
D4D,1.0,,,52.023716,-20.054295
D4D,1.0,,,45.83935,-23.355448
D4D,0.0,,,-0.06755158,-50.41252
D4D,1.0,0.0,1.0,24.737177,-45.106438
D4D,1.0,,,29.396795,-43.261143
D4D,0.0,0.0,0.0,7.191502,-47.23339
D4D,0.0,,,-24.762484,-52.91597
D4D,1.0,,,20.459291,-48.436802
D4D,1.0,,,21.176687,-45.07876
D4D,0.0,1.0,0.0,10.531803,-44.040066
D4D,1.0,,,35.79596,-19.319227
D4D,0.0,,,36.222218,50.59263
D4D,1.0,,,21.58965,-36.75776
D4D,1.0,1.0,1.0,31.175629,-37.373455
D4D,0.0,,,-0.01930876,-46.040524
D4D,1.0,,,41.965405,-31.389065
D4D,1.0,1.0,1.0,48.23336,-26.35507
D4D,1.0,,,33.71635,-39.145477
D4D,0.0,0.0,0.0,-26.415407,-52.705585
D4D,1.0,,,24.685648,-51.726463
D4D,1.0,,,46.140102,-34.83275
D4D,0.0,,,5.623361,-42.152374
D4D,1.0,1.0,0.0,15.040155,-44.38895
SCARED-C-heldout,0.0,0.0,0.0,-19.684443,-14.510744
SCARED-C-heldout,0.0,0.0,0.0,-3.9274423,22.943535
SCARED-C-heldout,0.0,0.0,0.0,-23.760778,9.977323
SCARED-C-heldout,0.0,0.0,0.0,-31.24222,-51.055283
SCARED-C-heldout,0.0,1.0,0.0,-14.280947,11.4566765
SCARED-C-heldout,0.0,0.0,0.0,-37.1815,-9.327272
SCARED-C-heldout,0.0,0.0,0.0,-15.865722,0.34091967
SCARED-C-heldout,0.0,0.0,0.0,-31.599022,-43.391476
SCARED-C-heldout,0.0,1.0,0.0,7.4587665,-11.493312
SCARED-C-heldout,0.0,0.0,0.0,7.7469482,-27.903908
SCARED-C-heldout,0.0,0.0,0.0,11.133036,-11.87891
SCARED-C-heldout,0.0,0.0,0.0,-21.870913,-49.482765
SCARED-C-heldout,0.0,0.0,0.0,-9.906521,11.705683
SCARED-C-heldout,0.0,0.0,0.0,-8.243346,3.7695203
SCARED-C-heldout,0.0,0.0,0.0,-28.735449,-35.79942
SCARED-C-heldout,0.0,1.0,0.0,-25.95171,-41.05592
SCARED-C-heldout,0.0,0.0,0.0,-6.5255127,-8.633657
SCARED-C-heldout,0.0,0.0,0.0,-37.691936,41.03994
SCARED-C-heldout,0.0,0.0,0.0,-2.9524293,32.48215
SCARED-C-heldout,0.0,0.0,0.0,-30.675634,-48.130936
SCARED-C-heldout,0.0,0.0,0.0,8.263188,-8.691468
SCARED-C-heldout,0.0,0.0,0.0,-39.035027,-29.865763
SCARED-C-heldout,0.0,0.0,0.0,-35.91096,-7.2971807
SCARED-C-heldout,0.0,0.0,0.0,-22.920017,-14.436633
SCARED-C-heldout,0.0,0.0,0.0,-12.136849,36.222305
SCARED-C-heldout,0.0,1.0,0.0,5.0366774,-51.454792
SCARED-C-heldout,0.0,0.0,0.0,-23.194363,-0.25705886
SCARED-C-heldout,0.0,0.0,0.0,-14.319987,28.260483
SCARED-C-heldout,0.0,0.0,0.0,8.142089,-13.736866
SCARED-C-heldout,0.0,0.0,0.0,-13.409378,9.864473
SCARED-C-heldout,0.0,0.0,0.0,-31.912474,-41.43916
SCARED-C-heldout,1.0,0.0,1.0,43.16739,-9.857008
SCARED-C-heldout,0.0,0.0,0.0,-10.68152,-11.254949
SCARED-C-heldout,0.0,0.0,0.0,-16.708681,28.265505
SCARED-C-heldout,0.0,0.0,0.0,-28.44093,-35.57886
SCARED-C-heldout,0.0,0.0,0.0,-17.807482,25.637476
SCARED-C-heldout,0.0,0.0,0.0,9.80426,-11.533966
SCARED-C-heldout,0.0,0.0,0.0,-23.771275,14.535461
SCARED-C-heldout,0.0,1.0,0.0,5.525929,-19.798113
SCARED-C-heldout,0.0,0.0,0.0,-11.617588,-3.7831635
SCARED-C-heldout,0.0,1.0,0.0,7.25706,-10.821043
SCARED-C-heldout,0.0,0.0,0.0,-17.79992,-1.8111128
SCARED-C-heldout,1.0,0.0,1.0,15.014066,-33.178112
SCARED-C-heldout,1.0,1.0,1.0,17.825567,-28.24149
SCARED-C-heldout,0.0,0.0,0.0,-31.231598,-51.385136
SCARED-C-heldout,0.0,1.0,0.0,10.347448,-51.517277
SCARED-C-heldout,0.0,0.0,0.0,-23.144474,10.830441
SCARED-C-heldout,0.0,0.0,0.0,-33.281105,35.094448
SCARED-C-heldout,0.0,0.0,0.0,-19.399185,-14.904541
SCARED-C-heldout,0.0,0.0,0.0,-3.8125615,17.00791
SCARED-C-heldout,0.0,0.0,0.0,-6.414025,28.524506
SCARED-C-heldout,0.0,1.0,0.0,-26.691435,-46.583908
SCARED-C-heldout,0.0,0.0,0.0,-6.414015,-8.639252
SCARED-C-heldout,0.0,0.0,0.0,-19.81028,-42.519756
SCARED-C-heldout,1.0,1.0,1.0,25.832003,-51.507267
SCARED-C-heldout,0.0,0.0,0.0,10.510552,-10.083315
SCARED-C-heldout,0.0,0.0,0.0,-24.343628,-46.777283
SCARED-C-heldout,0.0,1.0,0.0,-17.77881,-13.687078
SCARED-C-heldout,0.0,0.0,0.0,-21.187561,13.582091
SCARED-C-heldout,0.0,0.0,0.0,8.64194,-11.976551
SCARED-C-heldout,0.0,0.0,0.0,-16.974586,27.420067
SCARED-C-heldout,0.0,0.0,0.0,-39.95299,-9.685721
SCARED-C-heldout,0.0,1.0,0.0,7.0637436,-18.949366
SCARED-C-heldout,0.0,0.0,0.0,-6.76145,-3.4767725
SCARED-C-heldout,0.0,0.0,0.0,-4.552597,15.702226
SCARED-C-heldout,0.0,0.0,0.0,-41.15194,-27.72761
SCARED-C-heldout,0.0,0.0,0.0,-45.659615,-19.000221
SCARED-C-heldout,0.0,0.0,0.0,-15.004187,-8.062954
SCARED-C-heldout,0.0,0.0,0.0,-10.232761,-0.5109149
SCARED-C-heldout,0.0,0.0,0.0,-10.340573,27.183535
SCARED-C-heldout,0.0,0.0,0.0,-45.29075,-22.480148
SCARED-C-heldout,0.0,0.0,0.0,12.416523,-16.894253
SCARED-C-heldout,0.0,0.0,0.0,2.289447,-21.779057
SCARED-C-heldout,0.0,0.0,0.0,-15.804594,17.116184
SCARED-C-heldout,0.0,0.0,0.0,-42.0971,-28.38583
SCARED-C-heldout,0.0,0.0,0.0,10.856957,-9.816853
SCARED-C-heldout,0.0,0.0,0.0,-43.772766,-23.707851
SCARED-C-heldout,1.0,1.0,1.0,22.5261,-60.61467
SCARED-C-heldout,0.0,0.0,0.0,2.3431349,-21.66506
SCARED-C-heldout,0.0,0.0,0.0,-3.0042315,38.451065
SCARED-C-heldout,0.0,1.0,0.0,3.955598,-32.705208
SCARED-C-heldout,0.0,0.0,0.0,11.925245,-17.90442
SCARED-C-heldout,0.0,0.0,0.0,-33.992344,-6.9026012
SCARED-C-heldout,0.0,0.0,0.0,-38.796032,-11.127609
SCARED-C-heldout,1.0,1.0,1.0,21.609985,-58.067333
SCARED-C-heldout,0.0,0.0,0.0,11.382208,4.9077053
SCARED-C-heldout,0.0,0.0,0.0,-8.774955,6.156692
SCARED-C-heldout,1.0,1.0,1.0,14.380616,-32.581425
SCARED-C-heldout,0.0,1.0,0.0,6.187515,-10.6395235
SCARED-C-heldout,0.0,0.0,0.0,-6.9791493,-10.548857
SCARED-C-heldout,0.0,0.0,0.0,-10.376299,13.64082
SCARED-C-heldout,0.0,0.0,0.0,7.786857,-23.067331
SCARED-C-heldout,0.0,0.0,0.0,-37.60418,-29.682384
SCARED-C-heldout,0.0,0.0,0.0,-16.413412,42.64202
SCARED-C-heldout,0.0,0.0,0.0,-45.05363,-26.069208
SCARED-C-heldout,0.0,0.0,0.0,-40.452953,-30.417913
SCARED-C-heldout,0.0,0.0,0.0,-14.445869,8.481171
SCARED-C-heldout,0.0,0.0,0.0,-35.226315,-6.925523
SCARED-C-heldout,0.0,0.0,0.0,1.7255088,-21.299604
SCARED-C-heldout,0.0,0.0,0.0,-35.77428,-7.9457083
SCARED-C-heldout,0.0,0.0,0.0,1.3484001,32.800007
SCARED-C-heldout,0.0,0.0,0.0,-7.9815288,31.644596
SCARED-C-heldout,0.0,0.0,0.0,-34.316006,-23.0853
SCARED-C-heldout,0.0,0.0,0.0,-2.0788457,22.0121
SCARED-C-heldout,0.0,0.0,0.0,-38.337414,-6.22948
SCARED-C-heldout,0.0,0.0,0.0,-11.45195,38.071827
SCARED-C-heldout,0.0,0.0,0.0,-38.711563,-11.409951
SCARED-C-heldout,0.0,0.0,0.0,-9.964297,3.785016
SCARED-C-heldout,0.0,1.0,0.0,-39.234703,-27.596224
SCARED-C-heldout,0.0,1.0,0.0,-39.825146,-37.82216
SCARED-C-heldout,0.0,0.0,0.0,-27.4529,-48.91731
SCARED-C-heldout,0.0,0.0,0.0,-17.567513,8.979162
SCARED-C-heldout,0.0,0.0,0.0,-4.61211,20.35053
SCARED-C-heldout,1.0,1.0,0.0,17.999157,-51.365345
SCARED-C-heldout,0.0,0.0,0.0,-32.75953,-40.37715
SCARED-C-heldout,0.0,1.0,0.0,-40.63163,-29.274767
SCARED-C-heldout,0.0,0.0,0.0,-13.834534,-3.9948144
SCARED-C-heldout,0.0,1.0,0.0,19.42371,-57.73444
SCARED-C-heldout,0.0,0.0,0.0,-6.4046416,5.553144
SCARED-C-heldout,0.0,0.0,0.0,3.131652,-45.299675
SCARED-C-heldout,0.0,0.0,0.0,-16.101576,28.163464
SCARED-C-heldout,0.0,0.0,0.0,8.074644,-11.6698675
SCARED-C-heldout,1.0,1.0,1.0,37.629204,-0.14773706
SCARED-C-heldout,0.0,1.0,0.0,-9.692076,-49.256233
SCARED-C-heldout,1.0,1.0,0.0,16.846573,-32.1762
SCARED-C-heldout,0.0,0.0,0.0,-28.005077,-48.05997
SCARED-C-heldout,0.0,0.0,0.0,-10.086236,25.051147
SCARED-C-heldout,0.0,0.0,0.0,-15.711809,7.9709463
SCARED-C-heldout,0.0,0.0,0.0,6.530657,-22.065416
SCARED-C-heldout,0.0,1.0,0.0,12.244928,-15.65781
SCARED-C-heldout,0.0,0.0,0.0,1.183178,32.28553
SCARED-C-heldout,0.0,1.0,0.0,5.5819325,-16.223423
SCARED-C-heldout,0.0,0.0,0.0,5.4055667,-28.455755
SCARED-C-heldout,0.0,0.0,0.0,-1.4966915,16.021145
SCARED-C-heldout,0.0,0.0,0.0,-7.323899,15.6837435
SCARED-C-heldout,0.0,0.0,0.0,-44.923836,-20.649424
SCARED-C-heldout,0.0,1.0,0.0,-22.75281,-44.38696
SCARED-C-heldout,0.0,1.0,0.0,8.939356,-31.449347
SCARED-C-heldout,0.0,0.0,0.0,-22.69481,-36.271942
SCARED-C-heldout,0.0,0.0,0.0,9.310909,-7.935408
SCARED-C-heldout,0.0,0.0,0.0,10.794795,-15.217959
SCARED-C-heldout,0.0,0.0,0.0,2.4023752,-21.64165
SCARED-C-heldout,0.0,0.0,0.0,-41.01137,-30.003178
SCARED-C-heldout,0.0,0.0,0.0,-26.585997,-52.19864
SCARED-C-heldout,0.0,0.0,0.0,-16.827688,5.4414315
SCARED-C-heldout,0.0,0.0,0.0,-17.517572,2.7592988
SCARED-C-heldout,0.0,0.0,0.0,-24.799063,24.432957
SCARED-C-heldout,0.0,0.0,0.0,-39.260437,-23.43853
SCARED-C-heldout,0.0,0.0,0.0,-28.05023,-35.240883
SCARED-C-heldout,0.0,0.0,0.0,-1.6362097,36.31403
SCARED-C-heldout,0.0,1.0,0.0,-24.005661,-49.99657
SCARED-C-heldout,0.0,0.0,0.0,-0.5170244,15.727489
SCARED-C-heldout,0.0,1.0,0.0,13.557862,-22.339752
SCARED-C-heldout,0.0,0.0,0.0,-7.0594788,24.238003
SCARED-C-heldout,0.0,0.0,0.0,-30.715412,-11.909758
SCARED-C-heldout,0.0,0.0,0.0,-6.754525,29.362957
SCARED-C-heldout,0.0,1.0,0.0,-10.847264,-14.35735
SCARED-C-heldout,0.0,0.0,0.0,7.90605,-9.114844
SCARED-C-heldout,0.0,0.0,0.0,-12.451681,-1.6396455
SCARED-C-heldout,0.0,0.0,0.0,-42.994736,-23.845839
SCARED-C-heldout,0.0,0.0,0.0,-31.550798,-43.930576
SCARED-C-heldout,0.0,1.0,0.0,-20.475924,2.2753756
SCARED-C-heldout,0.0,1.0,0.0,-23.424326,-42.661663
SCARED-C-heldout,0.0,0.0,0.0,-19.822445,6.541884
SCARED-C-heldout,0.0,0.0,0.0,2.0998828,-20.771563
SCARED-C-heldout,0.0,0.0,0.0,-35.685688,-42.836594
SCARED-C-heldout,1.0,1.0,0.0,20.03432,-51.560352
SCARED-C-heldout,1.0,0.0,1.0,17.785631,-32.661797
SCARED-C-heldout,0.0,0.0,0.0,-25.552391,-42.688023
SCARED-C-heldout,0.0,0.0,0.0,-30.655338,-49.72034
SCARED-C-heldout,0.0,0.0,0.0,8.855372,-12.082436
SCARED-C-heldout,1.0,1.0,1.0,17.270006,-28.015615
SCARED-C-heldout,0.0,0.0,0.0,-18.9323,21.915989
SCARED-C-heldout,1.0,1.0,0.0,24.228188,-50.46306
SCARED-C-heldout,0.0,0.0,0.0,-11.842318,-2.107803
SCARED-C-heldout,0.0,0.0,0.0,-21.530012,48.89502
SCARED-C-heldout,0.0,0.0,0.0,-39.142998,-30.026897
SCARED-C-heldout,0.0,0.0,0.0,-24.795399,-42.178814
SCARED-C-heldout,0.0,0.0,0.0,-11.9297695,-11.3917675
SCARED-C-heldout,0.0,0.0,0.0,-5.208761,-2.7995348
SCARED-C-heldout,0.0,0.0,0.0,-34.6327,-41.457336
SCARED-C-heldout,0.0,0.0,0.0,-34.566277,-9.070728
SCARED-C-heldout,0.0,0.0,0.0,-15.848788,43.18073
SCARED-C-heldout,0.0,0.0,0.0,-12.772245,14.838455
SCARED-C-heldout,0.0,0.0,0.0,-10.039759,3.4818301
SCARED-C-heldout,0.0,1.0,0.0,-38.36105,-6.268408
SCARED-C-heldout,0.0,0.0,0.0,-2.6360252,33.207
SCARED-C-heldout,0.0,0.0,0.0,-17.298386,-10.141178
SCARED-C-heldout,0.0,0.0,0.0,-24.715893,-45.9055
SCARED-C-heldout,0.0,1.0,0.0,-15.483478,-12.560129
SCARED-C-heldout,0.0,0.0,0.0,-2.416211,36.642807
SCARED-C-heldout,0.0,0.0,0.0,9.748927,-10.334487
SCARED-C-heldout,0.0,0.0,0.0,-22.712515,47.137566
SCARED-C-heldout,0.0,0.0,0.0,-33.294735,-40.549885
SCARED-C-heldout,0.0,0.0,0.0,-8.779095,5.7892556
SCARED-C-heldout,0.0,0.0,0.0,-35.45012,-6.8077273
SCARED-C-heldout,0.0,0.0,0.0,-16.508303,27.442255
SCARED-C-heldout,0.0,1.0,0.0,-30.33949,-33.544147
SCARED-C-heldout,0.0,0.0,0.0,1.3558072,22.422697
SCARED-C-heldout,0.0,0.0,0.0,-14.752594,-12.766721
SCARED-C-heldout,0.0,0.0,0.0,-2.1869457,36.978226
SCARED-C-heldout,0.0,1.0,0.0,-13.171684,-45.549053
SCARED-C-heldout,0.0,0.0,0.0,7.5893435,-22.862757
SCARED-C-heldout,0.0,0.0,0.0,-0.8914582,-15.213985
SCARED-C-heldout,0.0,1.0,0.0,-8.347117,-49.36903
SCARED-C-heldout,0.0,0.0,0.0,13.620503,-20.852365
SCARED-C-heldout,0.0,0.0,0.0,-23.642483,15.890003
SCARED-C-heldout,0.0,0.0,0.0,-5.645337,17.908287
SCARED-C-heldout,0.0,0.0,0.0,-14.756726,6.6181917
SCARED-C-heldout,0.0,1.0,0.0,-12.760524,-45.725197
SCARED-C-heldout,0.0,0.0,0.0,-13.809873,8.808488
SCARED-C-heldout,0.0,0.0,0.0,-8.3989,8.3967
SCARED-C-heldout,0.0,0.0,0.0,-19.25996,18.944187
SCARED-C-heldout,0.0,1.0,0.0,-23.337366,-43.585865
SCARED-C-heldout,0.0,0.0,0.0,-20.01989,21.58675
SCARED-C-heldout,0.0,1.0,0.0,-29.384344,-32.655624
SCARED-C-heldout,0.0,0.0,0.0,-28.262268,-48.23622
SCARED-C-heldout,0.0,0.0,0.0,-26.624567,-47.149624
SCARED-C-heldout,1.0,1.0,0.0,37.50923,-18.746956
SCARED-C-heldout,0.0,0.0,0.0,-5.0833864,-14.195149
SCARED-C-heldout,0.0,1.0,0.0,9.111465,61.19031
SCARED-C-heldout,0.0,0.0,0.0,-33.693993,35.53332
SCARED-C-heldout,0.0,0.0,0.0,-20.131481,-11.369478
SCARED-C-heldout,0.0,0.0,0.0,4.739248,-33.45929
SCARED-C-heldout,0.0,1.0,0.0,11.099539,-16.704584
SCARED-C-heldout,1.0,0.0,1.0,17.371918,-28.359188
SCARED-C-heldout,0.0,0.0,0.0,-45.31453,-19.323744
SCARED-C-heldout,0.0,0.0,0.0,0.50422615,30.509726
SCARED-C-heldout,0.0,0.0,0.0,-41.958115,-25.967402
SCARED-C-heldout,0.0,1.0,0.0,-19.350561,-43.898037
SCARED-C-heldout,1.0,1.0,0.0,40.02562,-17.036274
SCARED-C-heldout,0.0,0.0,0.0,-39.96505,-10.736661
SCARED-C-heldout,0.0,0.0,0.0,-12.175205,30.915733
SCARED-C-heldout,0.0,0.0,0.0,3.8564517,-16.594421
SCARED-C-heldout,0.0,0.0,0.0,-21.902037,-35.836742
SCARED-C-heldout,0.0,0.0,0.0,4.8404484,-31.949059
SCARED-C-heldout,0.0,0.0,0.0,-18.8731,-15.073746
SCARED-C-heldout,1.0,1.0,0.0,16.889187,-27.21147
SCARED-C-heldout,0.0,0.0,0.0,-21.495989,13.10003
SCARED-C-heldout,0.0,0.0,0.0,-23.439108,13.479212
SCARED-C-heldout,0.0,0.0,0.0,4.1697693,-17.495958
SCARED-C-heldout,0.0,0.0,0.0,-13.346701,14.058555
SCARED-C-heldout,0.0,0.0,0.0,-9.449249,25.500586
SCARED-C-heldout,0.0,0.0,0.0,-18.9257,17.346384
SCARED-C-heldout,0.0,0.0,0.0,-31.165712,-49.106136
SCARED-C-heldout,0.0,0.0,0.0,-41.201996,-21.311209
SCARED-C-heldout,0.0,0.0,0.0,-4.449296,23.231522
SCARED-C-heldout,0.0,0.0,0.0,-29.783382,-32.617924
SCARED-C-heldout,0.0,0.0,0.0,-35.50978,38.922462
SCARED-C-heldout,0.0,0.0,0.0,-39.02483,-29.756172
SCARED-C-heldout,1.0,1.0,0.0,16.586836,-28.759073
SCARED-C-heldout,0.0,0.0,0.0,-34.98443,-8.170154
SCARED-C-heldout,0.0,0.0,0.0,-6.3562,4.8195457
SCARED-C-heldout,0.0,0.0,0.0,-29.4779,-32.847263
SCARED-C-heldout,0.0,1.0,0.0,-9.385215,3.1504436
SCARED-C-heldout,0.0,0.0,0.0,-14.98115,37.567635
SCARED-C-heldout,0.0,1.0,0.0,-20.468061,-40.028046
SCARED-C-heldout,0.0,0.0,0.0,-6.0567446,21.52485
SCARED-C-heldout,0.0,0.0,0.0,-33.03336,-44.39105
SCARED-C-heldout,0.0,0.0,0.0,-28.828377,-37.46096
SCARED-C-heldout,0.0,0.0,0.0,-7.172034,11.593552
SCARED-C-heldout,0.0,0.0,0.0,-32.36887,41.157063
SCARED-C-heldout,0.0,0.0,0.0,-44.145073,-24.375565
SCARED-C-heldout,1.0,1.0,0.0,36.517345,-22.82304
SCARED-C-heldout,0.0,0.0,0.0,-32.194546,-12.707111
SCARED-C-heldout,0.0,0.0,0.0,-18.842848,1.6994051
SCARED-C-heldout,1.0,1.0,0.0,21.780697,-50.400646
SCARED-C-heldout,0.0,0.0,0.0,15.784517,-51.29146
SCARED-C-heldout,0.0,0.0,0.0,-7.487468,11.056186
SCARED-C-heldout,0.0,0.0,0.0,-2.6341383,-14.416729
SCARED-C-heldout,0.0,0.0,0.0,-10.460159,12.644382
SCARED-C-heldout,0.0,1.0,0.0,-19.952852,-48.78601
SCARED-C-heldout,0.0,0.0,0.0,-43.32671,-24.378284
SCARED-C-heldout,0.0,0.0,0.0,-5.6022277,6.5629773
SCARED-C-heldout,0.0,0.0,0.0,-19.577381,1.7038668
SCARED-C-heldout,0.0,0.0,0.0,-30.493616,-49.53967
SCARED-C-heldout,0.0,0.0,0.0,-33.863327,41.335457
SCARED-C-heldout,0.0,1.0,0.0,8.123442,-30.634325
SCARED-C-heldout,0.0,0.0,0.0,-16.212734,42.55895
SCARED-C-heldout,0.0,0.0,0.0,11.056121,5.611917
SCARED-C-heldout,0.0,0.0,0.0,-18.266325,-11.652377
SCARED-C-heldout,0.0,0.0,0.0,-32.320297,-45.850037
SCARED-C-heldout,0.0,0.0,0.0,-38.339733,-8.416031
SCARED-C-heldout,0.0,0.0,0.0,-9.391607,2.2247047
SCARED-C-heldout,0.0,0.0,0.0,-3.8460276,23.012175
SCARED-C-heldout,0.0,0.0,0.0,-38.7934,-29.17557
SCARED-C-heldout,0.0,0.0,0.0,-5.6523886,12.767654
SCARED-C-heldout,0.0,0.0,0.0,-16.368938,-3.094687
SCARED-C-heldout,0.0,0.0,0.0,-21.423594,-14.916687
SCARED-C-heldout,0.0,0.0,0.0,-17.30595,4.7009273
SCARED-C-heldout,0.0,1.0,0.0,13.402751,-21.126654
SCARED-C-heldout,0.0,0.0,0.0,-32.406,-40.588207
SCARED-C-heldout,0.0,1.0,0.0,5.0307946,-16.531008
SCARED-C-heldout,0.0,0.0,0.0,-21.624676,-13.152426
SCARED-C-heldout,0.0,0.0,0.0,-6.87209,4.4321704
SCARED-C-heldout,0.0,0.0,0.0,7.451529,-8.188439
SCARED-C-heldout,0.0,0.0,0.0,-21.981504,15.443412
SCARED-C-heldout,0.0,0.0,0.0,-2.086709,13.016417
SCARED-C-heldout,0.0,0.0,0.0,-14.553971,43.178352
SCARED-C-heldout,0.0,0.0,0.0,-4.519956,-14.875698
SCARED-C-heldout,0.0,1.0,0.0,27.975422,31.456182
SCARED-C-heldout,0.0,0.0,0.0,-42.20248,-25.879337
SCARED-C-heldout,0.0,0.0,0.0,-34.533337,-24.266685
SCARED-C-heldout,0.0,0.0,0.0,-5.865153,41.699493
SCARED-C-heldout,0.0,0.0,0.0,3.6648822,-30.01947
SCARED-C-heldout,0.0,0.0,0.0,-5.51935,41.629307
SCARED-C-heldout,0.0,1.0,0.0,14.973011,-22.852453
SCARED-C-heldout,0.0,0.0,0.0,-27.750242,-46.51575
SCARED-C-heldout,0.0,0.0,0.0,-3.71457,17.20156
SCARED-C-heldout,0.0,0.0,0.0,-18.738567,20.542479
SCARED-C-heldout,0.0,1.0,0.0,5.8830404,-10.065786
SCARED-C-heldout,0.0,0.0,0.0,-32.46574,-45.66836
SCARED-C-heldout,0.0,0.0,0.0,-28.055655,-47.810318
SCARED-C-heldout,0.0,0.0,0.0,-25.866207,21.760094
SCARED-C-heldout,0.0,0.0,0.0,-22.97901,12.434864
SCARED-C-heldout,0.0,0.0,0.0,-13.929824,15.051927
SCARED-C-heldout,0.0,1.0,0.0,10.539555,-51.58091
SCARED-C-heldout,0.0,0.0,0.0,-24.952045,-47.26548
SCARED-C-heldout,0.0,0.0,0.0,-13.452062,-5.959673
SCARED-C-heldout,0.0,0.0,0.0,-34.6171,-23.542883
SCARED-C-heldout,0.0,0.0,0.0,-25.03245,-51.08874
SCARED-C-heldout,0.0,0.0,0.0,5.061451,-16.364384
SCARED-C-heldout,0.0,0.0,0.0,-3.3994362,13.13604
SCARED-C-heldout,0.0,0.0,0.0,-15.328315,-14.520768
SCARED-C-heldout,0.0,0.0,0.0,4.930762,-31.75086
SCARED-C-heldout,0.0,0.0,0.0,-15.265465,43.45534
SCARED-C-heldout,1.0,1.0,0.0,16.697733,-32.131332
SCARED-C-heldout,0.0,0.0,0.0,-30.801207,-49.209343
SCARED-C-heldout,0.0,0.0,0.0,13.471545,-17.911463
SCARED-C-heldout,0.0,0.0,0.0,-12.927805,2.2600293
SCARED-C-heldout,0.0,0.0,0.0,-16.596794,20.977043
SCARED-C-heldout,0.0,0.0,0.0,-6.0710325,28.603342
SCARED-C-heldout,0.0,0.0,0.0,-29.376812,-34.594578
SCARED-C-heldout,0.0,0.0,0.0,-6.5657587,5.9509478
SCARED-C-heldout,0.0,0.0,0.0,-34.486725,-13.6720495
SCARED-C-heldout,0.0,0.0,0.0,12.0957575,5.729669
SCARED-C-heldout,1.0,1.0,0.0,23.804379,-52.041023
SCARED-C-heldout,0.0,1.0,0.0,-12.10014,-4.2761674
SCARED-C-heldout,0.0,1.0,0.0,-18.322227,-43.56053
SCARED-C-heldout,0.0,0.0,0.0,5.137541,-10.149098
SCARED-C-heldout,0.0,0.0,0.0,-14.422504,42.86307
SCARED-C-heldout,1.0,1.0,0.0,12.5748415,-23.676044
SCARED-C-heldout,0.0,0.0,0.0,-3.0710356,27.345573
SCARED-C-heldout,0.0,0.0,0.0,-5.524017,45.51102
SCARED-C-heldout,0.0,0.0,0.0,-15.629934,-13.174231
SCARED-C-heldout,0.0,0.0,0.0,-27.988539,-41.159767
SCARED-C-heldout,0.0,0.0,0.0,-39.006325,-29.753325
SCARED-C-heldout,0.0,0.0,0.0,13.922372,-19.76149
SCARED-C-heldout,0.0,0.0,0.0,-30.720627,-4.864677
SCARED-C-heldout,0.0,0.0,0.0,-41.575832,-28.27506
SCARED-C-heldout,0.0,0.0,0.0,1.415203,-25.660582
SCARED-C-heldout,0.0,1.0,0.0,-38.545845,-39.11579
SCARED-C-heldout,0.0,0.0,0.0,-12.612089,12.1136055
SCARED-C-heldout,0.0,0.0,0.0,-16.103004,-11.922289
SCARED-C-heldout,0.0,0.0,0.0,-2.772468,25.636742
SCARED-C-heldout,0.0,0.0,0.0,-17.254076,-9.480841
SCARED-C-heldout,0.0,0.0,0.0,-38.25503,-12.46192
SCARED-C-heldout,0.0,0.0,0.0,-22.998568,-12.402869
SCARED-C-heldout,1.0,1.0,0.0,38.271072,-18.23717
SCARED-C-heldout,0.0,0.0,0.0,-39.671345,-11.011275
SCARED-C-heldout,0.0,0.0,0.0,1.1589301,29.70138
SCARED-C-heldout,0.0,0.0,0.0,-18.620317,1.5457878
SCARED-C-heldout,0.0,0.0,0.0,1.6431035,21.857494
SCARED-C-heldout,0.0,0.0,0.0,-6.654321,-3.47271
SCARED-C-heldout,0.0,0.0,0.0,-28.563261,-38.88815
SCARED-C-heldout,0.0,0.0,0.0,5.2827907,-28.445913
SCARED-C-heldout,0.0,0.0,0.0,-44.7632,-19.915104
SCARED-C-heldout,0.0,0.0,0.0,-6.7691126,24.475298
SCARED-C-heldout,0.0,0.0,0.0,-4.2052016,22.189245
SCARED-C-heldout,0.0,0.0,0.0,-7.798768,26.93841
SCARED-C-heldout,1.0,1.0,0.0,22.308594,-58.96564
SCARED-C-heldout,0.0,0.0,0.0,6.8610344,-33.501507
SCARED-C-heldout,0.0,0.0,0.0,13.143818,4.3826566
SCARED-C-heldout,0.0,0.0,0.0,-2.0078163,25.075865
SCARED-C-heldout,0.0,1.0,0.0,-10.156024,-36.792095
SCARED-C-heldout,0.0,0.0,0.0,-15.8028,3.3592472
SCARED-C-heldout,0.0,0.0,0.0,-18.663202,19.522594
SCARED-C-heldout,0.0,0.0,0.0,-32.89841,34.64158
SCARED-C-heldout,0.0,0.0,0.0,-13.1402,29.517296
SCARED-C-heldout,0.0,0.0,0.0,-14.2301445,28.5488
SCARED-C-heldout,1.0,1.0,0.0,12.129934,-23.193922
SCARED-C-heldout,0.0,0.0,0.0,-44.52956,-25.617495
SCARED-C-heldout,0.0,1.0,0.0,-16.755085,-11.381857
SCARED-C-heldout,0.0,0.0,0.0,1.5236253,-25.624104
SCARED-C-heldout,0.0,1.0,0.0,-17.075182,-3.2283661
SCARED-C-heldout,0.0,1.0,0.0,-26.36834,-38.33272
SCARED-C-heldout,0.0,0.0,0.0,-6.554158,-10.920402
SCARED-C-heldout,1.0,1.0,0.0,20.902252,-31.165848
SCARED-C-heldout,0.0,1.0,0.0,-27.267546,-45.37691
SCARED-C-heldout,0.0,0.0,0.0,-1.8185688,13.648233
SCARED-C-heldout,0.0,0.0,0.0,-34.20659,-25.051952
SCARED-C-heldout,0.0,0.0,0.0,-46.635708,-20.10703
SCARED-C-heldout,0.0,0.0,0.0,1.940778,33.258675
SCARED-C-heldout,0.0,0.0,0.0,-8.223254,16.137167
SCARED-C-heldout,0.0,0.0,0.0,-39.11954,-8.8963375
SCARED-C-heldout,0.0,0.0,0.0,-31.684334,-14.235414
SCARED-C-heldout,0.0,1.0,0.0,8.25512,-19.443771
SCARED-C-heldout,1.0,1.0,0.0,16.214556,-51.302876
SCARED-C-heldout,0.0,0.0,0.0,-20.44964,19.027645
SCARED-C-heldout,0.0,0.0,0.0,-11.807031,40.25587
SCARED-C-heldout,0.0,0.0,0.0,-7.46777,4.8389015
SCARED-C-heldout,0.0,0.0,0.0,-11.263699,-12.335188
SCARED-C-heldout,0.0,0.0,0.0,-14.063721,-5.636535
SCARED-C-heldout,0.0,0.0,0.0,12.377676,5.551792
SCARED-C-heldout,0.0,0.0,0.0,4.515731,-12.931933
SCARED-C-heldout,0.0,0.0,0.0,-31.18059,6.9688377
SCARED-C-heldout,0.0,0.0,0.0,-25.640114,-37.598408
SCARED-C-heldout,0.0,0.0,0.0,-25.143143,24.391478
SCARED-C-heldout,1.0,1.0,0.0,46.14746,-32.277164
SCARED-C-heldout,0.0,1.0,0.0,-1.5708474,17.202002
SCARED-C-heldout,0.0,0.0,0.0,5.1565647,-29.345654
SCARED-C-heldout,0.0,0.0,0.0,-44.16918,-26.123407
SCARED-C-heldout,0.0,0.0,0.0,-29.650858,-40.017727
SCARED-C-heldout,0.0,0.0,0.0,-35.23596,-44.943607
SCARED-C-heldout,0.0,0.0,0.0,-10.757675,-6.145668
SCARED-C-heldout,0.0,0.0,0.0,-24.07482,-44.783714
SCARED-C-heldout,0.0,0.0,0.0,-21.588955,-49.360657
SCARED-C-heldout,0.0,0.0,0.0,-36.24984,-43.35445
SCARED-C-heldout,0.0,0.0,0.0,-16.346773,7.6484523
SCARED-C-heldout,0.0,0.0,0.0,-38.872192,-27.09596
SCARED-C-heldout,0.0,0.0,0.0,-14.332004,42.466377
SCARED-C-heldout,0.0,0.0,0.0,10.594162,-10.902972
SCARED-C-heldout,0.0,0.0,0.0,-6.3946586,3.107726
SCARED-C-heldout,0.0,0.0,0.0,-22.365234,-12.988177
SCARED-C-heldout,1.0,1.0,0.0,19.993643,-29.976986
SCARED-C-heldout,0.0,0.0,0.0,-17.927753,33.252018
SCARED-C-heldout,0.0,1.0,0.0,7.152734,-19.01343
SCARED-C-heldout,0.0,0.0,0.0,11.077071,-17.686188
SCARED-C-heldout,0.0,1.0,0.0,-21.992931,-49.232193
SCARED-C-heldout,0.0,0.0,0.0,0.4199186,24.772087
SCARED-C-heldout,0.0,0.0,0.0,-1.5035136,-14.961698
SCARED-C-heldout,0.0,1.0,0.0,6.0644536,-52.639587
SCARED-C-heldout,1.0,1.0,0.0,23.936066,-51.12206
SCARED-C-heldout,0.0,0.0,0.0,-31.218227,6.784137
SCARED-C-heldout,0.0,0.0,0.0,-13.181417,1.718196
SCARED-C-heldout,0.0,0.0,0.0,-31.056654,-49.396145
SCARED-C-heldout,0.0,0.0,0.0,-12.215546,-3.5464866
SCARED-C-heldout,0.0,0.0,0.0,-14.721695,45.343533
SCARED-C-heldout,0.0,0.0,0.0,-17.065199,6.863961
SCARED-C-heldout,0.0,0.0,0.0,-19.852135,6.6120067
SCARED-C-heldout,0.0,0.0,0.0,-31.687931,-44.53827
SCARED-C-heldout,0.0,0.0,0.0,-8.623577,15.2218275
SCARED-C-heldout,0.0,0.0,0.0,-11.227658,20.580366
SCARED-C-heldout,0.0,0.0,0.0,-34.158943,-40.461365
SCARED-C-heldout,0.0,0.0,0.0,-41.33447,-28.601286
SCARED-C-heldout,0.0,0.0,0.0,-6.8115673,29.528587
SCARED-C-heldout,0.0,1.0,0.0,-33.44101,40.53707
SCARED-C-heldout,0.0,0.0,0.0,-36.456917,-7.8655086
SCARED-C-heldout,0.0,0.0,0.0,-15.84353,43.87277
SCARED-C-heldout,0.0,0.0,0.0,-34.849392,-7.691799
SCARED-C-heldout,0.0,0.0,0.0,-22.631088,-36.9255
SCARED-C-heldout,0.0,0.0,0.0,-12.638265,12.699189
SCARED-C-heldout,0.0,0.0,0.0,-36.711838,-15.258263
SCARED-C-heldout,0.0,0.0,0.0,-43.959843,-24.73901
SCARED-C-heldout,0.0,0.0,0.0,-10.206265,18.491966
SCARED-C-heldout,0.0,0.0,0.0,-35.723278,42.787632
SCARED-C-heldout,0.0,0.0,0.0,-37.616474,-11.850747
SCARED-C-heldout,0.0,1.0,0.0,-20.296772,2.590264
SCARED-C-heldout,0.0,0.0,0.0,-15.229016,43.94508
SCARED-C-heldout,0.0,0.0,0.0,-8.206127,30.570412
SCARED-C-heldout,0.0,0.0,0.0,-23.07929,-36.726387
SCARED-C-heldout,0.0,0.0,0.0,-29.064522,-35.483173
SCARED-C-heldout,0.0,1.0,0.0,17.540087,-51.187447
SCARED-C-heldout,0.0,1.0,0.0,-6.9887185,-50.238174
SCARED-C-heldout,1.0,1.0,0.0,36.380074,-20.714828
SCARED-C-heldout,0.0,0.0,0.0,11.3142605,7.0084157
SCARED-C-heldout,0.0,0.0,0.0,-9.924165,25.661547
SCARED-C-heldout,0.0,1.0,0.0,8.652086,-21.018728
SCARED-C-heldout,0.0,0.0,0.0,-21.847515,-38.676647
SCARED-C-heldout,0.0,0.0,0.0,-42.16979,-26.027578
SCARED-C-heldout,0.0,0.0,0.0,6.889387,-7.5253205
SCARED-C-heldout,0.0,0.0,0.0,5.567272,-20.875866
SCARED-C-heldout,0.0,0.0,0.0,-28.474869,-48.406033
SCARED-C-heldout,0.0,0.0,0.0,-45.355583,-20.072594
SCARED-C-heldout,0.0,0.0,0.0,-40.42941,-28.704285
SCARED-C-heldout,0.0,0.0,0.0,-33.306805,-41.05187
SCARED-C-heldout,0.0,0.0,0.0,-16.430996,19.23376
SCARED-C-heldout,0.0,0.0,0.0,8.626302,-11.760131
SCARED-C-heldout,0.0,0.0,0.0,-40.27854,-26.75634
SCARED-C-heldout,0.0,0.0,0.0,-30.79496,-41.294846
SCARED-C-heldout,0.0,0.0,0.0,-45.899082,-22.715704
SCARED-C-heldout,0.0,0.0,0.0,8.503865,-23.592327
SCARED-C-heldout,0.0,0.0,0.0,-40.41011,-10.511715
SCARED-C-heldout,0.0,0.0,0.0,-19.432222,13.334388
SCARED-C-heldout,0.0,0.0,0.0,-5.636512,-4.020471
SCARED-C-heldout,0.0,0.0,0.0,-42.516644,-18.444618
SCARED-C-heldout,0.0,0.0,0.0,-0.54397345,16.370518
SCARED-C-heldout,0.0,1.0,0.0,16.308443,-50.02839
SCARED-C-heldout,0.0,1.0,0.0,-1.2202098,-46.41171
SCARED-C-heldout,0.0,0.0,0.0,-33.060932,-7.946972
SCARED-C-heldout,0.0,0.0,0.0,-1.2912297,24.405453
SCARED-C-heldout,0.0,1.0,0.0,-24.487461,-51.055817
SCARED-C-heldout,0.0,0.0,0.0,-12.6703,1.0636233
SCARED-C-heldout,0.0,0.0,0.0,-10.164363,28.42089
SCARED-C-heldout,0.0,0.0,0.0,-10.281939,-5.5477395
SCARED-C-heldout,0.0,0.0,0.0,-31.097073,5.3597693
SCARED-C-heldout,0.0,0.0,0.0,-34.661976,-7.720232
SCARED-C-heldout,0.0,0.0,0.0,-26.869337,-38.9727
SCARED-C-heldout,0.0,0.0,0.0,0.1601497,30.167427
SCARED-C-heldout,0.0,0.0,0.0,-6.3191147,14.902837
SCARED-C-heldout,0.0,0.0,0.0,-5.9172616,-4.721685
SCARED-C-heldout,0.0,0.0,0.0,-31.043036,-51.703274
SCARED-C-heldout,0.0,0.0,0.0,-41.616505,-29.300575
SCARED-C-heldout,0.0,0.0,0.0,-33.058033,-9.129384
SCARED-C-heldout,0.0,0.0,0.0,-8.209869,14.045569
SCARED-C-heldout,0.0,0.0,0.0,-3.3520179,36.0494
SCARED-C-heldout,0.0,0.0,0.0,-15.760079,35.709686
SCARED-C-heldout,0.0,0.0,0.0,14.272195,-29.46126
SCARED-C-heldout,0.0,0.0,0.0,-31.209467,-51.422806
SCARED-C-heldout,0.0,0.0,0.0,-21.199554,-14.769587
SCARED-C-heldout,0.0,0.0,0.0,-22.216145,-39.185005
SCARED-C-heldout,0.0,0.0,0.0,0.06580107,-26.516071
SCARED-C-heldout,0.0,1.0,0.0,-9.777574,-47.04693
SCARED-C-heldout,0.0,0.0,0.0,-22.627773,14.095623
SCARED-C-heldout,0.0,0.0,0.0,-4.668456,39.431297
SCARED-C-heldout,0.0,0.0,0.0,-10.525707,-0.9174344
SCARED-C-heldout,0.0,0.0,0.0,-13.978782,36.44828
SCARED-C-heldout,0.0,0.0,0.0,-43.58759,-14.058254
SCARED-C-heldout,0.0,1.0,0.0,-8.130531,-49.45861
SCARED-C-heldout,0.0,0.0,0.0,-2.3076742,37.103195
SCARED-C-heldout,0.0,0.0,0.0,10.054271,-9.410009
SCARED-C-heldout,0.0,1.0,0.0,-27.172865,-40.006786
SCARED-C-heldout,0.0,0.0,0.0,-23.71963,-48.014202
SCARED-C-heldout,0.0,0.0,0.0,-12.129822,2.890001
SCARED-C-heldout,0.0,0.0,0.0,-33.694878,-7.132068
SCARED-C-heldout,0.0,0.0,0.0,-22.170597,15.15046
SCARED-C-heldout,1.0,0.0,1.0,20.585402,-54.341293
SCARED-C-heldout,0.0,0.0,0.0,-16.558132,21.460413
SCARED-C-heldout,0.0,1.0,0.0,6.834599,-50.72299
SCARED-C-heldout,0.0,0.0,0.0,-40.81022,-26.67025
SCARED-C-heldout,0.0,1.0,0.0,-11.4959135,13.643376
SCARED-C-heldout,0.0,0.0,0.0,4.995106,-28.681633
SCARED-C-heldout,0.0,0.0,0.0,-33.006023,41.804234
SCARED-C-heldout,0.0,0.0,0.0,-3.6946464,15.613506
SCARED-C-heldout,0.0,0.0,0.0,-6.44797,44.979618
SCARED-C-heldout,1.0,0.0,1.0,17.01051,-28.982603
SCARED-C-heldout,0.0,0.0,0.0,-5.0004478,12.683478
SCARED-C-heldout,0.0,0.0,0.0,-4.487844,15.230755
SCARED-C-heldout,0.0,0.0,0.0,-10.321614,-13.185632
SCARED-C-heldout,0.0,0.0,0.0,-3.8652775,-13.165899
SCARED-C-heldout,0.0,0.0,0.0,10.794371,-8.98155
SCARED-C-heldout,0.0,0.0,0.0,-23.163654,11.230072
SCARED-C-heldout,0.0,1.0,0.0,-39.23274,-38.265507
SCARED-C-heldout,0.0,0.0,0.0,-8.936825,4.22604
SCARED-C-heldout,0.0,0.0,0.0,-37.07706,36.01014
SCARED-C-heldout,0.0,0.0,0.0,10.853436,-9.693552
SCARED-C-heldout,1.0,1.0,0.0,23.578732,-57.968384
SCARED-C-heldout,0.0,0.0,0.0,-30.918911,-10.426483
SCARED-C-heldout,0.0,1.0,0.0,27.800745,31.172209
SCARED-C-heldout,0.0,0.0,0.0,12.127881,-16.839474
SCARED-C-heldout,0.0,0.0,0.0,-8.95527,7.5394044
SCARED-C-heldout,0.0,0.0,0.0,10.630782,-21.269773
SCARED-C-heldout,0.0,0.0,0.0,-10.114563,24.663708
SCARED-C-heldout,0.0,1.0,0.0,4.834334,-9.430086
SCARED-C-heldout,0.0,0.0,0.0,-16.379282,35.470417
SCARED-C-heldout,0.0,0.0,0.0,-3.1046314,-13.781615
SCARED-C-heldout,0.0,0.0,0.0,0.76526135,30.28877
SCARED-C-heldout,0.0,0.0,0.0,-3.3558235,17.88125
SCARED-C-heldout,0.0,0.0,0.0,-19.56726,-13.374878
SCARED-C-heldout,0.0,0.0,0.0,-11.909208,12.121829
SCARED-C-heldout,0.0,0.0,0.0,-39.124634,-11.971593
SCARED-C-heldout,0.0,0.0,0.0,-9.234466,1.3238642
SCARED-C-heldout,1.0,0.0,1.0,20.165997,-30.26552
SCARED-C-heldout,0.0,1.0,0.0,-21.245005,-49.729748
SCARED-C-heldout,0.0,0.0,0.0,12.983682,6.2586393
SCARED-C-heldout,0.0,0.0,0.0,-34.250854,35.808773
SCARED-C-heldout,0.0,0.0,0.0,-41.413445,-26.83759
SCARED-C-heldout,0.0,0.0,0.0,-24.19336,-45.340015
SCARED-C-heldout,0.0,0.0,0.0,-6.151536,21.533213
SCARED-C-heldout,0.0,0.0,0.0,-9.737584,24.560246
SCARED-C-heldout,0.0,0.0,0.0,-8.177281,35.606133
SCARED-C-heldout,0.0,0.0,0.0,-34.471973,-23.873137
SCARED-C-heldout,0.0,0.0,0.0,-14.135911,9.004209
SCARED-C-heldout,0.0,0.0,0.0,-18.414686,-9.970286
SCARED-C-heldout,0.0,1.0,0.0,6.175565,-29.34995
SCARED-C-heldout,0.0,0.0,0.0,-16.1568,-4.809491
SCARED-C-heldout,0.0,0.0,0.0,-24.25055,-46.033585
SCARED-C-heldout,0.0,1.0,0.0,8.709973,-31.161657
SCARED-C-heldout,1.0,1.0,0.0,18.815119,-52.556442
SCARED-C-heldout,0.0,0.0,0.0,-29.180712,-37.732662
SCARED-C-heldout,0.0,0.0,0.0,-20.058882,-11.433362
SCARED-C-heldout,0.0,0.0,0.0,-15.535185,29.177359
SCARED-C-heldout,0.0,0.0,0.0,-28.621881,-48.300064
SCARED-C-heldout,0.0,0.0,0.0,-2.2067382,34.086433
SCARED-C-heldout,0.0,0.0,0.0,-24.291782,-49.377697
SCARED-C-heldout,0.0,1.0,0.0,-15.468916,0.97515213
SCARED-C-heldout,0.0,1.0,0.0,13.840644,-22.81073
SCARED-C-heldout,0.0,1.0,0.0,-11.660258,-48.34832
SCARED-C-heldout,0.0,0.0,0.0,-37.259605,34.97986
SCARED-C-heldout,0.0,0.0,0.0,-43.68732,-20.97469
SCARED-C-heldout,0.0,0.0,0.0,-22.260038,-13.406751
SCARED-C-heldout,0.0,0.0,0.0,-20.331371,20.784933
SCARED-C-heldout,0.0,0.0,0.0,3.4543908,-17.067019
SCARED-C-heldout,0.0,0.0,0.0,5.4693503,-10.761831
SCARED-C-heldout,0.0,1.0,0.0,15.041375,-50.939716
SCARED-C-heldout,0.0,0.0,0.0,-10.672107,-4.6805606
SCARED-C-heldout,0.0,0.0,0.0,-9.08856,16.01237
SCARED-C-heldout,0.0,0.0,0.0,7.093618,-22.172195
SCARED-C-heldout,0.0,1.0,0.0,14.276343,-19.479206
SCARED-C-heldout,0.0,0.0,0.0,-38.114758,-11.591118
SCARED-C-heldout,0.0,1.0,0.0,-27.241919,-38.617523
SCARED-C-heldout,0.0,0.0,0.0,-29.33851,-34.45672
SCARED-C-heldout,0.0,0.0,0.0,-2.5243986,-14.372341
SCARED-C-heldout,0.0,0.0,0.0,-34.862614,-26.488897
SCARED-C-heldout,0.0,0.0,0.0,-20.071417,-13.7626295
SCARED-C-heldout,0.0,0.0,0.0,-33.712906,-42.054443
SCARED-C-heldout,0.0,0.0,0.0,-26.396893,-37.851368
SCARED-C-heldout,0.0,1.0,0.0,13.258874,3.9663627
SCARED-C-heldout,0.0,0.0,0.0,-15.388289,15.929471
SCARED-C-heldout,0.0,0.0,0.0,-6.2460766,29.980865
SCARED-C-heldout,0.0,0.0,0.0,9.211346,-13.651246
SCARED-C-heldout,0.0,0.0,0.0,-31.131998,-51.096092
SCARED-C-heldout,0.0,0.0,0.0,-18.211798,-41.353672
SCARED-C-heldout,0.0,0.0,0.0,-37.905167,-12.35977
SCARED-C-heldout,0.0,0.0,0.0,-2.7055533,16.171741
SCARED-C-heldout,0.0,0.0,0.0,-17.647295,26.652239
SCARED-C-heldout,0.0,0.0,0.0,-15.096176,1.5749404
SCARED-C-heldout,0.0,0.0,0.0,-9.589029,24.098057
SCARED-C-heldout,0.0,0.0,0.0,-38.12432,-25.787258
SCARED-C-heldout,0.0,0.0,0.0,9.71342,-20.425909
SCARED-C-heldout,0.0,0.0,0.0,-31.689924,-40.815876
SCARED-C-heldout,0.0,0.0,0.0,-13.505271,6.1252
SCARED-C-heldout,0.0,0.0,0.0,-10.46771,16.415775
SCARED-C-heldout,0.0,0.0,0.0,-27.827518,-47.4351
SCARED-C-heldout,0.0,0.0,0.0,-23.875834,-47.928215
SCARED-C-heldout,0.0,0.0,0.0,-33.75008,-45.403904
SCARED-C-heldout,0.0,0.0,0.0,-10.908174,-1.105653
SCARED-C-heldout,0.0,0.0,0.0,-14.575897,42.533245
SCARED-C-heldout,0.0,0.0,0.0,-25.051903,-49.019093
SCARED-C-heldout,0.0,0.0,0.0,1.0128922,22.093006
SCARED-C-heldout,0.0,0.0,0.0,-42.170456,-18.339676
SCARED-C-heldout,0.0,0.0,0.0,-40.70232,-28.901598
SCARED-C-heldout,0.0,0.0,0.0,13.251979,4.0499825
SCARED-C-heldout,0.0,1.0,0.0,-0.28270894,-26.764997
SCARED-C-heldout,0.0,0.0,0.0,-6.255929,41.373463
SCARED-C-heldout,0.0,0.0,0.0,6.257036,-14.370574
SCARED-C-heldout,0.0,0.0,0.0,-10.904126,16.896479
SCARED-C-heldout,0.0,0.0,0.0,-36.93343,36.24016
SCARED-C-heldout,0.0,0.0,0.0,-4.916363,22.908182
SCARED-C-heldout,0.0,0.0,0.0,-33.788326,-7.837731
SCARED-C-heldout,0.0,0.0,0.0,-8.973725,-9.456703
SCARED-C-heldout,0.0,0.0,0.0,-24.842873,-44.280396
SCARED-C-heldout,0.0,0.0,0.0,13.309344,-27.301346
SCARED-C-heldout,0.0,0.0,0.0,-34.271496,-12.960895
SCARED-C-heldout,0.0,0.0,0.0,12.311484,-21.463713
SCARED-C-heldout,0.0,0.0,0.0,-22.470142,23.304945
SCARED-C-heldout,0.0,0.0,0.0,-8.783136,-13.29897
SCARED-C-heldout,0.0,0.0,0.0,-4.8862157,5.9805484
SCARED-C-heldout,0.0,0.0,0.0,-26.103792,-44.051773
SCARED-C-heldout,0.0,0.0,0.0,-38.720203,-30.485235
SCARED-C-heldout,0.0,0.0,0.0,-39.168987,-27.318737
SCARED-C-heldout,0.0,0.0,0.0,-32.704712,-13.546141
SCARED-C-heldout,0.0,0.0,0.0,10.05662,-13.04447
SCARED-C-heldout,0.0,0.0,0.0,-26.635029,0.27043137
SCARED-C-heldout,0.0,0.0,0.0,-18.244879,27.355804
SCARED-C-heldout,0.0,0.0,0.0,-31.022846,5.260572
SCARED-C-heldout,0.0,0.0,0.0,-34.79591,-41.93652
SCARED-C-heldout,0.0,0.0,0.0,-34.353703,35.678047
SCARED-C-heldout,0.0,0.0,0.0,-14.186847,-10.524121
SCARED-C-heldout,0.0,0.0,0.0,-32.120007,-43.40408
SCARED-C-heldout,0.0,0.0,0.0,-4.816499,8.550426
SCARED-C-heldout,1.0,1.0,0.0,23.94944,-58.45442
SCARED-C-heldout,0.0,1.0,0.0,-11.796515,-46.936718
SCARED-C-heldout,0.0,0.0,0.0,-19.537695,21.030466
SCARED-C-heldout,0.0,0.0,0.0,-0.011466925,-26.468103
SCARED-C-heldout,0.0,0.0,0.0,-15.538034,-14.620716
SCARED-C-heldout,0.0,0.0,0.0,-31.729355,-42.388687
SCARED-C-heldout,0.0,0.0,0.0,11.8376255,-18.063951
SCARED-C-heldout,0.0,1.0,0.0,-37.22963,-39.21777
SCARED-C-heldout,0.0,0.0,0.0,-22.524258,-48.341522
SCARED-C-heldout,0.0,0.0,0.0,-21.003817,47.91299
SCARED-C-heldout,1.0,1.0,0.0,15.573894,-29.5405
SCARED-C-heldout,0.0,0.0,0.0,-23.802187,10.551267
SCARED-C-heldout,0.0,0.0,0.0,-33.13305,-43.398365
SCARED-C-heldout,0.0,0.0,0.0,-9.860802,-6.291034
SCARED-C-heldout,1.0,1.0,0.0,23.473236,-58.05601
SCARED-C-heldout,0.0,0.0,0.0,-5.9048667,42.316113
SCARED-C-heldout,1.0,1.0,0.0,37.511726,-22.819826
SCARED-C-heldout,0.0,0.0,0.0,-27.249533,-38.604725
SCARED-C-heldout,0.0,0.0,0.0,11.807354,-19.452364
SCARED-C-heldout,0.0,0.0,0.0,-18.826862,-43.419308
SCARED-C-heldout,0.0,0.0,0.0,-43.269966,-24.410019
SCARED-C-heldout,1.0,0.0,1.0,42.942913,-37.11629
SCARED-C-heldout,0.0,0.0,0.0,-31.956966,-12.613148
SCARED-C-heldout,1.0,1.0,0.0,38.740795,-18.142185
SCARED-C-heldout,0.0,0.0,0.0,-1.6981746,-13.068333
SCARED-C-heldout,0.0,0.0,0.0,-2.682544,27.7456
SCARED-C-heldout,0.0,1.0,0.0,-23.281467,-43.92133
SCARED-C-heldout,0.0,0.0,0.0,11.30974,6.744241
SCARED-C-heldout,0.0,1.0,0.0,-32.115135,39.906734
SCARED-C-heldout,0.0,1.0,0.0,-22.72804,-49.0979
SCARED-C-heldout,0.0,0.0,0.0,-17.864662,-8.984004
SCARED-C-heldout,0.0,0.0,0.0,-31.416325,-44.372036
SCARED-C-heldout,0.0,0.0,0.0,-45.493,-19.36337
SCARED-C-heldout,0.0,0.0,0.0,-11.129339,-4.4757743
SCARED-C-heldout,0.0,0.0,0.0,7.3486013,-8.99255
SCARED-C-heldout,0.0,0.0,0.0,-31.28867,7.1795974
SCARED-C-heldout,0.0,0.0,0.0,-31.805876,-48.650154
SCARED-C-heldout,1.0,0.0,1.0,21.510267,-61.09894
SCARED-C-heldout,0.0,0.0,0.0,-31.369057,-49.924103
SCARED-C-heldout,0.0,0.0,0.0,-31.937756,-13.272445
SCARED-C-heldout,0.0,0.0,0.0,-24.181133,-48.41008
SCARED-C-heldout,0.0,1.0,0.0,10.368633,-19.430616
SCARED-C-heldout,1.0,1.0,1.0,37.71494,-0.25615817
SCARED-C-heldout,0.0,0.0,0.0,13.204541,5.5067844
SCARED-C-heldout,0.0,0.0,0.0,-25.760208,-50.08084
SCARED-C-heldout,0.0,0.0,0.0,-5.484845,42.097942
SCARED-C-heldout,0.0,1.0,0.0,28.141851,31.736496
SCARED-C-heldout,0.0,0.0,0.0,-7.6202307,25.570238
SCARED-C-heldout,0.0,0.0,0.0,-15.186039,16.654531
SCARED-C-heldout,0.0,0.0,0.0,-18.638681,20.408272
SCARED-C-heldout,1.0,0.0,1.0,19.638996,-50.921364
SCARED-C-heldout,0.0,0.0,0.0,-15.232847,8.700033
SCARED-C-heldout,0.0,0.0,0.0,-44.06344,-27.803415
SCARED-C-heldout,0.0,0.0,0.0,-29.03639,-48.295334
SCARED-C-heldout,0.0,0.0,0.0,-10.239395,10.960706
SCARED-C-heldout,0.0,0.0,0.0,12.142364,5.2679276
SCARED-C-heldout,0.0,0.0,0.0,-14.27382,36.833385
SCARED-C-heldout,0.0,1.0,0.0,-20.38649,2.1989741
SCARED-C-heldout,0.0,1.0,0.0,-11.294482,20.329464
SCARED-C-heldout,0.0,0.0,0.0,-35.18152,39.44698
SCARED-C-heldout,0.0,1.0,0.0,-11.663493,6.5262713
SCARED-C-heldout,0.0,0.0,0.0,-4.7568264,-13.412248
SCARED-C-heldout,0.0,0.0,0.0,-15.7750435,-10.956369
SCARED-C-heldout,0.0,0.0,0.0,-20.305641,-14.184915
SCARED-C-heldout,0.0,0.0,0.0,-5.2445135,40.878
SCARED-C-heldout,0.0,0.0,0.0,-6.9259615,40.81627
SCARED-C-heldout,0.0,0.0,0.0,-23.451578,14.475074
SCARED-C-heldout,0.0,0.0,0.0,-7.534941,13.4005165
SCARED-C-heldout,0.0,0.0,0.0,-1.669276,27.73283
SCARED-C-heldout,0.0,0.0,0.0,-40.46589,-20.04668
SCARED-C-heldout,0.0,0.0,0.0,-36.875122,-8.177577
SCARED-C-heldout,0.0,0.0,0.0,-8.565329,3.916746
SCARED-C-heldout,0.0,0.0,0.0,13.04367,-16.897465
SCARED-C-heldout,0.0,0.0,0.0,-20.257925,20.492647
SCARED-C-heldout,1.0,0.0,1.0,16.845171,-32.198544
SCARED-C-heldout,0.0,0.0,0.0,-9.537061,7.1831136
SCARED-C-heldout,1.0,0.0,1.0,13.806375,2.8540359
SCARED-C-heldout,0.0,1.0,0.0,-12.781484,-45.437054
SCARED-C-heldout,0.0,0.0,0.0,12.889895,4.780416
SCARED-C-heldout,0.0,0.0,0.0,-32.839905,-40.598713
SCARED-C-heldout,0.0,1.0,0.0,-39.257824,-37.699623
SCARED-C-heldout,0.0,0.0,0.0,-17.787035,6.2037354
SCARED-C-heldout,0.0,1.0,0.0,14.068866,-21.365038
SCARED-C-heldout,0.0,0.0,0.0,12.23765,-18.51783
SCARED-C-heldout,0.0,1.0,0.0,-27.310686,-39.21681
SCARED-C-heldout,0.0,0.0,0.0,-45.09876,-20.876179
SCARED-C-heldout,0.0,0.0,0.0,-35.159046,-22.554764
SCARED-C-heldout,0.0,0.0,0.0,1.0156336,21.883533
SCARED-C-heldout,0.0,0.0,0.0,-14.134563,45.13743
SCARED-C-heldout,0.0,0.0,0.0,-33.407314,-8.276416
SCARED-C-heldout,0.0,0.0,0.0,-5.7208314,5.1278033
SCARED-C-heldout,0.0,0.0,0.0,-6.6854796,-8.07205
SCARED-C-heldout,0.0,0.0,0.0,-15.92104,29.443985
SCARED-C-heldout,0.0,0.0,0.0,-5.458713,41.329235
SCARED-C-heldout,0.0,0.0,0.0,-35.00153,-26.447008
SCARED-C-heldout,0.0,1.0,0.0,-10.091066,-9.475927
SCARED-C-heldout,0.0,0.0,0.0,-21.628857,12.124386
SCARED-C-heldout,0.0,0.0,0.0,-39.32968,-8.975682
SCARED-C-heldout,0.0,0.0,0.0,-42.368855,-25.59565
SCARED-C-heldout,0.0,0.0,0.0,-8.691991,32.4884
SCARED-C-heldout,0.0,0.0,0.0,-10.007276,18.227255
SCARED-C-heldout,0.0,0.0,0.0,-43.713932,-28.074232
SCARED-C-heldout,0.0,1.0,0.0,-33.976624,41.062176
SCARED-C-heldout,0.0,0.0,0.0,-39.195038,-25.447886
SCARED-C-heldout,0.0,0.0,0.0,-9.172957,25.216808
SCARED-C-heldout,0.0,0.0,0.0,-14.158677,43.43316
SCARED-C-heldout,0.0,0.0,0.0,-4.364203,25.237564
SCARED-C-heldout,0.0,0.0,0.0,-39.347546,-26.743355
SCARED-C-heldout,0.0,0.0,0.0,-1.0918156,-15.217773
SCARED-C-heldout,0.0,0.0,0.0,-29.384872,45.018692
SCARED-C-heldout,0.0,0.0,0.0,-15.83129,3.2607872
SCARED-C-heldout,0.0,0.0,0.0,-27.52942,-52.40132
SCARED-C-heldout,0.0,0.0,0.0,-6.6091146,6.2432404
SCARED-C-heldout,0.0,0.0,0.0,-11.806012,37.951134
SCARED-C-heldout,0.0,1.0,0.0,2.862503,-25.31714
SCARED-C-heldout,0.0,0.0,0.0,-15.956989,34.448162
SCARED-C-heldout,0.0,0.0,0.0,12.974168,-14.579987
SCARED-C-heldout,0.0,0.0,0.0,-35.25924,-43.76586
SCARED-C-heldout,0.0,0.0,0.0,-31.163267,-51.869267
SCARED-C-heldout,0.0,0.0,0.0,-36.59117,-15.355244
SCARED-C-heldout,0.0,0.0,0.0,-43.28224,-23.540068
SCARED-C-heldout,0.0,0.0,0.0,-11.736895,3.152802
SCARED-C-heldout,0.0,0.0,0.0,-12.168248,45.13116
SCARED-C-heldout,0.0,1.0,0.0,13.328898,-18.885805
SCARED-C-heldout,0.0,0.0,0.0,-15.885276,-11.196967
SCARED-C-heldout,0.0,0.0,0.0,-23.556252,9.447106
SCARED-C-heldout,0.0,0.0,0.0,-2.469848,17.620338
SCARED-C-heldout,0.0,0.0,0.0,-13.891937,-2.771805
SCARED-C-heldout,0.0,0.0,0.0,-2.5304224,40.7362
SCARED-C-heldout,0.0,0.0,0.0,-30.909657,-44.45903
SCARED-C-heldout,0.0,0.0,0.0,-7.368194,10.638214
SCARED-C-heldout,0.0,0.0,0.0,-42.940186,-25.565674
SCARED-C-heldout,0.0,0.0,0.0,-41.864243,-27.607964
SCARED-C-heldout,0.0,1.0,0.0,-27.007296,-40.069324
SCARED-C-heldout,0.0,0.0,0.0,-35.56116,-7.4140325
SCARED-C-heldout,0.0,0.0,0.0,-11.09667,28.01718
SCARED-C-heldout,0.0,1.0,0.0,-8.572956,-49.142723
SCARED-C-heldout,0.0,0.0,0.0,-2.9241955,-46.418293
SCARED-C-heldout,0.0,0.0,0.0,-30.474745,-51.960003
SERV-CT,1.0,1.0,0.0,59.869408,8.005864
SERV-CT,1.0,1.0,0.0,49.14723,20.431105
SERV-CT,0.0,1.0,0.0,34.400955,27.228697
SERV-CT,0.0,1.0,0.0,37.907173,37.503532
SERV-CT,0.0,1.0,0.0,14.747593,62.820454
SERV-CT,1.0,1.0,1.0,30.812037,26.01494
SERV-CT,0.0,1.0,0.0,34.587444,47.5471
SERV-CT,0.0,1.0,0.0,20.605583,49.120125
SERV-CT,0.0,1.0,0.0,20.798351,50.292885
SERV-CT,0.0,1.0,0.0,21.434235,54.815727
SERV-CT,1.0,0.0,1.0,43.80015,22.261219
SERV-CT,0.0,0.0,0.0,30.891413,29.045021
SERV-CT,0.0,0.0,0.0,26.94552,41.397263
SERV-CT,0.0,0.0,0.0,26.927397,41.57694
SERV-CT,1.0,0.0,1.0,60.198696,8.47868
SERV-CT,1.0,0.0,1.0,49.112476,-6.2659035
SERV-CT,0.0,1.0,0.0,13.168468,65.077194
SERV-CT,0.0,1.0,0.0,18.704788,60.911446
SERV-CT,0.0,1.0,0.0,34.209366,47.449184
SERV-CT,1.0,1.0,0.0,51.75556,17.416563
SERV-CT,1.0,0.0,1.0,49.490868,17.744867
SERV-CT,0.0,0.0,0.0,23.127203,49.578392
SERV-CT,1.0,1.0,1.0,45.451843,29.35733
SERV-CT,1.0,0.0,1.0,58.3847,-2.1393871
SERV-CT,1.0,0.0,1.0,37.446304,29.18691
SERV-CT,1.0,0.0,1.0,44.266712,23.735874
SERV-CT,0.0,1.0,0.0,34.53004,46.970154
SERV-CT,1.0,0.0,1.0,52.08521,-7.221942
SERV-CT,1.0,0.0,1.0,42.70359,-21.871927
SERV-CT,1.0,1.0,0.0,47.31915,-17.02403
SERV-CT,1.0,1.0,0.0,46.937523,8.73631
SERV-CT,0.0,1.0,0.0,31.086191,32.240643
SERV-CT,1.0,0.0,1.0,57.601128,-5.8582644
SERV-CT,0.0,0.0,0.0,15.284532,60.750294
SERV-CT,0.0,1.0,0.0,32.340714,32.98555
SERV-CT,1.0,0.0,1.0,58.705338,-3.829281
SERV-CT,1.0,1.0,0.0,47.406834,27.588972
SERV-CT,0.0,1.0,0.0,15.034271,57.7902
SERV-CT,0.0,1.0,0.0,38.141678,39.651527
SERV-CT,1.0,1.0,0.0,57.04642,4.973591
SERV-CT,0.0,0.0,0.0,32.907085,32.454075
SERV-CT,1.0,0.0,1.0,59.12864,5.45213
SERV-CT,1.0,0.0,1.0,49.7132,-12.436834
SERV-CT,0.0,0.0,0.0,20.362083,47.41915
SERV-CT,1.0,0.0,1.0,50.880554,2.8599186
SERV-CT,0.0,0.0,0.0,20.83541,52.698616
SERV-CT,0.0,1.0,0.0,37.533146,30.996428
SERV-CT,1.0,1.0,1.0,30.859936,25.603296
SERV-CT,1.0,1.0,1.0,49.628212,5.2327995
SERV-CT,1.0,0.0,1.0,49.691433,5.036233
SERV-CT,0.0,0.0,0.0,20.71831,53.539455
SERV-CT,1.0,0.0,1.0,46.94192,-18.446253
SERV-CT,1.0,1.0,0.0,50.864277,18.11881
SERV-CT,0.0,0.0,0.0,19.38259,52.214474
SERV-CT,0.0,0.0,0.0,30.763021,29.821682
SERV-CT,0.0,0.0,0.0,20.796095,53.26091
SERV-CT,1.0,0.0,1.0,48.331654,22.598629
SERV-CT,1.0,0.0,1.0,54.832386,6.7009816
SERV-CT,1.0,1.0,1.0,39.397823,-43.938904
SERV-CT,1.0,0.0,1.0,56.51269,3.1537693
SERV-CT,0.0,0.0,0.0,20.236574,56.166393
SERV-CT,0.0,1.0,0.0,16.254744,58.373028
SERV-CT,1.0,0.0,1.0,58.491795,-2.0919266
SERV-CT,1.0,1.0,0.0,47.016655,15.676903
SERV-CT,0.0,0.0,0.0,32.268787,34.09194
SERV-CT,0.0,1.0,0.0,14.182121,61.774975
SERV-CT,0.0,0.0,0.0,23.65038,32.539227
SERV-CT,1.0,1.0,1.0,40.043617,30.365496
SERV-CT,1.0,0.0,1.0,57.23454,-4.361759
SERV-CT,1.0,1.0,1.0,50.18101,22.65034
SERV-CT,1.0,1.0,1.0,44.51358,26.758842
SERV-CT,1.0,0.0,1.0,30.76623,24.852982
SERV-CT,1.0,1.0,1.0,50.538155,22.203232
SERV-CT,0.0,0.0,0.0,12.887316,61.833755
SERV-CT,1.0,0.0,1.0,49.64705,19.10537
SERV-CT,1.0,1.0,0.0,47.65672,-8.393037
SERV-CT,0.0,1.0,0.0,20.790749,46.477623
SERV-CT,1.0,0.0,1.0,48.926117,-6.350805
SERV-CT,1.0,1.0,0.0,49.894974,-13.90829
SERV-CT,0.0,0.0,0.0,24.069017,49.246857
SERV-CT,0.0,1.0,0.0,23.102411,42.008694
SERV-CT,1.0,1.0,0.0,47.62627,13.27541
SERV-CT,1.0,1.0,0.0,49.646114,-14.799032
SERV-CT,1.0,1.0,1.0,50.917847,2.7747846
SERV-CT,1.0,0.0,1.0,45.97103,19.119804
SERV-CT,0.0,1.0,0.0,24.373518,39.945942
SERV-CT,0.0,0.0,0.0,24.283995,51.31159
SERV-CT,1.0,0.0,1.0,43.071545,28.369392
SERV-CT,1.0,1.0,1.0,45.017857,17.23525
SERV-CT,1.0,1.0,0.0,60.322426,8.331063
SERV-CT,1.0,1.0,0.0,49.173676,22.804487
SERV-CT,0.0,1.0,0.0,23.119888,33.546318
SERV-CT,1.0,1.0,0.0,53.180862,13.562741
SERV-CT,0.0,1.0,0.0,32.054405,37.305943
SERV-CT,0.0,1.0,0.0,21.883871,46.553925
SERV-CT,1.0,1.0,0.0,55.552166,7.4241056
SERV-CT,1.0,1.0,0.0,49.514626,17.978233
SERV-CT,1.0,1.0,0.0,58.865463,-2.9615374
SERV-CT,1.0,1.0,1.0,51.71242,20.895725
SERV-CT,0.0,1.0,0.0,15.432953,56.464382
SERV-CT,1.0,0.0,1.0,48.45469,25.280792
SERV-CT,0.0,1.0,0.0,16.687952,58.48826
SERV-CT,1.0,1.0,0.0,55.521168,7.379875
SERV-CT,1.0,1.0,1.0,38.900517,17.098381
SERV-CT,0.0,0.0,0.0,24.240976,45.862648
SERV-CT,0.0,1.0,0.0,10.378904,63.470596
SERV-CT,1.0,0.0,1.0,39.215233,-44.03674
SERV-CT,0.0,0.0,0.0,39.65576,40.00261
SERV-CT,1.0,0.0,1.0,43.50423,22.385475
SERV-CT,1.0,0.0,1.0,44.745235,26.8408
SERV-CT,1.0,1.0,0.0,52.64972,15.625349
SERV-CT,1.0,1.0,0.0,60.007202,7.472242
SERV-CT,1.0,1.0,0.0,43.998802,26.82921
SERV-CT,0.0,0.0,0.0,22.441246,51.13431
SERV-CT,1.0,1.0,1.0,32.021744,-47.972412
SERV-CT,0.0,0.0,0.0,21.206287,50.531723
SERV-CT,1.0,0.0,1.0,51.255615,-7.964234
SERV-CT,1.0,0.0,1.0,38.762283,17.230522
SERV-CT,0.0,0.0,0.0,32.697018,33.860744
SERV-CT,1.0,0.0,1.0,44.144157,23.545593
SERV-CT,1.0,0.0,1.0,44.174694,-20.907747
SERV-CT,0.0,0.0,0.0,21.41771,48.114605
SERV-CT,0.0,1.0,0.0,25.005264,42.657078
SERV-CT,0.0,0.0,0.0,40.486897,38.585552
SERV-CT,0.0,1.0,0.0,23.74837,32.930622
SERV-CT,0.0,1.0,0.0,21.433128,54.602062
SERV-CT,0.0,0.0,0.0,24.576902,32.406353
SERV-CT,0.0,1.0,0.0,19.006447,50.870083
SERV-CT,0.0,0.0,0.0,34.289536,48.29229
SERV-CT,0.0,1.0,0.0,22.581953,34.44902
SERV-CT,0.0,1.0,0.0,11.061456,-54.371155
SERV-CT,1.0,1.0,1.0,45.17243,17.95659
SERV-CT,0.0,1.0,0.0,11.492592,63.680443
SERV-CT,0.0,0.0,0.0,21.122555,48.05748
SERV-CT,1.0,1.0,0.0,56.663155,3.9333286
SERV-CT,1.0,1.0,0.0,48.89993,12.144584
SERV-CT,0.0,0.0,0.0,29.26215,28.971529
SERV-CT,0.0,0.0,0.0,22.71916,50.307262
SERV-CT,0.0,0.0,0.0,34.839012,33.25785
SERV-CT,1.0,0.0,1.0,58.405,-2.2771358
SERV-CT,1.0,1.0,0.0,47.728245,28.01938
SERV-CT,1.0,1.0,0.0,48.64332,-13.602373
SERV-CT,0.0,0.0,0.0,24.577103,44.718414
SERV-CT,0.0,1.0,0.0,36.866528,30.059872
SERV-CT,0.0,1.0,0.0,32.827,31.447899
SERV-CT,0.0,0.0,0.0,28.982489,40.192875
SERV-CT,1.0,1.0,0.0,37.20305,-44.997032
SERV-CT,0.0,0.0,0.0,38.05268,41.667168
SERV-CT,1.0,0.0,1.0,34.262993,-46.870537
SERV-CT,1.0,0.0,1.0,56.190975,8.873364
SERV-CT,0.0,0.0,0.0,29.918861,37.233322
SERV-CT,0.0,1.0,0.0,14.189134,63.168755
SERV-CT,0.0,1.0,0.0,14.923334,62.30136
SERV-CT,1.0,1.0,1.0,44.856327,18.58113
SERV-CT,0.0,0.0,0.0,14.645657,62.033966
SERV-CT,0.0,1.0,0.0,21.569,46.89765
SERV-CT,1.0,1.0,0.0,56.939434,-4.526528
SERV-CT,0.0,1.0,0.0,24.905981,43.833706
SERV-CT,1.0,1.0,0.0,38.416115,-47.95908
SERV-CT,0.0,1.0,0.0,38.38357,38.857
SERV-CT,1.0,0.0,1.0,39.18845,-44.6331
SERV-CT,0.0,0.0,0.0,25.616903,44.126
SERV-CT,1.0,0.0,1.0,30.643862,28.255623
SERV-CT,1.0,0.0,1.0,58.461624,5.8121424
SERV-CT,1.0,1.0,0.0,47.631897,-8.123306
SERV-CT,0.0,1.0,0.0,10.8795185,63.596275
SERV-CT,0.0,0.0,0.0,23.132696,48.5516
SERV-CT,1.0,1.0,0.0,43.324474,-20.444035
SERV-CT,1.0,1.0,0.0,50.359188,3.381908
SERV-CT,1.0,1.0,0.0,51.43462,21.37963
SERV-CT,1.0,1.0,0.0,50.967667,-6.6127105
SERV-CT,0.0,1.0,0.0,20.00764,49.30859
SERV-CT,1.0,1.0,0.0,38.06564,19.008255
SERV-CT,0.0,1.0,0.0,14.720617,58.918304
SERV-CT,1.0,0.0,1.0,47.977448,25.431816
SERV-CT,1.0,1.0,0.0,57.74638,-4.567921
SERV-CT,1.0,0.0,1.0,46.141167,19.296192
SERV-CT,1.0,1.0,1.0,42.938698,22.039145
SERV-CT,0.0,0.0,0.0,19.694838,48.418983
SERV-CT,0.0,0.0,0.0,10.785446,-54.513195
SERV-CT,0.0,1.0,0.0,23.196245,51.52129
SERV-CT,1.0,1.0,0.0,47.871765,28.257462
SERV-CT,1.0,0.0,1.0,49.766514,17.82624
SERV-CT,1.0,1.0,1.0,39.27102,17.649878
SERV-CT,1.0,1.0,1.0,44.132824,26.76322
SERV-CT,0.0,1.0,0.0,30.476192,37.157196
SERV-CT,1.0,1.0,1.0,46.799625,17.986963
SERV-CT,1.0,1.0,0.0,56.680546,3.5195513
SERV-CT,1.0,1.0,0.0,46.151886,15.495817
SERV-CT,0.0,0.0,0.0,12.479727,65.54789
SERV-CT,1.0,0.0,1.0,43.10313,25.768873
SERV-CT,0.0,1.0,0.0,14.9085655,61.36146
SERV-CT,1.0,0.0,1.0,53.441563,19.74384
SERV-CT,0.0,0.0,0.0,30.651707,36.32199
SERV-CT,0.0,1.0,0.0,20.197432,47.1209
SERV-CT,1.0,1.0,0.0,48.02415,12.983687
SERV-CT,1.0,0.0,1.0,47.87277,25.920053
SERV-CT,1.0,0.0,1.0,52.780777,19.047237
SERV-CT,0.0,1.0,0.0,21.010025,55.23846
SERV-CT,0.0,0.0,0.0,21.779,55.433514
SERV-CT,0.0,0.0,0.0,24.621012,46.84624
SERV-CT,0.0,1.0,0.0,20.476994,38.32503
SERV-CT,0.0,0.0,0.0,16.322094,54.05298
SERV-CT,1.0,0.0,1.0,56.215168,8.9907055
SERV-CT,1.0,1.0,0.0,56.812443,3.5009313
SERV-CT,0.0,0.0,0.0,14.514757,64.82496
SERV-CT,1.0,0.0,1.0,52.040054,-7.493585
SERV-CT,1.0,0.0,1.0,58.30062,-3.304238
SERV-CT,1.0,1.0,0.0,47.239334,23.030876
SERV-CT,0.0,0.0,0.0,38.324978,39.075455
SERV-CT,0.0,1.0,0.0,16.248009,57.8711
SERV-CT,1.0,1.0,0.0,58.188427,-4.8873315
SERV-CT,1.0,0.0,1.0,45.840363,29.077276
SERV-CT,1.0,0.0,1.0,47.240013,-10.182595
SERV-CT,0.0,1.0,0.0,18.66843,47.365143
SERV-CT,1.0,0.0,1.0,45.65819,17.197144
SERV-CT,0.0,0.0,0.0,33.66154,34.908768
SERV-CT,1.0,1.0,0.0,59.40996,7.5171967
SERV-CT,1.0,1.0,0.0,42.697353,29.729733
SERV-CT,1.0,0.0,1.0,39.197388,-44.022717
SERV-CT,1.0,0.0,1.0,47.118343,14.831272
SERV-CT,0.0,1.0,0.0,33.292976,32.664856
SERV-CT,0.0,1.0,0.0,39.371708,38.1832
SERV-CT,1.0,0.0,1.0,38.765884,17.857115
SERV-CT,1.0,1.0,0.0,48.242447,12.992468
SERV-CT,0.0,1.0,0.0,21.728298,46.794147
SERV-CT,1.0,1.0,0.0,46.53702,14.503147
SERV-CT,1.0,0.0,1.0,49.12793,20.391148
SERV-CT,1.0,1.0,0.0,52.366386,12.760052
SERV-CT,1.0,0.0,1.0,51.275,-5.691512
SERV-CT,1.0,1.0,0.0,50.58588,18.86473
SERV-CT,0.0,0.0,0.0,23.272905,51.06757
SERV-CT,1.0,1.0,0.0,57.736217,-5.2279363
SERV-CT,1.0,1.0,0.0,49.95641,19.25624
SERV-CT,1.0,0.0,1.0,48.95306,18.767689
SERV-CT,0.0,1.0,0.0,22.300243,35.985332
SERV-CT,1.0,1.0,1.0,39.379242,19.93304
SERV-CT,0.0,0.0,0.0,31.74471,34.583557
SERV-CT,0.0,1.0,0.0,25.58496,41.10303
SERV-CT,0.0,0.0,0.0,15.121602,57.80147
SERV-CT,1.0,0.0,1.0,47.098858,19.815712
SERV-CT,1.0,1.0,0.0,58.82801,6.791766
SERV-CT,1.0,1.0,0.0,43.326523,28.673246
SERV-CT,0.0,1.0,0.0,23.15254,35.81683
SERV-CT,0.0,1.0,0.0,33.019524,38.07987
SERV-CT,0.0,1.0,0.0,22.950846,53.796986
SERV-CT,1.0,1.0,1.0,34.50264,-46.982483
SERV-CT,0.0,1.0,0.0,39.19939,31.170603
SERV-CT,1.0,1.0,0.0,51.256638,17.066595
SERV-CT,0.0,1.0,0.0,27.001654,40.23089
SERV-CT,1.0,0.0,1.0,38.84074,-47.883656
SERV-CT,0.0,0.0,0.0,20.026314,48.71171
SERV-CT,1.0,0.0,1.0,41.082485,15.668241
SERV-CT,0.0,1.0,0.0,23.55967,33.008793
SERV-CT,0.0,1.0,0.0,14.113073,62.144478
SERV-CT,1.0,1.0,0.0,33.132504,-47.518307
SERV-CT,0.0,0.0,0.0,12.620648,-53.51155
SERV-CT,0.0,1.0,0.0,14.138195,61.976463
SERV-CT,0.0,1.0,0.0,22.063879,52.352684
SERV-CT,1.0,1.0,0.0,47.743603,-12.754937
SERV-CT,0.0,1.0,0.0,38.8792,39.109467
SERV-CT,0.0,1.0,0.0,29.22279,39.789433
SERV-CT,0.0,1.0,0.0,38.47273,38.26171
SERV-CT,1.0,1.0,0.0,30.592909,-48.62262
SERV-CT,1.0,1.0,1.0,51.162266,16.231194
SERV-CT,0.0,1.0,0.0,24.49763,48.32704
SERV-CT,0.0,1.0,0.0,34.43873,46.166786
SERV-CT,0.0,1.0,0.0,15.721869,55.377754
SERV-CT,0.0,0.0,0.0,20.732897,56.267136
SERV-CT,1.0,1.0,0.0,47.73763,-10.767028
SERV-CT,1.0,1.0,0.0,55.53627,7.3922906
SERV-CT,1.0,0.0,1.0,51.472775,6.318125
SERV-CT,0.0,0.0,0.0,30.806778,35.970764
SERV-CT,1.0,0.0,1.0,49.78926,18.084694
SERV-CT,1.0,0.0,1.0,59.251957,-2.8264592
SERV-CT,1.0,0.0,1.0,44.804577,-18.77398
SERV-CT,1.0,0.0,1.0,49.290245,5.4337726
SERV-CT,1.0,0.0,1.0,51.011364,21.669764
SERV-CT,1.0,0.0,1.0,46.612137,8.399896
SERV-CT,0.0,1.0,0.0,27.3396,35.710968
SERV-CT,0.0,0.0,0.0,20.304323,47.445942
SERV-CT,1.0,1.0,0.0,30.969664,26.093979
SERV-CT,1.0,1.0,0.0,58.915092,6.0180526
SERV-CT,1.0,1.0,0.0,47.44667,27.397846
SERV-CT,1.0,1.0,0.0,56.2772,0.83407134
SERV-CT,0.0,0.0,0.0,35.041855,31.129108
SERV-CT,0.0,0.0,0.0,24.07559,32.239574
SERV-CT,1.0,1.0,0.0,46.89812,23.17419
SERV-CT,1.0,0.0,1.0,49.927345,22.927673
SERV-CT,1.0,1.0,1.0,43.621746,25.109827
SERV-CT,1.0,0.0,1.0,45.67731,25.284096
SERV-CT,1.0,1.0,1.0,46.99338,-17.14146
SERV-CT,0.0,1.0,0.0,16.5117,58.203102
SERV-CT,0.0,0.0,0.0,39.194435,39.111824
SERV-CT,0.0,1.0,0.0,14.258825,62.96677
SERV-CT,1.0,1.0,1.0,49.8429,22.62149
SERV-CT,1.0,1.0,1.0,50.273098,-12.200517
SERV-CT,0.0,0.0,0.0,20.890768,55.727592
SERV-CT,1.0,1.0,1.0,43.97891,25.661701
SERV-CT,1.0,1.0,1.0,35.49556,31.111012
SERV-CT,0.0,0.0,0.0,33.927444,49.310196
SERV-CT,0.0,1.0,0.0,24.177412,47.776314
SERV-CT,1.0,0.0,1.0,50.3617,-11.016521
SERV-CT,0.0,1.0,0.0,27.601105,29.015272
SERV-CT,1.0,1.0,0.0,58.49064,-2.9514248
SERV-CT,1.0,1.0,1.0,39.097363,19.224285
SERV-CT,0.0,1.0,0.0,22.371407,46.552586
SERV-CT,1.0,0.0,1.0,45.491035,11.800514
SERV-CT,1.0,0.0,1.0,46.893097,13.711678
SERV-CT,1.0,0.0,1.0,49.3857,6.187215
SERV-CT,1.0,0.0,1.0,47.04227,-18.316399
SERV-CT,1.0,0.0,1.0,47.79095,-7.971196
SERV-CT,1.0,1.0,1.0,38.417625,-47.922585
SERV-CT,0.0,1.0,0.0,19.513693,49.162518
SERV-CT,0.0,1.0,0.0,15.208763,57.67019
SERV-CT,0.0,1.0,0.0,12.809619,58.46307
SERV-CT,1.0,1.0,0.0,46.936264,14.618955
SERV-CT,1.0,0.0,1.0,44.63737,-20.825006
SERV-CT,1.0,1.0,1.0,32.430252,-47.72438
SERV-CT,1.0,0.0,1.0,47.785263,14.132699
SERV-CT,0.0,1.0,0.0,12.477207,-53.50828
SERV-CT,0.0,1.0,0.0,18.748745,51.416634
SERV-CT,1.0,1.0,1.0,44.959785,11.4269085
SERV-CT,0.0,0.0,0.0,19.965666,46.49442
SERV-CT,0.0,0.0,0.0,24.302296,33.19467
SERV-CT,0.0,0.0,0.0,21.260162,50.44141
SERV-CT,1.0,1.0,1.0,37.767895,-44.7539
SERV-CT,1.0,1.0,0.0,48.0688,27.515316
SERV-CT,0.0,0.0,0.0,33.6629,33.179184
SERV-CT,1.0,0.0,1.0,44.70526,27.338182
SERV-CT,1.0,0.0,1.0,44.051476,25.93781
SERV-CT,1.0,0.0,1.0,45.358017,17.993269
SERV-CT,1.0,1.0,1.0,57.755455,4.6787143
SERV-CT,0.0,1.0,0.0,36.943478,29.761698
SERV-CT,1.0,0.0,1.0,40.490784,-34.54565
SERV-CT,1.0,0.0,1.0,49.382034,19.264631
SERV-CT,1.0,0.0,1.0,47.754578,20.341644
SERV-CT,0.0,0.0,0.0,37.978333,41.8093
SERV-CT,1.0,1.0,1.0,45.738964,-20.200783
SERV-CT,1.0,1.0,0.0,58.714417,6.465076
SERV-CT,0.0,0.0,0.0,23.564737,34.727123
SERV-CT,1.0,1.0,1.0,44.25618,25.997995
SERV-CT,0.0,1.0,0.0,13.156963,65.06463
SERV-CT,1.0,1.0,0.0,47.0739,14.285781
SERV-CT,1.0,1.0,1.0,30.286102,27.821419
SERV-CT,0.0,0.0,0.0,34.1257,48.517513
SERV-CT,0.0,1.0,0.0,21.13808,54.72446
SERV-CT,1.0,1.0,0.0,47.030125,13.816595
SERV-CT,1.0,0.0,1.0,58.060368,-5.5923634
SERV-CT,1.0,1.0,0.0,47.284863,14.519425
SERV-CT,0.0,1.0,0.0,25.23422,43.630283
SERV-CT,1.0,1.0,0.0,57.97213,-4.8769712
SERV-CT,1.0,0.0,1.0,47.76667,27.073572
SERV-CT,1.0,1.0,0.0,48.79145,12.247579
SERV-CT,0.0,0.0,0.0,25.611315,40.157352
SERV-CT,1.0,1.0,1.0,46.133812,17.827614
SERV-CT,0.0,1.0,0.0,11.750644,-54.02263
SERV-CT,1.0,0.0,1.0,45.792114,25.276136
SERV-CT,0.0,1.0,0.0,12.965892,58.35597
SERV-CT,1.0,1.0,1.0,43.176884,21.855667
SERV-CT,1.0,0.0,1.0,57.50504,-5.7660837
SERV-CT,0.0,1.0,0.0,26.321217,36.26568
SERV-CT,0.0,0.0,0.0,34.440086,31.339146
SERV-CT,1.0,0.0,1.0,58.517136,5.238846
SERV-CT,1.0,0.0,1.0,45.52002,17.800491
SERV-CT,1.0,1.0,1.0,52.78489,-7.3890367
SERV-CT,1.0,1.0,1.0,50.79154,16.482944
SERV-CT,1.0,1.0,0.0,36.16218,-45.678864
SERV-CT,0.0,1.0,0.0,29.393726,39.037945
SERV-CT,0.0,1.0,0.0,25.474867,46.09203
SERV-CT,1.0,0.0,1.0,36.296467,29.402508
SERV-CT,0.0,1.0,0.0,20.121794,46.36505
SERV-CT,0.0,0.0,0.0,29.51477,34.704544
SERV-CT,0.0,1.0,0.0,27.569065,29.04929
SERV-CT,0.0,1.0,0.0,24.907845,45.1235
SERV-CT,0.0,1.0,0.0,34.94279,46.426704
SERV-CT,1.0,1.0,0.0,59.6348,-2.0272582
SERV-CT,1.0,1.0,0.0,48.333183,-7.2337494
SERV-CT,1.0,1.0,0.0,56.88025,3.538414
SERV-CT,0.0,0.0,0.0,24.866991,32.576458
SERV-CT,1.0,1.0,0.0,56.593765,3.6877754
SERV-CT,0.0,1.0,0.0,10.735058,63.859997
SERV-CT,1.0,1.0,1.0,41.365414,18.057018
SERV-CT,1.0,0.0,1.0,58.931477,5.3236923
SERV-CT,1.0,1.0,0.0,48.24181,12.914318
SERV-CT,0.0,0.0,0.0,35.045025,31.291227
SERV-CT,1.0,0.0,1.0,44.21313,-19.64406
SERV-CT,1.0,1.0,1.0,54.245182,7.9328847
SERV-CT,0.0,1.0,0.0,34.81339,47.361183
SERV-CT,1.0,1.0,0.0,51.631237,1.7468078
SERV-CT,1.0,1.0,0.0,58.948803,6.2388234
SERV-CT,0.0,1.0,0.0,15.217264,57.59584
SERV-CT,0.0,1.0,0.0,30.333147,39.051025
SERV-CT,1.0,1.0,0.0,47.638252,-8.480957
SERV-CT,1.0,1.0,1.0,49.77913,5.97362
SERV-CT,0.0,1.0,0.0,12.8234215,58.477
SERV-CT,0.0,1.0,0.0,23.035688,33.363625
SERV-CT,1.0,1.0,0.0,47.929806,28.160065
SERV-CT,1.0,1.0,0.0,47.478844,-8.6443815
SERV-CT,0.0,1.0,0.0,13.023247,65.47104
SERV-CT,0.0,0.0,0.0,20.89338,45.774693
SERV-CT,0.0,0.0,0.0,38.893894,40.690605
SERV-CT,0.0,1.0,0.0,14.9185095,62.18699
SERV-CT,1.0,0.0,1.0,40.681297,30.275667
SERV-CT,1.0,1.0,0.0,31.377295,26.052795
SERV-CT,1.0,1.0,0.0,48.927998,20.997593
SERV-CT,0.0,1.0,0.0,14.562572,59.124165
SERV-CT,1.0,1.0,0.0,35.22154,-47.039143
SERV-CT,0.0,0.0,0.0,38.31416,37.987648
SERV-CT,1.0,0.0,1.0,42.861317,29.666998
SERV-CT,0.0,1.0,0.0,10.858572,-54.49622
SERV-CT,0.0,0.0,0.0,30.87129,28.724724
SERV-CT,0.0,1.0,0.0,14.364556,62.65986
SERV-CT,1.0,1.0,0.0,46.765896,14.675837
SERV-CT,0.0,1.0,0.0,13.759961,64.13134
SERV-CT,0.0,1.0,0.0,10.423272,63.95391
SERV-CT,1.0,1.0,0.0,52.673923,15.760047
SERV-CT,1.0,1.0,1.0,48.858166,20.022915
SERV-CT,0.0,1.0,0.0,14.846522,62.69354
SERV-CT,0.0,1.0,0.0,11.912545,63.03696
SERV-CT,0.0,0.0,0.0,20.238333,46.3651
SERV-CT,0.0,1.0,0.0,24.878721,31.378756
SERV-CT,0.0,0.0,0.0,21.353453,53.994457
SERV-CT,1.0,1.0,0.0,46.232212,-19.42818
SERV-CT,0.0,0.0,0.0,34.81861,31.70105
SERV-CT,1.0,1.0,0.0,30.359001,-48.679134
SERV-CT,1.0,0.0,1.0,49.40781,-13.666984
SERV-CT,0.0,0.0,0.0,27.123047,38.56505
SERV-CT,0.0,1.0,0.0,35.573406,45.807743
SERV-CT,0.0,1.0,0.0,20.281445,55.98374
SERV-CT,1.0,0.0,1.0,33.875275,-46.72585
SERV-CT,0.0,0.0,0.0,24.22497,32.130848
SERV-CT,0.0,0.0,0.0,38.628178,41.128532
SERV-CT,0.0,1.0,0.0,21.563635,53.581017
SERV-CT,0.0,0.0,0.0,34.6382,49.04286
SERV-CT,1.0,1.0,0.0,30.806402,25.96254
SERV-CT,1.0,1.0,1.0,50.51664,4.7292633
SERV-CT,1.0,1.0,0.0,38.56522,-47.647327
SERV-CT,1.0,1.0,0.0,48.228172,13.044929
SERV-CT,1.0,0.0,1.0,51.21044,21.62008
SERV-CT,0.0,1.0,0.0,26.485033,29.890167
SERV-CT,0.0,1.0,0.0,30.36513,34.53076
SERV-CT,1.0,0.0,1.0,38.656178,-44.40703
SERV-CT,0.0,0.0,0.0,28.43007,40.63139
SERV-CT,0.0,1.0,0.0,22.531448,35.509735
SERV-CT,0.0,0.0,0.0,14.684604,61.474525
SERV-CT,1.0,1.0,1.0,60.16505,6.7998786
SERV-CT,1.0,1.0,0.0,50.475914,-13.69895
SERV-CT,0.0,1.0,0.0,11.032021,63.874115
SERV-CT,1.0,1.0,0.0,59.097935,-2.7173715
SERV-CT,0.0,0.0,0.0,33.151615,33.42899
SERV-CT,0.0,1.0,0.0,39.12036,38.3616
SERV-CT,0.0,0.0,0.0,38.894737,40.989227
SERV-CT,1.0,0.0,1.0,52.819805,13.645177
SERV-CT,1.0,0.0,1.0,60.237625,7.7452807
SERV-CT,1.0,1.0,0.0,45.214592,29.584929
SERV-CT,1.0,1.0,1.0,43.521206,-21.674809
SERV-CT,0.0,0.0,0.0,30.216797,28.484444
SERV-CT,0.0,1.0,0.0,20.25238,46.811745
SERV-CT,0.0,0.0,0.0,20.842493,54.977364
SERV-CT,0.0,0.0,0.0,16.345203,54.021893
SERV-CT,1.0,1.0,0.0,48.430855,20.878336
SERV-CT,0.0,1.0,0.0,37.933678,41.918213
SERV-CT,1.0,0.0,1.0,42.580906,-20.622238
SERV-CT,0.0,0.0,0.0,34.813244,46.63737
SERV-CT,1.0,0.0,1.0,40.33866,-44.057568
SERV-CT,0.0,0.0,0.0,39.257023,38.748524
SERV-CT,1.0,0.0,1.0,44.493465,27.744976
SERV-CT,1.0,1.0,1.0,41.2963,17.83167
SERV-CT,1.0,1.0,0.0,49.513573,18.777714
SERV-CT,1.0,0.0,1.0,31.50366,25.245632
SERV-CT,1.0,0.0,1.0,36.615654,-45.337826
SERV-CT,1.0,1.0,1.0,49.52424,-6.062299
SERV-CT,1.0,1.0,0.0,58.751328,-2.2688754
SERV-CT,1.0,0.0,1.0,52.06092,-7.3929734
SERV-CT,0.0,0.0,0.0,25.209309,42.830753
SERV-CT,1.0,1.0,0.0,42.663475,-21.864077
SERV-CT,1.0,1.0,0.0,56.305458,1.3392836
SERV-CT,0.0,0.0,0.0,27.460018,35.720085
SERV-CT,0.0,1.0,0.0,23.819921,33.07157
SERV-CT,1.0,1.0,0.0,47.720192,13.28443
SERV-CT,0.0,1.0,0.0,26.133793,43.231873
SERV-CT,1.0,0.0,1.0,39.045086,17.522518
SERV-CT,1.0,1.0,0.0,45.145035,-18.750532
SERV-CT,1.0,1.0,1.0,30.718416,24.920252
SERV-CT,1.0,0.0,1.0,39.03234,18.593801
SERV-CT,1.0,0.0,1.0,54.74125,6.5842743
SERV-CT,0.0,1.0,0.0,31.97422,37.6086
SERV-CT,0.0,1.0,0.0,19.34822,49.376682
SERV-CT,0.0,1.0,0.0,34.81719,46.552353
SERV-CT,1.0,1.0,0.0,59.558075,6.9438276
SERV-CT,1.0,1.0,1.0,44.51647,26.994768
SERV-CT,1.0,1.0,1.0,50.66508,-10.291448
SERV-CT,1.0,0.0,1.0,47.5331,-16.54148
SERV-CT,0.0,0.0,0.0,12.599796,-53.512398
SERV-CT,0.0,1.0,0.0,25.008583,43.979546
SERV-CT,1.0,0.0,1.0,59.17589,-2.5314078
SERV-CT,0.0,1.0,0.0,29.03083,39.56871
SERV-CT,0.0,1.0,0.0,16.305378,58.4901
SERV-CT,1.0,1.0,1.0,57.94821,4.6775045
SERV-CT,1.0,1.0,0.0,34.447823,-46.440712
SERV-CT,0.0,0.0,0.0,12.628849,65.32554
SERV-CT,0.0,1.0,0.0,15.050831,60.793087
SERV-CT,1.0,0.0,1.0,33.83997,-47.08483
SERV-CT,1.0,0.0,1.0,43.843,-20.246063
SERV-CT,1.0,1.0,0.0,59.402637,6.6966066
SERV-CT,0.0,1.0,0.0,24.332285,35.876324
SERV-CT,0.0,0.0,0.0,20.660793,55.270878
SERV-CT,0.0,0.0,0.0,13.743266,63.815323
SERV-CT,1.0,0.0,1.0,46.955074,15.211038
SERV-CT,0.0,0.0,0.0,39.113724,39.56754
SERV-CT,0.0,0.0,0.0,34.40907,32.33953
SERV-CT,0.0,0.0,0.0,24.47708,39.907833
SERV-CT,1.0,0.0,1.0,38.646473,17.764917
SERV-CT,1.0,0.0,1.0,58.091255,-2.3868372
SERV-CT,0.0,1.0,0.0,30.555494,33.87745
SERV-CT,0.0,1.0,0.0,22.19147,35.72551
SERV-CT,1.0,1.0,0.0,45.51084,11.922219
SERV-CT,1.0,1.0,0.0,44.053204,19.118088
SERV-CT,0.0,0.0,0.0,16.66388,60.048462
SERV-CT,1.0,1.0,1.0,45.40346,11.466631
SERV-CT,0.0,1.0,0.0,26.723816,45.743263
SERV-CT,1.0,1.0,1.0,31.046288,25.437601
SERV-CT,1.0,1.0,0.0,59.764866,8.383698
SERV-CT,0.0,0.0,0.0,23.282663,33.898125
SERV-CT,1.0,1.0,0.0,47.549976,-8.923974
SERV-CT,1.0,1.0,1.0,47.10368,-17.662436
SERV-CT,1.0,1.0,0.0,52.76615,-7.2795906
SERV-CT,1.0,1.0,1.0,40.493176,-43.713383
SERV-CT,0.0,0.0,0.0,21.875761,54.87507
SERV-CT,0.0,1.0,0.0,23.128561,51.840584
SERV-CT,0.0,1.0,0.0,31.097588,32.657837
SERV-CT,1.0,1.0,0.0,50.97807,-8.065723
SERV-CT,0.0,1.0,0.0,29.95683,33.77827
SERV-CT,0.0,1.0,0.0,33.781395,48.718594
SERV-CT,1.0,0.0,1.0,38.810333,16.70653
SERV-CT,1.0,0.0,1.0,57.382637,-3.9919968
SERV-CT,0.0,0.0,0.0,20.497961,52.458736
SERV-CT,0.0,0.0,0.0,21.113853,37.440838
SERV-CT,1.0,0.0,1.0,50.117912,18.329462
SERV-CT,1.0,0.0,1.0,38.844967,17.010712
SERV-CT,0.0,0.0,0.0,26.311655,40.038605
SERV-CT,0.0,0.0,0.0,30.613827,32.991127
SERV-CT,0.0,1.0,0.0,23.06743,52.048576
SERV-CT,0.0,0.0,0.0,29.85426,37.439884
SERV-CT,1.0,1.0,0.0,49.68909,12.714773
SERV-CT,0.0,1.0,0.0,37.967846,40.841553
SERV-CT,0.0,0.0,0.0,38.65158,41.07826
SERV-CT,0.0,1.0,0.0,25.274902,44.37742
SERV-CT,1.0,0.0,1.0,47.332806,23.554152
SERV-CT,0.0,1.0,0.0,27.74734,35.820194
SERV-CT,1.0,0.0,1.0,57.150894,-5.3392367
SERV-CT,0.0,1.0,0.0,22.968964,35.486576
SERV-CT,0.0,0.0,0.0,22.59067,34.82931
SERV-CT,0.0,1.0,0.0,19.36384,46.531315
SERV-CT,0.0,0.0,0.0,26.540619,35.997112
SERV-CT,0.0,1.0,0.0,21.870071,46.390858
SERV-CT,1.0,1.0,0.0,60.53611,8.852489
SERV-CT,0.0,0.0,0.0,15.540767,56.742767
SERV-CT,1.0,0.0,1.0,57.446564,-5.8745337
SERV-CT,1.0,1.0,0.0,46.67455,23.53497
SERV-CT,1.0,1.0,0.0,51.00916,17.454792
SERV-CT,1.0,0.0,1.0,44.60366,30.263428
SERV-CT,0.0,1.0,0.0,30.577566,36.34534
SERV-CT,1.0,1.0,1.0,38.711414,-44.487705
SERV-CT,0.0,1.0,0.0,19.94257,48.24196
SERV-CT,1.0,1.0,0.0,48.0568,-7.603668
SERV-CT,0.0,1.0,0.0,42.78722,29.968607
SERV-CT,1.0,0.0,1.0,37.732567,28.685362
SERV-CT,1.0,0.0,1.0,46.77746,28.679611
SERV-CT,0.0,1.0,0.0,29.442034,37.61387
SERV-CT,1.0,1.0,0.0,52.561447,6.640131
SERV-CT,1.0,1.0,1.0,48.660816,-14.564896
SERV-CT,1.0,0.0,1.0,58.691227,5.7726455
SERV-CT,0.0,1.0,0.0,14.879185,61.823204
SERV-CT,1.0,1.0,0.0,39.81852,-44.339584
SERV-CT,1.0,1.0,0.0,47.588722,-10.571387
SERV-CT,0.0,1.0,0.0,10.881342,63.69204
SERV-CT,1.0,1.0,1.0,30.130892,26.909832
SERV-CT,1.0,1.0,1.0,60.99268,7.4746923
SERV-CT,1.0,1.0,1.0,44.033512,16.759731
SERV-CT,0.0,1.0,0.0,25.282436,46.837776
SERV-CT,1.0,1.0,0.0,43.668373,26.22468
SERV-CT,1.0,0.0,1.0,60.693188,5.864106
SERV-CT,0.0,0.0,0.0,40.575314,39.00699
SERV-CT,0.0,0.0,0.0,35.20685,46.72055
SERV-CT,1.0,0.0,1.0,46.736576,-19.319609
SERV-CT,1.0,1.0,1.0,53.575535,19.945927
SERV-CT,1.0,1.0,0.0,56.858215,-4.259303
SERV-CT,0.0,1.0,0.0,30.275743,37.723644
SERV-CT,1.0,1.0,0.0,47.99307,27.751717
SERV-CT,0.0,0.0,0.0,33.602543,49.714794
SERV-CT,0.0,1.0,0.0,36.87095,42.20906
SERV-CT,1.0,0.0,1.0,56.081543,8.297806
SERV-CT,1.0,1.0,0.0,59.480602,6.8759356
SERV-CT,1.0,1.0,0.0,57.75537,-4.342623
SERV-CT,0.0,1.0,0.0,16.166515,61.713177
SERV-CT,1.0,0.0,1.0,53.43259,19.728645
SERV-CT,1.0,1.0,1.0,48.862404,-15.60806
SERV-CT,1.0,0.0,1.0,44.085854,-21.847832
SERV-CT,1.0,1.0,0.0,57.74696,-3.6806445
SERV-CT,1.0,1.0,0.0,49.14825,19.781836
SERV-CT,0.0,1.0,0.0,18.85526,51.140644
SERV-CT,1.0,1.0,1.0,42.739277,29.831127
SERV-CT,1.0,0.0,1.0,38.79628,18.01973
SERV-CT,1.0,1.0,0.0,35.15589,-46.298145
SERV-CT,0.0,1.0,0.0,25.07158,43.41527
SERV-CT,1.0,0.0,1.0,47.849957,-7.8768063
SERV-CT,1.0,0.0,1.0,45.715275,19.119856
SERV-CT,1.0,0.0,1.0,45.27905,27.070524
SERV-CT,1.0,1.0,1.0,48.919624,-13.330848
SERV-CT,0.0,0.0,0.0,30.172474,29.839485
SERV-CT,0.0,0.0,0.0,24.41779,31.972004
SERV-CT,1.0,1.0,1.0,42.09483,-20.850471
SERV-CT,0.0,1.0,0.0,19.374159,49.285797
SERV-CT,1.0,0.0,1.0,50.530052,22.549854
SERV-CT,0.0,1.0,0.0,31.907652,30.991074
SERV-CT,1.0,1.0,0.0,46.613026,22.971087
SERV-CT,0.0,1.0,0.0,13.255788,64.94367
SERV-CT,1.0,1.0,0.0,54.453117,6.541424
SERV-CT,0.0,1.0,0.0,22.53707,54.149033
SERV-CT,1.0,0.0,1.0,37.173916,29.437996
SERV-CT,1.0,0.0,1.0,52.640392,16.143543
SERV-CT,0.0,0.0,0.0,36.24107,29.587418
SERV-CT,1.0,1.0,0.0,58.259583,-4.058015
SERV-CT,1.0,0.0,1.0,49.850098,17.426178
SERV-CT,0.0,1.0,0.0,31.446487,37.30656
SERV-CT,0.0,0.0,0.0,23.081202,49.315796
SERV-CT,1.0,0.0,1.0,46.640835,9.089626
SERV-CT,0.0,1.0,0.0,32.23055,32.500084
SERV-CT,1.0,1.0,1.0,60.7279,7.617442
SERV-CT,0.0,0.0,0.0,29.710989,28.753244
SERV-CT,1.0,1.0,1.0,49.319954,6.221122
SERV-CT,1.0,1.0,0.0,58.36597,-3.5048673
SERV-CT,1.0,1.0,0.0,60.43432,5.8618817
SERV-CT,1.0,1.0,0.0,40.20111,-44.132645
SERV-CT,1.0,0.0,1.0,58.771107,-1.7693427
SERV-CT,1.0,1.0,0.0,48.528954,28.042955
SERV-CT,0.0,0.0,0.0,20.085312,56.515663
SERV-CT,1.0,1.0,0.0,46.63469,23.418365
SERV-CT,1.0,1.0,1.0,40.219913,-44.570892
SERV-CT,1.0,0.0,1.0,59.089504,7.0296087
SERV-CT,0.0,1.0,0.0,20.611265,49.077026
SERV-CT,1.0,1.0,0.0,51.321262,17.952965
SERV-CT,1.0,1.0,0.0,50.729115,-6.0207753
SERV-CT,1.0,0.0,1.0,38.54194,17.472294
SERV-CT,0.0,1.0,0.0,26.758583,46.021656
SERV-CT,0.0,0.0,0.0,23.287495,49.711372
SERV-CT,1.0,0.0,1.0,48.406025,25.493904
SERV-CT,0.0,0.0,0.0,28.774624,39.359764
SERV-CT,0.0,1.0,0.0,34.460606,49.080524
SERV-CT,0.0,0.0,0.0,25.878487,43.24086
SERV-CT,0.0,1.0,0.0,18.513554,60.926952
SERV-CT,1.0,0.0,1.0,47.426975,25.171642
SERV-CT,1.0,1.0,0.0,47.242157,-9.407291
SERV-CT,0.0,0.0,0.0,32.436962,33.657448
SERV-CT,1.0,1.0,1.0,44.71769,26.718008
SERV-CT,0.0,0.0,0.0,23.897318,39.57642
SERV-CT,0.0,1.0,0.0,10.546045,64.03507
SERV-CT,0.0,0.0,0.0,31.933853,32.128677
SERV-CT,1.0,1.0,0.0,39.00849,18.543764
SERV-CT,1.0,0.0,1.0,50.65509,22.377567
SERV-CT,1.0,1.0,1.0,55.428703,4.227843
SERV-CT,1.0,0.0,1.0,44.19609,26.585365
SERV-CT,1.0,1.0,0.0,38.05862,28.515553
SERV-CT,1.0,0.0,1.0,45.919327,-20.309986
SERV-CT,0.0,1.0,0.0,34.96492,32.307438
SERV-CT,0.0,0.0,0.0,16.234907,54.18122
SERV-CT,1.0,1.0,0.0,41.398037,16.510393
SERV-CT,0.0,0.0,0.0,30.429186,37.13505
SERV-CT,1.0,1.0,0.0,42.747593,-21.83091
SERV-CT,1.0,1.0,1.0,36.449055,-45.788258
SERV-CT,1.0,1.0,0.0,47.461952,28.012444
SERV-CT,1.0,0.0,1.0,58.243614,5.858088
SERV-CT,0.0,1.0,0.0,16.569975,59.80276
SERV-CT,1.0,1.0,1.0,48.238544,-13.539976
SERV-CT,0.0,0.0,0.0,14.876374,62.42339
SERV-CT,1.0,1.0,0.0,47.963238,26.115831
SERV-CT,0.0,0.0,0.0,38.096115,40.72057
SERV-CT,0.0,0.0,0.0,15.836292,61.982727
SERV-CT,1.0,1.0,0.0,51.211838,17.021255
SERV-CT,1.0,1.0,0.0,32.848354,-47.568283
SERV-CT,1.0,1.0,0.0,51.123993,-5.986939
SERV-CT,0.0,1.0,0.0,26.255383,43.947567
SERV-CT,1.0,1.0,0.0,43.649345,-20.232595
SERV-CT,0.0,0.0,0.0,21.052881,47.93726
SERV-CT,1.0,1.0,1.0,59.048794,5.333593
SERV-CT,1.0,0.0,1.0,40.994274,16.274694
SERV-CT,0.0,1.0,0.0,26.251574,30.108973
SERV-CT,1.0,1.0,0.0,50.102993,6.1780753
SERV-CT,1.0,1.0,0.0,36.356518,-46.725838
SERV-CT,0.0,0.0,0.0,13.607746,64.87775
SERV-CT,0.0,1.0,0.0,26.28569,39.532978
SERV-CT,1.0,1.0,1.0,31.231264,-48.38418
SERV-CT,0.0,0.0,0.0,23.059881,49.378704
SERV-CT,1.0,1.0,0.0,46.692703,9.056157
SERV-CT,1.0,1.0,0.0,51.164543,6.138789
SERV-CT,1.0,1.0,1.0,61.336403,6.9275255
SERV-CT,0.0,1.0,0.0,21.862976,36.26075
SERV-CT,0.0,1.0,0.0,34.577778,48.722378
SERV-CT,1.0,0.0,1.0,60.069744,5.4983706
SERV-CT,0.0,0.0,0.0,22.135649,52.69037
SERV-CT,1.0,1.0,0.0,43.164806,28.531479
SERV-CT,0.0,0.0,0.0,13.48858,61.098988
SERV-CT,0.0,0.0,0.0,39.210205,39.800167
SERV-CT,1.0,1.0,1.0,58.563744,4.7062745
SERV-CT,1.0,1.0,0.0,36.460587,-44.966515
SERV-CT,1.0,1.0,0.0,60.390736,8.551642
SERV-CT,1.0,0.0,1.0,60.572247,8.096748
SERV-CT,0.0,1.0,0.0,34.335857,47.954315
SERV-CT,1.0,1.0,0.0,50.528053,17.912035
SERV-CT,1.0,0.0,1.0,50.031635,-12.582849
SERV-CT,0.0,0.0,0.0,29.295021,38.23441
SERV-CT,1.0,1.0,1.0,34.10407,-47.136463
SERV-CT,1.0,0.0,1.0,49.176315,22.337086
SERV-CT,0.0,1.0,0.0,34.579773,30.657356
SERV-CT,0.0,0.0,0.0,22.724878,50.574028
SERV-CT,1.0,1.0,1.0,51.035847,2.557213
SERV-CT,1.0,0.0,1.0,56.359394,1.5313407
SERV-CT,0.0,0.0,0.0,20.53355,37.870884
SERV-CT,0.0,1.0,0.0,12.695845,65.66626
SERV-CT,0.0,1.0,0.0,23.066866,41.95022
SERV-CT,1.0,0.0,1.0,50.770004,22.99097
SERV-CT,1.0,1.0,1.0,50.45153,3.5345395
SERV-CT,0.0,1.0,0.0,20.62368,45.672558
SERV-CT,0.0,0.0,0.0,30.672632,31.146967
SERV-CT,1.0,1.0,0.0,38.92659,-47.14083
SERV-CT,0.0,1.0,0.0,23.728926,33.679688
SERV-CT,0.0,0.0,0.0,20.763216,55.668434
SERV-CT,0.0,1.0,0.0,20.031849,50.54641
SERV-CT,0.0,1.0,0.0,31.455765,37.852356
SERV-CT,1.0,1.0,1.0,45.510044,17.761042
SERV-CT,0.0,1.0,0.0,23.031878,42.004284
SERV-CT,0.0,0.0,0.0,26.424332,42.065308
SERV-CT,0.0,1.0,0.0,16.7214,57.729465
SERV-CT,1.0,1.0,0.0,12.7981415,-53.515743
SERV-CT,1.0,1.0,1.0,58.781616,5.11443
SERV-CT,0.0,1.0,0.0,22.178625,51.78115
SERV-CT,1.0,1.0,1.0,57.830647,4.2425866
SERV-CT,1.0,1.0,0.0,56.962982,3.6389554
SERV-CT,1.0,0.0,1.0,57.181076,-5.177256
SERV-CT,1.0,0.0,1.0,47.874752,26.700329
SERV-CT,0.0,1.0,0.0,38.220047,39.191395
SERV-CT,1.0,0.0,1.0,52.60581,14.060179
SERV-CT,1.0,1.0,1.0,44.118526,26.007315
SERV-CT,0.0,1.0,0.0,30.464611,37.402897
SERV-CT,0.0,0.0,0.0,20.09836,47.14503
SERV-CT,0.0,0.0,0.0,20.533154,54.31155
SERV-CT,1.0,1.0,1.0,60.76182,8.585546
SERV-CT,0.0,0.0,0.0,34.755154,48.594543
SERV-CT,0.0,1.0,0.0,31.970013,35.058575
SERV-CT,1.0,1.0,1.0,39.44612,-45.159946
SERV-CT,1.0,1.0,0.0,58.38038,-4.2712364
SERV-CT,0.0,0.0,0.0,21.833496,35.888542
SERV-CT,0.0,1.0,0.0,10.395874,63.830647
SERV-CT,1.0,0.0,1.0,60.588825,5.01305
SERV-CT,1.0,1.0,0.0,36.07773,-45.734966
SERV-CT,1.0,1.0,1.0,44.699028,24.095816
SERV-CT,1.0,0.0,1.0,43.689053,29.354193
SERV-CT,1.0,0.0,1.0,48.482517,7.347838
SERV-CT,1.0,1.0,0.0,47.365013,-17.645807
SERV-CT,1.0,0.0,1.0,39.75213,-45.49771
SERV-CT,1.0,0.0,1.0,38.73533,17.815088
SERV-CT,0.0,0.0,0.0,26.048965,44.066933
SERV-CT,0.0,0.0,0.0,39.627636,38.371834
SERV-CT,1.0,0.0,1.0,50.309986,-12.0222025
SERV-CT,1.0,0.0,1.0,30.690191,25.028791
SERV-CT,0.0,1.0,0.0,10.512696,63.967903
SERV-CT,0.0,1.0,0.0,34.394356,35.304348
SERV-CT,1.0,0.0,1.0,45.420853,14.28786
SERV-CT,1.0,1.0,1.0,50.13413,-12.454779
SERV-CT,0.0,0.0,0.0,28.543839,33.74633
SERV-CT,1.0,0.0,1.0,50.805553,12.7412
SERV-CT,0.0,1.0,0.0,12.608788,-53.498722
SERV-CT,0.0,1.0,0.0,16.300903,59.889046
SERV-CT,1.0,1.0,0.0,45.529766,12.674341
SERV-CT,1.0,0.0,1.0,58.808502,-3.297054
SERV-CT,1.0,1.0,0.0,47.874176,-7.714735
SERV-CT,0.0,1.0,0.0,21.250435,37.46437
SERV-CT,1.0,0.0,1.0,45.207096,29.744385
SERV-CT,1.0,1.0,1.0,52.43969,12.669712
SERV-CT,1.0,0.0,1.0,45.747814,23.669407
SERV-CT,0.0,1.0,0.0,12.80605,65.61965
SERV-CT,0.0,0.0,0.0,30.979006,32.155872
SERV-CT,1.0,0.0,1.0,47.24826,15.1462555
SERV-CT,1.0,0.0,1.0,29.104383,28.40879
SERV-CT,0.0,0.0,0.0,21.531666,53.655247
SERV-CT,0.0,1.0,0.0,14.333483,61.565147
SERV-CT,1.0,1.0,0.0,38.4186,-47.88891
SERV-CT,0.0,0.0,0.0,28.837767,33.79176
SERV-CT,1.0,0.0,1.0,44.415928,-21.584183
SERV-CT,0.0,0.0,0.0,21.728119,55.409042
SERV-CT,0.0,0.0,0.0,18.575987,60.97095
SERV-CT,0.0,1.0,0.0,34.346737,49.05055
SERV-CT,0.0,1.0,0.0,35.074017,31.587687
SERV-CT,1.0,1.0,1.0,50.88873,2.7773135
SERV-CT,0.0,1.0,0.0,24.96987,40.2676
SERV-CT,0.0,1.0,0.0,16.399048,59.22609
SERV-CT,1.0,1.0,0.0,31.439117,-48.26194
SERV-CT,0.0,0.0,0.0,29.05952,28.553604
StereoMIS,0.0,,,-19.162724,49.568745
StereoMIS,0.0,,,-12.68166,15.118588
StereoMIS,0.0,,,-17.91075,-11.038614
StereoMIS,1.0,,,26.591284,28.738506
StereoMIS,0.0,,,-23.865734,52.735474
StereoMIS,0.0,,,-23.016579,46.64044
StereoMIS,0.0,,,-2.409162,30.027128
StereoMIS,0.0,,,-36.34287,56.68958
StereoMIS,0.0,,,-18.79057,35.34998
StereoMIS,0.0,,,-27.994267,0.9136447
StereoMIS,0.0,,,-21.254326,44.89802
StereoMIS,0.0,,,-56.863846,38.75243
StereoMIS,0.0,,,-19.870754,-38.774727
StereoMIS,0.0,,,-56.48521,37.275143
StereoMIS,0.0,,,-24.703766,47.663136
StereoMIS,0.0,,,-59.236946,31.007998
StereoMIS,0.0,,,-6.863716,30.712652
StereoMIS,0.0,,,-42.04135,50.407257
StereoMIS,0.0,,,-4.800515,33.693424
StereoMIS,0.0,,,-27.426855,11.605138
StereoMIS,0.0,,,-9.023545,45.053738
StereoMIS,0.0,,,-57.47899,36.104866
StereoMIS,0.0,,,-25.763151,47.42491
StereoMIS,0.0,,,-17.444845,36.22027
StereoMIS,0.0,,,-21.484804,50.55692
StereoMIS,0.0,,,2.0810533,-21.06673
StereoMIS,0.0,,,-24.187551,46.442356
StereoMIS,0.0,,,-27.220188,10.945779
StereoMIS,0.0,,,-12.153806,41.815136
StereoMIS,0.0,,,-58.39711,33.61015
StereoMIS,0.0,,,-0.45064348,25.790596
StereoMIS,1.0,,,14.377202,-31.880121
StereoMIS,0.0,,,-25.12579,47.6285
StereoMIS,0.0,,,-14.247808,33.646244
StereoMIS,0.0,,,-60.05706,31.434431
StereoMIS,0.0,,,-56.14833,37.460526
StereoMIS,0.0,,,-9.886508,42.52109
StereoMIS,0.0,,,-38.147114,53.013138
StereoMIS,0.0,,,-26.281805,6.713433
StereoMIS,0.0,,,-24.588882,48.314606
StereoMIS,0.0,,,-46.548977,47.95526
StereoMIS,0.0,,,-17.315851,-11.694217
StereoMIS,0.0,,,-36.149612,47.590828
StereoMIS,0.0,,,-6.5221095,45.68216
StereoMIS,0.0,,,-46.76904,46.717445
StereoMIS,0.0,,,-23.435493,51.30059
StereoMIS,0.0,,,-56.31748,35.948597
StereoMIS,0.0,,,-51.339516,43.666466
StereoMIS,0.0,,,-12.929252,23.867935
StereoMIS,0.0,,,16.36444,-23.489414
StereoMIS,0.0,,,-43.452564,49.553356
StereoMIS,0.0,,,-26.312153,1.8393805
StereoMIS,0.0,,,-20.986963,50.328434
StereoMIS,0.0,,,-38.994915,50.67984
StereoMIS,0.0,,,-20.448444,19.206491
StereoMIS,0.0,,,-22.590887,21.604277
StereoMIS,0.0,,,-29.034134,50.610832
StereoMIS,0.0,,,-37.772762,52.464474
StereoMIS,0.0,,,-19.388023,27.054276
StereoMIS,0.0,,,-36.069923,56.870636
StereoMIS,0.0,,,-8.406563,22.580944
StereoMIS,0.0,,,-24.228516,53.38883
StereoMIS,0.0,,,-51.77255,34.116325
StereoMIS,0.0,,,-25.742458,23.853975
StereoMIS,0.0,,,-35.287533,49.443077
StereoMIS,0.0,,,-13.987854,24.063833
StereoMIS,0.0,,,-56.40094,36.86881
StereoMIS,0.0,,,-38.88106,52.945316
StereoMIS,0.0,,,-30.26198,54.255783
StereoMIS,0.0,,,-17.149017,27.767002
StereoMIS,0.0,,,-22.262749,46.859283
StereoMIS,0.0,,,-30.170427,-3.6455257
StereoMIS,0.0,,,-8.339749,36.85355
StereoMIS,0.0,,,-40.018246,54.069805
StereoMIS,0.0,,,-27.27069,46.219135
StereoMIS,0.0,,,-37.52187,-14.127869
StereoMIS,0.0,,,6.4872503,-34.34231
StereoMIS,0.0,,,-2.3784661,29.012337
StereoMIS,0.0,,,-60.920307,28.9067
StereoMIS,0.0,,,-47.03256,47.95589
StereoMIS,0.0,,,-17.919788,35.026943
StereoMIS,0.0,,,-2.814016,-18.470345
StereoMIS,0.0,,,-44.41746,46.842857
StereoMIS,0.0,,,-30.14028,44.48196
StereoMIS,0.0,,,-59.085175,31.13586
StereoMIS,0.0,,,-57.639668,39.27799
StereoMIS,0.0,,,-60.053833,29.68746
StereoMIS,0.0,,,-10.480564,42.672466
StereoMIS,0.0,,,-41.55473,50.71196
StereoMIS,0.0,,,-51.443573,34.53831
StereoMIS,0.0,,,-6.4217014,12.603815
StereoMIS,0.0,,,-6.9927692,18.510803
StereoMIS,0.0,,,-11.463827,40.013466
StereoMIS,0.0,,,-1.1842998,20.699892
StereoMIS,0.0,,,-56.839314,30.787676
StereoMIS,0.0,,,-31.767286,54.14516
StereoMIS,0.0,,,-37.407024,37.262115
StereoMIS,1.0,,,49.036648,-33.82715
StereoMIS,0.0,,,9.907075,-18.747595
StereoMIS,0.0,,,-28.07394,53.710712
StereoMIS,0.0,,,-11.525387,33.563072
StereoMIS,0.0,,,-20.993914,50.41267
StereoMIS,0.0,,,-3.5666747,35.53949
StereoMIS,0.0,,,-27.861681,48.707405
StereoMIS,0.0,,,-30.267723,48.772316
StereoMIS,0.0,,,-59.870106,32.649002
StereoMIS,0.0,,,16.39668,-23.413757
StereoMIS,0.0,,,-58.4565,32.48666
StereoMIS,0.0,,,-43.97389,48.470978
StereoMIS,0.0,,,-60.424076,29.42779
StereoMIS,0.0,,,-56.462536,39.44797
StereoMIS,0.0,,,-25.316023,25.220839
StereoMIS,0.0,,,-34.506405,47.94353
StereoMIS,1.0,,,47.983715,-35.127693
StereoMIS,1.0,,,43.443356,-6.327075
StereoMIS,0.0,,,-33.68401,46.797752
StereoMIS,0.0,,,-42.262344,48.425953
StereoMIS,0.0,,,-9.456915,42.912167
StereoMIS,0.0,,,-19.931206,35.517826
StereoMIS,0.0,,,-26.296124,2.3636672
StereoMIS,0.0,,,-18.682173,35.776844
StereoMIS,0.0,,,-9.388379,45.287006
StereoMIS,0.0,,,-16.19102,17.178677
StereoMIS,0.0,,,-9.476104,-34.482895
StereoMIS,0.0,,,-23.268257,12.681099
StereoMIS,1.0,,,26.623621,-57.358704
StereoMIS,0.0,,,-21.148346,-51.51547
StereoMIS,0.0,,,-41.062397,-11.318482
StereoMIS,0.0,,,-22.761246,31.58232
StereoMIS,0.0,,,-38.751495,40.036297
StereoMIS,0.0,,,-20.224148,16.882576
StereoMIS,0.0,,,-24.428808,53.619316
StereoMIS,0.0,,,-41.432243,41.139748
StereoMIS,0.0,,,-21.25525,44.919895
StereoMIS,0.0,,,-26.255392,7.544097
StereoMIS,0.0,,,-43.15788,50.153923
StereoMIS,0.0,,,-38.796127,37.47964
StereoMIS,0.0,,,-19.002253,48.706505
StereoMIS,0.0,,,-30.690948,51.153423
StereoMIS,0.0,,,-37.054375,37.80804
StereoMIS,0.0,,,-52.95968,38.733124
StereoMIS,0.0,,,-27.7048,8.336773
StereoMIS,0.0,,,-58.35079,31.434063
StereoMIS,0.0,,,-36.59962,53.43203
StereoMIS,0.0,,,-37.442226,37.924458
StereoMIS,0.0,,,-19.050562,28.205545
StereoMIS,0.0,,,-55.51482,37.437523
StereoMIS,0.0,,,-43.659477,42.124245
StereoMIS,0.0,,,-24.878113,49.895725
StereoMIS,1.0,,,22.395914,-33.019188
StereoMIS,0.0,,,-11.785147,36.251305
StereoMIS,0.0,,,-56.240013,35.264988
StereoMIS,0.0,,,-5.1445203,33.45236
StereoMIS,0.0,,,-45.624767,52.041683
StereoMIS,0.0,,,-48.07839,48.36361
StereoMIS,0.0,,,-34.97928,34.22444
StereoMIS,0.0,,,-60.81301,29.166067
StereoMIS,0.0,,,-14.5843525,13.498561
StereoMIS,0.0,,,-15.416427,9.301063
StereoMIS,0.0,,,-9.604985,38.05905
StereoMIS,0.0,,,-33.792797,47.868855
StereoMIS,0.0,,,-60.086956,29.451021
StereoMIS,0.0,,,-47.581184,47.973087
StereoMIS,0.0,,,9.026342,6.9183536
StereoMIS,0.0,,,-58.736603,33.168915
StereoMIS,0.0,,,-59.855373,32.44521
StereoMIS,0.0,,,-56.486298,29.803556
StereoMIS,0.0,,,-38.62065,50.652843
StereoMIS,0.0,,,-41.478966,52.142433
StereoMIS,0.0,,,-44.793697,47.173347
StereoMIS,0.0,,,-26.683905,0.685128
StereoMIS,0.0,,,-4.645046,21.692791
StereoMIS,0.0,,,-34.582047,49.207924
StereoMIS,0.0,,,-37.231262,25.237495
StereoMIS,0.0,,,-53.50228,41.884323
StereoMIS,0.0,,,-39.81097,37.332462
StereoMIS,0.0,,,-21.447657,38.16949
StereoMIS,0.0,,,-15.44356,30.065538
StereoMIS,0.0,,,6.6508145,-32.816795
StereoMIS,0.0,,,-23.208668,17.529812
StereoMIS,0.0,,,-13.386427,23.796154
StereoMIS,0.0,,,-26.91832,53.73215
StereoMIS,0.0,,,-37.72693,36.588615
StereoMIS,0.0,,,-10.658927,42.494713
StereoMIS,0.0,,,-57.090733,38.545937
StereoMIS,0.0,,,-18.296343,36.087364
StereoMIS,0.0,,,-56.22419,36.173668
StereoMIS,0.0,,,-26.324188,6.3662877
StereoMIS,0.0,,,-11.180441,42.53323
StereoMIS,0.0,,,-14.592948,31.748903
StereoMIS,0.0,,,-29.392052,50.72206
StereoMIS,0.0,,,-26.014116,16.772867
StereoMIS,0.0,,,-53.114643,38.722816
StereoMIS,0.0,,,-42.17368,49.836617
StereoMIS,0.0,,,-22.01462,44.128593
StereoMIS,0.0,,,-13.7511015,-15.381554
StereoMIS,0.0,,,-8.872293,34.855846
StereoMIS,0.0,,,-56.168846,39.63579
StereoMIS,0.0,,,-21.930166,18.509602
StereoMIS,0.0,,,-32.198414,48.585648
StereoMIS,0.0,,,-17.89963,35.150024
StereoMIS,0.0,,,-23.856562,12.254198
StereoMIS,0.0,,,-11.636132,41.40273
StereoMIS,0.0,,,-39.576443,39.26608
StereoMIS,0.0,,,-7.332969,42.729305
StereoMIS,0.0,,,-60.9935,31.584352
StereoMIS,0.0,,,-18.56024,-44.72142
StereoMIS,0.0,,,0.04675939,-22.179317
StereoMIS,0.0,,,-23.651371,13.209087
StereoMIS,0.0,,,-25.424814,50.43444
StereoMIS,0.0,,,-20.415174,50.64771
StereoMIS,0.0,,,-31.486025,54.0111
StereoMIS,0.0,,,-10.387577,41.578285
StereoMIS,0.0,,,6.010387,-24.135387
StereoMIS,0.0,,,-19.184437,2.8620756
StereoMIS,0.0,,,11.553939,7.0710387
StereoMIS,0.0,,,-38.17538,41.145134
StereoMIS,0.0,,,-28.684061,51.384087
StereoMIS,0.0,,,-38.659126,50.71088
StereoMIS,0.0,,,-9.398164,45.4045
StereoMIS,0.0,,,-3.9666867,-15.643865
StereoMIS,0.0,,,-19.405813,27.340714
StereoMIS,0.0,,,-35.508965,47.44047
StereoMIS,0.0,,,-17.792274,35.24518
StereoMIS,1.0,,,16.880041,-24.569448
StereoMIS,0.0,,,-55.086563,31.886078
StereoMIS,0.0,,,-27.799545,-12.034077
StereoMIS,0.0,,,-41.087673,38.44233
StereoMIS,0.0,,,-17.709557,32.52261
StereoMIS,0.0,,,-44.58989,49.96931
StereoMIS,0.0,,,-5.643343,-16.025852
StereoMIS,0.0,,,-56.87377,29.640106
StereoMIS,0.0,,,-26.437052,45.25861
StereoMIS,0.0,,,-54.322712,34.980976
StereoMIS,0.0,,,-50.513645,33.7103
StereoMIS,0.0,,,-17.485203,37.024696
StereoMIS,0.0,,,-1.2367548,20.791477
StereoMIS,0.0,,,-41.22834,38.41425
StereoMIS,0.0,,,-13.991525,13.859396
StereoMIS,0.0,,,3.3814726,-12.436399
StereoMIS,0.0,,,-7.305811,43.10244
StereoMIS,0.0,,,-28.365147,53.897102
StereoMIS,0.0,,,-29.193306,46.811188
StereoMIS,0.0,,,-31.021376,45.763504
StereoMIS,0.0,,,-22.698616,31.84985
StereoMIS,0.0,,,-4.0005283,-16.032547
StereoMIS,0.0,,,-57.94024,36.445854
StereoMIS,0.0,,,-8.21539,36.10654
StereoMIS,0.0,,,-18.223248,17.58055
StereoMIS,0.0,,,-45.214443,49.869473
StereoMIS,0.0,,,-35.219456,43.934658
StereoMIS,0.0,,,-4.859382,11.232921
StereoMIS,1.0,,,45.44136,-14.909744
StereoMIS,0.0,,,-43.213634,49.15929
StereoMIS,0.0,,,-18.123825,37.211014
StereoMIS,0.0,,,-37.37547,54.32825
StereoMIS,0.0,,,-17.305552,35.643738
StereoMIS,0.0,,,-38.873257,53.257805
StereoMIS,0.0,,,-27.355013,0.6389479
StereoMIS,0.0,,,-25.35594,17.605799
StereoMIS,0.0,,,21.156666,-61.10433
StereoMIS,0.0,,,-38.617805,38.20173
StereoMIS,0.0,,,-26.688854,9.166941
StereoMIS,0.0,,,-53.227192,35.691303
StereoMIS,0.0,,,-27.377604,-6.2116785
StereoMIS,0.0,,,-40.54693,37.58143
StereoMIS,0.0,,,-53.0228,32.190094
StereoMIS,0.0,,,-37.01769,56.613792
StereoMIS,0.0,,,-36.832794,46.134563
StereoMIS,0.0,,,-45.866238,49.429398
StereoMIS,0.0,,,-52.82413,42.094395
StereoMIS,0.0,,,-27.18907,0.4615602
StereoMIS,0.0,,,-36.02748,51.433002
StereoMIS,0.0,,,19.252098,-57.748714
StereoMIS,0.0,,,-34.451893,40.62473
StereoMIS,0.0,,,-38.090214,53.86229
StereoMIS,0.0,,,-26.673029,52.47356
StereoMIS,0.0,,,-18.887014,46.043415
StereoMIS,0.0,,,-21.552303,21.199669
StereoMIS,0.0,,,-27.991714,48.301743
StereoMIS,0.0,,,-61.64228,27.758236
StereoMIS,0.0,,,-58.748978,30.340809
StereoMIS,0.0,,,-26.68219,14.60591
StereoMIS,0.0,,,-23.478745,47.76996
StereoMIS,0.0,,,-25.087074,15.15536
StereoMIS,0.0,,,11.058868,-29.442085
StereoMIS,0.0,,,-37.15717,23.898066
StereoMIS,0.0,,,-57.312374,36.59074
StereoMIS,0.0,,,-18.996296,-2.4831023
StereoMIS,0.0,,,-19.858206,32.787098
StereoMIS,0.0,,,-11.9402,31.421917
StereoMIS,0.0,,,-18.812584,21.4136
StereoMIS,0.0,,,-28.117903,52.45574
StereoMIS,0.0,,,-14.876986,19.494156
StereoMIS,0.0,,,-59.664417,31.393023
StereoMIS,0.0,,,-36.895042,56.53605
StereoMIS,0.0,,,-10.075137,37.97757
StereoMIS,0.0,,,-10.048748,45.764637
StereoMIS,0.0,,,-33.683296,48.14034
StereoMIS,0.0,,,4.9968715,-21.094608
StereoMIS,0.0,,,-7.6641035,44.125244
StereoMIS,0.0,,,-51.19614,36.27019
StereoMIS,0.0,,,-52.7217,37.868153
StereoMIS,0.0,,,-57.6977,35.48865
StereoMIS,0.0,,,-27.408722,-11.013613
StereoMIS,0.0,,,-22.17149,32.825005
StereoMIS,0.0,,,-29.425222,51.094494
StereoMIS,0.0,,,-45.006306,51.455025
StereoMIS,0.0,,,-57.216316,38.73011
StereoMIS,0.0,,,-28.20527,8.2089205
StereoMIS,0.0,,,1.6865512,-25.174984
StereoMIS,0.0,,,-38.85826,37.18015
StereoMIS,0.0,,,-24.962553,23.40382
StereoMIS,0.0,,,-39.67644,51.680542
StereoMIS,0.0,,,-39.898544,42.648792
StereoMIS,0.0,,,-44.21473,46.988968
StereoMIS,0.0,,,-23.967667,16.887323
StereoMIS,0.0,,,-50.478336,33.85498
StereoMIS,0.0,,,-9.785517,45.758533
StereoMIS,0.0,,,-57.026417,31.654306
StereoMIS,0.0,,,-44.618195,49.42122
StereoMIS,0.0,,,-12.873156,33.19841
StereoMIS,0.0,,,-20.046331,-5.898131
StereoMIS,0.0,,,-22.937407,12.537151
StereoMIS,0.0,,,-51.141212,35.10494
StereoMIS,0.0,,,-41.164192,48.93317
StereoMIS,0.0,,,-51.254772,35.870804
StereoMIS,1.0,,,16.80869,-24.462568
StereoMIS,0.0,,,-37.73218,37.706493
StereoMIS,0.0,,,-39.974396,47.832848
StereoMIS,0.0,,,-6.297224,3.0798
StereoMIS,0.0,,,-61.688156,27.648157
StereoMIS,0.0,,,-40.95312,45.753796
StereoMIS,0.0,,,-21.685093,34.424416
StereoMIS,0.0,,,-9.407667,35.648537
StereoMIS,0.0,,,-25.080864,15.8811865
StereoMIS,0.0,,,-43.843166,48.14658
StereoMIS,0.0,,,-30.575018,39.464355
StereoMIS,0.0,,,-22.381208,5.0186234
StereoMIS,0.0,,,-31.020386,46.154568
StereoMIS,0.0,,,-36.637085,53.598938
StereoMIS,0.0,,,-30.096785,55.924416
StereoMIS,0.0,,,-58.095596,39.16143
StereoMIS,0.0,,,-3.159303,38.07612
StereoMIS,0.0,,,-28.257772,-1.9435177
StereoMIS,0.0,,,-29.9201,-4.043765
StereoMIS,0.0,,,-45.009064,47.940567
StereoMIS,0.0,,,-53.27516,36.49386
StereoMIS,0.0,,,-38.61618,47.008755
StereoMIS,0.0,,,-24.761644,13.094119
StereoMIS,0.0,,,-16.591927,25.277916
StereoMIS,0.0,,,-25.376188,25.370071
StereoMIS,0.0,,,-14.491441,32.742012
StereoMIS,0.0,,,-4.980953,-20.444048
StereoMIS,0.0,,,-19.255798,32.924957
StereoMIS,0.0,,,5.059663,-26.737894
StereoMIS,0.0,,,-33.502804,50.026733
StereoMIS,0.0,,,-4.463159,34.504436
StereoMIS,0.0,,,-14.058793,32.671402
StereoMIS,0.0,,,-56.259876,33.828884
StereoMIS,0.0,,,-53.948143,41.186954
StereoMIS,0.0,,,-13.090217,26.704468
StereoMIS,0.0,,,-53.125687,33.99372
StereoMIS,0.0,,,-8.698049,32.70291
StereoMIS,0.0,,,-21.932636,35.964424
StereoMIS,0.0,,,-23.895714,47.405422
StereoMIS,0.0,,,-51.319717,36.17075
StereoMIS,0.0,,,-19.965609,-6.0417037
StereoMIS,0.0,,,-3.9717362,36.027626
StereoMIS,0.0,,,-23.143414,17.887394
StereoMIS,0.0,,,-27.529343,49.33348
StereoMIS,0.0,,,-6.292422,46.3363
StereoMIS,0.0,,,12.383675,-28.099752
StereoMIS,0.0,,,-9.093715,44.62103
StereoMIS,0.0,,,-58.566845,34.164013
StereoMIS,0.0,,,-61.506935,28.407288
StereoMIS,0.0,,,-38.826965,51.42427
StereoMIS,0.0,,,-22.381834,20.897861
StereoMIS,1.0,,,16.461199,-51.877197
StereoMIS,0.0,,,14.081684,-21.617325
StereoMIS,0.0,,,-18.368076,34.34486
StereoMIS,0.0,,,-30.098078,54.234707
StereoMIS,0.0,,,-25.902456,19.62265
StereoMIS,0.0,,,-14.415519,31.251442
StereoMIS,1.0,,,22.94954,-60.565025
StereoMIS,0.0,,,-29.494173,53.76882
StereoMIS,0.0,,,-56.09118,38.259384
StereoMIS,0.0,,,-8.713172,45.209885
StereoMIS,0.0,,,-53.232967,33.867863
StereoMIS,0.0,,,-34.546047,44.225212
StereoMIS,0.0,,,-39.95377,54.085983
StereoMIS,0.0,,,-25.23217,18.653
StereoMIS,0.0,,,-34.04417,41.694126
StereoMIS,0.0,,,-13.040483,23.917946
StereoMIS,0.0,,,-37.347454,50.846375
StereoMIS,0.0,,,-50.944687,36.36582
StereoMIS,0.0,,,-16.164728,19.501135
StereoMIS,1.0,,,15.025668,-33.412506
StereoMIS,0.0,,,-25.8798,6.346675
StereoMIS,0.0,,,-52.132484,33.180286
StereoMIS,0.0,,,-39.747646,39.166107
StereoMIS,0.0,,,-37.496746,42.18156
StereoMIS,0.0,,,-22.382578,32.836727
StereoMIS,0.0,,,-31.14796,45.946148
StereoMIS,0.0,,,-31.471128,53.290432
StereoMIS,0.0,,,-28.885769,54.251873
StereoMIS,0.0,,,-32.556347,49.095703
StereoMIS,0.0,,,-35.768982,47.45108
StereoMIS,0.0,,,-52.646503,32.828476
StereoMIS,0.0,,,-33.77884,39.711555
StereoMIS,0.0,,,-14.597743,1.424487
StereoMIS,0.0,,,-22.744696,31.49628
StereoMIS,0.0,,,-13.374989,26.782478
StereoMIS,0.0,,,-56.596252,39.602913
StereoMIS,0.0,,,-57.849617,29.804697
StereoMIS,0.0,,,5.0620413,-21.166262
StereoMIS,0.0,,,-6.0850396,20.466944
StereoMIS,0.0,,,-15.05516,26.266989
StereoMIS,0.0,,,-33.70227,48.565678
StereoMIS,0.0,,,-53.44927,41.838127
StereoMIS,0.0,,,-20.035,44.616127
StereoMIS,0.0,,,12.543282,-11.907682
StereoMIS,0.0,,,-30.661524,56.20967
StereoMIS,0.0,,,-18.73947,48.136696
StereoMIS,0.0,,,-22.605474,32.57593
StereoMIS,0.0,,,-11.258861,41.483486
StereoMIS,0.0,,,-17.659142,31.200798
StereoMIS,0.0,,,-57.50415,29.938978
StereoMIS,0.0,,,-55.447395,37.110214
StereoMIS,0.0,,,-12.884426,-4.4352326
StereoMIS,0.0,,,-13.327063,28.045893
StereoMIS,0.0,,,-56.70575,40.022015
StereoMIS,0.0,,,-22.5335,47.383465
StereoMIS,0.0,,,-35.495182,56.998512
StereoMIS,0.0,,,10.731062,-28.856153
StereoMIS,1.0,,,40.348328,-39.25474
StereoMIS,0.0,,,-32.992832,46.858196
StereoMIS,0.0,,,-18.540869,38.87393
StereoMIS,0.0,,,-31.105633,55.31744
StereoMIS,0.0,,,-18.840591,24.980082
StereoMIS,0.0,,,-58.9699,31.604061
StereoMIS,0.0,,,-53.781822,42.230923
StereoMIS,0.0,,,-37.493725,49.187138
StereoMIS,0.0,,,-13.378794,12.416234
StereoMIS,0.0,,,-4.258099,-13.76425
StereoMIS,0.0,,,0.09949807,-25.44072
StereoMIS,0.0,,,-58.204197,37.95341
StereoMIS,0.0,,,-38.774014,53.402473
StereoMIS,0.0,,,-58.34211,33.16744
StereoMIS,0.0,,,-38.18337,52.834293
StereoMIS,0.0,,,-28.78028,49.174313
StereoMIS,0.0,,,-26.399117,13.49544
StereoMIS,0.0,,,-32.068165,-11.72258
StereoMIS,0.0,,,-56.129826,34.38213
StereoMIS,0.0,,,-20.705223,49.84287
StereoMIS,0.0,,,-9.197501,35.74154
StereoMIS,0.0,,,-42.144684,41.302013
StereoMIS,0.0,,,-30.210314,-4.257677
StereoMIS,0.0,,,-31.290432,54.392082
StereoMIS,0.0,,,-16.049084,37.234966
StereoMIS,0.0,,,-17.462975,31.086329
StereoMIS,0.0,,,-6.361234,45.93393
StereoMIS,0.0,,,-18.284637,38.458797
StereoMIS,0.0,,,-52.747025,38.188
StereoMIS,0.0,,,-44.22105,49.786915
StereoMIS,0.0,,,-5.011481,12.577432
StereoMIS,0.0,,,-26.45323,45.214386
StereoMIS,0.0,,,-55.56785,41.14107
StereoMIS,0.0,,,-21.813337,44.18055
StereoMIS,0.0,,,-37.66662,44.056133
StereoMIS,0.0,,,-28.898033,49.63277
StereoMIS,0.0,,,-36.296753,53.53497
StereoMIS,0.0,,,-9.341877,45.41203
StereoMIS,0.0,,,-12.699294,30.2537
StereoMIS,0.0,,,-3.8179982,14.369802
StereoMIS,0.0,,,-27.612926,11.041759
StereoMIS,0.0,,,-55.398777,40.27905
StereoMIS,0.0,,,-37.242397,35.630154
StereoMIS,1.0,,,25.094086,-36.55309
StereoMIS,0.0,,,-29.64668,3.800753
StereoMIS,1.0,,,19.411684,-29.578617
StereoMIS,0.0,,,-9.093565,44.031002
StereoMIS,1.0,,,26.75732,-57.280155
StereoMIS,0.0,,,-21.389097,46.904938
StereoMIS,0.0,,,-11.920054,-34.407845
StereoMIS,0.0,,,-8.329699,44.96703
StereoMIS,0.0,,,-19.923449,34.725685
StereoMIS,0.0,,,-41.171017,47.30269
StereoMIS,0.0,,,-53.05595,38.450138
StereoMIS,0.0,,,-29.610098,55.09182
StereoMIS,0.0,,,-39.940075,38.453957
StereoMIS,0.0,,,-37.496918,24.582441
StereoMIS,0.0,,,-26.713583,14.643833
StereoMIS,0.0,,,-13.715165,26.890862
StereoMIS,0.0,,,-26.727747,9.055277
StereoMIS,0.0,,,-26.530882,47.692875
StereoMIS,0.0,,,-31.174192,39.47929
StereoMIS,0.0,,,8.53811,61.60114
StereoMIS,0.0,,,-32.677032,46.568913
StereoMIS,1.0,,,28.709806,-26.171883
StereoMIS,0.0,,,-12.258613,33.287098
StereoMIS,0.0,,,-12.081429,2.7825668
StereoMIS,0.0,,,-61.610023,29.086487
StereoMIS,0.0,,,-53.979176,32.10784
StereoMIS,0.0,,,-24.747705,46.298035
StereoMIS,0.0,,,-14.865948,31.964085
StereoMIS,0.0,,,-31.14713,-8.141402
StereoMIS,0.0,,,-25.19458,15.610643
StereoMIS,0.0,,,-29.634943,44.565228
StereoMIS,0.0,,,-4.8101544,33.87033
StereoMIS,0.0,,,-25.824982,1.7546667
StereoMIS,0.0,,,-19.1218,38.293232
StereoMIS,0.0,,,-57.402386,35.731525
StereoMIS,0.0,,,-25.671432,10.258721
StereoMIS,0.0,,,-19.781298,33.550148
StereoMIS,0.0,,,-45.415928,47.709705
StereoMIS,0.0,,,-14.079998,1.5814097
StereoMIS,0.0,,,-37.092506,23.606373
StereoMIS,0.0,,,-11.210929,41.417274
StereoMIS,0.0,,,-37.315155,24.957375
StereoMIS,0.0,,,3.7810552,-32.77857
StereoMIS,0.0,,,-27.82934,-12.10654
StereoMIS,0.0,,,-37.32309,38.393555
StereoMIS,1.0,,,28.66013,-26.157003
StereoMIS,0.0,,,-9.002616,32.370514
StereoMIS,0.0,,,-42.72554,48.927692
StereoMIS,0.0,,,-24.750406,10.070454
StereoMIS,0.0,,,-16.534576,36.478424
StereoMIS,0.0,,,-34.85715,50.473713
StereoMIS,0.0,,,5.693722,-25.574696
StereoMIS,0.0,,,-61.199295,28.462585
StereoMIS,0.0,,,-37.914326,51.059544
StereoMIS,0.0,,,-21.46863,50.20035
StereoMIS,0.0,,,-23.376385,46.82272
StereoMIS,0.0,,,-22.970993,18.461699
StereoMIS,0.0,,,-38.341507,45.805176
StereoMIS,0.0,,,-25.70538,49.061863
StereoMIS,0.0,,,-24.924625,9.835974
StereoMIS,0.0,,,-31.930212,47.478912
StereoMIS,0.0,,,-32.711838,45.6897
StereoMIS,0.0,,,-34.828133,37.21287
StereoMIS,0.0,,,-4.303583,-16.747423
StereoMIS,0.0,,,-44.93113,49.895687
StereoMIS,0.0,,,-60.87077,30.337692
StereoMIS,0.0,,,-42.90549,51.523407
StereoMIS,0.0,,,-14.0243635,33.043266
StereoMIS,0.0,,,-57.0976,30.583258
StereoMIS,0.0,,,-19.652012,33.49631
StereoMIS,0.0,,,-34.788315,33.702084
StereoMIS,0.0,,,-38.371784,47.463238
StereoMIS,0.0,,,-8.4236,36.691067
StereoMIS,0.0,,,-44.95373,48.11694
StereoMIS,0.0,,,-39.917206,42.177906
StereoMIS,0.0,,,-42.291584,41.25915
StereoMIS,0.0,,,-15.941787,31.835564
StereoMIS,0.0,,,-47.91292,48.29486
StereoMIS,0.0,,,-54.86007,38.78249
StereoMIS,0.0,,,-14.053151,0.6382895
StereoMIS,0.0,,,-39.8108,45.167213
StereoMIS,0.0,,,-39.012234,47.10643
StereoMIS,0.0,,,-34.547844,44.454937
StereoMIS,0.0,,,-55.326023,38.008648
StereoMIS,0.0,,,-15.85032,25.114317
StereoMIS,0.0,,,-33.742348,-22.131012
StereoMIS,0.0,,,-31.408543,56.371685
StereoMIS,0.0,,,-26.886206,5.374394
StereoMIS,0.0,,,-44.665886,45.918945
StereoMIS,0.0,,,-6.923065,19.113773
StereoMIS,0.0,,,-31.996841,44.563225
StereoMIS,0.0,,,-52.532406,42.305473
StereoMIS,0.0,,,-28.434437,49.946487
StereoMIS,1.0,,,42.94627,-37.12112
StereoMIS,0.0,,,-22.859283,32.954117
StereoMIS,0.0,,,-42.51917,49.04726
StereoMIS,0.0,,,-38.052147,53.638447
StereoMIS,0.0,,,-44.41453,45.380463
StereoMIS,0.0,,,-43.104134,47.898357
StereoMIS,0.0,,,-18.682476,47.840935
StereoMIS,0.0,,,2.9970105,-45.66033
StereoMIS,0.0,,,-57.008587,37.87579
StereoMIS,1.0,,,15.023732,-27.926592
StereoMIS,0.0,,,-38.511303,53.216976
StereoMIS,0.0,,,-57.47356,35.4501
StereoMIS,0.0,,,-13.18329,38.199448
StereoMIS,0.0,,,-37.27983,25.124432
StereoMIS,0.0,,,-31.360138,52.666332
StereoMIS,0.0,,,-39.037796,52.371555
StereoMIS,0.0,,,9.281483,6.813278
StereoMIS,0.0,,,-19.283659,37.21238
StereoMIS,0.0,,,10.952034,-15.877446
StereoMIS,0.0,,,-37.101105,56.29067
StereoMIS,0.0,,,-27.019924,5.1658106
StereoMIS,0.0,,,-7.50181,26.096397
StereoMIS,0.0,,,-19.021135,26.678816
StereoMIS,0.0,,,-59.33493,31.082018
StereoMIS,0.0,,,-15.603383,19.135834
StereoMIS,0.0,,,-38.74942,37.43353
StereoMIS,0.0,,,-36.957943,52.16289
StereoMIS,0.0,,,-26.111523,2.196974
StereoMIS,0.0,,,-20.13319,44.91321
StereoMIS,0.0,,,-54.116753,38.21467
StereoMIS,0.0,,,-27.704311,54.57557
StereoMIS,0.0,,,-2.4132538,29.66428
StereoMIS,0.0,,,-19.76051,49.651836
StereoMIS,0.0,,,-33.964054,49.54991
StereoMIS,0.0,,,-14.382335,32.180218
StereoMIS,0.0,,,-60.18723,29.943048
StereoMIS,0.0,,,-58.976406,32.656925
StereoMIS,0.0,,,-30.420166,5.0113416
StereoMIS,0.0,,,-27.12046,0.30703568
StereoMIS,0.0,,,-12.7887745,15.795767
StereoMIS,0.0,,,-30.688847,51.131447
StereoMIS,0.0,,,-53.667946,34.18147
StereoMIS,0.0,,,-54.492554,40.384705
StereoMIS,0.0,,,-4.3650565,-17.623205
StereoMIS,0.0,,,-38.000637,38.07027
StereoMIS,0.0,,,-55.61541,41.02532
StereoMIS,0.0,,,4.233612,-17.63063
StereoMIS,0.0,,,-29.372572,3.5745022
StereoMIS,0.0,,,-22.239977,32.767563
StereoMIS,0.0,,,1.0084513,20.613022
StereoMIS,0.0,,,-46.947987,47.54021
StereoMIS,0.0,,,-6.127847,43.417294
StereoMIS,0.0,,,-52.693363,34.522884
StereoMIS,0.0,,,-28.899427,46.324917
StereoMIS,0.0,,,-10.241868,43.73519
StereoMIS,0.0,,,-37.936214,53.51514
StereoMIS,0.0,,,-6.6774435,42.31203
StereoMIS,0.0,,,-39.718063,53.735687
StereoMIS,0.0,,,-58.96536,29.406973
StereoMIS,0.0,,,-28.951159,49.394512
StereoMIS,0.0,,,-22.713402,7.954716
StereoMIS,0.0,,,-13.767339,32.411438
StereoMIS,0.0,,,-46.175755,48.1052
StereoMIS,0.0,,,-30.497282,54.10685
StereoMIS,0.0,,,-13.234254,28.230684
StereoMIS,0.0,,,-59.570225,31.930775
StereoMIS,0.0,,,-58.61055,31.031471
StereoMIS,0.0,,,-61.317795,28.156103
StereoMIS,0.0,,,-40.1379,50.595406
StereoMIS,0.0,,,-23.95291,51.194477
StereoMIS,0.0,,,-39.670784,51.72103
StereoMIS,0.0,,,-4.7800803,40.90972
StereoMIS,0.0,,,-2.7012064,-16.286774
StereoMIS,0.0,,,-6.749814,12.567569
StereoMIS,0.0,,,-28.25479,-1.9620247
StereoMIS,0.0,,,-46.09744,51.294334
StereoMIS,0.0,,,-19.20215,28.585758
StereoMIS,0.0,,,-44.608624,45.537
StereoMIS,0.0,,,-27.993586,8.26951
StereoMIS,1.0,,,10.9913645,-30.01763
StereoMIS,1.0,,,11.603998,-35.95915
StereoMIS,0.0,,,-9.425755,38.341152
StereoMIS,0.0,,,-32.33841,47.867344
StereoMIS,0.0,,,-57.360096,37.074516
StereoMIS,1.0,,,47.01959,-31.558243
StereoMIS,0.0,,,-24.647556,53.73313
StereoMIS,0.0,,,-2.4148989,29.464985
StereoMIS,0.0,,,-37.286903,56.87927
StereoMIS,0.0,,,-60.376003,29.254677
StereoMIS,0.0,,,-13.745948,24.072664
StereoMIS,1.0,,,11.302383,-32.55252
StereoMIS,0.0,,,-7.5379467,42.761803
StereoMIS,0.0,,,-57.05997,37.34637
StereoMIS,0.0,,,-14.967898,-9.973545
StereoMIS,0.0,,,-44.76728,50.628895
StereoMIS,0.0,,,-58.877834,34.765564
StereoMIS,0.0,,,-41.830544,47.756027
StereoMIS,0.0,,,4.7963653,-26.554136
StereoMIS,0.0,,,-24.934181,17.30838
StereoMIS,0.0,,,-22.775211,32.45662
StereoMIS,0.0,,,-22.344423,4.9787154
StereoMIS,0.0,,,-41.02452,51.448208
StereoMIS,0.0,,,-17.940506,34.17714
StereoMIS,0.0,,,-34.731922,50.297543
StereoMIS,0.0,,,-30.855993,44.54702
StereoMIS,0.0,,,-19.502432,35.009285
StereoMIS,0.0,,,-30.56756,52.434505
StereoMIS,0.0,,,-19.531158,33.960594
StereoMIS,0.0,,,-19.814049,47.753464
StereoMIS,0.0,,,-28.3136,48.869278
StereoMIS,0.0,,,-35.034023,47.275
StereoMIS,0.0,,,-34.083576,38.81475
StereoMIS,0.0,,,-27.805708,-6.212181
StereoMIS,0.0,,,-27.131392,53.110027
StereoMIS,0.0,,,-46.566193,47.513035
StereoMIS,0.0,,,-18.962912,-2.438894
StereoMIS,0.0,,,-21.138952,21.034752
StereoMIS,0.0,,,-24.741426,47.543415
StereoMIS,0.0,,,-37.324974,24.874628
StereoMIS,0.0,,,-59.939564,36.922554
StereoMIS,0.0,,,-40.192005,48.69361
StereoMIS,0.0,,,-21.942009,33.149563
StereoMIS,0.0,,,-55.532463,40.700657
StereoMIS,0.0,,,-58.71072,33.792522
StereoMIS,0.0,,,-43.6236,48.68533
StereoMIS,0.0,,,-24.564808,45.539734
StereoMIS,0.0,,,7.700333,-36.086807
StereoMIS,0.0,,,-24.409813,11.395519
StereoMIS,0.0,,,-10.361542,28.456324
StereoMIS,0.0,,,-24.928974,48.570564
StereoMIS,0.0,,,-21.93681,33.086693
StereoMIS,0.0,,,-11.497998,39.137035
StereoMIS,0.0,,,2.484902,-38.466328
StereoMIS,0.0,,,10.935857,7.346286
StereoMIS,0.0,,,-47.59369,48.378426
StereoMIS,0.0,,,-30.090315,47.60274
StereoMIS,0.0,,,-17.843163,30.771837
StereoMIS,0.0,,,-9.189166,-8.480389
StereoMIS,0.0,,,-29.826262,44.880116
StereoMIS,0.0,,,-21.379297,37.90656
StereoMIS,0.0,,,-19.948034,-6.143755
StereoMIS,0.0,,,-55.677242,39.725487
StereoMIS,0.0,,,-40.236465,44.59733
StereoMIS,0.0,,,-29.164288,47.10314
StereoMIS,0.0,,,-57.8168,31.353918
StereoMIS,0.0,,,-23.509863,49.875458
StereoMIS,0.0,,,-58.650272,33.174797
StereoMIS,0.0,,,-24.18389,9.74448
StereoMIS,1.0,,,22.499067,-36.100616
StereoMIS,0.0,,,-24.73784,-0.52917445
StereoMIS,0.0,,,-50.323757,35.30904
StereoMIS,0.0,,,-57.72288,36.66666
StereoMIS,0.0,,,-23.216722,48.052246
StereoMIS,0.0,,,-31.1005,-12.818898
StereoMIS,0.0,,,-41.79221,48.1378
StereoMIS,0.0,,,-39.369576,51.44967
StereoMIS,1.0,,,19.909525,-30.004667
StereoMIS,0.0,,,-23.956648,48.77343
StereoMIS,0.0,,,-36.091537,46.35435
StereoMIS,0.0,,,-8.9408865,43.753643
StereoMIS,0.0,,,0.5735188,-21.916039
StereoMIS,0.0,,,-14.147236,15.230911
StereoMIS,0.0,,,-28.228899,53.9911
StereoMIS,0.0,,,-42.742115,51.79374
StereoMIS,0.0,,,10.805785,5.945658
StereoMIS,0.0,,,-7.358763,44.07597
StereoMIS,0.0,,,-57.272343,29.251402
StereoMIS,0.0,,,-25.66147,2.4114072
StereoMIS,0.0,,,-35.509975,42.78169
StereoMIS,0.0,,,-24.748335,47.284927
StereoMIS,0.0,,,-57.64893,32.400276
StereoMIS,0.0,,,-17.767433,28.105423
StereoMIS,0.0,,,-55.493515,36.950237
StereoMIS,0.0,,,-28.132807,51.372494
StereoMIS,0.0,,,-5.1105957,-14.281208
StereoMIS,0.0,,,-3.992981,36.00568
StereoMIS,0.0,,,-3.8323686,38.64394
StereoMIS,0.0,,,-54.49168,40.074593
StereoMIS,0.0,,,-9.536023,38.17823
StereoMIS,0.0,,,-25.427265,50.832077
StereoMIS,0.0,,,-27.096207,-11.151765
StereoMIS,0.0,,,-25.969866,46.771965
StereoMIS,0.0,,,-22.980013,51.083897
StereoMIS,0.0,,,-37.118378,34.59542
StereoMIS,0.0,,,-37.628963,47.973663
StereoMIS,0.0,,,-58.56497,28.30242
StereoMIS,0.0,,,-30.781069,43.70838
StereoMIS,0.0,,,-11.169643,33.72825
StereoMIS,0.0,,,-37.36322,24.69348
StereoMIS,0.0,,,-58.138786,30.875446
StereoMIS,0.0,,,-22.002815,33.10078
StereoMIS,0.0,,,-45.16518,49.66793
StereoMIS,0.0,,,-55.2718,34.76753
StereoMIS,0.0,,,-11.269773,31.190964
StereoMIS,0.0,,,-32.555637,49.346596
StereoMIS,0.0,,,-54.361492,38.6034
StereoMIS,0.0,,,3.4559007,-12.550613
StereoMIS,0.0,,,-30.416693,48.406555
StereoMIS,0.0,,,-47.299572,46.009697
StereoMIS,1.0,,,44.48586,-14.699597
StereoMIS,0.0,,,-3.3999338,-17.539673
StereoMIS,0.0,,,-22.234465,49.095543
StereoMIS,0.0,,,-45.093716,51.94468
StereoMIS,0.0,,,6.623743,-33.140858
StereoMIS,0.0,,,-22.448204,48.446335
StereoMIS,0.0,,,-9.226798,37.4385
StereoMIS,0.0,,,-60.172733,36.930363
StereoMIS,0.0,,,-54.603863,38.152103
StereoMIS,0.0,,,-16.801622,42.462936
StereoMIS,0.0,,,10.474769,-18.268059
StereoMIS,0.0,,,-47.05181,47.657963
StereoMIS,0.0,,,-32.326862,53.75163
StereoMIS,0.0,,,-54.678284,37.53805
StereoMIS,0.0,,,-39.47252,45.53529
StereoMIS,0.0,,,-29.587856,50.59785
StereoMIS,0.0,,,-57.567955,35.544205
StereoMIS,0.0,,,-36.430893,53.396107
StereoMIS,0.0,,,-55.94997,33.333374
StereoMIS,0.0,,,-23.42737,17.224583
StereoMIS,0.0,,,-34.241146,42.544456
StereoMIS,0.0,,,-40.214428,44.39953
StereoMIS,0.0,,,-20.93115,48.466152
StereoMIS,0.0,,,-37.27935,25.02486
StereoMIS,0.0,,,-11.104798,25.139141
StereoMIS,0.0,,,-30.597094,6.515635
StereoMIS,0.0,,,-31.126911,-14.118505
StereoMIS,0.0,,,-30.737993,51.189026
StereoMIS,0.0,,,-19.108963,11.217924
StereoMIS,1.0,,,24.148666,-52.257767
