selection,method,alpha,depth_mae_mm,bad_2mm_pct,disp_mae_px,raw_temporal_diff,motion_compensated_temporal_mae,coverage_pct,runtime_ms,peak_vram_mb,causal,notes
best_s2m2s_depth,S2M2-S@512 + EMA a=0.50,0.5,2.490222146210161,36.61283909326057,8.251053861043985,0.8726782246547586,0.7469226072231928,100.0,60.974148300906215,371.33447265625,yes,
best_s2m2s_temporal,S2M2-S@512 + EMA a=0.50,0.5,2.490222146210161,36.61283909326057,8.251053861043985,0.8726782246547586,0.7469226072231928,100.0,60.974148300906215,371.33447265625,yes,
best_s2m2s_tradeoff,S2M2-S@512 + EMA a=0.50,0.5,2.490222146210161,36.61283909326057,8.251053861043985,0.8726782246547586,0.7469226072231928,100.0,60.974148300906215,371.33447265625,yes,
best_s2m2l_depth,S2M2-L@736 + EMA a=0.50,0.5,2.496061899129627,36.67150492323009,8.186081520562032,0.8747218195714203,0.7441331080946267,100.0,187.76713038364855,1672.4599609375,yes,
best_s2m2l_temporal,S2M2-L@736 + EMA a=0.65,0.65,2.5327407619328173,36.83539662411655,8.233275043154226,0.9124795078646903,0.7425217999547136,100.0,187.76713038364855,1672.4599609375,yes,
best_s2m2l_tradeoff,S2M2-L@736 + EMA a=0.50,0.5,2.496061899129627,36.67150492323009,8.186081520562032,0.8747218195714203,0.7441331080946267,100.0,187.76713038364855,1672.4599609375,yes,
