method,alpha,depth_mae_mm,bad_2mm_pct,disp_mae_px,raw_temporal_diff,motion_compensated_temporal_mae,coverage_pct,runtime_ms,peak_vram_mb,causal,notes
S2M2-S@512 + EMA a=0.50,0.5,2.490222146210161,36.61283909326057,8.251053861043985,0.8726782246547586,0.7469226072231928,100.0,60.974148300906215,371.33447265625,yes,
S2M2-S@512 + EMA a=0.60,0.6,2.51459939271501,36.72424008942418,8.277853118563161,0.9001488983631134,0.7471636901883518,100.0,60.974148300906215,371.33447265625,yes,
S2M2-S@512 + EMA a=0.65,0.65,2.5255684065587314,36.78114336898862,8.292469436682543,0.9122978171297148,0.7479764300526357,100.0,60.974148300906215,371.33447265625,yes,
S2M2-S@512 + EMA a=0.70,0.7,2.5357145591846946,36.83128327812048,8.306935713129135,0.9238038919135636,0.7492632652614631,100.0,60.974148300906215,371.33447265625,yes,
S2M2-S@512 + EMA a=0.75,0.75,2.545046632729688,36.871947544563746,8.320821174140116,0.9349357865604699,0.7510712024043588,100.0,60.974148300906215,371.33447265625,yes,
S2M2-S@512 + EMA a=0.80,0.8,2.553630759415117,36.910579804210656,8.333964533018834,0.9458844013073865,0.7534754870861184,100.0,60.974148300906215,371.33447265625,yes,
S2M2-S@512 + EMA a=0.85,0.85,2.561664162330257,36.94890274144184,8.34662377718583,0.9568271882393781,0.756573074296409,100.0,60.974148300906215,371.33447265625,yes,
S2M2-S@512 + EMA a=0.90,0.9,2.569376771889844,36.98743328395965,8.359170510930923,0.9680171556332532,0.7605268473134321,100.0,60.974148300906215,371.33447265625,yes,
