method,alpha,depth_mae_mm,bad_2mm_pct,disp_mae_px,raw_temporal_diff,motion_compensated_temporal_mae,coverage_pct,runtime_ms,peak_vram_mb,causal,notes
S2M2-L@736 + EMA a=0.50,0.5,2.496061899129627,36.67150492323009,8.186081520562032,0.8747218195714203,0.7441331080946267,100.0,187.76713038364855,1672.4599609375,yes,
S2M2-L@736 + EMA a=0.60,0.6,2.5214112522532637,36.7752063896159,8.217075662705504,0.901068732434628,0.7426574059269008,100.0,187.76713038364855,1672.4599609375,yes,
S2M2-L@736 + EMA a=0.65,0.65,2.5327407619328173,36.83539662411655,8.233275043154226,0.9124795078646903,0.7425217999547136,100.0,187.76713038364855,1672.4599609375,yes,
S2M2-L@736 + EMA a=0.70,0.7,2.543198310055779,36.8854975546765,8.249107055293704,0.9231390456358591,0.7427888949419937,100.0,187.76713038364855,1672.4599609375,yes,
S2M2-L@736 + EMA a=0.75,0.75,2.5527779106954926,36.92476630994816,8.264115685398139,0.9333740344234541,0.7434947509683815,100.0,187.76713038364855,1672.4599609375,yes,
S2M2-L@736 + EMA a=0.80,0.8,2.561556633236339,36.963527992025824,8.278179964972932,0.9433701713295544,0.7446860682730582,100.0,187.76713038364855,1672.4599609375,yes,
S2M2-L@736 + EMA a=0.85,0.85,2.569739809314024,37.0051471527275,8.291589051774405,0.9532871386584114,0.7463973135340447,100.0,187.76713038364855,1672.4599609375,yes,
S2M2-L@736 + EMA a=0.90,0.9,2.5776042220661943,37.04659198437436,8.304840624911114,0.9632692789914561,0.74874300699608,100.0,187.76713038364855,1672.4599609375,yes,
