budget,seed,source,epoch,optimizer_step,total,classification,regression,ranking,fusion,weight_regularizer,learning_rate,loader_wait_s,provenance,validation_total,validation_classification,validation_regression,validation_ranking,validation_fusion,validation_weight_regularizer,validation_best_gain,validation_best_coverage,validation_harm_cost_fraction,validation_probability_threshold,validation_utility_threshold,validation_constraint_feasible,validation_wall_s
1x,20260722,train,1,3973,0.7824383742400329,0.5614403086455889,0.08263084931140158,0.08034402781686299,0.1464345273056616,0.06581041022568844,0.001953503690479977,6.507621048134752,/dtu/p1/leopam/ARGOS/ARGOS_FREEZED/experiments/01_multiseed_replication/budget_1x/seed_20260722/train_metrics.csv,,,,,,,,,,,,,
1x,20260722,train,2,7946,0.6028830800632101,0.4306673518910145,0.03863081697820201,0.06815738370653787,0.12489560894619345,0.054826736930273,0.0018185661446558055,0.9005222778650932,/dtu/p1/leopam/ARGOS/ARGOS_FREEZED/experiments/01_multiseed_replication/budget_1x/seed_20260722/train_metrics.csv,,,,,,,,,,,,,
1x,20260722,train,3,11919,0.5606178767789739,0.39743235903533525,0.026380286830553133,0.06279833751606148,0.12409308659774948,0.05101370649436184,0.001608395989677501,0.9555841119581601,/dtu/p1/leopam/ARGOS/ARGOS_FREEZED/experiments/01_multiseed_replication/budget_1x/seed_20260722/train_metrics.csv,,,,,,,,,,,,,
1x,20260722,train,4,15892,0.53188632517723,0.3738470265748232,0.022051373875668058,0.05860606917847495,0.12300298533095537,0.04679563019697534,0.0013435661446559164,0.9810372869396815,/dtu/p1/leopam/ARGOS/ARGOS_FREEZED/experiments/01_multiseed_replication/budget_1x/seed_20260722/train_metrics.csv,,,,,,,,,,,,,
1x,20260722,train,5,19865,0.507919185225501,0.35333743763362285,0.019990285019723854,0.056031091277024145,0.12170249213125363,0.044381573972550804,0.0010499999999997692,0.8529141064645955,/dtu/p1/leopam/ARGOS/ARGOS_FREEZED/experiments/01_multiseed_replication/budget_1x/seed_20260722/train_metrics.csv,,,,,,,,,,,,,
1x,20260722,train,6,23838,0.48665680586279053,0.3355711532886551,0.018145123937260053,0.053175579130498606,0.12010177798459497,0.04308707522649834,0.0007564338553436019,0.9031715501623694,/dtu/p1/leopam/ARGOS/ARGOS_FREEZED/experiments/01_multiseed_replication/budget_1x/seed_20260722/train_metrics.csv,,,,,,,,,,,,,
1x,20260722,train,7,27811,0.4741577800431751,0.32323811015242176,0.01693276257523524,0.051627834360453956,0.12115064946798153,0.04197842295272447,0.0004916040103220687,0.9466745571116917,/dtu/p1/leopam/ARGOS/ARGOS_FREEZED/experiments/01_multiseed_replication/budget_1x/seed_20260722/train_metrics.csv,,,,,,,,,,,,,
1x,20260722,train,8,31784,0.4600672330636988,0.3114195474874244,0.01581115551654361,0.04966951937693891,0.12022181452347377,0.04051470378469587,0.00028143385534377816,0.9646067076537292,/dtu/p1/leopam/ARGOS/ARGOS_FREEZED/experiments/01_multiseed_replication/budget_1x/seed_20260722/train_metrics.csv,,,,,,,,,,,,,
1x,20260722,train,9,35757,0.45465325039904964,0.3052168608662571,0.015272069815182934,0.048451371465052726,0.1216799213721872,0.04003802841267177,0.00014649630951960442,0.9625565419992199,/dtu/p1/leopam/ARGOS/ARGOS_FREEZED/experiments/01_multiseed_replication/budget_1x/seed_20260722/train_metrics.csv,,,,,,,,,,,,,
1x,20260722,train,10,39730,0.44850539038294873,0.3022211345412885,0.014834125506793135,0.047817126821900965,0.11892986456269815,0.039915173173160776,0.0001,0.9786889612150844,/dtu/p1/leopam/ARGOS/ARGOS_FREEZED/experiments/01_multiseed_replication/budget_1x/seed_20260722/train_metrics.csv,,,,,,,,,,,,,
1x,20260722,validation,1,3973,0.7824383742400329,0.5614403086455889,0.08263084931140158,0.08034402781686299,0.1464345273056616,0.06581041022568844,0.001953503690479977,6.507621048134752,/dtu/p1/leopam/ARGOS/ARGOS_FREEZED/experiments/01_multiseed_replication/budget_1x/seed_20260722/validation_metrics.csv,1.266063996230304,0.9351020334614485,0.05755766545558505,0.10761729966190026,0.2189573325259063,0.28160736929227015,-0.0033711842261254787,0.11413679884278924,1.2132426694802112,0.9,0.1,False,26.020659346002503
1x,20260722,validation,2,7946,0.6028830800632101,0.4306673518910145,0.03863081697820201,0.06815738370653787,0.12489560894619345,0.054826736930273,0.0018185661446558055,0.9005222778650932,/dtu/p1/leopam/ARGOS/ARGOS_FREEZED/experiments/01_multiseed_replication/budget_1x/seed_20260722/validation_metrics.csv,1.035593864524714,0.7328967849178594,0.046923594023832345,0.09218806154539592,0.21665531744459748,0.19766475614426832,-0.006639569066464901,0.06629551169959892,1.6505525730701223,0.9,0.1,False,24.01408318299218
1x,20260722,validation,3,11919,0.5606178767789739,0.39743235903533525,0.026380286830553133,0.06279833751606148,0.12409308659774948,0.05101370649436184,0.001608395989677501,0.9555841119581601,/dtu/p1/leopam/ARGOS/ARGOS_FREEZED/experiments/01_multiseed_replication/budget_1x/seed_20260722/validation_metrics.csv,0.9171370758957872,0.6320163450620596,0.045348774724795905,0.08860750510595217,0.20929085419054233,0.15501804553602744,-0.0071617732755839825,0.10681964019639713,1.5110748123234683,0.9,0.1,False,24.295295445990632
1x,20260722,validation,4,15892,0.53188632517723,0.3738470265748232,0.022051373875668058,0.05860606917847495,0.12300298533095537,0.04679563019697534,0.0013435661446559164,0.9810372869396815,/dtu/p1/leopam/ARGOS/ARGOS_FREEZED/experiments/01_multiseed_replication/budget_1x/seed_20260722/validation_metrics.csv,0.8775759899148201,0.6027570843710692,0.04439741332674718,0.09459245266781502,0.20712154035261757,0.10925272766302684,-0.006371506489813328,0.11560385591904358,1.4829594806405795,0.9,0.1,False,23.411771099010366
1x,20260722,validation,5,19865,0.507919185225501,0.35333743763362285,0.019990285019723854,0.056031091277024145,0.12170249213125363,0.044381573972550804,0.0010499999999997692,0.8529141064645955,/dtu/p1/leopam/ARGOS/ARGOS_FREEZED/experiments/01_multiseed_replication/budget_1x/seed_20260722/validation_metrics.csv,1.0440393519590458,0.7479419112804653,0.04111987710450207,0.10127387632190293,0.2130137330913245,0.18602650293964954,-0.01687820442020893,0.09135874379310387,2.504581693257151,0.9,0.1,False,27.555698259995552
1x,20260722,validation,6,23838,0.48665680586279053,0.3355711532886551,0.018145123937260053,0.053175579130498606,0.12010177798459497,0.04308707522649834,0.0007564338553436019,0.9031715501623694,/dtu/p1/leopam/ARGOS/ARGOS_FREEZED/experiments/01_multiseed_replication/budget_1x/seed_20260722/validation_metrics.csv,0.8658244387443154,0.5921551335035571,0.038272612940964124,0.09798904338377099,0.20535433506848627,0.12340700920572542,-0.004397810902446508,0.10741057175347157,1.3314320217057962,0.9,0.1,False,23.51763597399986
1x,20260722,validation,7,27811,0.4741577800431751,0.32323811015242176,0.01693276257523524,0.051627834360453956,0.12115064946798153,0.04197842295272447,0.0004916040103220687,0.9466745571116917,/dtu/p1/leopam/ARGOS/ARGOS_FREEZED/experiments/01_multiseed_replication/budget_1x/seed_20260722/validation_metrics.csv,0.9075726943554017,0.6194447334802929,0.04267053082105135,0.11104398198199328,0.2099744471604165,0.1452862710988038,-0.015949247404932976,0.13196625527034817,2.133671539558603,0.9,0.1,False,32.185533304989804
1x,20260722,validation,8,31784,0.4600672330636988,0.3114195474874244,0.01581115551654361,0.04966951937693891,0.12022181452347377,0.04051470378469587,0.00028143385534377816,0.9646067076537292,/dtu/p1/leopam/ARGOS/ARGOS_FREEZED/experiments/01_multiseed_replication/budget_1x/seed_20260722/validation_metrics.csv,0.9059391913895012,0.6175987194613849,0.043821108490695634,0.10910066905323074,0.20954704308017116,0.1480385431577738,-0.015341672115027905,0.19557901020776863,1.8798192665897662,0.9,0.1,False,27.464735235000262
1x,20260722,validation,9,35757,0.45465325039904964,0.3052168608662571,0.015272069815182934,0.048451371465052726,0.1216799213721872,0.04003802841267177,0.00014649630951960442,0.9625565419992199,/dtu/p1/leopam/ARGOS/ARGOS_FREEZED/experiments/01_multiseed_replication/budget_1x/seed_20260722/validation_metrics.csv,0.8881202432465305,0.6085797944260354,0.041772372751252666,0.10883637920166071,0.20763006353223928,0.11907551686262735,-0.007615439593791962,0.11280267115565186,1.5796248210194506,0.9,0.1,False,23.725578725003288
1x,20260722,validation,10,39730,0.44850539038294873,0.3022211345412885,0.014834125506793135,0.047817126821900965,0.11892986456269815,0.039915173173160776,0.0001,0.9786889612150844,/dtu/p1/leopam/ARGOS/ARGOS_FREEZED/experiments/01_multiseed_replication/budget_1x/seed_20260722/validation_metrics.csv,0.8838760515458198,0.6054434476133045,0.041068642388971115,0.10685490664709694,0.2071034512742508,0.12040552972604908,-0.007265004329383373,0.11681955560496769,1.5460186549037929,0.9,0.1,False,23.677542507997714
1x,20260723,train,1,3973,0.7930402367737022,0.5567632458678368,0.08488792080287778,0.08082395040350662,0.1613734816108438,0.061267387407899596,0.001953503690479977,4.545901691322797,/dtu/p1/leopam/ARGOS/ARGOS_FREEZED/experiments/01_multiseed_replication/budget_1x/seed_20260723/train_metrics.csv,,,,,,,,,,,,,
1x,20260723,train,2,7946,0.617173174065635,0.4339304193910591,0.05034911219918341,0.06952021333250447,0.13041751796654885,0.05135337105632699,0.0018185661446558055,0.8523083109030267,/dtu/p1/leopam/ARGOS/ARGOS_FREEZED/experiments/01_multiseed_replication/budget_1x/seed_20260723/train_metrics.csv,,,,,,,,,,,,,
1x,20260723,train,3,11919,0.5666708267386933,0.397625630909449,0.02894794822693023,0.06212908868766288,0.12914346579439787,0.049477509758558254,0.001608395989677501,0.8706087612226838,/dtu/p1/leopam/ARGOS/ARGOS_FREEZED/experiments/01_multiseed_replication/budget_1x/seed_20260723/train_metrics.csv,,,,,,,,,,,,,
1x,20260723,train,4,15892,0.5371886215955881,0.37480030739724474,0.023133270584305633,0.05837405981552704,0.1269040205603826,0.046620940490000616,0.0013435661446559164,0.8886065938131651,/dtu/p1/leopam/ARGOS/ARGOS_FREEZED/experiments/01_multiseed_replication/budget_1x/seed_20260723/train_metrics.csv,,,,,,,,,,,,,
1x,20260723,train,5,19865,0.5146004045520446,0.3563946095943871,0.020359774058149777,0.055561708800354964,0.12527442167121838,0.04430526226436405,0.0010499999999997692,0.849479391676141,/dtu/p1/leopam/ARGOS/ARGOS_FREEZED/experiments/01_multiseed_replication/budget_1x/seed_20260723/train_metrics.csv,,,,,,,,,,,,,
1x,20260723,train,6,23838,0.4996725799027796,0.34204876756545444,0.018562946275406132,0.05414795593702929,0.12614747528253994,0.04328933723501555,0.0007564338553436019,0.8534024991968181,/dtu/p1/leopam/ARGOS/ARGOS_FREEZED/experiments/01_multiseed_replication/budget_1x/seed_20260723/train_metrics.csv,,,,,,,,,,,,,
1x,20260723,train,7,27811,0.4832869044725642,0.3287247129168156,0.016845788502819103,0.05177681811007146,0.1248003416517719,0.04197381300677768,0.0004916040103220687,0.8783468909095973,/dtu/p1/leopam/ARGOS/ARGOS_FREEZED/experiments/01_multiseed_replication/budget_1x/seed_20260723/train_metrics.csv,,,,,,,,,,,,,
1x,20260723,train,8,31784,0.474283515125243,0.31896184801984095,0.015945346527071864,0.05026318151982004,0.12652937242896745,0.04126898359658284,0.00028143385534377816,0.9095107446919428,/dtu/p1/leopam/ARGOS/ARGOS_FREEZED/experiments/01_multiseed_replication/budget_1x/seed_20260723/train_metrics.csv,,,,,,,,,,,,,
1x,20260723,train,9,35757,0.4653264631065049,0.31286229393821186,0.015098896842677753,0.04918261557330349,0.12444948227623684,0.040847947307656764,0.00014649630951960442,0.8291379907896044,/dtu/p1/leopam/ARGOS/ARGOS_FREEZED/experiments/01_multiseed_replication/budget_1x/seed_20260723/train_metrics.csv,,,,,,,,,,,,,
1x,20260723,train,10,39730,0.4600471842320476,0.30774825227369734,0.014553239690318043,0.048116300361835285,0.12503785629534758,0.03977686471312585,0.0001,0.838837375093135,/dtu/p1/leopam/ARGOS/ARGOS_FREEZED/experiments/01_multiseed_replication/budget_1x/seed_20260723/train_metrics.csv,,,,,,,,,,,,,
1x,20260723,validation,1,3973,0.7930402367737022,0.5567632458678368,0.08488792080287778,0.08082395040350662,0.1613734816108438,0.061267387407899596,0.001953503690479977,4.545901691322797,/dtu/p1/leopam/ARGOS/ARGOS_FREEZED/experiments/01_multiseed_replication/budget_1x/seed_20260723/validation_metrics.csv,1.1866397155323678,0.8605325599760522,0.06961936897214048,0.1056900779963819,0.20124720313032082,0.318138733195615,0.007851396687328815,0.1414392869184188,0.620986974354896,0.8,0,False,23.17540241900133
1x,20260723,validation,2,7946,0.617173174065635,0.4339304193910591,0.05034911219918341,0.06952021333250447,0.13041751796654885,0.05135337105632699,0.0018185661446558055,0.8523083109030267,/dtu/p1/leopam/ARGOS/ARGOS_FREEZED/experiments/01_multiseed_replication/budget_1x/seed_20260723/validation_metrics.csv,1.0607103280081653,0.7465332639751676,0.0417193968407193,0.08499510233337192,0.21138915923391463,0.30339714631838277,-0.005004213657230139,0.053769937897806305,1.4899327261673325,0.9,0.1,False,21.41600976799964
1x,20260723,validation,3,11919,0.5666708267386933,0.397625630909449,0.02894794822693023,0.06212908868766288,0.12914346579439787,0.049477509758558254,0.001608395989677501,0.8706087612226838,/dtu/p1/leopam/ARGOS/ARGOS_FREEZED/experiments/01_multiseed_replication/budget_1x/seed_20260723/validation_metrics.csv,0.9094251754465482,0.6227127123684001,0.04337649396532581,0.1059993740956254,0.20409613408592364,0.17214118579381418,-0.0087366234511137,0.1436144951039689,1.5306883531870286,0.9,-0.05,False,21.527793200992164
1x,20260723,validation,4,15892,0.5371886215955881,0.37480030739724474,0.023133270584305633,0.05837405981552704,0.1269040205603826,0.046620940490000616,0.0013435661446559164,0.8886065938131651,/dtu/p1/leopam/ARGOS/ARGOS_FREEZED/experiments/01_multiseed_replication/budget_1x/seed_20260723/validation_metrics.csv,1.0219684555323032,0.7191143225677586,0.0402939208096392,0.10454348156223375,0.20923352020536262,0.23668892017833082,-0.013410587795078754,0.1557835764531297,1.8288505454450237,0.9,0.1,False,21.440400893989136
1x,20260723,validation,5,19865,0.5146004045520446,0.3563946095943871,0.020359774058149777,0.055561708800354964,0.12527442167121838,0.04430526226436405,0.0010499999999997692,0.849479391676141,/dtu/p1/leopam/ARGOS/ARGOS_FREEZED/experiments/01_multiseed_replication/budget_1x/seed_20260723/validation_metrics.csv,1.0085897526316971,0.6997239922570697,0.04329918044228935,0.1159206276350675,0.21459535802313626,0.21820326126296233,-0.027919158339500427,0.2174990664731537,2.550993158141206,0.9,0.1,False,21.363749497992103
1x,20260723,validation,6,23838,0.4996725799027796,0.34204876756545444,0.018562946275406132,0.05414795593702929,0.12614747528253994,0.04328933723501555,0.0007564338553436019,0.8534024991968181,/dtu/p1/leopam/ARGOS/ARGOS_FREEZED/experiments/01_multiseed_replication/budget_1x/seed_20260723/validation_metrics.csv,0.9038348591682926,0.6218154969305336,0.03641648587701153,0.10459004116421715,0.20751291467009028,0.15075346427851127,-0.012661860324442387,0.15519747869202316,1.8419964365267312,0.9,0.1,False,20.775114140997175
1x,20260723,validation,7,27811,0.4832869044725642,0.3287247129168156,0.016845788502819103,0.05177681811007146,0.1248003416517719,0.04197381300677768,0.0004916040103220687,0.8783468909095973,/dtu/p1/leopam/ARGOS/ARGOS_FREEZED/experiments/01_multiseed_replication/budget_1x/seed_20260723/validation_metrics.csv,0.8995630724907147,0.6162854760969825,0.03751508665624424,0.1031504661402539,0.20629409718342204,0.16219170123407867,-0.010006709024310112,0.18726488114299938,1.6504996106680783,0.9,0.01,False,21.187191721997806
1x,20260723,validation,8,31784,0.474283515125243,0.31896184801984095,0.015945346527071864,0.05026318151982004,0.12652937242896745,0.04126898359658284,0.00028143385534377816,0.9095107446919428,/dtu/p1/leopam/ARGOS/ARGOS_FREEZED/experiments/01_multiseed_replication/budget_1x/seed_20260723/validation_metrics.csv,0.8857309931048607,0.6023875208027033,0.037181488891059926,0.10482735050784454,0.2061274984645302,0.16209195895539463,-0.014839055016636848,0.27906350036918115,1.772528521023138,0.9,0,False,21.065292265993776
1x,20260723,validation,9,35757,0.4653264631065049,0.31286229393821186,0.015098896842677753,0.04918261557330349,0.12444948227623684,0.040847947307656764,0.00014649630951960442,0.8291379907896044,/dtu/p1/leopam/ARGOS/ARGOS_FREEZED/experiments/01_multiseed_replication/budget_1x/seed_20260723/validation_metrics.csv,0.8893831326161902,0.6053718797221089,0.03823581051758544,0.10794777546012765,0.2069551037005946,0.15475650403923738,-0.0132534708827734,0.2498734149680909,1.7438497971502747,0.9,0,False,24.926609214002383
1x,20260723,validation,10,39730,0.4600471842320476,0.30774825227369734,0.014553239690318043,0.048116300361835285,0.12503785629534758,0.03977686471312585,0.0001,0.838837375093135,/dtu/p1/leopam/ARGOS/ARGOS_FREEZED/experiments/01_multiseed_replication/budget_1x/seed_20260723/validation_metrics.csv,0.8871981468661393,0.6021329658414354,0.03970955574423314,0.11018180487789354,0.20667995160486102,0.1549249905048228,-0.013303661718964577,0.234701337873879,1.7637000221663037,0.9,0,False,21.26962841200293
1x,20260724,train,1,3973,0.791623433538507,0.5612370576132854,0.08009005652858038,0.08072112169137363,0.15796504279290574,0.06097996183885545,0.001953503690479977,6.0917328516661655,/dtu/p1/leopam/ARGOS/ARGOS_FREEZED/experiments/01_multiseed_replication/budget_1x/seed_20260724/train_metrics.csv,,,,,,,,,,,,,
1x,20260724,train,2,7946,0.6226400357014491,0.4406478371843414,0.05001788589290678,0.0677167559026164,0.12970551143695966,0.051743034268697745,0.0018185661446558055,0.9297479838569416,/dtu/p1/leopam/ARGOS/ARGOS_FREEZED/experiments/01_multiseed_replication/budget_1x/seed_20260724/train_metrics.csv,,,,,,,,,,,,,
1x,20260724,train,3,11919,0.5738576151582506,0.40738735571897455,0.02845456069148983,0.061097880642558264,0.127200098045235,0.04884226568813982,0.001608395989677501,0.827596698407433,/dtu/p1/leopam/ARGOS/ARGOS_FREEZED/experiments/01_multiseed_replication/budget_1x/seed_20260724/train_metrics.csv,,,,,,,,,,,,,
1x,20260724,train,4,15892,0.5461484357590883,0.3830485706166719,0.023917138409019528,0.05785090011451229,0.12758950390572865,0.04544509534358138,0.0013435661446559164,0.8498650241235737,/dtu/p1/leopam/ARGOS/ARGOS_FREEZED/experiments/01_multiseed_replication/budget_1x/seed_20260724/train_metrics.csv,,,,,,,,,,,,,
1x,20260724,train,5,19865,0.5248026314953128,0.36586906967214394,0.021255586693181054,0.055684896743545306,0.12576520564716723,0.04309670798519892,0.0010499999999997692,0.9003075563377934,/dtu/p1/leopam/ARGOS/ARGOS_FREEZED/experiments/01_multiseed_replication/budget_1x/seed_20260724/train_metrics.csv,,,,,,,,,,,,,
1x,20260724,train,6,23838,0.5057682137258431,0.3500856364334812,0.018773708043016025,0.05280017600472845,0.12484748690819714,0.04124098978683506,0.0007564338553436019,0.9545280735183042,/dtu/p1/leopam/ARGOS/ARGOS_FREEZED/experiments/01_multiseed_replication/budget_1x/seed_20260724/train_metrics.csv,,,,,,,,,,,,,
1x,20260724,train,7,27811,0.4936367323195007,0.3369769672437726,0.017985486896717282,0.05123967192518548,0.12675458895782815,0.040512539594502885,0.0004916040103220687,0.9340017293870915,/dtu/p1/leopam/ARGOS/ARGOS_FREEZED/experiments/01_multiseed_replication/budget_1x/seed_20260724/train_metrics.csv,,,,,,,,,,,,,
1x,20260724,train,8,31784,0.47775049588255997,0.3259477877692645,0.016477945211652658,0.049711398005142356,0.12322777219720535,0.03954044565757216,0.00028143385534377816,0.7850582585961092,/dtu/p1/leopam/ARGOS/ARGOS_FREEZED/experiments/01_multiseed_replication/budget_1x/seed_20260724/train_metrics.csv,,,,,,,,,,,,,
1x,20260724,train,9,35757,0.4677530835452261,0.31679776812283095,0.015800529820239745,0.04814516214207058,0.12320397164086112,0.03907396905583637,0.00014649630951960442,0.7639244824531488,/dtu/p1/leopam/ARGOS/ARGOS_FREEZED/experiments/01_multiseed_replication/budget_1x/seed_20260724/train_metrics.csv,,,,,,,,,,,,,
1x,20260724,train,10,39730,0.46262081898889523,0.31266348409939254,0.01525931916495688,0.04728345978476966,0.12283879585808864,0.03833996772526074,0.0001,0.7800655423197895,/dtu/p1/leopam/ARGOS/ARGOS_FREEZED/experiments/01_multiseed_replication/budget_1x/seed_20260724/train_metrics.csv,,,,,,,,,,,,,
1x,20260724,validation,1,3973,0.791623433538507,0.5612370576132854,0.08009005652858038,0.08072112169137363,0.15796504279290574,0.06097996183885545,0.001953503690479977,6.0917328516661655,/dtu/p1/leopam/ARGOS/ARGOS_FREEZED/experiments/01_multiseed_replication/budget_1x/seed_20260724/validation_metrics.csv,1.0814599026850968,0.7704656612173837,0.06307231599875605,0.09436397183150236,0.2091123584971579,0.23377366166900185,0.0018873739754781127,0.22957751414791658,0.9047307329897137,0.8,-0.05,False,25.518201844010036
1x,20260724,validation,2,7946,0.6226400357014491,0.4406478371843414,0.05001788589290678,0.0677167559026164,0.12970551143695966,0.051743034268697745,0.0018185661446558055,0.9297479838569416,/dtu/p1/leopam/ARGOS/ARGOS_FREEZED/experiments/01_multiseed_replication/budget_1x/seed_20260724/validation_metrics.csv,1.0946319488175884,0.7763883545289879,0.045088962113657434,0.09942096219968152,0.21863294741211067,0.2610546222600695,-0.021099483594298363,0.18428967972476365,2.1023312203944036,0.9,0.1,False,23.246782371003064
1x,20260724,validation,3,11919,0.5738576151582506,0.40738735571897455,0.02845456069148983,0.061097880642558264,0.127200098045235,0.04884226568813982,0.001608395989677501,0.827596698407433,/dtu/p1/leopam/ARGOS/ARGOS_FREEZED/experiments/01_multiseed_replication/budget_1x/seed_20260724/validation_metrics.csv,1.223101607686862,0.8997067740132421,0.04629763549430756,0.09675480753545497,0.20820257286721788,0.3392736996408832,-0.017164357006549835,0.28341875053624926,1.7961091861657472,0.9,0.1,False,23.524039741998422
1x,20260724,validation,4,15892,0.5461484357590883,0.3830485706166719,0.023917138409019528,0.05785090011451229,0.12758950390572865,0.04544509534358138,0.0013435661446559164,0.8498650241235737,/dtu/p1/leopam/ARGOS/ARGOS_FREEZED/experiments/01_multiseed_replication/budget_1x/seed_20260724/validation_metrics.csv,1.0276668725240987,0.7250838818252369,0.050237690868664996,0.0928633859382842,0.20737340070162755,0.2343744996987114,-0.011826016008853912,0.2621633412164489,1.542548781853222,0.9,0.1,False,23.36148683000647
1x,20260724,validation,5,19865,0.5248026314953128,0.36586906967214394,0.021255586693181054,0.055684896743545306,0.12576520564716723,0.04309670798519892,0.0010499999999997692,0.9003075563377934,/dtu/p1/leopam/ARGOS/ARGOS_FREEZED/experiments/01_multiseed_replication/budget_1x/seed_20260724/validation_metrics.csv,0.8723499695633872,0.5885755504633925,0.0456259680549326,0.10155528820055477,0.20578350384729363,0.14894553318918421,-0.008276782929897308,0.10695015268753014,1.609981199973282,0.9,0.1,False,23.479201923008077
1x,20260724,validation,6,23838,0.5057682137258431,0.3500856364334812,0.018773708043016025,0.05280017600472845,0.12484748690819714,0.04124098978683506,0.0007564338553436019,0.9545280735183042,/dtu/p1/leopam/ARGOS/ARGOS_FREEZED/experiments/01_multiseed_replication/budget_1x/seed_20260724/validation_metrics.csv,0.8568104564325925,0.583186896960185,0.04156272268484901,0.09855672174579197,0.206064309352126,0.11069353167109708,-0.0022140394430607557,0.08267845468376703,1.2176800216089978,0.9,0.1,False,23.06068386801053
1x,20260724,validation,7,27811,0.4936367323195007,0.3369769672437726,0.017985486896717282,0.05123967192518548,0.12675458895782815,0.040512539594502885,0.0004916040103220687,0.9340017293870915,/dtu/p1/leopam/ARGOS/ARGOS_FREEZED/experiments/01_multiseed_replication/budget_1x/seed_20260724/validation_metrics.csv,0.8524989904509813,0.5753810705692844,0.04482015301918394,0.09797522473142833,0.20421034594435622,0.13001845167385231,-0.005622058175504208,0.16187174247468603,1.4167788602231157,0.9,0,False,22.900579863024177
1x,20260724,validation,8,31784,0.47775049588255997,0.3259477877692645,0.016477945211652658,0.049711398005142356,0.12322777219720535,0.03954044565757216,0.00028143385534377816,0.7850582585961092,/dtu/p1/leopam/ARGOS/ARGOS_FREEZED/experiments/01_multiseed_replication/budget_1x/seed_20260724/validation_metrics.csv,0.868703428913144,0.5855589832338728,0.04727755689684235,0.10456579344350644,0.2046532038882967,0.1435550653135365,-0.00931819248944521,0.14606281276170474,1.674608538179713,0.9,0.1,False,23.1916900180222
1x,20260724,validation,9,35757,0.4677530835452261,0.31679776812283095,0.015800529820239745,0.04814516214207058,0.12320397164086112,0.03907396905583637,0.00014649630951960442,0.7639244824531488,/dtu/p1/leopam/ARGOS/ARGOS_FREEZED/experiments/01_multiseed_replication/budget_1x/seed_20260724/validation_metrics.csv,0.8589239452763786,0.5784464360777792,0.0451741936995913,0.10040720258326188,0.20330890288793235,0.14739855174043515,-0.010146236047148705,0.23546749453478943,1.5681901121194983,0.9,0.01,False,22.96638736600289
1x,20260724,validation,10,39730,0.46262081898889523,0.31266348409939254,0.01525931916495688,0.04728345978476966,0.12283879585808864,0.03833996772526074,0.0001,0.7800655423197895,/dtu/p1/leopam/ARGOS/ARGOS_FREEZED/experiments/01_multiseed_replication/budget_1x/seed_20260724/validation_metrics.csv,0.8513919962261687,0.5729371040262979,0.04508539930742865,0.10222918016623703,0.2033822551790833,0.13486320574980673,-0.00975355040282011,0.22228331603237192,1.5773963635550698,0.9,0,False,23.134033890004503
3x,20260722,train,1,3973,0.7764876842866338,0.5542361417664798,0.08854075369407302,0.0826612620316999,0.14398230629812073,0.06666760140991979,0.001994795800599443,6.831942418924882,/dtu/p1/leopam/ARGOS/ARGOS_FREEZED/experiments/02_massive_training/budget_3x/seed_20260722/train_metrics.csv,,,,,,,,,,,,,
3x,20260722,train,2,7946,0.6131837055135847,0.43460888447642715,0.05085909765807027,0.06912872215004845,0.12523497874550138,0.05314075403719983,0.0019792402206962583,0.7728768580564065,/dtu/p1/leopam/ARGOS/ARGOS_FREEZED/experiments/02_massive_training/budget_3x/seed_20260722/train_metrics.csv,,,,,,,,,,,,,
3x,20260722,train,3,11919,0.5673304338363535,0.4021689875725082,0.029748689548177852,0.06400531590577489,0.12427873753670865,0.05003548436581323,0.0019535036904791262,0.8211734550422989,/dtu/p1/leopam/ARGOS/ARGOS_FREEZED/experiments/02_massive_training/budget_3x/seed_20260722/train_metrics.csv,,,,,,,,,,,,,
3x,20260722,train,4,15892,0.5451163004482764,0.3845963835174285,0.024949221408007285,0.05977016087677006,0.12369761764445301,0.04702538913483887,0.001917868184759225,0.8410830105276546,/dtu/p1/leopam/ARGOS/ARGOS_FREEZED/experiments/02_massive_training/budget_3x/seed_20260722/train_metrics.csv,,,,,,,,,,,,,
3x,20260722,train,5,19865,0.5289913582229476,0.37168734762587896,0.022712449653000538,0.057717379705435175,0.12252708293381294,0.0449564117884834,0.0018727241335940066,0.8620506829174701,/dtu/p1/leopam/ARGOS/ARGOS_FREEZED/experiments/02_massive_training/budget_3x/seed_20260722/train_metrics.csv,,,,,,,,,,,,,
3x,20260722,train,6,23838,0.5140856748361027,0.3592077716519288,0.022162495901315405,0.05585212602352514,0.12096103684183912,0.044362785652366114,0.001818566144655039,0.919162686666823,/dtu/p1/leopam/ARGOS/ARGOS_FREEZED/experiments/02_massive_training/budget_3x/seed_20260722/train_metrics.csv,,,,,,,,,,,,,
3x,20260722,train,7,27811,0.5034321987232122,0.34877307571633887,0.020651849598504027,0.054941127611206515,0.122001563560212,0.042981700575564746,0.0017559875842024092,0.8054336022469215,/dtu/p1/leopam/ARGOS/ARGOS_FREEZED/experiments/02_massive_training/budget_3x/seed_20260722/train_metrics.csv,,,,,,,,,,,,,
3x,20260722,train,8,31784,0.4894932959910427,0.3368524407178891,0.019881856137868595,0.05348198713707554,0.12102530841166405,0.04152055774441961,0.0016856740760398498,0.9338416548853274,/dtu/p1/leopam/ARGOS/ARGOS_FREEZED/experiments/02_massive_training/budget_3x/seed_20260722/train_metrics.csv,,,,,,,,,,,,,
3x,20260722,train,9,35757,0.4830770064984525,0.3297067292497826,0.019182190397194532,0.05261115573467103,0.1223590818042507,0.04133631209117353,0.00160839598967684,0.9274495853169356,/dtu/p1/leopam/ARGOS/ARGOS_FREEZED/experiments/02_massive_training/budget_3x/seed_20260722/train_metrics.csv,,,,,,,,,,,,,
3x,20260722,train,10,39730,0.47261176093298873,0.3228109725360685,0.018603065171450838,0.051534481961296515,0.11952706397185935,0.040443034907777155,0.001524999999999046,0.7848951579944696,/dtu/p1/leopam/ARGOS/ARGOS_FREEZED/experiments/02_massive_training/budget_3x/seed_20260722/train_metrics.csv,,,,,,,,,,,,,
3x,20260722,train,11,43703,0.4660349188003527,0.31730662066496024,0.017832350057040865,0.04998655322492132,0.11951058190829326,0.039024751971897954,0.0014363998109211242,1.040163272555219,/dtu/p1/leopam/ARGOS/ARGOS_FREEZED/experiments/02_massive_training/budget_3x/seed_20260722/train_metrics.csv,,,,,,,,,,,,,
3x,20260722,train,12,47676,0.45883618501663626,0.31150662051708355,0.01728546166749263,0.049100081030684466,0.11876967538740292,0.038210866675099646,0.0013435661446553754,0.9416706723277457,/dtu/p1/leopam/ARGOS/ARGOS_FREEZED/experiments/02_massive_training/budget_3x/seed_20260722/train_metrics.csv,,,,,,,,,,,,,
3x,20260722,train,13,51649,0.4528043115079748,0.3045015191912966,0.01707804231086815,0.04866679222692201,0.12007854494488669,0.03759272897270504,0.0012475161062761163,0.8265360992809292,/dtu/p1/leopam/ARGOS/ARGOS_FREEZED/experiments/02_massive_training/budget_3x/seed_20260722/train_metrics.csv,,,,,,,,,,,,,
3x,20260722,train,14,55622,0.4460038742326667,0.29884246694289285,0.016198071700651146,0.047419100508151034,0.11983409850712112,0.036867465055952016,0.0011493020401035744,1.0557915482786484,/dtu/p1/leopam/ARGOS/ARGOS_FREEZED/experiments/02_massive_training/budget_3x/seed_20260722/train_metrics.csv,,,,,,,,,,,,,
3x,20260722,train,15,59595,0.43940848757023176,0.29262313652355126,0.0161899547245864,0.04664453676684457,0.11979278063297501,0.03618206318937619,0.001049999999999313,0.8601107414870057,/dtu/p1/leopam/ARGOS/ARGOS_FREEZED/experiments/02_massive_training/budget_3x/seed_20260722/train_metrics.csv,,,,,,,,,,,,,
3x,20260722,train,16,63568,0.43466830224440106,0.2884757192095138,0.015436191618984732,0.045664100256895476,0.11993845213502796,0.03560011062218805,0.0009506979598949667,0.9305296836537309,/dtu/p1/leopam/ARGOS/ARGOS_FREEZED/experiments/02_massive_training/budget_3x/seed_20260722/train_metrics.csv,,,,,,,,,,,,,
3x,20260722,train,17,67541,0.43009673837987716,0.2856530386564483,0.015403488112618012,0.04516126806465658,0.11841882589881925,0.03516382826625806,0.0008524838937224563,0.9734945074887946,/dtu/p1/leopam/ARGOS/ARGOS_FREEZED/experiments/02_massive_training/budget_3x/seed_20260722/train_metrics.csv,,,,,,,,,,,,,
3x,20260722,train,18,71514,0.42614473288856763,0.28057449293390135,0.015013703946368766,0.044538150168005955,0.11998844921697666,0.034701912642545435,0.0007564338553432098,0.93287123463233,/dtu/p1/leopam/ARGOS/ARGOS_FREEZED/experiments/02_massive_training/budget_3x/seed_20260722/train_metrics.csv,,,,,,,,,,,,,
3x,20260722,train,19,75487,0.42011101424165226,0.27599677157848734,0.01444939122781539,0.04354442259331468,0.11917686579749456,0.03413285880253233,0.0006636001890774788,0.9181823015387636,/dtu/p1/leopam/ARGOS/ARGOS_FREEZED/experiments/02_massive_training/budget_3x/seed_20260722/train_metrics.csv,,,,,,,,,,,,,
3x,20260722,train,20,79460,0.41684638103106864,0.2732400679996009,0.01403729236188253,0.0431416736629255,0.11904252654918077,0.03379863016016682,0.0005749999999995841,0.882468490221072,/dtu/p1/leopam/ARGOS/ARGOS_FREEZED/experiments/02_massive_training/budget_3x/seed_20260722/train_metrics.csv,,,,,,,,,,,,,
3x,20260722,train,21,83433,0.4130417444327602,0.27115837593412645,0.013736886777822468,0.04244104362360846,0.11770630308178205,0.033491789949591386,0.0004916040103219018,1.119757388223661,/dtu/p1/leopam/ARGOS/ARGOS_FREEZED/experiments/02_massive_training/budget_3x/seed_20260722/train_metrics.csv,,,,,,,,,,,,,
3x,20260722,train,22,87406,0.4120740189552007,0.2669298040171677,0.013570133597552407,0.04220257646775986,0.12134636766008851,0.03231066826936312,0.00041432592395888835,1.0757537276076619,/dtu/p1/leopam/ARGOS/ARGOS_FREEZED/experiments/02_massive_training/budget_3x/seed_20260722/train_metrics.csv,,,,,,,,,,,,,
3x,20260722,train,23,91379,0.4045714135793934,0.2648701266583225,0.013118262828436483,0.04136377488484003,0.11627639065809096,0.03262419380170706,0.000344012415796321,0.9212586811627261,/dtu/p1/leopam/ARGOS/ARGOS_FREEZED/experiments/02_massive_training/budget_3x/seed_20260722/train_metrics.csv,,,,,,,,,,,,,
3x,20260722,train,24,95352,0.4049218961874784,0.26215424311665875,0.012849096788865604,0.04137436054124697,0.1195254588177113,0.03237015781551412,0.00028143385534373143,0.9517635379743297,/dtu/p1/leopam/ARGOS/ARGOS_FREEZED/experiments/02_massive_training/budget_3x/seed_20260722/train_metrics.csv,,,,,,,,,,,,,
3x,20260722,train,25,99325,0.4013596876364285,0.2601661282651766,0.012794434718381901,0.04088100182429789,0.11818634170317811,0.03194866785317802,0.00022727586640478004,1.0432307086884975,/dtu/p1/leopam/ARGOS/ARGOS_FREEZED/experiments/02_massive_training/budget_3x/seed_20260722/train_metrics.csv,,,,,,,,,,,,,
3x,20260722,train,26,103298,0.39932467926855264,0.25748976201790424,0.01265933483304222,0.040625768129554665,0.11896157133203819,0.03193615174791599,0.00018213181523952984,1.079033302346943,/dtu/p1/leopam/ARGOS/ARGOS_FREEZED/experiments/02_massive_training/budget_3x/seed_20260722/train_metrics.csv,,,,,,,,,,,,,
3x,20260722,train,27,107271,0.3969204765832412,0.2572349788325239,0.012458169255613119,0.040467544424758035,0.11693808993968335,0.03200722268808107,0.00014649630951960399,1.0705591915757395,/dtu/p1/leopam/ARGOS/ARGOS_FREEZED/experiments/02_massive_training/budget_3x/seed_20260722/train_metrics.csv,,,,,,,,,,,,,
3x,20260722,train,28,111244,0.3952670649834223,0.2561556581026161,0.01246134116900501,0.04010665693664687,0.11650048658789036,0.031767886680528136,0.00012075977930288466,0.8316367725492455,/dtu/p1/leopam/ARGOS/ARGOS_FREEZED/experiments/02_massive_training/budget_3x/seed_20260722/train_metrics.csv,,,,,,,,,,,,,
3x,20260722,train,29,115217,0.39480263965892126,0.2543474668857266,0.012467024617319987,0.03974787902995089,0.11799286837541195,0.031459021022209974,0.00010520419940014007,1.0979186603508424,/dtu/p1/leopam/ARGOS/ARGOS_FREEZED/experiments/02_massive_training/budget_3x/seed_20260722/train_metrics.csv,,,,,,,,,,,,,
3x,20260722,train,30,119190,0.3938255322970058,0.2533881638781373,0.012165020840707112,0.03961524190772639,0.1182011282430123,0.03124965914484538,0.0001,1.0119977071299218,/dtu/p1/leopam/ARGOS/ARGOS_FREEZED/experiments/02_massive_training/budget_3x/seed_20260722/train_metrics.csv,,,,,,,,,,,,,
3x,20260722,validation,1,3973,0.7764876842866338,0.5542361417664798,0.08854075369407302,0.0826612620316999,0.14398230629812073,0.06666760140991979,0.001994795800599443,6.831942418924882,/dtu/p1/leopam/ARGOS/ARGOS_FREEZED/experiments/02_massive_training/budget_3x/seed_20260722/validation_metrics.csv,1.3604012788216122,1.0020053988937623,0.10703404041429208,0.13826520137300286,0.21587094751714447,0.2722080690423229,-0.013178260065615177,0.1961602741729073,1.5398168374429406,0.9,-0.05,False,26.397303996011033
3x,20260722,validation,2,7946,0.6131837055135847,0.43460888447642715,0.05085909765807027,0.06912872215004845,0.12523497874550138,0.05314075403719983,0.0019792402206962583,0.7728768580564065,/dtu/p1/leopam/ARGOS/ARGOS_FREEZED/experiments/02_massive_training/budget_3x/seed_20260722/validation_metrics.csv,1.0357499333942624,0.7380745329998977,0.04517034325478184,0.10157490934993342,0.21595101510927914,0.16872742922583203,-0.008912389166653156,0.10084265148210227,1.7107728361481955,0.9,0.1,False,23.763824219000526
3x,20260722,validation,3,11919,0.5673304338363535,0.4021689875725082,0.029748689548177852,0.06400531590577489,0.12427873753670865,0.05003548436581323,0.0019535036904791262,0.8211734550422989,/dtu/p1/leopam/ARGOS/ARGOS_FREEZED/experiments/02_massive_training/budget_3x/seed_20260722/validation_metrics.csv,0.9764482184765242,0.6931919324209133,0.04167776999425922,0.0909827822623748,0.20920828591887694,0.15231708359403243,-0.008107456378638744,0.11708903973017751,1.649285487528366,0.9,0.1,False,23.51384114699613
3x,20260722,validation,4,15892,0.5451163004482764,0.3845963835174285,0.024949221408007285,0.05977016087677006,0.12369761764445301,0.04702538913483887,0.001917868184759225,0.8410830105276546,/dtu/p1/leopam/ARGOS/ARGOS_FREEZED/experiments/02_massive_training/budget_3x/seed_20260722/validation_metrics.csv,0.9573459252080719,0.6627287853336492,0.054304545878740194,0.10702288558560379,0.2072657243240283,0.1672171017790214,-0.013575596734881401,0.1586077217473689,1.9838208371826032,0.9,-0.05,False,23.668595585986623
3x,20260722,validation,5,19865,0.5289913582229476,0.37168734762587896,0.022712449653000538,0.057717379705435175,0.12252708293381294,0.0449564117884834,0.0018727241335940066,0.8620506829174701,/dtu/p1/leopam/ARGOS/ARGOS_FREEZED/experiments/02_massive_training/budget_3x/seed_20260722/validation_metrics.csv,0.9873928929711696,0.6939846709575028,0.04235431587683916,0.09144594741486499,0.2106516986500292,0.1935893929165426,-0.006744805257767439,0.05440799896556766,1.7631373600461033,0.9,0.1,False,23.44199306498922
3x,20260722,validation,6,23838,0.5140856748361027,0.3592077716519288,0.022162495901315405,0.05585212602352514,0.12096103684183912,0.044362785652366114,0.001818566144655039,0.919162686666823,/dtu/p1/leopam/ARGOS/ARGOS_FREEZED/experiments/02_massive_training/budget_3x/seed_20260722/validation_metrics.csv,0.9294715486854569,0.6437136467436968,0.046996280914850974,0.09896331917196724,0.20594696953624853,0.15785981274858407,-0.0035410444252192974,0.13393119333129508,1.2432764738222504,0.9,0.1,False,23.651216173981084
3x,20260722,validation,7,27811,0.5034321987232122,0.34877307571633887,0.020651849598504027,0.054941127611206515,0.122001563560212,0.042981700575564746,0.0017559875842024092,0.8054336022469215,/dtu/p1/leopam/ARGOS/ARGOS_FREEZED/experiments/02_massive_training/budget_3x/seed_20260722/validation_metrics.csv,0.9652941763302348,0.6742101030189864,0.04666939426729828,0.11352291878386839,0.20762126039283643,0.1587369332683441,-0.003234695177525282,0.11174406983868414,1.2401266191063862,0.9,0.1,False,23.812543225998525
3x,20260722,validation,8,31784,0.4894932959910427,0.3368524407178891,0.019881856137868595,0.05348198713707554,0.12102530841166405,0.04152055774441961,0.0016856740760398498,0.9338416548853274,/dtu/p1/leopam/ARGOS/ARGOS_FREEZED/experiments/02_massive_training/budget_3x/seed_20260722/validation_metrics.csv,1.0544415715599016,0.7635325126194853,0.04490809637393235,0.10394114234031847,0.20498927844584328,0.18740223697254518,-0.011427137069404125,0.22766574784261645,1.656414767090256,0.9,0.1,False,23.906399097002577
3x,20260722,validation,9,35757,0.4830770064984525,0.3297067292497826,0.019182190397194532,0.05261115573467103,0.1223590818042507,0.04133631209117353,0.00160839598967684,0.9274495853169356,/dtu/p1/leopam/ARGOS/ARGOS_FREEZED/experiments/02_massive_training/budget_3x/seed_20260722/validation_metrics.csv,0.9057391127086859,0.6214289699937503,0.04970933565787985,0.10716424835801773,0.2065669409622321,0.13048735810769765,-0.009772288613021374,0.2110483657540057,1.5686025885520134,0.9,0.1,False,23.77112411300186
3x,20260722,validation,10,39730,0.47261176093298873,0.3228109725360685,0.018603065171450838,0.051534481961296515,0.11952706397185935,0.040443034907777155,0.001524999999999046,0.7848951579944696,/dtu/p1/leopam/ARGOS/ARGOS_FREEZED/experiments/02_massive_training/budget_3x/seed_20260722/validation_metrics.csv,0.9250065667401425,0.6452680395117828,0.04143652995006871,0.09774895079959053,0.20759166444959287,0.1349568018452295,-0.003122161841019988,0.1526935723806566,1.2165559038012441,0.9,0.1,False,23.709309252008097
3x,20260722,validation,11,43703,0.4660349188003527,0.31730662066496024,0.017832350057040865,0.04998655322492132,0.11951058190829326,0.039024751971897954,0.0014363998109211242,1.040163272555219,/dtu/p1/leopam/ARGOS/ARGOS_FREEZED/experiments/02_massive_training/budget_3x/seed_20260722/validation_metrics.csv,0.9052621147180347,0.6297543896688192,0.03933878193605892,0.08988935688944258,0.20723334843488436,0.1306632418037778,-0.009741547517478466,0.25080392069190954,1.4787240224503049,0.9,0.1,False,23.82951070400304
3x,20260722,validation,12,47676,0.45883618501663626,0.31150662051708355,0.01728546166749263,0.049100081030684466,0.11876967538740292,0.038210866675099646,0.0013435661446553754,0.9416706723277457,/dtu/p1/leopam/ARGOS/ARGOS_FREEZED/experiments/02_massive_training/budget_3x/seed_20260722/validation_metrics.csv,0.8106434075487822,0.5478297561837066,0.038768121837651534,0.09627966172945274,0.20739600741962638,0.059818336684957264,0.006965956185013056,0.2570564357763741,0.6670758615088376,0.8,0,False,23.58966513699852
3x,20260722,validation,13,51649,0.4528043115079748,0.3045015191912966,0.01707804231086815,0.04866679222692201,0.12007854494488669,0.03759272897270504,0.0012475161062761163,0.8265360992809292,/dtu/p1/leopam/ARGOS/ARGOS_FREEZED/experiments/02_massive_training/budget_3x/seed_20260722/validation_metrics.csv,0.9237510644484491,0.6435520617377679,0.03740859222369288,0.0942552362408096,0.2066805451842291,0.15625177269806784,-0.004326797556132078,0.1700142717825952,1.2327003756516879,0.9,0.1,False,28.41657451001811
3x,20260722,validation,14,55622,0.4460038742326667,0.29884246694289285,0.016198071700651146,0.047419100508151034,0.11983409850712112,0.036867465055952016,0.0011493020401035744,1.0557915482786484,/dtu/p1/leopam/ARGOS/ARGOS_FREEZED/experiments/02_massive_training/budget_3x/seed_20260722/validation_metrics.csv,0.9799725851546286,0.683138638526878,0.04259881592638061,0.11309367034041526,0.21251526264722265,0.1737293077453481,-0.036569707095623016,0.23824934411430962,2.59359445172697,0.9,0.1,False,46.540468732011504
3x,20260722,validation,15,59595,0.43940848757023176,0.29262313652355126,0.0161899547245864,0.04664453676684457,0.11979278063297501,0.03618206318937619,0.001049999999999313,0.8601107414870057,/dtu/p1/leopam/ARGOS/ARGOS_FREEZED/experiments/02_massive_training/budget_3x/seed_20260722/validation_metrics.csv,0.8895439131003906,0.6178932001174567,0.03898025721037547,0.09943247438331779,0.20942778884219101,0.08937339940335903,-0.004562084097415209,0.127136084649435,1.334333281701334,0.9,0.02,False,31.744136420020368
3x,20260722,validation,16,63568,0.43466830224440106,0.2884757192095138,0.015436191618984732,0.045664100256895476,0.11993845213502796,0.03560011062218805,0.0009506979598949667,0.9305296836537309,/dtu/p1/leopam/ARGOS/ARGOS_FREEZED/experiments/02_massive_training/budget_3x/seed_20260722/validation_metrics.csv,0.851284291352037,0.586816831602025,0.03774463255976061,0.09727858114811833,0.20795660694513043,0.06659445711162366,-0.0031296093948185444,0.10105775540267332,1.2178135305514473,0.9,0.02,False,75.37264514400158
3x,20260722,validation,17,67541,0.43009673837987716,0.2856530386564483,0.015403488112618012,0.04516126806465658,0.11841882589881925,0.03516382826625806,0.0008524838937224563,0.9734945074887946,/dtu/p1/leopam/ARGOS/ARGOS_FREEZED/experiments/02_massive_training/budget_3x/seed_20260722/validation_metrics.csv,0.8358776383348648,0.5721127239981968,0.036416431818560094,0.08874760228009848,0.20651747958863273,0.08426160237637303,0.0006442997837439179,0.09405600194318597,0.952700022820096,0.9,0.1,False,29.473525416018674
3x,20260722,validation,18,71514,0.42614473288856763,0.28057449293390135,0.015013703946368766,0.044538150168005955,0.11998844921697666,0.034701912642545435,0.0007564338553432098,0.93287123463233,/dtu/p1/leopam/ARGOS/ARGOS_FREEZED/experiments/02_massive_training/budget_3x/seed_20260722/validation_metrics.csv,0.9362242687475941,0.6559936770607163,0.037358184637371436,0.09371200646075545,0.20573122891559562,0.1619613405437173,-0.006584577262401581,0.09161614342839396,1.4450002695736812,0.9,0.1,False,23.44323237700155
3x,20260722,validation,19,75487,0.42011101424165226,0.27599677157848734,0.01444939122781539,0.04354442259331468,0.11917686579749456,0.03413285880253233,0.0006636001890774788,0.9181823015387636,/dtu/p1/leopam/ARGOS/ARGOS_FREEZED/experiments/02_massive_training/budget_3x/seed_20260722/validation_metrics.csv,0.8548924179294816,0.592026969782705,0.035409233446498184,0.08945403751444032,0.20627591236033666,0.08260705806243906,-0.0015562502667307854,0.15938475444920708,1.086276297304464,0.9,0.02,False,23.335180862020934
3x,20260722,validation,20,79460,0.41684638103106864,0.2732400679996009,0.01403729236188253,0.0431416736629255,0.11904252654918077,0.03379863016016682,0.0005749999999995841,0.882468490221072,/dtu/p1/leopam/ARGOS/ARGOS_FREEZED/experiments/02_massive_training/budget_3x/seed_20260722/validation_metrics.csv,0.8830898667041603,0.6124004102475031,0.035267555112126675,0.09207600019790686,0.20494256831631558,0.12547054410704597,-0.0049539715982973576,0.1962871613170644,1.241054419928811,0.9,0.1,False,23.73027744900901
3x,20260722,validation,21,83433,0.4130417444327602,0.27115837593412645,0.013736886777822468,0.04244104362360846,0.11770630308178205,0.033491789949591386,0.0004916040103219018,1.119757388223661,/dtu/p1/leopam/ARGOS/ARGOS_FREEZED/experiments/02_massive_training/budget_3x/seed_20260722/validation_metrics.csv,0.8756851143747314,0.6106680400119768,0.03496661716699864,0.0931164985340901,0.20850491075439057,0.07874865734264908,-0.003046753816306591,0.15367120761516218,1.1879818146166485,0.9,0.1,False,24.4648945320223
3x,20260722,validation,22,87406,0.4120740189552007,0.2669298040171677,0.013570133597552407,0.04220257646775986,0.12134636766008851,0.03231066826936312,0.00041432592395888835,1.0757537276076619,/dtu/p1/leopam/ARGOS/ARGOS_FREEZED/experiments/02_massive_training/budget_3x/seed_20260722/validation_metrics.csv,0.9063438930131967,0.6337428464780693,0.03787835266067961,0.09644843067453122,0.20746489767559656,0.11042433198165943,-0.008798903785645962,0.24294900224408977,1.3863957673352811,0.9,0.1,False,23.72649361100048
3x,20260722,validation,23,91379,0.4045714135793934,0.2648701266583225,0.013118262828436483,0.04136377488484003,0.11627639065809096,0.03262419380170706,0.000344012415796321,0.9212586811627261,/dtu/p1/leopam/ARGOS/ARGOS_FREEZED/experiments/02_massive_training/budget_3x/seed_20260722/validation_metrics.csv,0.8603897991192826,0.5945382311326948,0.034069840043171706,0.0867800317390125,0.20267087939594472,0.12225379296565801,-0.0009134921710938215,0.24320761032837185,1.0330685773753274,0.9,0.1,False,51.220440999022685
3x,20260722,validation,24,95352,0.4049218961874784,0.26215424311665875,0.012849096788865604,0.04137436054124697,0.1195254588177113,0.03237015781551412,0.00028143385534373143,0.9517635379743297,/dtu/p1/leopam/ARGOS/ARGOS_FREEZED/experiments/02_massive_training/budget_3x/seed_20260722/validation_metrics.csv,0.8699421841534896,0.6067092331617986,0.03455764429708511,0.08947136749486133,0.20663170944353038,0.08477287999420495,-0.002066833432763815,0.1456289795735867,1.1164553376399282,0.9,0.1,False,23.7522798209975
3x,20260722,validation,25,99325,0.4013596876364285,0.2601661282651766,0.012794434718381901,0.04088100182429789,0.11818634170317811,0.03194866785317802,0.00022727586640478004,1.0432307086884975,/dtu/p1/leopam/ARGOS/ARGOS_FREEZED/experiments/02_massive_training/budget_3x/seed_20260722/validation_metrics.csv,0.8534672309062113,0.5910228552964631,0.0341245114274434,0.08980762993065727,0.20510094105675747,0.08914635006846422,-0.0001832189445849508,0.15898596628185624,1.0088355849118968,0.8,0.1,False,64.34667711300426
3x,20260722,validation,26,103298,0.39932467926855264,0.25748976201790424,0.01265933483304222,0.040625768129554665,0.11896157133203819,0.03193615174791599,0.00018213181523952984,1.079033302346943,/dtu/p1/leopam/ARGOS/ARGOS_FREEZED/experiments/02_massive_training/budget_3x/seed_20260722/validation_metrics.csv,0.8722346456212149,0.6064889840640713,0.035311067546255244,0.09210205230984815,0.20515673355417027,0.09953940646644055,-0.0038158376701176167,0.19576994514850024,1.177980996298934,0.9,0.1,False,29.61157057399396
3x,20260722,validation,27,107271,0.3969204765832412,0.2572349788325239,0.012458169255613119,0.040467544424758035,0.11693808993968335,0.03200722268808107,0.00014649630951960399,1.0705591915757395,/dtu/p1/leopam/ARGOS/ARGOS_FREEZED/experiments/02_massive_training/budget_3x/seed_20260722/validation_metrics.csv,0.8661551798500875,0.6015558568699075,0.03495913799878566,0.09019209882781938,0.20527293398014165,0.0964939816051276,-0.0018111485987901688,0.16275028489184987,1.0905430413753001,0.9,0.1,False,23.601404932996957
3x,20260722,validation,28,111244,0.3952670649834223,0.2561556581026161,0.01246134116900501,0.04010665693664687,0.11650048658789036,0.031767886680528136,0.00012075977930288466,0.8316367725492455,/dtu/p1/leopam/ARGOS/ARGOS_FREEZED/experiments/02_massive_training/budget_3x/seed_20260722/validation_metrics.csv,0.844911523713125,0.5833253688747266,0.03319220940501834,0.08570036766262039,0.20409754071166156,0.09733708307587906,0.0010878752218559384,0.15788627769916147,0.9481502946810053,0.9,0.1,False,23.53230059001362
3x,20260722,validation,29,115217,0.39480263965892126,0.2543474668857266,0.012467024617319987,0.03974787902995089,0.11799286837541195,0.031459021022209974,0.00010520419940014007,1.0979186603508424,/dtu/p1/leopam/ARGOS/ARGOS_FREEZED/experiments/02_massive_training/budget_3x/seed_20260722/validation_metrics.csv,0.8768611856671923,0.6103258267513766,0.035386473485735634,0.09208129577031632,0.20503743106275515,0.10392184261714026,-0.0036641291808336973,0.20228348521523082,1.1659568254173234,0.9,0.1,False,23.909080659999745
3x,20260722,validation,30,119190,0.3938255322970058,0.2533881638781373,0.012165020840707112,0.03961524190772639,0.1182011282430123,0.03124965914484538,0.0001,1.0119977071299218,/dtu/p1/leopam/ARGOS/ARGOS_FREEZED/experiments/02_massive_training/budget_3x/seed_20260722/validation_metrics.csv,0.8626848726745698,0.5990796444643299,0.033571909154789976,0.08778724711013441,0.2043470400566184,0.10262711902178538,-0.001284098601900041,0.2229431291819888,1.0534939219787591,0.9,0.1,False,25.010976698016748
3x,20260723,train,1,3973,0.7825691204001434,0.553100470983274,0.07571833419637919,0.08173039620528887,0.15807072688859888,0.06553058890710692,0.001994795800599443,6.560907061037142,/dtu/p1/leopam/ARGOS/ARGOS_FREEZED/experiments/02_massive_training/budget_3x/seed_20260723/train_metrics.csv,,,,,,,,,,,,,
3x,20260723,train,2,7946,0.6105375170872729,0.4348607080283706,0.0360081083821768,0.06877074569459979,0.12979169643214247,0.053441857799546355,0.0019792402206962583,1.099728730157949,/dtu/p1/leopam/ARGOS/ARGOS_FREEZED/experiments/02_massive_training/budget_3x/seed_20260723/train_metrics.csv,,,,,,,,,,,,,
3x,20260723,train,3,11919,0.5674497731725725,0.40012247432862486,0.02605864347805279,0.06278443053503527,0.12871842755165572,0.04941771416288463,0.0019535036904791262,0.9894235773826949,/dtu/p1/leopam/ARGOS/ARGOS_FREEZED/experiments/02_massive_training/budget_3x/seed_20260723/train_metrics.csv,,,,,,,,,,,,,
3x,20260723,train,4,15892,0.5426809962022193,0.37990081562781824,0.022645962606422113,0.060061792000329316,0.1269385174567078,0.047515950753831034,0.001917868184759225,1.0908530119922943,/dtu/p1/leopam/ARGOS/ARGOS_FREEZED/experiments/02_massive_training/budget_3x/seed_20260723/train_metrics.csv,,,,,,,,,,,,,
3x,20260723,train,5,19865,0.5264921876253302,0.3664361492442584,0.02157992481843824,0.0583271857911546,0.12560034751493118,0.045419563852267454,0.0018727241335940066,1.1330564232484903,/dtu/p1/leopam/ARGOS/ARGOS_FREEZED/experiments/02_massive_training/budget_3x/seed_20260723/train_metrics.csv,,,,,,,,,,,,,
3x,20260723,train,6,23838,0.5136981761796091,0.3539480651245215,0.019700906463636644,0.057079967866393154,0.12667798388795307,0.04475848152089593,0.001818566144655039,1.02512863962329,/dtu/p1/leopam/ARGOS/ARGOS_FREEZED/experiments/02_massive_training/budget_3x/seed_20260723/train_metrics.csv,,,,,,,,,,,,,
3x,20260723,train,7,27811,0.5001882820151298,0.3430286205699304,0.01878449768762123,0.05484410452437506,0.1254076216595607,0.043243937248731185,0.0017559875842024092,1.0264330956561025,/dtu/p1/leopam/ARGOS/ARGOS_FREEZED/experiments/02_massive_training/budget_3x/seed_20260723/train_metrics.csv,,,,,,,,,,,,,
3x,20260723,train,8,31784,0.4952673058288316,0.3368596243668557,0.018594269745086787,0.05395766419318467,0.12722855441721395,0.041962615674909644,0.0016856740760398498,1.0064063651952893,/dtu/p1/leopam/ARGOS/ARGOS_FREEZED/experiments/02_massive_training/budget_3x/seed_20260723/train_metrics.csv,,,,,,,,,,,,,
3x,20260723,train,9,35757,0.483647022776075,0.32833947534416236,0.017597250938975774,0.05261316618356097,0.1250443394274071,0.04155660245690392,0.00160839598967684,0.8983880478772335,/dtu/p1/leopam/ARGOS/ARGOS_FREEZED/experiments/02_massive_training/budget_3x/seed_20260723/train_metrics.csv,,,,,,,,,,,,,
3x,20260723,train,10,39730,0.47603042100610343,0.3212954336699973,0.017060071357367423,0.051016918055009,0.1254813640992343,0.039846796909027905,0.001524999999999046,0.898499261442339,/dtu/p1/leopam/ARGOS/ARGOS_FREEZED/experiments/02_massive_training/budget_3x/seed_20260723/train_metrics.csv,,,,,,,,,,,,,
3x,20260723,train,11,43703,0.4684702669003809,0.3165871502689524,0.01659918232823741,0.05001045258877728,0.12321539767067284,0.03932754416745404,0.0014363998109211242,1.0038673249946442,/dtu/p1/leopam/ARGOS/ARGOS_FREEZED/experiments/02_massive_training/budget_3x/seed_20260723/train_metrics.csv,,,,,,,,,,,,,
3x,20260723,train,12,47676,0.46304683987564144,0.30977096987042924,0.016167008495867805,0.04914954013296415,0.12520369385262933,0.03850639793574585,0.0013435661446553754,0.9863484423258342,/dtu/p1/leopam/ARGOS/ARGOS_FREEZED/experiments/02_massive_training/budget_3x/seed_20260723/train_metrics.csv,,,,,,,,,,,,,
3x,20260723,train,13,51649,0.45561968897305954,0.30436431992074237,0.01580645995689971,0.04829456724271951,0.12377816079097212,0.03750178425671501,0.0012475161062761163,1.044471017201431,/dtu/p1/leopam/ARGOS/ARGOS_FREEZED/experiments/02_massive_training/budget_3x/seed_20260723/train_metrics.csv,,,,,,,,,,,,,
3x,20260723,train,14,55622,0.45097367814771333,0.29908510335136684,0.01571168659252916,0.047304812929642955,0.12481770661113122,0.03694428732675417,0.0011493020401035744,0.9566956220660359,/dtu/p1/leopam/ARGOS/ARGOS_FREEZED/experiments/02_massive_training/budget_3x/seed_20260723/train_metrics.csv,,,,,,,,,,,,,
3x,20260723,train,15,59595,0.44777622424570523,0.29753044487384805,0.015313473279526275,0.04664267253348913,0.12373457615667653,0.03596892406080521,0.001049999999999313,0.9309410444402602,/dtu/p1/leopam/ARGOS/ARGOS_FREEZED/experiments/02_massive_training/budget_3x/seed_20260723/train_metrics.csv,,,,,,,,,,,,,
3x,20260723,train,16,63568,0.4385542745028969,0.2919033249184253,0.014950332868514452,0.04583122977864334,0.12064455282983876,0.03536697625813843,0.0009506979598949667,0.9601876355009153,/dtu/p1/leopam/ARGOS/ARGOS_FREEZED/experiments/02_massive_training/budget_3x/seed_20260723/train_metrics.csv,,,,,,,,,,,,,
3x,20260723,train,17,67541,0.43572110368331285,0.28686058005562304,0.014560311978872515,0.04504225431739151,0.12334230281515743,0.03488730952207429,0.0008524838937224563,0.9787512909097131,/dtu/p1/leopam/ARGOS/ARGOS_FREEZED/experiments/02_massive_training/budget_3x/seed_20260723/train_metrics.csv,,,,,,,,,,,,,
3x,20260723,train,18,71514,0.43143057027958726,0.28189161213116265,0.01417597677824016,0.04461828090675717,0.12437243699751327,0.03461989281071304,0.0007564338553432098,0.9824179532297421,/dtu/p1/leopam/ARGOS/ARGOS_FREEZED/experiments/02_massive_training/budget_3x/seed_20260723/train_metrics.csv,,,,,,,,,,,,,
3x,20260723,train,19,75487,0.42621264881633736,0.27922893844858065,0.01411584941967417,0.04432375231536709,0.12195229190002059,0.03446300846486796,0.0006636001890774788,0.9870693284610752,/dtu/p1/leopam/ARGOS/ARGOS_FREEZED/experiments/02_massive_training/budget_3x/seed_20260723/train_metrics.csv,,,,,,,,,,,,,
3x,20260723,train,20,79460,0.4223022796973125,0.2757388722876323,0.013839578181233284,0.043226844127030456,0.12207981026334101,0.033785494874713703,0.0005749999999995841,0.9835467490484007,/dtu/p1/leopam/ARGOS/ARGOS_FREEZED/experiments/02_massive_training/budget_3x/seed_20260723/train_metrics.csv,,,,,,,,,,,,,
3x,20260723,train,21,83433,0.4209979776374615,0.27057580467713904,0.013513070429952357,0.042864114862088215,0.12633436962820566,0.03307612212935053,0.0004916040103219018,1.0345213334949221,/dtu/p1/leopam/ARGOS/ARGOS_FREEZED/experiments/02_massive_training/budget_3x/seed_20260723/train_metrics.csv,,,,,,,,,,,,,
3x,20260723,train,22,87406,0.415924829876966,0.27033906959662046,0.013266572086139341,0.04211383024220051,0.1218232796576672,0.03300346549259995,0.00041432592395888835,0.9460766028496437,/dtu/p1/leopam/ARGOS/ARGOS_FREEZED/experiments/02_massive_training/budget_3x/seed_20260723/train_metrics.csv,,,,,,,,,,,,,
3x,20260723,train,23,91379,0.41224018612624774,0.26576069548816095,0.0130393394324019,0.04202501462045105,0.12287604566588492,0.03288773292562627,0.000344012415796321,1.0298074935562909,/dtu/p1/leopam/ARGOS/ARGOS_FREEZED/experiments/02_massive_training/budget_3x/seed_20260723/train_metrics.csv,,,,,,,,,,,,,
3x,20260723,train,24,95352,0.4096411432580506,0.264274923531716,0.012939826446960886,0.041458235010800086,0.12201939614512178,0.03256194044833756,0.00028143385534373143,0.9413928684662096,/dtu/p1/leopam/ARGOS/ARGOS_FREEZED/experiments/02_massive_training/budget_3x/seed_20260723/train_metrics.csv,,,,,,,,,,,,,
3x,20260723,train,25,99325,0.41079680491290405,0.26206089319507014,0.012827278687643287,0.04142511987479921,0.12548414544276695,0.03240922341681595,0.00022727586640478004,0.9763867567235138,/dtu/p1/leopam/ARGOS/ARGOS_FREEZED/experiments/02_massive_training/budget_3x/seed_20260723/train_metrics.csv,,,,,,,,,,,,,
3x,20260723,train,26,103298,0.40389614488217834,0.26036780982648894,0.012508130184905226,0.04101143139075763,0.12059176915667233,0.03214817445583617,0.00018213181523952984,1.0064530008821748,/dtu/p1/leopam/ARGOS/ARGOS_FREEZED/experiments/02_massive_training/budget_3x/seed_20260723/train_metrics.csv,,,,,,,,,,,,,
3x,20260723,train,27,107271,0.40323784066565294,0.25956208648695966,0.012567925606673762,0.040573659461843006,0.12087486134038002,0.03186752392307745,0.00014649630951960399,1.1192557992471848,/dtu/p1/leopam/ARGOS/ARGOS_FREEZED/experiments/02_massive_training/budget_3x/seed_20260723/train_metrics.csv,,,,,,,,,,,,,
3x,20260723,train,28,111244,0.40380323980647764,0.25819270676641853,0.012461870921439433,0.04023784042467084,0.1229554479674495,0.03182354496673346,0.00012075977930288466,0.9479372256028,/dtu/p1/leopam/ARGOS/ARGOS_FREEZED/experiments/02_massive_training/budget_3x/seed_20260723/train_metrics.csv,,,,,,,,,,,,,
3x,20260723,train,29,115217,0.399923625229859,0.2573182162409848,0.012229286505992618,0.04027105858884686,0.1201003527526856,0.031612883519082174,0.00010520419940014007,1.0021526086493395,/dtu/p1/leopam/ARGOS/ARGOS_FREEZED/experiments/02_massive_training/budget_3x/seed_20260723/train_metrics.csv,,,,,,,,,,,,,
3x,20260723,train,30,119190,0.40119805600960157,0.2562991195852244,0.012299014349697074,0.040313895945016484,0.12234666340558006,0.031621444984434116,0.0001,0.9159544372232631,/dtu/p1/leopam/ARGOS/ARGOS_FREEZED/experiments/02_massive_training/budget_3x/seed_20260723/train_metrics.csv,,,,,,,,,,,,,
3x,20260723,validation,1,3973,0.7825691204001434,0.553100470983274,0.07571833419637919,0.08173039620528887,0.15807072688859888,0.06553058890710692,0.001994795800599443,6.560907061037142,/dtu/p1/leopam/ARGOS/ARGOS_FREEZED/experiments/02_massive_training/budget_3x/seed_20260723/validation_metrics.csv,1.31733708034288,0.9860599507756581,0.06556001747870252,0.09666163372289999,0.21525394922525903,0.29538882066462235,-0.002177397022023797,0.08998715418721534,1.1389563336664925,0.9,-0.05,False,57.91157823998947
3x,20260723,validation,2,7946,0.6105375170872729,0.4348607080283706,0.0360081083821768,0.06877074569459979,0.12979169643214247,0.053441857799546355,0.0019792402206962583,1.099728730157949,/dtu/p1/leopam/ARGOS/ARGOS_FREEZED/experiments/02_massive_training/budget_3x/seed_20260723/validation_metrics.csv,1.1270138449339564,0.80654746009955,0.06159746481520683,0.09843095527193531,0.21026172071022167,0.27399096662480854,-0.010990678332746029,0.2753197253920511,1.402883187150289,0.9,0.1,False,56.454116035980405
3x,20260723,validation,3,11919,0.5674497731725725,0.40012247432862486,0.02605864347805279,0.06278443053503527,0.12871842755165572,0.04941771416288463,0.0019535036904791262,0.9894235773826949,/dtu/p1/leopam/ARGOS/ARGOS_FREEZED/experiments/02_massive_training/budget_3x/seed_20260723/validation_metrics.csv,0.9350362988356272,0.6558154967411747,0.037352547572124764,0.09411275020603165,0.2050748663525341,0.15970736107055022,-0.008935683406889439,0.16350435706284056,1.5027628762916663,0.9,0.1,False,56.5389792190108
3x,20260723,validation,4,15892,0.5426809962022193,0.37990081562781824,0.022645962606422113,0.060061792000329316,0.1269385174567078,0.047515950753831034,0.001917868184759225,1.0908530119922943,/dtu/p1/leopam/ARGOS/ARGOS_FREEZED/experiments/02_massive_training/budget_3x/seed_20260723/validation_metrics.csv,1.166203640944121,0.8664766306774788,0.04115237687375615,0.10162942844214819,0.20677003317998058,0.2348671564854357,-0.01705416478216648,0.20485748156813174,1.8703203189036153,0.9,0.1,False,56.17775330200675
3x,20260723,validation,5,19865,0.5264921876253302,0.3664361492442584,0.02157992481843824,0.0583271857911546,0.12560034751493118,0.045419563852267454,0.0018727241335940066,1.1330564232484903,/dtu/p1/leopam/ARGOS/ARGOS_FREEZED/experiments/02_massive_training/budget_3x/seed_20260723/validation_metrics.csv,0.9964822519327405,0.6987047016218855,0.04430821855530907,0.10271382272682288,0.2089184308433403,0.20513278145568628,-0.015833942219614983,0.21934799343087127,1.783659609939935,0.9,0.1,False,56.555125373997726
3x,20260723,validation,6,23838,0.5136981761796091,0.3539480651245215,0.019700906463636644,0.057079967866393154,0.12667798388795307,0.04475848152089593,0.001818566144655039,1.02512863962329,/dtu/p1/leopam/ARGOS/ARGOS_FREEZED/experiments/02_massive_training/budget_3x/seed_20260723/validation_metrics.csv,0.9485233017827615,0.6605128871247017,0.04461988907169935,0.10068179653515175,0.2065641369649483,0.16982941800581297,-0.01005773525685072,0.1637847172289781,1.5354088862539814,0.9,0.1,False,56.27222204499412
3x,20260723,validation,7,27811,0.5001882820151298,0.3430286205699304,0.01878449768762123,0.05484410452437506,0.1254076216595607,0.043243937248731185,0.0017559875842024092,1.0264330956561025,/dtu/p1/leopam/ARGOS/ARGOS_FREEZED/experiments/02_massive_training/budget_3x/seed_20260723/validation_metrics.csv,0.8782570497780446,0.601083284999925,0.0431843807598331,0.10111837118424391,0.20560152728512332,0.12350225372905398,-0.009318850934505463,0.10736344224278466,1.658949080957794,0.9,0.1,False,56.053677976015024
3x,20260723,validation,8,31784,0.4952673058288316,0.3368596243668557,0.018594269745086787,0.05395766419318467,0.12722855441721395,0.041962615674909644,0.0016856740760398498,1.0064063651952893,/dtu/p1/leopam/ARGOS/ARGOS_FREEZED/experiments/02_massive_training/budget_3x/seed_20260723/validation_metrics.csv,0.9866070714175644,0.7040033735785997,0.03868078314606717,0.09473509654213737,0.20541913158373948,0.17080198325952048,-0.01395049411803484,0.14698969313854746,1.9281628885534126,0.9,0.1,False,56.0362322400033
3x,20260723,validation,9,35757,0.483647022776075,0.32833947534416236,0.017597250938975774,0.05261316618356097,0.1250443394274071,0.04155660245690392,0.00160839598967684,0.8983880478772335,/dtu/p1/leopam/ARGOS/ARGOS_FREEZED/experiments/02_massive_training/budget_3x/seed_20260723/validation_metrics.csv,0.9093971851518837,0.6279235794618655,0.038749383294945206,0.10092430075964483,0.20733298862118596,0.14767425092281475,-0.014953142032027245,0.20819038388799127,1.824878256753501,0.9,0.1,False,55.498896843986586
3x,20260723,validation,10,39730,0.47603042100610343,0.3212954336699973,0.017060071357367423,0.051016918055009,0.1254813640992343,0.039846796909027905,0.001524999999999046,0.898499261442339,/dtu/p1/leopam/ARGOS/ARGOS_FREEZED/experiments/02_massive_training/budget_3x/seed_20260723/validation_metrics.csv,0.9328156275183047,0.6426135788626737,0.044566520232471124,0.11094686139618155,0.20870634506728813,0.15737864319032432,-0.02794538252055645,0.1895089709210919,2.611327289178299,0.9,0.1,False,55.880721905006794
3x,20260723,validation,11,43703,0.4684702669003809,0.3165871502689524,0.01659918232823741,0.05001045258877728,0.12321539767067284,0.03932754416745404,0.0014363998109211242,1.0038673249946442,/dtu/p1/leopam/ARGOS/ARGOS_FREEZED/experiments/02_massive_training/budget_3x/seed_20260723/validation_metrics.csv,0.9273699891868918,0.6476201060965531,0.03900454639399454,0.09653040279313577,0.20680952597190974,0.14652740926496763,-0.007733295205980539,0.11191325269756026,1.5124096901631892,0.9,0.1,False,55.80580577100045
3x,20260723,validation,12,47676,0.46304683987564144,0.30977096987042924,0.016167008495867805,0.04914954013296415,0.12520369385262933,0.03850639793574585,0.0013435661446553754,0.9863484423258342,/dtu/p1/leopam/ARGOS/ARGOS_FREEZED/experiments/02_massive_training/budget_3x/seed_20260723/validation_metrics.csv,0.8893260010284643,0.6121549644104806,0.03826229455052587,0.1010019036819198,0.20610627791224895,0.13341567142422256,-0.014809702523052692,0.14091240315791892,1.9919490068460397,0.9,0.1,False,55.7258271239989
3x,20260723,validation,13,51649,0.45561968897305954,0.30436431992074237,0.01580645995689971,0.04829456724271951,0.12377816079097212,0.03750178425671501,0.0012475161062761163,1.044471017201431,/dtu/p1/leopam/ARGOS/ARGOS_FREEZED/experiments/02_massive_training/budget_3x/seed_20260723/validation_metrics.csv,0.9433167660318125,0.6446471678281631,0.04776131205294676,0.12697594350180963,0.21329218494840665,0.14876385255236652,-0.04581977054476738,0.1802341249077047,3.676389430201508,0.9,0.1,False,56.075414538994664
3x,20260723,validation,14,55622,0.45097367814771333,0.29908510335136684,0.01571168659252916,0.047304812929642955,0.12481770661113122,0.03694428732675417,0.0011493020401035744,0.9566956220660359,/dtu/p1/leopam/ARGOS/ARGOS_FREEZED/experiments/02_massive_training/budget_3x/seed_20260723/validation_metrics.csv,0.820074065229807,0.5584242766724798,0.036153773890408206,0.09192028422284847,0.20639178937595326,0.07100519264919676,-0.004314939957112074,0.08755212946839121,1.326996661205005,0.9,0.1,False,55.708236297999974
3x,20260723,validation,15,59595,0.44777622424570523,0.29753044487384805,0.015313473279526275,0.04664267253348913,0.12373457615667653,0.03596892406080521,0.001049999999999313,0.9309410444402602,/dtu/p1/leopam/ARGOS/ARGOS_FREEZED/experiments/02_massive_training/budget_3x/seed_20260723/validation_metrics.csv,0.8794293657382254,0.6049004672421187,0.03824550575619015,0.10683786708622811,0.20545331857633287,0.1162167983874976,-0.014790678396821022,0.1775972892072212,1.8551218298386611,0.9,0.1,False,56.1629137909913
3x,20260723,validation,16,63568,0.4385542745028969,0.2919033249184253,0.014950332868514452,0.04583122977864334,0.12064455282983876,0.03536697625813843,0.0009506979598949667,0.9601876355009153,/dtu/p1/leopam/ARGOS/ARGOS_FREEZED/experiments/02_massive_training/budget_3x/seed_20260723/validation_metrics.csv,0.8208019058294982,0.560269845975607,0.03548552818843512,0.08913367066854856,0.20453730847619567,0.07984283999918235,-0.0027335502672940493,0.08367542510214415,1.1914350825279605,0.9,0.1,False,55.826828019024106
3x,20260723,validation,17,67541,0.43572110368331285,0.28686058005562304,0.014560311978872515,0.04504225431739151,0.12334230281515743,0.03488730952207429,0.0008524838937224563,0.9787512909097131,/dtu/p1/leopam/ARGOS/ARGOS_FREEZED/experiments/02_massive_training/budget_3x/seed_20260723/validation_metrics.csv,0.8880015258856168,0.6123641984891446,0.03884464713952759,0.10466953588283093,0.20768111384788293,0.11183252882617101,-0.011653093621134758,0.08646452537561616,1.9273351296308419,0.9,0.1,False,56.300758389988914
3x,20260723,validation,18,71514,0.43143057027958726,0.28189161213116265,0.01417597677824016,0.04461828090675717,0.12437243699751327,0.03461989281071304,0.0007564338553432098,0.9824179532297421,/dtu/p1/leopam/ARGOS/ARGOS_FREEZED/experiments/02_massive_training/budget_3x/seed_20260723/validation_metrics.csv,0.838047686960749,0.5729221959854762,0.03636942302943414,0.0945857064920727,0.2044586798170883,0.09417836071995846,-0.007973126135766506,0.10688973023793152,1.5261013810602677,0.9,0.1,False,56.20143645099597
3x,20260723,validation,19,75487,0.42621264881633736,0.27922893844858065,0.01411584941967417,0.04432375231536709,0.12195229190002059,0.03446300846486796,0.0006636001890774788,0.9870693284610752,/dtu/p1/leopam/ARGOS/ARGOS_FREEZED/experiments/02_massive_training/budget_3x/seed_20260723/validation_metrics.csv,0.9239930719517827,0.645737865997889,0.03668785727205761,0.10578025687114109,0.20619321788873526,0.1363649743419088,-0.03188091516494751,0.21383988292546166,2.6226458431789847,0.9,0.1,False,55.788104377978016
3x,20260723,validation,20,79460,0.4223022796973125,0.2757388722876323,0.013839578181233284,0.043226844127030456,0.12207981026334101,0.033785494874713703,0.0005749999999995841,0.9835467490484007,/dtu/p1/leopam/ARGOS/ARGOS_FREEZED/experiments/02_massive_training/budget_3x/seed_20260723/validation_metrics.csv,0.8460945382347734,0.5786585834286155,0.035613952003584165,0.09766136857783625,0.20506847512008677,0.10072580478188817,-0.011205212213099003,0.16320466171283143,1.5986215523046001,0.9,0.1,False,56.15665908501251
3x,20260723,validation,21,83433,0.4209979776374615,0.27057580467713904,0.013513070429952357,0.042864114862088215,0.12633436962820566,0.03307612212935053,0.0004916040103219018,1.0345213334949221,/dtu/p1/leopam/ARGOS/ARGOS_FREEZED/experiments/02_massive_training/budget_3x/seed_20260723/validation_metrics.csv,0.8646727411346044,0.5951723112401358,0.0361390252319643,0.09665617033400438,0.204422560678187,0.11422157447946821,-0.014050218276679516,0.1817555621885978,1.7106037851212026,0.9,0.1,False,56.545838505990105
3x,20260723,validation,22,87406,0.415924829876966,0.27033906959662046,0.013266572086139341,0.04211383024220051,0.1218232796576672,0.03300346549259995,0.00041432592395888835,0.9460766028496437,/dtu/p1/leopam/ARGOS/ARGOS_FREEZED/experiments/02_massive_training/budget_3x/seed_20260723/validation_metrics.csv,0.8741538159570382,0.604199340145827,0.035123680567795315,0.09610588323543431,0.20375222630460474,0.12306968400905978,-0.014908852055668831,0.20699764473291465,1.7194526514331794,0.9,0.1,False,56.44666423101444
3x,20260723,validation,23,91379,0.41224018612624774,0.26576069548816095,0.0130393394324019,0.04202501462045105,0.12287604566588492,0.03288773292562627,0.000344012415796321,1.0298074935562909,/dtu/p1/leopam/ARGOS/ARGOS_FREEZED/experiments/02_massive_training/budget_3x/seed_20260723/validation_metrics.csv,0.9137644532613294,0.6360379465315544,0.037239308951289525,0.10571829901872487,0.20713147743849142,0.12772899281892228,-0.020306425169110298,0.1470489071391541,2.2619761574763,0.9,0.1,False,55.996990435989574
3x,20260723,validation,24,95352,0.4096411432580506,0.264274923531716,0.012939826446960886,0.041458235010800086,0.12201939614512178,0.03256194044833756,0.00028143385534373143,0.9413928684662096,/dtu/p1/leopam/ARGOS/ARGOS_FREEZED/experiments/02_massive_training/budget_3x/seed_20260723/validation_metrics.csv,0.8605922635718687,0.592756930037332,0.0350029861903419,0.09475858918569151,0.2042470582705361,0.11198568229715028,-0.008287421427667141,0.12523761128304656,1.4839276571259248,0.9,0.1,False,55.743674397002906
3x,20260723,validation,25,99325,0.41079680491290405,0.26206089319507014,0.012827278687643287,0.04142511987479921,0.12548414544276695,0.03240922341681595,0.00022727586640478004,0.9763867567235138,/dtu/p1/leopam/ARGOS/ARGOS_FREEZED/experiments/02_massive_training/budget_3x/seed_20260723/validation_metrics.csv,0.8631848856285144,0.5956416462892588,0.03461678717062917,0.09742673767288722,0.20345018703980386,0.11213988202442902,-0.01083164382725954,0.16796474229221023,1.5661205496952217,0.9,0.1,False,55.71411512902705
3x,20260723,validation,26,103298,0.40389614488217834,0.26036780982648894,0.012508130184905226,0.04101143139075763,0.12059176915667233,0.03214817445583617,0.00018213181523952984,1.0064530008821748,/dtu/p1/leopam/ARGOS/ARGOS_FREEZED/experiments/02_massive_training/budget_3x/seed_20260723/validation_metrics.csv,0.8540594195744398,0.5890573977828448,0.03497704622908888,0.095419704024072,0.20440343847144096,0.09627567856345988,-0.00683934148401022,0.12028901266092008,1.4078352420871976,0.9,0.1,False,56.103288679994876
3x,20260723,validation,27,107271,0.40323784066565294,0.25956208648695966,0.012567925606673762,0.040573659461843006,0.12087486134038002,0.03186752392307745,0.00014649630951960399,1.1192557992471848,/dtu/p1/leopam/ARGOS/ARGOS_FREEZED/experiments/02_massive_training/budget_3x/seed_20260723/validation_metrics.csv,0.8573495405483832,0.5918639091371277,0.03463563841493147,0.09416446811343343,0.2042705165750947,0.1017809006253588,-0.0067330594174563885,0.11228908033406364,1.4183097604330137,0.9,0.1,False,55.742024025996216
3x,20260723,validation,28,111244,0.40380323980647764,0.25819270676641853,0.012461870921439433,0.04023784042467084,0.1229554479674495,0.03182354496673346,0.00012075977930288466,0.9479372256028,/dtu/p1/leopam/ARGOS/ARGOS_FREEZED/experiments/02_massive_training/budget_3x/seed_20260723/validation_metrics.csv,0.876994528898453,0.6079013421409036,0.03528029423175325,0.09601181191680803,0.20345689528934524,0.11996594535371312,-0.010032661259174347,0.14925432654950352,1.5353119345879804,0.9,0.1,False,55.95331186798285
3x,20260723,validation,29,115217,0.399923625229859,0.2573182162409848,0.012229286505992618,0.04027105858884686,0.1201003527526856,0.031612883519082174,0.00010520419940014007,1.0021526086493395,/dtu/p1/leopam/ARGOS/ARGOS_FREEZED/experiments/02_massive_training/budget_3x/seed_20260723/validation_metrics.csv,0.8537988470146537,0.5876426671260692,0.034384050635381296,0.09546306542644688,0.20383294257304527,0.1063272301047276,-0.008979473263025284,0.14313594930314788,1.4792163835599839,0.9,0.1,False,55.94576477599912
3x,20260723,validation,30,119190,0.40119805600960157,0.2562991195852244,0.012299014349697074,0.040313895945016484,0.12234666340558006,0.031621444984434116,0.0001,0.9159544372232631,/dtu/p1/leopam/ARGOS/ARGOS_FREEZED/experiments/02_massive_training/budget_3x/seed_20260723/validation_metrics.csv,0.8553356284182254,0.5881049820594666,0.034837643405869284,0.09566880844012714,0.2039130690825668,0.10990777003206356,-0.009335707873106003,0.1493159574480941,1.4947025371902383,0.9,0.1,False,56.02213222999126
3x,20260724,train,1,3973,0.7906761637959407,0.5649680768831413,0.06964853032550236,0.08006001075459215,0.15879712746709046,0.0603589321485011,0.001994795800599443,8.76125782719464,/dtu/p1/leopam/ARGOS/ARGOS_FREEZED/experiments/02_massive_training/budget_3x/seed_20260724/train_metrics.csv,,,,,,,,,,,,,
3x,20260724,train,2,7946,0.6160321272262662,0.442866417596465,0.03232366425692454,0.06745722463913309,0.1293974612391088,0.05371068257875056,0.0019792402206962583,1.1745813885063399,/dtu/p1/leopam/ARGOS/ARGOS_FREEZED/experiments/02_massive_training/budget_3x/seed_20260724/train_metrics.csv,,,,,,,,,,,,,
3x,20260724,train,3,11919,0.5760082532908405,0.41007262288777707,0.026317716998629705,0.062222309671063424,0.1270359806248085,0.05092577306563567,0.0019535036904791262,1.0133964459528215,/dtu/p1/leopam/ARGOS/ARGOS_FREEZED/experiments/02_massive_training/budget_3x/seed_20260724/train_metrics.csv,,,,,,,,,,,,,
3x,20260724,train,4,15892,0.5515225323762397,0.3877463146196545,0.023798175211525843,0.059237471826619724,0.12768841303756995,0.046896591973850835,0.001917868184759225,0.9101105143199675,/dtu/p1/leopam/ARGOS/ARGOS_FREEZED/experiments/02_massive_training/budget_3x/seed_20260724/train_metrics.csv,,,,,,,,,,,,,
3x,20260724,train,5,19865,0.529996216441548,0.36954458859760153,0.022615194634850642,0.057191333832890136,0.12597321835481307,0.04436448320705165,0.0018727241335940066,0.9117356207570992,/dtu/p1/leopam/ARGOS/ARGOS_FREEZED/experiments/02_massive_training/budget_3x/seed_20260724/train_metrics.csv,,,,,,,,,,,,,
3x,20260724,train,6,23838,0.5141278088576632,0.356129052082305,0.021178515329133046,0.055064501871889104,0.1250592330395669,0.04292099739303224,0.001818566144655039,0.8684446954575833,/dtu/p1/leopam/ARGOS/ARGOS_FREEZED/experiments/02_massive_training/budget_3x/seed_20260724/train_metrics.csv,,,,,,,,,,,,,
3x,20260724,train,7,27811,0.5050864635195266,0.3455220151513537,0.021334363450126275,0.05380922910906684,0.12704201618323405,0.042014529355190997,0.0017559875842024092,0.8771853724028915,/dtu/p1/leopam/ARGOS/ARGOS_FREEZED/experiments/02_massive_training/budget_3x/seed_20260724/train_metrics.csv,,,,,,,,,,,,,
3x,20260724,train,8,31784,0.49162869648611757,0.3369510417905857,0.019795088279474758,0.052371736231634824,0.12351665270214503,0.040852817695746335,0.0016856740760398498,1.0445564273977652,/dtu/p1/leopam/ARGOS/ARGOS_FREEZED/experiments/02_massive_training/budget_3x/seed_20260724/train_metrics.csv,,,,,,,,,,,,,
3x,20260724,train,9,35757,0.4803266011904236,0.32633974412378797,0.01942382052709791,0.050932709293746124,0.12357066055242204,0.03985550143752925,0.00160839598967684,0.9397624986595474,/dtu/p1/leopam/ARGOS/ARGOS_FREEZED/experiments/02_massive_training/budget_3x/seed_20260724/train_metrics.csv,,,,,,,,,,,,,
3x,20260724,train,10,39730,0.4704955058683834,0.3185146246925878,0.018436884417580925,0.04897841771974552,0.12291613383921415,0.03800873476763441,0.001524999999999046,0.9219520673796069,/dtu/p1/leopam/ARGOS/ARGOS_FREEZED/experiments/02_massive_training/budget_3x/seed_20260724/train_metrics.csv,,,,,,,,,,,,,
3x,20260724,train,11,43703,0.46666773327544475,0.3144643833879977,0.018166348088623874,0.048580770848331595,0.12347076452479494,0.0375210320112419,0.0014363998109211242,0.8921206546074245,/dtu/p1/leopam/ARGOS/ARGOS_FREEZED/experiments/02_massive_training/budget_3x/seed_20260724/train_metrics.csv,,,,,,,,,,,,,
3x,20260724,train,12,47676,0.45641556246969883,0.3063499464602096,0.017388702928803096,0.047714069203196784,0.12212793681695082,0.03657390547434809,0.0013435661446553754,0.9901782682572957,/dtu/p1/leopam/ARGOS/ARGOS_FREEZED/experiments/02_massive_training/budget_3x/seed_20260724/train_metrics.csv,,,,,,,,,,,,,
3x,20260724,train,13,51649,0.45301456837953563,0.3010312986381778,0.016944523177759217,0.04684723629918593,0.12463368531579061,0.035827650641002795,0.0012475161062761163,1.0915927851747256,/dtu/p1/leopam/ARGOS/ARGOS_FREEZED/experiments/02_massive_training/budget_3x/seed_20260724/train_metrics.csv,,,,,,,,,,,,,
3x,20260724,train,14,55622,0.4483097906590348,0.2980755617565002,0.016441765133846573,0.04603638008387847,0.12343337883977766,0.0353542205941128,0.0011493020401035744,1.1133935920952354,/dtu/p1/leopam/ARGOS/ARGOS_FREEZED/experiments/02_massive_training/budget_3x/seed_20260724/train_metrics.csv,,,,,,,,,,,,,
3x,20260724,train,15,59595,0.4382435670077966,0.292322773617647,0.0158676763610814,0.04536638702149884,0.11961302242229845,0.03516156349979058,0.001049999999999313,1.165232099359855,/dtu/p1/leopam/ARGOS/ARGOS_FREEZED/experiments/02_massive_training/budget_3x/seed_20260724/train_metrics.csv,,,,,,,,,,,,,
3x,20260724,train,16,63568,0.43511827453022006,0.2868355408914738,0.0157111813965341,0.04464991390793013,0.12241699524845467,0.03423840388104323,0.0009506979598949667,1.0049979193427134,/dtu/p1/leopam/ARGOS/ARGOS_FREEZED/experiments/02_massive_training/budget_3x/seed_20260724/train_metrics.csv,,,,,,,,,,,,,
3x,20260724,train,17,67541,0.42841700041043557,0.28228830577833297,0.015027154250071156,0.04368275612381257,0.1208710848300357,0.034116422382914506,0.0008524838937224563,1.0610300041444134,/dtu/p1/leopam/ARGOS/ARGOS_FREEZED/experiments/02_massive_training/budget_3x/seed_20260724/train_metrics.csv,,,,,,,,,,,,,
3x,20260724,train,18,71514,0.4260161908269829,0.27882654923339006,0.014764072295274091,0.04338696857575836,0.12231081929957982,0.03324998322224515,0.0007564338553432098,0.9521951934730168,/dtu/p1/leopam/ARGOS/ARGOS_FREEZED/experiments/02_massive_training/budget_3x/seed_20260724/train_metrics.csv,,,,,,,,,,,,,
3x,20260724,train,19,75487,0.42572047084236125,0.27625318906644325,0.014672342880415452,0.042632051559435634,0.12485096735583012,0.03311101585559091,0.0006636001890774788,1.0014344072842505,/dtu/p1/leopam/ARGOS/ARGOS_FREEZED/experiments/02_massive_training/budget_3x/seed_20260724/train_metrics.csv,,,,,,,,,,,,,
3x,20260724,train,20,79460,0.42001276332186477,0.27067537751379794,0.0141152490113292,0.04198662741187085,0.12536569003750875,0.03208700823837883,0.0005749999999995841,0.9602753773797303,/dtu/p1/leopam/ARGOS/ARGOS_FREEZED/experiments/02_massive_training/budget_3x/seed_20260724/train_metrics.csv,,,,,,,,,,,,,
3x,20260724,train,21,83433,0.4127293948169442,0.2692922320256276,0.013816769718224866,0.041624894692322716,0.11968775449241911,0.032173968069564775,0.0004916040103219018,0.9689837626647204,/dtu/p1/leopam/ARGOS/ARGOS_FREEZED/experiments/02_massive_training/budget_3x/seed_20260724/train_metrics.csv,,,,,,,,,,,,,
3x,20260724,train,22,87406,0.41106305611192084,0.26488888959252443,0.013563519076649554,0.041011291126264206,0.12281914523188771,0.03160236189655234,0.00041432592395888835,1.044121266255388,/dtu/p1/leopam/ARGOS/ARGOS_FREEZED/experiments/02_massive_training/budget_3x/seed_20260724/train_metrics.csv,,,,,,,,,,,,,
3x,20260724,train,23,91379,0.40583695607433806,0.2617684163953926,0.013325243604210295,0.040366133543707966,0.12103294677331035,0.03140725160527223,0.000344012415796321,0.9743823782773688,/dtu/p1/leopam/ARGOS/ARGOS_FREEZED/experiments/02_massive_training/budget_3x/seed_20260724/train_metrics.csv,,,,,,,,,,,,,
3x,20260724,train,24,95352,0.4068500780613693,0.25997060119942594,0.013274781697652643,0.04036098899668574,0.12392818403242518,0.031118220116370214,0.00028143385534373143,0.9341738580551464,/dtu/p1/leopam/ARGOS/ARGOS_FREEZED/experiments/02_massive_training/budget_3x/seed_20260724/train_metrics.csv,,,,,,,,,,,,,
3x,20260724,train,25,99325,0.4008251775704041,0.258287405327015,0.012960691866371148,0.03962163586008205,0.11998074682297692,0.030856209079714588,0.00022727586640478004,0.9258305855910294,/dtu/p1/leopam/ARGOS/ARGOS_FREEZED/experiments/02_massive_training/budget_3x/seed_20260724/train_metrics.csv,,,,,,,,,,,,,
3x,20260724,train,26,103298,0.4004713929026921,0.25653932770733384,0.012978179241686365,0.03971846343955532,0.1213876580190792,0.030628417500194183,0.00018213181523952984,1.0265196242544334,/dtu/p1/leopam/ARGOS/ARGOS_FREEZED/experiments/02_massive_training/budget_3x/seed_20260724/train_metrics.csv,,,,,,,,,,,,,
3x,20260724,train,27,107271,0.39963514484763296,0.25538326338826184,0.012894903311372065,0.03908466804081566,0.12193213017568791,0.03050588199241978,0.00014649630951960399,0.914379639114486,/dtu/p1/leopam/ARGOS/ARGOS_FREEZED/experiments/02_massive_training/budget_3x/seed_20260724/train_metrics.csv,,,,,,,,,,,,,
3x,20260724,train,28,111244,0.3948375262749486,0.25395162413335104,0.01250403920516021,0.03892677708945253,0.11892356464028427,0.029892906325306907,0.00012075977930288466,0.8935167520539835,/dtu/p1/leopam/ARGOS/ARGOS_FREEZED/experiments/02_massive_training/budget_3x/seed_20260724/train_metrics.csv,,,,,,,,,,,,,
3x,20260724,train,29,115217,0.39637562357078654,0.25259063223537676,0.01268291112008907,0.03897043852035445,0.12167425261995139,0.030133374115996477,0.00010520419940014007,0.9014972479781136,/dtu/p1/leopam/ARGOS/ARGOS_FREEZED/experiments/02_massive_training/budget_3x/seed_20260724/train_metrics.csv,,,,,,,,,,,,,
3x,20260724,train,30,119190,0.3957326557143131,0.2519267836190421,0.012591310140837135,0.03847690073724273,0.12190073998159713,0.029951185115542484,0.0001,0.9622231402609032,/dtu/p1/leopam/ARGOS/ARGOS_FREEZED/experiments/02_massive_training/budget_3x/seed_20260724/train_metrics.csv,,,,,,,,,,,,,
3x,20260724,validation,1,3973,0.7906761637959407,0.5649680768831413,0.06964853032550236,0.08006001075459215,0.15879712746709046,0.0603589321485011,0.001994795800599443,8.76125782719464,/dtu/p1/leopam/ARGOS/ARGOS_FREEZED/experiments/02_massive_training/budget_3x/seed_20260724/validation_metrics.csv,1.098750856369311,0.8142184503059288,0.04765069366775474,0.08501744041238737,0.20546554564696612,0.16993576032825453,0.005158539861440659,0.38047533132650235,0.7832473349322103,0.3,0.05,False,26.987961449980503
3x,20260724,validation,2,7946,0.6160321272262662,0.442866417596465,0.03232366425692454,0.06745722463913309,0.1293974612391088,0.05371068257875056,0.0019792402206962583,1.1745813885063399,/dtu/p1/leopam/ARGOS/ARGOS_FREEZED/experiments/02_massive_training/budget_3x/seed_20260724/validation_metrics.csv,0.9493642979166704,0.6641679431753217,0.03842801493552911,0.08579914931015376,0.20309334312888988,0.2071960868063676,-0.004475245717912912,0.12575603590060266,1.3041351965775472,0.9,0.1,False,25.238630489999196
3x,20260724,validation,3,11919,0.5760082532908405,0.41007262288777707,0.026317716998629705,0.062222309671063424,0.1270359806248085,0.05092577306563567,0.0019535036904791262,1.0133964459528215,/dtu/p1/leopam/ARGOS/ARGOS_FREEZED/experiments/02_massive_training/budget_3x/seed_20260724/validation_metrics.csv,1.1181274625695643,0.8037073230344446,0.05815390377462284,0.12169295602787353,0.2077182275476595,0.23600859738555505,-0.025783982127904892,0.3253652234965988,2.0598562648656893,0.9,0.05,False,24.997665471979417
3x,20260724,validation,4,15892,0.5515225323762397,0.3877463146196545,0.023798175211525843,0.059237471826619724,0.12768841303756995,0.046896591973850835,0.001917868184759225,0.9101105143199675,/dtu/p1/leopam/ARGOS/ARGOS_FREEZED/experiments/02_massive_training/budget_3x/seed_20260724/validation_metrics.csv,1.0342530895556723,0.7261309213760109,0.05197469411922712,0.1163367094051766,0.21150888996806733,0.20770877066265278,-0.027736522257328033,0.36887301255457655,2.092218833215807,0.9,0.02,False,26.81259749198216
3x,20260724,validation,5,19865,0.529996216441548,0.36954458859760153,0.022615194634850642,0.057191333832890136,0.12597321835481307,0.04436448320705165,0.0018727241335940066,0.9117356207570992,/dtu/p1/leopam/ARGOS/ARGOS_FREEZED/experiments/02_massive_training/budget_3x/seed_20260724/validation_metrics.csv,0.9110800274907697,0.6259462244336405,0.05121972265035661,0.09901893153952306,0.20747036651189218,0.13649421338357168,-0.010004758834838867,0.1421413957827547,1.6842831448771778,0.9,-0.05,False,25.219572791014798
3x,20260724,validation,6,23838,0.5141278088576632,0.356129052082305,0.021178515329133046,0.055064501871889104,0.1250592330395669,0.04292099739303224,0.001818566144655039,0.8684446954575833,/dtu/p1/leopam/ARGOS/ARGOS_FREEZED/experiments/02_massive_training/budget_3x/seed_20260724/validation_metrics.csv,0.95331150728966,0.6803435001032411,0.038286125781820765,0.09579196776652862,0.20693798396514346,0.11469483817553072,-0.005290617235004902,0.12140199418252655,1.4696980951908984,0.9,0.1,False,25.43179025698919
3x,20260724,validation,7,27811,0.5050864635195266,0.3455220151513537,0.021334363450126275,0.05380922910906684,0.12704201618323405,0.042014529355190997,0.0017559875842024092,0.8771853724028915,/dtu/p1/leopam/ARGOS/ARGOS_FREEZED/experiments/02_massive_training/budget_3x/seed_20260724/validation_metrics.csv,0.868946258898546,0.5976569541080616,0.03866626148990134,0.09919605488746182,0.20392580494168325,0.11615679193422015,-0.0021260674111545086,0.13739581659127958,1.1382340312297816,0.9,0.1,False,25.07219870199333
3x,20260724,validation,8,31784,0.49162869648611757,0.3369510417905857,0.019795088279474758,0.052371736231634824,0.12351665270214503,0.040852817695746335,0.0016856740760398498,1.0445564273977652,/dtu/p1/leopam/ARGOS/ARGOS_FREEZED/experiments/02_massive_training/budget_3x/seed_20260724/validation_metrics.csv,0.9223370077114909,0.6448349677160199,0.040673689789410994,0.10011162959319402,0.20441343946348922,0.13861924724242772,-0.00015960934979375452,0.06801271771719151,1.0144041282028862,0.9,0.1,False,24.83748547799769
3x,20260724,validation,9,35757,0.4803266011904236,0.32633974412378797,0.01942382052709791,0.050932709293746124,0.12357066055242204,0.03985550143752925,0.00160839598967684,0.9397624986595474,/dtu/p1/leopam/ARGOS/ARGOS_FREEZED/experiments/02_massive_training/budget_3x/seed_20260724/validation_metrics.csv,0.9431792090284791,0.6581575302838885,0.04453504923709061,0.11272616363187782,0.20642611953670417,0.14073246220369492,-0.012142742983996868,0.1583031926013919,1.787414832064017,0.9,0.1,False,24.51563847399666
3x,20260724,validation,10,39730,0.4704955058683834,0.3185146246925878,0.018436884417580925,0.04897841771974552,0.12291613383921415,0.03800873476763441,0.001524999999999046,0.9219520673796069,/dtu/p1/leopam/ARGOS/ARGOS_FREEZED/experiments/02_massive_training/budget_3x/seed_20260724/validation_metrics.csv,0.9289596434982181,0.6504572058024278,0.04161033462902642,0.1088637303082535,0.20479768005621776,0.12841828577111403,-0.006843929179012775,0.19507629542710817,1.4159918140413006,0.9,0.1,False,24.653188989992486
3x,20260724,validation,11,43703,0.46666773327544475,0.3144643833879977,0.018166348088623874,0.048580770848331595,0.12347076452479494,0.0375210320112419,0.0014363998109211242,0.8921206546074245,/dtu/p1/leopam/ARGOS/ARGOS_FREEZED/experiments/02_massive_training/budget_3x/seed_20260724/validation_metrics.csv,0.8619056627605474,0.5907224798072817,0.042399237568991555,0.10378092191690472,0.20483798001493728,0.09600177550743565,-0.0038072573952376842,0.12886295825896338,1.256629638639054,0.9,0.1,False,24.689962378994096
3x,20260724,validation,12,47676,0.45641556246969883,0.3063499464602096,0.017388702928803096,0.047714069203196784,0.12212793681695082,0.03657390547434809,0.0013435661446553754,0.9901782682572957,/dtu/p1/leopam/ARGOS/ARGOS_FREEZED/experiments/02_massive_training/budget_3x/seed_20260724/validation_metrics.csv,0.9832164737181835,0.7001047078890121,0.045814039677186794,0.10599888496800496,0.2038830451988029,0.14910990089863582,-0.012003030627965927,0.20592091668106735,1.7084270789089901,0.9,0.1,False,25.398901181004476
3x,20260724,validation,13,51649,0.45301456837953563,0.3010312986381778,0.016944523177759217,0.04684723629918593,0.12463368531579061,0.035827650641002795,0.0012475161062761163,1.0915927851747256,/dtu/p1/leopam/ARGOS/ARGOS_FREEZED/experiments/02_massive_training/budget_3x/seed_20260724/validation_metrics.csv,0.9769397862643258,0.6902479113184459,0.04186151745485084,0.10821383981260602,0.20629930550315353,0.16204173649366516,-0.0176410935819149,0.2298034941094154,1.9264846692091497,0.9,0.1,False,25.19642555201426
3x,20260724,validation,14,55622,0.4483097906590348,0.2980755617565002,0.016441765133846573,0.04603638008387847,0.12343337883977766,0.0353542205941128,0.0011493020401035744,1.1133935920952354,/dtu/p1/leopam/ARGOS/ARGOS_FREEZED/experiments/02_massive_training/budget_3x/seed_20260724/validation_metrics.csv,0.8662302424265962,0.5939498209432402,0.04251938664297993,0.10849866638966292,0.20411197049851645,0.09892046167000876,-0.004877585917711258,0.16108020838494416,1.2828830920355547,0.9,0,False,25.074750203988515
3x,20260724,validation,15,59595,0.4382435670077966,0.292322773617647,0.0158676763610814,0.04536638702149884,0.11961302242229845,0.03516156349979058,0.001049999999999313,1.165232099359855,/dtu/p1/leopam/ARGOS/ARGOS_FREEZED/experiments/02_massive_training/budget_3x/seed_20260724/validation_metrics.csv,0.8857377876537299,0.6185171214040711,0.0380275609302568,0.09772149275225307,0.20271791443105366,0.10529299061318072,-0.0024059556890279055,0.1518742439640994,1.1329806666921922,0.9,0.1,False,24.73948264500359
3x,20260724,validation,16,63568,0.43511827453022006,0.2868355408914738,0.0157111813965341,0.04464991390793013,0.12241699524845467,0.03423840388104323,0.0009506979598949667,1.0049979193427134,/dtu/p1/leopam/ARGOS/ARGOS_FREEZED/experiments/02_massive_training/budget_3x/seed_20260724/validation_metrics.csv,0.902888796412956,0.6246688073939779,0.0462006433036922,0.11390638502020399,0.20611778710234835,0.10262641425245832,-0.013759582303464413,0.17518885036622048,1.865037090873047,0.9,0.1,False,24.59486467501847
3x,20260724,validation,17,67541,0.42841700041043557,0.28228830577833297,0.015027154250071156,0.04368275612381257,0.1208710848300357,0.034116422382914506,0.0008524838937224563,1.0610300041444134,/dtu/p1/leopam/ARGOS/ARGOS_FREEZED/experiments/02_massive_training/budget_3x/seed_20260724/validation_metrics.csv,0.9336046411839993,0.6571597660289921,0.0457587331635199,0.10837313500625084,0.20578778181454147,0.10342220405721111,-0.007377259898930788,0.12187691463637165,1.5390958397950845,0.9,0.1,False,24.689523106004344
3x,20260724,validation,18,71514,0.4260161908269829,0.27882654923339006,0.014764072295274091,0.04338696857575836,0.12231081929957982,0.03324998322224515,0.0007564338553432098,0.9521951934730168,/dtu/p1/leopam/ARGOS/ARGOS_FREEZED/experiments/02_massive_training/budget_3x/seed_20260724/validation_metrics.csv,0.8860290842227702,0.6155363793961541,0.040817181281075796,0.1019738600747933,0.20351618996758786,0.10537229333054839,-0.007276198361068964,0.17143178245017868,1.4253560529870148,0.9,0.1,False,25.056692186015425
3x,20260724,validation,19,75487,0.42572047084236125,0.27625318906644325,0.014672342880415452,0.042632051559435634,0.12485096735583012,0.03311101585559091,0.0006636001890774788,1.0014344072842505,/dtu/p1/leopam/ARGOS/ARGOS_FREEZED/experiments/02_massive_training/budget_3x/seed_20260724/validation_metrics.csv,0.8921776940533319,0.6234479958267288,0.04238055856649957,0.10926780206492293,0.20593704219533937,0.07142712738406347,-0.00197111489251256,0.15379809475931924,1.115395842287508,0.9,0.01,False,24.994350413995562
3x,20260724,validation,20,79460,0.42001276332186477,0.27067537751379794,0.0141152490113292,0.04198662741187085,0.12536569003750875,0.03208700823837883,0.0005749999999995841,0.9602753773797303,/dtu/p1/leopam/ARGOS/ARGOS_FREEZED/experiments/02_massive_training/budget_3x/seed_20260724/validation_metrics.csv,0.9002384221077304,0.6330922910822036,0.04045767425931726,0.10471285702841306,0.20403226379608222,0.08353408327186965,-0.003284286707639694,0.1543153109278834,1.183124622876842,0.9,0,False,24.869025206018705
3x,20260724,validation,21,83433,0.4127293948169442,0.2692922320256276,0.013816769718224866,0.041624894692322716,0.11968775449241911,0.032173968069564775,0.0004916040103219018,0.9689837626647204,/dtu/p1/leopam/ARGOS/ARGOS_FREEZED/experiments/02_massive_training/budget_3x/seed_20260724/validation_metrics.csv,0.9076401126150715,0.6387040392374981,0.03857559377553123,0.10091454759147635,0.20243996525995694,0.10989836934735195,-0.0025503383949398994,0.1600723619256393,1.1454504704599604,0.9,0.1,False,24.660886732977815
3x,20260724,validation,22,87406,0.41106305611192084,0.26488888959252443,0.013563519076649554,0.041011291126264206,0.12281914523188771,0.03160236189655234,0.00041432592395888835,1.044121266255388,/dtu/p1/leopam/ARGOS/ARGOS_FREEZED/experiments/02_massive_training/budget_3x/seed_20260724/validation_metrics.csv,0.8763511829931102,0.6140778416868162,0.03771339430515157,0.09728434228874891,0.2030584163983179,0.08018570488636878,-0.0014207691419869661,0.10125473258836482,1.0966314316664236,0.9,0.1,False,24.554024761979235
3x,20260724,validation,23,91379,0.40583695607433806,0.2617684163953926,0.013325243604210295,0.040366133543707966,0.12103294677331035,0.03140725160527223,0.000344012415796321,0.9743823782773688,/dtu/p1/leopam/ARGOS/ARGOS_FREEZED/experiments/02_massive_training/budget_3x/seed_20260724/validation_metrics.csv,0.9061569918789385,0.6345064830803291,0.03863657250151905,0.10329697068336587,0.20298879110591808,0.1175959440098649,-0.00806879997253418,0.12296693562713065,1.5272462954060584,0.9,0.1,False,25.054504261992406
3x,20260724,validation,24,95352,0.4068500780613693,0.25997060119942594,0.013274781697652643,0.04036098899668574,0.12392818403242518,0.031118220116370214,0.00028143385534373143,0.9341738580551464,/dtu/p1/leopam/ARGOS/ARGOS_FREEZED/experiments/02_massive_training/budget_3x/seed_20260724/validation_metrics.csv,0.9091625920053688,0.6415257733121388,0.03772681197973168,0.09829279024448236,0.20265278158675926,0.10773716674135847,-0.004418348893523216,0.1279819989438156,1.261459165677456,0.9,0.1,False,24.713424111978384
3x,20260724,validation,25,99325,0.4008251775704041,0.258287405327015,0.012960691866371148,0.03962163586008205,0.11998074682297692,0.030856209079714588,0.00022727586640478004,0.9258305855910294,/dtu/p1/leopam/ARGOS/ARGOS_FREEZED/experiments/02_massive_training/budget_3x/seed_20260724/validation_metrics.csv,0.9198523678710242,0.6511095543299487,0.038860461456228006,0.10265341391297922,0.20394540014663534,0.0985191421935845,-0.006693688686937094,0.13938008983609806,1.405767378746848,0.9,0.1,False,24.58293068499188
3x,20260724,validation,26,103298,0.4004713929026921,0.25653932770733384,0.012978179241686365,0.03971846343955532,0.1213876580190792,0.030628417500194183,0.00018213181523952984,1.0265196242544334,/dtu/p1/leopam/ARGOS/ARGOS_FREEZED/experiments/02_massive_training/budget_3x/seed_20260724/validation_metrics.csv,0.8918901753233871,0.6255431156464506,0.039173741071804824,0.10253930141992493,0.203829144454555,0.0864810901938505,-0.004982097540050745,0.12802792000551053,1.3098658817873376,0.9,0.1,False,24.73189331497997
3x,20260724,validation,27,107271,0.39963514484763296,0.25538326338826184,0.012894903311372065,0.03908466804081566,0.12193213017568791,0.03050588199241978,0.00014649630951960399,0.914379639114486,/dtu/p1/leopam/ARGOS/ARGOS_FREEZED/experiments/02_massive_training/budget_3x/seed_20260724/validation_metrics.csv,0.9146059047265107,0.6477420195380301,0.03828837153063021,0.10109058957015646,0.20428319531603026,0.09081929368338114,-0.004500377457588911,0.12899105385211243,1.2743927227901517,0.9,0.1,False,24.660962505993666
3x,20260724,validation,28,111244,0.3948375262749486,0.25395162413335104,0.01250403920516021,0.03892677708945253,0.11892356464028427,0.029892906325306907,0.00012075977930288466,0.8935167520539835,/dtu/p1/leopam/ARGOS/ARGOS_FREEZED/experiments/02_massive_training/budget_3x/seed_20260724/validation_metrics.csv,0.8823788045582167,0.6169077736821621,0.03785851695356748,0.09867226444920499,0.20284470731996937,0.09514500664410735,-0.004503224510699511,0.12296693562713065,1.2759969390603958,0.9,0.1,False,24.83749211500981
3x,20260724,validation,29,115217,0.39637562357078654,0.25259063223537676,0.01268291112008907,0.03897043852035445,0.12167425261995139,0.030133374115996477,0.00010520419940014007,0.9014972479781136,/dtu/p1/leopam/ARGOS/ARGOS_FREEZED/experiments/02_massive_training/budget_3x/seed_20260724/validation_metrics.csv,0.8840495758639717,0.619791615216895,0.037570864265051546,0.09861995560199008,0.2028220763276688,0.0899773197649038,-0.002910502254962921,0.11801954545399616,1.1712468223596726,0.9,0.1,False,24.56763925901032
3x,20260724,validation,30,119190,0.3957326557143131,0.2519267836190421,0.012591310140837135,0.03847690073724273,0.12190073998159713,0.029951185115542484,0.0001,0.9622231402609032,/dtu/p1/leopam/ARGOS/ARGOS_FREEZED/experiments/02_massive_training/budget_3x/seed_20260724/validation_metrics.csv,0.8950998172474111,0.6300531431147961,0.03780855775082549,0.09898399829519992,0.2035427712795722,0.0892681359333143,-0.004412483889609575,0.11770655716507535,1.2716699057851033,0.9,0.1,False,25.19789461302571
6x,20260722,train,1,3973,0.7877868353840448,0.5647744654056379,0.0848267555146333,0.08068616028976848,0.14650627975383754,0.06960575267946333,0.0019986980580164217,7.003245093743317,/dtu/p1/leopam/ARGOS/ARGOS_FREEZED/experiments/02_massive_training/budget_6x/seed_20260722/train_metrics.csv,,,,,,,,,,,,,
6x,20260722,train,2,7946,0.6067493607175461,0.434900340301367,0.03816439957921003,0.06923622370568865,0.12477781819711771,0.053399758827407266,0.0019947958005990065,1.424892505077878,/dtu/p1/leopam/ARGOS/ARGOS_FREEZED/experiments/02_massive_training/budget_6x/seed_20260722/train_metrics.csv,,,,,,,,,,,,,
6x,20260722,train,3,11919,0.5668900691904831,0.4036765764032582,0.026191553563440276,0.06342440450272417,0.1242350214997833,0.050132640086821396,0.0019883039235640988,1.116352179495152,/dtu/p1/leopam/ARGOS/ARGOS_FREEZED/experiments/02_massive_training/budget_6x/seed_20260722/train_metrics.csv,,,,,,,,,,,,,
6x,20260722,train,4,15892,0.5427173777792126,0.38285768828937294,0.023777265139821924,0.06028403217894659,0.12318853071834278,0.04855736982843421,0.0019792402206954118,1.2089409203617834,/dtu/p1/leopam/ARGOS/ARGOS_FREEZED/experiments/02_massive_training/budget_6x/seed_20260722/train_metrics.csv,,,,,,,,,,,,,
6x,20260722,train,5,19865,0.5230182331780208,0.36570473790089997,0.022537131385391086,0.058154432646172594,0.12222817154793904,0.04639080469115627,0.0019676295349724867,0.9881125298852567,/dtu/p1/leopam/ARGOS/ARGOS_FREEZED/experiments/02_massive_training/budget_6x/seed_20260722/train_metrics.csv,,,,,,,,,,,,,
6x,20260722,train,6,23838,0.5057704943723802,0.3509797185486881,0.021764120455348868,0.05661012883444138,0.12069819418944581,0.04529013010827234,0.0019535036904778625,1.23836217954522,/dtu/p1/leopam/ARGOS/ARGOS_FREEZED/experiments/02_massive_training/budget_6x/seed_20260722/train_metrics.csv,,,,,,,,,,,,,
6x,20260722,train,7,27811,0.4998153314020662,0.3448513142226356,0.020492013792087517,0.055708982375784005,0.12195984826953235,0.04415453419468129,0.001936901405169823,1.1310591951478273,/dtu/p1/leopam/ARGOS/ARGOS_FREEZED/experiments/02_massive_training/budget_6x/seed_20260722/train_metrics.csv,,,,,,,,,,,,,
6x,20260722,train,8,31784,0.49093177380533026,0.33769551102093565,0.020025235212728216,0.05430809115246032,0.12117006127803903,0.04238291456451531,0.001917868184757982,0.9000675757124554,/dtu/p1/leopam/ARGOS/ARGOS_FREEZED/experiments/02_massive_training/budget_6x/seed_20260722/train_metrics.csv,,,,,,,,,,,,,
6x,20260722,train,9,35757,0.48689488368237793,0.33271825298471924,0.019580565225189982,0.053594222755562596,0.12251457829978209,0.04236592365517414,0.0018964561979764897,0.968860821594717,/dtu/p1/leopam/ARGOS/ARGOS_FREEZED/experiments/02_massive_training/budget_6x/seed_20260722/train_metrics.csv,,,,,,,,,,,,,
6x,20260722,train,10,39730,0.48027295048406976,0.32918589425983746,0.019472221774394862,0.05274206540471596,0.11985623385284162,0.041545755341705314,0.0018727241335927888,1.381855109357275,/dtu/p1/leopam/ARGOS/ARGOS_FREEZED/experiments/02_massive_training/budget_6x/seed_20260722/train_metrics.csv,,,,,,,,,,,,,
6x,20260722,train,11,43703,0.47502931339252275,0.32492960878832344,0.01884108226695453,0.051327782053617155,0.11983858767121922,0.04004345713110616,0.0018467370395457595,1.2210773322731256,/dtu/p1/leopam/ARGOS/ARGOS_FREEZED/experiments/02_massive_training/budget_6x/seed_20260722/train_metrics.csv,,,,,,,,,,,,,
6x,20260722,train,12,47676,0.46837524559255994,0.3195912671084859,0.018292961525056852,0.050554884476233214,0.11912828357726159,0.039352447717159185,0.0018185661446538427,1.087120781041449,/dtu/p1/leopam/ARGOS/ARGOS_FREEZED/experiments/02_massive_training/budget_6x/seed_20260722/train_metrics.csv,,,,,,,,,,,,,
6x,20260722,train,13,51649,0.4641228682379593,0.31410861196005313,0.018051222800198646,0.050462845640759584,0.12054736730053069,0.03912785369504347,0.0017882886633818036,1.037385544157587,/dtu/p1/leopam/ARGOS/ARGOS_FREEZED/experiments/02_massive_training/budget_6x/seed_20260722/train_metrics.csv,,,,,,,,,,,,,
6x,20260722,train,14,55622,0.45922625141737294,0.3103168907228613,0.01730621019355449,0.049298077614334725,0.12032533089226881,0.038032104949221456,0.001755987584201243,0.9436565861687995,/dtu/p1/leopam/ARGOS/ARGOS_FREEZED/experiments/02_massive_training/budget_6x/seed_20260722/train_metrics.csv,,,,,,,,,,,,,
6x,20260722,train,15,59595,0.45380470585551513,0.30520641987333663,0.017172139941638753,0.04881831906980155,0.12041707326717377,0.036953022820266045,0.0017217514421249793,0.9527782021032181,/dtu/p1/leopam/ARGOS/ARGOS_FREEZED/experiments/02_massive_training/budget_6x/seed_20260722/train_metrics.csv,,,,,,,,,,,,,
6x,20260722,train,16,63568,0.4504346932466673,0.302026759443972,0.017155500372683992,0.04787522620027344,0.12051131174937847,0.036750441560089935,0.0016856740760387197,1.2611848069354892,/dtu/p1/leopam/ARGOS/ARGOS_FREEZED/experiments/02_massive_training/budget_6x/seed_20260722/train_metrics.csv,,,,,,,,,,,,,
6x,20260722,train,17,67541,0.4472938186945916,0.3005256919931501,0.01717639027438587,0.04746543286167124,0.11900082438785219,0.03656372638724476,0.0016478543714951912,1.2121723316377029,/dtu/p1/leopam/ARGOS/ARGOS_FREEZED/experiments/02_massive_training/budget_6x/seed_20260722/train_metrics.csv,,,,,,,,,,,,,
6x,20260722,train,18,71514,0.4424926743020106,0.29454824649005673,0.016836544867649978,0.047020840930503745,0.12060027341917438,0.03585345193597432,0.001608395989675746,0.9427136327140033,/dtu/p1/leopam/ARGOS/ARGOS_FREEZED/experiments/02_massive_training/budget_6x/seed_20260722/train_metrics.csv,,,,,,,,,,,,,
6x,20260722,train,19,75487,0.43910527785524084,0.29242324723709506,0.016360214535520137,0.04631399784284967,0.11976682989753308,0.03578300605695193,0.001567407083262229,1.2249566420796327,/dtu/p1/leopam/ARGOS/ARGOS_FREEZED/experiments/02_massive_training/budget_6x/seed_20260722/train_metrics.csv,,,,,,,,,,,,,
6x,20260722,train,20,79460,0.4359386399718367,0.28959031935182084,0.016306730884948,0.04598726899103606,0.11958767469314141,0.03555235201424926,0.0015249999999980143,1.0225755798164755,/dtu/p1/leopam/ARGOS/ARGOS_FREEZED/experiments/02_massive_training/budget_6x/seed_20260722/train_metrics.csv,,,,,,,,,,,,,
6x,20260722,train,21,83433,0.4331668132469302,0.2885417559177336,0.015682487738717946,0.04556692030462264,0.1183488953163814,0.03521607007963544,0.001481290974750642,1.0440887114673387,/dtu/p1/leopam/ARGOS/ARGOS_FREEZED/experiments/02_massive_training/budget_6x/seed_20260722/train_metrics.csv,,,,,,,,,,,,,
6x,20260722,train,22,87406,0.4327732449504806,0.28476323720640645,0.015919592235350583,0.045198265476358114,0.12191891950467709,0.0341586394541635,0.0014363998109201464,1.0447321995161474,/dtu/p1/leopam/ARGOS/ARGOS_FREEZED/experiments/02_massive_training/budget_6x/seed_20260722/train_metrics.csv,,,,,,,,,,,,,
6x,20260722,train,23,91379,0.42516998493218344,0.2825942763835079,0.015537298543204308,0.04435132580215996,0.11682650910302708,0.034463620803952065,0.0013904495520662339,1.0398926918278448,/dtu/p1/leopam/ARGOS/ARGOS_FREEZED/experiments/02_massive_training/budget_6x/seed_20260722/train_metrics.csv,,,,,,,,,,,,,
6x,20260722,train,24,95352,0.42492902678996136,0.2794339642647852,0.014990971545785386,0.044370651542352785,0.12014515222801074,0.03380879244455126,0.001343566144654463,1.0163293197692838,/dtu/p1/leopam/ARGOS/ARGOS_FREEZED/experiments/02_massive_training/budget_6x/seed_20260722/train_metrics.csv,,,,,,,,,,,,,
6x,20260722,train,25,99325,0.4220577712615461,0.2780453194567562,0.015071336170155653,0.043941768341042096,0.11878438795507217,0.033534625600934356,0.001295878092845718,0.8728808127634693,/dtu/p1/leopam/ARGOS/ARGOS_FREEZED/experiments/02_massive_training/budget_6x/seed_20260722/train_metrics.csv,,,,,,,,,,,,,
6x,20260722,train,26,103298,0.4188657186263429,0.27425752564272665,0.015017042197301147,0.043601461036518505,0.11945054898933495,0.03374379856773087,0.0012475161062752602,1.037455898389453,/dtu/p1/leopam/ARGOS/ARGOS_FREEZED/experiments/02_massive_training/budget_6x/seed_20260722/train_metrics.csv,,,,,,,,,,,,,
6x,20260722,train,27,107271,0.4151369579813356,0.27281935263416673,0.014641345488791266,0.04331923760075812,0.11746182897485176,0.03352649932600166,0.0011986127417866676,1.0990462352056056,/dtu/p1/leopam/ARGOS/ARGOS_FREEZED/experiments/02_massive_training/budget_6x/seed_20260722/train_metrics.csv,,,,,,,,,,,,,
6x,20260722,train,28,111244,0.412093439996205,0.27042393129916237,0.014732974615058677,0.042929199212982036,0.11697782049873989,0.03296451583005846,0.0011493020401027927,1.1144552160403691,/dtu/p1/leopam/ARGOS/ARGOS_FREEZED/experiments/02_massive_training/budget_6x/seed_20260722/train_metrics.csv,,,,,,,,,,,,,
6x,20260722,train,29,115217,0.41059530296581176,0.26780545227735925,0.01468556002213151,0.042076647136310714,0.1184314840504646,0.032482069684251144,0.001099719158429394,1.2201910005242098,/dtu/p1/leopam/ARGOS/ARGOS_FREEZED/experiments/02_massive_training/budget_6x/seed_20260722/train_metrics.csv,,,,,,,,,,,,,
6x,20260722,train,30,119190,0.4085366216111012,0.26589954318842046,0.01419163932819285,0.04212955539233152,0.11855849517444174,0.03225158630916462,0.001049999999998555,1.3623928191664163,/dtu/p1/leopam/ARGOS/ARGOS_FREEZED/experiments/02_massive_training/budget_6x/seed_20260722/train_metrics.csv,,,,,,,,,,,,,
6x,20260722,train,31,123163,0.40707094976835545,0.264010447822183,0.014199135784894741,0.041972238481374824,0.118999119519366,0.03234397965956178,0.001000280841567629,0.9963323067640886,/dtu/p1/leopam/ARGOS/ARGOS_FREEZED/experiments/02_massive_training/budget_6x/seed_20260722/train_metrics.csv,,,,,,,,,,,,,
6x,20260722,train,32,127136,0.40599788129779757,0.26296418140415667,0.014150605915925821,0.041228470407410414,0.11928338846032363,0.03183936832715065,0.0009506979598941348,0.9747640870918985,/dtu/p1/leopam/ARGOS/ARGOS_FREEZED/experiments/02_massive_training/budget_6x/seed_20260722/train_metrics.csv,,,,,,,,,,,,,
6x,20260722,train,33,131109,0.4042590251110406,0.26136141787092076,0.014077267379811976,0.04099966797990813,0.11928578053563346,0.03161643177323398,0.0009013872582102765,0.9850866509077605,/dtu/p1/leopam/ARGOS/ARGOS_FREEZED/experiments/02_massive_training/budget_6x/seed_20260722/train_metrics.csv,,,,,,,,,,,,,
6x,20260722,train,34,135082,0.39942345228876003,0.2589231859062785,0.013792277100277287,0.04076108800609714,0.11715592175915278,0.03128979387914627,0.0008524838937217165,1.0992664999503177,/dtu/p1/leopam/ARGOS/ARGOS_FREEZED/experiments/02_massive_training/budget_6x/seed_20260722/train_metrics.csv,,,,,,,,,,,,,
6x,20260722,train,35,139055,0.3968894848055723,0.2561765992917869,0.013553795577084336,0.040561597705217445,0.11754249198607895,0.03126543929827114,0.0008041219071512812,1.0551774587365799,/dtu/p1/leopam/ARGOS/ARGOS_FREEZED/experiments/02_massive_training/budget_6x/seed_20260722/train_metrics.csv,,,,,,,,,,,,,
6x,20260722,train,36,143028,0.3965443779517264,0.2551102668451079,0.013556342202568324,0.040508117812753416,0.11840606473089521,0.030614267210500715,0.0007564338553425626,1.1032016439712606,/dtu/p1/leopam/ARGOS/ARGOS_FREEZED/experiments/02_massive_training/budget_6x/seed_20260722/train_metrics.csv,,,,,,,,,,,,,
6x,20260722,train,37,147001,0.39307462875519145,0.253522707330822,0.013361851760317995,0.039866897316622366,0.11673509170133184,0.03084585788476206,0.0007095504479308171,1.1355853481800295,/dtu/p1/leopam/ARGOS/ARGOS_FREEZED/experiments/02_massive_training/budget_6x/seed_20260722/train_metrics.csv,,,,,,,,,,,,,
6x,20260722,train,38,150974,0.39224206220021995,0.25250460968085386,0.01318350180861883,0.03984136267526747,0.11707743579777755,0.03053973467020553,0.0006636001890769243,1.2119950060150586,/dtu/p1/leopam/ARGOS/ARGOS_FREEZED/experiments/02_massive_training/budget_6x/seed_20260722/train_metrics.csv,,,,,,,,,,,,,
6x,20260722,train,39,154947,0.38846095768219574,0.25002639983651054,0.01300694079048324,0.03945768159545073,0.11604700341920109,0.03009827419639144,0.0006187090252464519,1.1204286494466942,/dtu/p1/leopam/ARGOS/ARGOS_FREEZED/experiments/02_massive_training/budget_6x/seed_20260722/train_metrics.csv,,,,,,,,,,,,,
6x,20260722,train,40,158920,0.39013223167487276,0.24966318179095404,0.013046304331528641,0.039087652585959344,0.11816532505894624,0.03004340611805161,0.0005749999999991333,1.1943384660989977,/dtu/p1/leopam/ARGOS/ARGOS_FREEZED/experiments/02_massive_training/budget_6x/seed_20260722/train_metrics.csv,,,,,,,,,,,,,
6x,20260722,train,41,162893,0.3876128655799969,0.247295345643171,0.012976597772635521,0.039141997069379666,0.11803723056091564,0.030032439223471197,0.0005325929167350369,1.213684875954641,/dtu/p1/leopam/ARGOS/ARGOS_FREEZED/experiments/02_massive_training/budget_6x/seed_20260722/train_metrics.csv,,,,,,,,,,,,,
6x,20260722,train,42,166866,0.38750286133462464,0.2471706628749743,0.012766686374017547,0.03882425646992668,0.1182878682342504,0.029774503566262826,0.0004916040103216306,1.1351083398621995,/dtu/p1/leopam/ARGOS/ARGOS_FREEZED/experiments/02_massive_training/budget_6x/seed_20260722/train_metrics.csv,,,,,,,,,,,,,
6x,20260722,train,43,170839,0.3826013162990916,0.24438666923990365,0.012638486394973501,0.0383224515719637,0.11650336088751917,0.02905708459892052,0.0004521456285021947,1.0607069271209184,/dtu/p1/leopam/ARGOS/ARGOS_FREEZED/experiments/02_massive_training/budget_6x/seed_20260722/train_metrics.csv,,,,,,,,,,,,,
6x,20260722,train,44,174812,0.38567716623812337,0.2432987859780651,0.012660837463471733,0.0381519315061538,0.12068122520603534,0.02914378302780831,0.0004143259239586724,1.3372990255302284,/dtu/p1/leopam/ARGOS/ARGOS_FREEZED/experiments/02_massive_training/budget_6x/seed_20260722/train_metrics.csv,,,,,,,,,,,,,
6x,20260722,train,45,178785,0.3838197187886951,0.24226205324598937,0.01245371365179902,0.03793420880941992,0.12007506538603034,0.02886082044093038,0.0003782485578724147,1.2471367146936245,/dtu/p1/leopam/ARGOS/ARGOS_FREEZED/experiments/02_massive_training/budget_6x/seed_20260722/train_metrics.csv,,,,,,,,,,,,,
6x,20260722,train,46,182758,0.3828676505796771,0.2419550224000355,0.012616706896110809,0.03826865639692051,0.11922697692449874,0.029050829666794443,0.0003440124157961557,1.2373075702635106,/dtu/p1/leopam/ARGOS/ARGOS_FREEZED/experiments/02_massive_training/budget_6x/seed_20260722/train_metrics.csv,,,,,,,,,,,,,
6x,20260722,train,47,186731,0.37861412283799195,0.24028591171850297,0.012284526009951327,0.03755738444039362,0.11705844723819944,0.028690739239669406,0.0003117113366156521,0.8671158087963704,/dtu/p1/leopam/ARGOS/ARGOS_FREEZED/experiments/02_massive_training/budget_6x/seed_20260722/train_metrics.csv,,,,,,,,,,,,,
6x,20260722,train,48,190704,0.37605262460811084,0.2392054691056543,0.012390180110546725,0.03741049228891029,0.11561864242367888,0.028404101898170317,0.0002814338553436547,1.180992375826463,/dtu/p1/leopam/ARGOS/ARGOS_FREEZED/experiments/02_massive_training/budget_6x/seed_20260722/train_metrics.csv,,,,,,,,,,,,,
6x,20260722,train,49,194677,0.3783659959451516,0.2389900553408938,0.012153447707551219,0.03737427835496179,0.1182961288127901,0.028297532333884826,0.00025326296045177456,1.1526066940859891,/dtu/p1/leopam/ARGOS/ARGOS_FREEZED/experiments/02_massive_training/budget_6x/seed_20260722/train_metrics.csv,,,,,,,,,,,,,
6x,20260722,train,50,198650,0.37626116288033085,0.23799299291578133,0.012258208604396354,0.03729332525234106,0.11715432528390911,0.02830698314314371,0.00022727586640477202,1.069267021957785,/dtu/p1/leopam/ARGOS/ARGOS_FREEZED/experiments/02_massive_training/budget_6x/seed_20260722/train_metrics.csv,,,,,,,,,,,,,
6x,20260722,train,51,202623,0.3725880574910385,0.23635211467190642,0.011982909735464958,0.03695707237889454,0.1154404233874115,0.02782405523938194,0.00020354380202105112,1.303192124934867,/dtu/p1/leopam/ARGOS/ARGOS_FREEZED/experiments/02_massive_training/budget_6x/seed_20260722/train_metrics.csv,,,,,,,,,,,,,
6x,20260722,train,52,206596,0.372659210816097,0.23558015935122967,0.011915449374810138,0.036762698963314966,0.11634999839671044,0.02790311107160221,0.00018213181523952997,1.1341172234679107,/dtu/p1/leopam/ARGOS/ARGOS_FREEZED/experiments/02_massive_training/budget_6x/seed_20260722/train_metrics.csv,,,,,,,,,,,,,
6x,20260722,train,53,210569,0.3749833006347093,0.23510011653993687,0.011986873068578595,0.03705909741842468,0.11901877897191701,0.028030891308039166,0.00016309859482765808,1.2667986362648662,/dtu/p1/leopam/ARGOS/ARGOS_FREEZED/experiments/02_massive_training/budget_6x/seed_20260722/train_metrics.csv,,,,,,,,,,,,,
6x,20260722,train,54,214542,0.36977315943509065,0.23379900948379612,0.011847583036451337,0.03649992964718291,0.1153787352652691,0.0277332407444633,0.00014649630951960304,1.1851380405714735,/dtu/p1/leopam/ARGOS/ARGOS_FREEZED/experiments/02_massive_training/budget_6x/seed_20260722/train_metrics.csv,,,,,,,,,,,,,
6x,20260722,train,55,218515,0.37226338013575294,0.2345950744226631,0.011847190102947918,0.03700763272388076,0.11692243905174468,0.027851835264536707,0.00013237046502538417,1.1646652648050804,/dtu/p1/leopam/ARGOS/ARGOS_FREEZED/experiments/02_massive_training/budget_6x/seed_20260722/train_metrics.csv,,,,,,,,,,,,,
6x,20260722,train,56,222488,0.3731097738253149,0.23467426586135745,0.011847320076303448,0.03674700668341488,0.11778860634568823,0.027682424161706017,0.00012075977930288443,1.17376691577374,/dtu/p1/leopam/ARGOS/ARGOS_FREEZED/experiments/02_massive_training/budget_6x/seed_20260722/train_metrics.csv,,,,,,,,,,,,,
6x,20260722,train,57,226461,0.3718272028249456,0.23293646240010088,0.01177896692628182,0.036549798178428156,0.11833881942289015,0.027624990788269427,0.0001116960764346188,1.1426984122372232,/dtu/p1/leopam/ARGOS/ARGOS_FREEZED/experiments/02_massive_training/budget_6x/seed_20260722/train_metrics.csv,,,,,,,,,,,,,
6x,20260722,train,58,230434,0.36859286836051475,0.2331293037950265,0.011816299532681025,0.036351813145123445,0.11497239893341703,0.027475280723312536,0.00010520419940014007,1.216293844190659,/dtu/p1/leopam/ARGOS/ARGOS_FREEZED/experiments/02_massive_training/budget_6x/seed_20260722/train_metrics.csv,,,,,,,,,,,,,
6x,20260722,train,59,234407,0.36857261797593727,0.2328754750879989,0.011718638235958152,0.03635052450850049,0.11524915850653085,0.027505130993458776,0.00010130194198315489,1.0969333670800552,/dtu/p1/leopam/ARGOS/ARGOS_FREEZED/experiments/02_massive_training/budget_6x/seed_20260722/train_metrics.csv,,,,,,,,,,,,,
6x,20260722,train,60,238380,0.3702037121576444,0.23295076763721054,0.011779871956662578,0.03620149606366246,0.11681264287679863,0.027499768525744577,0.0001,1.0863182726607192,/dtu/p1/leopam/ARGOS/ARGOS_FREEZED/experiments/02_massive_training/budget_6x/seed_20260722/train_metrics.csv,,,,,,,,,,,,,
6x,20260722,validation,1,3973,0.7877868353840448,0.5647744654056379,0.0848267555146333,0.08068616028976848,0.14650627975383754,0.06960575267946333,0.0019986980580164217,7.003245093743317,/dtu/p1/leopam/ARGOS/ARGOS_FREEZED/experiments/02_massive_training/budget_6x/seed_20260722/validation_metrics.csv,1.4540089303689288,1.105017082876717,0.06746883741461002,0.11146256308068672,0.21790188685316828,0.3474494976237374,-0.012564720585942268,0.11695731879005253,1.7920535115225653,0.9,-0.05,False,58.879276518011466
6x,20260722,validation,2,7946,0.6067493607175461,0.434900340301367,0.03816439957921003,0.06923622370568865,0.12477781819711771,0.053399758827407266,0.0019947958005990065,1.424892505077878,/dtu/p1/leopam/ARGOS/ARGOS_FREEZED/experiments/02_massive_training/budget_6x/seed_20260722/validation_metrics.csv,0.9939535977627267,0.6958700009712433,0.05371531704011177,0.11257555078831391,0.21293715776059716,0.15072446180020294,-0.009246661327779293,0.07575525040875787,1.8293398912915542,0.9,0.1,False,57.157749206002336
6x,20260722,validation,3,11919,0.5668900691904831,0.4036765764032582,0.026191553563440276,0.06342440450272417,0.1242350214997833,0.050132640086821396,0.0019883039235640988,1.116352179495152,/dtu/p1/leopam/ARGOS/ARGOS_FREEZED/experiments/02_massive_training/budget_6x/seed_20260722/validation_metrics.csv,0.9510959092185761,0.6703146848556222,0.038486935952087985,0.09489940503804241,0.20618587817781753,0.15813512506770533,-0.010218026116490364,0.13207864102660158,1.6952266077216827,0.9,0.1,False,56.97061617500731
6x,20260722,validation,4,15892,0.5427173777792126,0.38285768828937294,0.023777265139821924,0.06028403217894659,0.12318853071834278,0.04855736982843421,0.0019792402206954118,1.2089409203617834,/dtu/p1/leopam/ARGOS/ARGOS_FREEZED/experiments/02_massive_training/budget_6x/seed_20260722/validation_metrics.csv,0.9479642743588396,0.6620327531586533,0.04737422278401148,0.1023911454024493,0.20834898356394094,0.14148819776006966,-0.014900912530720234,0.17399006896618396,2.043067772527509,0.9,0.1,False,56.895197007019306
6x,20260722,validation,5,19865,0.5230182331780208,0.36570473790089997,0.022537131385391086,0.058154432646172594,0.12222817154793904,0.04639080469115627,0.0019676295349724867,0.9881125298852567,/dtu/p1/leopam/ARGOS/ARGOS_FREEZED/experiments/02_massive_training/budget_6x/seed_20260722/validation_metrics.csv,1.2766470467722857,0.9571832127855031,0.04632931926484637,0.09146645764160334,0.21417059321326531,0.296309837928507,-0.000607644731644541,0.04113439523774421,1.0779986105922796,0.9,0.1,False,56.78295659998548
6x,20260722,validation,6,23838,0.5057704943723802,0.3509797185486881,0.021764120455348868,0.05661012883444138,0.12069819418944581,0.04529013010827234,0.0019535036904778625,1.23836217954522,/dtu/p1/leopam/ARGOS/ARGOS_FREEZED/experiments/02_massive_training/budget_6x/seed_20260722/validation_metrics.csv,0.8975030926242118,0.6068221281900255,0.04978788939948734,0.10417943458203244,0.20716572553007498,0.16288218632945747,-0.007487209513783455,0.1527503694832793,1.4878585794350698,0.9,0.1,False,57.80914799700258
6x,20260722,validation,7,27811,0.4998153314020662,0.3448513142226356,0.020492013792087517,0.055708982375784005,0.12195984826953235,0.04415453419468129,0.001936901405169823,1.1310591951478273,/dtu/p1/leopam/ARGOS/ARGOS_FREEZED/experiments/02_massive_training/budget_6x/seed_20260722/validation_metrics.csv,0.9595217518755143,0.6651180616369367,0.04369297306041886,0.10678336620656817,0.21077957649538143,0.17540892857215443,-0.006937870290130377,0.12937292373357567,1.4530121042679869,0.9,0.1,False,56.6269287810137
6x,20260722,validation,8,31784,0.49093177380533026,0.33769551102093565,0.020025235212728216,0.05430809115246032,0.12117006127803903,0.04238291456451531,0.001917868184757982,0.9000675757124554,/dtu/p1/leopam/ARGOS/ARGOS_FREEZED/experiments/02_massive_training/budget_6x/seed_20260722/validation_metrics.csv,1.0289541553836334,0.740834550369908,0.03965606096378187,0.09421362813743661,0.20856796211916373,0.18085102496635436,-0.008261322975158691,0.15555155424667103,1.4491973531120133,0.9,0.1,False,56.67146369401598
6x,20260722,validation,9,35757,0.48689488368237793,0.33271825298471924,0.019580565225189982,0.053594222755562596,0.12251457829978209,0.04236592365517414,0.0018964561979764897,0.968860821594717,/dtu/p1/leopam/ARGOS/ARGOS_FREEZED/experiments/02_massive_training/budget_6x/seed_20260722/validation_metrics.csv,0.9577037536150572,0.6749520162922262,0.047265293601990215,0.10036608950702373,0.20846204191812842,0.1278276383808956,-0.003264922881498933,0.20774204931196957,1.202532613009274,0.9,0.05,False,92.06746031201328
6x,20260722,validation,10,39730,0.48027295048406976,0.32918589425983746,0.019472221774394862,0.05274206540471596,0.11985623385284162,0.041545755341705314,0.0018727241335927888,1.381855109357275,/dtu/p1/leopam/ARGOS/ARGOS_FREEZED/experiments/02_massive_training/budget_6x/seed_20260722/validation_metrics.csv,1.1492996765626637,0.852576261268208,0.04503469464043992,0.10151163518055216,0.21041738687306924,0.1920538673454853,-0.008780167438089848,0.2040272771106468,1.4843693767125392,0.9,0.01,False,115.88425750701572
6x,20260722,validation,11,43703,0.47502931339252275,0.32492960878832344,0.01884108226695453,0.051327782053617155,0.11983858767121922,0.04004345713110616,0.0018467370395457595,1.2210773322731256,/dtu/p1/leopam/ARGOS/ARGOS_FREEZED/experiments/02_massive_training/budget_6x/seed_20260722/validation_metrics.csv,0.8759640308560463,0.5987689161960427,0.03960370250800034,0.09685675769779116,0.20876485523269947,0.12207108247073206,-0.007067566271871328,0.1498476750045619,1.4356186978364194,0.9,0.1,False,111.79979812901001
6x,20260722,validation,12,47676,0.46837524559255994,0.3195912671084859,0.018292961525056852,0.050554884476233214,0.11912828357726159,0.039352447717159185,0.0018185661446538427,1.087120781041449,/dtu/p1/leopam/ARGOS/ARGOS_FREEZED/experiments/02_massive_training/budget_6x/seed_20260722/validation_metrics.csv,0.8428015937092965,0.5751447067767833,0.041591724135023926,0.10352825286914705,0.20990431357206832,0.055373239393078706,0.004445861093699932,0.07321388217864018,0.5898433876554006,0.9,0.05,False,74.43242833597469
6x,20260722,validation,13,51649,0.4641228682379593,0.31410861196005313,0.018051222800198646,0.050462845640759584,0.12054736730053069,0.03912785369504347,0.0017882886633818036,1.037385544157587,/dtu/p1/leopam/ARGOS/ARGOS_FREEZED/experiments/02_massive_training/budget_6x/seed_20260722/validation_metrics.csv,0.8787184177687287,0.6083317305734108,0.0365474505613002,0.0882827153211537,0.2073401335649749,0.11351073241246393,2.0643206880777143e-05,0.12863697829746457,0.9986845829482005,0.9,0.1,False,74.75848129499354
6x,20260722,validation,14,55622,0.45922625141737294,0.3103168907228613,0.01730621019355449,0.049298077614334725,0.12032533089226881,0.038032104949221456,0.001755987584201243,0.9436565861687995,/dtu/p1/leopam/ARGOS/ARGOS_FREEZED/experiments/02_massive_training/budget_6x/seed_20260722/validation_metrics.csv,0.855212542486563,0.5861051460602933,0.03514191639400814,0.09075096512676809,0.20765163396311573,0.10598531616475705,-0.0027453710790723562,0.09016358774004328,1.1824968722729468,0.9,0.1,False,56.966439162002644
6x,20260722,validation,15,59595,0.45380470585551513,0.30520641987333663,0.017172139941638753,0.04881831906980155,0.12041707326717377,0.036953022820266045,0.0017217514421249793,0.9527782021032181,/dtu/p1/leopam/ARGOS/ARGOS_FREEZED/experiments/02_massive_training/budget_6x/seed_20260722/validation_metrics.csv,0.8661739376348037,0.59692329746145,0.03835904852058932,0.09851435830115271,0.21119422674295382,0.07124149334079034,-0.0001471481955377385,0.1079495400038912,1.0120508383841147,0.9,0.1,False,56.88704309699824
6x,20260722,validation,16,63568,0.4504346932466673,0.302026759443972,0.017155500372683992,0.04787522620027344,0.12051131174937847,0.036750441560089935,0.0016856740760387197,1.2611848069354892,/dtu/p1/leopam/ARGOS/ARGOS_FREEZED/experiments/02_massive_training/budget_6x/seed_20260722/validation_metrics.csv,0.8232579496649491,0.5583174570957895,0.03995920345671792,0.09381196547029566,0.2083298121415988,0.06589044340017508,-0.0004799102898687124,0.11536941681460096,1.0334739261278703,0.9,0.02,False,57.116003435017774
6x,20260722,validation,17,67541,0.4472938186945916,0.3005256919931501,0.01717639027438587,0.04746543286167124,0.11900082438785219,0.03656372638724476,0.0016478543714951912,1.2121723316377029,/dtu/p1/leopam/ARGOS/ARGOS_FREEZED/experiments/02_massive_training/budget_6x/seed_20260722/validation_metrics.csv,0.8653114933376055,0.5988371385897571,0.03686462400407092,0.0914917997345694,0.21097483513515544,0.07097129914679036,0.0010173007613047957,0.09321008764880538,0.9225472315109331,0.9,0.1,False,56.636055217008106
6x,20260722,validation,18,71514,0.4424926743020106,0.29454824649005673,0.016836544867649978,0.047020840930503745,0.12060027341917438,0.03585345193597432,0.001608395989675746,0.9427136327140033,/dtu/p1/leopam/ARGOS/ARGOS_FREEZED/experiments/02_massive_training/budget_6x/seed_20260722/validation_metrics.csv,0.956687048754268,0.679141708994205,0.04033249014611431,0.09270791019351145,0.20456636066979383,0.1481787749743005,0.0011410497827455401,0.16995989157795643,0.9401875072067716,0.9,0.01,False,56.61979976898874
6x,20260722,validation,19,75487,0.43910527785524084,0.29242324723709506,0.016360214535520137,0.04631399784284967,0.11976682989753308,0.03578300605695193,0.001567407083262229,1.2249566420796327,/dtu/p1/leopam/ARGOS/ARGOS_FREEZED/experiments/02_massive_training/budget_6x/seed_20260722/validation_metrics.csv,0.8670323471782787,0.6028414477039985,0.037686201917578516,0.09617737990644537,0.20817737535519795,0.06563039295653691,0.001479776226915419,0.1310272904035857,0.9032519352274864,0.9,0,False,57.65298263099976
6x,20260722,validation,20,79460,0.4359386399718367,0.28959031935182084,0.016306730884948,0.04598726899103606,0.11958767469314141,0.03555235201424926,0.0015249999999980143,1.0225755798164755,/dtu/p1/leopam/ARGOS/ARGOS_FREEZED/experiments/02_massive_training/budget_6x/seed_20260722/validation_metrics.csv,0.9052139233618044,0.6327188056254849,0.03444809318069006,0.09293789800353192,0.20456384275683054,0.13736377167768773,-0.0006707640714012086,0.17266077507501448,1.0323295458617527,0.9,0.1,False,57.0434640639869
6x,20260722,validation,21,83433,0.4331668132469302,0.2885417559177336,0.015682487738717946,0.04556692030462264,0.1183488953163814,0.03521607007963544,0.001481290974750642,1.0440887114673387,/dtu/p1/leopam/ARGOS/ARGOS_FREEZED/experiments/02_massive_training/budget_6x/seed_20260722/validation_metrics.csv,0.8235823204044813,0.564188933992087,0.032656085449680614,0.08646995617211563,0.20992540513132693,0.057612246065744374,0.0060534486547112465,0.11613678192450336,0.600626160479209,0.9,0.02,False,56.9616734200099
6x,20260722,validation,22,87406,0.4327732449504806,0.28476323720640645,0.015919592235350583,0.045198265476358114,0.12191891950467709,0.0341586394541635,0.0014363998109201464,1.0447321995161474,/dtu/p1/leopam/ARGOS/ARGOS_FREEZED/experiments/02_massive_training/budget_6x/seed_20260722/validation_metrics.csv,0.8893005445444483,0.6201901539557507,0.03594626905462663,0.0930663432210927,0.20638071345350403,0.10744979192283059,-0.0030080191791057587,0.13197954820925986,1.1629909906199905,0.9,0.1,False,56.91637656398234
6x,20260722,validation,23,91379,0.42516998493218344,0.2825942763835079,0.015537298543204308,0.04435132580215996,0.11682650910302708,0.034463620803952065,0.0013904495520662339,1.0398926918278448,/dtu/p1/leopam/ARGOS/ARGOS_FREEZED/experiments/02_massive_training/budget_6x/seed_20260722/validation_metrics.csv,0.8621984758011666,0.596586317773785,0.03362059279914607,0.09158928766430337,0.2022204271860442,0.11842057616837301,-0.0013317595003172755,0.32240210656828283,1.0456721770093822,0.9,0,False,56.96987115900265
6x,20260722,validation,24,95352,0.42492902678996136,0.2794339642647852,0.014990971545785386,0.044370651542352785,0.12014515222801074,0.03380879244455126,0.001343566144654463,1.0163293197692838,/dtu/p1/leopam/ARGOS/ARGOS_FREEZED/experiments/02_massive_training/budget_6x/seed_20260722/validation_metrics.csv,0.8797152511134053,0.6162260605274306,0.03622924174532795,0.09153688105085139,0.20729186781660047,0.07599241305469087,0.00436780508607626,0.19261831017743655,0.7698202653309877,0.9,0,False,51.590096212981734
6x,20260722,validation,25,99325,0.4220577712615461,0.2780453194567562,0.015071336170155653,0.043941768341042096,0.11878438795507217,0.033534625600934356,0.001295878092845718,0.8728808127634693,/dtu/p1/leopam/ARGOS/ARGOS_FREEZED/experiments/02_massive_training/budget_6x/seed_20260722/validation_metrics.csv,0.8073652157649863,0.5460358043143996,0.03621544888244842,0.08943429905443225,0.20847918263521106,0.06191964804232345,0.003135601757094264,0.1251796057314319,0.8071536892352228,0.9,0,False,25.31873677499243
6x,20260722,validation,26,103298,0.4188657186263429,0.27425752564272665,0.015017042197301147,0.043601461036518505,0.11945054898933495,0.03374379856773087,0.0012475161062752602,1.037455898389453,/dtu/p1/leopam/ARGOS/ARGOS_FREEZED/experiments/02_massive_training/budget_6x/seed_20260722/validation_metrics.csv,0.8978948140113333,0.6301622225681819,0.0341612597848813,0.08588168333288852,0.20583202726980399,0.11674757321978353,0.0015380870318040252,0.2395750126585032,0.9327921524753399,0.9,0,False,25.287088244978804
6x,20260722,validation,27,107271,0.4151369579813356,0.27281935263416673,0.014641345488791266,0.04331923760075812,0.11746182897485176,0.03352649932600166,0.0011986127417866676,1.0990462352056056,/dtu/p1/leopam/ARGOS/ARGOS_FREEZED/experiments/02_massive_training/budget_6x/seed_20260722/validation_metrics.csv,0.8409921611212511,0.5758641926869539,0.03593461713526758,0.09113760681816507,0.20715321301832415,0.08611522549749348,0.0028271630872040987,0.1692988699793476,0.8600908960302193,0.9,0,False,25.59197934900294
6x,20260722,validation,28,111244,0.412093439996205,0.27042393129916237,0.014732974615058677,0.042929199212982036,0.11697782049873989,0.03296451583005846,0.0011493020401027927,1.1144552160403691,/dtu/p1/leopam/ARGOS/ARGOS_FREEZED/experiments/02_massive_training/budget_6x/seed_20260722/validation_metrics.csv,0.8288343084047398,0.568423919422004,0.03312743763595092,0.08349592590829236,0.20844543714943284,0.07263625980719149,0.0019533385057002306,0.5128307071722656,0.914140114172483,0.6,0,False,25.616444481012877
6x,20260722,validation,29,115217,0.41059530296581176,0.26780545227735925,0.01468556002213151,0.042076647136310714,0.1184314840504646,0.032482069684251144,0.001099719158429394,1.2201910005242098,/dtu/p1/leopam/ARGOS/ARGOS_FREEZED/experiments/02_massive_training/budget_6x/seed_20260722/validation_metrics.csv,0.8373968187391815,0.5760063150229748,0.03485148601933773,0.0911730540965445,0.20706080527960297,0.07055346452007237,0.0011926164152100682,0.16108262528292813,0.9392872355189114,0.9,0,False,25.51201180697535
6x,20260722,validation,30,119190,0.4085366216111012,0.26589954318842046,0.01419163932819285,0.04212955539233152,0.11855849517444174,0.03225158630916462,0.001049999999998555,1.3623928191664163,/dtu/p1/leopam/ARGOS/ARGOS_FREEZED/experiments/02_massive_training/budget_6x/seed_20260722/validation_metrics.csv,0.8686887806417137,0.6067219591235201,0.03136433267749162,0.08439025863884599,0.20335147768354206,0.10917807187461127,0.006061576772481203,0.25951200412806175,0.7717384387139942,0.9,0.1,False,25.46899695499451
6x,20260722,validation,31,123163,0.40707094976835545,0.264010447822183,0.014199135784894741,0.041972238481374824,0.118999119519366,0.03234397965956178,0.001000280841567629,0.9963323067640886,/dtu/p1/leopam/ARGOS/ARGOS_FREEZED/experiments/02_massive_training/budget_6x/seed_20260722/validation_metrics.csv,0.8272137756097283,0.5651656507286212,0.03534933350462195,0.09171145022019626,0.20815126998781763,0.06647163011717272,0.0023216218687593937,0.13360974589943045,0.871330420531083,0.9,0,False,25.12088859200594
6x,20260722,validation,32,127136,0.40599788129779757,0.26296418140415667,0.014150605915925821,0.041228470407410414,0.11928338846032363,0.03183936832715065,0.0009506979598941348,0.9747640870918985,/dtu/p1/leopam/ARGOS/ARGOS_FREEZED/experiments/02_massive_training/budget_6x/seed_20260722/validation_metrics.csv,0.826667631416808,0.563020980843786,0.035437015697510704,0.09138354631777423,0.20818224813006714,0.07450004076607813,0.002913661301136017,0.16130860524442694,0.8463466007976598,0.9,0,False,25.689461439003935
6x,20260722,validation,33,131109,0.4042590251110406,0.26136141787092076,0.014077267379811976,0.04099966797990813,0.11928578053563346,0.03161643177323398,0.0009013872582102765,0.9850866509077605,/dtu/p1/leopam/ARGOS/ARGOS_FREEZED/experiments/02_massive_training/budget_6x/seed_20260722/validation_metrics.csv,0.8683279274470308,0.6029110157698421,0.03743119654190606,0.0961168263416584,0.2079370938710227,0.07367507621118562,0.00309519050642848,0.16539678818426914,0.8316253181784624,0.9,0,False,25.503168294992065
6x,20260722,validation,34,135082,0.39942345228876003,0.2589231859062785,0.013792277100277287,0.04076108800609714,0.11715592175915278,0.03128979387914627,0.0008524838937217165,1.0992664999503177,/dtu/p1/leopam/ARGOS/ARGOS_FREEZED/experiments/02_massive_training/budget_6x/seed_20260722/validation_metrics.csv,0.8238856159115356,0.5634459872803208,0.03321839840750077,0.08808008045570039,0.20599023502869857,0.07910087720071905,0.004950934089720249,0.18402986319148962,0.7544105043787758,0.9,0,False,25.114208924991544
6x,20260722,validation,35,139055,0.3968894848055723,0.2561765992917869,0.013553795577084336,0.040561597705217445,0.11754249198607895,0.03126543929827114,0.0008041219071512812,1.0551774587365799,/dtu/p1/leopam/ARGOS/ARGOS_FREEZED/experiments/02_massive_training/budget_6x/seed_20260722/validation_metrics.csv,0.8495092814331813,0.5848685540188396,0.03437525970306663,0.08880621022116367,0.2046114055522653,0.103200685212165,0.001855173846706748,0.2673850493107611,0.9250258448682174,0.9,0,False,25.11965149201569
6x,20260722,validation,36,143028,0.3965443779517264,0.2551102668451079,0.013556342202568324,0.040508117812753416,0.11840606473089521,0.030614267210500715,0.0007564338553425626,1.1032016439712606,/dtu/p1/leopam/ARGOS/ARGOS_FREEZED/experiments/02_massive_training/budget_6x/seed_20260722/validation_metrics.csv,0.8836190230376109,0.619589504717991,0.03650844295792433,0.08790992946622148,0.20960536146009573,0.07096226684423694,0.0018648881232365966,0.14099216079138907,0.8848047602434007,0.9,0,False,25.15808974497486
6x,20260722,validation,37,147001,0.39307462875519145,0.253522707330822,0.013361851760317995,0.039866897316622366,0.11673509170133184,0.03084585788476206,0.0007095504479308171,1.1355853481800295,/dtu/p1/leopam/ARGOS/ARGOS_FREEZED/experiments/02_massive_training/budget_6x/seed_20260722/validation_metrics.csv,0.8438725187711932,0.5820583545478623,0.03410197339481485,0.09026891019848654,0.2054698508428436,0.0836304929958016,0.004763081204146147,0.20787860404806244,0.7840215199292871,0.9,0,False,25.422112220985582
6x,20260722,validation,38,150974,0.39224206220021995,0.25250460968085386,0.01318350180861883,0.03984136267526747,0.11707743579777755,0.03053973467020553,0.0006636001890769243,1.2119950060150586,/dtu/p1/leopam/ARGOS/ARGOS_FREEZED/experiments/02_massive_training/budget_6x/seed_20260722/validation_metrics.csv,0.8694043265498801,0.6046336713558029,0.037669450762508085,0.09628415086514572,0.2100020483243671,0.05931421437739386,0.002745521953329444,0.11836878721267614,0.8188362375649043,0.9,0,False,25.43872788900626
6x,20260722,validation,39,154947,0.38846095768219574,0.25002639983651054,0.01300694079048324,0.03945768159545073,0.11604700341920109,0.03009827419639144,0.0006187090252464519,1.1204286494466942,/dtu/p1/leopam/ARGOS/ARGOS_FREEZED/experiments/02_massive_training/budget_6x/seed_20260722/validation_metrics.csv,0.8309172249717203,0.5684201605917574,0.036020635376427086,0.08547681789083518,0.2062654664683576,0.08426039103046506,0.002445658901706338,0.17305472944639744,0.8849186961756643,0.9,0.01,False,25.154784688988002
6x,20260722,validation,40,158920,0.39013223167487276,0.24966318179095404,0.013046304331528641,0.039087652585959344,0.11816532505894624,0.03004340611805161,0.0005749999999991333,1.1943384660989977,/dtu/p1/leopam/ARGOS/ARGOS_FREEZED/experiments/02_massive_training/budget_6x/seed_20260722/validation_metrics.csv,0.8748521220041201,0.6087481981458789,0.035709329322266836,0.0875247047392232,0.20483010522880246,0.10768988042470665,0.0008573737577535212,0.22621681750124167,0.962601164644961,0.9,0.01,False,26.21874789398862
6x,20260722,validation,41,162893,0.3876128655799969,0.247295345643171,0.012976597772635521,0.039141997069379666,0.11803723056091564,0.030032439223471197,0.0005325929167350369,1.213684875954641,/dtu/p1/leopam/ARGOS/ARGOS_FREEZED/experiments/02_massive_training/budget_6x/seed_20260722/validation_metrics.csv,0.8538369767882402,0.5903908811340438,0.03427092618592675,0.0891554887517106,0.2054428057894886,0.09289477528512961,0.002128623193129897,0.22030387658352135,0.9068759023422746,0.9,0,False,26.456540818006033
6x,20260722,validation,42,166866,0.38750286133462464,0.2471706628749743,0.012766686374017547,0.03882425646992668,0.1182878682342504,0.029774503566262826,0.0004916040103216306,1.1351083398621995,/dtu/p1/leopam/ARGOS/ARGOS_FREEZED/experiments/02_massive_training/budget_6x/seed_20260722/validation_metrics.csv,0.8654497232051988,0.600187042689298,0.035396574040858976,0.09286309808372391,0.2069317451629756,0.08708436739909928,0.002490150975063443,0.22541078202359618,0.8882477979741659,0.9,0.02,False,25.757985532982275
6x,20260722,validation,43,170839,0.3826013162990916,0.24438666923990365,0.012638486394973501,0.0383224515719637,0.11650336088751917,0.02905708459892052,0.0004521456285021947,1.0607069271209184,/dtu/p1/leopam/ARGOS/ARGOS_FREEZED/experiments/02_massive_training/budget_6x/seed_20260722/validation_metrics.csv,0.848835783789433,0.5875035013277489,0.03481518476656281,0.09057216330811596,0.20688395844041146,0.07198844905175046,0.002235749736428261,0.1753483656331608,0.883552079514741,0.9,0,False,25.21938701500767
6x,20260722,validation,44,174812,0.38567716623812337,0.2432987859780651,0.012660837463471733,0.0381519315061538,0.12068122520603534,0.02914378302780831,0.0004143259239586724,1.3372990255302284,/dtu/p1/leopam/ARGOS/ARGOS_FREEZED/experiments/02_massive_training/budget_6x/seed_20260722/validation_metrics.csv,0.8321165006991931,0.572752153416329,0.033289540043499856,0.08782437102351066,0.2070721054710483,0.06845689548326149,0.0031101927161216736,0.17129281081610187,0.8387209887026515,0.9,0.01,False,25.552626689022873
6x,20260722,validation,45,178785,0.3838197187886951,0.24226205324598937,0.01245371365179902,0.03793420880941992,0.12007506538603034,0.02886082044093038,0.0003782485578724147,1.2471367146936245,/dtu/p1/leopam/ARGOS/ARGOS_FREEZED/experiments/02_massive_training/budget_6x/seed_20260722/validation_metrics.csv,0.8663135421239438,0.6028374509820705,0.03475566101430095,0.09232201012399474,0.20582969454641373,0.08594032537635671,0.002499611582607031,0.22088030675269213,0.8868576943667195,0.9,0.02,False,25.345947298017563
6x,20260722,validation,46,182758,0.3828676505796771,0.2419550224000355,0.012616706896110809,0.03826865639692051,0.11922697692449874,0.029050829666794443,0.0003440124157961557,1.2373075702635106,/dtu/p1/leopam/ARGOS/ARGOS_FREEZED/experiments/02_massive_training/budget_6x/seed_20260722/validation_metrics.csv,0.8414554544138593,0.5789016421775042,0.036475715161893296,0.09159690364441934,0.20707218779044803,0.07172270039928484,0.002491090213879943,0.1768613437711101,0.8754149302286874,0.9,0.02,False,24.39110436401097
6x,20260722,validation,47,186731,0.37861412283799195,0.24028591171850297,0.012284526009951327,0.03755738444039362,0.11705844723819944,0.028690739239669406,0.0003117113366156521,0.8671158087963704,/dtu/p1/leopam/ARGOS/ARGOS_FREEZED/experiments/02_massive_training/budget_6x/seed_20260722/validation_metrics.csv,0.8972520891333822,0.629967386389368,0.037261214458723727,0.09467401302539873,0.2076072105706133,0.08689191236297597,0.0009581148624420166,0.10064084050044289,0.9345942564986341,0.9,0.1,False,24.99151670798892
6x,20260722,validation,48,190704,0.37605262460811084,0.2392054691056543,0.012390180110546725,0.03741049228891029,0.11561864242367888,0.028404101898170317,0.0002814338553436547,1.180992375826463,/dtu/p1/leopam/ARGOS/ARGOS_FREEZED/experiments/02_massive_training/budget_6x/seed_20260722/validation_metrics.csv,0.861373499747764,0.5987527081258278,0.03448968068086397,0.08914897173124145,0.20495503213496258,0.09066838202517981,0.0027201015036553144,0.1333027998554695,0.8503124838049653,0.9,0.1,False,25.50243385898648
6x,20260722,validation,49,194677,0.3783659959451516,0.2389900553408938,0.012153447707551219,0.03737427835496179,0.1182961288127901,0.028297532333884826,0.00025326296045177456,1.1526066940859891,/dtu/p1/leopam/ARGOS/ARGOS_FREEZED/experiments/02_massive_training/budget_6x/seed_20260722/validation_metrics.csv,0.8622821924772709,0.5989236852793814,0.035395643782377674,0.09130597630623188,0.20579288922278466,0.08520652171789436,0.0017296557780355215,0.2106217832598395,0.9208059352808172,0.9,0.02,False,25.854240316024516
6x,20260722,validation,50,198650,0.37626116288033085,0.23799299291578133,0.012258208604396354,0.03729332525234106,0.11715432528390911,0.02830698314314371,0.00022727586640477202,1.069267021957785,/dtu/p1/leopam/ARGOS/ARGOS_FREEZED/experiments/02_massive_training/budget_6x/seed_20260722/validation_metrics.csv,0.8477998515247397,0.5865165319773056,0.03379111204674343,0.08745778175824222,0.20558355697020958,0.08469879606215444,0.0025848103687167168,0.23058173526024553,0.8845479510340157,0.9,0.01,False,24.883738395001274
6x,20260722,validation,51,202623,0.3725880574910385,0.23635211467190642,0.011982909735464958,0.03695707237889454,0.1154404233874115,0.02782405523938194,0.00020354380202105112,1.303192124934867,/dtu/p1/leopam/ARGOS/ARGOS_FREEZED/experiments/02_massive_training/budget_6x/seed_20260722/validation_metrics.csv,0.8733845814822864,0.6091991609901669,0.03466871778506921,0.0907977223935975,0.20482168303557663,0.09664973530811884,-0.0002666446380317211,0.14889904254586367,1.0140849214553027,0.9,0.1,False,25.05958252499113
6x,20260722,validation,52,206596,0.372659210816097,0.23558015935122967,0.011915449374810138,0.036762698963314966,0.11634999839671044,0.02790311107160221,0.00018213181523952997,1.1341172234679107,/dtu/p1/leopam/ARGOS/ARGOS_FREEZED/experiments/02_massive_training/budget_6x/seed_20260722/validation_metrics.csv,0.8642418870355233,0.6008694191765509,0.035820446351618844,0.09170819577397982,0.20610717719891297,0.08214009000991025,0.001765272580087185,0.10241605206965017,0.8866991902334771,0.9,0.1,False,25.79897615799564
6x,20260722,validation,53,210569,0.3749833006347093,0.23510011653993687,0.011986873068578595,0.03705909741842468,0.11901877897191701,0.028030891308039166,0.00016309859482765808,1.2667986362648662,/dtu/p1/leopam/ARGOS/ARGOS_FREEZED/experiments/02_massive_training/budget_6x/seed_20260722/validation_metrics.csv,0.8572345004190559,0.5947651924792758,0.034882882296291856,0.09091264922019841,0.20563343205985277,0.08333136432538646,0.0014418828068301082,0.21236194980827958,0.9332034872774119,0.9,0.02,False,26.390278339997167
6x,20260722,validation,54,214542,0.36977315943509065,0.23379900948379612,0.011847583036451337,0.03649992964718291,0.1153787352652691,0.0277332407444633,0.00014649630951960304,1.1851380405714735,/dtu/p1/leopam/ARGOS/ARGOS_FREEZED/experiments/02_massive_training/budget_6x/seed_20260722/validation_metrics.csv,0.851709329804217,0.5902631048574803,0.033885424048926194,0.0879623450292803,0.2055312709586806,0.08490826765527902,0.002515931846573949,0.19691434634389798,0.8813960159100124,0.9,0.05,False,25.258296949003125
6x,20260722,validation,55,218515,0.37226338013575294,0.2345950744226631,0.011847190102947918,0.03700763272388076,0.11692243905174468,0.027851835264536707,0.00013237046502538417,1.1646652648050804,/dtu/p1/leopam/ARGOS/ARGOS_FREEZED/experiments/02_massive_training/budget_6x/seed_20260722/validation_metrics.csv,0.8556827436092899,0.5935897113633753,0.0356078442866106,0.09019001120504946,0.20597827478418568,0.07881666299918638,0.00219897273927927,0.09590855424787947,0.8558409297793009,0.9,0.1,False,25.463499244011473
6x,20260722,validation,56,222488,0.3731097738253149,0.23467426586135745,0.011847320076303448,0.03674700668341488,0.11778860634568823,0.027682424161706017,0.00012075977930288443,1.17376691577374,/dtu/p1/leopam/ARGOS/ARGOS_FREEZED/experiments/02_massive_training/budget_6x/seed_20260722/validation_metrics.csv,0.8772446639560931,0.6119590800435282,0.034745494815804655,0.09265848291335609,0.20545002374033264,0.09649096725330782,0.00037795474054291844,0.16903059430312975,0.9807721748753009,0.9,0.1,False,25.45843940699706
6x,20260722,validation,57,226461,0.3718272028249456,0.23293646240010088,0.01177896692628182,0.036549798178428156,0.11833881942289015,0.027624990788269427,0.0001116960764346188,1.1426984122372232,/dtu/p1/leopam/ARGOS/ARGOS_FREEZED/experiments/02_massive_training/budget_6x/seed_20260722/validation_metrics.csv,0.8612763527551686,0.5986787768956644,0.034448287170358326,0.09097889814236843,0.20554251328917783,0.08543098371002598,0.0022361704614013433,0.1367202936047671,0.8757623167584391,0.9,0.1,False,25.43533760900027
6x,20260722,validation,58,230434,0.36859286836051475,0.2331293037950265,0.011816299532681025,0.036351813145123445,0.11497239893341703,0.027475280723312536,0.00010520419940014007,1.216293844190659,/dtu/p1/leopam/ARGOS/ARGOS_FREEZED/experiments/02_massive_training/budget_6x/seed_20260722/validation_metrics.csv,0.8604111103244062,0.5985052564261567,0.03457497514869362,0.09048243922010935,0.20605750393841413,0.07970126207324102,0.0030230556149035692,0.13239888000947425,0.8299320229206044,0.9,0.1,False,25.61717758499435
6x,20260722,validation,59,234407,0.36857261797593727,0.2328754750879989,0.011718638235958152,0.03635052450850049,0.11524915850653085,0.027505130993458776,0.00010130194198315489,1.0969333670800552,/dtu/p1/leopam/ARGOS/ARGOS_FREEZED/experiments/02_massive_training/budget_6x/seed_20260722/validation_metrics.csv,0.8611334820499145,0.5986415020233353,0.03530310389172557,0.09174936304953524,0.20580401845794444,0.0804953479083996,0.0020260298624634743,0.11071084595054785,0.876945239524175,0.9,0.1,False,25.70930451399181
6x,20260722,validation,60,238380,0.3702037121576444,0.23295076763721054,0.011779871956662578,0.03620149606366246,0.11681264287679863,0.027499768525744577,0.0001,1.0863182726607192,/dtu/p1/leopam/ARGOS/ARGOS_FREEZED/experiments/02_massive_training/budget_6x/seed_20260722/validation_metrics.csv,0.859865196063311,0.5982897969979578,0.03470482365565256,0.09106570706538003,0.20545748645191275,0.07999536522925521,0.0026717304717749357,0.12134157173292794,0.8435182214335866,0.9,0.1,False,25.265877493016887
6x,20260723,train,1,3973,0.7845658609451829,0.5603401354550865,0.0712900870078094,0.08086221799743872,0.155821321060257,0.06271910925461188,0.0019986980580164217,6.452363189891912,/dtu/p1/leopam/ARGOS/ARGOS_FREEZED/experiments/02_massive_training/budget_6x/seed_20260723/train_metrics.csv,,,,,,,,,,,,,
6x,20260723,train,2,7946,0.6137666159257642,0.4389708683254765,0.03349887868218366,0.06870991100805392,0.1303389500660164,0.05264908919969314,0.0019947958005990065,0.9191212457080837,/dtu/p1/leopam/ARGOS/ARGOS_FREEZED/experiments/02_massive_training/budget_6x/seed_20260723/train_metrics.csv,,,,,,,,,,,,,
6x,20260723,train,3,11919,0.5737066885426907,0.4041635430308484,0.0299659154843539,0.06244051326091455,0.1291579490654328,0.048960433449158285,0.0019883039235640988,0.8476219770964235,/dtu/p1/leopam/ARGOS/ARGOS_FREEZED/experiments/02_massive_training/budget_6x/seed_20260723/train_metrics.csv,,,,,,,,,,,,,
6x,20260723,train,4,15892,0.5468464179263137,0.38270215094445814,0.02551780959898116,0.05970655346271462,0.12713319717034635,0.04662759628699164,0.0019792402206954118,1.0153691332961898,/dtu/p1/leopam/ARGOS/ARGOS_FREEZED/experiments/02_massive_training/budget_6x/seed_20260723/train_metrics.csv,,,,,,,,,,,,,
6x,20260723,train,5,19865,0.5276436664908561,0.36727439710416093,0.02290353508322274,0.05784173402548485,0.1255430310118119,0.04457010191872532,0.0019676295349724867,0.8716893289238214,/dtu/p1/leopam/ARGOS/ARGOS_FREEZED/experiments/02_massive_training/budget_6x/seed_20260723/train_metrics.csv,,,,,,,,,,,,,
6x,20260723,train,6,23838,0.5176171066148992,0.3572516729916909,0.021379421878720474,0.056736646600774605,0.12671451324518707,0.04388539208412891,0.0019535036904778625,1.0608785821532365,/dtu/p1/leopam/ARGOS/ARGOS_FREEZED/experiments/02_massive_training/budget_6x/seed_20260723/train_metrics.csv,,,,,,,,,,,,,
6x,20260723,train,7,27811,0.5039287240584581,0.34626602199938444,0.02032600744559905,0.05472921261016778,0.12535700293256896,0.042302107888986744,0.001936901405169823,0.920324673759751,/dtu/p1/leopam/ARGOS/ARGOS_FREEZED/experiments/02_massive_training/budget_6x/seed_20260723/train_metrics.csv,,,,,,,,,,,,,
6x,20260723,train,8,31784,0.4977592244470507,0.33854260363421723,0.02042826189533656,0.054101972907416855,0.12718248282909195,0.041472677436788286,0.001917868184757982,0.8349622273235582,/dtu/p1/leopam/ARGOS/ARGOS_FREEZED/experiments/02_massive_training/budget_6x/seed_20260723/train_metrics.csv,,,,,,,,,,,,,
6x,20260723,train,9,35757,0.4891448658669502,0.3329541231670834,0.019213713520998123,0.05315960360256818,0.12509268140474233,0.04100656881459618,0.0018964561979764897,0.7487957099801861,/dtu/p1/leopam/ARGOS/ARGOS_FREEZED/experiments/02_massive_training/budget_6x/seed_20260723/train_metrics.csv,,,,,,,,,,,,,
6x,20260723,train,10,39730,0.4799183074271472,0.3242408725131362,0.018483170288980146,0.051877380645625984,0.12552785250695134,0.03969347906028657,0.0018727241335927888,0.8070419993018731,/dtu/p1/leopam/ARGOS/ARGOS_FREEZED/experiments/02_massive_training/budget_6x/seed_20260723/train_metrics.csv,,,,,,,,,,,,,
6x,20260723,train,11,43703,0.47114726459983014,0.3184975947459924,0.018067356657244786,0.05070733139361729,0.12315910180649475,0.038900090200067496,0.0018467370395457595,1.0189815675257705,/dtu/p1/leopam/ARGOS/ARGOS_FREEZED/experiments/02_massive_training/budget_6x/seed_20260723/train_metrics.csv,,,,,,,,,,,,,
6x,20260723,train,12,47676,0.46903394837389056,0.31446303624782607,0.018021165931153375,0.05022446263751229,0.12527116141667632,0.038665396303666076,0.0018185661446538427,0.9184791117149871,/dtu/p1/leopam/ARGOS/ARGOS_FREEZED/experiments/02_massive_training/budget_6x/seed_20260723/train_metrics.csv,,,,,,,,,,,,,
6x,20260723,train,13,51649,0.463688518209704,0.31114002137629865,0.01737447504374123,0.04961161477901013,0.12394220112669878,0.037580539080228306,0.0017882886633818036,0.9671646529750433,/dtu/p1/leopam/ARGOS/ARGOS_FREEZED/experiments/02_massive_training/budget_6x/seed_20260723/train_metrics.csv,,,,,,,,,,,,,
6x,20260723,train,14,55622,0.4578154049110509,0.3047473447651924,0.01730950423113143,0.04850470945289466,0.12487868738158873,0.03704181606812169,0.001755987584201243,1.1226163251558319,/dtu/p1/leopam/ARGOS/ARGOS_FREEZED/experiments/02_massive_training/budget_6x/seed_20260723/train_metrics.csv,,,,,,,,,,,,,
6x,20260723,train,15,59595,0.45520997907063415,0.3034773546571309,0.017078741019748277,0.04797994106020633,0.12386564717302462,0.03666291139661711,0.0017217514421249793,1.0667957198165823,/dtu/p1/leopam/ARGOS/ARGOS_FREEZED/experiments/02_massive_training/budget_6x/seed_20260723/train_metrics.csv,,,,,,,,,,,,,
6x,20260723,train,16,63568,0.4477441045461495,0.29944331690400894,0.017040854577549887,0.04708216398052605,0.12080150721920525,0.03604153917083625,0.0016856740760387197,0.8888438895519357,/dtu/p1/leopam/ARGOS/ARGOS_FREEZED/experiments/02_massive_training/budget_6x/seed_20260723/train_metrics.csv,,,,,,,,,,,,,
6x,20260723,train,17,67541,0.4447667997788939,0.29446863991801675,0.016249796241079265,0.04631557655381262,0.12344347303810586,0.03575451656699691,0.0016478543714951912,0.8361084048810881,/dtu/p1/leopam/ARGOS/ARGOS_FREEZED/experiments/02_massive_training/budget_6x/seed_20260723/train_metrics.csv,,,,,,,,,,,,,
6x,20260723,train,18,71514,0.4407073863688927,0.2896716403405717,0.015996597803468782,0.04590532678223278,0.12458015032573923,0.03490474762377678,0.001608395989675746,0.972717355703935,/dtu/p1/leopam/ARGOS/ARGOS_FREEZED/experiments/02_massive_training/budget_6x/seed_20260723/train_metrics.csv,,,,,,,,,,,,,
6x,20260723,train,19,75487,0.4364096434229482,0.28788979551427885,0.015940270284871744,0.0457257040222043,0.12213030129084126,0.034940146151700366,0.001567407083262229,0.9374334245221689,/dtu/p1/leopam/ARGOS/ARGOS_FREEZED/experiments/02_massive_training/budget_6x/seed_20260723/train_metrics.csv,,,,,,,,,,,,,
6x,20260723,train,20,79460,0.4330901923490252,0.2849409279122615,0.015703342270731724,0.04469919626998019,0.1222597883806559,0.03431501059696592,0.0015249999999980143,0.876419888343662,/dtu/p1/leopam/ARGOS/ARGOS_FREEZED/experiments/02_massive_training/budget_6x/seed_20260723/train_metrics.csv,,,,,,,,,,,,,
6x,20260723,train,21,83433,0.43218575598024583,0.2799016795278893,0.015947619446479683,0.044299106520670706,0.12653036202987847,0.03352575184504991,0.001481290974750642,0.9954806104651652,/dtu/p1/leopam/ARGOS/ARGOS_FREEZED/experiments/02_massive_training/budget_6x/seed_20260723/train_metrics.csv,,,,,,,,,,,,,
6x,20260723,train,22,87406,0.429224576336924,0.28185619409914553,0.015416243017555968,0.043604503019335224,0.12207213964225598,0.033435133821922855,0.0014363998109201464,0.8594355111708865,/dtu/p1/leopam/ARGOS/ARGOS_FREEZED/experiments/02_massive_training/budget_6x/seed_20260723/train_metrics.csv,,,,,,,,,,,,,
6x,20260723,train,23,91379,0.42243210959165967,0.274287578909314,0.015086333388054785,0.04343655915169494,0.1231104743460898,0.03315875958112154,0.0013904495520662339,0.8879506610974204,/dtu/p1/leopam/ARGOS/ARGOS_FREEZED/experiments/02_massive_training/budget_6x/seed_20260723/train_metrics.csv,,,,,,,,,,,,,
6x,20260723,train,24,95352,0.41990854279268247,0.2729440264070016,0.014872630810967053,0.04282819702759528,0.12225354481732256,0.03283816514494075,0.001343566144654463,0.9287919456837699,/dtu/p1/leopam/ARGOS/ARGOS_FREEZED/experiments/02_massive_training/budget_6x/seed_20260723/train_metrics.csv,,,,,,,,,,,,,
6x,20260723,train,25,99325,0.420997120704424,0.27082266919446135,0.014779016892876374,0.04262589346926885,0.12565377004959838,0.03237337193559886,0.001295878092845718,0.9184721743804403,/dtu/p1/leopam/ARGOS/ARGOS_FREEZED/experiments/02_massive_training/budget_6x/seed_20260723/train_metrics.csv,,,,,,,,,,,,,
6x,20260723,train,26,103298,0.41426698363175357,0.2692545122705379,0.014498921007351851,0.04231828306107755,0.12079298826452113,0.03195198879054713,0.0012475161062752602,0.8442667430790607,/dtu/p1/leopam/ARGOS/ARGOS_FREEZED/experiments/02_massive_training/budget_6x/seed_20260723/train_metrics.csv,,,,,,,,,,,,,
6x,20260723,train,27,107271,0.4120296878374976,0.26706514469041515,0.014428267003109235,0.041503716912683175,0.12099700078277703,0.03188747739179771,0.0011986127417866676,0.7361258321907371,/dtu/p1/leopam/ARGOS/ARGOS_FREEZED/experiments/02_massive_training/budget_6x/seed_20260723/train_metrics.csv,,,,,,,,,,,,,
6x,20260723,train,28,111244,0.41206561785736073,0.26523141544888895,0.014236417083284639,0.04122860371382481,0.1231091778522384,0.031498418597229294,0.0011493020401027927,0.9852031778136734,/dtu/p1/leopam/ARGOS/ARGOS_FREEZED/experiments/02_massive_training/budget_6x/seed_20260723/train_metrics.csv,,,,,,,,,,,,,
6x,20260723,train,29,115217,0.4071729217215026,0.2636483952392754,0.0137924036797438,0.040781381073635915,0.12024333084535661,0.030948127153206016,0.001099719158429394,1.011642289115116,/dtu/p1/leopam/ARGOS/ARGOS_FREEZED/experiments/02_massive_training/budget_6x/seed_20260723/train_metrics.csv,,,,,,,,,,,,,
6x,20260723,train,30,119190,0.40670980512158206,0.26094222211497214,0.013934004090201525,0.04063209642859149,0.12244769710503105,0.030974227056496096,0.001049999999998555,1.0232811523019336,/dtu/p1/leopam/ARGOS/ARGOS_FREEZED/experiments/02_massive_training/budget_6x/seed_20260723/train_metrics.csv,,,,,,,,,,,,,
6x,20260723,train,31,123163,0.402665179403789,0.2578262925033617,0.013819366666656424,0.03992005720560662,0.12188803322806395,0.030305877789243655,0.001000280841567629,1.2336469537112862,/dtu/p1/leopam/ARGOS/ARGOS_FREEZED/experiments/02_massive_training/budget_6x/seed_20260723/train_metrics.csv,,,,,,,,,,,,,
6x,20260723,train,32,127136,0.4047566615185718,0.257223923646313,0.013671047987429045,0.04011519129302239,0.12457157586699573,0.030484021655144394,0.0009506979598941348,0.7557346137764398,/dtu/p1/leopam/ARGOS/ARGOS_FREEZED/experiments/02_massive_training/budget_6x/seed_20260723/train_metrics.csv,,,,,,,,,,,,,
6x,20260723,train,33,131109,0.4006583656231492,0.2545657946266142,0.01353897304932725,0.03959905491331243,0.12341341303015424,0.030049446215414742,0.0009013872582102765,0.8284079788136296,/dtu/p1/leopam/ARGOS/ARGOS_FREEZED/experiments/02_massive_training/budget_6x/seed_20260723/train_metrics.csv,,,,,,,,,,,,,
6x,20260723,train,34,135082,0.39831709624904543,0.25396436880434786,0.01304515604413938,0.03902748466326121,0.12214184436349823,0.029657227549539714,0.0008524838937217165,0.8700850139430258,/dtu/p1/leopam/ARGOS/ARGOS_FREEZED/experiments/02_massive_training/budget_6x/seed_20260723/train_metrics.csv,,,,,,,,,,,,,
6x,20260723,train,35,139055,0.3957276394144882,0.2515473226228297,0.01315002850609769,0.039024107278496485,0.12194822707724247,0.029505404182624193,0.0008041219071512812,0.9076301285531372,/dtu/p1/leopam/ARGOS/ARGOS_FREEZED/experiments/02_massive_training/budget_6x/seed_20260723/train_metrics.csv,,,,,,,,,,,,,
6x,20260723,train,36,143028,0.3921955287805319,0.24912414855161752,0.012918317962498581,0.038710090346032414,0.12116468443307653,0.028850213844650734,0.0007564338553425626,0.8740986704360694,/dtu/p1/leopam/ARGOS/ARGOS_FREEZED/experiments/02_massive_training/budget_6x/seed_20260723/train_metrics.csv,,,,,,,,,,,,,
6x,20260723,train,37,147001,0.39062428540624483,0.24723547153510556,0.01283617589484198,0.03855928140705306,0.12154332429626308,0.028937880590224247,0.0007095504479308171,0.9561981416482013,/dtu/p1/leopam/ARGOS/ARGOS_FREEZED/experiments/02_massive_training/budget_6x/seed_20260723/train_metrics.csv,,,,,,,,,,,,,
6x,20260723,train,38,150974,0.38754901470719133,0.24692512857602295,0.012598293954157241,0.038039994556815455,0.11901143953434348,0.029016609729581536,0.0006636001890769243,0.8753466744092293,/dtu/p1/leopam/ARGOS/ARGOS_FREEZED/experiments/02_massive_training/budget_6x/seed_20260723/train_metrics.csv,,,,,,,,,,,,,
6x,20260723,train,39,154947,0.3864831857565156,0.24496458410717906,0.012436442515892984,0.03789040033157944,0.12006981719614365,0.028789712774822583,0.0006187090252464519,0.8805396555399057,/dtu/p1/leopam/ARGOS/ARGOS_FREEZED/experiments/02_massive_training/budget_6x/seed_20260723/train_metrics.csv,,,,,,,,,,,,,
6x,20260723,train,40,158920,0.38432150222257944,0.24301716352991334,0.012333756487775785,0.03778556804582917,0.12001039992231222,0.028403515243242226,0.0005749999999991333,0.8506122719845735,/dtu/p1/leopam/ARGOS/ARGOS_FREEZED/experiments/02_massive_training/budget_6x/seed_20260723/train_metrics.csv,,,,,,,,,,,,,
6x,20260723,train,41,162893,0.38596000313653833,0.24253200339526126,0.01243264973529875,0.03752323529190083,0.12214288047205196,0.028440038353137215,0.0005325929167350369,0.8723672344058286,/dtu/p1/leopam/ARGOS/ARGOS_FREEZED/experiments/02_massive_training/budget_6x/seed_20260723/train_metrics.csv,,,,,,,,,,,,,
6x,20260723,train,42,166866,0.38401413496922193,0.24129530911659927,0.012275269356044748,0.03696401097750577,0.12172026260787133,0.02809983586412877,0.0004916040103216306,0.8787307521852199,/dtu/p1/leopam/ARGOS/ARGOS_FREEZED/experiments/02_massive_training/budget_6x/seed_20260723/train_metrics.csv,,,,,,,,,,,,,
6x,20260723,train,43,170839,0.38305916551105806,0.23962620162261378,0.01224001249270441,0.03712057347949515,0.12242773582672678,0.028025262637249984,0.0004521456285021947,0.8369450637255795,/dtu/p1/leopam/ARGOS/ARGOS_FREEZED/experiments/02_massive_training/budget_6x/seed_20260723/train_metrics.csv,,,,,,,,,,,,,
6x,20260723,train,44,174812,0.38372594506399865,0.23923064171030214,0.012080391388900555,0.036480316603821165,0.12377873586285404,0.02778139841697572,0.0004143259239586724,0.8433717700827401,/dtu/p1/leopam/ARGOS/ARGOS_FREEZED/experiments/02_massive_training/budget_6x/seed_20260723/train_metrics.csv,,,,,,,,,,,,,
6x,20260723,train,45,178785,0.3795404501630637,0.23670408121300096,0.012046299947567778,0.03682400221780989,0.12203395160197791,0.02786613932911287,0.0003782485578724147,0.8447119230695534,/dtu/p1/leopam/ARGOS/ARGOS_FREEZED/experiments/02_massive_training/budget_6x/seed_20260723/train_metrics.csv,,,,,,,,,,,,,
6x,20260723,train,46,182758,0.3783586861754646,0.23628723752920944,0.011826080937250762,0.03625684556823314,0.12164756903901186,0.02723316794644367,0.0003440124157961557,1.220949242124334,/dtu/p1/leopam/ARGOS/ARGOS_FREEZED/experiments/02_massive_training/budget_6x/seed_20260723/train_metrics.csv,,,,,,,,,,,,,
6x,20260723,train,47,186731,0.3786970728850323,0.23632040363589943,0.011920496875523589,0.0362739068595001,0.12183386014702711,0.027570474126793233,0.0003117113366156521,0.9297036121424753,/dtu/p1/leopam/ARGOS/ARGOS_FREEZED/experiments/02_massive_training/budget_6x/seed_20260723/train_metrics.csv,,,,,,,,,,,,,
6x,20260723,train,48,190704,0.376455126013799,0.2345361362518253,0.011705156581284347,0.03593708287381628,0.12162757811544188,0.027272780356225938,0.0002814338553436547,0.946799373079557,/dtu/p1/leopam/ARGOS/ARGOS_FREEZED/experiments/02_massive_training/budget_6x/seed_20260723/train_metrics.csv,,,,,,,,,,,,,
6x,20260723,train,49,194677,0.372243921927172,0.23292116648800015,0.011728008938114083,0.03563837424387582,0.1191261525141868,0.027114988663560824,0.00025326296045177456,0.9800865148135927,/dtu/p1/leopam/ARGOS/ARGOS_FREEZED/experiments/02_massive_training/budget_6x/seed_20260723/train_metrics.csv,,,,,,,,,,,,,
6x,20260723,train,50,198650,0.3746519619484122,0.23249045017381895,0.011517204101215706,0.0358523306112292,0.12205798803176285,0.02690921176629075,0.00022727586640477202,0.9408978221472353,/dtu/p1/leopam/ARGOS/ARGOS_FREEZED/experiments/02_massive_training/budget_6x/seed_20260723/train_metrics.csv,,,,,,,,,,,,,
6x,20260723,train,51,202623,0.3711685328464228,0.2309205799975137,0.011514667080303435,0.03561678936769691,0.12022804497163804,0.026791825931797752,0.00020354380202105112,0.8618153696297668,/dtu/p1/leopam/ARGOS/ARGOS_FREEZED/experiments/02_massive_training/budget_6x/seed_20260723/train_metrics.csv,,,,,,,,,,,,,
6x,20260723,train,52,206596,0.374778184080541,0.2304873447598017,0.011498105758502226,0.03535435741097804,0.12435490164222239,0.02674162768909561,0.00018213181523952997,0.8147589464788325,/dtu/p1/leopam/ARGOS/ARGOS_FREEZED/experiments/02_massive_training/budget_6x/seed_20260723/train_metrics.csv,,,,,,,,,,,,,
6x,20260723,train,53,210569,0.36974092729984137,0.22997770216897329,0.011485866743946069,0.035374446761841975,0.11985543574654962,0.026606349239354166,0.00016309859482765808,0.7957861052418593,/dtu/p1/leopam/ARGOS/ARGOS_FREEZED/experiments/02_massive_training/budget_6x/seed_20260723/train_metrics.csv,,,,,,,,,,,,,
6x,20260723,train,54,214542,0.37024165969740497,0.2299705250941174,0.011338897847661665,0.035355501364892655,0.12045120549515516,0.026557934065174763,0.00014649630951960304,0.9198256054951344,/dtu/p1/leopam/ARGOS/ARGOS_FREEZED/experiments/02_massive_training/budget_6x/seed_20260723/train_metrics.csv,,,,,,,,,,,,,
6x,20260723,train,55,218515,0.3718417480835499,0.22972367762142815,0.011297909810969392,0.0352326401527746,0.12236765635089905,0.026466766653149728,0.00013237046502538417,0.862334358447697,/dtu/p1/leopam/ARGOS/ARGOS_FREEZED/experiments/02_massive_training/budget_6x/seed_20260723/train_metrics.csv,,,,,,,,,,,,,
6x,20260723,train,56,222488,0.3689068350148627,0.2281636145221866,0.011317932156039781,0.03511651906254239,0.12099926619669303,0.026529174351494166,0.00012075977930288443,1.0238103618612513,/dtu/p1/leopam/ARGOS/ARGOS_FREEZED/experiments/02_massive_training/budget_6x/seed_20260723/train_metrics.csv,,,,,,,,,,,,,
6x,20260723,train,57,226461,0.36716208925572447,0.22840665442610744,0.011221052157615723,0.03478265978017831,0.11918608000604664,0.026315837430917973,0.0001116960764346188,1.0205788577732164,/dtu/p1/leopam/ARGOS/ARGOS_FREEZED/experiments/02_massive_training/budget_6x/seed_20260723/train_metrics.csv,,,,,,,,,,,,,
6x,20260723,train,58,230434,0.3687329162910802,0.22833209486268957,0.01128951754138411,0.035023926960570675,0.12070418049208867,0.02647944238424121,0.00010520419940014007,1.0774822619569022,/dtu/p1/leopam/ARGOS/ARGOS_FREEZED/experiments/02_massive_training/budget_6x/seed_20260723/train_metrics.csv,,,,,,,,,,,,,
6x,20260723,train,59,234407,0.36949026937744883,0.22891459940153738,0.011232140783094884,0.0348687751667929,0.12096948632789954,0.026364715339973654,0.00010130194198315489,0.9034922604623716,/dtu/p1/leopam/ARGOS/ARGOS_FREEZED/experiments/02_massive_training/budget_6x/seed_20260723/train_metrics.csv,,,,,,,,,,,,,
6x,20260723,train,60,238380,0.36857057777987057,0.22767166567512986,0.011256780470806985,0.034957029274225296,0.12130745467262213,0.02611897197563043,0.0001,1.1397700422385242,/dtu/p1/leopam/ARGOS/ARGOS_FREEZED/experiments/02_massive_training/budget_6x/seed_20260723/train_metrics.csv,,,,,,,,,,,,,
6x,20260723,validation,1,3973,0.7845658609451829,0.5603401354550865,0.0712900870078094,0.08086221799743872,0.155821321060257,0.06271910925461188,0.0019986980580164217,6.452363189891912,/dtu/p1/leopam/ARGOS/ARGOS_FREEZED/experiments/02_massive_training/budget_6x/seed_20260723/validation_metrics.csv,1.2766014934150025,0.9100004081017811,0.10003960265380629,0.13666257136144527,0.2175251729143193,0.3244523327546978,-0.007657235022634268,0.12570528104293982,1.4081021929625666,0.9,0.1,False,26.81661260299734
6x,20260723,validation,2,7946,0.6137666159257642,0.4389708683254765,0.03349887868218366,0.06870991100805392,0.1303389500660164,0.05264908919969314,0.0019947958005990065,0.9191212457080837,/dtu/p1/leopam/ARGOS/ARGOS_FREEZED/experiments/02_massive_training/budget_6x/seed_20260723/validation_metrics.csv,1.129350836435465,0.803881428275846,0.053449800617767315,0.10692580767608509,0.21166181539484039,0.3017561935364597,-0.012507760897278786,0.2566854419358386,1.4353147022607173,0.9,0.01,False,23.670703234995017
6x,20260723,validation,3,11919,0.5737066885426907,0.4041635430308484,0.0299659154843539,0.06244051326091455,0.1291579490654328,0.048960433449158285,0.0019883039235640988,0.8476219770964235,/dtu/p1/leopam/ARGOS/ARGOS_FREEZED/experiments/02_massive_training/budget_6x/seed_20260723/validation_metrics.csv,0.891014770850497,0.6116381807740894,0.04072173943339125,0.09417036998410803,0.2088098545860968,0.13331638028481296,-0.005206928588449955,0.1106915107666763,1.345461740263771,0.9,0.1,False,23.585030234011356
6x,20260723,validation,4,15892,0.5468464179263137,0.38270215094445814,0.02551780959898116,0.05970655346271462,0.12713319717034635,0.04662759628699164,0.0019792402206954118,1.0153691332961898,/dtu/p1/leopam/ARGOS/ARGOS_FREEZED/experiments/02_massive_training/budget_6x/seed_20260723/validation_metrics.csv,1.0524906316171194,0.756537024693012,0.04755888506891285,0.1034214432411206,0.20698947601580717,0.1966466311237166,-0.00812395941466093,0.16270678072813885,1.4778242376946138,0.9,0.1,False,23.368495018978138
6x,20260723,validation,5,19865,0.5276436664908561,0.36727439710416093,0.02290353508322274,0.05784173402548485,0.1255430310118119,0.04457010191872532,0.0019676295349724867,0.8716893289238214,/dtu/p1/leopam/ARGOS/ARGOS_FREEZED/experiments/02_massive_training/budget_6x/seed_20260723/validation_metrics.csv,0.9614566240526644,0.6585627960828868,0.05046733445774274,0.10550351963927414,0.2168335212392833,0.17225379495584786,-0.018014322966337204,0.20647196942140672,1.8524444310418868,0.9,0.1,False,23.204680115013616
6x,20260723,validation,6,23838,0.5176171066148992,0.3572516729916909,0.021379421878720474,0.056736646600774605,0.12671451324518707,0.04388539208412891,0.0019535036904778625,1.0608785821532365,/dtu/p1/leopam/ARGOS/ARGOS_FREEZED/experiments/02_massive_training/budget_6x/seed_20260723/validation_metrics.csv,0.9360386744747775,0.6496612932867843,0.04468551979668072,0.10150896999262478,0.21087438709744893,0.13891495577330185,-0.00923638604581356,0.14288821725979356,1.5730360474986869,0.9,0.1,False,23.453879934008
6x,20260723,validation,7,27811,0.5039287240584581,0.34626602199938444,0.02032600744559905,0.05472921261016778,0.12535700293256896,0.042302107888986744,0.001936901405169823,0.920324673759751,/dtu/p1/leopam/ARGOS/ARGOS_FREEZED/experiments/02_massive_training/budget_6x/seed_20260723/validation_metrics.csv,0.9085741022649303,0.6299377291823686,0.03865969625950148,0.10608718611296467,0.20338961757744187,0.14697554706855323,-0.0050270999781787395,0.13308769593489844,1.3259774255337922,0.9,0,False,24.11680858398904
6x,20260723,validation,8,31784,0.4977592244470507,0.33854260363421723,0.02042826189533656,0.054101972907416855,0.12718248282909195,0.041472677436788286,0.001917868184757982,0.8349622273235582,/dtu/p1/leopam/ARGOS/ARGOS_FREEZED/experiments/02_massive_training/budget_6x/seed_20260723/validation_metrics.csv,0.9015428469910188,0.6303479239845061,0.03612798478050367,0.09366479613732322,0.2031571413553342,0.13278794258876106,-0.005747160408645868,0.1682148912335485,1.3682623079744256,0.9,0.1,False,24.042996425007004
6x,20260723,validation,9,35757,0.4891448658669502,0.3329541231670834,0.019213713520998123,0.05315960360256818,0.12509268140474233,0.04100656881459618,0.0018964561979764897,0.7487957099801861,/dtu/p1/leopam/ARGOS/ARGOS_FREEZED/experiments/02_massive_training/budget_6x/seed_20260723/validation_metrics.csv,0.9315353005546495,0.6497523458947692,0.03676056069239988,0.10039280038000972,0.20517644748645028,0.16564013193605526,-0.011246437206864357,0.2367847039360392,1.6029268380948272,0.9,0.1,False,23.11777105697547
6x,20260723,validation,10,39730,0.4799183074271472,0.3242408725131362,0.018483170288980146,0.051877380645625984,0.12552785250695134,0.03969347906028657,0.0018727241335927888,0.8070419993018731,/dtu/p1/leopam/ARGOS/ARGOS_FREEZED/experiments/02_massive_training/budget_6x/seed_20260723/validation_metrics.csv,0.9323786815862782,0.6398008421747157,0.05019818051564424,0.12007167102484202,0.20738317626074676,0.15038827784678194,-0.01800691895186901,0.17618702923358956,2.0882517692989633,0.9,0.1,False,23.161599000974093
6x,20260723,validation,11,43703,0.47114726459983014,0.3184975947459924,0.018067356657244786,0.05070733139361729,0.12315910180649475,0.038900090200067496,0.0018467370395457595,1.0189815675257705,/dtu/p1/leopam/ARGOS/ARGOS_FREEZED/experiments/02_massive_training/budget_6x/seed_20260723/validation_metrics.csv,0.8929951492989525,0.6159316458393068,0.03822549066694441,0.09960622518973614,0.2033700142187915,0.14839595428565755,-0.007380777969956398,0.1422296125591687,1.4318026395886938,0.9,0.1,False,23.21742858699872
6x,20260723,validation,12,47676,0.46903394837389056,0.31446303624782607,0.018021165931153375,0.05022446263751229,0.12527116141667632,0.038665396303666076,0.0018185661446538427,0.9184791117149871,/dtu/p1/leopam/ARGOS/ARGOS_FREEZED/experiments/02_massive_training/budget_6x/seed_20260723/validation_metrics.csv,0.9119611194211014,0.6342594016910783,0.03915502174302333,0.1025505983444722,0.20688424086728632,0.12801158196539966,-0.009120404720306396,0.1796504440445821,1.6029411787652061,0.9,0.1,False,23.476693063013954
6x,20260723,validation,13,51649,0.463688518209704,0.31114002137629865,0.01737447504374123,0.04961161477901013,0.12394220112669878,0.037580539080228306,0.0017882886633818036,0.9671646529750433,/dtu/p1/leopam/ARGOS/ARGOS_FREEZED/experiments/02_massive_training/budget_6x/seed_20260723/validation_metrics.csv,0.9773224765891271,0.6881960315969945,0.04405396084465058,0.10894228910566717,0.2082922284807675,0.15785831427313968,-0.02160576917231083,0.28662597416094365,2.0207308333512675,0.9,0,False,23.45315005199518
6x,20260723,validation,14,55622,0.4578154049110509,0.3047473447651924,0.01730950423113143,0.04850470945289466,0.12487868738158873,0.03704181606812169,0.001755987584201243,1.1226163251558319,/dtu/p1/leopam/ARGOS/ARGOS_FREEZED/experiments/02_massive_training/budget_6x/seed_20260723/validation_metrics.csv,0.8635251794782244,0.5995450748541271,0.03926840219814101,0.08999058424881523,0.20807846571524102,0.06884896863439599,0.00033802332472987473,0.131755985145745,0.9737684605000705,0.9,0.02,False,23.34112958901096
6x,20260723,validation,15,59595,0.45520997907063415,0.3034773546571309,0.017078741019748277,0.04797994106020633,0.12386564717302462,0.03666291139661711,0.0017217514421249793,1.0667957198165823,/dtu/p1/leopam/ARGOS/ARGOS_FREEZED/experiments/02_massive_training/budget_6x/seed_20260723/validation_metrics.csv,0.8963017081639173,0.6144306595272463,0.044581539788818236,0.11549971908889975,0.20651640795354528,0.12094469468088163,-0.008159318007528782,0.2026061410960874,1.4673656077121278,0.9,0.01,False,23.49534917998244
6x,20260723,validation,16,63568,0.4477441045461495,0.29944331690400894,0.017040854577549887,0.04708216398052605,0.12080150721920525,0.03604153917083625,0.0016856740760387197,0.8888438895519357,/dtu/p1/leopam/ARGOS/ARGOS_FREEZED/experiments/02_massive_training/budget_6x/seed_20260723/validation_metrics.csv,0.8818389069123322,0.611542132486613,0.04038016314798034,0.0988856358760915,0.20502720922478382,0.10179038141965786,-0.0066789076663553715,0.10215986088335205,1.5094648440932,0.9,0.1,False,23.28986768098548
6x,20260723,validation,17,67541,0.4447667997788939,0.29446863991801675,0.016249796241079265,0.04631557655381262,0.12344347303810586,0.03575451656699691,0.0016478543714951912,0.8361084048810881,/dtu/p1/leopam/ARGOS/ARGOS_FREEZED/experiments/02_massive_training/budget_6x/seed_20260723/validation_metrics.csv,0.8492515332989796,0.5785110945845958,0.04200695223796605,0.09166862438248943,0.20520000269701713,0.10809901737464396,-0.004169133026152849,0.08656603509094182,1.3198047091163234,0.9,0.1,False,23.551805435999995
6x,20260723,validation,18,71514,0.4407073863688927,0.2896716403405717,0.015996597803468782,0.04590532678223278,0.12458015032573923,0.03490474762377678,0.001608395989675746,0.972717355703935,/dtu/p1/leopam/ARGOS/ARGOS_FREEZED/experiments/02_massive_training/budget_6x/seed_20260723/validation_metrics.csv,0.9088048603783944,0.6367966833268006,0.04239309923500862,0.10543722650329182,0.20783196822030853,0.08310176072583393,-0.0044561089016497135,0.10307103142329914,1.3485055367343854,0.9,0.1,False,24.712939808989177
6x,20260723,validation,19,75487,0.4364096434229482,0.28788979551427885,0.015940270284871744,0.0457257040222043,0.12213030129084126,0.034940146151700366,0.001567407083262229,0.9374334245221689,/dtu/p1/leopam/ARGOS/ARGOS_FREEZED/experiments/02_massive_training/budget_6x/seed_20260723/validation_metrics.csv,0.8910660530698672,0.6198762345974498,0.038108933100683036,0.09613584835115774,0.20452755593052424,0.11786917760069927,-0.005153745878487825,0.14151662765390505,1.2919536237162519,0.9,0.1,False,24.644096158008324
6x,20260723,validation,20,79460,0.4330901923490252,0.2849409279122615,0.015703342270731724,0.04469919626998019,0.1222597883806559,0.03431501059696592,0.0015249999999980143,0.876419888343662,/dtu/p1/leopam/ARGOS/ARGOS_FREEZED/experiments/02_massive_training/budget_6x/seed_20260723/validation_metrics.csv,0.8734628613632923,0.6069029354954679,0.040431119511943656,0.09654130509320132,0.20496964174020565,0.08619698806851529,-0.0015917817363515496,0.1867549156683871,1.0884965518254943,0.9,0.1,False,25.27878129601595
6x,20260723,validation,21,83433,0.43218575598024583,0.2799016795278893,0.015947619446479683,0.044299106520670706,0.12653036202987847,0.03352575184504991,0.001481290974750642,0.9954806104651652,/dtu/p1/leopam/ARGOS/ARGOS_FREEZED/experiments/02_massive_training/budget_6x/seed_20260723/validation_metrics.csv,0.935119613786576,0.6579305657212928,0.042087400034611894,0.10315391424556096,0.20629561519163925,0.12030628409313546,-0.0074888537637889385,0.15424642933534097,1.4382211687531257,0.9,0.1,False,25.626059853995685
6x,20260723,validation,22,87406,0.429224576336924,0.28185619409914553,0.015416243017555968,0.043604503019335224,0.12207213964225598,0.033435133821922855,0.0014363998109201464,0.8594355111708865,/dtu/p1/leopam/ARGOS/ARGOS_FREEZED/experiments/02_massive_training/budget_6x/seed_20260723/validation_metrics.csv,0.868634935669326,0.5981865826775667,0.039763846309096074,0.10221309519977315,0.20448824486808892,0.10262456415510757,-0.004270074889063835,0.25531143543196616,1.1938504170737005,0.9,0,False,24.897843726008432
6x,20260723,validation,23,91379,0.42243210959165967,0.274287578909314,0.015086333388054785,0.04343655915169494,0.1231104743460898,0.03315875958112154,0.0013904495520662339,0.8879506610974204,/dtu/p1/leopam/ARGOS/ARGOS_FREEZED/experiments/02_massive_training/budget_6x/seed_20260723/validation_metrics.csv,0.9354616311099468,0.6580609861010634,0.042546483533643716,0.11160219796623086,0.20861665872009358,0.09805097253708449,-0.006715595256537199,0.12660920088893507,1.4915452381585825,0.9,0.1,False,25.4776180840272
6x,20260723,validation,24,95352,0.41990854279268247,0.2729440264070016,0.014872630810967053,0.04282819702759528,0.12225354481732256,0.03283816514494075,0.001343566144654463,0.9287919456837699,/dtu/p1/leopam/ARGOS/ARGOS_FREEZED/experiments/02_massive_training/budget_6x/seed_20260723/validation_metrics.csv,0.9182565850095582,0.645894263101814,0.04143951514532284,0.10946928594635215,0.20888801237221105,0.07693614839742934,-0.006725273560732603,0.1534911487153583,1.4669495513331525,0.9,0.1,False,25.03336724897963
6x,20260723,validation,25,99325,0.420997120704424,0.27082266919446135,0.014779016892876374,0.04262589346926885,0.12565377004959838,0.03237337193559886,0.001295878092845718,0.9184721743804403,/dtu/p1/leopam/ARGOS/ARGOS_FREEZED/experiments/02_massive_training/budget_6x/seed_20260723/validation_metrics.csv,0.9152929080595582,0.6416108790844989,0.042205386796645476,0.11324052099222644,0.20622034140315362,0.09024431910775531,-0.0069816140457987785,0.22096973197809808,1.3660395640186709,0.9,0,False,24.747295823995955
6x,20260723,validation,26,103298,0.41426698363175357,0.2692545122705379,0.014498921007351851,0.04231828306107755,0.12079298826452113,0.03195198879054713,0.0012475161062752602,0.8442667430790607,/dtu/p1/leopam/ARGOS/ARGOS_FREEZED/experiments/02_massive_training/budget_6x/seed_20260723/validation_metrics.csv,0.9410302723593157,0.6685324032018234,0.040087740762598016,0.1030160085552098,0.2074767624432452,0.09611615540012373,-0.006460350006818771,0.08213827798435543,1.5374442678801756,0.9,0.1,False,24.058150650991593
6x,20260723,validation,27,107271,0.4120296878374976,0.26706514469041515,0.014428267003109235,0.041503716912683175,0.12099700078277703,0.03188747739179771,0.0011986127417866676,0.7361258321907371,/dtu/p1/leopam/ARGOS/ARGOS_FREEZED/experiments/02_massive_training/budget_6x/seed_20260723/validation_metrics.csv,0.9037697287373309,0.6357838518621511,0.038080291307659934,0.10011214524092965,0.20889219139106113,0.07512751183006802,-0.0009221399668604136,0.1436712922065916,1.0625695547805405,0.9,0.1,False,23.64539663400501
6x,20260723,validation,28,111244,0.41206561785736073,0.26523141544888895,0.014236417083284639,0.04122860371382481,0.1231091778522384,0.031498418597229294,0.0011493020401027927,0.9852031778136734,/dtu/p1/leopam/ARGOS/ARGOS_FREEZED/experiments/02_massive_training/budget_6x/seed_20260723/validation_metrics.csv,0.8975118311120298,0.6282693122918017,0.039510466175571496,0.10049248613283221,0.2049825264919856,0.09690818518387857,-0.0020494835916906595,0.10801117090248179,1.1326472329260981,0.9,0.1,False,23.40517853500205
6x,20260723,validation,29,115217,0.4071729217215026,0.2636483952392754,0.0137924036797438,0.040781381073635915,0.12024333084535661,0.030948127153206016,0.001099719158429394,1.011642289115116,/dtu/p1/leopam/ARGOS/ARGOS_FREEZED/experiments/02_massive_training/budget_6x/seed_20260723/validation_metrics.csv,0.9065613874508281,0.6333136880222282,0.042056759251299244,0.10573088403662549,0.20655507833301287,0.09615759484842376,-0.004354029428213835,0.1368725581777556,1.2676900493252612,0.9,0.1,False,23.313573593011824
6x,20260723,validation,30,119190,0.40670980512158206,0.26094222211497214,0.013934004090201525,0.04063209642859149,0.12244769710503105,0.030974227056496096,0.001049999999998555,1.0232811523019336,/dtu/p1/leopam/ARGOS/ARGOS_FREEZED/experiments/02_massive_training/budget_6x/seed_20260723/validation_metrics.csv,0.8879780126145231,0.6218904543424848,0.037704332869776584,0.09770995797798683,0.20694134895431623,0.07933278381951152,-0.002679832512512803,0.19357419333008663,1.1462667016723638,0.9,0.02,False,23.525914889003616
6x,20260723,validation,31,123163,0.402665179403789,0.2578262925033617,0.013819366666656424,0.03992005720560662,0.12188803322806395,0.030305877789243655,0.001000280841567629,1.2336469537112862,/dtu/p1/leopam/ARGOS/ARGOS_FREEZED/experiments/02_massive_training/budget_6x/seed_20260723/validation_metrics.csv,0.9421400586204813,0.6710673952219671,0.03960639174885311,0.10128838784707218,0.2089278632175801,0.08509752336440585,-0.0035823232028633356,0.1275493742046895,1.2295220299160114,0.9,0.1,False,23.27168920400436
6x,20260723,validation,32,127136,0.4047566615185718,0.257223923646313,0.013671047987429045,0.04011519129302239,0.12457157586699573,0.030484021655144394,0.0009506979598941348,0.7557346137764398,/dtu/p1/leopam/ARGOS/ARGOS_FREEZED/experiments/02_massive_training/budget_6x/seed_20260723/validation_metrics.csv,0.8792029555495775,0.6119964811281287,0.03674228995855168,0.09548600539943959,0.20511040130723532,0.09926713595280023,-0.004565313924103975,0.19772400716851943,1.2325000625049283,0.9,0.1,False,23.81899759202497
6x,20260723,validation,33,131109,0.4006583656231492,0.2545657946266142,0.01353897304932725,0.03959905491331243,0.12341341303015424,0.030049446215414742,0.0009013872582102765,0.8284079788136296,/dtu/p1/leopam/ARGOS/ARGOS_FREEZED/experiments/02_massive_training/budget_6x/seed_20260723/validation_metrics.csv,0.9096747780167617,0.6376047259638952,0.0390313031392431,0.09869639939662023,0.20657781638952225,0.10651242612114806,-0.005931414198130369,0.20006356441697773,1.307863434732336,0.9,0.1,False,23.69612083901302
6x,20260723,validation,34,135082,0.39831709624904543,0.25396436880434786,0.01304515604413938,0.03902748466326121,0.12214184436349823,0.029657227549539714,0.0008524838937217165,0.8700850139430258,/dtu/p1/leopam/ARGOS/ARGOS_FREEZED/experiments/02_massive_training/budget_6x/seed_20260723/validation_metrics.csv,0.920582906194137,0.6475101787114098,0.04177288634261132,0.1087281546538278,0.2095639994958294,0.07720123537535367,-0.0013937525218352675,0.12307569603640815,1.0938127749547486,0.9,0.1,False,23.33577726499061
6x,20260723,validation,35,139055,0.3957276394144882,0.2515473226228297,0.01315002850609769,0.039024107278496485,0.12194822707724247,0.029505404182624193,0.0008041219071512812,0.9076301285531372,/dtu/p1/leopam/ARGOS/ARGOS_FREEZED/experiments/02_massive_training/budget_6x/seed_20260723/validation_metrics.csv,0.922625978148649,0.6480165352584933,0.04040657718799825,0.10546522878256671,0.20791727619892375,0.10061285530562604,-0.005577969830483198,0.14417642388523602,1.3547549771704714,0.9,0.1,False,23.79527899599634
6x,20260723,validation,36,143028,0.3921955287805319,0.24912414855161752,0.012918317962498581,0.038710090346032414,0.12116468443307653,0.028850213844650734,0.0007564338553425626,0.8740986704360694,/dtu/p1/leopam/ARGOS/ARGOS_FREEZED/experiments/02_massive_training/budget_6x/seed_20260723/validation_metrics.csv,0.9282268420947308,0.6536879921287947,0.03902304631844251,0.10911307297536862,0.20683859145778075,0.10455233693731263,-0.008217734284698963,0.19888170130282887,1.44150191175403,0.9,0.1,False,23.171543311007554
6x,20260723,validation,37,147001,0.39062428540624483,0.24723547153510556,0.01283617589484198,0.03855928140705306,0.12154332429626308,0.028937880590224247,0.0007095504479308171,0.9561981416482013,/dtu/p1/leopam/ARGOS/ARGOS_FREEZED/experiments/02_massive_training/budget_6x/seed_20260723/validation_metrics.csv,0.9420284460331317,0.6657760984201756,0.04166440188176771,0.10732032692230808,0.2074736472414833,0.1055820957382955,-0.0070137144066393375,0.16108141683393615,1.415186176719328,0.9,0.1,False,23.059377994999522
6x,20260723,validation,38,150974,0.38754901470719133,0.24692512857602295,0.012598293954157241,0.038039994556815455,0.11901143953434348,0.029016609729581536,0.0006636001890769243,0.8753466744092293,/dtu/p1/leopam/ARGOS/ARGOS_FREEZED/experiments/02_massive_training/budget_6x/seed_20260723/validation_metrics.csv,0.9384573332916032,0.6631491093657551,0.042644573769654616,0.10995725212687435,0.20844851736800504,0.09024053372644494,-0.004027154762297869,0.14518668724252484,1.234926995621004,0.9,0.1,False,23.19613645001664
6x,20260723,validation,39,154947,0.3864831857565156,0.24496458410717906,0.012436442515892984,0.03789040033157944,0.12006981719614365,0.028789712774822583,0.0006187090252464519,0.8805396555399057,/dtu/p1/leopam/ARGOS/ARGOS_FREEZED/experiments/02_massive_training/budget_6x/seed_20260723/validation_metrics.csv,0.9689686921695662,0.6887140159980661,0.04159336242515967,0.10771098185432837,0.20770245949960645,0.12413894908869236,-0.014112044125795364,0.17328554320386413,1.8546242308576317,0.9,0.1,False,23.29436679300852
6x,20260723,validation,40,158920,0.38432150222257944,0.24301716352991334,0.012333756487775785,0.03778556804582917,0.12001039992231222,0.028403515243242226,0.0005749999999991333,0.8506122719845735,/dtu/p1/leopam/ARGOS/ARGOS_FREEZED/experiments/02_massive_training/budget_6x/seed_20260723/validation_metrics.csv,0.9461964381155589,0.6722879389401388,0.04014843362332881,0.10249793656300771,0.20775973433655112,0.10225030880019619,-0.006824429612606764,0.15292317768913133,1.3980500298324345,0.9,0.1,False,23.431673247017898
6x,20260723,validation,41,162893,0.38596000313653833,0.24253200339526126,0.01243264973529875,0.03752323529190083,0.12214288047205196,0.028440038353137215,0.0005325929167350369,0.8723672344058286,/dtu/p1/leopam/ARGOS/ARGOS_FREEZED/experiments/02_massive_training/budget_6x/seed_20260723/validation_metrics.csv,0.9133878606763671,0.6389329652359239,0.03992097887634357,0.10308685347520682,0.20683706514519712,0.10942815021202479,-0.005338534712791443,0.14000969176091563,1.2887953865741115,0.9,0.1,False,23.457925592985703
6x,20260723,validation,42,166866,0.38401413496922193,0.24129530911659927,0.012275269356044748,0.03696401097750577,0.12172026260787133,0.02809983586412877,0.0004916040103216306,0.8787307521852199,/dtu/p1/leopam/ARGOS/ARGOS_FREEZED/experiments/02_massive_training/budget_6x/seed_20260723/validation_metrics.csv,0.9856772077328886,0.7056033589552062,0.042945429224669825,0.11322529058812703,0.20916183145722073,0.10566488733100365,-0.007526933681219816,0.13758070928705135,1.4850574768589042,0.9,0.1,False,23.32387142200605
6x,20260723,validation,43,170839,0.38305916551105806,0.23962620162261378,0.01224001249270441,0.03712057347949515,0.12242773582672678,0.028025262637249984,0.0004521456285021947,0.8369450637255795,/dtu/p1/leopam/ARGOS/ARGOS_FREEZED/experiments/02_massive_training/budget_6x/seed_20260723/validation_metrics.csv,0.9662604735654936,0.6901426054431564,0.039994603065776485,0.10875484517671066,0.20917254446432093,0.09879656566188881,-0.009038747288286686,0.16237204035736252,1.5567262011500522,0.9,0.1,False,23.17846360200201
6x,20260723,validation,44,174812,0.38372594506399865,0.23923064171030214,0.012080391388900555,0.036480316603821165,0.12377873586285404,0.02778139841697572,0.0004143259239586724,0.8433717700827401,/dtu/p1/leopam/ARGOS/ARGOS_FREEZED/experiments/02_massive_training/budget_6x/seed_20260723/validation_metrics.csv,0.924340865547463,0.6538669422353454,0.0389438219000158,0.10151388535050053,0.20733788953221763,0.0914282653197825,-0.004674914758652449,0.15212439290543767,1.2735532490329673,0.9,0.1,False,23.190501884993864
6x,20260723,validation,45,178785,0.3795404501630637,0.23670408121300096,0.012046299947567778,0.03682400221780989,0.12203395160197791,0.02786613932911287,0.0003782485578724147,0.8447119230695534,/dtu/p1/leopam/ARGOS/ARGOS_FREEZED/experiments/02_massive_training/budget_6x/seed_20260723/validation_metrics.csv,0.9752270094310211,0.6978543975981711,0.042538755172542,0.11184915349961504,0.20872726024444813,0.0970684395970419,-0.00629260390996933,0.13470339223716538,1.4039367291314517,0.9,0.1,False,23.143618280999362
6x,20260723,validation,46,182758,0.3783586861754646,0.23628723752920944,0.011826080937250762,0.03625684556823314,0.12164756903901186,0.02723316794644367,0.0003440124157961557,1.220949242124334,/dtu/p1/leopam/ARGOS/ARGOS_FREEZED/experiments/02_massive_training/budget_6x/seed_20260723/validation_metrics.csv,0.9632320112091478,0.686775325037109,0.042452310814298407,0.10706455909808729,0.20782027631917002,0.10322056842956634,-0.005718930624425411,0.10642810272299812,1.3732594378287082,0.9,0.1,False,23.152722454018658
6x,20260723,validation,47,186731,0.3786970728850323,0.23632040363589943,0.011920496875523589,0.0362739068595001,0.12183386014702711,0.027570474126793233,0.0003117113366156521,0.9297036121424753,/dtu/p1/leopam/ARGOS/ARGOS_FREEZED/experiments/02_massive_training/budget_6x/seed_20260723/validation_metrics.csv,0.9521791387768771,0.6787810623945356,0.03905353100907389,0.10025250656546121,0.20852045432022132,0.10143865174440977,-0.0048485491424798965,0.15250505433790892,1.2729268398322462,0.9,0.1,False,23.086819628981175
6x,20260723,validation,48,190704,0.376455126013799,0.2345361362518253,0.011705156581284347,0.03593708287381628,0.12162757811544188,0.027272780356225938,0.0002814338553436547,0.946799373079557,/dtu/p1/leopam/ARGOS/ARGOS_FREEZED/experiments/02_massive_training/budget_6x/seed_20260723/validation_metrics.csv,0.963672387418086,0.6904060011632677,0.04003696640897912,0.10395353470617058,0.20898183813017274,0.09138840501993638,-0.0045950873754918575,0.1268267217074901,1.2936693436654294,0.9,0.1,False,23.339646131003974
6x,20260723,validation,49,194677,0.372243921927172,0.23292116648800015,0.011728008938114083,0.03563837424387582,0.1191261525141868,0.027114988663560824,0.00025326296045177456,0.9800865148135927,/dtu/p1/leopam/ARGOS/ARGOS_FREEZED/experiments/02_massive_training/budget_6x/seed_20260723/validation_metrics.csv,0.9678008690998029,0.6931684785606225,0.03989958050241165,0.10679396617516185,0.20886163656091425,0.09561233747631132,-0.007126625161617994,0.17694956054752406,1.4009821651723524,0.9,0.1,False,23.75962965999497
6x,20260723,validation,50,198650,0.3746519619484122,0.23249045017381895,0.011517204101215706,0.0358523306112292,0.12205798803176285,0.02690921176629075,0.00022727586640477202,0.9408978221472353,/dtu/p1/leopam/ARGOS/ARGOS_FREEZED/experiments/02_massive_training/budget_6x/seed_20260723/validation_metrics.csv,0.9510492891312886,0.6761134488203244,0.040471311223687904,0.10543372833972679,0.20795573169751447,0.1019301140414817,-0.00658308295533061,0.14323262522250568,1.38582596453932,0.9,0.1,False,23.34790890000295
6x,20260723,validation,51,202623,0.3711685328464228,0.2309205799975137,0.011514667080303435,0.03561678936769691,0.12022804497163804,0.026791825931797752,0.00020354380202105112,0.8618153696297668,/dtu/p1/leopam/ARGOS/ARGOS_FREEZED/experiments/02_massive_training/budget_6x/seed_20260723/validation_metrics.csv,0.9788032627559655,0.7024826348134534,0.04041140713722797,0.10722874666281333,0.2083312010704456,0.10488267713625075,-0.009200281463563442,0.18814825735613114,1.5109581473363873,0.9,0.1,False,23.246080560988048
6x,20260723,validation,52,206596,0.374778184080541,0.2304873447598017,0.011498105758502226,0.03535435741097804,0.12435490164222239,0.02674162768909561,0.00018213181523952997,0.8147589464788325,/dtu/p1/leopam/ARGOS/ARGOS_FREEZED/experiments/02_massive_training/budget_6x/seed_20260723/validation_metrics.csv,0.9641732869629265,0.6884497516333014,0.03962076825284476,0.10658289393006543,0.2078188753624287,0.10724277260976288,-0.010181098245084286,0.20923206691907137,1.5317886152200613,0.9,0.1,False,23.21370003701304
6x,20260723,validation,53,210569,0.36974092729984137,0.22997770216897329,0.011485866743946069,0.035374446761841975,0.11985543574654962,0.026606349239354166,0.00016309859482765808,0.7957861052418593,/dtu/p1/leopam/ARGOS/ARGOS_FREEZED/experiments/02_massive_training/budget_6x/seed_20260723/validation_metrics.csv,0.9800439156739917,0.7031919868978387,0.040719207001443825,0.10802893495022398,0.2088310072355346,0.1032704256119558,-0.008293692022562027,0.16413516743665008,1.4813518530682281,0.9,0.1,False,23.57268865298829
6x,20260723,validation,54,214542,0.37024165969740497,0.2299705250941174,0.011338897847661665,0.035355501364892655,0.12045120549515516,0.026557934065174763,0.00014649630951960304,0.9198256054951344,/dtu/p1/leopam/ARGOS/ARGOS_FREEZED/experiments/02_massive_training/budget_6x/seed_20260723/validation_metrics.csv,0.9583774969305988,0.6831370879990263,0.03921533520225534,0.10461171161843325,0.20799661392227958,0.10741600598388791,-0.009563563391566277,0.18802620400794193,1.51528492846347,0.9,0.1,False,23.16341072099749
6x,20260723,validation,55,218515,0.3718417480835499,0.22972367762142815,0.011297909810969392,0.0352326401527746,0.12236765635089905,0.026466766653149728,0.00013237046502538417,0.862334358447697,/dtu/p1/leopam/ARGOS/ARGOS_FREEZED/experiments/02_massive_training/budget_6x/seed_20260723/validation_metrics.csv,0.9790613777519626,0.7027109710335759,0.04130528883897508,0.10793438855124252,0.20954227054451108,0.09585946907674588,-0.007330345921218395,0.15659323727775112,1.4369670995024768,0.9,0.1,False,23.30033330299193
6x,20260723,validation,56,222488,0.3689068350148627,0.2281636145221866,0.011317932156039781,0.03511651906254239,0.12099926619669303,0.026529174351494166,0.00012075977930288443,1.0238103618612513,/dtu/p1/leopam/ARGOS/ARGOS_FREEZED/experiments/02_massive_training/budget_6x/seed_20260723/validation_metrics.csv,0.9526122677066806,0.6786865796400419,0.03944230042127038,0.10529163466434302,0.20843474177049795,0.09723443859656603,-0.006924983114004135,0.1527419103403355,1.4200075412319866,0.9,0.1,False,23.420962467003847
6x,20260723,validation,57,226461,0.36716208925572447,0.22840665442610744,0.011221052157615723,0.03478265978017831,0.11918608000604664,0.026315837430917973,0.0001116960764346188,1.0205788577732164,/dtu/p1/leopam/ARGOS/ARGOS_FREEZED/experiments/02_massive_training/budget_6x/seed_20260723/validation_metrics.csv,0.9894368174497317,0.7130741511075955,0.04022242881583672,0.1077011718116031,0.20927487619224736,0.10025641792125616,-0.010108009912073612,0.1913965682465526,1.5697771634068494,0.9,0.1,False,23.135660650994396
6x,20260723,validation,58,230434,0.3687329162910802,0.22833209486268957,0.01128951754138411,0.035023926960570675,0.12070418049208867,0.02647944238424121,0.00010520419940014007,1.0774822619569022,/dtu/p1/leopam/ARGOS/ARGOS_FREEZED/experiments/02_massive_training/budget_6x/seed_20260723/validation_metrics.csv,0.9725163687115699,0.6972555176829858,0.04025423345797014,0.10666132499481479,0.20913678429079793,0.09665807965239105,-0.006853214465081692,0.1509884508529837,1.4079634501436782,0.9,0.1,False,23.390188349003438
6x,20260723,validation,59,234407,0.36949026937744883,0.22891459940153738,0.011232140783094884,0.0348687751667929,0.12096948632789954,0.026364715339973654,0.00010130194198315489,0.9034922604623716,/dtu/p1/leopam/ARGOS/ARGOS_FREEZED/experiments/02_massive_training/budget_6x/seed_20260723/validation_metrics.csv,0.9818358905084762,0.7051305948168941,0.040112406131591165,0.10793422353533233,0.20909670505376643,0.10284417317270468,-0.009132757782936096,0.16810733927326293,1.5426390838886839,0.9,0.1,False,23.40629717099364
6x,20260723,validation,60,238380,0.36857057777987057,0.22767166567512986,0.011256780470806985,0.034957029274225296,0.12130745467262213,0.02611897197563043,0.0001,1.1397700422385242,/dtu/p1/leopam/ARGOS/ARGOS_FREEZED/experiments/02_massive_training/budget_6x/seed_20260723/validation_metrics.csv,0.9729492093102483,0.6970372278042413,0.03943300801095823,0.10678501307299976,0.20883029455877664,0.10334465305407707,-0.009801008738577366,0.19070171007616854,1.5360984901617056,0.9,0.1,False,23.220163727994077
6x,20260724,train,1,3973,0.8027651191822924,0.5704178028793201,0.0815450387234241,0.08161177701911479,0.15809277913294284,0.0653953612255804,0.0019986980580164217,6.602438470261404,/dtu/p1/leopam/ARGOS/ARGOS_FREEZED/experiments/02_massive_training/budget_6x/seed_20260724/train_metrics.csv,,,,,,,,,,,,,
6x,20260724,train,2,7946,0.6276767751618774,0.4433362100216174,0.05453936787543215,0.06745529733481026,0.12964664451054067,0.052801765904689414,0.0019947958005990065,0.7951752291701268,/dtu/p1/leopam/ARGOS/ARGOS_FREEZED/experiments/02_massive_training/budget_6x/seed_20260724/train_metrics.csv,,,,,,,,,,,,,
6x,20260724,train,3,11919,0.5790135030977648,0.4083380300411943,0.0359344607414952,0.06250271391371542,0.1270790979396969,0.05001751697846573,0.0019883039235640988,0.7927084289840423,/dtu/p1/leopam/ARGOS/ARGOS_FREEZED/experiments/02_massive_training/budget_6x/seed_20260724/train_metrics.csv,,,,,,,,,,,,,
6x,20260724,train,4,15892,0.5559754017023184,0.39042844483710915,0.02742930948086132,0.059273137819873326,0.12744797958122514,0.04782997340661526,0.0019792402206954118,0.7877640918886755,/dtu/p1/leopam/ARGOS/ARGOS_FREEZED/experiments/02_massive_training/budget_6x/seed_20260724/train_metrics.csv,,,,,,,,,,,,,
6x,20260724,train,5,19865,0.5385457575189926,0.37711990782754296,0.024236100468151188,0.057407080215066034,0.1257928834936007,0.045815614498204676,0.0019676295349724867,0.9088064985116944,/dtu/p1/leopam/ARGOS/ARGOS_FREEZED/experiments/02_massive_training/budget_6x/seed_20260724/train_metrics.csv,,,,,,,,,,,,,
6x,20260724,train,6,23838,0.523223369464132,0.3638357526882677,0.02328946178280527,0.055484861741733234,0.12503418624515955,0.0441873114984581,0.0019535036904778625,0.8074608808965422,/dtu/p1/leopam/ARGOS/ARGOS_FREEZED/experiments/02_massive_training/budget_6x/seed_20260724/train_metrics.csv,,,,,,,,,,,,,
6x,20260724,train,7,27811,0.5145180904438446,0.35423058494287896,0.021784593171038983,0.054599982043580554,0.12709931174343325,0.043229423060154336,0.001936901405169823,0.8625622369872872,/dtu/p1/leopam/ARGOS/ARGOS_FREEZED/experiments/02_massive_training/budget_6x/seed_20260724/train_metrics.csv,,,,,,,,,,,,,
6x,20260724,train,8,31784,0.502225250864611,0.3464157247469073,0.020836381632386946,0.0533101854032703,0.12365863298124798,0.042025632591833256,0.001917868184757982,0.9774124340619892,/dtu/p1/leopam/ARGOS/ARGOS_FREEZED/experiments/02_massive_training/budget_6x/seed_20260724/train_metrics.csv,,,,,,,,,,,,,
6x,20260724,train,9,35757,0.4926221752902617,0.3375139971287851,0.020485065602354018,0.052065515444981315,0.12372040921897672,0.04064444141786404,0.0018964561979764897,1.0200347655045334,/dtu/p1/leopam/ARGOS/ARGOS_FREEZED/experiments/02_massive_training/budget_6x/seed_20260724/train_metrics.csv,,,,,,,,,,,,,
6x,20260724,train,10,39730,0.4842654942506031,0.3310899352300851,0.019024003118292068,0.05050452228207981,0.12309039377211482,0.039735055467868194,0.0018727241335927888,0.9565124913933687,/dtu/p1/leopam/ARGOS/ARGOS_FREEZED/experiments/02_massive_training/budget_6x/seed_20260724/train_metrics.csv,,,,,,,,,,,,,
6x,20260724,train,11,43703,0.48141134586002376,0.3275430160505463,0.019428401404551987,0.0502663478619784,0.12376844517034782,0.03909528162447595,0.0018467370395457595,0.959283421485452,/dtu/p1/leopam/ARGOS/ARGOS_FREEZED/experiments/02_massive_training/budget_6x/seed_20260724/train_metrics.csv,,,,,,,,,,,,,
6x,20260724,train,12,47676,0.4697539634531912,0.31814728875023546,0.018484437861550143,0.04948311627128933,0.12234770787974528,0.038229778855326434,0.0018185661446538427,0.8421606181946117,/dtu/p1/leopam/ARGOS/ARGOS_FREEZED/experiments/02_massive_training/budget_6x/seed_20260724/train_metrics.csv,,,,,,,,,,,,,
6x,20260724,train,13,51649,0.46845221803391157,0.3145646621343503,0.01843979860790282,0.04881419180258321,0.12492415328584415,0.037699942081124004,0.0017882886633818036,1.0504184201126918,/dtu/p1/leopam/ARGOS/ARGOS_FREEZED/experiments/02_massive_training/budget_6x/seed_20260724/train_metrics.csv,,,,,,,,,,,,,
6x,20260724,train,14,55622,0.46299249711105395,0.31101277019015616,0.01791341620699704,0.04760374319243856,0.12365417840618433,0.037339779162268896,0.001755987584201243,1.013962019031169,/dtu/p1/leopam/ARGOS/ARGOS_FREEZED/experiments/02_massive_training/budget_6x/seed_20260724/train_metrics.csv,,,,,,,,,,,,,
6x,20260724,train,15,59595,0.45602415106007294,0.30787159072639825,0.017729115278742318,0.047545085398453577,0.12007870954730267,0.03661507501609374,0.0017217514421249793,0.9963487080240157,/dtu/p1/leopam/ARGOS/ARGOS_FREEZED/experiments/02_massive_training/budget_6x/seed_20260724/train_metrics.csv,,,,,,,,,,,,,
6x,20260724,train,16,63568,0.4517985902934809,0.3014073912293401,0.017496991373402607,0.04669616572226482,0.12275979507047839,0.036044532215148174,0.0016856740760387197,0.9132573604001664,/dtu/p1/leopam/ARGOS/ARGOS_FREEZED/experiments/02_massive_training/budget_6x/seed_20260724/train_metrics.csv,,,,,,,,,,,,,
6x,20260724,train,17,67541,0.44525923353394603,0.2968474293149691,0.017045149754369743,0.045913632803711656,0.12121150502067723,0.03599666078895398,0.0016478543714951912,1.0305571304925252,/dtu/p1/leopam/ARGOS/ARGOS_FREEZED/experiments/02_massive_training/budget_6x/seed_20260724/train_metrics.csv,,,,,,,,,,,,,
6x,20260724,train,18,71514,0.44527766863885104,0.29577207721379745,0.016714305546884363,0.04558253222680305,0.12275830254893072,0.03497230295507247,0.001608395989675746,1.14569329994265,/dtu/p1/leopam/ARGOS/ARGOS_FREEZED/experiments/02_massive_training/budget_6x/seed_20260724/train_metrics.csv,,,,,,,,,,,,,
6x,20260724,train,19,75487,0.4451908293315424,0.2931946467607276,0.01690522017751593,0.04508136827386156,0.1252702297113054,0.035015079796899336,0.001567407083262229,0.9900566720752977,/dtu/p1/leopam/ARGOS/ARGOS_FREEZED/experiments/02_massive_training/budget_6x/seed_20260724/train_metrics.csv,,,,,,,,,,,,,
6x,20260724,train,20,79460,0.4398031336082609,0.2878055959863069,0.016344568537200784,0.04465746405371998,0.12583006620702464,0.034154156248724914,0.0015249999999980143,1.1159443052602,/dtu/p1/leopam/ARGOS/ARGOS_FREEZED/experiments/02_massive_training/budget_6x/seed_20260724/train_metrics.csv,,,,,,,,,,,,,
6x,20260724,train,21,83433,0.43235571692392266,0.28611684290342,0.016538669664374995,0.04424235978162138,0.12004066127573468,0.034341205315598304,0.001481290974750642,1.1807710464054253,/dtu/p1/leopam/ARGOS/ARGOS_FREEZED/experiments/02_massive_training/budget_6x/seed_20260724/train_metrics.csv,,,,,,,,,,,,,
6x,20260724,train,22,87406,0.43082626421626197,0.281932695265489,0.01589663009896027,0.043658968568243896,0.12327646084946504,0.03377020260023285,0.0014363998109201464,1.2303914422227535,/dtu/p1/leopam/ARGOS/ARGOS_FREEZED/experiments/02_massive_training/budget_6x/seed_20260724/train_metrics.csv,,,,,,,,,,,,,
6x,20260724,train,23,91379,0.42531507254291956,0.2785233910475184,0.015782590043102104,0.043048774967007125,0.12145920942347378,0.03339484066198672,0.0013904495520662339,1.1307222737523261,/dtu/p1/leopam/ARGOS/ARGOS_FREEZED/experiments/02_massive_training/budget_6x/seed_20260724/train_metrics.csv,,,,,,,,,,,,,
6x,20260724,train,24,95352,0.42649489141421204,0.2768316249624026,0.01584361980003116,0.0430827899875854,0.12433613743281413,0.033173431715255955,0.001343566144654463,0.9883024229493458,/dtu/p1/leopam/ARGOS/ARGOS_FREEZED/experiments/02_massive_training/budget_6x/seed_20260724/train_metrics.csv,,,,,,,,,,,,,
6x,20260724,train,25,99325,0.4191807323976275,0.27405874838871125,0.015349493013964927,0.04226797550793371,0.12035602165349513,0.0326210447321483,0.001295878092845718,1.0132016687421128,/dtu/p1/leopam/ARGOS/ARGOS_FREEZED/experiments/02_massive_training/budget_6x/seed_20260724/train_metrics.csv,,,,,,,,,,,,,
6x,20260724,train,26,103298,0.41827050958221634,0.2718781528733305,0.015365198826933739,0.0419685158403527,0.12170425922734808,0.03256675418726059,0.0012475161062752602,1.0026627355837263,/dtu/p1/leopam/ARGOS/ARGOS_FREEZED/experiments/02_massive_training/budget_6x/seed_20260724/train_metrics.csv,,,,,,,,,,,,,
6x,20260724,train,27,107271,0.41722620766550833,0.27041969430887697,0.015383852829710361,0.041339234442933234,0.1223613273878876,0.03209238990920033,0.0011986127417866676,0.8924093300011009,/dtu/p1/leopam/ARGOS/ARGOS_FREEZED/experiments/02_massive_training/budget_6x/seed_20260724/train_metrics.csv,,,,,,,,,,,,,
6x,20260724,train,28,111244,0.41080313645680183,0.2676766471083567,0.014712582522590185,0.04105736505927735,0.11919164891654085,0.03157111484038869,0.0011493020401027927,0.9644996353890747,/dtu/p1/leopam/ARGOS/ARGOS_FREEZED/experiments/02_massive_training/budget_6x/seed_20260724/train_metrics.csv,,,,,,,,,,,,,
6x,20260724,train,29,115217,0.4106994200213757,0.26461145475932474,0.015156662663726875,0.04112059217697188,0.12192343450612006,0.03153026983115645,0.001099719158429394,1.215375462808879,/dtu/p1/leopam/ARGOS/ARGOS_FREEZED/experiments/02_massive_training/budget_6x/seed_20260724/train_metrics.csv,,,,,,,,,,,,,
6x,20260724,train,30,119190,0.40863095875571603,0.26280468770014737,0.014617035231211243,0.04041841525006397,0.12217027355518062,0.031214413041586002,0.001049999999998555,1.0855124886729755,/dtu/p1/leopam/ARGOS/ARGOS_FREEZED/experiments/02_massive_training/budget_6x/seed_20260724/train_metrics.csv,,,,,,,,,,,,,
6x,20260724,train,31,123163,0.4055879056414323,0.26072017460632035,0.0144708508463237,0.04009878457955905,0.12140518725103552,0.03101203005349279,0.001000280841567629,1.1542101011436898,/dtu/p1/leopam/ARGOS/ARGOS_FREEZED/experiments/02_massive_training/budget_6x/seed_20260724/train_metrics.csv,,,,,,,,,,,,,
6x,20260724,train,32,127136,0.4045679321873107,0.2582928028488389,0.014444201412931151,0.039811219899215905,0.12289709261244197,0.03101576865844573,0.0009506979598941348,0.9959579672140535,/dtu/p1/leopam/ARGOS/ARGOS_FREEZED/experiments/02_massive_training/budget_6x/seed_20260724/train_metrics.csv,,,,,,,,,,,,,
6x,20260724,train,33,131109,0.4026493062840701,0.25713291422625933,0.014080255035556648,0.03953710706385482,0.12245628764426719,0.03067855057235092,0.0009013872582102765,1.1466218591376673,/dtu/p1/leopam/ARGOS/ARGOS_FREEZED/experiments/02_massive_training/budget_6x/seed_20260724/train_metrics.csv,,,,,,,,,,,,,
6x,20260724,train,34,135082,0.3995054679949248,0.2535596759678089,0.014143127597686303,0.03938714404368439,0.12296547556554782,0.030309752016141916,0.0008524838937217165,0.9685250421753153,/dtu/p1/leopam/ARGOS/ARGOS_FREEZED/experiments/02_massive_training/budget_6x/seed_20260724/train_metrics.csv,,,,,,,,,,,,,
6x,20260724,train,35,139055,0.3972200733217325,0.2532200036012996,0.013836477700083616,0.03900050235462834,0.12127805846770712,0.03026839188355629,0.0008041219071512812,1.0454896750452463,/dtu/p1/leopam/ARGOS/ARGOS_FREEZED/experiments/02_massive_training/budget_6x/seed_20260724/train_metrics.csv,,,,,,,,,,,,,
6x,20260724,train,36,143028,0.3936272825996056,0.2504541420171742,0.013704182880015455,0.038965270003730984,0.12062932533126915,0.029752134106605082,0.0007564338553425626,1.2953858250984922,/dtu/p1/leopam/ARGOS/ARGOS_FREEZED/experiments/02_massive_training/budget_6x/seed_20260724/train_metrics.csv,,,,,,,,,,,,,
6x,20260724,train,37,147001,0.39173105270656894,0.2495104120770015,0.01363399773002798,0.03849769831315553,0.1197608809400347,0.03009146261419243,0.0007095504479308171,1.0016383860784117,/dtu/p1/leopam/ARGOS/ARGOS_FREEZED/experiments/02_massive_training/budget_6x/seed_20260724/train_metrics.csv,,,,,,,,,,,,,
6x,20260724,train,38,150974,0.39096000387780827,0.24826512896152728,0.013443269676647484,0.03830146098272908,0.1204581111191338,0.029698969343882976,0.0006636001890769243,0.9947006782167591,/dtu/p1/leopam/ARGOS/ARGOS_FREEZED/experiments/02_massive_training/budget_6x/seed_20260724/train_metrics.csv,,,,,,,,,,,,,
6x,20260724,train,39,154947,0.38843902825030246,0.24568804833365723,0.013491536943153346,0.03818712171892409,0.12058192050788179,0.02938271973074878,0.0006187090252464519,1.0016843999619596,/dtu/p1/leopam/ARGOS/ARGOS_FREEZED/experiments/02_massive_training/budget_6x/seed_20260724/train_metrics.csv,,,,,,,,,,,,,
6x,20260724,train,40,158920,0.38830020776116486,0.2452050408195135,0.013334469702479231,0.03800828253082404,0.12110218067207858,0.02911842508457663,0.0005749999999991333,1.1249394835322164,/dtu/p1/leopam/ARGOS/ARGOS_FREEZED/experiments/02_massive_training/budget_6x/seed_20260724/train_metrics.csv,,,,,,,,,,,,,
6x,20260724,train,41,162893,0.38490030421996607,0.2433926991010992,0.013094232824583918,0.0372326708425248,0.11988033822322958,0.028859962062033964,0.0005325929167350369,1.3654153060924727,/dtu/p1/leopam/ARGOS/ARGOS_FREEZED/experiments/02_massive_training/budget_6x/seed_20260724/train_metrics.csv,,,,,,,,,,,,,
6x,20260724,train,42,166866,0.38511107947884593,0.2415723494229908,0.01308805841192244,0.037681561111424025,0.12181794105693998,0.02878155817530661,0.0004916040103216306,0.978780017059762,/dtu/p1/leopam/ARGOS/ARGOS_FREEZED/experiments/02_massive_training/budget_6x/seed_20260724/train_metrics.csv,,,,,,,,,,,,,
6x,20260724,train,43,170839,0.38539529038678033,0.24040783648870243,0.01307097159399565,0.03710579066149367,0.1234727869620896,0.028513658025719014,0.0004521456285021947,0.953609625401441,/dtu/p1/leopam/ARGOS/ARGOS_FREEZED/experiments/02_massive_training/budget_6x/seed_20260724/train_metrics.csv,,,,,,,,,,,,,
6x,20260724,train,44,174812,0.380915768178245,0.23918679518882527,0.012864758516497734,0.0370980534970239,0.1203190999212465,0.02851489278551856,0.0004143259239586724,1.0103914776118472,/dtu/p1/leopam/ARGOS/ARGOS_FREEZED/experiments/02_massive_training/budget_6x/seed_20260724/train_metrics.csv,,,,,,,,,,,,,
6x,20260724,train,45,178785,0.3802154089682594,0.23879758302725265,0.012826285599107371,0.036714776200220074,0.12015226296342116,0.028368508458707604,0.0003782485578724147,1.0823258460441139,/dtu/p1/leopam/ARGOS/ARGOS_FREEZED/experiments/02_massive_training/budget_6x/seed_20260724/train_metrics.csv,,,,,,,,,,,,,
6x,20260724,train,46,182758,0.3784821221008128,0.23797346253239657,0.012703703390153089,0.03648006036804261,0.11935021693689578,0.028433005695165388,0.0003440124157961557,0.8793964067881461,/dtu/p1/leopam/ARGOS/ARGOS_FREEZED/experiments/02_massive_training/budget_6x/seed_20260724/train_metrics.csv,,,,,,,,,,,,,
6x,20260724,train,47,186731,0.3764628084269093,0.23505515161748874,0.012492249161251153,0.0363492895919373,0.12047766469287262,0.027982671705505693,0.0003117113366156521,1.2052253205911256,/dtu/p1/leopam/ARGOS/ARGOS_FREEZED/experiments/02_massive_training/budget_6x/seed_20260724/train_metrics.csv,,,,,,,,,,,,,
6x,20260724,train,48,190704,0.3768754437502043,0.23502431944455213,0.012679204792829768,0.03653556451514615,0.12077176963323022,0.02802921811729602,0.0002814338553436547,1.0831776351842564,/dtu/p1/leopam/ARGOS/ARGOS_FREEZED/experiments/02_massive_training/budget_6x/seed_20260724/train_metrics.csv,,,,,,,,,,,,,
6x,20260724,train,49,194677,0.3770977432691658,0.2345474513358721,0.012446752089745461,0.03602520472230847,0.12175831059650291,0.027811501207982987,0.00025326296045177456,0.9882330267282669,/dtu/p1/leopam/ARGOS/ARGOS_FREEZED/experiments/02_massive_training/budget_6x/seed_20260724/train_metrics.csv,,,,,,,,,,,,,
6x,20260724,train,50,198650,0.37261510893923794,0.23260412225581795,0.012310837629345416,0.03585363186413191,0.11932366895012364,0.0278423886859624,0.00022727586640477202,1.153975491906749,/dtu/p1/leopam/ARGOS/ARGOS_FREEZED/experiments/02_massive_training/budget_6x/seed_20260724/train_metrics.csv,,,,,,,,,,,,,
6x,20260724,train,51,202623,0.3753438613766871,0.23279397474006924,0.01236529372511312,0.03601635123194933,0.12183908918385365,0.027620282666436558,0.00020354380202105112,1.0381038278283086,/dtu/p1/leopam/ARGOS/ARGOS_FREEZED/experiments/02_massive_training/budget_6x/seed_20260724/train_metrics.csv,,,,,,,,,,,,,
6x,20260724,train,52,206596,0.3741760526987938,0.2317388723858719,0.012333462554412917,0.03572562072961011,0.12183888560020815,0.02750095815824196,0.00018213181523952997,0.9199198992864694,/dtu/p1/leopam/ARGOS/ARGOS_FREEZED/experiments/02_massive_training/budget_6x/seed_20260724/train_metrics.csv,,,,,,,,,,,,,
6x,20260724,train,53,210569,0.3729490303028194,0.2313172087024568,0.012249926381455882,0.0354446104763199,0.1211864145434202,0.02729631808492419,0.00016309859482765808,1.1413502822688315,/dtu/p1/leopam/ARGOS/ARGOS_FREEZED/experiments/02_massive_training/budget_6x/seed_20260724/train_metrics.csv,,,,,,,,,,,,,
6x,20260724,train,54,214542,0.37257611542835123,0.2311713446448319,0.012071475347941434,0.03573006224916278,0.12097724571061294,0.027296269837117092,0.00014649630951960304,1.1472359026083723,/dtu/p1/leopam/ARGOS/ARGOS_FREEZED/experiments/02_massive_training/budget_6x/seed_20260724/train_metrics.csv,,,,,,,,,,,,,
6x,20260724,train,55,218515,0.37023633057258604,0.2295172996593983,0.012056692961787184,0.03536796197910523,0.12040642112082824,0.027211517643154402,0.00013237046502538417,1.1028507777373306,/dtu/p1/leopam/ARGOS/ARGOS_FREEZED/experiments/02_massive_training/budget_6x/seed_20260724/train_metrics.csv,,,,,,,,,,,,,
6x,20260724,train,56,222488,0.36994751113362134,0.22984988205069232,0.01207431716813497,0.03522513550758951,0.11978795049850835,0.027331154681920346,0.00012075977930288443,1.3396483989490662,/dtu/p1/leopam/ARGOS/ARGOS_FREEZED/experiments/02_massive_training/budget_6x/seed_20260724/train_metrics.csv,,,,,,,,,,,,,
6x,20260724,train,57,226461,0.368422546666589,0.22925265277779255,0.012015249076948224,0.035494449852691276,0.11884159442956711,0.027235388305725514,0.0001116960764346188,1.0021739350631833,/dtu/p1/leopam/ARGOS/ARGOS_FREEZED/experiments/02_massive_training/budget_6x/seed_20260724/train_metrics.csv,,,,,,,,,,,,,
6x,20260724,train,58,230434,0.3709313299984167,0.23019249470078867,0.011962560602096222,0.03541221054577476,0.12044120413173162,0.027316567641555167,0.00010520419940014007,0.9815222503966652,/dtu/p1/leopam/ARGOS/ARGOS_FREEZED/experiments/02_massive_training/budget_6x/seed_20260724/train_metrics.csv,,,,,,,,,,,,,
6x,20260724,train,59,234407,0.3691214646786834,0.22821426292069832,0.012035806763194278,0.03508307483862301,0.12070371637616861,0.027074106208269343,0.00010130194198315489,1.1785649857774843,/dtu/p1/leopam/ARGOS/ARGOS_FREEZED/experiments/02_massive_training/budget_6x/seed_20260724/train_metrics.csv,,,,,,,,,,,,,
6x,20260724,train,60,238380,0.3682997706774017,0.22853548105748916,0.012062035584688682,0.035360914758523085,0.1194760373288617,0.027084942041642416,0.0001,1.1518660630099475,/dtu/p1/leopam/ARGOS/ARGOS_FREEZED/experiments/02_massive_training/budget_6x/seed_20260724/train_metrics.csv,,,,,,,,,,,,,
6x,20260724,validation,1,3973,0.8027651191822924,0.5704178028793201,0.0815450387234241,0.08161177701911479,0.15809277913294284,0.0653953612255804,0.0019986980580164217,6.602438470261404,/dtu/p1/leopam/ARGOS/ARGOS_FREEZED/experiments/02_massive_training/budget_6x/seed_20260724/validation_metrics.csv,1.0597737993174492,0.7847051227724315,0.05328357766396494,0.08366729276318212,0.20771930488434426,0.09895379017554347,0.006094920914620161,0.27403393566459255,0.674483376903532,0.7,0.05,False,25.800687389011728
6x,20260724,validation,2,7946,0.6276767751618774,0.4433362100216174,0.05453936787543215,0.06745529733481026,0.12964664451054067,0.052801765904689414,0.0019947958005990065,0.7951752291701268,/dtu/p1/leopam/ARGOS/ARGOS_FREEZED/experiments/02_massive_training/budget_6x/seed_20260724/validation_metrics.csv,1.0282059348591004,0.7238719054200847,0.04760945085748896,0.0930708423944132,0.21547656908522067,0.20892511336102046,-0.003226553788408637,0.09610915678054688,1.2571247414833997,0.9,0.1,False,23.69530282501364
6x,20260724,validation,3,11919,0.5790135030977648,0.4083380300411943,0.0359344607414952,0.06250271391371542,0.1270790979396969,0.05001751697846573,0.0019883039235640988,0.7927084289840423,/dtu/p1/leopam/ARGOS/ARGOS_FREEZED/experiments/02_massive_training/budget_6x/seed_20260724/validation_metrics.csv,1.1317662222411347,0.816632010003899,0.05258841217824151,0.10192218705810882,0.21638595530906007,0.23486752128573277,-0.018991900607943535,0.27827921697339114,1.8479336233769874,0.9,0.05,False,23.679484732012497
6x,20260724,validation,4,15892,0.5559754017023184,0.39042844483710915,0.02742930948086132,0.059273137819873326,0.12744797958122514,0.04782997340661526,0.0019792402206954118,0.7877640918886755,/dtu/p1/leopam/ARGOS/ARGOS_FREEZED/experiments/02_massive_training/budget_6x/seed_20260724/validation_metrics.csv,1.1709389013635627,0.8424690333084893,0.06498468982394126,0.10831322626350844,0.21436191089680398,0.2726865284942935,-0.0249752439558506,0.4225366069410893,1.9201800915119083,0.9,0.02,False,23.590765374014154
6x,20260724,validation,5,19865,0.5385457575189926,0.37711990782754296,0.024236100468151188,0.057407080215066034,0.1257928834936007,0.045815614498204676,0.0019676295349724867,0.9088064985116944,/dtu/p1/leopam/ARGOS/ARGOS_FREEZED/experiments/02_massive_training/budget_6x/seed_20260724/validation_metrics.csv,0.8894859149474069,0.6050131916189205,0.04518093944521922,0.09536849386248185,0.2080925673038444,0.14973780396240238,-0.008583326824009418,0.12960857128701025,1.5841096321662216,0.9,0.1,False,23.834829327010084
6x,20260724,validation,6,23838,0.523223369464132,0.3638357526882677,0.02328946178280527,0.055484861741733234,0.12503418624515955,0.0441873114984581,0.0019535036904778625,0.8074608808965422,/dtu/p1/leopam/ARGOS/ARGOS_FREEZED/experiments/02_massive_training/budget_6x/seed_20260724/validation_metrics.csv,0.9015637965998,0.629423786804094,0.039961341613209335,0.09622211000689788,0.20938005570635948,0.09361878055614369,0.0008599013672210276,0.040269145759492066,0.8933950962137817,0.9,0.1,False,23.633634191006422
6x,20260724,validation,7,27811,0.5145180904438446,0.35423058494287896,0.021784593171038983,0.054599982043580554,0.12709931174343325,0.043229423060154336,0.001936901405169823,0.8625622369872872,/dtu/p1/leopam/ARGOS/ARGOS_FREEZED/experiments/02_massive_training/budget_6x/seed_20260724/validation_metrics.csv,0.8723204541976088,0.6039964777250953,0.03611728919748404,0.09343768189314933,0.20520209951560622,0.10851905108411869,0.0012561626499518752,0.14038310249943506,0.9047752940415529,0.9,0.1,False,24.70851942402078
6x,20260724,validation,8,31784,0.502225250864611,0.3464157247469073,0.020836381632386946,0.0533101854032703,0.12365863298124798,0.042025632591833256,0.001917868184757982,0.9774124340619892,/dtu/p1/leopam/ARGOS/ARGOS_FREEZED/experiments/02_massive_training/budget_6x/seed_20260724/validation_metrics.csv,0.9641332348056187,0.6717243234934452,0.0398622267943866,0.10803008254779575,0.21245569852599303,0.1650728810930584,-0.015261871740221977,0.15546454591924902,2.0219683063898977,0.9,0.1,False,24.643585781013826
6x,20260724,validation,9,35757,0.4926221752902617,0.3375139971287851,0.020485065602354018,0.052065515444981315,0.12372040921897672,0.04064444141786404,0.0018964561979764897,1.0200347655045334,/dtu/p1/leopam/ARGOS/ARGOS_FREEZED/experiments/02_massive_training/budget_6x/seed_20260724/validation_metrics.csv,0.933364385864085,0.6416585005206552,0.05022285183602653,0.10762909932287591,0.20733668580704148,0.1617525011638502,-0.013626023195683956,0.26291257959147174,1.7072223906292388,0.9,0.1,False,24.35618417299702
6x,20260724,validation,10,39730,0.4842654942506031,0.3310899352300851,0.019024003118292068,0.05050452228207981,0.12309039377211482,0.039735055467868194,0.0018727241335927888,0.9565124913933687,/dtu/p1/leopam/ARGOS/ARGOS_FREEZED/experiments/02_massive_training/budget_6x/seed_20260724/validation_metrics.csv,0.9502517083058858,0.6699078784957739,0.038946181820866774,0.10076131097806747,0.20571794220428763,0.1498123393212326,-0.015196317806839943,0.291405389924194,1.7687300133026251,0.9,0.01,False,24.883200946991565
6x,20260724,validation,11,43703,0.48141134586002376,0.3275430160505463,0.019428401404551987,0.0502663478619784,0.12376844517034782,0.03909528162447595,0.0018467370395457595,0.959283421485452,/dtu/p1/leopam/ARGOS/ARGOS_FREEZED/experiments/02_massive_training/budget_6x/seed_20260724/validation_metrics.csv,0.9726145689991588,0.6812898048156539,0.04260749581995506,0.10729523967509225,0.2129110602517467,0.15143073095294426,-0.021681085228919983,0.20740126669623338,2.339758839863231,0.9,0.1,False,24.0409655419935
6x,20260724,validation,12,47676,0.4697539634531912,0.31814728875023546,0.018484437861550143,0.04948311627128933,0.12234770787974528,0.038229778855326434,0.0018185661446538427,0.8421606181946117,/dtu/p1/leopam/ARGOS/ARGOS_FREEZED/experiments/02_massive_training/budget_6x/seed_20260724/validation_metrics.csv,0.9255393614381016,0.6498669259842264,0.03833694823369095,0.10088110541067524,0.20555108968721827,0.12866297046345102,-0.010999954305589199,0.17175443833103526,1.7102319488828115,0.9,0.1,False,24.576472207991173
6x,20260724,validation,13,51649,0.46845221803391157,0.3145646621343503,0.01843979860790282,0.04881419180258321,0.12492415328584415,0.037699942081124004,0.0017882886633818036,1.0504184201126918,/dtu/p1/leopam/ARGOS/ARGOS_FREEZED/experiments/02_massive_training/budget_6x/seed_20260724/validation_metrics.csv,0.9392173959818108,0.6523467658233874,0.04206113175439667,0.1085132408993761,0.21068589869964174,0.1401292788228919,-0.016730275005102158,0.16032251086697755,2.14562875583181,0.9,0.1,False,24.405185429990524
6x,20260724,validation,14,55622,0.46299249711105395,0.31101277019015616,0.01791341620699704,0.04760374319243856,0.12365417840618433,0.037339779162268896,0.001755987584201243,1.013962019031169,/dtu/p1/leopam/ARGOS/ARGOS_FREEZED/experiments/02_massive_training/budget_6x/seed_20260724/validation_metrics.csv,0.8677626350364148,0.5927450019415105,0.042513134954616165,0.1116354798401601,0.20676795878890786,0.09542118419879649,-0.005325657315552235,0.10910602568920867,1.3733875654555094,0.9,0.05,False,24.732211846014252
6x,20260724,validation,15,59595,0.45602415106007294,0.30787159072639825,0.017729115278742318,0.047545085398453577,0.12007870954730267,0.03661507501609374,0.0017217514421249793,0.9963487080240157,/dtu/p1/leopam/ARGOS/ARGOS_FREEZED/experiments/02_massive_training/budget_6x/seed_20260724/validation_metrics.csv,0.9236066091731684,0.6420620280470393,0.040599235853130945,0.10647939222308833,0.20939218170250093,0.1261646553825335,-0.01219542883336544,0.19511979959081918,1.6283983598167757,0.9,0.1,False,24.66842614399502
6x,20260724,validation,16,63568,0.4517985902934809,0.3014073912293401,0.017496991373402607,0.04669616572226482,0.12275979507047839,0.036044532215148174,0.0016856740760387197,0.9132573604001664,/dtu/p1/leopam/ARGOS/ARGOS_FREEZED/experiments/02_massive_training/budget_6x/seed_20260724/validation_metrics.csv,0.9413574578252849,0.6521760963076195,0.04491725518846622,0.1167761224825129,0.21034346702671633,0.1359261673914362,-0.02615109644830227,0.1312979829777875,2.8482621166075535,0.9,0.1,False,24.261729047982953
6x,20260724,validation,17,67541,0.44525923353394603,0.2968474293149691,0.017045149754369743,0.045913632803711656,0.12121150502067723,0.03599666078895398,0.0016478543714951912,1.0305571304925252,/dtu/p1/leopam/ARGOS/ARGOS_FREEZED/experiments/02_massive_training/budget_6x/seed_20260724/validation_metrics.csv,0.9496946918267964,0.6660506368536315,0.04473224091418475,0.11307744534250945,0.2102396824831529,0.11384443955285811,-0.012137298472225666,0.1288097865033166,1.9445458607263675,0.9,0.1,False,23.98069943700102
6x,20260724,validation,18,71514,0.44527766863885104,0.29577207721379745,0.016714305546884363,0.04558253222680305,0.12275830254893072,0.03497230295507247,0.001608395989675746,1.14569329994265,/dtu/p1/leopam/ARGOS/ARGOS_FREEZED/experiments/02_massive_training/budget_6x/seed_20260724/validation_metrics.csv,0.8694953508216926,0.6036184212173509,0.03979737632564298,0.10308048895418348,0.2047221859698532,0.07742967937467003,-0.003648145589977503,0.09202943298364848,1.2673929216734987,0.9,0.1,False,24.486474965990055
6x,20260724,validation,19,75487,0.4451908293315424,0.2931946467607276,0.01690522017751593,0.04508136827386156,0.1252702297113054,0.035015079796899336,0.001567407083262229,0.9900566720752977,/dtu/p1/leopam/ARGOS/ARGOS_FREEZED/experiments/02_massive_training/budget_6x/seed_20260724/validation_metrics.csv,0.8880278693341149,0.6202188477681398,0.041399432070220246,0.10067897221816276,0.2062161693916909,0.07861694897752006,-0.004620304796844721,0.13036747725396886,1.3112480569330829,0.9,0.1,False,24.548300383001333
6x,20260724,validation,20,79460,0.4398031336082609,0.2878055959863069,0.016344568537200784,0.04465746405371998,0.12583006620702464,0.034154156248724914,0.0015249999999980143,1.1159443052602,/dtu/p1/leopam/ARGOS/ARGOS_FREEZED/experiments/02_massive_training/budget_6x/seed_20260724/validation_metrics.csv,0.8777763708199435,0.6057939533013833,0.041354550710525066,0.1070128941222102,0.20508105503774074,0.09735431339853429,-0.008072687312960625,0.16208322104828116,1.4812972174600487,0.9,0,False,24.68148212201777
6x,20260724,validation,21,83433,0.43235571692392266,0.28611684290342,0.016538669664374995,0.04424235978162138,0.12004066127573468,0.034341205315598304,0.001481290974750642,1.1807710464054253,/dtu/p1/leopam/ARGOS/ARGOS_FREEZED/experiments/02_massive_training/budget_6x/seed_20260724/validation_metrics.csv,0.9148611232934408,0.642481181425172,0.03868514816201836,0.10221250105760252,0.20471416521190103,0.11385037153159676,-0.0072243427857756615,0.13895471579092383,1.4896984233617703,0.9,0.1,False,25.081867576984223
6x,20260724,validation,22,87406,0.43082626421626197,0.281932695265489,0.01589663009896027,0.043658968568243896,0.12327646084946504,0.03377020260023285,0.0014363998109201464,1.2303914422227535,/dtu/p1/leopam/ARGOS/ARGOS_FREEZED/experiments/02_massive_training/budget_6x/seed_20260724/validation_metrics.csv,0.9121199897230517,0.6408806063178416,0.040358242719009514,0.10362973722343773,0.20525825030171263,0.09947288850730535,-0.008116408251225948,0.12744182224440398,1.6376491783802618,0.9,0.1,False,24.307950849994086
6x,20260724,validation,23,91379,0.42531507254291956,0.2785233910475184,0.015782590043102104,0.043048774967007125,0.12145920942347378,0.03339484066198672,0.0013904495520662339,1.1307222737523261,/dtu/p1/leopam/ARGOS/ARGOS_FREEZED/experiments/02_massive_training/budget_6x/seed_20260724/validation_metrics.csv,0.9430704371635374,0.6633590828017627,0.04265172441581189,0.10657296129022156,0.20528268077663633,0.13229786358474574,-0.01339002326130867,0.27197594703126377,1.5927999869593377,0.9,0.02,False,24.231168628000887
6x,20260724,validation,24,95352,0.42649489141421204,0.2768316249624026,0.01584361980003116,0.0430827899875854,0.12433613743281413,0.033173431715255955,0.001343566144654463,0.9883024229493458,/dtu/p1/leopam/ARGOS/ARGOS_FREEZED/experiments/02_massive_training/budget_6x/seed_20260724/validation_metrics.csv,0.8932346503832708,0.6221822905023789,0.0447248922865362,0.10591010765486213,0.20317539597122225,0.09518495502211188,-0.004251308739185333,0.20054573556477467,1.2342904824247343,0.9,0.05,False,24.376390534016537
6x,20260724,validation,25,99325,0.4191807323976275,0.27405874838871125,0.015349493013964927,0.04226797550793371,0.12035602165349513,0.0326210447321483,0.001295878092845718,1.0132016687421128,/dtu/p1/leopam/ARGOS/ARGOS_FREEZED/experiments/02_massive_training/budget_6x/seed_20260724/validation_metrics.csv,0.9420273646416254,0.6667736074768268,0.042368035745439576,0.10773793441422333,0.2054252578157054,0.10854999403342167,-0.012624302878975868,0.20653239187100533,1.679345400106194,0.9,0.1,False,24.57756930499454
6x,20260724,validation,26,103298,0.41827050958221634,0.2718781528733305,0.015365198826933739,0.0419685158403527,0.12170425922734808,0.03256675418726059,0.0012475161062752602,1.0026627355837263,/dtu/p1/leopam/ARGOS/ARGOS_FREEZED/experiments/02_massive_training/budget_6x/seed_20260724/validation_metrics.csv,0.8584062964034284,0.5933991106440266,0.04035626914052164,0.10280982648769646,0.2033507903480978,0.07887901082940448,-0.004959930200129747,0.18890474642510577,1.2636187264038723,0.9,0.01,False,24.11016666298383
6x,20260724,validation,27,107271,0.41722620766550833,0.27041969430887697,0.015383852829710361,0.041339234442933234,0.1223613273878876,0.03209238990920033,0.0011986127417866676,0.8924093300011009,/dtu/p1/leopam/ARGOS/ARGOS_FREEZED/experiments/02_massive_training/budget_6x/seed_20260724/validation_metrics.csv,0.8848125673865753,0.608264619327708,0.0427519744352412,0.11208549250259135,0.20489669922922535,0.11126945927122814,-0.013203443959355354,0.21716070075540148,1.6249892047416685,0.9,-0.05,False,24.251671603007708
6x,20260724,validation,28,111244,0.41080313645680183,0.2676766471083567,0.014712582522590185,0.04105736505927735,0.11919164891654085,0.03157111484038869,0.0011493020401027927,0.9644996353890747,/dtu/p1/leopam/ARGOS/ARGOS_FREEZED/experiments/02_massive_training/budget_6x/seed_20260724/validation_metrics.csv,0.8321632747815935,0.5701526441596371,0.04003578188726476,0.1004628702152746,0.20383341221690404,0.06521805807908573,-0.0015035743126645684,0.14504167336348817,1.0837129417732232,0.9,-0.05,False,25.269389579014387
6x,20260724,validation,29,115217,0.4106994200213757,0.26461145475932474,0.015156662663726875,0.04112059217697188,0.12192343450612006,0.03153026983115645,0.001099719158429394,1.215375462808879,/dtu/p1/leopam/ARGOS/ARGOS_FREEZED/experiments/02_massive_training/budget_6x/seed_20260724/validation_metrics.csv,0.8694118667066154,0.6001066300584499,0.040448228591152574,0.10920542179075551,0.20291237915225518,0.09433693686930168,-0.00664528738707304,0.20393422653826493,1.3062033170449048,0.9,-0.05,False,24.35321151599055
6x,20260724,validation,30,119190,0.40863095875571603,0.26280468770014737,0.014617035231211243,0.04041841525006397,0.12217027355518062,0.031214413041586002,0.001049999999998555,1.0855124886729755,/dtu/p1/leopam/ARGOS/ARGOS_FREEZED/experiments/02_massive_training/budget_6x/seed_20260724/validation_metrics.csv,0.9269020463513561,0.6552782475599418,0.040784591107449496,0.10423792850084307,0.20467818314482722,0.10246920368859726,-0.010555820539593697,0.21375287459803965,1.5198152234251172,0.9,0.02,False,24.96429250499932
6x,20260724,validation,31,123163,0.4055879056414323,0.26072017460632035,0.0144708508463237,0.04009878457955905,0.12140518725103552,0.03101203005349279,0.001000280841567629,1.1542101011436898,/dtu/p1/leopam/ARGOS/ARGOS_FREEZED/experiments/02_massive_training/budget_6x/seed_20260724/validation_metrics.csv,0.8835713482314727,0.6122616986967024,0.043167817344238794,0.11037212610850507,0.20464903111908808,0.08741839137903036,-0.005635115783661604,0.17602268017068134,1.2936864039835463,0.9,0.01,False,24.34966014197562
6x,20260724,validation,32,127136,0.4045679321873107,0.2582928028488389,0.014444201412931151,0.039811219899215905,0.12289709261244197,0.03101576865844573,0.0009506979598941348,0.9959579672140535,/dtu/p1/leopam/ARGOS/ARGOS_FREEZED/experiments/02_massive_training/budget_6x/seed_20260724/validation_metrics.csv,0.9122177683726277,0.6405354718551702,0.03954708803702382,0.10526454205472328,0.20338660569697647,0.1110300505582275,-0.007994383573532104,0.27713360732900144,1.332833555953399,0.9,-0.05,False,24.548740504018497
6x,20260724,validation,33,131109,0.4026493062840701,0.25713291422625933,0.014080255035556648,0.03953710706385482,0.12245628764426719,0.03067855057235092,0.0009013872582102765,1.1466218591376673,/dtu/p1/leopam/ARGOS/ARGOS_FREEZED/experiments/02_massive_training/budget_6x/seed_20260724/validation_metrics.csv,0.9156636075877084,0.6401545054939212,0.042614793656490804,0.10718172547198627,0.2033628112889382,0.12021730676321568,-0.010616043582558632,0.25373803484441826,1.461362657246252,0.9,0.02,False,24.793887699983316
6x,20260724,validation,34,135082,0.3995054679949248,0.2535596759678089,0.014143127597686303,0.03938714404368439,0.12296547556554782,0.030309752016141916,0.0008524838937217165,0.9685250421753153,/dtu/p1/leopam/ARGOS/ARGOS_FREEZED/experiments/02_massive_training/budget_6x/seed_20260724/validation_metrics.csv,0.9197007165543291,0.6488930347658405,0.040503953320089665,0.10143124829544249,0.20509192532469414,0.10052981792905966,-0.006494010332971811,0.14770872028877097,1.3743679308706895,0.9,0.1,False,24.690271169005428
6x,20260724,validation,35,139055,0.3972200733217325,0.2532200036012996,0.013836477700083616,0.03900050235462834,0.12127805846770712,0.03026839188355629,0.0008041219071512812,1.0454896750452463,/dtu/p1/leopam/ARGOS/ARGOS_FREEZED/experiments/02_massive_training/budget_6x/seed_20260724/validation_metrics.csv,0.9317311746832212,0.6535814611898522,0.04345010754609588,0.11293931425546447,0.2058534167130727,0.11168208361806854,-0.010297403670847416,0.2456281336592923,1.4861334318932904,0.9,0.02,False,24.80724613001803
6x,20260724,validation,36,143028,0.3936272825996056,0.2504541420171742,0.013704182880015455,0.038965270003730984,0.12062932533126915,0.029752134106605082,0.0007564338553425626,1.2953858250984922,/dtu/p1/leopam/ARGOS/ARGOS_FREEZED/experiments/02_massive_training/budget_6x/seed_20260724/validation_metrics.csv,0.8887402307569924,0.6201021600349004,0.038748699412971925,0.09933617550883242,0.205277656756567,0.09576010343703717,-0.008862395770847797,0.21525981049102907,1.4276923182065147,0.9,0.01,False,24.756427896994865
6x,20260724,validation,37,147001,0.39173105270656894,0.2495104120770015,0.01363399773002798,0.03849769831315553,0.1197608809400347,0.03009146261419243,0.0007095504479308171,1.0016383860784117,/dtu/p1/leopam/ARGOS/ARGOS_FREEZED/experiments/02_massive_training/budget_6x/seed_20260724/validation_metrics.csv,0.9014086351292023,0.6269399377049538,0.039846187624190434,0.10442496287128064,0.20626141739411802,0.11088973461044996,-0.01156177744269371,0.24975377851788566,1.4863161337066446,0.9,0,False,24.55460807797499
6x,20260724,validation,38,150974,0.39096000387780827,0.24826512896152728,0.013443269676647484,0.03830146098272908,0.1204581111191338,0.029698969343882976,0.0006636001890769243,0.9947006782167591,/dtu/p1/leopam/ARGOS/ARGOS_FREEZED/experiments/02_massive_training/budget_6x/seed_20260724/validation_metrics.csv,0.8916165945080506,0.6225160587554341,0.039545273001445856,0.10370489300423379,0.20469246202922983,0.09354607505937941,-0.0060124825686216354,0.21340363283935967,1.266535884879103,0.9,-0.05,False,24.940862446994288
6x,20260724,validation,39,154947,0.38843902825030246,0.24568804833365723,0.013491536943153346,0.03818712171892409,0.12058192050788179,0.02938271973074878,0.0006187090252464519,1.0016843999619596,/dtu/p1/leopam/ARGOS/ARGOS_FREEZED/experiments/02_massive_training/budget_6x/seed_20260724/validation_metrics.csv,0.9081826928435572,0.6375425488933879,0.041932365964228495,0.10828768102211618,0.2057497099750343,0.08426164535131762,-0.006335004698485136,0.11077005995115449,1.4440470577335722,0.9,0.1,False,24.505199730978347
6x,20260724,validation,40,158920,0.38830020776116486,0.2452050408195135,0.013334469702479231,0.03800828253082404,0.12110218067207858,0.02911842508457663,0.0005749999999991333,1.1249394835322164,/dtu/p1/leopam/ARGOS/ARGOS_FREEZED/experiments/02_massive_training/budget_6x/seed_20260724/validation_metrics.csv,0.8741251328782079,0.6110047652556181,0.03866630062494381,0.10097664763557115,0.20419526089233053,0.07173895945801935,-0.003993417602032423,0.19558142710575258,1.2068211915308344,0.9,-0.05,False,24.52973353100242
6x,20260724,validation,41,162893,0.38490030421996607,0.2433926991010992,0.013094232824583918,0.0372326708425248,0.11988033822322958,0.028859962062033964,0.0005325929167350369,1.3654153060924727,/dtu/p1/leopam/ARGOS/ARGOS_FREEZED/experiments/02_massive_training/budget_6x/seed_20260724/validation_metrics.csv,0.8962582518173031,0.6271672842049638,0.039585374772716966,0.10461150994282058,0.20480705832123278,0.09169172086630038,-0.005172188393771648,0.2183618990534219,1.2396756801215172,0.9,-0.05,False,25.279748626984656
6x,20260724,validation,42,166866,0.38511107947884593,0.2415723494229908,0.01308805841192244,0.037681561111424025,0.12181794105693998,0.02878155817530661,0.0004916040103216306,0.978780017059762,/dtu/p1/leopam/ARGOS/ARGOS_FREEZED/experiments/02_massive_training/budget_6x/seed_20260724/validation_metrics.csv,0.8824991350297445,0.6161650674525109,0.038557680519654566,0.10641711579116772,0.20434501074261563,0.08052967687770385,-0.004949260037392378,0.21476797175129636,1.2464203365427158,0.9,-0.05,False,24.905935676011723
6x,20260724,validation,43,170839,0.38539529038678033,0.24040783648870243,0.01307097159399565,0.03710579066149367,0.1234727869620896,0.028513658025719014,0.0004521456285021947,0.953609625401441,/dtu/p1/leopam/ARGOS/ARGOS_FREEZED/experiments/02_massive_training/budget_6x/seed_20260724/validation_metrics.csv,0.9348457356881396,0.6621706723134221,0.04238645729539227,0.1092496885655513,0.20629627937089753,0.08936567617743132,-0.008582894690334797,0.22539869753367645,1.419252306709663,0.9,-0.05,False,24.239133802999277
6x,20260724,validation,44,174812,0.380915768178245,0.23918679518882527,0.012864758516497734,0.0370980534970239,0.1203190999212465,0.02851489278551856,0.0004143259239586724,1.0103914776118472,/dtu/p1/leopam/ARGOS/ARGOS_FREEZED/experiments/02_massive_training/budget_6x/seed_20260724/validation_metrics.csv,0.9145130142428566,0.6429416343196169,0.04174279237021547,0.10591876119892435,0.2054847731909652,0.09367760438427426,-0.006058091297745705,0.11966182763408648,1.3890613780739778,0.9,0.1,False,25.198716407001484
6x,20260724,validation,45,178785,0.3802154089682594,0.23879758302725265,0.012826285599107371,0.036714776200220074,0.12015226296342116,0.028368508458707604,0.0003782485578724147,1.0823258460441139,/dtu/p1/leopam/ARGOS/ARGOS_FREEZED/experiments/02_massive_training/budget_6x/seed_20260724/validation_metrics.csv,0.9279845140684069,0.6555446644781497,0.04158333444436122,0.1073053808714983,0.20589099840112135,0.09465420364830449,-0.007257494609802961,0.14757579089965403,1.435620063180802,0.9,0.1,False,25.116174846014474
6x,20260724,validation,46,182758,0.3784821221008128,0.23797346253239657,0.012703703390153089,0.03648006036804261,0.11935021693689578,0.028433005695165388,0.0003440124157961557,0.8793964067881461,/dtu/p1/leopam/ARGOS/ARGOS_FREEZED/experiments/02_massive_training/budget_6x/seed_20260724/validation_metrics.csv,0.9187429208333129,0.6508429240375447,0.03991271316139036,0.10269999840295042,0.20523013335951343,0.08519252693519466,-0.0056136432103812695,0.1260146439848847,1.3625660086973477,0.9,0.1,False,24.798444362997543
6x,20260724,validation,47,186731,0.3764628084269093,0.23505515161748874,0.012492249161251153,0.0363492895919373,0.12047766469287262,0.027982671705505693,0.0003117113366156521,1.2052253205911256,/dtu/p1/leopam/ARGOS/ARGOS_FREEZED/experiments/02_massive_training/budget_6x/seed_20260724/validation_metrics.csv,0.9244994947311442,0.6540724992709782,0.041702394916913,0.1062374210682087,0.20534583395866848,0.08835303866848647,-0.006354909390211105,0.20559463545323484,1.3137911752496196,0.9,-0.05,False,25.096705729985842
6x,20260724,validation,48,190704,0.3768754437502043,0.23502431944455213,0.012679204792829768,0.03653556451514615,0.12077176963323022,0.02802921811729602,0.0002814338553436547,1.0831776351842564,/dtu/p1/leopam/ARGOS/ARGOS_FREEZED/experiments/02_massive_training/budget_6x/seed_20260724/validation_metrics.csv,0.9207441174586426,0.6499962388690255,0.04141847031189229,0.10609729186338333,0.20494965683094374,0.09282332022955012,-0.006004948168992996,0.1337426752885474,1.36213812381534,0.9,0.1,False,24.209513896988938
6x,20260724,validation,49,194677,0.3770977432691658,0.2345474513358721,0.012446752089745461,0.03602520472230847,0.12175831059650291,0.027811501207982987,0.00025326296045177456,0.9882330267282669,/dtu/p1/leopam/ARGOS/ARGOS_FREEZED/experiments/02_massive_training/budget_6x/seed_20260724/validation_metrics.csv,0.918260295236573,0.6490000507943227,0.040363306574485565,0.1055163381629612,0.2054039743846122,0.08647765787866558,-0.006388960871845484,0.22281503358883972,1.3021758493702682,0.9,-0.05,False,24.80040819302667
6x,20260724,validation,50,198650,0.37261510893923794,0.23260412225581795,0.012310837629345416,0.03585363186413191,0.11932366895012364,0.0278423886859624,0.00022727586640477202,1.153975491906749,/dtu/p1/leopam/ARGOS/ARGOS_FREEZED/experiments/02_massive_training/budget_6x/seed_20260724/validation_metrics.csv,0.9244617973590867,0.6533618495608402,0.04125742507468937,0.10808024150204855,0.20584809592799014,0.08801539550713143,-0.007208357099443674,0.23625177793057944,1.3492206279571348,0.9,-0.05,False,25.13829874197836
6x,20260724,validation,51,202623,0.3753438613766871,0.23279397474006924,0.01236529372511312,0.03601635123194933,0.12183908918385365,0.027620282666436558,0.00020354380202105112,1.0381038278283086,/dtu/p1/leopam/ARGOS/ARGOS_FREEZED/experiments/02_massive_training/budget_6x/seed_20260724/validation_metrics.csv,0.92960334925885,0.6577605941723204,0.041232929299801394,0.10771996782680263,0.20618280673059464,0.0905674640936506,-0.0082034757360816,0.22733825816579195,1.3898043238206708,0.9,-0.05,False,26.053990863991203
6x,20260724,validation,52,206596,0.3741760526987938,0.2317388723858719,0.012333462554412917,0.03572562072961011,0.12183888560020815,0.02750095815824196,0.00018213181523952997,0.9199198992864694,/dtu/p1/leopam/ARGOS/ARGOS_FREEZED/experiments/02_massive_training/budget_6x/seed_20260724/validation_metrics.csv,0.9151697826969138,0.645054367622017,0.04181961219217241,0.10527228662134443,0.20572737613014433,0.08580079970907996,-0.005422915332019329,0.10339610420213968,1.3799272225064547,0.9,0.1,False,24.967318721988704
6x,20260724,validation,53,210569,0.3729490303028194,0.2313172087024568,0.012249926381455882,0.0354446104763199,0.1211864145434202,0.02729631808492419,0.00016309859482765808,1.1413502822688315,/dtu/p1/leopam/ARGOS/ARGOS_FREEZED/experiments/02_massive_training/budget_6x/seed_20260724/validation_metrics.csv,0.918238193854027,0.6486380685018613,0.040797581440877514,0.10488345710756283,0.20536014762977553,0.08810161268415106,-0.00564124621450901,0.12885208221803562,1.3451985949731606,0.9,0.1,False,24.823150615993654
6x,20260724,validation,54,214542,0.37257611542835123,0.2311713446448319,0.012071475347941434,0.03573006224916278,0.12097724571061294,0.027296269837117092,0.00014649630951960304,1.1472359026083723,/dtu/p1/leopam/ARGOS/ARGOS_FREEZED/experiments/02_massive_training/budget_6x/seed_20260724/validation_metrics.csv,0.9371460813292379,0.6669914336873319,0.041842166387587046,0.10821341394200963,0.20647605254809137,0.07852079237032265,-0.006178135052323341,0.205108838958462,1.3256890973239388,0.9,-0.05,False,24.698538825003197
6x,20260724,validation,55,218515,0.37023633057258604,0.2295172996593983,0.012056692961787184,0.03536796197910523,0.12040642112082824,0.027211517643154402,0.00013237046502538417,1.1028507777373306,/dtu/p1/leopam/ARGOS/ARGOS_FREEZED/experiments/02_massive_training/budget_6x/seed_20260724/validation_metrics.csv,0.9210032380151658,0.650137983112752,0.040547100501090935,0.10719555067365448,0.20554740742014593,0.09122704185824422,-0.0070962607860565186,0.23700101630560225,1.3234985155347276,0.9,-0.05,False,24.80250546601019
6x,20260724,validation,56,222488,0.36994751113362134,0.22984988205069232,0.01207431716813497,0.03522513550758951,0.11978795049850835,0.027331154681920346,0.00012075977930288443,1.3396483989490662,/dtu/p1/leopam/ARGOS/ARGOS_FREEZED/experiments/02_massive_training/budget_6x/seed_20260724/validation_metrics.csv,0.9402999837258117,0.6684449302066072,0.04119774467735168,0.1076056146652807,0.20636454229873086,0.08995118457934129,-0.008550231344997883,0.23159924931148618,1.4145176274556763,0.9,-0.05,False,25.52812272598385
6x,20260724,validation,57,226461,0.368422546666589,0.22925265277779255,0.012015249076948224,0.035494449852691276,0.11884159442956711,0.027235388305725514,0.0001116960764346188,1.0021739350631833,/dtu/p1/leopam/ARGOS/ARGOS_FREEZED/experiments/02_massive_training/budget_6x/seed_20260724/validation_metrics.csv,0.9377260391821586,0.6649331547541927,0.04172920680051104,0.10665374652895805,0.2055699492169433,0.098474470885265,-0.008738040924072266,0.2495024211275554,1.3833202252356351,0.9,-0.05,False,24.48327037098352
6x,20260724,validation,58,230434,0.3709313299984167,0.23019249470078867,0.011962560602096222,0.03541221054577476,0.12044120413173162,0.027316567641555167,0.00010520419940014007,0.9815222503966652,/dtu/p1/leopam/ARGOS/ARGOS_FREEZED/experiments/02_massive_training/budget_6x/seed_20260724/validation_metrics.csv,0.9322345308261653,0.6615376319355607,0.04104092667476682,0.10618574446765044,0.20588011404740833,0.08874942063954315,-0.007188690826296806,0.22889111512047633,1.3414612188924655,0.9,-0.05,False,24.917907866998576
6x,20260724,validation,59,234407,0.3691214646786834,0.22821426292069832,0.012035806763194278,0.03508307483862301,0.12070371637616861,0.027074106208269343,0.00010130194198315489,1.1785649857774843,/dtu/p1/leopam/ARGOS/ARGOS_FREEZED/experiments/02_massive_training/budget_6x/seed_20260724/validation_metrics.csv,0.9342870779948744,0.6635564145162461,0.04103256844267401,0.10593914882788327,0.20531313311019622,0.09208229478278357,-0.007576688192784786,0.24277981938521365,1.3504570621816798,0.9,-0.05,False,24.750026010005968
6x,20260724,validation,60,238380,0.3682997706774017,0.22853548105748916,0.012062035584688682,0.035360914758523085,0.1194760373288617,0.027084942041642416,0.0001,1.1518660630099475,/dtu/p1/leopam/ARGOS/ARGOS_FREEZED/experiments/02_massive_training/budget_6x/seed_20260724/validation_metrics.csv,0.9509604547028284,0.6783602764528657,0.04197721026310047,0.10817248162187022,0.20600302758218692,0.0928271293841468,-0.008644310757517815,0.23453336346399487,1.408666433012343,0.9,0,False,25.08291157000349
