backbone,sequence,support_coverage
CREStereo,dataset_7_keyframe_1,0.9949784791965567
CREStereo,dataset_7_keyframe_1,0.9945945945945946
CREStereo,dataset_7_keyframe_1,0.9940845070422535
CREStereo,dataset_7_keyframe_1,0.9937839937839937
CREStereo,dataset_7_keyframe_1,0.9932665745856354
CREStereo,dataset_7_keyframe_1,0.9913550084570569
CREStereo,dataset_7_keyframe_1,0.9906281156530409
CREStereo,dataset_7_keyframe_1,0.9884343542514457
CREStereo,dataset_7_keyframe_1,0.9871737173717372
CREStereo,dataset_7_keyframe_1,0.9826454033771107
CREStereo,dataset_7_keyframe_1,0.9771184309781242
CREStereo,dataset_7_keyframe_1,0.9818605856439492
CREStereo,dataset_7_keyframe_1,0.9802597402597403
CREStereo,dataset_7_keyframe_1,0.9589638368812516
CREStereo,dataset_7_keyframe_1,0.9614702154626109
CREStereo,dataset_7_keyframe_1,0.9440978287996007
CREStereo,dataset_7_keyframe_1,0.9288443170964661
CREStereo,dataset_7_keyframe_1,0.924264007597341
CREStereo,dataset_7_keyframe_1,0.9139134481154025
CREStereo,dataset_7_keyframe_1,0.9066666666666666
CREStereo,dataset_7_keyframe_1,0.8956777551482236
CREStereo,dataset_7_keyframe_1,0.8888150609080842
CREStereo,dataset_7_keyframe_1,0.8928571428571429
CREStereo,dataset_7_keyframe_1,0.9085590465872156
CREStereo,dataset_7_keyframe_1,0.9084210526315789
CREStereo,dataset_7_keyframe_1,0.9101216244073387
CREStereo,dataset_7_keyframe_1,0.9033346566097658
CREStereo,dataset_7_keyframe_1,0.8941013460015835
CREStereo,dataset_7_keyframe_1,0.8937931034482759
CREStereo,dataset_7_keyframe_1,0.9021418746315583
CREStereo,dataset_7_keyframe_1,0.9153666146645866
CREStereo,dataset_7_keyframe_1,0.9264850029405999
CREStereo,dataset_7_keyframe_1,0.9391560353287537
CREStereo,dataset_7_keyframe_1,0.9520507232019021
CREStereo,dataset_7_keyframe_1,0.9754279959718026
CREStereo,dataset_7_keyframe_1,0.9857572718154464
CREStereo,dataset_7_keyframe_1,0.9981684981684982
CREStereo,dataset_7_keyframe_1,0.9991938734381298
CREStereo,dataset_7_keyframe_1,0.9993909866017052
CREStereo,dataset_7_keyframe_1,0.9983710038688658
CREStereo,dataset_7_keyframe_1,0.9987799918666125
CREStereo,dataset_7_keyframe_1,0.9963466612543129
CREStereo,dataset_7_keyframe_1,0.9911415341252265
CREStereo,dataset_7_keyframe_1,0.9876641464385197
CREStereo,dataset_7_keyframe_1,0.9895049504950495
CREStereo,dataset_7_keyframe_1,0.9796795623290347
CREStereo,dataset_7_keyframe_1,0.9662031672460409
CREStereo,dataset_7_keyframe_1,0.9588007736943908
CREStereo,dataset_7_keyframe_1,0.9564541213063764
CREStereo,dataset_7_keyframe_1,0.9590935279431535
CREStereo,dataset_7_keyframe_1,0.961437663796331
CREStereo,dataset_7_keyframe_1,0.9558551902475064
CREStereo,dataset_7_keyframe_1,0.9586405322783672
CREStereo,dataset_7_keyframe_1,0.9579339723109691
CREStereo,dataset_7_keyframe_1,0.962930734423947
CREStereo,dataset_7_keyframe_1,0.9684547908232118
CREStereo,dataset_7_keyframe_1,0.9657725851571499
CREStereo,dataset_7_keyframe_1,0.9641049968374447
CREStereo,dataset_7_keyframe_1,0.9693610469591993
CREStereo,dataset_7_keyframe_1,0.9702199144777031
CREStereo,dataset_7_keyframe_1,0.9703086148895714
CREStereo,dataset_7_keyframe_1,0.9757820383451059
CREStereo,dataset_7_keyframe_1,0.9762245774849613
CREStereo,dataset_7_keyframe_1,0.9767312247457155
CREStereo,dataset_7_keyframe_1,0.9734853688693502
CREStereo,dataset_7_keyframe_1,0.9737343494828524
CREStereo,dataset_7_keyframe_1,0.9707681849082257
CREStereo,dataset_7_keyframe_1,0.9719688841201717
CREStereo,dataset_7_keyframe_1,0.9687922183193731
CREStereo,dataset_7_keyframe_1,0.9737908673331532
CREStereo,dataset_7_keyframe_1,0.9731396464300397
CREStereo,dataset_7_keyframe_1,0.9769155889306077
CREStereo,dataset_7_keyframe_1,0.9797893538286365
CREStereo,dataset_7_keyframe_1,0.9814034577945663
CREStereo,dataset_7_keyframe_1,0.9852320675105485
CREStereo,dataset_7_keyframe_1,0.9901462663587375
CREStereo,dataset_7_keyframe_1,0.9959903769045709
CREStereo,dataset_7_keyframe_1,0.9966881934095049
CREStereo,dataset_7_keyframe_1,0.9977632484514797
CREStereo,dataset_7_keyframe_1,0.9984067976633032
CREStereo,dataset_7_keyframe_1,0.9994533527696793
CREStereo,dataset_7_keyframe_1,0.99847850893876
CREStereo,dataset_7_keyframe_1,0.9992057188244639
CREStereo,dataset_7_keyframe_1,0.9991816693944353
CREStereo,dataset_7_keyframe_1,0.9993766881362975
CREStereo,dataset_7_keyframe_1,0.9993747394747812
CREStereo,dataset_7_keyframe_1,0.9989352640545145
CREStereo,dataset_7_keyframe_1,0.9987099548484197
CREStereo,dataset_7_keyframe_1,0.990084388185654
CREStereo,dataset_7_keyframe_1,0.9922561741314357
CREStereo,dataset_7_keyframe_1,0.9995785036880928
CREStereo,dataset_7_keyframe_1,1.0
CREStereo,dataset_7_keyframe_1,1.0
CREStereo,dataset_7_keyframe_1,0.9995834201208081
CREStereo,dataset_7_keyframe_1,0.9989764585465711
CREStereo,dataset_7_keyframe_1,0.9987672077254982
CREStereo,dataset_7_keyframe_1,0.9989758295780418
CREStereo,dataset_7_keyframe_1,0.9987917841320982
CREStereo,dataset_7_keyframe_1,0.9987760097919217
CREStereo,dataset_7_keyframe_1,0.997792937399679
CREStereo,dataset_7_keyframe_1,0.9994003597841296
CREStereo,dataset_7_keyframe_1,0.9994058229352347
CREStereo,dataset_7_keyframe_1,0.9990326949119752
CREStereo,dataset_7_keyframe_1,0.9992298806314979
CREStereo,dataset_7_keyframe_1,0.9992307692307693
CREStereo,dataset_7_keyframe_1,0.9990382765916522
CREStereo,dataset_7_keyframe_1,0.999034749034749
CREStereo,dataset_7_keyframe_1,0.9992408426646422
CREStereo,dataset_7_keyframe_1,0.9992434272744467
CREStereo,dataset_7_keyframe_1,0.9994313874147082
CREStereo,dataset_7_keyframe_1,0.9994384125795582
CREStereo,dataset_7_keyframe_1,0.9992478375329071
CREStereo,dataset_7_keyframe_1,0.9998145400593472
CREStereo,dataset_7_keyframe_1,0.9994409243384271
CREStereo,dataset_7_keyframe_1,0.9996357676197414
CREStereo,dataset_7_keyframe_1,0.9996323529411765
CREStereo,dataset_7_keyframe_1,1.0
CREStereo,dataset_7_keyframe_1,0.9990981240981242
CREStereo,dataset_7_keyframe_1,0.9998204667863555
CREStereo,dataset_7_keyframe_1,0.999468085106383
CREStereo,dataset_7_keyframe_1,0.9996484443663209
CREStereo,dataset_7_keyframe_1,0.9991186321170457
CREStereo,dataset_7_keyframe_1,0.9993005770239552
CREStereo,dataset_7_keyframe_1,0.9993108201240524
CREStereo,dataset_7_keyframe_1,0.999315537303217
CREStereo,dataset_7_keyframe_1,0.9994904891304348
CREStereo,dataset_7_keyframe_1,0.9998276456394347
CREStereo,dataset_7_keyframe_1,0.9993093922651933
CREStereo,dataset_7_keyframe_1,0.9974257765574052
CREStereo,dataset_7_keyframe_1,0.9970835477783496
CREStereo,dataset_7_keyframe_1,0.9948275862068966
CREStereo,dataset_7_keyframe_1,0.9933728636205092
CREStereo,dataset_7_keyframe_1,0.9926431949553337
CREStereo,dataset_7_keyframe_1,0.9909333333333333
CREStereo,dataset_7_keyframe_1,0.9937488837292373
CREStereo,dataset_7_keyframe_1,0.994221740700614
CREStereo,dataset_7_keyframe_1,0.9947099598686611
CREStereo,dataset_7_keyframe_1,0.9957001308655824
CREStereo,dataset_7_keyframe_1,0.9954172236012985
CREStereo,dataset_7_keyframe_1,0.9951606658923732
CREStereo,dataset_7_keyframe_1,0.9964093357271095
CREStereo,dataset_7_keyframe_1,0.9967630993323893
CREStereo,dataset_7_keyframe_1,0.9965780998389694
CREStereo,dataset_7_keyframe_1,0.9938738002858893
CREStereo,dataset_7_keyframe_1,0.9925131525698098
CREStereo,dataset_7_keyframe_1,0.9913097454996896
CREStereo,dataset_7_keyframe_1,0.9904822335025381
CREStereo,dataset_7_keyframe_1,0.989294710327456
CREStereo,dataset_7_keyframe_1,0.9832698009318086
CREStereo,dataset_7_keyframe_1,0.9820971867007673
CREStereo,dataset_7_keyframe_1,0.9781432590348409
CREStereo,dataset_7_keyframe_1,0.9760479041916168
CREStereo,dataset_7_keyframe_1,0.9736783897367839
CREStereo,dataset_7_keyframe_1,0.9727800089245873
CREStereo,dataset_7_keyframe_1,0.9723544074325855
CREStereo,dataset_7_keyframe_1,0.9693530079455165
CREStereo,dataset_7_keyframe_1,0.9699265381083563
CREStereo,dataset_7_keyframe_1,0.9694425005831584
CREStereo,dataset_7_keyframe_1,0.9660148975791434
CREStereo,dataset_7_keyframe_1,0.974520804114072
CREStereo,dataset_7_keyframe_1,0.9744801512287334
CREStereo,dataset_7_keyframe_1,0.9744075829383886
CREStereo,dataset_7_keyframe_1,0.9755576649264357
CREStereo,dataset_7_keyframe_1,0.9755979705242812
CREStereo,dataset_7_keyframe_1,0.9865657059110894
CREStereo,dataset_7_keyframe_1,0.9894036471168063
CREStereo,dataset_7_keyframe_1,0.9898060666335157
CREStereo,dataset_7_keyframe_1,0.9902206619859579
CREStereo,dataset_7_keyframe_1,0.9939255884586181
CREStereo,dataset_7_keyframe_1,1.0
CREStereo,dataset_7_keyframe_1,0.9986814345991561
CREStereo,dataset_7_keyframe_1,0.9897691500524659
CREStereo,dataset_7_keyframe_1,0.9898558462359851
CREStereo,dataset_7_keyframe_1,0.9899918853124154
CREStereo,dataset_7_keyframe_1,0.9932678821879383
CREStereo,dataset_7_keyframe_1,0.999421965317919
CREStereo,dataset_7_keyframe_1,1.0
CREStereo,dataset_7_keyframe_1,1.0
CREStereo,dataset_7_keyframe_1,1.0
CREStereo,dataset_7_keyframe_1,1.0
CREStereo,dataset_7_keyframe_1,1.0
CREStereo,dataset_7_keyframe_1,1.0
CREStereo,dataset_7_keyframe_1,1.0
CREStereo,dataset_7_keyframe_1,1.0
CREStereo,dataset_7_keyframe_1,1.0
CREStereo,dataset_7_keyframe_1,1.0
CREStereo,dataset_7_keyframe_1,1.0
CREStereo,dataset_7_keyframe_1,0.9996438746438746
CREStereo,dataset_7_keyframe_1,0.9992695398100804
CREStereo,dataset_7_keyframe_1,0.9985080193957478
CREStereo,dataset_7_keyframe_1,0.9988649262202043
CREStereo,dataset_7_keyframe_1,0.9980166600555335
CREStereo,dataset_7_keyframe_1,0.9923139158576052
CREStereo,dataset_7_keyframe_1,0.9974293059125964
CREStereo,dataset_7_keyframe_1,0.9910179640718563
CREStereo,dataset_7_keyframe_1,0.9912967798085291
CREStereo,dataset_7_keyframe_1,0.9948837209302326
CREStereo,dataset_7_keyframe_1,0.9924599434495759
CREStereo,dataset_7_keyframe_1,0.9965669445806769
CREStereo,dataset_7_keyframe_1,0.9994944388270981
CREStereo,dataset_7_keyframe_1,0.9932920536635707
CREStereo,dataset_7_keyframe_1,0.9922480620155039
CREStereo,dataset_7_keyframe_1,0.9916107382550335
CREStereo,dataset_7_keyframe_1,0.998792270531401
CREStereo,dataset_7_keyframe_1,0.9835547122074636
CREStereo,dataset_7_keyframe_1,0.999322951929587
CREStereo,dataset_7_keyframe_1,1.0
CREStereo,dataset_7_keyframe_1,1.0
CREStereo,dataset_7_keyframe_1,1.0
CREStereo,dataset_7_keyframe_1,0.9921652421652422
CREStereo,dataset_7_keyframe_1,0.9797297297297297
CREStereo,dataset_7_keyframe_1,0.9796992481203007
CREStereo,dataset_7_keyframe_1,0.9658678286129266
CREStereo,dataset_7_keyframe_1,0.9542097488921714
CREStereo,dataset_7_keyframe_1,0.9538228614685844
CREStereo,dataset_7_keyframe_1,0.9477941176470588
CREStereo,dataset_7_keyframe_1,0.9294369208838203
CREStereo,dataset_7_keyframe_1,0.9323671497584541
CREStereo,dataset_7_keyframe_1,0.9139710942876806
CREStereo,dataset_7_keyframe_1,0.9082758620689655
CREStereo,dataset_7_keyframe_1,0.9196488858879136
CREStereo,dataset_7_keyframe_1,0.9271746459878625
CREStereo,dataset_7_keyframe_1,0.9188267394270123
CREStereo,dataset_7_keyframe_1,0.9193006052454606
CREStereo,dataset_7_keyframe_1,0.9344473007712082
CREStereo,dataset_7_keyframe_1,0.9443708609271523
CREStereo,dataset_7_keyframe_1,0.9600785340314136
CREStereo,dataset_7_keyframe_1,0.9655172413793104
CREStereo,dataset_7_keyframe_1,0.974390243902439
CREStereo,dataset_7_keyframe_1,0.9769900497512438
CREStereo,dataset_7_keyframe_1,0.9868421052631579
CREStereo,dataset_7_keyframe_1,0.9890552995391705
CREStereo,dataset_7_keyframe_1,0.9925756710451171
CREStereo,dataset_7_keyframe_1,0.9932508436445444
CREStereo,dataset_7_keyframe_1,0.99572877736252
CREStereo,dataset_7_keyframe_1,0.9946178686759957
CREStereo,dataset_7_keyframe_1,0.9979328165374677
CREStereo,dataset_7_keyframe_1,0.9973876698014629
CREStereo,dataset_7_keyframe_1,0.9984939759036144
CREStereo,dataset_7_keyframe_1,0.9984717269485481
CREStereo,dataset_7_keyframe_1,0.9980573093734822
CREStereo,dataset_7_keyframe_1,0.9980059820538385
CREStereo,dataset_7_keyframe_1,0.9985059760956175
CREStereo,dataset_7_keyframe_1,0.9980713596914176
CREStereo,dataset_7_keyframe_1,0.9985044865403788
CREStereo,dataset_7_keyframe_1,0.9955947136563876
CREStereo,dataset_7_keyframe_1,0.996078431372549
CREStereo,dataset_7_keyframe_1,0.9952153110047847
CREStereo,dataset_7_keyframe_1,0.993844696969697
CREStereo,dataset_7_keyframe_1,0.991264367816092
CREStereo,dataset_7_keyframe_1,0.9906367041198502
CREStereo,dataset_7_keyframe_1,0.9904065783462769
CREStereo,dataset_7_keyframe_1,0.992255125284738
CREStereo,dataset_7_keyframe_1,0.9737793851717902
CREStereo,dataset_7_keyframe_1,0.9757521329142343
CREStereo,dataset_7_keyframe_1,0.9706013363028954
CREStereo,dataset_7_keyframe_1,0.9542857142857143
CREStereo,dataset_7_keyframe_1,0.9447585906916051
CREStereo,dataset_7_keyframe_1,0.9501289767841788
CREStereo,dataset_7_keyframe_1,0.947011445527766
CREStereo,dataset_7_keyframe_1,0.9396336386344712
CREStereo,dataset_7_keyframe_1,0.9388682362660058
CREStereo,dataset_7_keyframe_1,0.9441318327974276
CREStereo,dataset_7_keyframe_1,0.9317252657399836
CREStereo,dataset_7_keyframe_1,0.9338635412306404
CREStereo,dataset_7_keyframe_1,0.9432968813284731
CREStereo,dataset_7_keyframe_1,0.9452166802943581
CREStereo,dataset_7_keyframe_1,0.9371428571428572
CREStereo,dataset_7_keyframe_1,0.9528712871287128
CREStereo,dataset_7_keyframe_1,0.9551357733175915
CREStereo,dataset_7_keyframe_1,0.95078125
CREStereo,dataset_7_keyframe_1,0.958974358974359
CREStereo,dataset_7_keyframe_1,0.9655445544554455
CREStereo,dataset_7_keyframe_1,0.9653406853091768
CREStereo,dataset_7_keyframe_1,0.9706473663047849
CREStereo,dataset_7_keyframe_1,0.9689681923972071
CREStereo,dataset_7_keyframe_1,0.9834905660377359
CREStereo,dataset_7_keyframe_1,0.9858128834355828
CREStereo,dataset_7_keyframe_1,0.9884139033160207
CREStereo,dataset_7_keyframe_1,0.9893700787401575
CREStereo,dataset_7_keyframe_1,0.9875631558492033
CREStereo,dataset_7_keyframe_1,0.9900268507863444
CREStereo,dataset_7_keyframe_1,0.994276993513926
CREStereo,dataset_7_keyframe_1,0.995105421686747
CREStereo,dataset_7_keyframe_1,0.9966517857142857
CREStereo,dataset_7_keyframe_1,0.9967008797653959
CREStereo,dataset_7_keyframe_1,0.9967129291453616
CREStereo,dataset_7_keyframe_1,0.9985835694050992
CREStereo,dataset_7_keyframe_1,0.9989583333333333
CREStereo,dataset_7_keyframe_1,0.9989687177724303
CREStereo,dataset_7_keyframe_1,0.998960498960499
CREStereo,dataset_7_keyframe_1,0.9989905787348586
CREStereo,dataset_7_keyframe_1,0.9979702300405954
CREStereo,dataset_7_keyframe_1,0.9983062330623306
CREStereo,dataset_7_keyframe_1,0.9993429697766097
CREStereo,dataset_7_keyframe_1,0.9990291262135922
CREStereo,dataset_7_keyframe_1,0.9977520873474631
CREStereo,dataset_7_keyframe_1,0.9974811083123426
CREStereo,dataset_7_keyframe_1,0.9966299019607843
CREStereo,dataset_7_keyframe_1,0.9949763593380615
CREStereo,dataset_7_keyframe_1,0.9953515398024404
CREStereo,dataset_7_keyframe_1,0.9960674157303371
CREStereo,dataset_7_keyframe_1,0.9953232462173315
CREStereo,dataset_7_keyframe_1,0.9973024008632317
CREStereo,dataset_7_keyframe_1,0.9954739084132055
CREStereo,dataset_7_keyframe_1,0.9971888576539739
CREStereo,dataset_7_keyframe_1,0.9964726631393298
CREStereo,dataset_7_keyframe_1,0.9965269163979161
CREStereo,dataset_7_keyframe_1,0.9959055876685935
CREStereo,dataset_7_keyframe_1,0.9948174322732627
CREStereo,dataset_7_keyframe_1,0.9947703501591633
CREStereo,dataset_7_keyframe_1,0.9964253798033958
CREStereo,dataset_7_keyframe_1,0.9941137998691956
CREStereo,dataset_7_keyframe_1,0.995295124037639
CREStereo,dataset_7_keyframe_1,0.9951640033641715
CREStereo,dataset_7_keyframe_1,0.9939011994307786
CREStereo,dataset_7_keyframe_1,0.9953403565640194
CREStereo,dataset_7_keyframe_1,0.9922264301375324
CREStereo,dataset_7_keyframe_1,0.9943513829372809
CREStereo,dataset_7_keyframe_1,0.9937262357414449
CREStereo,dataset_7_keyframe_1,0.9949485500467727
CREStereo,dataset_7_keyframe_1,0.9940674823878384
CREStereo,dataset_7_keyframe_1,0.9940944881889764
CREStereo,dataset_7_keyframe_1,0.9954047366560622
CREStereo,dataset_7_keyframe_1,0.9945036070079011
CREStereo,dataset_7_keyframe_1,0.9961194533490805
CREStereo,dataset_7_keyframe_1,0.9963467286615743
CREStereo,dataset_7_keyframe_1,0.9954947707160097
CREStereo,dataset_7_keyframe_1,0.9947191550648103
CREStereo,dataset_7_keyframe_1,0.9973045822102425
CREStereo,dataset_7_keyframe_1,0.9981102362204725
CREStereo,dataset_7_keyframe_1,0.9978206724782067
CREStereo,dataset_7_keyframe_1,0.9973874289226986
CREStereo,dataset_7_keyframe_1,0.9984667279975468
CREStereo,dataset_7_keyframe_1,0.997869101978691
CREStereo,dataset_7_keyframe_1,0.9988075719183187
CREStereo,dataset_7_keyframe_1,0.9991108476585655
CREStereo,dataset_7_keyframe_1,0.9984011627906977
CREStereo,dataset_7_keyframe_1,0.9981359334671638
CREStereo,dataset_7_keyframe_1,0.9968878200594143
CREStereo,dataset_7_keyframe_1,0.9964428002276607
CREStereo,dataset_7_keyframe_1,0.9937369519832986
CREStereo,dataset_7_keyframe_1,0.9933564013840831
CREStereo,dataset_7_keyframe_1,0.9923964697895451
CREStereo,dataset_7_keyframe_1,0.992027027027027
CREStereo,dataset_7_keyframe_1,0.9922126745435016
CREStereo,dataset_7_keyframe_1,0.9918785780854746
CREStereo,dataset_7_keyframe_1,0.9912802219579865
CREStereo,dataset_7_keyframe_1,0.9905009759271308
CREStereo,dataset_7_keyframe_1,0.9912623891497131
CREStereo,dataset_7_keyframe_1,0.9910588836377571
CREStereo,dataset_7_keyframe_1,0.9899396378269618
CREStereo,dataset_7_keyframe_1,0.9898414271555996
CREStereo,dataset_7_keyframe_1,0.9906762804574838
CREStereo,dataset_7_keyframe_1,0.9919194430631526
CREStereo,dataset_7_keyframe_1,0.9916604431167538
CREStereo,dataset_7_keyframe_1,0.9907914385266302
CREStereo,dataset_7_keyframe_1,0.9922100766427944
CREStereo,dataset_7_keyframe_1,0.9924053784860558
CREStereo,dataset_7_keyframe_1,0.9932135226844288
CREStereo,dataset_7_keyframe_1,0.993249156144518
CREStereo,dataset_7_keyframe_1,0.9945699123781315
CREStereo,dataset_7_keyframe_1,0.9954422271495442
CREStereo,dataset_7_keyframe_1,0.995985401459854
CREStereo,dataset_7_keyframe_1,0.9963798720888138
CREStereo,dataset_7_keyframe_1,0.9976136499224436
CREStereo,dataset_7_keyframe_1,0.9958387825466651
CREStereo,dataset_7_keyframe_1,0.9967170828936569
CREStereo,dataset_7_keyframe_1,0.9960178027641133
CREStereo,dataset_7_keyframe_1,0.9973781432487189
CREStereo,dataset_7_keyframe_1,0.9972339146121467
CREStereo,dataset_7_keyframe_1,0.9975651327002678
CREStereo,dataset_7_keyframe_1,0.9979987492182614
CREStereo,dataset_7_keyframe_1,0.9991164962766629
CREStereo,dataset_7_keyframe_1,0.9993565821644576
CREStereo,dataset_7_keyframe_1,0.995253164556962
CREStereo,dataset_7_keyframe_1,0.9939328569502495
CREStereo,dataset_7_keyframe_1,0.9890243902439024
CREStereo,dataset_7_keyframe_1,0.9860293110532804
CREStereo,dataset_7_keyframe_1,0.9835883171070932
CREStereo,dataset_7_keyframe_1,0.9820259161209419
CREStereo,dataset_7_keyframe_1,0.9786995515695067
CREStereo,dataset_7_keyframe_1,0.9724254361283061
CREStereo,dataset_7_keyframe_1,0.9737700269388913
CREStereo,dataset_7_keyframe_1,0.9673082366260968
CREStereo,dataset_7_keyframe_1,0.9686401350021094
CREStereo,dataset_7_keyframe_1,0.9681184173071449
CREStereo,dataset_7_keyframe_1,0.9714731762702242
CREStereo,dataset_7_keyframe_1,0.9730423620025674
CREStereo,dataset_7_keyframe_1,0.9776855957659848
CREStereo,dataset_7_keyframe_1,0.9788782645925503
CREStereo,dataset_7_keyframe_1,0.9830337886412652
CREStereo,dataset_7_keyframe_1,0.9853940708604483
CREStereo,dataset_7_keyframe_1,0.9864648522776889
CREStereo,dataset_7_keyframe_1,0.9858888565609544
CREStereo,dataset_7_keyframe_1,0.9904355503237199
CREStereo,dataset_7_keyframe_1,0.9877372262773723
CREStereo,dataset_7_keyframe_1,0.9913818288051417
CREStereo,dataset_7_keyframe_1,0.9947795823665894
CREStereo,dataset_7_keyframe_1,0.9994088961134919
CREStereo,dataset_7_keyframe_1,0.9994128871275503
CREStereo,dataset_7_keyframe_1,0.9986723705561292
CREStereo,dataset_7_keyframe_1,0.9979511195668082
CREStereo,dataset_7_keyframe_1,0.9966101694915255
CREStereo,dataset_7_keyframe_1,0.9968847352024922
CREStereo,dataset_7_keyframe_1,0.9974592736511733
CREStereo,dataset_7_keyframe_1,0.9966646452395391
CREStereo,dataset_7_keyframe_1,0.997078271566969
CREStereo,dataset_7_keyframe_1,0.9962358845671268
CREStereo,dataset_7_keyframe_1,0.9974243399871217
CREStereo,dataset_7_keyframe_1,0.9978737324174027
CREStereo,dataset_7_keyframe_1,0.9971849643980791
CREStereo,dataset_7_keyframe_1,0.9979943172321578
CREStereo,dataset_7_keyframe_1,0.9989844278943805
CREStereo,dataset_7_keyframe_1,0.9984514796971783
CREStereo,dataset_7_keyframe_1,0.9989745342676466
CREStereo,dataset_7_keyframe_1,0.9987878787878788
CREStereo,dataset_7_keyframe_1,0.9980849582172702
CREStereo,dataset_7_keyframe_1,0.9985987038010159
CREStereo,dataset_7_keyframe_1,0.9994698710019438
CREStereo,dataset_7_keyframe_1,0.9992886359594523
CREStereo,dataset_7_keyframe_1,0.9998206921283844
CREStereo,dataset_7_keyframe_1,0.9985693848354793
CREStereo,dataset_7_keyframe_1,0.9990973099837516
CREStereo,dataset_7_keyframe_1,0.9992843084630524
CREStereo,dataset_7_keyframe_1,0.9994633273703041
CREStereo,dataset_7_keyframe_1,0.9996427295462665
CREStereo,dataset_7_keyframe_1,0.9996357012750455
CREStereo,dataset_7_keyframe_1,0.9992812219227314
CREStereo,dataset_7_keyframe_1,0.9989327641408752
CREStereo,dataset_7_keyframe_1,0.9985704074338814
CREStereo,dataset_7_keyframe_1,0.9983683828861494
CREStereo,dataset_7_keyframe_1,0.9983531564501372
CREStereo,dataset_7_keyframe_1,0.9980205146661868
CREStereo,dataset_7_keyframe_1,0.9980061627696212
CREStereo,dataset_7_keyframe_1,0.9974499089253187
CREStereo,dataset_7_keyframe_1,0.9955019791291831
CREStereo,dataset_7_keyframe_1,0.9957127545551983
CREStereo,dataset_7_keyframe_1,0.9983698605325122
CREStereo,dataset_7_keyframe_1,0.9971656333038087
CREStereo,dataset_7_keyframe_1,0.9972958355868037
CREStereo,dataset_7_keyframe_1,0.9985611510791367
CREStereo,dataset_7_keyframe_1,0.9971484583853145
CREStereo,dataset_7_keyframe_1,0.9978906661979258
CREStereo,dataset_7_keyframe_1,0.9980650835532102
CREStereo,dataset_7_keyframe_1,0.9978832245545952
CREStereo,dataset_7_keyframe_1,0.9978914074855034
CREStereo,dataset_7_keyframe_1,0.9978783592644979
CREStereo,dataset_7_keyframe_1,0.9965065502183406
CREStereo,dataset_7_keyframe_1,0.9958405545927209
CREStereo,dataset_7_keyframe_1,0.9949991377823763
CREStereo,dataset_7_keyframe_1,0.9931200550395597
CREStereo,dataset_7_keyframe_1,0.9920981842636181
CREStereo,dataset_7_keyframe_1,0.9903667399019773
CREStereo,dataset_7_keyframe_1,0.9900270453008789
CREStereo,dataset_7_keyframe_1,0.989051709617652
CREStereo,dataset_7_keyframe_1,0.9896701099633456
CREStereo,dataset_7_keyframe_1,0.987508327781479
CREStereo,dataset_7_keyframe_1,0.9893687707641196
CREStereo,dataset_7_keyframe_1,0.9884412153236459
CREStereo,dataset_7_keyframe_1,0.9894961431150501
CREStereo,dataset_7_keyframe_1,0.991106719367589
CREStereo,dataset_7_keyframe_1,0.9893215048463939
CREStereo,dataset_7_keyframe_1,0.9920622063826341
CREStereo,dataset_7_keyframe_1,0.9929276315789474
CREStereo,dataset_7_keyframe_1,0.9960291197882197
CREStereo,dataset_7_keyframe_1,0.9959973315543695
CREStereo,dataset_7_keyframe_1,0.9963210702341138
CREStereo,dataset_7_keyframe_1,0.9969077478096547
CREStereo,dataset_7_keyframe_1,0.9958513396715644
CREStereo,dataset_7_keyframe_1,0.9960207612456747
CREStereo,dataset_7_keyframe_1,0.9977100581292936
CREStereo,dataset_7_keyframe_1,0.9966531618812753
CREStereo,dataset_7_keyframe_1,0.996618615411995
CREStereo,dataset_7_keyframe_1,0.9956032360182905
CREStereo,dataset_7_keyframe_1,0.996319018404908
CREStereo,dataset_7_keyframe_1,0.9967776584317938
CREStereo,dataset_7_keyframe_1,0.997686421071365
CREStereo,dataset_7_keyframe_1,0.9987590852685694
CREStereo,dataset_7_keyframe_1,0.9989262705798139
CREStereo,dataset_7_keyframe_1,0.9989214452633471
CREStereo,dataset_7_keyframe_1,0.9990977986286539
CREStereo,dataset_7_keyframe_1,0.9990989367453595
CREStereo,dataset_7_keyframe_1,0.9992794091154746
CREStereo,dataset_7_keyframe_1,0.9994562262098967
CREStereo,dataset_7_keyframe_1,0.9989245384477505
CREStereo,dataset_7_keyframe_1,0.9974475843208751
CREStereo,dataset_7_keyframe_1,0.9965722532924409
CREStereo,dataset_7_keyframe_1,0.9967793880837359
CREStereo,dataset_7_keyframe_1,0.9957492029755579
CREStereo,dataset_7_keyframe_1,0.9953546542790781
CREStereo,dataset_7_keyframe_1,0.9939694927279177
CREStereo,dataset_7_keyframe_1,0.9939220593493028
CREStereo,dataset_7_keyframe_1,0.991971454058876
CREStereo,dataset_7_keyframe_1,0.9925106990014265
CREStereo,dataset_7_keyframe_1,0.9891129751918615
CREStereo,dataset_7_keyframe_1,0.9897426669066043
CREStereo,dataset_7_keyframe_1,0.9893792345724226
CREStereo,dataset_7_keyframe_1,0.9897788515145883
CREStereo,dataset_7_keyframe_1,0.9888826078763897
CREStereo,dataset_7_keyframe_1,0.989648033126294
CREStereo,dataset_7_keyframe_1,0.9889481707317073
CREStereo,dataset_7_keyframe_1,0.9897266912192285
CREStereo,dataset_7_keyframe_1,0.9900990099009901
CREStereo,dataset_7_keyframe_1,0.9914444886589734
CREStereo,dataset_7_keyframe_1,0.992693322508626
CREStereo,dataset_7_keyframe_1,0.9920081967213115
CREStereo,dataset_7_keyframe_1,0.9885225375626043
CREStereo,dataset_7_keyframe_1,0.9899117276166457
CREStereo,dataset_7_keyframe_1,0.9913629660838424
CREStereo,dataset_7_keyframe_1,0.9944551076988697
CREStereo,dataset_7_keyframe_1,0.9984991423670669
CREStereo,dataset_7_keyframe_1,1.0
CREStereo,dataset_7_keyframe_1,1.0
CREStereo,dataset_7_keyframe_1,1.0
CREStereo,dataset_7_keyframe_1,1.0
CREStereo,dataset_7_keyframe_1,0.9978204010462075
CREStereo,dataset_7_keyframe_1,0.999333481448567
CREStereo,dataset_7_keyframe_1,0.9997800263968324
CREStereo,dataset_7_keyframe_1,0.9970779950550686
CREStereo,dataset_7_keyframe_1,0.9990990990990991
CREStereo,dataset_7_keyframe_1,0.9997733454215775
CREStereo,dataset_7_keyframe_1,0.9968
CREStereo,dataset_7_keyframe_1,0.996358670914884
CREStereo,dataset_7_keyframe_1,0.9972583961617546
CREStereo,dataset_7_keyframe_1,0.9979353062629044
CREStereo,dataset_7_keyframe_1,0.9972451790633609
CREStereo,dataset_7_keyframe_1,0.9951823812801102
CREStereo,dataset_7_keyframe_1,0.9933333333333333
CREStereo,dataset_7_keyframe_1,0.9923611111111111
CREStereo,dataset_7_keyframe_1,0.9918736939865336
CREStereo,dataset_7_keyframe_1,0.9921168560166937
CREStereo,dataset_7_keyframe_1,0.989884733003999
CREStereo,dataset_7_keyframe_1,0.9917821084761681
CREStereo,dataset_7_keyframe_1,0.9948320413436692
CREStereo,dataset_7_keyframe_1,0.9955336154207804
CREStereo,dataset_7_keyframe_1,0.9957446808510638
CREStereo,dataset_7_keyframe_1,0.9957132650631103
CREStereo,dataset_7_keyframe_1,0.9974299065420561
CREStereo,dataset_7_keyframe_1,0.9955252001884126
CREStereo,dataset_7_keyframe_1,0.9926835024781685
CREStereo,dataset_7_keyframe_1,0.9919697685403873
CREStereo,dataset_7_keyframe_1,0.9900166389351082
CREStereo,dataset_7_keyframe_1,0.9897100093545369
CREStereo,dataset_7_keyframe_1,0.9882463563704749
CREStereo,dataset_7_keyframe_1,0.9864543726235742
CREStereo,dataset_7_keyframe_1,0.9840150446638458
CREStereo,dataset_7_keyframe_1,0.9840562719812427
CREStereo,dataset_7_keyframe_1,0.9855450236966825
CREStereo,dataset_7_keyframe_1,0.9852380952380952
CREStereo,dataset_7_keyframe_1,0.9851674641148326
CREStereo,dataset_7_keyframe_1,0.9831553973902728
CREStereo,dataset_7_keyframe_1,0.9825692454632283
CREStereo,dataset_7_keyframe_1,0.9855351976856316
CREStereo,dataset_7_keyframe_1,0.9828502415458937
CREStereo,dataset_7_keyframe_1,0.9836459836459837
CREStereo,dataset_7_keyframe_1,0.9866342648845686
CREStereo,dataset_7_keyframe_1,0.9858536585365854
CREStereo,dataset_7_keyframe_1,0.9861751152073732
CREStereo,dataset_7_keyframe_1,0.9871701767126604
CREStereo,dataset_7_keyframe_1,0.9899062725306417
CREStereo,dataset_7_keyframe_1,0.9903194578896418
CREStereo,dataset_7_keyframe_1,0.9903006789524733
CREStereo,dataset_7_keyframe_1,0.9888969345884625
CREStereo,dataset_7_keyframe_1,0.9822513980063214
CREStereo,dataset_7_keyframe_1,0.9854333576110706
CREStereo,dataset_7_keyframe_1,0.9886088221037325
CREStereo,dataset_7_keyframe_1,0.9910671173346209
CREStereo,dataset_7_keyframe_1,0.9931557076509411
CREStereo,dataset_7_keyframe_1,0.9946341463414634
CREStereo,dataset_7_keyframe_1,1.0
CREStereo,dataset_7_keyframe_1,0.9989994997498749
CREStereo,dataset_7_keyframe_1,0.9997442455242966
CREStereo,dataset_7_keyframe_1,0.9989735694123685
CREStereo,dataset_7_keyframe_1,0.9984484096198604
CREStereo,dataset_7_keyframe_1,0.9978880675818373
CREStereo,dataset_7_keyframe_1,0.9984256100760955
CREStereo,dataset_7_keyframe_1,0.9973031283710896
CREStereo,dataset_7_keyframe_1,0.9964596949891068
CREStereo,dataset_7_keyframe_1,0.9977857735953501
CREStereo,dataset_7_keyframe_1,0.9988741908246552
CREStereo,dataset_7_keyframe_1,0.9977207977207977
CREStereo,dataset_7_keyframe_1,0.9994269340974212
CREStereo,dataset_7_keyframe_1,0.9994257823715188
CREStereo,dataset_7_keyframe_1,1.0
CREStereo,dataset_7_keyframe_1,1.0
CREStereo,dataset_7_keyframe_1,0.9970785860356413
CREStereo,dataset_7_keyframe_1,1.0
CREStereo,dataset_7_keyframe_1,1.0
CREStereo,dataset_7_keyframe_1,1.0
CREStereo,dataset_7_keyframe_1,1.0
CREStereo,dataset_7_keyframe_1,0.99625
CREStereo,dataset_7_keyframe_1,0.993933588761175
CREStereo,dataset_7_keyframe_1,0.9951267056530214
CREStereo,dataset_7_keyframe_1,0.9960159362549801
CREStereo,dataset_7_keyframe_1,0.9949562878278413
CREStereo,dataset_7_keyframe_1,1.0
CREStereo,dataset_7_keyframe_1,1.0
CREStereo,dataset_7_keyframe_1,1.0
CREStereo,dataset_7_keyframe_1,1.0
CREStereo,dataset_7_keyframe_1,1.0
CREStereo,dataset_7_keyframe_1,1.0
CREStereo,dataset_7_keyframe_1,1.0
CREStereo,dataset_7_keyframe_1,1.0
CREStereo,dataset_7_keyframe_1,1.0
CREStereo,dataset_7_keyframe_1,1.0
CREStereo,dataset_7_keyframe_1,1.0
CREStereo,dataset_7_keyframe_1,1.0
CREStereo,dataset_7_keyframe_1,1.0
CREStereo,dataset_7_keyframe_1,1.0
CREStereo,dataset_7_keyframe_1,1.0
CREStereo,dataset_7_keyframe_1,1.0
CREStereo,dataset_7_keyframe_1,1.0
CREStereo,dataset_7_keyframe_1,1.0
CREStereo,dataset_7_keyframe_1,1.0
CREStereo,dataset_7_keyframe_1,1.0
CREStereo,dataset_7_keyframe_1,1.0
CREStereo,dataset_7_keyframe_1,1.0
CREStereo,dataset_7_keyframe_1,1.0
CREStereo,dataset_7_keyframe_1,1.0
CREStereo,dataset_7_keyframe_1,1.0
CREStereo,dataset_7_keyframe_1,1.0
CREStereo,dataset_7_keyframe_1,1.0
CREStereo,dataset_7_keyframe_1,1.0
CREStereo,dataset_7_keyframe_1,1.0
CREStereo,dataset_7_keyframe_1,1.0
CREStereo,dataset_7_keyframe_1,1.0
CREStereo,dataset_7_keyframe_1,0.9983484723369116
CREStereo,dataset_7_keyframe_1,1.0
CREStereo,dataset_7_keyframe_1,0.9991708126036484
CREStereo,dataset_7_keyframe_1,0.9982758620689656
CREStereo,dataset_7_keyframe_1,0.9974554707379135
CREStereo,dataset_7_keyframe_1,1.0
CREStereo,dataset_7_keyframe_1,1.0
CREStereo,dataset_7_keyframe_1,1.0
CREStereo,dataset_7_keyframe_1,1.0
CREStereo,dataset_7_keyframe_1,1.0
CREStereo,dataset_7_keyframe_1,1.0
CREStereo,dataset_7_keyframe_1,0.9953401677539608
Fast-FoundationStereo,dataset_7_keyframe_1,0.9949784791965567
Fast-FoundationStereo,dataset_7_keyframe_1,0.9945945945945946
Fast-FoundationStereo,dataset_7_keyframe_1,0.9940845070422535
Fast-FoundationStereo,dataset_7_keyframe_1,0.9937839937839937
Fast-FoundationStereo,dataset_7_keyframe_1,0.9932665745856354
Fast-FoundationStereo,dataset_7_keyframe_1,0.9913550084570569
Fast-FoundationStereo,dataset_7_keyframe_1,0.9906281156530409
Fast-FoundationStereo,dataset_7_keyframe_1,0.9884343542514457
Fast-FoundationStereo,dataset_7_keyframe_1,0.9871737173717372
Fast-FoundationStereo,dataset_7_keyframe_1,0.9826454033771107
Fast-FoundationStereo,dataset_7_keyframe_1,0.9771184309781242
Fast-FoundationStereo,dataset_7_keyframe_1,0.9818605856439492
Fast-FoundationStereo,dataset_7_keyframe_1,0.9802597402597403
Fast-FoundationStereo,dataset_7_keyframe_1,0.9589638368812516
Fast-FoundationStereo,dataset_7_keyframe_1,0.9614702154626109
Fast-FoundationStereo,dataset_7_keyframe_1,0.9440978287996007
Fast-FoundationStereo,dataset_7_keyframe_1,0.9288443170964661
Fast-FoundationStereo,dataset_7_keyframe_1,0.924264007597341
Fast-FoundationStereo,dataset_7_keyframe_1,0.9139134481154025
Fast-FoundationStereo,dataset_7_keyframe_1,0.9066666666666666
Fast-FoundationStereo,dataset_7_keyframe_1,0.8956777551482236
Fast-FoundationStereo,dataset_7_keyframe_1,0.8888150609080842
Fast-FoundationStereo,dataset_7_keyframe_1,0.8928571428571429
Fast-FoundationStereo,dataset_7_keyframe_1,0.9085590465872156
Fast-FoundationStereo,dataset_7_keyframe_1,0.9084210526315789
Fast-FoundationStereo,dataset_7_keyframe_1,0.9101216244073387
Fast-FoundationStereo,dataset_7_keyframe_1,0.9033346566097658
Fast-FoundationStereo,dataset_7_keyframe_1,0.8941013460015835
Fast-FoundationStereo,dataset_7_keyframe_1,0.8937931034482759
Fast-FoundationStereo,dataset_7_keyframe_1,0.9021418746315583
Fast-FoundationStereo,dataset_7_keyframe_1,0.9153666146645866
Fast-FoundationStereo,dataset_7_keyframe_1,0.9264850029405999
Fast-FoundationStereo,dataset_7_keyframe_1,0.9391560353287537
Fast-FoundationStereo,dataset_7_keyframe_1,0.9520507232019021
Fast-FoundationStereo,dataset_7_keyframe_1,0.9754279959718026
Fast-FoundationStereo,dataset_7_keyframe_1,0.9857572718154464
Fast-FoundationStereo,dataset_7_keyframe_1,0.9981684981684982
Fast-FoundationStereo,dataset_7_keyframe_1,0.9991938734381298
Fast-FoundationStereo,dataset_7_keyframe_1,0.9993909866017052
Fast-FoundationStereo,dataset_7_keyframe_1,0.9983710038688658
Fast-FoundationStereo,dataset_7_keyframe_1,0.9987799918666125
Fast-FoundationStereo,dataset_7_keyframe_1,0.9963466612543129
Fast-FoundationStereo,dataset_7_keyframe_1,0.9911415341252265
Fast-FoundationStereo,dataset_7_keyframe_1,0.9876641464385197
Fast-FoundationStereo,dataset_7_keyframe_1,0.9895049504950495
Fast-FoundationStereo,dataset_7_keyframe_1,0.9796795623290347
Fast-FoundationStereo,dataset_7_keyframe_1,0.9662031672460409
Fast-FoundationStereo,dataset_7_keyframe_1,0.9588007736943908
Fast-FoundationStereo,dataset_7_keyframe_1,0.9564541213063764
Fast-FoundationStereo,dataset_7_keyframe_1,0.9590935279431535
Fast-FoundationStereo,dataset_7_keyframe_1,0.961437663796331
Fast-FoundationStereo,dataset_7_keyframe_1,0.9558551902475064
Fast-FoundationStereo,dataset_7_keyframe_1,0.9586405322783672
Fast-FoundationStereo,dataset_7_keyframe_1,0.9579339723109691
Fast-FoundationStereo,dataset_7_keyframe_1,0.962930734423947
Fast-FoundationStereo,dataset_7_keyframe_1,0.9684547908232118
Fast-FoundationStereo,dataset_7_keyframe_1,0.9657725851571499
Fast-FoundationStereo,dataset_7_keyframe_1,0.9641049968374447
Fast-FoundationStereo,dataset_7_keyframe_1,0.9693610469591993
Fast-FoundationStereo,dataset_7_keyframe_1,0.9702199144777031
Fast-FoundationStereo,dataset_7_keyframe_1,0.9703086148895714
Fast-FoundationStereo,dataset_7_keyframe_1,0.9757820383451059
Fast-FoundationStereo,dataset_7_keyframe_1,0.9762245774849613
Fast-FoundationStereo,dataset_7_keyframe_1,0.9767312247457155
Fast-FoundationStereo,dataset_7_keyframe_1,0.9734853688693502
Fast-FoundationStereo,dataset_7_keyframe_1,0.9737343494828524
Fast-FoundationStereo,dataset_7_keyframe_1,0.9707681849082257
Fast-FoundationStereo,dataset_7_keyframe_1,0.9719688841201717
Fast-FoundationStereo,dataset_7_keyframe_1,0.9687922183193731
Fast-FoundationStereo,dataset_7_keyframe_1,0.9737908673331532
Fast-FoundationStereo,dataset_7_keyframe_1,0.9731396464300397
Fast-FoundationStereo,dataset_7_keyframe_1,0.9769155889306077
Fast-FoundationStereo,dataset_7_keyframe_1,0.9797893538286365
Fast-FoundationStereo,dataset_7_keyframe_1,0.9814034577945663
Fast-FoundationStereo,dataset_7_keyframe_1,0.9852320675105485
Fast-FoundationStereo,dataset_7_keyframe_1,0.9901462663587375
Fast-FoundationStereo,dataset_7_keyframe_1,0.9959903769045709
Fast-FoundationStereo,dataset_7_keyframe_1,0.9966881934095049
Fast-FoundationStereo,dataset_7_keyframe_1,0.9977632484514797
Fast-FoundationStereo,dataset_7_keyframe_1,0.9984067976633032
Fast-FoundationStereo,dataset_7_keyframe_1,0.9994533527696793
Fast-FoundationStereo,dataset_7_keyframe_1,0.99847850893876
Fast-FoundationStereo,dataset_7_keyframe_1,0.9992057188244639
Fast-FoundationStereo,dataset_7_keyframe_1,0.9991816693944353
Fast-FoundationStereo,dataset_7_keyframe_1,0.9993766881362975
Fast-FoundationStereo,dataset_7_keyframe_1,0.9993747394747812
Fast-FoundationStereo,dataset_7_keyframe_1,0.9989352640545145
Fast-FoundationStereo,dataset_7_keyframe_1,0.9987099548484197
Fast-FoundationStereo,dataset_7_keyframe_1,0.990084388185654
Fast-FoundationStereo,dataset_7_keyframe_1,0.9922561741314357
Fast-FoundationStereo,dataset_7_keyframe_1,0.9995785036880928
Fast-FoundationStereo,dataset_7_keyframe_1,1.0
Fast-FoundationStereo,dataset_7_keyframe_1,1.0
Fast-FoundationStereo,dataset_7_keyframe_1,0.9995834201208081
Fast-FoundationStereo,dataset_7_keyframe_1,0.9989764585465711
Fast-FoundationStereo,dataset_7_keyframe_1,0.9987672077254982
Fast-FoundationStereo,dataset_7_keyframe_1,0.9989758295780418
Fast-FoundationStereo,dataset_7_keyframe_1,0.9987917841320982
Fast-FoundationStereo,dataset_7_keyframe_1,0.9987760097919217
Fast-FoundationStereo,dataset_7_keyframe_1,0.997792937399679
Fast-FoundationStereo,dataset_7_keyframe_1,0.9994003597841296
Fast-FoundationStereo,dataset_7_keyframe_1,0.9994058229352347
Fast-FoundationStereo,dataset_7_keyframe_1,0.9990326949119752
Fast-FoundationStereo,dataset_7_keyframe_1,0.9992298806314979
Fast-FoundationStereo,dataset_7_keyframe_1,0.9992307692307693
Fast-FoundationStereo,dataset_7_keyframe_1,0.9990382765916522
Fast-FoundationStereo,dataset_7_keyframe_1,0.999034749034749
Fast-FoundationStereo,dataset_7_keyframe_1,0.9992408426646422
Fast-FoundationStereo,dataset_7_keyframe_1,0.9992434272744467
Fast-FoundationStereo,dataset_7_keyframe_1,0.9994313874147082
Fast-FoundationStereo,dataset_7_keyframe_1,0.9994384125795582
Fast-FoundationStereo,dataset_7_keyframe_1,0.9992478375329071
Fast-FoundationStereo,dataset_7_keyframe_1,0.9998145400593472
Fast-FoundationStereo,dataset_7_keyframe_1,0.9994409243384271
Fast-FoundationStereo,dataset_7_keyframe_1,0.9996357676197414
Fast-FoundationStereo,dataset_7_keyframe_1,0.9996323529411765
Fast-FoundationStereo,dataset_7_keyframe_1,1.0
Fast-FoundationStereo,dataset_7_keyframe_1,0.9990981240981242
Fast-FoundationStereo,dataset_7_keyframe_1,0.9998204667863555
Fast-FoundationStereo,dataset_7_keyframe_1,0.999468085106383
Fast-FoundationStereo,dataset_7_keyframe_1,0.9996484443663209
Fast-FoundationStereo,dataset_7_keyframe_1,0.9991186321170457
Fast-FoundationStereo,dataset_7_keyframe_1,0.9993005770239552
Fast-FoundationStereo,dataset_7_keyframe_1,0.9993108201240524
Fast-FoundationStereo,dataset_7_keyframe_1,0.999315537303217
Fast-FoundationStereo,dataset_7_keyframe_1,0.9994904891304348
Fast-FoundationStereo,dataset_7_keyframe_1,0.9998276456394347
Fast-FoundationStereo,dataset_7_keyframe_1,0.9993093922651933
Fast-FoundationStereo,dataset_7_keyframe_1,0.9974257765574052
Fast-FoundationStereo,dataset_7_keyframe_1,0.9970835477783496
Fast-FoundationStereo,dataset_7_keyframe_1,0.9948275862068966
Fast-FoundationStereo,dataset_7_keyframe_1,0.9933728636205092
Fast-FoundationStereo,dataset_7_keyframe_1,0.9926431949553337
Fast-FoundationStereo,dataset_7_keyframe_1,0.9909333333333333
Fast-FoundationStereo,dataset_7_keyframe_1,0.9937488837292373
Fast-FoundationStereo,dataset_7_keyframe_1,0.994221740700614
Fast-FoundationStereo,dataset_7_keyframe_1,0.9947099598686611
Fast-FoundationStereo,dataset_7_keyframe_1,0.9957001308655824
Fast-FoundationStereo,dataset_7_keyframe_1,0.9954172236012985
Fast-FoundationStereo,dataset_7_keyframe_1,0.9951606658923732
Fast-FoundationStereo,dataset_7_keyframe_1,0.9964093357271095
Fast-FoundationStereo,dataset_7_keyframe_1,0.9967630993323893
Fast-FoundationStereo,dataset_7_keyframe_1,0.9965780998389694
Fast-FoundationStereo,dataset_7_keyframe_1,0.9938738002858893
Fast-FoundationStereo,dataset_7_keyframe_1,0.9925131525698098
Fast-FoundationStereo,dataset_7_keyframe_1,0.9913097454996896
Fast-FoundationStereo,dataset_7_keyframe_1,0.9904822335025381
Fast-FoundationStereo,dataset_7_keyframe_1,0.989294710327456
Fast-FoundationStereo,dataset_7_keyframe_1,0.9832698009318086
Fast-FoundationStereo,dataset_7_keyframe_1,0.9820971867007673
Fast-FoundationStereo,dataset_7_keyframe_1,0.9781432590348409
Fast-FoundationStereo,dataset_7_keyframe_1,0.9760479041916168
Fast-FoundationStereo,dataset_7_keyframe_1,0.9736783897367839
Fast-FoundationStereo,dataset_7_keyframe_1,0.9727800089245873
Fast-FoundationStereo,dataset_7_keyframe_1,0.9723544074325855
Fast-FoundationStereo,dataset_7_keyframe_1,0.9693530079455165
Fast-FoundationStereo,dataset_7_keyframe_1,0.9699265381083563
Fast-FoundationStereo,dataset_7_keyframe_1,0.9694425005831584
Fast-FoundationStereo,dataset_7_keyframe_1,0.9660148975791434
Fast-FoundationStereo,dataset_7_keyframe_1,0.974520804114072
Fast-FoundationStereo,dataset_7_keyframe_1,0.9744801512287334
Fast-FoundationStereo,dataset_7_keyframe_1,0.9744075829383886
Fast-FoundationStereo,dataset_7_keyframe_1,0.9755576649264357
Fast-FoundationStereo,dataset_7_keyframe_1,0.9755979705242812
Fast-FoundationStereo,dataset_7_keyframe_1,0.9865657059110894
Fast-FoundationStereo,dataset_7_keyframe_1,0.9894036471168063
Fast-FoundationStereo,dataset_7_keyframe_1,0.9898060666335157
Fast-FoundationStereo,dataset_7_keyframe_1,0.9902206619859579
Fast-FoundationStereo,dataset_7_keyframe_1,0.9939255884586181
Fast-FoundationStereo,dataset_7_keyframe_1,1.0
Fast-FoundationStereo,dataset_7_keyframe_1,0.9986814345991561
Fast-FoundationStereo,dataset_7_keyframe_1,0.9897691500524659
Fast-FoundationStereo,dataset_7_keyframe_1,0.9898558462359851
Fast-FoundationStereo,dataset_7_keyframe_1,0.9899918853124154
Fast-FoundationStereo,dataset_7_keyframe_1,0.9932678821879383
Fast-FoundationStereo,dataset_7_keyframe_1,0.999421965317919
Fast-FoundationStereo,dataset_7_keyframe_1,1.0
Fast-FoundationStereo,dataset_7_keyframe_1,1.0
Fast-FoundationStereo,dataset_7_keyframe_1,1.0
Fast-FoundationStereo,dataset_7_keyframe_1,1.0
Fast-FoundationStereo,dataset_7_keyframe_1,1.0
Fast-FoundationStereo,dataset_7_keyframe_1,1.0
Fast-FoundationStereo,dataset_7_keyframe_1,1.0
Fast-FoundationStereo,dataset_7_keyframe_1,1.0
Fast-FoundationStereo,dataset_7_keyframe_1,1.0
Fast-FoundationStereo,dataset_7_keyframe_1,1.0
Fast-FoundationStereo,dataset_7_keyframe_1,1.0
Fast-FoundationStereo,dataset_7_keyframe_1,0.9996438746438746
Fast-FoundationStereo,dataset_7_keyframe_1,0.9992695398100804
Fast-FoundationStereo,dataset_7_keyframe_1,0.9985080193957478
Fast-FoundationStereo,dataset_7_keyframe_1,0.9988649262202043
Fast-FoundationStereo,dataset_7_keyframe_1,0.9980166600555335
Fast-FoundationStereo,dataset_7_keyframe_1,0.9923139158576052
Fast-FoundationStereo,dataset_7_keyframe_1,0.9974293059125964
Fast-FoundationStereo,dataset_7_keyframe_1,0.9910179640718563
Fast-FoundationStereo,dataset_7_keyframe_1,0.9912967798085291
Fast-FoundationStereo,dataset_7_keyframe_1,0.9948837209302326
Fast-FoundationStereo,dataset_7_keyframe_1,0.9924599434495759
Fast-FoundationStereo,dataset_7_keyframe_1,0.9965669445806769
Fast-FoundationStereo,dataset_7_keyframe_1,0.9994944388270981
Fast-FoundationStereo,dataset_7_keyframe_1,0.9932920536635707
Fast-FoundationStereo,dataset_7_keyframe_1,0.9922480620155039
Fast-FoundationStereo,dataset_7_keyframe_1,0.9916107382550335
Fast-FoundationStereo,dataset_7_keyframe_1,0.998792270531401
Fast-FoundationStereo,dataset_7_keyframe_1,0.9835547122074636
Fast-FoundationStereo,dataset_7_keyframe_1,0.999322951929587
Fast-FoundationStereo,dataset_7_keyframe_1,1.0
Fast-FoundationStereo,dataset_7_keyframe_1,1.0
Fast-FoundationStereo,dataset_7_keyframe_1,1.0
Fast-FoundationStereo,dataset_7_keyframe_1,0.9921652421652422
Fast-FoundationStereo,dataset_7_keyframe_1,0.9797297297297297
Fast-FoundationStereo,dataset_7_keyframe_1,0.9796992481203007
Fast-FoundationStereo,dataset_7_keyframe_1,0.9658678286129266
Fast-FoundationStereo,dataset_7_keyframe_1,0.9542097488921714
Fast-FoundationStereo,dataset_7_keyframe_1,0.9538228614685844
Fast-FoundationStereo,dataset_7_keyframe_1,0.9477941176470588
Fast-FoundationStereo,dataset_7_keyframe_1,0.9294369208838203
Fast-FoundationStereo,dataset_7_keyframe_1,0.9323671497584541
Fast-FoundationStereo,dataset_7_keyframe_1,0.9139710942876806
Fast-FoundationStereo,dataset_7_keyframe_1,0.9082758620689655
Fast-FoundationStereo,dataset_7_keyframe_1,0.9196488858879136
Fast-FoundationStereo,dataset_7_keyframe_1,0.9271746459878625
Fast-FoundationStereo,dataset_7_keyframe_1,0.9188267394270123
Fast-FoundationStereo,dataset_7_keyframe_1,0.9193006052454606
Fast-FoundationStereo,dataset_7_keyframe_1,0.9344473007712082
Fast-FoundationStereo,dataset_7_keyframe_1,0.9443708609271523
Fast-FoundationStereo,dataset_7_keyframe_1,0.9600785340314136
Fast-FoundationStereo,dataset_7_keyframe_1,0.9655172413793104
Fast-FoundationStereo,dataset_7_keyframe_1,0.974390243902439
Fast-FoundationStereo,dataset_7_keyframe_1,0.9769900497512438
Fast-FoundationStereo,dataset_7_keyframe_1,0.9868421052631579
Fast-FoundationStereo,dataset_7_keyframe_1,0.9890552995391705
Fast-FoundationStereo,dataset_7_keyframe_1,0.9925756710451171
Fast-FoundationStereo,dataset_7_keyframe_1,0.9932508436445444
Fast-FoundationStereo,dataset_7_keyframe_1,0.99572877736252
Fast-FoundationStereo,dataset_7_keyframe_1,0.9946178686759957
Fast-FoundationStereo,dataset_7_keyframe_1,0.9979328165374677
Fast-FoundationStereo,dataset_7_keyframe_1,0.9973876698014629
Fast-FoundationStereo,dataset_7_keyframe_1,0.9984939759036144
Fast-FoundationStereo,dataset_7_keyframe_1,0.9984717269485481
Fast-FoundationStereo,dataset_7_keyframe_1,0.9980573093734822
Fast-FoundationStereo,dataset_7_keyframe_1,0.9980059820538385
Fast-FoundationStereo,dataset_7_keyframe_1,0.9985059760956175
Fast-FoundationStereo,dataset_7_keyframe_1,0.9980713596914176
Fast-FoundationStereo,dataset_7_keyframe_1,0.9985044865403788
Fast-FoundationStereo,dataset_7_keyframe_1,0.9955947136563876
Fast-FoundationStereo,dataset_7_keyframe_1,0.996078431372549
Fast-FoundationStereo,dataset_7_keyframe_1,0.9952153110047847
Fast-FoundationStereo,dataset_7_keyframe_1,0.993844696969697
Fast-FoundationStereo,dataset_7_keyframe_1,0.991264367816092
Fast-FoundationStereo,dataset_7_keyframe_1,0.9906367041198502
Fast-FoundationStereo,dataset_7_keyframe_1,0.9904065783462769
Fast-FoundationStereo,dataset_7_keyframe_1,0.992255125284738
Fast-FoundationStereo,dataset_7_keyframe_1,0.9737793851717902
Fast-FoundationStereo,dataset_7_keyframe_1,0.9757521329142343
Fast-FoundationStereo,dataset_7_keyframe_1,0.9706013363028954
Fast-FoundationStereo,dataset_7_keyframe_1,0.9542857142857143
Fast-FoundationStereo,dataset_7_keyframe_1,0.9447585906916051
Fast-FoundationStereo,dataset_7_keyframe_1,0.9501289767841788
Fast-FoundationStereo,dataset_7_keyframe_1,0.947011445527766
Fast-FoundationStereo,dataset_7_keyframe_1,0.9396336386344712
Fast-FoundationStereo,dataset_7_keyframe_1,0.9388682362660058
Fast-FoundationStereo,dataset_7_keyframe_1,0.9441318327974276
Fast-FoundationStereo,dataset_7_keyframe_1,0.9317252657399836
Fast-FoundationStereo,dataset_7_keyframe_1,0.9338635412306404
Fast-FoundationStereo,dataset_7_keyframe_1,0.9432968813284731
Fast-FoundationStereo,dataset_7_keyframe_1,0.9452166802943581
Fast-FoundationStereo,dataset_7_keyframe_1,0.9371428571428572
Fast-FoundationStereo,dataset_7_keyframe_1,0.9528712871287128
Fast-FoundationStereo,dataset_7_keyframe_1,0.9551357733175915
Fast-FoundationStereo,dataset_7_keyframe_1,0.95078125
Fast-FoundationStereo,dataset_7_keyframe_1,0.958974358974359
Fast-FoundationStereo,dataset_7_keyframe_1,0.9655445544554455
Fast-FoundationStereo,dataset_7_keyframe_1,0.9653406853091768
Fast-FoundationStereo,dataset_7_keyframe_1,0.9706473663047849
Fast-FoundationStereo,dataset_7_keyframe_1,0.9689681923972071
Fast-FoundationStereo,dataset_7_keyframe_1,0.9834905660377359
Fast-FoundationStereo,dataset_7_keyframe_1,0.9858128834355828
Fast-FoundationStereo,dataset_7_keyframe_1,0.9884139033160207
Fast-FoundationStereo,dataset_7_keyframe_1,0.9893700787401575
Fast-FoundationStereo,dataset_7_keyframe_1,0.9875631558492033
Fast-FoundationStereo,dataset_7_keyframe_1,0.9900268507863444
Fast-FoundationStereo,dataset_7_keyframe_1,0.994276993513926
Fast-FoundationStereo,dataset_7_keyframe_1,0.995105421686747
Fast-FoundationStereo,dataset_7_keyframe_1,0.9966517857142857
Fast-FoundationStereo,dataset_7_keyframe_1,0.9967008797653959
Fast-FoundationStereo,dataset_7_keyframe_1,0.9967129291453616
Fast-FoundationStereo,dataset_7_keyframe_1,0.9985835694050992
Fast-FoundationStereo,dataset_7_keyframe_1,0.9989583333333333
Fast-FoundationStereo,dataset_7_keyframe_1,0.9989687177724303
Fast-FoundationStereo,dataset_7_keyframe_1,0.998960498960499
Fast-FoundationStereo,dataset_7_keyframe_1,0.9989905787348586
Fast-FoundationStereo,dataset_7_keyframe_1,0.9979702300405954
Fast-FoundationStereo,dataset_7_keyframe_1,0.9983062330623306
Fast-FoundationStereo,dataset_7_keyframe_1,0.9993429697766097
Fast-FoundationStereo,dataset_7_keyframe_1,0.9990291262135922
Fast-FoundationStereo,dataset_7_keyframe_1,0.9977520873474631
Fast-FoundationStereo,dataset_7_keyframe_1,0.9974811083123426
Fast-FoundationStereo,dataset_7_keyframe_1,0.9966299019607843
Fast-FoundationStereo,dataset_7_keyframe_1,0.9949763593380615
Fast-FoundationStereo,dataset_7_keyframe_1,0.9953515398024404
Fast-FoundationStereo,dataset_7_keyframe_1,0.9960674157303371
Fast-FoundationStereo,dataset_7_keyframe_1,0.9953232462173315
Fast-FoundationStereo,dataset_7_keyframe_1,0.9973024008632317
Fast-FoundationStereo,dataset_7_keyframe_1,0.9954739084132055
Fast-FoundationStereo,dataset_7_keyframe_1,0.9971888576539739
Fast-FoundationStereo,dataset_7_keyframe_1,0.9964726631393298
Fast-FoundationStereo,dataset_7_keyframe_1,0.9965269163979161
Fast-FoundationStereo,dataset_7_keyframe_1,0.9959055876685935
Fast-FoundationStereo,dataset_7_keyframe_1,0.9948174322732627
Fast-FoundationStereo,dataset_7_keyframe_1,0.9947703501591633
Fast-FoundationStereo,dataset_7_keyframe_1,0.9964253798033958
Fast-FoundationStereo,dataset_7_keyframe_1,0.9941137998691956
Fast-FoundationStereo,dataset_7_keyframe_1,0.995295124037639
Fast-FoundationStereo,dataset_7_keyframe_1,0.9951640033641715
Fast-FoundationStereo,dataset_7_keyframe_1,0.9939011994307786
Fast-FoundationStereo,dataset_7_keyframe_1,0.9953403565640194
Fast-FoundationStereo,dataset_7_keyframe_1,0.9922264301375324
Fast-FoundationStereo,dataset_7_keyframe_1,0.9943513829372809
Fast-FoundationStereo,dataset_7_keyframe_1,0.9937262357414449
Fast-FoundationStereo,dataset_7_keyframe_1,0.9949485500467727
Fast-FoundationStereo,dataset_7_keyframe_1,0.9940674823878384
Fast-FoundationStereo,dataset_7_keyframe_1,0.9940944881889764
Fast-FoundationStereo,dataset_7_keyframe_1,0.9954047366560622
Fast-FoundationStereo,dataset_7_keyframe_1,0.9945036070079011
Fast-FoundationStereo,dataset_7_keyframe_1,0.9961194533490805
Fast-FoundationStereo,dataset_7_keyframe_1,0.9963467286615743
Fast-FoundationStereo,dataset_7_keyframe_1,0.9954947707160097
Fast-FoundationStereo,dataset_7_keyframe_1,0.9947191550648103
Fast-FoundationStereo,dataset_7_keyframe_1,0.9973045822102425
Fast-FoundationStereo,dataset_7_keyframe_1,0.9981102362204725
Fast-FoundationStereo,dataset_7_keyframe_1,0.9978206724782067
Fast-FoundationStereo,dataset_7_keyframe_1,0.9973874289226986
Fast-FoundationStereo,dataset_7_keyframe_1,0.9984667279975468
Fast-FoundationStereo,dataset_7_keyframe_1,0.997869101978691
Fast-FoundationStereo,dataset_7_keyframe_1,0.9988075719183187
Fast-FoundationStereo,dataset_7_keyframe_1,0.9991108476585655
Fast-FoundationStereo,dataset_7_keyframe_1,0.9984011627906977
Fast-FoundationStereo,dataset_7_keyframe_1,0.9981359334671638
Fast-FoundationStereo,dataset_7_keyframe_1,0.9968878200594143
Fast-FoundationStereo,dataset_7_keyframe_1,0.9964428002276607
Fast-FoundationStereo,dataset_7_keyframe_1,0.9937369519832986
Fast-FoundationStereo,dataset_7_keyframe_1,0.9933564013840831
Fast-FoundationStereo,dataset_7_keyframe_1,0.9923964697895451
Fast-FoundationStereo,dataset_7_keyframe_1,0.992027027027027
Fast-FoundationStereo,dataset_7_keyframe_1,0.9922126745435016
Fast-FoundationStereo,dataset_7_keyframe_1,0.9918785780854746
Fast-FoundationStereo,dataset_7_keyframe_1,0.9912802219579865
Fast-FoundationStereo,dataset_7_keyframe_1,0.9905009759271308
Fast-FoundationStereo,dataset_7_keyframe_1,0.9912623891497131
Fast-FoundationStereo,dataset_7_keyframe_1,0.9910588836377571
Fast-FoundationStereo,dataset_7_keyframe_1,0.9899396378269618
Fast-FoundationStereo,dataset_7_keyframe_1,0.9898414271555996
Fast-FoundationStereo,dataset_7_keyframe_1,0.9906762804574838
Fast-FoundationStereo,dataset_7_keyframe_1,0.9919194430631526
Fast-FoundationStereo,dataset_7_keyframe_1,0.9916604431167538
Fast-FoundationStereo,dataset_7_keyframe_1,0.9907914385266302
Fast-FoundationStereo,dataset_7_keyframe_1,0.9922100766427944
Fast-FoundationStereo,dataset_7_keyframe_1,0.9924053784860558
Fast-FoundationStereo,dataset_7_keyframe_1,0.9932135226844288
Fast-FoundationStereo,dataset_7_keyframe_1,0.993249156144518
Fast-FoundationStereo,dataset_7_keyframe_1,0.9945699123781315
Fast-FoundationStereo,dataset_7_keyframe_1,0.9954422271495442
Fast-FoundationStereo,dataset_7_keyframe_1,0.995985401459854
Fast-FoundationStereo,dataset_7_keyframe_1,0.9963798720888138
Fast-FoundationStereo,dataset_7_keyframe_1,0.9976136499224436
Fast-FoundationStereo,dataset_7_keyframe_1,0.9958387825466651
Fast-FoundationStereo,dataset_7_keyframe_1,0.9967170828936569
Fast-FoundationStereo,dataset_7_keyframe_1,0.9960178027641133
Fast-FoundationStereo,dataset_7_keyframe_1,0.9973781432487189
Fast-FoundationStereo,dataset_7_keyframe_1,0.9972339146121467
Fast-FoundationStereo,dataset_7_keyframe_1,0.9975651327002678
Fast-FoundationStereo,dataset_7_keyframe_1,0.9979987492182614
Fast-FoundationStereo,dataset_7_keyframe_1,0.9991164962766629
Fast-FoundationStereo,dataset_7_keyframe_1,0.9993565821644576
Fast-FoundationStereo,dataset_7_keyframe_1,0.995253164556962
Fast-FoundationStereo,dataset_7_keyframe_1,0.9939328569502495
Fast-FoundationStereo,dataset_7_keyframe_1,0.9890243902439024
Fast-FoundationStereo,dataset_7_keyframe_1,0.9860293110532804
Fast-FoundationStereo,dataset_7_keyframe_1,0.9835883171070932
Fast-FoundationStereo,dataset_7_keyframe_1,0.9820259161209419
Fast-FoundationStereo,dataset_7_keyframe_1,0.9786995515695067
Fast-FoundationStereo,dataset_7_keyframe_1,0.9724254361283061
Fast-FoundationStereo,dataset_7_keyframe_1,0.9737700269388913
Fast-FoundationStereo,dataset_7_keyframe_1,0.9673082366260968
Fast-FoundationStereo,dataset_7_keyframe_1,0.9686401350021094
Fast-FoundationStereo,dataset_7_keyframe_1,0.9681184173071449
Fast-FoundationStereo,dataset_7_keyframe_1,0.9714731762702242
Fast-FoundationStereo,dataset_7_keyframe_1,0.9730423620025674
Fast-FoundationStereo,dataset_7_keyframe_1,0.9776855957659848
Fast-FoundationStereo,dataset_7_keyframe_1,0.9788782645925503
Fast-FoundationStereo,dataset_7_keyframe_1,0.9830337886412652
Fast-FoundationStereo,dataset_7_keyframe_1,0.9853940708604483
Fast-FoundationStereo,dataset_7_keyframe_1,0.9864648522776889
Fast-FoundationStereo,dataset_7_keyframe_1,0.9858888565609544
Fast-FoundationStereo,dataset_7_keyframe_1,0.9904355503237199
Fast-FoundationStereo,dataset_7_keyframe_1,0.9877372262773723
Fast-FoundationStereo,dataset_7_keyframe_1,0.9913818288051417
Fast-FoundationStereo,dataset_7_keyframe_1,0.9947795823665894
Fast-FoundationStereo,dataset_7_keyframe_1,0.9994088961134919
Fast-FoundationStereo,dataset_7_keyframe_1,0.9994128871275503
Fast-FoundationStereo,dataset_7_keyframe_1,0.9986723705561292
Fast-FoundationStereo,dataset_7_keyframe_1,0.9979511195668082
Fast-FoundationStereo,dataset_7_keyframe_1,0.9966101694915255
Fast-FoundationStereo,dataset_7_keyframe_1,0.9968847352024922
Fast-FoundationStereo,dataset_7_keyframe_1,0.9974592736511733
Fast-FoundationStereo,dataset_7_keyframe_1,0.9966646452395391
Fast-FoundationStereo,dataset_7_keyframe_1,0.997078271566969
Fast-FoundationStereo,dataset_7_keyframe_1,0.9962358845671268
Fast-FoundationStereo,dataset_7_keyframe_1,0.9974243399871217
Fast-FoundationStereo,dataset_7_keyframe_1,0.9978737324174027
Fast-FoundationStereo,dataset_7_keyframe_1,0.9971849643980791
Fast-FoundationStereo,dataset_7_keyframe_1,0.9979943172321578
Fast-FoundationStereo,dataset_7_keyframe_1,0.9989844278943805
Fast-FoundationStereo,dataset_7_keyframe_1,0.9984514796971783
Fast-FoundationStereo,dataset_7_keyframe_1,0.9989745342676466
Fast-FoundationStereo,dataset_7_keyframe_1,0.9987878787878788
Fast-FoundationStereo,dataset_7_keyframe_1,0.9980849582172702
Fast-FoundationStereo,dataset_7_keyframe_1,0.9985987038010159
Fast-FoundationStereo,dataset_7_keyframe_1,0.9994698710019438
Fast-FoundationStereo,dataset_7_keyframe_1,0.9992886359594523
Fast-FoundationStereo,dataset_7_keyframe_1,0.9998206921283844
Fast-FoundationStereo,dataset_7_keyframe_1,0.9985693848354793
Fast-FoundationStereo,dataset_7_keyframe_1,0.9990973099837516
Fast-FoundationStereo,dataset_7_keyframe_1,0.9992843084630524
Fast-FoundationStereo,dataset_7_keyframe_1,0.9994633273703041
Fast-FoundationStereo,dataset_7_keyframe_1,0.9996427295462665
Fast-FoundationStereo,dataset_7_keyframe_1,0.9996357012750455
Fast-FoundationStereo,dataset_7_keyframe_1,0.9992812219227314
Fast-FoundationStereo,dataset_7_keyframe_1,0.9989327641408752
Fast-FoundationStereo,dataset_7_keyframe_1,0.9985704074338814
Fast-FoundationStereo,dataset_7_keyframe_1,0.9983683828861494
Fast-FoundationStereo,dataset_7_keyframe_1,0.9983531564501372
Fast-FoundationStereo,dataset_7_keyframe_1,0.9980205146661868
Fast-FoundationStereo,dataset_7_keyframe_1,0.9980061627696212
Fast-FoundationStereo,dataset_7_keyframe_1,0.9974499089253187
Fast-FoundationStereo,dataset_7_keyframe_1,0.9955019791291831
Fast-FoundationStereo,dataset_7_keyframe_1,0.9957127545551983
Fast-FoundationStereo,dataset_7_keyframe_1,0.9983698605325122
Fast-FoundationStereo,dataset_7_keyframe_1,0.9971656333038087
Fast-FoundationStereo,dataset_7_keyframe_1,0.9972958355868037
Fast-FoundationStereo,dataset_7_keyframe_1,0.9985611510791367
Fast-FoundationStereo,dataset_7_keyframe_1,0.9971484583853145
Fast-FoundationStereo,dataset_7_keyframe_1,0.9978906661979258
Fast-FoundationStereo,dataset_7_keyframe_1,0.9980650835532102
Fast-FoundationStereo,dataset_7_keyframe_1,0.9978832245545952
Fast-FoundationStereo,dataset_7_keyframe_1,0.9978914074855034
Fast-FoundationStereo,dataset_7_keyframe_1,0.9978783592644979
Fast-FoundationStereo,dataset_7_keyframe_1,0.9965065502183406
Fast-FoundationStereo,dataset_7_keyframe_1,0.9958405545927209
Fast-FoundationStereo,dataset_7_keyframe_1,0.9949991377823763
Fast-FoundationStereo,dataset_7_keyframe_1,0.9931200550395597
Fast-FoundationStereo,dataset_7_keyframe_1,0.9920981842636181
Fast-FoundationStereo,dataset_7_keyframe_1,0.9903667399019773
Fast-FoundationStereo,dataset_7_keyframe_1,0.9900270453008789
Fast-FoundationStereo,dataset_7_keyframe_1,0.989051709617652
Fast-FoundationStereo,dataset_7_keyframe_1,0.9896701099633456
Fast-FoundationStereo,dataset_7_keyframe_1,0.987508327781479
Fast-FoundationStereo,dataset_7_keyframe_1,0.9893687707641196
Fast-FoundationStereo,dataset_7_keyframe_1,0.9884412153236459
Fast-FoundationStereo,dataset_7_keyframe_1,0.9894961431150501
Fast-FoundationStereo,dataset_7_keyframe_1,0.991106719367589
Fast-FoundationStereo,dataset_7_keyframe_1,0.9893215048463939
Fast-FoundationStereo,dataset_7_keyframe_1,0.9920622063826341
Fast-FoundationStereo,dataset_7_keyframe_1,0.9929276315789474
Fast-FoundationStereo,dataset_7_keyframe_1,0.9960291197882197
Fast-FoundationStereo,dataset_7_keyframe_1,0.9959973315543695
Fast-FoundationStereo,dataset_7_keyframe_1,0.9963210702341138
Fast-FoundationStereo,dataset_7_keyframe_1,0.9969077478096547
Fast-FoundationStereo,dataset_7_keyframe_1,0.9958513396715644
Fast-FoundationStereo,dataset_7_keyframe_1,0.9960207612456747
Fast-FoundationStereo,dataset_7_keyframe_1,0.9977100581292936
Fast-FoundationStereo,dataset_7_keyframe_1,0.9966531618812753
Fast-FoundationStereo,dataset_7_keyframe_1,0.996618615411995
Fast-FoundationStereo,dataset_7_keyframe_1,0.9956032360182905
Fast-FoundationStereo,dataset_7_keyframe_1,0.996319018404908
Fast-FoundationStereo,dataset_7_keyframe_1,0.9967776584317938
Fast-FoundationStereo,dataset_7_keyframe_1,0.997686421071365
Fast-FoundationStereo,dataset_7_keyframe_1,0.9987590852685694
Fast-FoundationStereo,dataset_7_keyframe_1,0.9989262705798139
Fast-FoundationStereo,dataset_7_keyframe_1,0.9989214452633471
Fast-FoundationStereo,dataset_7_keyframe_1,0.9990977986286539
Fast-FoundationStereo,dataset_7_keyframe_1,0.9990989367453595
Fast-FoundationStereo,dataset_7_keyframe_1,0.9992794091154746
Fast-FoundationStereo,dataset_7_keyframe_1,0.9994562262098967
Fast-FoundationStereo,dataset_7_keyframe_1,0.9989245384477505
Fast-FoundationStereo,dataset_7_keyframe_1,0.9974475843208751
Fast-FoundationStereo,dataset_7_keyframe_1,0.9965722532924409
Fast-FoundationStereo,dataset_7_keyframe_1,0.9967793880837359
Fast-FoundationStereo,dataset_7_keyframe_1,0.9957492029755579
Fast-FoundationStereo,dataset_7_keyframe_1,0.9953546542790781
Fast-FoundationStereo,dataset_7_keyframe_1,0.9939694927279177
Fast-FoundationStereo,dataset_7_keyframe_1,0.9939220593493028
Fast-FoundationStereo,dataset_7_keyframe_1,0.991971454058876
Fast-FoundationStereo,dataset_7_keyframe_1,0.9925106990014265
Fast-FoundationStereo,dataset_7_keyframe_1,0.9891129751918615
Fast-FoundationStereo,dataset_7_keyframe_1,0.9897426669066043
Fast-FoundationStereo,dataset_7_keyframe_1,0.9893792345724226
Fast-FoundationStereo,dataset_7_keyframe_1,0.9897788515145883
Fast-FoundationStereo,dataset_7_keyframe_1,0.9888826078763897
Fast-FoundationStereo,dataset_7_keyframe_1,0.989648033126294
Fast-FoundationStereo,dataset_7_keyframe_1,0.9889481707317073
Fast-FoundationStereo,dataset_7_keyframe_1,0.9897266912192285
Fast-FoundationStereo,dataset_7_keyframe_1,0.9900990099009901
Fast-FoundationStereo,dataset_7_keyframe_1,0.9914444886589734
Fast-FoundationStereo,dataset_7_keyframe_1,0.992693322508626
Fast-FoundationStereo,dataset_7_keyframe_1,0.9920081967213115
Fast-FoundationStereo,dataset_7_keyframe_1,0.9885225375626043
Fast-FoundationStereo,dataset_7_keyframe_1,0.9899117276166457
Fast-FoundationStereo,dataset_7_keyframe_1,0.9913629660838424
Fast-FoundationStereo,dataset_7_keyframe_1,0.9944551076988697
Fast-FoundationStereo,dataset_7_keyframe_1,0.9984991423670669
Fast-FoundationStereo,dataset_7_keyframe_1,1.0
Fast-FoundationStereo,dataset_7_keyframe_1,1.0
Fast-FoundationStereo,dataset_7_keyframe_1,1.0
Fast-FoundationStereo,dataset_7_keyframe_1,1.0
Fast-FoundationStereo,dataset_7_keyframe_1,0.9978204010462075
Fast-FoundationStereo,dataset_7_keyframe_1,0.999333481448567
Fast-FoundationStereo,dataset_7_keyframe_1,0.9997800263968324
Fast-FoundationStereo,dataset_7_keyframe_1,0.9970779950550686
Fast-FoundationStereo,dataset_7_keyframe_1,0.9990990990990991
Fast-FoundationStereo,dataset_7_keyframe_1,0.9997733454215775
Fast-FoundationStereo,dataset_7_keyframe_1,0.9968
Fast-FoundationStereo,dataset_7_keyframe_1,0.996358670914884
Fast-FoundationStereo,dataset_7_keyframe_1,0.9972583961617546
Fast-FoundationStereo,dataset_7_keyframe_1,0.9979353062629044
Fast-FoundationStereo,dataset_7_keyframe_1,0.9972451790633609
Fast-FoundationStereo,dataset_7_keyframe_1,0.9951823812801102
Fast-FoundationStereo,dataset_7_keyframe_1,0.9933333333333333
Fast-FoundationStereo,dataset_7_keyframe_1,0.9923611111111111
Fast-FoundationStereo,dataset_7_keyframe_1,0.9918736939865336
Fast-FoundationStereo,dataset_7_keyframe_1,0.9921168560166937
Fast-FoundationStereo,dataset_7_keyframe_1,0.989884733003999
Fast-FoundationStereo,dataset_7_keyframe_1,0.9917821084761681
Fast-FoundationStereo,dataset_7_keyframe_1,0.9948320413436692
Fast-FoundationStereo,dataset_7_keyframe_1,0.9955336154207804
Fast-FoundationStereo,dataset_7_keyframe_1,0.9957446808510638
Fast-FoundationStereo,dataset_7_keyframe_1,0.9957132650631103
Fast-FoundationStereo,dataset_7_keyframe_1,0.9974299065420561
Fast-FoundationStereo,dataset_7_keyframe_1,0.9955252001884126
Fast-FoundationStereo,dataset_7_keyframe_1,0.9926835024781685
Fast-FoundationStereo,dataset_7_keyframe_1,0.9919697685403873
Fast-FoundationStereo,dataset_7_keyframe_1,0.9900166389351082
Fast-FoundationStereo,dataset_7_keyframe_1,0.9897100093545369
Fast-FoundationStereo,dataset_7_keyframe_1,0.9882463563704749
Fast-FoundationStereo,dataset_7_keyframe_1,0.9864543726235742
Fast-FoundationStereo,dataset_7_keyframe_1,0.9840150446638458
Fast-FoundationStereo,dataset_7_keyframe_1,0.9840562719812427
Fast-FoundationStereo,dataset_7_keyframe_1,0.9855450236966825
Fast-FoundationStereo,dataset_7_keyframe_1,0.9852380952380952
Fast-FoundationStereo,dataset_7_keyframe_1,0.9851674641148326
Fast-FoundationStereo,dataset_7_keyframe_1,0.9831553973902728
Fast-FoundationStereo,dataset_7_keyframe_1,0.9825692454632283
Fast-FoundationStereo,dataset_7_keyframe_1,0.9855351976856316
Fast-FoundationStereo,dataset_7_keyframe_1,0.9828502415458937
Fast-FoundationStereo,dataset_7_keyframe_1,0.9836459836459837
Fast-FoundationStereo,dataset_7_keyframe_1,0.9866342648845686
Fast-FoundationStereo,dataset_7_keyframe_1,0.9858536585365854
Fast-FoundationStereo,dataset_7_keyframe_1,0.9861751152073732
Fast-FoundationStereo,dataset_7_keyframe_1,0.9871701767126604
Fast-FoundationStereo,dataset_7_keyframe_1,0.9899062725306417
Fast-FoundationStereo,dataset_7_keyframe_1,0.9903194578896418
Fast-FoundationStereo,dataset_7_keyframe_1,0.9903006789524733
Fast-FoundationStereo,dataset_7_keyframe_1,0.9888969345884625
Fast-FoundationStereo,dataset_7_keyframe_1,0.9822513980063214
Fast-FoundationStereo,dataset_7_keyframe_1,0.9854333576110706
Fast-FoundationStereo,dataset_7_keyframe_1,0.9886088221037325
Fast-FoundationStereo,dataset_7_keyframe_1,0.9910671173346209
Fast-FoundationStereo,dataset_7_keyframe_1,0.9931557076509411
Fast-FoundationStereo,dataset_7_keyframe_1,0.9946341463414634
Fast-FoundationStereo,dataset_7_keyframe_1,1.0
Fast-FoundationStereo,dataset_7_keyframe_1,0.9989994997498749
Fast-FoundationStereo,dataset_7_keyframe_1,0.9997442455242966
Fast-FoundationStereo,dataset_7_keyframe_1,0.9989735694123685
Fast-FoundationStereo,dataset_7_keyframe_1,0.9984484096198604
Fast-FoundationStereo,dataset_7_keyframe_1,0.9978880675818373
Fast-FoundationStereo,dataset_7_keyframe_1,0.9984256100760955
Fast-FoundationStereo,dataset_7_keyframe_1,0.9973031283710896
Fast-FoundationStereo,dataset_7_keyframe_1,0.9964596949891068
Fast-FoundationStereo,dataset_7_keyframe_1,0.9977857735953501
Fast-FoundationStereo,dataset_7_keyframe_1,0.9988741908246552
Fast-FoundationStereo,dataset_7_keyframe_1,0.9977207977207977
Fast-FoundationStereo,dataset_7_keyframe_1,0.9994269340974212
Fast-FoundationStereo,dataset_7_keyframe_1,0.9994257823715188
Fast-FoundationStereo,dataset_7_keyframe_1,1.0
Fast-FoundationStereo,dataset_7_keyframe_1,1.0
Fast-FoundationStereo,dataset_7_keyframe_1,0.9970785860356413
Fast-FoundationStereo,dataset_7_keyframe_1,1.0
Fast-FoundationStereo,dataset_7_keyframe_1,1.0
Fast-FoundationStereo,dataset_7_keyframe_1,1.0
Fast-FoundationStereo,dataset_7_keyframe_1,1.0
Fast-FoundationStereo,dataset_7_keyframe_1,0.99625
Fast-FoundationStereo,dataset_7_keyframe_1,0.993933588761175
Fast-FoundationStereo,dataset_7_keyframe_1,0.9951267056530214
Fast-FoundationStereo,dataset_7_keyframe_1,0.9960159362549801
Fast-FoundationStereo,dataset_7_keyframe_1,0.9949562878278413
Fast-FoundationStereo,dataset_7_keyframe_1,1.0
Fast-FoundationStereo,dataset_7_keyframe_1,1.0
Fast-FoundationStereo,dataset_7_keyframe_1,1.0
Fast-FoundationStereo,dataset_7_keyframe_1,1.0
Fast-FoundationStereo,dataset_7_keyframe_1,1.0
Fast-FoundationStereo,dataset_7_keyframe_1,1.0
Fast-FoundationStereo,dataset_7_keyframe_1,1.0
Fast-FoundationStereo,dataset_7_keyframe_1,1.0
Fast-FoundationStereo,dataset_7_keyframe_1,1.0
Fast-FoundationStereo,dataset_7_keyframe_1,1.0
Fast-FoundationStereo,dataset_7_keyframe_1,1.0
Fast-FoundationStereo,dataset_7_keyframe_1,1.0
Fast-FoundationStereo,dataset_7_keyframe_1,1.0
Fast-FoundationStereo,dataset_7_keyframe_1,1.0
Fast-FoundationStereo,dataset_7_keyframe_1,1.0
Fast-FoundationStereo,dataset_7_keyframe_1,1.0
Fast-FoundationStereo,dataset_7_keyframe_1,1.0
Fast-FoundationStereo,dataset_7_keyframe_1,1.0
Fast-FoundationStereo,dataset_7_keyframe_1,1.0
Fast-FoundationStereo,dataset_7_keyframe_1,1.0
Fast-FoundationStereo,dataset_7_keyframe_1,1.0
Fast-FoundationStereo,dataset_7_keyframe_1,1.0
Fast-FoundationStereo,dataset_7_keyframe_1,1.0
Fast-FoundationStereo,dataset_7_keyframe_1,1.0
Fast-FoundationStereo,dataset_7_keyframe_1,1.0
Fast-FoundationStereo,dataset_7_keyframe_1,1.0
Fast-FoundationStereo,dataset_7_keyframe_1,1.0
Fast-FoundationStereo,dataset_7_keyframe_1,1.0
Fast-FoundationStereo,dataset_7_keyframe_1,1.0
Fast-FoundationStereo,dataset_7_keyframe_1,1.0
Fast-FoundationStereo,dataset_7_keyframe_1,1.0
Fast-FoundationStereo,dataset_7_keyframe_1,0.9983484723369116
Fast-FoundationStereo,dataset_7_keyframe_1,1.0
Fast-FoundationStereo,dataset_7_keyframe_1,0.9991708126036484
Fast-FoundationStereo,dataset_7_keyframe_1,0.9982758620689656
Fast-FoundationStereo,dataset_7_keyframe_1,0.9974554707379135
Fast-FoundationStereo,dataset_7_keyframe_1,1.0
Fast-FoundationStereo,dataset_7_keyframe_1,1.0
Fast-FoundationStereo,dataset_7_keyframe_1,1.0
Fast-FoundationStereo,dataset_7_keyframe_1,1.0
Fast-FoundationStereo,dataset_7_keyframe_1,1.0
Fast-FoundationStereo,dataset_7_keyframe_1,1.0
Fast-FoundationStereo,dataset_7_keyframe_1,0.9953401677539608
CREStereo,dataset_7_keyframe_2,0.9660332186143947
CREStereo,dataset_7_keyframe_2,0.9626243182547322
CREStereo,dataset_7_keyframe_2,0.9534599965138574
CREStereo,dataset_7_keyframe_2,0.9516479536399856
CREStereo,dataset_7_keyframe_2,0.9517606350498677
CREStereo,dataset_7_keyframe_2,0.9540307971014492
CREStereo,dataset_7_keyframe_2,0.9569055036344756
CREStereo,dataset_7_keyframe_2,0.9648876404494382
CREStereo,dataset_7_keyframe_2,0.977938755350675
CREStereo,dataset_7_keyframe_2,0.9836293974225009
CREStereo,dataset_7_keyframe_2,0.9976498237367802
CREStereo,dataset_7_keyframe_2,0.9991873222267371
CREStereo,dataset_7_keyframe_2,1.0
CREStereo,dataset_7_keyframe_2,1.0
CREStereo,dataset_7_keyframe_2,1.0
CREStereo,dataset_7_keyframe_2,1.0
CREStereo,dataset_7_keyframe_2,1.0
CREStereo,dataset_7_keyframe_2,1.0
CREStereo,dataset_7_keyframe_2,1.0
CREStereo,dataset_7_keyframe_2,1.0
CREStereo,dataset_7_keyframe_2,1.0
CREStereo,dataset_7_keyframe_2,1.0
CREStereo,dataset_7_keyframe_2,1.0
CREStereo,dataset_7_keyframe_2,1.0
CREStereo,dataset_7_keyframe_2,1.0
CREStereo,dataset_7_keyframe_2,1.0
CREStereo,dataset_7_keyframe_2,1.0
CREStereo,dataset_7_keyframe_2,1.0
CREStereo,dataset_7_keyframe_2,1.0
CREStereo,dataset_7_keyframe_2,1.0
CREStereo,dataset_7_keyframe_2,0.9991356957649092
CREStereo,dataset_7_keyframe_2,0.9995596653456627
CREStereo,dataset_7_keyframe_2,0.9986818980667839
CREStereo,dataset_7_keyframe_2,0.9995535714285714
CREStereo,dataset_7_keyframe_2,0.9990859232175503
CREStereo,dataset_7_keyframe_2,0.9990796134376438
CREStereo,dataset_7_keyframe_2,0.9990753582986592
CREStereo,dataset_7_keyframe_2,1.0
CREStereo,dataset_7_keyframe_2,1.0
CREStereo,dataset_7_keyframe_2,1.0
CREStereo,dataset_7_keyframe_2,1.0
CREStereo,dataset_7_keyframe_2,0.9980372914622179
CREStereo,dataset_7_keyframe_2,0.9980188211986132
CREStereo,dataset_7_keyframe_2,0.9948691636736788
CREStereo,dataset_7_keyframe_2,0.9979685119349924
CREStereo,dataset_7_keyframe_2,0.9973361747469366
CREStereo,dataset_7_keyframe_2,1.0
CREStereo,dataset_7_keyframe_2,1.0
CREStereo,dataset_7_keyframe_2,1.0
CREStereo,dataset_7_keyframe_2,0.9971313826735514
CREStereo,dataset_7_keyframe_2,0.9977220956719818
CREStereo,dataset_7_keyframe_2,0.9964328180737217
CREStereo,dataset_7_keyframe_2,0.9942096120440069
CREStereo,dataset_7_keyframe_2,0.989330171902786
CREStereo,dataset_7_keyframe_2,0.9917929292929293
CREStereo,dataset_7_keyframe_2,0.9816633922724296
CREStereo,dataset_7_keyframe_2,0.9851951547779273
CREStereo,dataset_7_keyframe_2,0.9800995024875622
CREStereo,dataset_7_keyframe_2,0.9848156182212582
CREStereo,dataset_7_keyframe_2,0.978978978978979
CREStereo,dataset_7_keyframe_2,0.975187969924812
CREStereo,dataset_7_keyframe_2,0.9837837837837838
CREStereo,dataset_7_keyframe_2,0.9883720930232558
CREStereo,dataset_7_keyframe_2,1.0
CREStereo,dataset_7_keyframe_2,1.0
CREStereo,dataset_7_keyframe_2,1.0
CREStereo,dataset_7_keyframe_2,1.0
CREStereo,dataset_7_keyframe_2,1.0
CREStereo,dataset_7_keyframe_2,1.0
CREStereo,dataset_7_keyframe_2,1.0
CREStereo,dataset_7_keyframe_2,1.0
CREStereo,dataset_7_keyframe_2,1.0
CREStereo,dataset_7_keyframe_2,1.0
CREStereo,dataset_7_keyframe_2,1.0
CREStereo,dataset_7_keyframe_2,1.0
CREStereo,dataset_7_keyframe_2,1.0
CREStereo,dataset_7_keyframe_2,1.0
CREStereo,dataset_7_keyframe_2,1.0
CREStereo,dataset_7_keyframe_2,1.0
CREStereo,dataset_7_keyframe_2,1.0
CREStereo,dataset_7_keyframe_2,1.0
CREStereo,dataset_7_keyframe_2,1.0
CREStereo,dataset_7_keyframe_2,1.0
CREStereo,dataset_7_keyframe_2,1.0
CREStereo,dataset_7_keyframe_2,1.0
CREStereo,dataset_7_keyframe_2,1.0
CREStereo,dataset_7_keyframe_2,1.0
CREStereo,dataset_7_keyframe_2,1.0
CREStereo,dataset_7_keyframe_2,1.0
CREStereo,dataset_7_keyframe_2,1.0
CREStereo,dataset_7_keyframe_2,1.0
CREStereo,dataset_7_keyframe_2,1.0
CREStereo,dataset_7_keyframe_2,1.0
CREStereo,dataset_7_keyframe_2,1.0
CREStereo,dataset_7_keyframe_2,1.0
CREStereo,dataset_7_keyframe_2,1.0
CREStereo,dataset_7_keyframe_2,1.0
CREStereo,dataset_7_keyframe_2,1.0
CREStereo,dataset_7_keyframe_2,1.0
CREStereo,dataset_7_keyframe_2,1.0
CREStereo,dataset_7_keyframe_2,1.0
CREStereo,dataset_7_keyframe_2,1.0
CREStereo,dataset_7_keyframe_2,1.0
CREStereo,dataset_7_keyframe_2,1.0
CREStereo,dataset_7_keyframe_2,1.0
CREStereo,dataset_7_keyframe_2,1.0
CREStereo,dataset_7_keyframe_2,1.0
CREStereo,dataset_7_keyframe_2,1.0
CREStereo,dataset_7_keyframe_2,1.0
CREStereo,dataset_7_keyframe_2,1.0
CREStereo,dataset_7_keyframe_2,1.0
CREStereo,dataset_7_keyframe_2,1.0
CREStereo,dataset_7_keyframe_2,1.0
CREStereo,dataset_7_keyframe_2,1.0
CREStereo,dataset_7_keyframe_2,1.0
CREStereo,dataset_7_keyframe_2,1.0
CREStereo,dataset_7_keyframe_2,1.0
CREStereo,dataset_7_keyframe_2,1.0
CREStereo,dataset_7_keyframe_2,1.0
CREStereo,dataset_7_keyframe_2,1.0
CREStereo,dataset_7_keyframe_2,1.0
CREStereo,dataset_7_keyframe_2,1.0
CREStereo,dataset_7_keyframe_2,1.0
CREStereo,dataset_7_keyframe_2,1.0
CREStereo,dataset_7_keyframe_2,1.0
CREStereo,dataset_7_keyframe_2,1.0
CREStereo,dataset_7_keyframe_2,1.0
CREStereo,dataset_7_keyframe_2,1.0
CREStereo,dataset_7_keyframe_2,1.0
CREStereo,dataset_7_keyframe_2,1.0
CREStereo,dataset_7_keyframe_2,1.0
CREStereo,dataset_7_keyframe_2,1.0
CREStereo,dataset_7_keyframe_2,1.0
CREStereo,dataset_7_keyframe_2,1.0
CREStereo,dataset_7_keyframe_2,1.0
CREStereo,dataset_7_keyframe_2,1.0
CREStereo,dataset_7_keyframe_2,1.0
CREStereo,dataset_7_keyframe_2,1.0
CREStereo,dataset_7_keyframe_2,1.0
CREStereo,dataset_7_keyframe_2,1.0
CREStereo,dataset_7_keyframe_2,1.0
CREStereo,dataset_7_keyframe_2,1.0
CREStereo,dataset_7_keyframe_2,1.0
CREStereo,dataset_7_keyframe_2,1.0
CREStereo,dataset_7_keyframe_2,0.0
CREStereo,dataset_7_keyframe_2,1.0
CREStereo,dataset_7_keyframe_2,1.0
CREStereo,dataset_7_keyframe_2,0.0
CREStereo,dataset_7_keyframe_2,0.0
CREStereo,dataset_7_keyframe_2,0.0
CREStereo,dataset_7_keyframe_2,0.0
CREStereo,dataset_7_keyframe_2,0.0
CREStereo,dataset_7_keyframe_2,0.0
CREStereo,dataset_7_keyframe_2,1.0
CREStereo,dataset_7_keyframe_2,1.0
CREStereo,dataset_7_keyframe_2,0.0
CREStereo,dataset_7_keyframe_2,1.0
CREStereo,dataset_7_keyframe_2,1.0
CREStereo,dataset_7_keyframe_2,0.0
CREStereo,dataset_7_keyframe_2,1.0
CREStereo,dataset_7_keyframe_2,0.0
CREStereo,dataset_7_keyframe_2,1.0
CREStereo,dataset_7_keyframe_2,0.0
CREStereo,dataset_7_keyframe_2,0.0
CREStereo,dataset_7_keyframe_2,1.0
CREStereo,dataset_7_keyframe_2,0.0
CREStereo,dataset_7_keyframe_2,0.0
CREStereo,dataset_7_keyframe_2,0.0
CREStereo,dataset_7_keyframe_2,0.0
CREStereo,dataset_7_keyframe_2,1.0
CREStereo,dataset_7_keyframe_2,0.0
CREStereo,dataset_7_keyframe_2,0.0
CREStereo,dataset_7_keyframe_2,0.0
CREStereo,dataset_7_keyframe_2,0.0
CREStereo,dataset_7_keyframe_2,0.0
CREStereo,dataset_7_keyframe_2,0.0
CREStereo,dataset_7_keyframe_2,0.0
CREStereo,dataset_7_keyframe_2,0.0
CREStereo,dataset_7_keyframe_2,0.0
CREStereo,dataset_7_keyframe_2,1.0
CREStereo,dataset_7_keyframe_2,0.0
CREStereo,dataset_7_keyframe_2,1.0
CREStereo,dataset_7_keyframe_2,0.0
CREStereo,dataset_7_keyframe_2,0.0
CREStereo,dataset_7_keyframe_2,0.0
CREStereo,dataset_7_keyframe_2,0.0
CREStereo,dataset_7_keyframe_2,0.0
CREStereo,dataset_7_keyframe_2,0.0
CREStereo,dataset_7_keyframe_2,0.0
CREStereo,dataset_7_keyframe_2,1.0
CREStereo,dataset_7_keyframe_2,0.0
CREStereo,dataset_7_keyframe_2,0.0
CREStereo,dataset_7_keyframe_2,0.0
CREStereo,dataset_7_keyframe_2,0.0
CREStereo,dataset_7_keyframe_2,0.0
CREStereo,dataset_7_keyframe_2,0.0
CREStereo,dataset_7_keyframe_2,0.0
CREStereo,dataset_7_keyframe_2,1.0
CREStereo,dataset_7_keyframe_2,0.0
CREStereo,dataset_7_keyframe_2,0.0
CREStereo,dataset_7_keyframe_2,0.0
CREStereo,dataset_7_keyframe_2,0.0
CREStereo,dataset_7_keyframe_2,0.0
CREStereo,dataset_7_keyframe_2,0.0
CREStereo,dataset_7_keyframe_2,0.0
CREStereo,dataset_7_keyframe_2,0.0
CREStereo,dataset_7_keyframe_2,0.0
CREStereo,dataset_7_keyframe_2,0.0
CREStereo,dataset_7_keyframe_2,0.0
CREStereo,dataset_7_keyframe_2,0.0
CREStereo,dataset_7_keyframe_2,0.0
CREStereo,dataset_7_keyframe_2,1.0
CREStereo,dataset_7_keyframe_2,0.0
CREStereo,dataset_7_keyframe_2,0.0
CREStereo,dataset_7_keyframe_2,0.0
CREStereo,dataset_7_keyframe_2,0.0
CREStereo,dataset_7_keyframe_2,0.0
CREStereo,dataset_7_keyframe_2,0.0
CREStereo,dataset_7_keyframe_2,0.0
CREStereo,dataset_7_keyframe_2,0.0
CREStereo,dataset_7_keyframe_2,0.0
CREStereo,dataset_7_keyframe_2,0.0
CREStereo,dataset_7_keyframe_2,0.0
CREStereo,dataset_7_keyframe_2,0.0
CREStereo,dataset_7_keyframe_2,0.0
CREStereo,dataset_7_keyframe_2,0.0
CREStereo,dataset_7_keyframe_2,0.0
CREStereo,dataset_7_keyframe_2,0.0
CREStereo,dataset_7_keyframe_2,0.0
CREStereo,dataset_7_keyframe_2,0.0
CREStereo,dataset_7_keyframe_2,0.0
CREStereo,dataset_7_keyframe_2,0.0
CREStereo,dataset_7_keyframe_2,0.0
CREStereo,dataset_7_keyframe_2,0.0
CREStereo,dataset_7_keyframe_2,0.0
CREStereo,dataset_7_keyframe_2,0.0
CREStereo,dataset_7_keyframe_2,0.0
CREStereo,dataset_7_keyframe_2,0.0
CREStereo,dataset_7_keyframe_2,0.0
CREStereo,dataset_7_keyframe_2,0.0
CREStereo,dataset_7_keyframe_2,0.0
CREStereo,dataset_7_keyframe_2,0.0
CREStereo,dataset_7_keyframe_2,0.0
CREStereo,dataset_7_keyframe_2,0.0
CREStereo,dataset_7_keyframe_2,0.0
CREStereo,dataset_7_keyframe_2,0.0
CREStereo,dataset_7_keyframe_2,0.0
CREStereo,dataset_7_keyframe_2,0.0
CREStereo,dataset_7_keyframe_2,0.0
CREStereo,dataset_7_keyframe_2,0.0
CREStereo,dataset_7_keyframe_2,0.0
CREStereo,dataset_7_keyframe_2,0.0
CREStereo,dataset_7_keyframe_2,0.0
CREStereo,dataset_7_keyframe_2,0.0
CREStereo,dataset_7_keyframe_2,0.0
CREStereo,dataset_7_keyframe_2,0.0
CREStereo,dataset_7_keyframe_2,0.0
CREStereo,dataset_7_keyframe_2,0.0
CREStereo,dataset_7_keyframe_2,0.0
CREStereo,dataset_7_keyframe_2,0.0
CREStereo,dataset_7_keyframe_2,0.0
CREStereo,dataset_7_keyframe_2,0.0
CREStereo,dataset_7_keyframe_2,0.0
CREStereo,dataset_7_keyframe_2,0.0
CREStereo,dataset_7_keyframe_2,0.0
CREStereo,dataset_7_keyframe_2,0.0
CREStereo,dataset_7_keyframe_2,0.0
CREStereo,dataset_7_keyframe_2,0.0
CREStereo,dataset_7_keyframe_2,0.0
CREStereo,dataset_7_keyframe_2,0.0
CREStereo,dataset_7_keyframe_2,0.0
CREStereo,dataset_7_keyframe_2,0.0
CREStereo,dataset_7_keyframe_2,0.0
CREStereo,dataset_7_keyframe_2,0.0
CREStereo,dataset_7_keyframe_2,0.0
CREStereo,dataset_7_keyframe_2,0.0
CREStereo,dataset_7_keyframe_2,0.0
CREStereo,dataset_7_keyframe_2,0.0
CREStereo,dataset_7_keyframe_2,0.0
CREStereo,dataset_7_keyframe_2,0.0
CREStereo,dataset_7_keyframe_2,0.0
CREStereo,dataset_7_keyframe_2,0.0
CREStereo,dataset_7_keyframe_2,0.0
CREStereo,dataset_7_keyframe_2,0.0
CREStereo,dataset_7_keyframe_2,0.0
CREStereo,dataset_7_keyframe_2,0.0
CREStereo,dataset_7_keyframe_2,0.0
CREStereo,dataset_7_keyframe_2,0.0
CREStereo,dataset_7_keyframe_2,0.0
CREStereo,dataset_7_keyframe_2,0.0
CREStereo,dataset_7_keyframe_2,0.0
CREStereo,dataset_7_keyframe_2,0.0
CREStereo,dataset_7_keyframe_2,0.0
CREStereo,dataset_7_keyframe_2,0.0
CREStereo,dataset_7_keyframe_2,0.0
CREStereo,dataset_7_keyframe_2,0.0
CREStereo,dataset_7_keyframe_2,0.0
CREStereo,dataset_7_keyframe_2,0.0
CREStereo,dataset_7_keyframe_2,0.0
CREStereo,dataset_7_keyframe_2,0.0
CREStereo,dataset_7_keyframe_2,0.0
CREStereo,dataset_7_keyframe_2,0.0
CREStereo,dataset_7_keyframe_2,0.0
CREStereo,dataset_7_keyframe_2,0.0
CREStereo,dataset_7_keyframe_2,0.0
CREStereo,dataset_7_keyframe_2,0.0
CREStereo,dataset_7_keyframe_2,0.0
CREStereo,dataset_7_keyframe_2,0.0
CREStereo,dataset_7_keyframe_2,0.0
CREStereo,dataset_7_keyframe_2,0.0
CREStereo,dataset_7_keyframe_2,0.0
CREStereo,dataset_7_keyframe_2,0.0
CREStereo,dataset_7_keyframe_2,0.0
CREStereo,dataset_7_keyframe_2,0.0
CREStereo,dataset_7_keyframe_2,0.0
CREStereo,dataset_7_keyframe_2,0.0
CREStereo,dataset_7_keyframe_2,0.0
CREStereo,dataset_7_keyframe_2,0.0
CREStereo,dataset_7_keyframe_2,0.0
CREStereo,dataset_7_keyframe_2,0.0
CREStereo,dataset_7_keyframe_2,0.0
CREStereo,dataset_7_keyframe_2,0.0
CREStereo,dataset_7_keyframe_2,0.0
CREStereo,dataset_7_keyframe_2,0.0
CREStereo,dataset_7_keyframe_2,0.0
CREStereo,dataset_7_keyframe_2,0.0
CREStereo,dataset_7_keyframe_2,0.0
CREStereo,dataset_7_keyframe_2,0.0
CREStereo,dataset_7_keyframe_2,0.0
CREStereo,dataset_7_keyframe_2,0.0
CREStereo,dataset_7_keyframe_2,0.0
CREStereo,dataset_7_keyframe_2,1.0
CREStereo,dataset_7_keyframe_2,0.0
CREStereo,dataset_7_keyframe_2,1.0
CREStereo,dataset_7_keyframe_2,0.0
CREStereo,dataset_7_keyframe_2,0.0
CREStereo,dataset_7_keyframe_2,0.0
CREStereo,dataset_7_keyframe_2,0.0
CREStereo,dataset_7_keyframe_2,0.0
CREStereo,dataset_7_keyframe_2,0.0
CREStereo,dataset_7_keyframe_2,0.0
CREStereo,dataset_7_keyframe_2,0.0
CREStereo,dataset_7_keyframe_2,0.0
CREStereo,dataset_7_keyframe_2,0.0
CREStereo,dataset_7_keyframe_2,0.0
CREStereo,dataset_7_keyframe_2,0.0
CREStereo,dataset_7_keyframe_2,0.0
CREStereo,dataset_7_keyframe_2,0.0
CREStereo,dataset_7_keyframe_2,1.0
CREStereo,dataset_7_keyframe_2,0.0
CREStereo,dataset_7_keyframe_2,0.0
CREStereo,dataset_7_keyframe_2,0.0
CREStereo,dataset_7_keyframe_2,0.0
CREStereo,dataset_7_keyframe_2,0.0
CREStereo,dataset_7_keyframe_2,0.0
CREStereo,dataset_7_keyframe_2,0.0
CREStereo,dataset_7_keyframe_2,0.0
CREStereo,dataset_7_keyframe_2,1.0
CREStereo,dataset_7_keyframe_2,0.0
CREStereo,dataset_7_keyframe_2,1.0
CREStereo,dataset_7_keyframe_2,1.0
CREStereo,dataset_7_keyframe_2,1.0
CREStereo,dataset_7_keyframe_2,0.0
CREStereo,dataset_7_keyframe_2,1.0
CREStereo,dataset_7_keyframe_2,0.0
CREStereo,dataset_7_keyframe_2,1.0
CREStereo,dataset_7_keyframe_2,1.0
CREStereo,dataset_7_keyframe_2,1.0
CREStereo,dataset_7_keyframe_2,1.0
CREStereo,dataset_7_keyframe_2,1.0
CREStereo,dataset_7_keyframe_2,1.0
CREStereo,dataset_7_keyframe_2,1.0
CREStereo,dataset_7_keyframe_2,1.0
CREStereo,dataset_7_keyframe_2,1.0
CREStereo,dataset_7_keyframe_2,1.0
CREStereo,dataset_7_keyframe_2,1.0
CREStereo,dataset_7_keyframe_2,1.0
CREStereo,dataset_7_keyframe_2,1.0
CREStereo,dataset_7_keyframe_2,1.0
CREStereo,dataset_7_keyframe_2,1.0
CREStereo,dataset_7_keyframe_2,1.0
CREStereo,dataset_7_keyframe_2,1.0
CREStereo,dataset_7_keyframe_2,1.0
CREStereo,dataset_7_keyframe_2,1.0
CREStereo,dataset_7_keyframe_2,1.0
CREStereo,dataset_7_keyframe_2,1.0
CREStereo,dataset_7_keyframe_2,1.0
CREStereo,dataset_7_keyframe_2,0.0
CREStereo,dataset_7_keyframe_2,1.0
CREStereo,dataset_7_keyframe_2,1.0
CREStereo,dataset_7_keyframe_2,1.0
CREStereo,dataset_7_keyframe_2,1.0
CREStereo,dataset_7_keyframe_2,1.0
CREStereo,dataset_7_keyframe_2,1.0
CREStereo,dataset_7_keyframe_2,1.0
CREStereo,dataset_7_keyframe_2,1.0
CREStereo,dataset_7_keyframe_2,1.0
CREStereo,dataset_7_keyframe_2,1.0
CREStereo,dataset_7_keyframe_2,1.0
CREStereo,dataset_7_keyframe_2,1.0
CREStereo,dataset_7_keyframe_2,1.0
CREStereo,dataset_7_keyframe_2,1.0
CREStereo,dataset_7_keyframe_2,1.0
CREStereo,dataset_7_keyframe_2,1.0
CREStereo,dataset_7_keyframe_2,1.0
CREStereo,dataset_7_keyframe_2,1.0
CREStereo,dataset_7_keyframe_2,1.0
CREStereo,dataset_7_keyframe_2,1.0
CREStereo,dataset_7_keyframe_2,1.0
CREStereo,dataset_7_keyframe_2,0.0
CREStereo,dataset_7_keyframe_2,0.0
CREStereo,dataset_7_keyframe_2,0.0
CREStereo,dataset_7_keyframe_2,0.0
CREStereo,dataset_7_keyframe_2,0.0
CREStereo,dataset_7_keyframe_2,0.0
CREStereo,dataset_7_keyframe_2,0.0
CREStereo,dataset_7_keyframe_2,0.0
CREStereo,dataset_7_keyframe_2,0.0
CREStereo,dataset_7_keyframe_2,0.0
CREStereo,dataset_7_keyframe_2,0.0
CREStereo,dataset_7_keyframe_2,0.0
CREStereo,dataset_7_keyframe_2,0.0
CREStereo,dataset_7_keyframe_2,0.0
CREStereo,dataset_7_keyframe_2,0.0
CREStereo,dataset_7_keyframe_2,0.0
CREStereo,dataset_7_keyframe_2,0.0
CREStereo,dataset_7_keyframe_2,0.0
CREStereo,dataset_7_keyframe_2,0.0
CREStereo,dataset_7_keyframe_2,0.0
CREStereo,dataset_7_keyframe_2,0.0
CREStereo,dataset_7_keyframe_2,0.0
CREStereo,dataset_7_keyframe_2,0.0
CREStereo,dataset_7_keyframe_2,0.0
CREStereo,dataset_7_keyframe_2,0.0
CREStereo,dataset_7_keyframe_2,0.0
CREStereo,dataset_7_keyframe_2,0.0
CREStereo,dataset_7_keyframe_2,0.0
CREStereo,dataset_7_keyframe_2,0.0
CREStereo,dataset_7_keyframe_2,0.0
CREStereo,dataset_7_keyframe_2,0.0
CREStereo,dataset_7_keyframe_2,0.0
CREStereo,dataset_7_keyframe_2,0.0
CREStereo,dataset_7_keyframe_2,0.0
CREStereo,dataset_7_keyframe_2,0.0
CREStereo,dataset_7_keyframe_2,0.0
CREStereo,dataset_7_keyframe_2,0.0
CREStereo,dataset_7_keyframe_2,0.0
CREStereo,dataset_7_keyframe_2,0.0
CREStereo,dataset_7_keyframe_2,0.0
CREStereo,dataset_7_keyframe_2,0.0
CREStereo,dataset_7_keyframe_2,0.0
CREStereo,dataset_7_keyframe_2,0.0
CREStereo,dataset_7_keyframe_2,0.0
CREStereo,dataset_7_keyframe_2,0.0
CREStereo,dataset_7_keyframe_2,0.0
CREStereo,dataset_7_keyframe_2,0.0
CREStereo,dataset_7_keyframe_2,0.0
CREStereo,dataset_7_keyframe_2,0.0
CREStereo,dataset_7_keyframe_2,0.0
CREStereo,dataset_7_keyframe_2,0.0
CREStereo,dataset_7_keyframe_2,0.0
CREStereo,dataset_7_keyframe_2,0.0
CREStereo,dataset_7_keyframe_2,0.0
CREStereo,dataset_7_keyframe_2,0.0
CREStereo,dataset_7_keyframe_2,0.0
CREStereo,dataset_7_keyframe_2,0.0
CREStereo,dataset_7_keyframe_2,0.0
CREStereo,dataset_7_keyframe_2,0.0
CREStereo,dataset_7_keyframe_2,0.0
CREStereo,dataset_7_keyframe_2,0.0
CREStereo,dataset_7_keyframe_2,0.0
CREStereo,dataset_7_keyframe_2,0.0
CREStereo,dataset_7_keyframe_2,0.0
CREStereo,dataset_7_keyframe_2,0.0
CREStereo,dataset_7_keyframe_2,0.0
CREStereo,dataset_7_keyframe_2,0.0
CREStereo,dataset_7_keyframe_2,0.0
CREStereo,dataset_7_keyframe_2,0.0
CREStereo,dataset_7_keyframe_2,0.0
CREStereo,dataset_7_keyframe_2,0.0
CREStereo,dataset_7_keyframe_2,0.0
CREStereo,dataset_7_keyframe_2,0.0
CREStereo,dataset_7_keyframe_2,0.0
CREStereo,dataset_7_keyframe_2,0.0
CREStereo,dataset_7_keyframe_2,0.0
CREStereo,dataset_7_keyframe_2,0.0
CREStereo,dataset_7_keyframe_2,0.0
CREStereo,dataset_7_keyframe_2,0.0
CREStereo,dataset_7_keyframe_2,0.0
CREStereo,dataset_7_keyframe_2,0.0
CREStereo,dataset_7_keyframe_2,0.0
CREStereo,dataset_7_keyframe_2,0.6666666666666666
CREStereo,dataset_7_keyframe_2,0.0
CREStereo,dataset_7_keyframe_2,0.25
CREStereo,dataset_7_keyframe_2,0.0
CREStereo,dataset_7_keyframe_2,0.0
CREStereo,dataset_7_keyframe_2,0.08333333333333333
CREStereo,dataset_7_keyframe_2,0.15384615384615385
CREStereo,dataset_7_keyframe_2,0.11764705882352941
CREStereo,dataset_7_keyframe_2,0.17647058823529413
CREStereo,dataset_7_keyframe_2,0.16666666666666666
CREStereo,dataset_7_keyframe_2,0.375
CREStereo,dataset_7_keyframe_2,0.5652173913043478
CREStereo,dataset_7_keyframe_2,0.6842105263157895
CREStereo,dataset_7_keyframe_2,0.6428571428571429
CREStereo,dataset_7_keyframe_2,0.5714285714285714
CREStereo,dataset_7_keyframe_2,0.4117647058823529
CREStereo,dataset_7_keyframe_2,0.625
CREStereo,dataset_7_keyframe_2,0.29411764705882354
CREStereo,dataset_7_keyframe_2,0.4166666666666667
CREStereo,dataset_7_keyframe_2,0.4
CREStereo,dataset_7_keyframe_2,0.3181818181818182
CREStereo,dataset_7_keyframe_2,0.4642857142857143
CREStereo,dataset_7_keyframe_2,0.43478260869565216
CREStereo,dataset_7_keyframe_2,0.35294117647058826
CREStereo,dataset_7_keyframe_2,0.5238095238095238
CREStereo,dataset_7_keyframe_2,0.3333333333333333
CREStereo,dataset_7_keyframe_2,0.5
CREStereo,dataset_7_keyframe_2,0.6666666666666666
CREStereo,dataset_7_keyframe_2,0.7083333333333334
CREStereo,dataset_7_keyframe_2,0.8181818181818182
CREStereo,dataset_7_keyframe_2,0.8571428571428571
CREStereo,dataset_7_keyframe_2,0.7894736842105263
CREStereo,dataset_7_keyframe_2,0.8333333333333334
CREStereo,dataset_7_keyframe_2,0.9411764705882353
CREStereo,dataset_7_keyframe_2,1.0
CREStereo,dataset_7_keyframe_2,1.0
CREStereo,dataset_7_keyframe_2,1.0
CREStereo,dataset_7_keyframe_2,1.0
CREStereo,dataset_7_keyframe_2,1.0
CREStereo,dataset_7_keyframe_2,1.0
CREStereo,dataset_7_keyframe_2,1.0
CREStereo,dataset_7_keyframe_2,1.0
CREStereo,dataset_7_keyframe_2,1.0
CREStereo,dataset_7_keyframe_2,1.0
CREStereo,dataset_7_keyframe_2,1.0
CREStereo,dataset_7_keyframe_2,1.0
CREStereo,dataset_7_keyframe_2,1.0
CREStereo,dataset_7_keyframe_2,0.9545454545454546
CREStereo,dataset_7_keyframe_2,1.0
CREStereo,dataset_7_keyframe_2,1.0
CREStereo,dataset_7_keyframe_2,1.0
CREStereo,dataset_7_keyframe_2,1.0
CREStereo,dataset_7_keyframe_2,1.0
CREStereo,dataset_7_keyframe_2,1.0
CREStereo,dataset_7_keyframe_2,1.0
CREStereo,dataset_7_keyframe_2,1.0
CREStereo,dataset_7_keyframe_2,1.0
CREStereo,dataset_7_keyframe_2,1.0
CREStereo,dataset_7_keyframe_2,1.0
CREStereo,dataset_7_keyframe_2,1.0
CREStereo,dataset_7_keyframe_2,1.0
CREStereo,dataset_7_keyframe_2,1.0
CREStereo,dataset_7_keyframe_2,1.0
CREStereo,dataset_7_keyframe_2,1.0
CREStereo,dataset_7_keyframe_2,1.0
CREStereo,dataset_7_keyframe_2,1.0
CREStereo,dataset_7_keyframe_2,1.0
CREStereo,dataset_7_keyframe_2,1.0
CREStereo,dataset_7_keyframe_2,1.0
CREStereo,dataset_7_keyframe_2,1.0
CREStereo,dataset_7_keyframe_2,1.0
CREStereo,dataset_7_keyframe_2,1.0
CREStereo,dataset_7_keyframe_2,1.0
CREStereo,dataset_7_keyframe_2,1.0
CREStereo,dataset_7_keyframe_2,1.0
CREStereo,dataset_7_keyframe_2,1.0
CREStereo,dataset_7_keyframe_2,1.0
CREStereo,dataset_7_keyframe_2,1.0
CREStereo,dataset_7_keyframe_2,1.0
CREStereo,dataset_7_keyframe_2,1.0
CREStereo,dataset_7_keyframe_2,1.0
CREStereo,dataset_7_keyframe_2,1.0
CREStereo,dataset_7_keyframe_2,1.0
CREStereo,dataset_7_keyframe_2,1.0
CREStereo,dataset_7_keyframe_2,1.0
CREStereo,dataset_7_keyframe_2,1.0
CREStereo,dataset_7_keyframe_2,1.0
CREStereo,dataset_7_keyframe_2,1.0
CREStereo,dataset_7_keyframe_2,1.0
CREStereo,dataset_7_keyframe_2,1.0
CREStereo,dataset_7_keyframe_2,1.0
CREStereo,dataset_7_keyframe_2,1.0
CREStereo,dataset_7_keyframe_2,1.0
CREStereo,dataset_7_keyframe_2,1.0
CREStereo,dataset_7_keyframe_2,1.0
CREStereo,dataset_7_keyframe_2,1.0
CREStereo,dataset_7_keyframe_2,1.0
CREStereo,dataset_7_keyframe_2,1.0
CREStereo,dataset_7_keyframe_2,1.0
CREStereo,dataset_7_keyframe_2,1.0
CREStereo,dataset_7_keyframe_2,1.0
CREStereo,dataset_7_keyframe_2,1.0
CREStereo,dataset_7_keyframe_2,1.0
CREStereo,dataset_7_keyframe_2,1.0
CREStereo,dataset_7_keyframe_2,1.0
CREStereo,dataset_7_keyframe_2,1.0
CREStereo,dataset_7_keyframe_2,0.0
CREStereo,dataset_7_keyframe_2,1.0
CREStereo,dataset_7_keyframe_2,1.0
CREStereo,dataset_7_keyframe_2,1.0
CREStereo,dataset_7_keyframe_2,0.0
CREStereo,dataset_7_keyframe_2,1.0
CREStereo,dataset_7_keyframe_2,0.0
CREStereo,dataset_7_keyframe_2,1.0
CREStereo,dataset_7_keyframe_2,0.0
CREStereo,dataset_7_keyframe_2,0.0
CREStereo,dataset_7_keyframe_2,1.0
CREStereo,dataset_7_keyframe_2,1.0
CREStereo,dataset_7_keyframe_2,1.0
CREStereo,dataset_7_keyframe_2,1.0
CREStereo,dataset_7_keyframe_2,0.375
CREStereo,dataset_7_keyframe_2,0.0
CREStereo,dataset_7_keyframe_2,1.0
CREStereo,dataset_7_keyframe_2,1.0
CREStereo,dataset_7_keyframe_2,0.0
CREStereo,dataset_7_keyframe_2,0.0
CREStereo,dataset_7_keyframe_2,0.0
CREStereo,dataset_7_keyframe_2,0.0
CREStereo,dataset_7_keyframe_2,0.0
Fast-FoundationStereo,dataset_7_keyframe_2,0.9660332186143947
Fast-FoundationStereo,dataset_7_keyframe_2,0.9626243182547322
Fast-FoundationStereo,dataset_7_keyframe_2,0.9534599965138574
Fast-FoundationStereo,dataset_7_keyframe_2,0.9516479536399856
Fast-FoundationStereo,dataset_7_keyframe_2,0.9517606350498677
Fast-FoundationStereo,dataset_7_keyframe_2,0.9540307971014492
Fast-FoundationStereo,dataset_7_keyframe_2,0.9569055036344756
Fast-FoundationStereo,dataset_7_keyframe_2,0.9648876404494382
Fast-FoundationStereo,dataset_7_keyframe_2,0.977938755350675
Fast-FoundationStereo,dataset_7_keyframe_2,0.9836293974225009
Fast-FoundationStereo,dataset_7_keyframe_2,0.9976498237367802
Fast-FoundationStereo,dataset_7_keyframe_2,0.9991873222267371
Fast-FoundationStereo,dataset_7_keyframe_2,1.0
Fast-FoundationStereo,dataset_7_keyframe_2,1.0
Fast-FoundationStereo,dataset_7_keyframe_2,1.0
Fast-FoundationStereo,dataset_7_keyframe_2,1.0
Fast-FoundationStereo,dataset_7_keyframe_2,1.0
Fast-FoundationStereo,dataset_7_keyframe_2,1.0
Fast-FoundationStereo,dataset_7_keyframe_2,1.0
Fast-FoundationStereo,dataset_7_keyframe_2,1.0
Fast-FoundationStereo,dataset_7_keyframe_2,1.0
Fast-FoundationStereo,dataset_7_keyframe_2,1.0
Fast-FoundationStereo,dataset_7_keyframe_2,1.0
Fast-FoundationStereo,dataset_7_keyframe_2,1.0
Fast-FoundationStereo,dataset_7_keyframe_2,1.0
Fast-FoundationStereo,dataset_7_keyframe_2,1.0
Fast-FoundationStereo,dataset_7_keyframe_2,1.0
Fast-FoundationStereo,dataset_7_keyframe_2,1.0
Fast-FoundationStereo,dataset_7_keyframe_2,1.0
Fast-FoundationStereo,dataset_7_keyframe_2,1.0
Fast-FoundationStereo,dataset_7_keyframe_2,0.9991356957649092
Fast-FoundationStereo,dataset_7_keyframe_2,0.9995596653456627
Fast-FoundationStereo,dataset_7_keyframe_2,0.9986818980667839
Fast-FoundationStereo,dataset_7_keyframe_2,0.9995535714285714
Fast-FoundationStereo,dataset_7_keyframe_2,0.9990859232175503
Fast-FoundationStereo,dataset_7_keyframe_2,0.9990796134376438
Fast-FoundationStereo,dataset_7_keyframe_2,0.9990753582986592
Fast-FoundationStereo,dataset_7_keyframe_2,1.0
Fast-FoundationStereo,dataset_7_keyframe_2,1.0
Fast-FoundationStereo,dataset_7_keyframe_2,1.0
Fast-FoundationStereo,dataset_7_keyframe_2,1.0
Fast-FoundationStereo,dataset_7_keyframe_2,0.9980372914622179
Fast-FoundationStereo,dataset_7_keyframe_2,0.9980188211986132
Fast-FoundationStereo,dataset_7_keyframe_2,0.9948691636736788
Fast-FoundationStereo,dataset_7_keyframe_2,0.9979685119349924
Fast-FoundationStereo,dataset_7_keyframe_2,0.9973361747469366
Fast-FoundationStereo,dataset_7_keyframe_2,1.0
Fast-FoundationStereo,dataset_7_keyframe_2,1.0
Fast-FoundationStereo,dataset_7_keyframe_2,1.0
Fast-FoundationStereo,dataset_7_keyframe_2,0.9971313826735514
Fast-FoundationStereo,dataset_7_keyframe_2,0.9977220956719818
Fast-FoundationStereo,dataset_7_keyframe_2,0.9964328180737217
Fast-FoundationStereo,dataset_7_keyframe_2,0.9942096120440069
Fast-FoundationStereo,dataset_7_keyframe_2,0.989330171902786
Fast-FoundationStereo,dataset_7_keyframe_2,0.9917929292929293
Fast-FoundationStereo,dataset_7_keyframe_2,0.9816633922724296
Fast-FoundationStereo,dataset_7_keyframe_2,0.9851951547779273
Fast-FoundationStereo,dataset_7_keyframe_2,0.9800995024875622
Fast-FoundationStereo,dataset_7_keyframe_2,0.9848156182212582
Fast-FoundationStereo,dataset_7_keyframe_2,0.978978978978979
Fast-FoundationStereo,dataset_7_keyframe_2,0.975187969924812
Fast-FoundationStereo,dataset_7_keyframe_2,0.9837837837837838
Fast-FoundationStereo,dataset_7_keyframe_2,0.9883720930232558
Fast-FoundationStereo,dataset_7_keyframe_2,1.0
Fast-FoundationStereo,dataset_7_keyframe_2,1.0
Fast-FoundationStereo,dataset_7_keyframe_2,1.0
Fast-FoundationStereo,dataset_7_keyframe_2,1.0
Fast-FoundationStereo,dataset_7_keyframe_2,1.0
Fast-FoundationStereo,dataset_7_keyframe_2,1.0
Fast-FoundationStereo,dataset_7_keyframe_2,1.0
Fast-FoundationStereo,dataset_7_keyframe_2,1.0
Fast-FoundationStereo,dataset_7_keyframe_2,1.0
Fast-FoundationStereo,dataset_7_keyframe_2,1.0
Fast-FoundationStereo,dataset_7_keyframe_2,1.0
Fast-FoundationStereo,dataset_7_keyframe_2,1.0
Fast-FoundationStereo,dataset_7_keyframe_2,1.0
Fast-FoundationStereo,dataset_7_keyframe_2,1.0
Fast-FoundationStereo,dataset_7_keyframe_2,1.0
Fast-FoundationStereo,dataset_7_keyframe_2,1.0
Fast-FoundationStereo,dataset_7_keyframe_2,1.0
Fast-FoundationStereo,dataset_7_keyframe_2,1.0
Fast-FoundationStereo,dataset_7_keyframe_2,1.0
Fast-FoundationStereo,dataset_7_keyframe_2,1.0
Fast-FoundationStereo,dataset_7_keyframe_2,1.0
Fast-FoundationStereo,dataset_7_keyframe_2,1.0
Fast-FoundationStereo,dataset_7_keyframe_2,1.0
Fast-FoundationStereo,dataset_7_keyframe_2,1.0
Fast-FoundationStereo,dataset_7_keyframe_2,1.0
Fast-FoundationStereo,dataset_7_keyframe_2,1.0
Fast-FoundationStereo,dataset_7_keyframe_2,1.0
Fast-FoundationStereo,dataset_7_keyframe_2,1.0
Fast-FoundationStereo,dataset_7_keyframe_2,1.0
Fast-FoundationStereo,dataset_7_keyframe_2,1.0
Fast-FoundationStereo,dataset_7_keyframe_2,1.0
Fast-FoundationStereo,dataset_7_keyframe_2,1.0
Fast-FoundationStereo,dataset_7_keyframe_2,1.0
Fast-FoundationStereo,dataset_7_keyframe_2,1.0
Fast-FoundationStereo,dataset_7_keyframe_2,1.0
Fast-FoundationStereo,dataset_7_keyframe_2,1.0
Fast-FoundationStereo,dataset_7_keyframe_2,1.0
Fast-FoundationStereo,dataset_7_keyframe_2,1.0
Fast-FoundationStereo,dataset_7_keyframe_2,1.0
Fast-FoundationStereo,dataset_7_keyframe_2,1.0
Fast-FoundationStereo,dataset_7_keyframe_2,1.0
Fast-FoundationStereo,dataset_7_keyframe_2,1.0
Fast-FoundationStereo,dataset_7_keyframe_2,1.0
Fast-FoundationStereo,dataset_7_keyframe_2,1.0
Fast-FoundationStereo,dataset_7_keyframe_2,1.0
Fast-FoundationStereo,dataset_7_keyframe_2,1.0
Fast-FoundationStereo,dataset_7_keyframe_2,1.0
Fast-FoundationStereo,dataset_7_keyframe_2,1.0
Fast-FoundationStereo,dataset_7_keyframe_2,1.0
Fast-FoundationStereo,dataset_7_keyframe_2,1.0
Fast-FoundationStereo,dataset_7_keyframe_2,1.0
Fast-FoundationStereo,dataset_7_keyframe_2,1.0
Fast-FoundationStereo,dataset_7_keyframe_2,1.0
Fast-FoundationStereo,dataset_7_keyframe_2,1.0
Fast-FoundationStereo,dataset_7_keyframe_2,1.0
Fast-FoundationStereo,dataset_7_keyframe_2,1.0
Fast-FoundationStereo,dataset_7_keyframe_2,1.0
Fast-FoundationStereo,dataset_7_keyframe_2,1.0
Fast-FoundationStereo,dataset_7_keyframe_2,1.0
Fast-FoundationStereo,dataset_7_keyframe_2,1.0
Fast-FoundationStereo,dataset_7_keyframe_2,1.0
Fast-FoundationStereo,dataset_7_keyframe_2,1.0
Fast-FoundationStereo,dataset_7_keyframe_2,1.0
Fast-FoundationStereo,dataset_7_keyframe_2,1.0
Fast-FoundationStereo,dataset_7_keyframe_2,1.0
Fast-FoundationStereo,dataset_7_keyframe_2,1.0
Fast-FoundationStereo,dataset_7_keyframe_2,1.0
Fast-FoundationStereo,dataset_7_keyframe_2,1.0
Fast-FoundationStereo,dataset_7_keyframe_2,1.0
Fast-FoundationStereo,dataset_7_keyframe_2,1.0
Fast-FoundationStereo,dataset_7_keyframe_2,1.0
Fast-FoundationStereo,dataset_7_keyframe_2,1.0
Fast-FoundationStereo,dataset_7_keyframe_2,1.0
Fast-FoundationStereo,dataset_7_keyframe_2,1.0
Fast-FoundationStereo,dataset_7_keyframe_2,1.0
Fast-FoundationStereo,dataset_7_keyframe_2,1.0
Fast-FoundationStereo,dataset_7_keyframe_2,1.0
Fast-FoundationStereo,dataset_7_keyframe_2,1.0
Fast-FoundationStereo,dataset_7_keyframe_2,1.0
Fast-FoundationStereo,dataset_7_keyframe_2,1.0
Fast-FoundationStereo,dataset_7_keyframe_2,1.0
Fast-FoundationStereo,dataset_7_keyframe_2,0.0
Fast-FoundationStereo,dataset_7_keyframe_2,1.0
Fast-FoundationStereo,dataset_7_keyframe_2,1.0
Fast-FoundationStereo,dataset_7_keyframe_2,0.0
Fast-FoundationStereo,dataset_7_keyframe_2,0.0
Fast-FoundationStereo,dataset_7_keyframe_2,0.0
Fast-FoundationStereo,dataset_7_keyframe_2,0.0
Fast-FoundationStereo,dataset_7_keyframe_2,0.0
Fast-FoundationStereo,dataset_7_keyframe_2,0.0
Fast-FoundationStereo,dataset_7_keyframe_2,1.0
Fast-FoundationStereo,dataset_7_keyframe_2,1.0
Fast-FoundationStereo,dataset_7_keyframe_2,0.0
Fast-FoundationStereo,dataset_7_keyframe_2,1.0
Fast-FoundationStereo,dataset_7_keyframe_2,1.0
Fast-FoundationStereo,dataset_7_keyframe_2,0.0
Fast-FoundationStereo,dataset_7_keyframe_2,1.0
Fast-FoundationStereo,dataset_7_keyframe_2,0.0
Fast-FoundationStereo,dataset_7_keyframe_2,1.0
Fast-FoundationStereo,dataset_7_keyframe_2,0.0
Fast-FoundationStereo,dataset_7_keyframe_2,0.0
Fast-FoundationStereo,dataset_7_keyframe_2,1.0
Fast-FoundationStereo,dataset_7_keyframe_2,0.0
Fast-FoundationStereo,dataset_7_keyframe_2,0.0
Fast-FoundationStereo,dataset_7_keyframe_2,0.0
Fast-FoundationStereo,dataset_7_keyframe_2,0.0
Fast-FoundationStereo,dataset_7_keyframe_2,1.0
Fast-FoundationStereo,dataset_7_keyframe_2,0.0
Fast-FoundationStereo,dataset_7_keyframe_2,0.0
Fast-FoundationStereo,dataset_7_keyframe_2,0.0
Fast-FoundationStereo,dataset_7_keyframe_2,0.0
Fast-FoundationStereo,dataset_7_keyframe_2,0.0
Fast-FoundationStereo,dataset_7_keyframe_2,0.0
Fast-FoundationStereo,dataset_7_keyframe_2,0.0
Fast-FoundationStereo,dataset_7_keyframe_2,0.0
Fast-FoundationStereo,dataset_7_keyframe_2,0.0
Fast-FoundationStereo,dataset_7_keyframe_2,1.0
Fast-FoundationStereo,dataset_7_keyframe_2,0.0
Fast-FoundationStereo,dataset_7_keyframe_2,1.0
Fast-FoundationStereo,dataset_7_keyframe_2,0.0
Fast-FoundationStereo,dataset_7_keyframe_2,0.0
Fast-FoundationStereo,dataset_7_keyframe_2,0.0
Fast-FoundationStereo,dataset_7_keyframe_2,0.0
Fast-FoundationStereo,dataset_7_keyframe_2,0.0
Fast-FoundationStereo,dataset_7_keyframe_2,0.0
Fast-FoundationStereo,dataset_7_keyframe_2,0.0
Fast-FoundationStereo,dataset_7_keyframe_2,1.0
Fast-FoundationStereo,dataset_7_keyframe_2,0.0
Fast-FoundationStereo,dataset_7_keyframe_2,0.0
Fast-FoundationStereo,dataset_7_keyframe_2,0.0
Fast-FoundationStereo,dataset_7_keyframe_2,0.0
Fast-FoundationStereo,dataset_7_keyframe_2,0.0
Fast-FoundationStereo,dataset_7_keyframe_2,0.0
Fast-FoundationStereo,dataset_7_keyframe_2,0.0
Fast-FoundationStereo,dataset_7_keyframe_2,1.0
Fast-FoundationStereo,dataset_7_keyframe_2,0.0
Fast-FoundationStereo,dataset_7_keyframe_2,0.0
Fast-FoundationStereo,dataset_7_keyframe_2,0.0
Fast-FoundationStereo,dataset_7_keyframe_2,0.0
Fast-FoundationStereo,dataset_7_keyframe_2,0.0
Fast-FoundationStereo,dataset_7_keyframe_2,0.0
Fast-FoundationStereo,dataset_7_keyframe_2,0.0
Fast-FoundationStereo,dataset_7_keyframe_2,0.0
Fast-FoundationStereo,dataset_7_keyframe_2,0.0
Fast-FoundationStereo,dataset_7_keyframe_2,0.0
Fast-FoundationStereo,dataset_7_keyframe_2,0.0
Fast-FoundationStereo,dataset_7_keyframe_2,0.0
Fast-FoundationStereo,dataset_7_keyframe_2,0.0
Fast-FoundationStereo,dataset_7_keyframe_2,1.0
Fast-FoundationStereo,dataset_7_keyframe_2,0.0
Fast-FoundationStereo,dataset_7_keyframe_2,0.0
Fast-FoundationStereo,dataset_7_keyframe_2,0.0
Fast-FoundationStereo,dataset_7_keyframe_2,0.0
Fast-FoundationStereo,dataset_7_keyframe_2,0.0
Fast-FoundationStereo,dataset_7_keyframe_2,0.0
Fast-FoundationStereo,dataset_7_keyframe_2,0.0
Fast-FoundationStereo,dataset_7_keyframe_2,0.0
Fast-FoundationStereo,dataset_7_keyframe_2,0.0
Fast-FoundationStereo,dataset_7_keyframe_2,0.0
Fast-FoundationStereo,dataset_7_keyframe_2,0.0
Fast-FoundationStereo,dataset_7_keyframe_2,0.0
Fast-FoundationStereo,dataset_7_keyframe_2,0.0
Fast-FoundationStereo,dataset_7_keyframe_2,0.0
Fast-FoundationStereo,dataset_7_keyframe_2,0.0
Fast-FoundationStereo,dataset_7_keyframe_2,0.0
Fast-FoundationStereo,dataset_7_keyframe_2,0.0
Fast-FoundationStereo,dataset_7_keyframe_2,0.0
Fast-FoundationStereo,dataset_7_keyframe_2,0.0
Fast-FoundationStereo,dataset_7_keyframe_2,0.0
Fast-FoundationStereo,dataset_7_keyframe_2,0.0
Fast-FoundationStereo,dataset_7_keyframe_2,0.0
Fast-FoundationStereo,dataset_7_keyframe_2,0.0
Fast-FoundationStereo,dataset_7_keyframe_2,0.0
Fast-FoundationStereo,dataset_7_keyframe_2,0.0
Fast-FoundationStereo,dataset_7_keyframe_2,0.0
Fast-FoundationStereo,dataset_7_keyframe_2,0.0
Fast-FoundationStereo,dataset_7_keyframe_2,0.0
Fast-FoundationStereo,dataset_7_keyframe_2,0.0
Fast-FoundationStereo,dataset_7_keyframe_2,0.0
Fast-FoundationStereo,dataset_7_keyframe_2,0.0
Fast-FoundationStereo,dataset_7_keyframe_2,0.0
Fast-FoundationStereo,dataset_7_keyframe_2,0.0
Fast-FoundationStereo,dataset_7_keyframe_2,0.0
Fast-FoundationStereo,dataset_7_keyframe_2,0.0
Fast-FoundationStereo,dataset_7_keyframe_2,0.0
Fast-FoundationStereo,dataset_7_keyframe_2,0.0
Fast-FoundationStereo,dataset_7_keyframe_2,0.0
Fast-FoundationStereo,dataset_7_keyframe_2,0.0
Fast-FoundationStereo,dataset_7_keyframe_2,0.0
Fast-FoundationStereo,dataset_7_keyframe_2,0.0
Fast-FoundationStereo,dataset_7_keyframe_2,0.0
Fast-FoundationStereo,dataset_7_keyframe_2,0.0
Fast-FoundationStereo,dataset_7_keyframe_2,0.0
Fast-FoundationStereo,dataset_7_keyframe_2,0.0
Fast-FoundationStereo,dataset_7_keyframe_2,0.0
Fast-FoundationStereo,dataset_7_keyframe_2,0.0
Fast-FoundationStereo,dataset_7_keyframe_2,0.0
Fast-FoundationStereo,dataset_7_keyframe_2,0.0
Fast-FoundationStereo,dataset_7_keyframe_2,0.0
Fast-FoundationStereo,dataset_7_keyframe_2,0.0
Fast-FoundationStereo,dataset_7_keyframe_2,0.0
Fast-FoundationStereo,dataset_7_keyframe_2,0.0
Fast-FoundationStereo,dataset_7_keyframe_2,0.0
Fast-FoundationStereo,dataset_7_keyframe_2,0.0
Fast-FoundationStereo,dataset_7_keyframe_2,0.0
Fast-FoundationStereo,dataset_7_keyframe_2,0.0
Fast-FoundationStereo,dataset_7_keyframe_2,0.0
Fast-FoundationStereo,dataset_7_keyframe_2,0.0
Fast-FoundationStereo,dataset_7_keyframe_2,0.0
Fast-FoundationStereo,dataset_7_keyframe_2,0.0
Fast-FoundationStereo,dataset_7_keyframe_2,0.0
Fast-FoundationStereo,dataset_7_keyframe_2,0.0
Fast-FoundationStereo,dataset_7_keyframe_2,0.0
Fast-FoundationStereo,dataset_7_keyframe_2,0.0
Fast-FoundationStereo,dataset_7_keyframe_2,0.0
Fast-FoundationStereo,dataset_7_keyframe_2,0.0
Fast-FoundationStereo,dataset_7_keyframe_2,0.0
Fast-FoundationStereo,dataset_7_keyframe_2,0.0
Fast-FoundationStereo,dataset_7_keyframe_2,0.0
Fast-FoundationStereo,dataset_7_keyframe_2,0.0
Fast-FoundationStereo,dataset_7_keyframe_2,0.0
Fast-FoundationStereo,dataset_7_keyframe_2,0.0
Fast-FoundationStereo,dataset_7_keyframe_2,0.0
Fast-FoundationStereo,dataset_7_keyframe_2,0.0
Fast-FoundationStereo,dataset_7_keyframe_2,0.0
Fast-FoundationStereo,dataset_7_keyframe_2,0.0
Fast-FoundationStereo,dataset_7_keyframe_2,0.0
Fast-FoundationStereo,dataset_7_keyframe_2,0.0
Fast-FoundationStereo,dataset_7_keyframe_2,0.0
Fast-FoundationStereo,dataset_7_keyframe_2,0.0
Fast-FoundationStereo,dataset_7_keyframe_2,0.0
Fast-FoundationStereo,dataset_7_keyframe_2,0.0
Fast-FoundationStereo,dataset_7_keyframe_2,0.0
Fast-FoundationStereo,dataset_7_keyframe_2,0.0
Fast-FoundationStereo,dataset_7_keyframe_2,0.0
Fast-FoundationStereo,dataset_7_keyframe_2,0.0
Fast-FoundationStereo,dataset_7_keyframe_2,0.0
Fast-FoundationStereo,dataset_7_keyframe_2,0.0
Fast-FoundationStereo,dataset_7_keyframe_2,0.0
Fast-FoundationStereo,dataset_7_keyframe_2,0.0
Fast-FoundationStereo,dataset_7_keyframe_2,0.0
Fast-FoundationStereo,dataset_7_keyframe_2,0.0
Fast-FoundationStereo,dataset_7_keyframe_2,0.0
Fast-FoundationStereo,dataset_7_keyframe_2,0.0
Fast-FoundationStereo,dataset_7_keyframe_2,0.0
Fast-FoundationStereo,dataset_7_keyframe_2,0.0
Fast-FoundationStereo,dataset_7_keyframe_2,0.0
Fast-FoundationStereo,dataset_7_keyframe_2,0.0
Fast-FoundationStereo,dataset_7_keyframe_2,0.0
Fast-FoundationStereo,dataset_7_keyframe_2,0.0
Fast-FoundationStereo,dataset_7_keyframe_2,0.0
Fast-FoundationStereo,dataset_7_keyframe_2,0.0
Fast-FoundationStereo,dataset_7_keyframe_2,0.0
Fast-FoundationStereo,dataset_7_keyframe_2,0.0
Fast-FoundationStereo,dataset_7_keyframe_2,0.0
Fast-FoundationStereo,dataset_7_keyframe_2,0.0
Fast-FoundationStereo,dataset_7_keyframe_2,0.0
Fast-FoundationStereo,dataset_7_keyframe_2,0.0
Fast-FoundationStereo,dataset_7_keyframe_2,0.0
Fast-FoundationStereo,dataset_7_keyframe_2,0.0
Fast-FoundationStereo,dataset_7_keyframe_2,0.0
Fast-FoundationStereo,dataset_7_keyframe_2,0.0
Fast-FoundationStereo,dataset_7_keyframe_2,0.0
Fast-FoundationStereo,dataset_7_keyframe_2,0.0
Fast-FoundationStereo,dataset_7_keyframe_2,0.0
Fast-FoundationStereo,dataset_7_keyframe_2,0.0
Fast-FoundationStereo,dataset_7_keyframe_2,0.0
Fast-FoundationStereo,dataset_7_keyframe_2,0.0
Fast-FoundationStereo,dataset_7_keyframe_2,1.0
Fast-FoundationStereo,dataset_7_keyframe_2,0.0
Fast-FoundationStereo,dataset_7_keyframe_2,1.0
Fast-FoundationStereo,dataset_7_keyframe_2,0.0
Fast-FoundationStereo,dataset_7_keyframe_2,0.0
Fast-FoundationStereo,dataset_7_keyframe_2,0.0
Fast-FoundationStereo,dataset_7_keyframe_2,0.0
Fast-FoundationStereo,dataset_7_keyframe_2,0.0
Fast-FoundationStereo,dataset_7_keyframe_2,0.0
Fast-FoundationStereo,dataset_7_keyframe_2,0.0
Fast-FoundationStereo,dataset_7_keyframe_2,0.0
Fast-FoundationStereo,dataset_7_keyframe_2,0.0
Fast-FoundationStereo,dataset_7_keyframe_2,0.0
Fast-FoundationStereo,dataset_7_keyframe_2,0.0
Fast-FoundationStereo,dataset_7_keyframe_2,0.0
Fast-FoundationStereo,dataset_7_keyframe_2,0.0
Fast-FoundationStereo,dataset_7_keyframe_2,0.0
Fast-FoundationStereo,dataset_7_keyframe_2,1.0
Fast-FoundationStereo,dataset_7_keyframe_2,0.0
Fast-FoundationStereo,dataset_7_keyframe_2,0.0
Fast-FoundationStereo,dataset_7_keyframe_2,0.0
Fast-FoundationStereo,dataset_7_keyframe_2,0.0
Fast-FoundationStereo,dataset_7_keyframe_2,0.0
Fast-FoundationStereo,dataset_7_keyframe_2,0.0
Fast-FoundationStereo,dataset_7_keyframe_2,0.0
Fast-FoundationStereo,dataset_7_keyframe_2,0.0
Fast-FoundationStereo,dataset_7_keyframe_2,1.0
Fast-FoundationStereo,dataset_7_keyframe_2,0.0
Fast-FoundationStereo,dataset_7_keyframe_2,1.0
Fast-FoundationStereo,dataset_7_keyframe_2,1.0
Fast-FoundationStereo,dataset_7_keyframe_2,1.0
Fast-FoundationStereo,dataset_7_keyframe_2,0.0
Fast-FoundationStereo,dataset_7_keyframe_2,1.0
Fast-FoundationStereo,dataset_7_keyframe_2,0.0
Fast-FoundationStereo,dataset_7_keyframe_2,1.0
Fast-FoundationStereo,dataset_7_keyframe_2,1.0
Fast-FoundationStereo,dataset_7_keyframe_2,1.0
Fast-FoundationStereo,dataset_7_keyframe_2,1.0
Fast-FoundationStereo,dataset_7_keyframe_2,1.0
Fast-FoundationStereo,dataset_7_keyframe_2,1.0
Fast-FoundationStereo,dataset_7_keyframe_2,1.0
Fast-FoundationStereo,dataset_7_keyframe_2,1.0
Fast-FoundationStereo,dataset_7_keyframe_2,1.0
Fast-FoundationStereo,dataset_7_keyframe_2,1.0
Fast-FoundationStereo,dataset_7_keyframe_2,1.0
Fast-FoundationStereo,dataset_7_keyframe_2,1.0
Fast-FoundationStereo,dataset_7_keyframe_2,1.0
Fast-FoundationStereo,dataset_7_keyframe_2,1.0
Fast-FoundationStereo,dataset_7_keyframe_2,1.0
Fast-FoundationStereo,dataset_7_keyframe_2,1.0
Fast-FoundationStereo,dataset_7_keyframe_2,1.0
Fast-FoundationStereo,dataset_7_keyframe_2,1.0
Fast-FoundationStereo,dataset_7_keyframe_2,1.0
Fast-FoundationStereo,dataset_7_keyframe_2,1.0
Fast-FoundationStereo,dataset_7_keyframe_2,1.0
Fast-FoundationStereo,dataset_7_keyframe_2,1.0
Fast-FoundationStereo,dataset_7_keyframe_2,0.0
Fast-FoundationStereo,dataset_7_keyframe_2,1.0
Fast-FoundationStereo,dataset_7_keyframe_2,1.0
Fast-FoundationStereo,dataset_7_keyframe_2,1.0
Fast-FoundationStereo,dataset_7_keyframe_2,1.0
Fast-FoundationStereo,dataset_7_keyframe_2,1.0
Fast-FoundationStereo,dataset_7_keyframe_2,1.0
Fast-FoundationStereo,dataset_7_keyframe_2,1.0
Fast-FoundationStereo,dataset_7_keyframe_2,1.0
Fast-FoundationStereo,dataset_7_keyframe_2,1.0
Fast-FoundationStereo,dataset_7_keyframe_2,1.0
Fast-FoundationStereo,dataset_7_keyframe_2,1.0
Fast-FoundationStereo,dataset_7_keyframe_2,1.0
Fast-FoundationStereo,dataset_7_keyframe_2,1.0
Fast-FoundationStereo,dataset_7_keyframe_2,1.0
Fast-FoundationStereo,dataset_7_keyframe_2,1.0
Fast-FoundationStereo,dataset_7_keyframe_2,1.0
Fast-FoundationStereo,dataset_7_keyframe_2,1.0
Fast-FoundationStereo,dataset_7_keyframe_2,1.0
Fast-FoundationStereo,dataset_7_keyframe_2,1.0
Fast-FoundationStereo,dataset_7_keyframe_2,1.0
Fast-FoundationStereo,dataset_7_keyframe_2,1.0
Fast-FoundationStereo,dataset_7_keyframe_2,0.0
Fast-FoundationStereo,dataset_7_keyframe_2,0.0
Fast-FoundationStereo,dataset_7_keyframe_2,0.0
Fast-FoundationStereo,dataset_7_keyframe_2,0.0
Fast-FoundationStereo,dataset_7_keyframe_2,0.0
Fast-FoundationStereo,dataset_7_keyframe_2,0.0
Fast-FoundationStereo,dataset_7_keyframe_2,0.0
Fast-FoundationStereo,dataset_7_keyframe_2,0.0
Fast-FoundationStereo,dataset_7_keyframe_2,0.0
Fast-FoundationStereo,dataset_7_keyframe_2,0.0
Fast-FoundationStereo,dataset_7_keyframe_2,0.0
Fast-FoundationStereo,dataset_7_keyframe_2,0.0
Fast-FoundationStereo,dataset_7_keyframe_2,0.0
Fast-FoundationStereo,dataset_7_keyframe_2,0.0
Fast-FoundationStereo,dataset_7_keyframe_2,0.0
Fast-FoundationStereo,dataset_7_keyframe_2,0.0
Fast-FoundationStereo,dataset_7_keyframe_2,0.0
Fast-FoundationStereo,dataset_7_keyframe_2,0.0
Fast-FoundationStereo,dataset_7_keyframe_2,0.0
Fast-FoundationStereo,dataset_7_keyframe_2,0.0
Fast-FoundationStereo,dataset_7_keyframe_2,0.0
Fast-FoundationStereo,dataset_7_keyframe_2,0.0
Fast-FoundationStereo,dataset_7_keyframe_2,0.0
Fast-FoundationStereo,dataset_7_keyframe_2,0.0
Fast-FoundationStereo,dataset_7_keyframe_2,0.0
Fast-FoundationStereo,dataset_7_keyframe_2,0.0
Fast-FoundationStereo,dataset_7_keyframe_2,0.0
Fast-FoundationStereo,dataset_7_keyframe_2,0.0
Fast-FoundationStereo,dataset_7_keyframe_2,0.0
Fast-FoundationStereo,dataset_7_keyframe_2,0.0
Fast-FoundationStereo,dataset_7_keyframe_2,0.0
Fast-FoundationStereo,dataset_7_keyframe_2,0.0
Fast-FoundationStereo,dataset_7_keyframe_2,0.0
Fast-FoundationStereo,dataset_7_keyframe_2,0.0
Fast-FoundationStereo,dataset_7_keyframe_2,0.0
Fast-FoundationStereo,dataset_7_keyframe_2,0.0
Fast-FoundationStereo,dataset_7_keyframe_2,0.0
Fast-FoundationStereo,dataset_7_keyframe_2,0.0
Fast-FoundationStereo,dataset_7_keyframe_2,0.0
Fast-FoundationStereo,dataset_7_keyframe_2,0.0
Fast-FoundationStereo,dataset_7_keyframe_2,0.0
Fast-FoundationStereo,dataset_7_keyframe_2,0.0
Fast-FoundationStereo,dataset_7_keyframe_2,0.0
Fast-FoundationStereo,dataset_7_keyframe_2,0.0
Fast-FoundationStereo,dataset_7_keyframe_2,0.0
Fast-FoundationStereo,dataset_7_keyframe_2,0.0
Fast-FoundationStereo,dataset_7_keyframe_2,0.0
Fast-FoundationStereo,dataset_7_keyframe_2,0.0
Fast-FoundationStereo,dataset_7_keyframe_2,0.0
Fast-FoundationStereo,dataset_7_keyframe_2,0.0
Fast-FoundationStereo,dataset_7_keyframe_2,0.0
Fast-FoundationStereo,dataset_7_keyframe_2,0.0
Fast-FoundationStereo,dataset_7_keyframe_2,0.0
Fast-FoundationStereo,dataset_7_keyframe_2,0.0
Fast-FoundationStereo,dataset_7_keyframe_2,0.0
Fast-FoundationStereo,dataset_7_keyframe_2,0.0
Fast-FoundationStereo,dataset_7_keyframe_2,0.0
Fast-FoundationStereo,dataset_7_keyframe_2,0.0
Fast-FoundationStereo,dataset_7_keyframe_2,0.0
Fast-FoundationStereo,dataset_7_keyframe_2,0.0
Fast-FoundationStereo,dataset_7_keyframe_2,0.0
Fast-FoundationStereo,dataset_7_keyframe_2,0.0
Fast-FoundationStereo,dataset_7_keyframe_2,0.0
Fast-FoundationStereo,dataset_7_keyframe_2,0.0
Fast-FoundationStereo,dataset_7_keyframe_2,0.0
Fast-FoundationStereo,dataset_7_keyframe_2,0.0
Fast-FoundationStereo,dataset_7_keyframe_2,0.0
Fast-FoundationStereo,dataset_7_keyframe_2,0.0
Fast-FoundationStereo,dataset_7_keyframe_2,0.0
Fast-FoundationStereo,dataset_7_keyframe_2,0.0
Fast-FoundationStereo,dataset_7_keyframe_2,0.0
Fast-FoundationStereo,dataset_7_keyframe_2,0.0
Fast-FoundationStereo,dataset_7_keyframe_2,0.0
Fast-FoundationStereo,dataset_7_keyframe_2,0.0
Fast-FoundationStereo,dataset_7_keyframe_2,0.0
Fast-FoundationStereo,dataset_7_keyframe_2,0.0
Fast-FoundationStereo,dataset_7_keyframe_2,0.0
Fast-FoundationStereo,dataset_7_keyframe_2,0.0
Fast-FoundationStereo,dataset_7_keyframe_2,0.0
Fast-FoundationStereo,dataset_7_keyframe_2,0.0
Fast-FoundationStereo,dataset_7_keyframe_2,0.0
Fast-FoundationStereo,dataset_7_keyframe_2,0.0
Fast-FoundationStereo,dataset_7_keyframe_2,0.6666666666666666
Fast-FoundationStereo,dataset_7_keyframe_2,0.0
Fast-FoundationStereo,dataset_7_keyframe_2,0.25
Fast-FoundationStereo,dataset_7_keyframe_2,0.0
Fast-FoundationStereo,dataset_7_keyframe_2,0.0
Fast-FoundationStereo,dataset_7_keyframe_2,0.08333333333333333
Fast-FoundationStereo,dataset_7_keyframe_2,0.15384615384615385
Fast-FoundationStereo,dataset_7_keyframe_2,0.11764705882352941
Fast-FoundationStereo,dataset_7_keyframe_2,0.17647058823529413
Fast-FoundationStereo,dataset_7_keyframe_2,0.16666666666666666
Fast-FoundationStereo,dataset_7_keyframe_2,0.375
Fast-FoundationStereo,dataset_7_keyframe_2,0.5652173913043478
Fast-FoundationStereo,dataset_7_keyframe_2,0.6842105263157895
Fast-FoundationStereo,dataset_7_keyframe_2,0.6428571428571429
Fast-FoundationStereo,dataset_7_keyframe_2,0.5714285714285714
Fast-FoundationStereo,dataset_7_keyframe_2,0.4117647058823529
Fast-FoundationStereo,dataset_7_keyframe_2,0.625
Fast-FoundationStereo,dataset_7_keyframe_2,0.29411764705882354
Fast-FoundationStereo,dataset_7_keyframe_2,0.4166666666666667
Fast-FoundationStereo,dataset_7_keyframe_2,0.4
Fast-FoundationStereo,dataset_7_keyframe_2,0.3181818181818182
Fast-FoundationStereo,dataset_7_keyframe_2,0.4642857142857143
Fast-FoundationStereo,dataset_7_keyframe_2,0.43478260869565216
Fast-FoundationStereo,dataset_7_keyframe_2,0.35294117647058826
Fast-FoundationStereo,dataset_7_keyframe_2,0.5238095238095238
Fast-FoundationStereo,dataset_7_keyframe_2,0.3333333333333333
Fast-FoundationStereo,dataset_7_keyframe_2,0.5
Fast-FoundationStereo,dataset_7_keyframe_2,0.6666666666666666
Fast-FoundationStereo,dataset_7_keyframe_2,0.7083333333333334
Fast-FoundationStereo,dataset_7_keyframe_2,0.8181818181818182
Fast-FoundationStereo,dataset_7_keyframe_2,0.8571428571428571
Fast-FoundationStereo,dataset_7_keyframe_2,0.7894736842105263
Fast-FoundationStereo,dataset_7_keyframe_2,0.8333333333333334
Fast-FoundationStereo,dataset_7_keyframe_2,0.9411764705882353
Fast-FoundationStereo,dataset_7_keyframe_2,1.0
Fast-FoundationStereo,dataset_7_keyframe_2,1.0
Fast-FoundationStereo,dataset_7_keyframe_2,1.0
Fast-FoundationStereo,dataset_7_keyframe_2,1.0
Fast-FoundationStereo,dataset_7_keyframe_2,1.0
Fast-FoundationStereo,dataset_7_keyframe_2,1.0
Fast-FoundationStereo,dataset_7_keyframe_2,1.0
Fast-FoundationStereo,dataset_7_keyframe_2,1.0
Fast-FoundationStereo,dataset_7_keyframe_2,1.0
Fast-FoundationStereo,dataset_7_keyframe_2,1.0
Fast-FoundationStereo,dataset_7_keyframe_2,1.0
Fast-FoundationStereo,dataset_7_keyframe_2,1.0
Fast-FoundationStereo,dataset_7_keyframe_2,1.0
Fast-FoundationStereo,dataset_7_keyframe_2,0.9545454545454546
Fast-FoundationStereo,dataset_7_keyframe_2,1.0
Fast-FoundationStereo,dataset_7_keyframe_2,1.0
Fast-FoundationStereo,dataset_7_keyframe_2,1.0
Fast-FoundationStereo,dataset_7_keyframe_2,1.0
Fast-FoundationStereo,dataset_7_keyframe_2,1.0
Fast-FoundationStereo,dataset_7_keyframe_2,1.0
Fast-FoundationStereo,dataset_7_keyframe_2,1.0
Fast-FoundationStereo,dataset_7_keyframe_2,1.0
Fast-FoundationStereo,dataset_7_keyframe_2,1.0
Fast-FoundationStereo,dataset_7_keyframe_2,1.0
Fast-FoundationStereo,dataset_7_keyframe_2,1.0
Fast-FoundationStereo,dataset_7_keyframe_2,1.0
Fast-FoundationStereo,dataset_7_keyframe_2,1.0
Fast-FoundationStereo,dataset_7_keyframe_2,1.0
Fast-FoundationStereo,dataset_7_keyframe_2,1.0
Fast-FoundationStereo,dataset_7_keyframe_2,1.0
Fast-FoundationStereo,dataset_7_keyframe_2,1.0
Fast-FoundationStereo,dataset_7_keyframe_2,1.0
Fast-FoundationStereo,dataset_7_keyframe_2,1.0
Fast-FoundationStereo,dataset_7_keyframe_2,1.0
Fast-FoundationStereo,dataset_7_keyframe_2,1.0
Fast-FoundationStereo,dataset_7_keyframe_2,1.0
Fast-FoundationStereo,dataset_7_keyframe_2,1.0
Fast-FoundationStereo,dataset_7_keyframe_2,1.0
Fast-FoundationStereo,dataset_7_keyframe_2,1.0
Fast-FoundationStereo,dataset_7_keyframe_2,1.0
Fast-FoundationStereo,dataset_7_keyframe_2,1.0
Fast-FoundationStereo,dataset_7_keyframe_2,1.0
Fast-FoundationStereo,dataset_7_keyframe_2,1.0
Fast-FoundationStereo,dataset_7_keyframe_2,1.0
Fast-FoundationStereo,dataset_7_keyframe_2,1.0
Fast-FoundationStereo,dataset_7_keyframe_2,1.0
Fast-FoundationStereo,dataset_7_keyframe_2,1.0
Fast-FoundationStereo,dataset_7_keyframe_2,1.0
Fast-FoundationStereo,dataset_7_keyframe_2,1.0
Fast-FoundationStereo,dataset_7_keyframe_2,1.0
Fast-FoundationStereo,dataset_7_keyframe_2,1.0
Fast-FoundationStereo,dataset_7_keyframe_2,1.0
Fast-FoundationStereo,dataset_7_keyframe_2,1.0
Fast-FoundationStereo,dataset_7_keyframe_2,1.0
Fast-FoundationStereo,dataset_7_keyframe_2,1.0
Fast-FoundationStereo,dataset_7_keyframe_2,1.0
Fast-FoundationStereo,dataset_7_keyframe_2,1.0
Fast-FoundationStereo,dataset_7_keyframe_2,1.0
Fast-FoundationStereo,dataset_7_keyframe_2,1.0
Fast-FoundationStereo,dataset_7_keyframe_2,1.0
Fast-FoundationStereo,dataset_7_keyframe_2,1.0
Fast-FoundationStereo,dataset_7_keyframe_2,1.0
Fast-FoundationStereo,dataset_7_keyframe_2,1.0
Fast-FoundationStereo,dataset_7_keyframe_2,1.0
Fast-FoundationStereo,dataset_7_keyframe_2,1.0
Fast-FoundationStereo,dataset_7_keyframe_2,1.0
Fast-FoundationStereo,dataset_7_keyframe_2,1.0
Fast-FoundationStereo,dataset_7_keyframe_2,1.0
Fast-FoundationStereo,dataset_7_keyframe_2,1.0
Fast-FoundationStereo,dataset_7_keyframe_2,1.0
Fast-FoundationStereo,dataset_7_keyframe_2,1.0
Fast-FoundationStereo,dataset_7_keyframe_2,1.0
Fast-FoundationStereo,dataset_7_keyframe_2,0.0
Fast-FoundationStereo,dataset_7_keyframe_2,1.0
Fast-FoundationStereo,dataset_7_keyframe_2,1.0
Fast-FoundationStereo,dataset_7_keyframe_2,1.0
Fast-FoundationStereo,dataset_7_keyframe_2,0.0
Fast-FoundationStereo,dataset_7_keyframe_2,1.0
Fast-FoundationStereo,dataset_7_keyframe_2,0.0
Fast-FoundationStereo,dataset_7_keyframe_2,1.0
Fast-FoundationStereo,dataset_7_keyframe_2,0.0
Fast-FoundationStereo,dataset_7_keyframe_2,0.0
Fast-FoundationStereo,dataset_7_keyframe_2,1.0
Fast-FoundationStereo,dataset_7_keyframe_2,1.0
Fast-FoundationStereo,dataset_7_keyframe_2,1.0
Fast-FoundationStereo,dataset_7_keyframe_2,1.0
Fast-FoundationStereo,dataset_7_keyframe_2,0.375
Fast-FoundationStereo,dataset_7_keyframe_2,0.0
Fast-FoundationStereo,dataset_7_keyframe_2,1.0
Fast-FoundationStereo,dataset_7_keyframe_2,1.0
Fast-FoundationStereo,dataset_7_keyframe_2,0.0
Fast-FoundationStereo,dataset_7_keyframe_2,0.0
Fast-FoundationStereo,dataset_7_keyframe_2,0.0
Fast-FoundationStereo,dataset_7_keyframe_2,0.0
Fast-FoundationStereo,dataset_7_keyframe_2,0.0
CREStereo,dataset_7_keyframe_3,0.9826472962066183
CREStereo,dataset_7_keyframe_3,0.9835881610324029
CREStereo,dataset_7_keyframe_3,0.9848143136370471
CREStereo,dataset_7_keyframe_3,0.9866430640489218
CREStereo,dataset_7_keyframe_3,0.9883597883597883
CREStereo,dataset_7_keyframe_3,0.9897826490804384
CREStereo,dataset_7_keyframe_3,0.9884894991922456
CREStereo,dataset_7_keyframe_3,0.989628349178911
CREStereo,dataset_7_keyframe_3,0.9893060836501901
CREStereo,dataset_7_keyframe_3,0.9868046571798189
CREStereo,dataset_7_keyframe_3,0.9857621440536013
CREStereo,dataset_7_keyframe_3,0.9875959834613113
CREStereo,dataset_7_keyframe_3,0.9916460396039604
CREStereo,dataset_7_keyframe_3,0.9958145524790728
CREStereo,dataset_7_keyframe_3,0.9975845410628019
CREStereo,dataset_7_keyframe_3,0.9985845718329794
CREStereo,dataset_7_keyframe_3,0.9989462592202318
CREStereo,dataset_7_keyframe_3,1.0
CREStereo,dataset_7_keyframe_3,0.9990131578947369
CREStereo,dataset_7_keyframe_3,0.99967958987504
CREStereo,dataset_7_keyframe_3,0.9994107248084856
CREStereo,dataset_7_keyframe_3,0.9988594240091246
CREStereo,dataset_7_keyframe_3,0.999734113267748
CREStereo,dataset_7_keyframe_3,1.0
CREStereo,dataset_7_keyframe_3,0.9997555609875336
CREStereo,dataset_7_keyframe_3,1.0
CREStereo,dataset_7_keyframe_3,0.9982122905027933
CREStereo,dataset_7_keyframe_3,0.9931827865360034
CREStereo,dataset_7_keyframe_3,0.9987968718668538
CREStereo,dataset_7_keyframe_3,0.9919179972402917
CREStereo,dataset_7_keyframe_3,0.9901253323205469
CREStereo,dataset_7_keyframe_3,0.9888496561977328
CREStereo,dataset_7_keyframe_3,0.9834106314662862
CREStereo,dataset_7_keyframe_3,0.9776002778260114
CREStereo,dataset_7_keyframe_3,0.970552781126227
CREStereo,dataset_7_keyframe_3,0.9724957555178269
CREStereo,dataset_7_keyframe_3,0.9729370745475676
CREStereo,dataset_7_keyframe_3,0.9680194805194805
CREStereo,dataset_7_keyframe_3,0.9698137443802184
CREStereo,dataset_7_keyframe_3,0.9690851735015773
CREStereo,dataset_7_keyframe_3,0.9687741536558974
CREStereo,dataset_7_keyframe_3,0.9650435048084262
CREStereo,dataset_7_keyframe_3,0.955649419218585
CREStereo,dataset_7_keyframe_3,0.951562731447193
CREStereo,dataset_7_keyframe_3,0.9531295915368793
CREStereo,dataset_7_keyframe_3,0.9518755452166328
CREStereo,dataset_7_keyframe_3,0.9527989638796949
CREStereo,dataset_7_keyframe_3,0.9503485559823588
CREStereo,dataset_7_keyframe_3,0.9418817886866977
CREStereo,dataset_7_keyframe_3,0.9438796824954742
CREStereo,dataset_7_keyframe_3,0.9419121734296831
CREStereo,dataset_7_keyframe_3,0.9447590111863002
CREStereo,dataset_7_keyframe_3,0.9434450804033797
CREStereo,dataset_7_keyframe_3,0.9447611292073833
CREStereo,dataset_7_keyframe_3,0.9444444444444444
CREStereo,dataset_7_keyframe_3,0.9478494623655914
CREStereo,dataset_7_keyframe_3,0.9527463651050081
CREStereo,dataset_7_keyframe_3,0.9568025837706904
CREStereo,dataset_7_keyframe_3,0.9585401851603381
CREStereo,dataset_7_keyframe_3,0.9596526386105544
CREStereo,dataset_7_keyframe_3,0.9635437608899611
CREStereo,dataset_7_keyframe_3,0.963462316300391
CREStereo,dataset_7_keyframe_3,0.9661926482425544
CREStereo,dataset_7_keyframe_3,0.969371305749597
CREStereo,dataset_7_keyframe_3,0.9699167338168144
CREStereo,dataset_7_keyframe_3,0.9688381464069845
CREStereo,dataset_7_keyframe_3,0.9710632570659489
CREStereo,dataset_7_keyframe_3,0.9819407008086254
CREStereo,dataset_7_keyframe_3,0.9828887092427917
CREStereo,dataset_7_keyframe_3,0.9788503253796096
CREStereo,dataset_7_keyframe_3,0.9861852003829845
CREStereo,dataset_7_keyframe_3,0.9909489851892485
CREStereo,dataset_7_keyframe_3,0.9890710382513661
CREStereo,dataset_7_keyframe_3,0.9939260077305356
CREStereo,dataset_7_keyframe_3,0.9972168104647926
CREStereo,dataset_7_keyframe_3,0.9954198473282443
CREStereo,dataset_7_keyframe_3,0.99693550633793
CREStereo,dataset_7_keyframe_3,0.9994332672145083
CREStereo,dataset_7_keyframe_3,0.9991448118586089
CREStereo,dataset_7_keyframe_3,0.9991406473789745
CREStereo,dataset_7_keyframe_3,0.9988430947216197
CREStereo,dataset_7_keyframe_3,0.9923872450445275
CREStereo,dataset_7_keyframe_3,0.9963710262737698
CREStereo,dataset_7_keyframe_3,0.99489349285089
CREStereo,dataset_7_keyframe_3,0.9913400851313665
CREStereo,dataset_7_keyframe_3,0.991166077738516
CREStereo,dataset_7_keyframe_3,0.9922837216204184
CREStereo,dataset_7_keyframe_3,0.993182155031866
CREStereo,dataset_7_keyframe_3,1.0
CREStereo,dataset_7_keyframe_3,1.0
CREStereo,dataset_7_keyframe_3,1.0
CREStereo,dataset_7_keyframe_3,0.9878615315450322
CREStereo,dataset_7_keyframe_3,0.9815256257449344
CREStereo,dataset_7_keyframe_3,0.9669079627714581
CREStereo,dataset_7_keyframe_3,0.9554354178842782
CREStereo,dataset_7_keyframe_3,0.9390738060781476
CREStereo,dataset_7_keyframe_3,0.9230769230769231
CREStereo,dataset_7_keyframe_3,0.9102202145680407
CREStereo,dataset_7_keyframe_3,0.9035774175517048
CREStereo,dataset_7_keyframe_3,0.9013558384061982
CREStereo,dataset_7_keyframe_3,0.8965611727633922
CREStereo,dataset_7_keyframe_3,0.8919212491513917
CREStereo,dataset_7_keyframe_3,0.8963709677419355
CREStereo,dataset_7_keyframe_3,0.8976682211858761
CREStereo,dataset_7_keyframe_3,0.9007894736842105
CREStereo,dataset_7_keyframe_3,0.9027181688125894
CREStereo,dataset_7_keyframe_3,0.9045174537987679
CREStereo,dataset_7_keyframe_3,0.9050640944282269
CREStereo,dataset_7_keyframe_3,0.9035933391761612
CREStereo,dataset_7_keyframe_3,0.9128532133033258
CREStereo,dataset_7_keyframe_3,0.9287770684691451
CREStereo,dataset_7_keyframe_3,0.9409770187115408
CREStereo,dataset_7_keyframe_3,0.9571680524061477
CREStereo,dataset_7_keyframe_3,0.9697736183128873
CREStereo,dataset_7_keyframe_3,0.9810486418193304
CREStereo,dataset_7_keyframe_3,0.994663956295261
CREStereo,dataset_7_keyframe_3,0.9987200819147575
CREStereo,dataset_7_keyframe_3,1.0
CREStereo,dataset_7_keyframe_3,1.0
CREStereo,dataset_7_keyframe_3,1.0
CREStereo,dataset_7_keyframe_3,1.0
CREStereo,dataset_7_keyframe_3,1.0
CREStereo,dataset_7_keyframe_3,1.0
CREStereo,dataset_7_keyframe_3,1.0
CREStereo,dataset_7_keyframe_3,1.0
CREStereo,dataset_7_keyframe_3,1.0
CREStereo,dataset_7_keyframe_3,1.0
CREStereo,dataset_7_keyframe_3,1.0
CREStereo,dataset_7_keyframe_3,1.0
CREStereo,dataset_7_keyframe_3,1.0
CREStereo,dataset_7_keyframe_3,1.0
CREStereo,dataset_7_keyframe_3,1.0
CREStereo,dataset_7_keyframe_3,1.0
CREStereo,dataset_7_keyframe_3,1.0
CREStereo,dataset_7_keyframe_3,1.0
CREStereo,dataset_7_keyframe_3,1.0
CREStereo,dataset_7_keyframe_3,1.0
CREStereo,dataset_7_keyframe_3,1.0
CREStereo,dataset_7_keyframe_3,1.0
CREStereo,dataset_7_keyframe_3,1.0
CREStereo,dataset_7_keyframe_3,1.0
CREStereo,dataset_7_keyframe_3,1.0
CREStereo,dataset_7_keyframe_3,1.0
CREStereo,dataset_7_keyframe_3,1.0
CREStereo,dataset_7_keyframe_3,1.0
CREStereo,dataset_7_keyframe_3,1.0
CREStereo,dataset_7_keyframe_3,1.0
CREStereo,dataset_7_keyframe_3,1.0
CREStereo,dataset_7_keyframe_3,1.0
CREStereo,dataset_7_keyframe_3,1.0
CREStereo,dataset_7_keyframe_3,1.0
CREStereo,dataset_7_keyframe_3,1.0
CREStereo,dataset_7_keyframe_3,1.0
CREStereo,dataset_7_keyframe_3,1.0
CREStereo,dataset_7_keyframe_3,1.0
CREStereo,dataset_7_keyframe_3,1.0
CREStereo,dataset_7_keyframe_3,1.0
CREStereo,dataset_7_keyframe_3,1.0
CREStereo,dataset_7_keyframe_3,1.0
CREStereo,dataset_7_keyframe_3,1.0
CREStereo,dataset_7_keyframe_3,1.0
CREStereo,dataset_7_keyframe_3,1.0
CREStereo,dataset_7_keyframe_3,1.0
CREStereo,dataset_7_keyframe_3,1.0
CREStereo,dataset_7_keyframe_3,1.0
CREStereo,dataset_7_keyframe_3,1.0
CREStereo,dataset_7_keyframe_3,1.0
CREStereo,dataset_7_keyframe_3,1.0
CREStereo,dataset_7_keyframe_3,1.0
CREStereo,dataset_7_keyframe_3,1.0
CREStereo,dataset_7_keyframe_3,1.0
CREStereo,dataset_7_keyframe_3,1.0
CREStereo,dataset_7_keyframe_3,1.0
CREStereo,dataset_7_keyframe_3,1.0
CREStereo,dataset_7_keyframe_3,1.0
CREStereo,dataset_7_keyframe_3,1.0
CREStereo,dataset_7_keyframe_3,1.0
CREStereo,dataset_7_keyframe_3,1.0
CREStereo,dataset_7_keyframe_3,1.0
CREStereo,dataset_7_keyframe_3,1.0
CREStereo,dataset_7_keyframe_3,1.0
CREStereo,dataset_7_keyframe_3,1.0
CREStereo,dataset_7_keyframe_3,1.0
CREStereo,dataset_7_keyframe_3,1.0
CREStereo,dataset_7_keyframe_3,1.0
CREStereo,dataset_7_keyframe_3,0.9977007970570202
CREStereo,dataset_7_keyframe_3,0.9886902032706709
CREStereo,dataset_7_keyframe_3,0.9885670731707317
CREStereo,dataset_7_keyframe_3,0.9817656891049993
CREStereo,dataset_7_keyframe_3,0.975015142337977
CREStereo,dataset_7_keyframe_3,0.9650159018627896
CREStereo,dataset_7_keyframe_3,0.9602358633202298
CREStereo,dataset_7_keyframe_3,0.9610310841546627
CREStereo,dataset_7_keyframe_3,0.9489029155395251
CREStereo,dataset_7_keyframe_3,0.942848548653933
CREStereo,dataset_7_keyframe_3,0.9390316796174537
CREStereo,dataset_7_keyframe_3,0.9302637460885114
CREStereo,dataset_7_keyframe_3,0.9273966513557564
CREStereo,dataset_7_keyframe_3,0.9251840942562592
CREStereo,dataset_7_keyframe_3,0.9184902335144661
CREStereo,dataset_7_keyframe_3,0.9227398860814956
CREStereo,dataset_7_keyframe_3,0.920547147846333
CREStereo,dataset_7_keyframe_3,0.9228525594283215
CREStereo,dataset_7_keyframe_3,0.9201686782027046
CREStereo,dataset_7_keyframe_3,0.9130622215835609
CREStereo,dataset_7_keyframe_3,0.9136763222366335
CREStereo,dataset_7_keyframe_3,0.9149797570850202
CREStereo,dataset_7_keyframe_3,0.9156540385989993
CREStereo,dataset_7_keyframe_3,0.9275258323765786
CREStereo,dataset_7_keyframe_3,0.9377700950734659
CREStereo,dataset_7_keyframe_3,0.9596867749419954
CREStereo,dataset_7_keyframe_3,0.9790721498609688
CREStereo,dataset_7_keyframe_3,0.9896785608964908
CREStereo,dataset_7_keyframe_3,1.0
CREStereo,dataset_7_keyframe_3,1.0
CREStereo,dataset_7_keyframe_3,1.0
CREStereo,dataset_7_keyframe_3,0.9995405819295559
CREStereo,dataset_7_keyframe_3,0.9970854425525387
CREStereo,dataset_7_keyframe_3,0.9937375897357569
CREStereo,dataset_7_keyframe_3,0.9990806006742262
CREStereo,dataset_7_keyframe_3,0.9995396654902563
CREStereo,dataset_7_keyframe_3,1.0
CREStereo,dataset_7_keyframe_3,1.0
CREStereo,dataset_7_keyframe_3,1.0
CREStereo,dataset_7_keyframe_3,1.0
CREStereo,dataset_7_keyframe_3,1.0
CREStereo,dataset_7_keyframe_3,1.0
CREStereo,dataset_7_keyframe_3,1.0
CREStereo,dataset_7_keyframe_3,1.0
CREStereo,dataset_7_keyframe_3,1.0
CREStereo,dataset_7_keyframe_3,1.0
CREStereo,dataset_7_keyframe_3,1.0
CREStereo,dataset_7_keyframe_3,0.9985158800831108
CREStereo,dataset_7_keyframe_3,0.9974918855119504
CREStereo,dataset_7_keyframe_3,0.9973376719420204
CREStereo,dataset_7_keyframe_3,0.9985207100591716
CREStereo,dataset_7_keyframe_3,0.9973289805609141
CREStereo,dataset_7_keyframe_3,0.9965819586862833
CREStereo,dataset_7_keyframe_3,0.9967252158380471
CREStereo,dataset_7_keyframe_3,0.996561004784689
CREStereo,dataset_7_keyframe_3,0.9950413223140496
CREStereo,dataset_7_keyframe_3,0.995164702326987
CREStereo,dataset_7_keyframe_3,1.0
CREStereo,dataset_7_keyframe_3,1.0
CREStereo,dataset_7_keyframe_3,1.0
CREStereo,dataset_7_keyframe_3,1.0
CREStereo,dataset_7_keyframe_3,1.0
CREStereo,dataset_7_keyframe_3,1.0
CREStereo,dataset_7_keyframe_3,1.0
CREStereo,dataset_7_keyframe_3,1.0
CREStereo,dataset_7_keyframe_3,1.0
CREStereo,dataset_7_keyframe_3,1.0
CREStereo,dataset_7_keyframe_3,1.0
CREStereo,dataset_7_keyframe_3,1.0
CREStereo,dataset_7_keyframe_3,1.0
CREStereo,dataset_7_keyframe_3,1.0
CREStereo,dataset_7_keyframe_3,1.0
CREStereo,dataset_7_keyframe_3,1.0
CREStereo,dataset_7_keyframe_3,1.0
CREStereo,dataset_7_keyframe_3,1.0
CREStereo,dataset_7_keyframe_3,1.0
CREStereo,dataset_7_keyframe_3,1.0
CREStereo,dataset_7_keyframe_3,1.0
CREStereo,dataset_7_keyframe_3,1.0
CREStereo,dataset_7_keyframe_3,1.0
CREStereo,dataset_7_keyframe_3,1.0
CREStereo,dataset_7_keyframe_3,1.0
CREStereo,dataset_7_keyframe_3,1.0
CREStereo,dataset_7_keyframe_3,1.0
CREStereo,dataset_7_keyframe_3,1.0
CREStereo,dataset_7_keyframe_3,1.0
CREStereo,dataset_7_keyframe_3,1.0
CREStereo,dataset_7_keyframe_3,1.0
CREStereo,dataset_7_keyframe_3,1.0
CREStereo,dataset_7_keyframe_3,1.0
CREStereo,dataset_7_keyframe_3,1.0
CREStereo,dataset_7_keyframe_3,1.0
CREStereo,dataset_7_keyframe_3,1.0
CREStereo,dataset_7_keyframe_3,1.0
CREStereo,dataset_7_keyframe_3,1.0
CREStereo,dataset_7_keyframe_3,1.0
CREStereo,dataset_7_keyframe_3,1.0
CREStereo,dataset_7_keyframe_3,1.0
CREStereo,dataset_7_keyframe_3,0.9836867862969005
CREStereo,dataset_7_keyframe_3,0.9835566382460414
CREStereo,dataset_7_keyframe_3,0.9815153361771277
CREStereo,dataset_7_keyframe_3,0.9649368863955119
CREStereo,dataset_7_keyframe_3,0.9332811582860497
CREStereo,dataset_7_keyframe_3,0.9238500193274063
CREStereo,dataset_7_keyframe_3,0.9212144504227517
CREStereo,dataset_7_keyframe_3,0.9156256006150298
CREStereo,dataset_7_keyframe_3,0.9109097772744432
CREStereo,dataset_7_keyframe_3,0.9080868588543617
CREStereo,dataset_7_keyframe_3,0.9213023255813954
CREStereo,dataset_7_keyframe_3,0.9281359689636062
CREStereo,dataset_7_keyframe_3,0.9340942562592047
CREStereo,dataset_7_keyframe_3,0.9368940918236693
CREStereo,dataset_7_keyframe_3,0.9395043731778425
CREStereo,dataset_7_keyframe_3,0.9478150957024196
CREStereo,dataset_7_keyframe_3,0.9458587307278594
CREStereo,dataset_7_keyframe_3,0.9448300409325503
CREStereo,dataset_7_keyframe_3,0.9454352816528342
CREStereo,dataset_7_keyframe_3,0.9461875547765118
CREStereo,dataset_7_keyframe_3,0.9419029396416768
CREStereo,dataset_7_keyframe_3,0.9412882058366431
CREStereo,dataset_7_keyframe_3,0.9373605628968594
CREStereo,dataset_7_keyframe_3,0.9341368188762519
CREStereo,dataset_7_keyframe_3,0.9315691892802966
CREStereo,dataset_7_keyframe_3,0.9296314824078706
CREStereo,dataset_7_keyframe_3,0.9263976182600067
CREStereo,dataset_7_keyframe_3,0.9219776609724047
CREStereo,dataset_7_keyframe_3,0.9224363161332463
CREStereo,dataset_7_keyframe_3,0.9215337324057595
CREStereo,dataset_7_keyframe_3,0.9214331619537275
CREStereo,dataset_7_keyframe_3,0.9229660474055092
CREStereo,dataset_7_keyframe_3,0.9216186076151027
CREStereo,dataset_7_keyframe_3,0.92297959829195
CREStereo,dataset_7_keyframe_3,0.9250942211055276
CREStereo,dataset_7_keyframe_3,0.9260012515644556
CREStereo,dataset_7_keyframe_3,0.929397063417682
CREStereo,dataset_7_keyframe_3,0.9296887099272108
CREStereo,dataset_7_keyframe_3,0.9350366100638728
CREStereo,dataset_7_keyframe_3,0.9280944246000932
CREStereo,dataset_7_keyframe_3,0.9300124146492862
CREStereo,dataset_7_keyframe_3,0.9281177381874516
CREStereo,dataset_7_keyframe_3,0.9349618795705616
CREStereo,dataset_7_keyframe_3,0.9423977521073993
CREStereo,dataset_7_keyframe_3,0.9501180173092053
CREStereo,dataset_7_keyframe_3,0.9552451991747342
CREStereo,dataset_7_keyframe_3,0.9699379672339749
CREStereo,dataset_7_keyframe_3,0.984
CREStereo,dataset_7_keyframe_3,0.9908492534917323
CREStereo,dataset_7_keyframe_3,0.9954838709677419
CREStereo,dataset_7_keyframe_3,0.9985396722375467
CREStereo,dataset_7_keyframe_3,0.9998367080339647
CREStereo,dataset_7_keyframe_3,1.0
CREStereo,dataset_7_keyframe_3,1.0
CREStereo,dataset_7_keyframe_3,1.0
CREStereo,dataset_7_keyframe_3,1.0
CREStereo,dataset_7_keyframe_3,1.0
CREStereo,dataset_7_keyframe_3,1.0
CREStereo,dataset_7_keyframe_3,1.0
CREStereo,dataset_7_keyframe_3,1.0
CREStereo,dataset_7_keyframe_3,1.0
CREStereo,dataset_7_keyframe_3,1.0
CREStereo,dataset_7_keyframe_3,1.0
CREStereo,dataset_7_keyframe_3,1.0
CREStereo,dataset_7_keyframe_3,1.0
CREStereo,dataset_7_keyframe_3,1.0
CREStereo,dataset_7_keyframe_3,1.0
CREStereo,dataset_7_keyframe_3,1.0
CREStereo,dataset_7_keyframe_3,1.0
CREStereo,dataset_7_keyframe_3,1.0
CREStereo,dataset_7_keyframe_3,1.0
CREStereo,dataset_7_keyframe_3,1.0
CREStereo,dataset_7_keyframe_3,1.0
CREStereo,dataset_7_keyframe_3,1.0
CREStereo,dataset_7_keyframe_3,1.0
CREStereo,dataset_7_keyframe_3,1.0
CREStereo,dataset_7_keyframe_3,1.0
CREStereo,dataset_7_keyframe_3,1.0
CREStereo,dataset_7_keyframe_3,1.0
CREStereo,dataset_7_keyframe_3,1.0
CREStereo,dataset_7_keyframe_3,1.0
CREStereo,dataset_7_keyframe_3,1.0
CREStereo,dataset_7_keyframe_3,1.0
CREStereo,dataset_7_keyframe_3,1.0
CREStereo,dataset_7_keyframe_3,1.0
CREStereo,dataset_7_keyframe_3,1.0
CREStereo,dataset_7_keyframe_3,1.0
CREStereo,dataset_7_keyframe_3,1.0
CREStereo,dataset_7_keyframe_3,1.0
CREStereo,dataset_7_keyframe_3,1.0
CREStereo,dataset_7_keyframe_3,1.0
CREStereo,dataset_7_keyframe_3,1.0
CREStereo,dataset_7_keyframe_3,1.0
CREStereo,dataset_7_keyframe_3,1.0
CREStereo,dataset_7_keyframe_3,1.0
CREStereo,dataset_7_keyframe_3,1.0
CREStereo,dataset_7_keyframe_3,1.0
CREStereo,dataset_7_keyframe_3,1.0
CREStereo,dataset_7_keyframe_3,1.0
CREStereo,dataset_7_keyframe_3,1.0
CREStereo,dataset_7_keyframe_3,1.0
CREStereo,dataset_7_keyframe_3,1.0
CREStereo,dataset_7_keyframe_3,1.0
CREStereo,dataset_7_keyframe_3,1.0
CREStereo,dataset_7_keyframe_3,1.0
CREStereo,dataset_7_keyframe_3,1.0
CREStereo,dataset_7_keyframe_3,1.0
CREStereo,dataset_7_keyframe_3,1.0
CREStereo,dataset_7_keyframe_3,1.0
CREStereo,dataset_7_keyframe_3,1.0
CREStereo,dataset_7_keyframe_3,1.0
CREStereo,dataset_7_keyframe_3,1.0
CREStereo,dataset_7_keyframe_3,1.0
CREStereo,dataset_7_keyframe_3,1.0
CREStereo,dataset_7_keyframe_3,1.0
CREStereo,dataset_7_keyframe_3,1.0
CREStereo,dataset_7_keyframe_3,1.0
CREStereo,dataset_7_keyframe_3,1.0
CREStereo,dataset_7_keyframe_3,1.0
CREStereo,dataset_7_keyframe_3,1.0
CREStereo,dataset_7_keyframe_3,1.0
CREStereo,dataset_7_keyframe_3,1.0
CREStereo,dataset_7_keyframe_3,1.0
CREStereo,dataset_7_keyframe_3,1.0
CREStereo,dataset_7_keyframe_3,1.0
CREStereo,dataset_7_keyframe_3,1.0
CREStereo,dataset_7_keyframe_3,1.0
CREStereo,dataset_7_keyframe_3,1.0
CREStereo,dataset_7_keyframe_3,1.0
CREStereo,dataset_7_keyframe_3,1.0
CREStereo,dataset_7_keyframe_3,1.0
CREStereo,dataset_7_keyframe_3,0.9986363636363637
CREStereo,dataset_7_keyframe_3,1.0
CREStereo,dataset_7_keyframe_3,1.0
CREStereo,dataset_7_keyframe_3,1.0
CREStereo,dataset_7_keyframe_3,1.0
CREStereo,dataset_7_keyframe_3,0.9985666507405638
CREStereo,dataset_7_keyframe_3,0.9739897816999535
CREStereo,dataset_7_keyframe_3,0.9787334593572778
CREStereo,dataset_7_keyframe_3,0.982840800762631
CREStereo,dataset_7_keyframe_3,0.9932918064206996
CREStereo,dataset_7_keyframe_3,1.0
CREStereo,dataset_7_keyframe_3,1.0
CREStereo,dataset_7_keyframe_3,1.0
CREStereo,dataset_7_keyframe_3,1.0
CREStereo,dataset_7_keyframe_3,1.0
CREStereo,dataset_7_keyframe_3,1.0
CREStereo,dataset_7_keyframe_3,1.0
CREStereo,dataset_7_keyframe_3,1.0
CREStereo,dataset_7_keyframe_3,1.0
CREStereo,dataset_7_keyframe_3,1.0
CREStereo,dataset_7_keyframe_3,1.0
CREStereo,dataset_7_keyframe_3,1.0
CREStereo,dataset_7_keyframe_3,1.0
CREStereo,dataset_7_keyframe_3,1.0
CREStereo,dataset_7_keyframe_3,1.0
CREStereo,dataset_7_keyframe_3,1.0
CREStereo,dataset_7_keyframe_3,1.0
CREStereo,dataset_7_keyframe_3,1.0
CREStereo,dataset_7_keyframe_3,1.0
CREStereo,dataset_7_keyframe_3,1.0
CREStereo,dataset_7_keyframe_3,1.0
CREStereo,dataset_7_keyframe_3,1.0
CREStereo,dataset_7_keyframe_3,1.0
CREStereo,dataset_7_keyframe_3,1.0
CREStereo,dataset_7_keyframe_3,1.0
CREStereo,dataset_7_keyframe_3,1.0
CREStereo,dataset_7_keyframe_3,1.0
CREStereo,dataset_7_keyframe_3,1.0
CREStereo,dataset_7_keyframe_3,1.0
CREStereo,dataset_7_keyframe_3,1.0
CREStereo,dataset_7_keyframe_3,1.0
CREStereo,dataset_7_keyframe_3,1.0
CREStereo,dataset_7_keyframe_3,1.0
CREStereo,dataset_7_keyframe_3,1.0
CREStereo,dataset_7_keyframe_3,1.0
CREStereo,dataset_7_keyframe_3,1.0
CREStereo,dataset_7_keyframe_3,1.0
CREStereo,dataset_7_keyframe_3,1.0
CREStereo,dataset_7_keyframe_3,1.0
CREStereo,dataset_7_keyframe_3,1.0
CREStereo,dataset_7_keyframe_3,1.0
CREStereo,dataset_7_keyframe_3,1.0
CREStereo,dataset_7_keyframe_3,1.0
CREStereo,dataset_7_keyframe_3,1.0
CREStereo,dataset_7_keyframe_3,1.0
CREStereo,dataset_7_keyframe_3,1.0
CREStereo,dataset_7_keyframe_3,1.0
CREStereo,dataset_7_keyframe_3,1.0
CREStereo,dataset_7_keyframe_3,1.0
CREStereo,dataset_7_keyframe_3,1.0
CREStereo,dataset_7_keyframe_3,1.0
CREStereo,dataset_7_keyframe_3,1.0
CREStereo,dataset_7_keyframe_3,1.0
CREStereo,dataset_7_keyframe_3,1.0
CREStereo,dataset_7_keyframe_3,1.0
CREStereo,dataset_7_keyframe_3,1.0
CREStereo,dataset_7_keyframe_3,1.0
CREStereo,dataset_7_keyframe_3,1.0
CREStereo,dataset_7_keyframe_3,1.0
CREStereo,dataset_7_keyframe_3,0.9980353634577603
CREStereo,dataset_7_keyframe_3,0.9980806142034548
CREStereo,dataset_7_keyframe_3,1.0
CREStereo,dataset_7_keyframe_3,0.9825581395348837
CREStereo,dataset_7_keyframe_3,0.9865900383141762
CREStereo,dataset_7_keyframe_3,1.0
CREStereo,dataset_7_keyframe_3,1.0
CREStereo,dataset_7_keyframe_3,1.0
CREStereo,dataset_7_keyframe_3,0.9805068226120858
CREStereo,dataset_7_keyframe_3,0.984251968503937
CREStereo,dataset_7_keyframe_3,0.9938650306748467
CREStereo,dataset_7_keyframe_3,0.9939271255060729
CREStereo,dataset_7_keyframe_3,1.0
CREStereo,dataset_7_keyframe_3,1.0
CREStereo,dataset_7_keyframe_3,1.0
CREStereo,dataset_7_keyframe_3,1.0
CREStereo,dataset_7_keyframe_3,1.0
CREStereo,dataset_7_keyframe_3,1.0
CREStereo,dataset_7_keyframe_3,1.0
CREStereo,dataset_7_keyframe_3,1.0
CREStereo,dataset_7_keyframe_3,1.0
CREStereo,dataset_7_keyframe_3,1.0
CREStereo,dataset_7_keyframe_3,1.0
CREStereo,dataset_7_keyframe_3,1.0
CREStereo,dataset_7_keyframe_3,1.0
CREStereo,dataset_7_keyframe_3,1.0
CREStereo,dataset_7_keyframe_3,1.0
CREStereo,dataset_7_keyframe_3,1.0
CREStereo,dataset_7_keyframe_3,1.0
CREStereo,dataset_7_keyframe_3,1.0
CREStereo,dataset_7_keyframe_3,1.0
CREStereo,dataset_7_keyframe_3,1.0
CREStereo,dataset_7_keyframe_3,1.0
CREStereo,dataset_7_keyframe_3,1.0
CREStereo,dataset_7_keyframe_3,1.0
CREStereo,dataset_7_keyframe_3,1.0
CREStereo,dataset_7_keyframe_3,1.0
CREStereo,dataset_7_keyframe_3,1.0
CREStereo,dataset_7_keyframe_3,1.0
CREStereo,dataset_7_keyframe_3,1.0
CREStereo,dataset_7_keyframe_3,1.0
CREStereo,dataset_7_keyframe_3,1.0
CREStereo,dataset_7_keyframe_3,1.0
CREStereo,dataset_7_keyframe_3,1.0
CREStereo,dataset_7_keyframe_3,1.0
CREStereo,dataset_7_keyframe_3,1.0
CREStereo,dataset_7_keyframe_3,1.0
CREStereo,dataset_7_keyframe_3,0.9358288770053476
CREStereo,dataset_7_keyframe_3,1.0
CREStereo,dataset_7_keyframe_3,1.0
CREStereo,dataset_7_keyframe_3,0.8973214285714286
CREStereo,dataset_7_keyframe_3,0.9765258215962441
CREStereo,dataset_7_keyframe_3,0.9555555555555556
CREStereo,dataset_7_keyframe_3,0.9369369369369369
CREStereo,dataset_7_keyframe_3,1.0
CREStereo,dataset_7_keyframe_3,1.0
CREStereo,dataset_7_keyframe_3,0.9883040935672515
CREStereo,dataset_7_keyframe_3,0.9941176470588236
CREStereo,dataset_7_keyframe_3,1.0
CREStereo,dataset_7_keyframe_3,0.9938650306748467
CREStereo,dataset_7_keyframe_3,1.0
CREStereo,dataset_7_keyframe_3,0.9941176470588236
CREStereo,dataset_7_keyframe_3,0.936046511627907
CREStereo,dataset_7_keyframe_3,0.7909604519774012
CREStereo,dataset_7_keyframe_3,0.7759562841530054
CREStereo,dataset_7_keyframe_3,0.7807486631016043
CREStereo,dataset_7_keyframe_3,0.743455497382199
CREStereo,dataset_7_keyframe_3,0.6197183098591549
CREStereo,dataset_7_keyframe_3,0.46255506607929514
CREStereo,dataset_7_keyframe_3,0.4541832669322709
CREStereo,dataset_7_keyframe_3,0.3795620437956204
CREStereo,dataset_7_keyframe_3,0.3957597173144876
CREStereo,dataset_7_keyframe_3,0.3409090909090909
CREStereo,dataset_7_keyframe_3,0.3302752293577982
CREStereo,dataset_7_keyframe_3,0.3489736070381232
CREStereo,dataset_7_keyframe_3,0.36944444444444446
CREStereo,dataset_7_keyframe_3,0.3785900783289817
CREStereo,dataset_7_keyframe_3,0.4004914004914005
CREStereo,dataset_7_keyframe_3,0.4449648711943794
CREStereo,dataset_7_keyframe_3,0.48427672955974843
CREStereo,dataset_7_keyframe_3,0.5568445475638051
CREStereo,dataset_7_keyframe_3,0.6082004555808656
CREStereo,dataset_7_keyframe_3,0.6288888888888889
CREStereo,dataset_7_keyframe_3,0.6862745098039216
CREStereo,dataset_7_keyframe_3,0.7142857142857143
CREStereo,dataset_7_keyframe_3,0.7259713701431493
CREStereo,dataset_7_keyframe_3,0.792
CREStereo,dataset_7_keyframe_3,0.7421875
CREStereo,dataset_7_keyframe_3,0.6872659176029963
CREStereo,dataset_7_keyframe_3,0.644524236983842
CREStereo,dataset_7_keyframe_3,0.6381260096930533
CREStereo,dataset_7_keyframe_3,0.6758508914100486
CREStereo,dataset_7_keyframe_3,0.7781456953642384
Fast-FoundationStereo,dataset_7_keyframe_3,0.9826472962066183
Fast-FoundationStereo,dataset_7_keyframe_3,0.9835881610324029
Fast-FoundationStereo,dataset_7_keyframe_3,0.9848143136370471
Fast-FoundationStereo,dataset_7_keyframe_3,0.9866430640489218
Fast-FoundationStereo,dataset_7_keyframe_3,0.9883597883597883
Fast-FoundationStereo,dataset_7_keyframe_3,0.9897826490804384
Fast-FoundationStereo,dataset_7_keyframe_3,0.9884894991922456
Fast-FoundationStereo,dataset_7_keyframe_3,0.989628349178911
Fast-FoundationStereo,dataset_7_keyframe_3,0.9893060836501901
Fast-FoundationStereo,dataset_7_keyframe_3,0.9868046571798189
Fast-FoundationStereo,dataset_7_keyframe_3,0.9857621440536013
Fast-FoundationStereo,dataset_7_keyframe_3,0.9875959834613113
Fast-FoundationStereo,dataset_7_keyframe_3,0.9916460396039604
Fast-FoundationStereo,dataset_7_keyframe_3,0.9958145524790728
Fast-FoundationStereo,dataset_7_keyframe_3,0.9975845410628019
Fast-FoundationStereo,dataset_7_keyframe_3,0.9985845718329794
Fast-FoundationStereo,dataset_7_keyframe_3,0.9989462592202318
Fast-FoundationStereo,dataset_7_keyframe_3,1.0
Fast-FoundationStereo,dataset_7_keyframe_3,0.9990131578947369
Fast-FoundationStereo,dataset_7_keyframe_3,0.99967958987504
Fast-FoundationStereo,dataset_7_keyframe_3,0.9994107248084856
Fast-FoundationStereo,dataset_7_keyframe_3,0.9988594240091246
Fast-FoundationStereo,dataset_7_keyframe_3,0.999734113267748
Fast-FoundationStereo,dataset_7_keyframe_3,1.0
Fast-FoundationStereo,dataset_7_keyframe_3,0.9997555609875336
Fast-FoundationStereo,dataset_7_keyframe_3,1.0
Fast-FoundationStereo,dataset_7_keyframe_3,0.9982122905027933
Fast-FoundationStereo,dataset_7_keyframe_3,0.9931827865360034
Fast-FoundationStereo,dataset_7_keyframe_3,0.9987968718668538
Fast-FoundationStereo,dataset_7_keyframe_3,0.9919179972402917
Fast-FoundationStereo,dataset_7_keyframe_3,0.9901253323205469
Fast-FoundationStereo,dataset_7_keyframe_3,0.9888496561977328
Fast-FoundationStereo,dataset_7_keyframe_3,0.9834106314662862
Fast-FoundationStereo,dataset_7_keyframe_3,0.9776002778260114
Fast-FoundationStereo,dataset_7_keyframe_3,0.970552781126227
Fast-FoundationStereo,dataset_7_keyframe_3,0.9724957555178269
Fast-FoundationStereo,dataset_7_keyframe_3,0.9729370745475676
Fast-FoundationStereo,dataset_7_keyframe_3,0.9680194805194805
Fast-FoundationStereo,dataset_7_keyframe_3,0.9698137443802184
Fast-FoundationStereo,dataset_7_keyframe_3,0.9690851735015773
Fast-FoundationStereo,dataset_7_keyframe_3,0.9687741536558974
Fast-FoundationStereo,dataset_7_keyframe_3,0.9650435048084262
Fast-FoundationStereo,dataset_7_keyframe_3,0.955649419218585
Fast-FoundationStereo,dataset_7_keyframe_3,0.951562731447193
Fast-FoundationStereo,dataset_7_keyframe_3,0.9531295915368793
Fast-FoundationStereo,dataset_7_keyframe_3,0.9518755452166328
Fast-FoundationStereo,dataset_7_keyframe_3,0.9527989638796949
Fast-FoundationStereo,dataset_7_keyframe_3,0.9503485559823588
Fast-FoundationStereo,dataset_7_keyframe_3,0.9418817886866977
Fast-FoundationStereo,dataset_7_keyframe_3,0.9438796824954742
Fast-FoundationStereo,dataset_7_keyframe_3,0.9419121734296831
Fast-FoundationStereo,dataset_7_keyframe_3,0.9447590111863002
Fast-FoundationStereo,dataset_7_keyframe_3,0.9434450804033797
Fast-FoundationStereo,dataset_7_keyframe_3,0.9447611292073833
Fast-FoundationStereo,dataset_7_keyframe_3,0.9444444444444444
Fast-FoundationStereo,dataset_7_keyframe_3,0.9478494623655914
Fast-FoundationStereo,dataset_7_keyframe_3,0.9527463651050081
Fast-FoundationStereo,dataset_7_keyframe_3,0.9568025837706904
Fast-FoundationStereo,dataset_7_keyframe_3,0.9585401851603381
Fast-FoundationStereo,dataset_7_keyframe_3,0.9596526386105544
Fast-FoundationStereo,dataset_7_keyframe_3,0.9635437608899611
Fast-FoundationStereo,dataset_7_keyframe_3,0.963462316300391
Fast-FoundationStereo,dataset_7_keyframe_3,0.9661926482425544
Fast-FoundationStereo,dataset_7_keyframe_3,0.969371305749597
Fast-FoundationStereo,dataset_7_keyframe_3,0.9699167338168144
Fast-FoundationStereo,dataset_7_keyframe_3,0.9688381464069845
Fast-FoundationStereo,dataset_7_keyframe_3,0.9710632570659489
Fast-FoundationStereo,dataset_7_keyframe_3,0.9819407008086254
Fast-FoundationStereo,dataset_7_keyframe_3,0.9828887092427917
Fast-FoundationStereo,dataset_7_keyframe_3,0.9788503253796096
Fast-FoundationStereo,dataset_7_keyframe_3,0.9861852003829845
Fast-FoundationStereo,dataset_7_keyframe_3,0.9909489851892485
Fast-FoundationStereo,dataset_7_keyframe_3,0.9890710382513661
Fast-FoundationStereo,dataset_7_keyframe_3,0.9939260077305356
Fast-FoundationStereo,dataset_7_keyframe_3,0.9972168104647926
Fast-FoundationStereo,dataset_7_keyframe_3,0.9954198473282443
Fast-FoundationStereo,dataset_7_keyframe_3,0.99693550633793
Fast-FoundationStereo,dataset_7_keyframe_3,0.9994332672145083
Fast-FoundationStereo,dataset_7_keyframe_3,0.9991448118586089
Fast-FoundationStereo,dataset_7_keyframe_3,0.9991406473789745
Fast-FoundationStereo,dataset_7_keyframe_3,0.9988430947216197
Fast-FoundationStereo,dataset_7_keyframe_3,0.9923872450445275
Fast-FoundationStereo,dataset_7_keyframe_3,0.9963710262737698
Fast-FoundationStereo,dataset_7_keyframe_3,0.99489349285089
Fast-FoundationStereo,dataset_7_keyframe_3,0.9913400851313665
Fast-FoundationStereo,dataset_7_keyframe_3,0.991166077738516
Fast-FoundationStereo,dataset_7_keyframe_3,0.9922837216204184
Fast-FoundationStereo,dataset_7_keyframe_3,0.993182155031866
Fast-FoundationStereo,dataset_7_keyframe_3,1.0
Fast-FoundationStereo,dataset_7_keyframe_3,1.0
Fast-FoundationStereo,dataset_7_keyframe_3,1.0
Fast-FoundationStereo,dataset_7_keyframe_3,0.9878615315450322
Fast-FoundationStereo,dataset_7_keyframe_3,0.9815256257449344
Fast-FoundationStereo,dataset_7_keyframe_3,0.9669079627714581
Fast-FoundationStereo,dataset_7_keyframe_3,0.9554354178842782
Fast-FoundationStereo,dataset_7_keyframe_3,0.9390738060781476
Fast-FoundationStereo,dataset_7_keyframe_3,0.9230769230769231
Fast-FoundationStereo,dataset_7_keyframe_3,0.9102202145680407
Fast-FoundationStereo,dataset_7_keyframe_3,0.9035774175517048
Fast-FoundationStereo,dataset_7_keyframe_3,0.9013558384061982
Fast-FoundationStereo,dataset_7_keyframe_3,0.8965611727633922
Fast-FoundationStereo,dataset_7_keyframe_3,0.8919212491513917
Fast-FoundationStereo,dataset_7_keyframe_3,0.8963709677419355
Fast-FoundationStereo,dataset_7_keyframe_3,0.8976682211858761
Fast-FoundationStereo,dataset_7_keyframe_3,0.9007894736842105
Fast-FoundationStereo,dataset_7_keyframe_3,0.9027181688125894
Fast-FoundationStereo,dataset_7_keyframe_3,0.9045174537987679
Fast-FoundationStereo,dataset_7_keyframe_3,0.9050640944282269
Fast-FoundationStereo,dataset_7_keyframe_3,0.9035933391761612
Fast-FoundationStereo,dataset_7_keyframe_3,0.9128532133033258
Fast-FoundationStereo,dataset_7_keyframe_3,0.9287770684691451
Fast-FoundationStereo,dataset_7_keyframe_3,0.9409770187115408
Fast-FoundationStereo,dataset_7_keyframe_3,0.9571680524061477
Fast-FoundationStereo,dataset_7_keyframe_3,0.9697736183128873
Fast-FoundationStereo,dataset_7_keyframe_3,0.9810486418193304
Fast-FoundationStereo,dataset_7_keyframe_3,0.994663956295261
Fast-FoundationStereo,dataset_7_keyframe_3,0.9987200819147575
Fast-FoundationStereo,dataset_7_keyframe_3,1.0
Fast-FoundationStereo,dataset_7_keyframe_3,1.0
Fast-FoundationStereo,dataset_7_keyframe_3,1.0
Fast-FoundationStereo,dataset_7_keyframe_3,1.0
Fast-FoundationStereo,dataset_7_keyframe_3,1.0
Fast-FoundationStereo,dataset_7_keyframe_3,1.0
Fast-FoundationStereo,dataset_7_keyframe_3,1.0
Fast-FoundationStereo,dataset_7_keyframe_3,1.0
Fast-FoundationStereo,dataset_7_keyframe_3,1.0
Fast-FoundationStereo,dataset_7_keyframe_3,1.0
Fast-FoundationStereo,dataset_7_keyframe_3,1.0
Fast-FoundationStereo,dataset_7_keyframe_3,1.0
Fast-FoundationStereo,dataset_7_keyframe_3,1.0
Fast-FoundationStereo,dataset_7_keyframe_3,1.0
Fast-FoundationStereo,dataset_7_keyframe_3,1.0
Fast-FoundationStereo,dataset_7_keyframe_3,1.0
Fast-FoundationStereo,dataset_7_keyframe_3,1.0
Fast-FoundationStereo,dataset_7_keyframe_3,1.0
Fast-FoundationStereo,dataset_7_keyframe_3,1.0
Fast-FoundationStereo,dataset_7_keyframe_3,1.0
Fast-FoundationStereo,dataset_7_keyframe_3,1.0
Fast-FoundationStereo,dataset_7_keyframe_3,1.0
Fast-FoundationStereo,dataset_7_keyframe_3,1.0
Fast-FoundationStereo,dataset_7_keyframe_3,1.0
Fast-FoundationStereo,dataset_7_keyframe_3,1.0
Fast-FoundationStereo,dataset_7_keyframe_3,1.0
Fast-FoundationStereo,dataset_7_keyframe_3,1.0
Fast-FoundationStereo,dataset_7_keyframe_3,1.0
Fast-FoundationStereo,dataset_7_keyframe_3,1.0
Fast-FoundationStereo,dataset_7_keyframe_3,1.0
Fast-FoundationStereo,dataset_7_keyframe_3,1.0
Fast-FoundationStereo,dataset_7_keyframe_3,1.0
Fast-FoundationStereo,dataset_7_keyframe_3,1.0
Fast-FoundationStereo,dataset_7_keyframe_3,1.0
Fast-FoundationStereo,dataset_7_keyframe_3,1.0
Fast-FoundationStereo,dataset_7_keyframe_3,1.0
Fast-FoundationStereo,dataset_7_keyframe_3,1.0
Fast-FoundationStereo,dataset_7_keyframe_3,1.0
Fast-FoundationStereo,dataset_7_keyframe_3,1.0
Fast-FoundationStereo,dataset_7_keyframe_3,1.0
Fast-FoundationStereo,dataset_7_keyframe_3,1.0
Fast-FoundationStereo,dataset_7_keyframe_3,1.0
Fast-FoundationStereo,dataset_7_keyframe_3,1.0
Fast-FoundationStereo,dataset_7_keyframe_3,1.0
Fast-FoundationStereo,dataset_7_keyframe_3,1.0
Fast-FoundationStereo,dataset_7_keyframe_3,1.0
Fast-FoundationStereo,dataset_7_keyframe_3,1.0
Fast-FoundationStereo,dataset_7_keyframe_3,1.0
Fast-FoundationStereo,dataset_7_keyframe_3,1.0
Fast-FoundationStereo,dataset_7_keyframe_3,1.0
Fast-FoundationStereo,dataset_7_keyframe_3,1.0
Fast-FoundationStereo,dataset_7_keyframe_3,1.0
Fast-FoundationStereo,dataset_7_keyframe_3,1.0
Fast-FoundationStereo,dataset_7_keyframe_3,1.0
Fast-FoundationStereo,dataset_7_keyframe_3,1.0
Fast-FoundationStereo,dataset_7_keyframe_3,1.0
Fast-FoundationStereo,dataset_7_keyframe_3,1.0
Fast-FoundationStereo,dataset_7_keyframe_3,1.0
Fast-FoundationStereo,dataset_7_keyframe_3,1.0
Fast-FoundationStereo,dataset_7_keyframe_3,1.0
Fast-FoundationStereo,dataset_7_keyframe_3,1.0
Fast-FoundationStereo,dataset_7_keyframe_3,1.0
Fast-FoundationStereo,dataset_7_keyframe_3,1.0
Fast-FoundationStereo,dataset_7_keyframe_3,1.0
Fast-FoundationStereo,dataset_7_keyframe_3,1.0
Fast-FoundationStereo,dataset_7_keyframe_3,1.0
Fast-FoundationStereo,dataset_7_keyframe_3,1.0
Fast-FoundationStereo,dataset_7_keyframe_3,1.0
Fast-FoundationStereo,dataset_7_keyframe_3,0.9977007970570202
Fast-FoundationStereo,dataset_7_keyframe_3,0.9886902032706709
Fast-FoundationStereo,dataset_7_keyframe_3,0.9885670731707317
Fast-FoundationStereo,dataset_7_keyframe_3,0.9817656891049993
Fast-FoundationStereo,dataset_7_keyframe_3,0.975015142337977
Fast-FoundationStereo,dataset_7_keyframe_3,0.9650159018627896
Fast-FoundationStereo,dataset_7_keyframe_3,0.9602358633202298
Fast-FoundationStereo,dataset_7_keyframe_3,0.9610310841546627
Fast-FoundationStereo,dataset_7_keyframe_3,0.9489029155395251
Fast-FoundationStereo,dataset_7_keyframe_3,0.942848548653933
Fast-FoundationStereo,dataset_7_keyframe_3,0.9390316796174537
Fast-FoundationStereo,dataset_7_keyframe_3,0.9302637460885114
Fast-FoundationStereo,dataset_7_keyframe_3,0.9273966513557564
Fast-FoundationStereo,dataset_7_keyframe_3,0.9251840942562592
Fast-FoundationStereo,dataset_7_keyframe_3,0.9184902335144661
Fast-FoundationStereo,dataset_7_keyframe_3,0.9227398860814956
Fast-FoundationStereo,dataset_7_keyframe_3,0.920547147846333
Fast-FoundationStereo,dataset_7_keyframe_3,0.9228525594283215
Fast-FoundationStereo,dataset_7_keyframe_3,0.9201686782027046
Fast-FoundationStereo,dataset_7_keyframe_3,0.9130622215835609
Fast-FoundationStereo,dataset_7_keyframe_3,0.9136763222366335
Fast-FoundationStereo,dataset_7_keyframe_3,0.9149797570850202
Fast-FoundationStereo,dataset_7_keyframe_3,0.9156540385989993
Fast-FoundationStereo,dataset_7_keyframe_3,0.9275258323765786
Fast-FoundationStereo,dataset_7_keyframe_3,0.9377700950734659
Fast-FoundationStereo,dataset_7_keyframe_3,0.9596867749419954
Fast-FoundationStereo,dataset_7_keyframe_3,0.9790721498609688
Fast-FoundationStereo,dataset_7_keyframe_3,0.9896785608964908
Fast-FoundationStereo,dataset_7_keyframe_3,1.0
Fast-FoundationStereo,dataset_7_keyframe_3,1.0
Fast-FoundationStereo,dataset_7_keyframe_3,1.0
Fast-FoundationStereo,dataset_7_keyframe_3,0.9995405819295559
Fast-FoundationStereo,dataset_7_keyframe_3,0.9970854425525387
Fast-FoundationStereo,dataset_7_keyframe_3,0.9937375897357569
Fast-FoundationStereo,dataset_7_keyframe_3,0.9990806006742262
Fast-FoundationStereo,dataset_7_keyframe_3,0.9995396654902563
Fast-FoundationStereo,dataset_7_keyframe_3,1.0
Fast-FoundationStereo,dataset_7_keyframe_3,1.0
Fast-FoundationStereo,dataset_7_keyframe_3,1.0
Fast-FoundationStereo,dataset_7_keyframe_3,1.0
Fast-FoundationStereo,dataset_7_keyframe_3,1.0
Fast-FoundationStereo,dataset_7_keyframe_3,1.0
Fast-FoundationStereo,dataset_7_keyframe_3,1.0
Fast-FoundationStereo,dataset_7_keyframe_3,1.0
Fast-FoundationStereo,dataset_7_keyframe_3,1.0
Fast-FoundationStereo,dataset_7_keyframe_3,1.0
Fast-FoundationStereo,dataset_7_keyframe_3,1.0
Fast-FoundationStereo,dataset_7_keyframe_3,0.9985158800831108
Fast-FoundationStereo,dataset_7_keyframe_3,0.9974918855119504
Fast-FoundationStereo,dataset_7_keyframe_3,0.9973376719420204
Fast-FoundationStereo,dataset_7_keyframe_3,0.9985207100591716
Fast-FoundationStereo,dataset_7_keyframe_3,0.9973289805609141
Fast-FoundationStereo,dataset_7_keyframe_3,0.9965819586862833
Fast-FoundationStereo,dataset_7_keyframe_3,0.9967252158380471
Fast-FoundationStereo,dataset_7_keyframe_3,0.996561004784689
Fast-FoundationStereo,dataset_7_keyframe_3,0.9950413223140496
Fast-FoundationStereo,dataset_7_keyframe_3,0.995164702326987
Fast-FoundationStereo,dataset_7_keyframe_3,1.0
Fast-FoundationStereo,dataset_7_keyframe_3,1.0
Fast-FoundationStereo,dataset_7_keyframe_3,1.0
Fast-FoundationStereo,dataset_7_keyframe_3,1.0
Fast-FoundationStereo,dataset_7_keyframe_3,1.0
Fast-FoundationStereo,dataset_7_keyframe_3,1.0
Fast-FoundationStereo,dataset_7_keyframe_3,1.0
Fast-FoundationStereo,dataset_7_keyframe_3,1.0
Fast-FoundationStereo,dataset_7_keyframe_3,1.0
Fast-FoundationStereo,dataset_7_keyframe_3,1.0
Fast-FoundationStereo,dataset_7_keyframe_3,1.0
Fast-FoundationStereo,dataset_7_keyframe_3,1.0
Fast-FoundationStereo,dataset_7_keyframe_3,1.0
Fast-FoundationStereo,dataset_7_keyframe_3,1.0
Fast-FoundationStereo,dataset_7_keyframe_3,1.0
Fast-FoundationStereo,dataset_7_keyframe_3,1.0
Fast-FoundationStereo,dataset_7_keyframe_3,1.0
Fast-FoundationStereo,dataset_7_keyframe_3,1.0
Fast-FoundationStereo,dataset_7_keyframe_3,1.0
Fast-FoundationStereo,dataset_7_keyframe_3,1.0
Fast-FoundationStereo,dataset_7_keyframe_3,1.0
Fast-FoundationStereo,dataset_7_keyframe_3,1.0
Fast-FoundationStereo,dataset_7_keyframe_3,1.0
Fast-FoundationStereo,dataset_7_keyframe_3,1.0
Fast-FoundationStereo,dataset_7_keyframe_3,1.0
Fast-FoundationStereo,dataset_7_keyframe_3,1.0
Fast-FoundationStereo,dataset_7_keyframe_3,1.0
Fast-FoundationStereo,dataset_7_keyframe_3,1.0
Fast-FoundationStereo,dataset_7_keyframe_3,1.0
Fast-FoundationStereo,dataset_7_keyframe_3,1.0
Fast-FoundationStereo,dataset_7_keyframe_3,1.0
Fast-FoundationStereo,dataset_7_keyframe_3,1.0
Fast-FoundationStereo,dataset_7_keyframe_3,1.0
Fast-FoundationStereo,dataset_7_keyframe_3,1.0
Fast-FoundationStereo,dataset_7_keyframe_3,1.0
Fast-FoundationStereo,dataset_7_keyframe_3,1.0
Fast-FoundationStereo,dataset_7_keyframe_3,1.0
Fast-FoundationStereo,dataset_7_keyframe_3,1.0
Fast-FoundationStereo,dataset_7_keyframe_3,1.0
Fast-FoundationStereo,dataset_7_keyframe_3,1.0
Fast-FoundationStereo,dataset_7_keyframe_3,1.0
Fast-FoundationStereo,dataset_7_keyframe_3,0.9836867862969005
Fast-FoundationStereo,dataset_7_keyframe_3,0.9835566382460414
Fast-FoundationStereo,dataset_7_keyframe_3,0.9815153361771277
Fast-FoundationStereo,dataset_7_keyframe_3,0.9649368863955119
Fast-FoundationStereo,dataset_7_keyframe_3,0.9332811582860497
Fast-FoundationStereo,dataset_7_keyframe_3,0.9238500193274063
Fast-FoundationStereo,dataset_7_keyframe_3,0.9212144504227517
Fast-FoundationStereo,dataset_7_keyframe_3,0.9156256006150298
Fast-FoundationStereo,dataset_7_keyframe_3,0.9109097772744432
Fast-FoundationStereo,dataset_7_keyframe_3,0.9080868588543617
Fast-FoundationStereo,dataset_7_keyframe_3,0.9213023255813954
Fast-FoundationStereo,dataset_7_keyframe_3,0.9281359689636062
Fast-FoundationStereo,dataset_7_keyframe_3,0.9340942562592047
Fast-FoundationStereo,dataset_7_keyframe_3,0.9368940918236693
Fast-FoundationStereo,dataset_7_keyframe_3,0.9395043731778425
Fast-FoundationStereo,dataset_7_keyframe_3,0.9478150957024196
Fast-FoundationStereo,dataset_7_keyframe_3,0.9458587307278594
Fast-FoundationStereo,dataset_7_keyframe_3,0.9448300409325503
Fast-FoundationStereo,dataset_7_keyframe_3,0.9454352816528342
Fast-FoundationStereo,dataset_7_keyframe_3,0.9461875547765118
Fast-FoundationStereo,dataset_7_keyframe_3,0.9419029396416768
Fast-FoundationStereo,dataset_7_keyframe_3,0.9412882058366431
Fast-FoundationStereo,dataset_7_keyframe_3,0.9373605628968594
Fast-FoundationStereo,dataset_7_keyframe_3,0.9341368188762519
Fast-FoundationStereo,dataset_7_keyframe_3,0.9315691892802966
Fast-FoundationStereo,dataset_7_keyframe_3,0.9296314824078706
Fast-FoundationStereo,dataset_7_keyframe_3,0.9263976182600067
Fast-FoundationStereo,dataset_7_keyframe_3,0.9219776609724047
Fast-FoundationStereo,dataset_7_keyframe_3,0.9224363161332463
Fast-FoundationStereo,dataset_7_keyframe_3,0.9215337324057595
Fast-FoundationStereo,dataset_7_keyframe_3,0.9214331619537275
Fast-FoundationStereo,dataset_7_keyframe_3,0.9229660474055092
Fast-FoundationStereo,dataset_7_keyframe_3,0.9216186076151027
Fast-FoundationStereo,dataset_7_keyframe_3,0.92297959829195
Fast-FoundationStereo,dataset_7_keyframe_3,0.9250942211055276
Fast-FoundationStereo,dataset_7_keyframe_3,0.9260012515644556
Fast-FoundationStereo,dataset_7_keyframe_3,0.929397063417682
Fast-FoundationStereo,dataset_7_keyframe_3,0.9296887099272108
Fast-FoundationStereo,dataset_7_keyframe_3,0.9350366100638728
Fast-FoundationStereo,dataset_7_keyframe_3,0.9280944246000932
Fast-FoundationStereo,dataset_7_keyframe_3,0.9300124146492862
Fast-FoundationStereo,dataset_7_keyframe_3,0.9281177381874516
Fast-FoundationStereo,dataset_7_keyframe_3,0.9349618795705616
Fast-FoundationStereo,dataset_7_keyframe_3,0.9423977521073993
Fast-FoundationStereo,dataset_7_keyframe_3,0.9501180173092053
Fast-FoundationStereo,dataset_7_keyframe_3,0.9552451991747342
Fast-FoundationStereo,dataset_7_keyframe_3,0.9699379672339749
Fast-FoundationStereo,dataset_7_keyframe_3,0.984
Fast-FoundationStereo,dataset_7_keyframe_3,0.9908492534917323
Fast-FoundationStereo,dataset_7_keyframe_3,0.9954838709677419
Fast-FoundationStereo,dataset_7_keyframe_3,0.9985396722375467
Fast-FoundationStereo,dataset_7_keyframe_3,0.9998367080339647
Fast-FoundationStereo,dataset_7_keyframe_3,1.0
Fast-FoundationStereo,dataset_7_keyframe_3,1.0
Fast-FoundationStereo,dataset_7_keyframe_3,1.0
Fast-FoundationStereo,dataset_7_keyframe_3,1.0
Fast-FoundationStereo,dataset_7_keyframe_3,1.0
Fast-FoundationStereo,dataset_7_keyframe_3,1.0
Fast-FoundationStereo,dataset_7_keyframe_3,1.0
Fast-FoundationStereo,dataset_7_keyframe_3,1.0
Fast-FoundationStereo,dataset_7_keyframe_3,1.0
Fast-FoundationStereo,dataset_7_keyframe_3,1.0
Fast-FoundationStereo,dataset_7_keyframe_3,1.0
Fast-FoundationStereo,dataset_7_keyframe_3,1.0
Fast-FoundationStereo,dataset_7_keyframe_3,1.0
Fast-FoundationStereo,dataset_7_keyframe_3,1.0
Fast-FoundationStereo,dataset_7_keyframe_3,1.0
Fast-FoundationStereo,dataset_7_keyframe_3,1.0
Fast-FoundationStereo,dataset_7_keyframe_3,1.0
Fast-FoundationStereo,dataset_7_keyframe_3,1.0
Fast-FoundationStereo,dataset_7_keyframe_3,1.0
Fast-FoundationStereo,dataset_7_keyframe_3,1.0
Fast-FoundationStereo,dataset_7_keyframe_3,1.0
Fast-FoundationStereo,dataset_7_keyframe_3,1.0
Fast-FoundationStereo,dataset_7_keyframe_3,1.0
Fast-FoundationStereo,dataset_7_keyframe_3,1.0
Fast-FoundationStereo,dataset_7_keyframe_3,1.0
Fast-FoundationStereo,dataset_7_keyframe_3,1.0
Fast-FoundationStereo,dataset_7_keyframe_3,1.0
Fast-FoundationStereo,dataset_7_keyframe_3,1.0
Fast-FoundationStereo,dataset_7_keyframe_3,1.0
Fast-FoundationStereo,dataset_7_keyframe_3,1.0
Fast-FoundationStereo,dataset_7_keyframe_3,1.0
Fast-FoundationStereo,dataset_7_keyframe_3,1.0
Fast-FoundationStereo,dataset_7_keyframe_3,1.0
Fast-FoundationStereo,dataset_7_keyframe_3,1.0
Fast-FoundationStereo,dataset_7_keyframe_3,1.0
Fast-FoundationStereo,dataset_7_keyframe_3,1.0
Fast-FoundationStereo,dataset_7_keyframe_3,1.0
Fast-FoundationStereo,dataset_7_keyframe_3,1.0
Fast-FoundationStereo,dataset_7_keyframe_3,1.0
Fast-FoundationStereo,dataset_7_keyframe_3,1.0
Fast-FoundationStereo,dataset_7_keyframe_3,1.0
Fast-FoundationStereo,dataset_7_keyframe_3,1.0
Fast-FoundationStereo,dataset_7_keyframe_3,1.0
Fast-FoundationStereo,dataset_7_keyframe_3,1.0
Fast-FoundationStereo,dataset_7_keyframe_3,1.0
Fast-FoundationStereo,dataset_7_keyframe_3,1.0
Fast-FoundationStereo,dataset_7_keyframe_3,1.0
Fast-FoundationStereo,dataset_7_keyframe_3,1.0
Fast-FoundationStereo,dataset_7_keyframe_3,1.0
Fast-FoundationStereo,dataset_7_keyframe_3,1.0
Fast-FoundationStereo,dataset_7_keyframe_3,1.0
Fast-FoundationStereo,dataset_7_keyframe_3,1.0
Fast-FoundationStereo,dataset_7_keyframe_3,1.0
Fast-FoundationStereo,dataset_7_keyframe_3,1.0
Fast-FoundationStereo,dataset_7_keyframe_3,1.0
Fast-FoundationStereo,dataset_7_keyframe_3,1.0
Fast-FoundationStereo,dataset_7_keyframe_3,1.0
Fast-FoundationStereo,dataset_7_keyframe_3,1.0
Fast-FoundationStereo,dataset_7_keyframe_3,1.0
Fast-FoundationStereo,dataset_7_keyframe_3,1.0
Fast-FoundationStereo,dataset_7_keyframe_3,1.0
Fast-FoundationStereo,dataset_7_keyframe_3,1.0
Fast-FoundationStereo,dataset_7_keyframe_3,1.0
Fast-FoundationStereo,dataset_7_keyframe_3,1.0
Fast-FoundationStereo,dataset_7_keyframe_3,1.0
Fast-FoundationStereo,dataset_7_keyframe_3,1.0
Fast-FoundationStereo,dataset_7_keyframe_3,1.0
Fast-FoundationStereo,dataset_7_keyframe_3,1.0
Fast-FoundationStereo,dataset_7_keyframe_3,1.0
Fast-FoundationStereo,dataset_7_keyframe_3,1.0
Fast-FoundationStereo,dataset_7_keyframe_3,1.0
Fast-FoundationStereo,dataset_7_keyframe_3,1.0
Fast-FoundationStereo,dataset_7_keyframe_3,1.0
Fast-FoundationStereo,dataset_7_keyframe_3,1.0
Fast-FoundationStereo,dataset_7_keyframe_3,1.0
Fast-FoundationStereo,dataset_7_keyframe_3,1.0
Fast-FoundationStereo,dataset_7_keyframe_3,1.0
Fast-FoundationStereo,dataset_7_keyframe_3,1.0
Fast-FoundationStereo,dataset_7_keyframe_3,1.0
Fast-FoundationStereo,dataset_7_keyframe_3,0.9986363636363637
Fast-FoundationStereo,dataset_7_keyframe_3,1.0
Fast-FoundationStereo,dataset_7_keyframe_3,1.0
Fast-FoundationStereo,dataset_7_keyframe_3,1.0
Fast-FoundationStereo,dataset_7_keyframe_3,1.0
Fast-FoundationStereo,dataset_7_keyframe_3,0.9985666507405638
Fast-FoundationStereo,dataset_7_keyframe_3,0.9739897816999535
Fast-FoundationStereo,dataset_7_keyframe_3,0.9787334593572778
Fast-FoundationStereo,dataset_7_keyframe_3,0.982840800762631
Fast-FoundationStereo,dataset_7_keyframe_3,0.9932918064206996
Fast-FoundationStereo,dataset_7_keyframe_3,1.0
Fast-FoundationStereo,dataset_7_keyframe_3,1.0
Fast-FoundationStereo,dataset_7_keyframe_3,1.0
Fast-FoundationStereo,dataset_7_keyframe_3,1.0
Fast-FoundationStereo,dataset_7_keyframe_3,1.0
Fast-FoundationStereo,dataset_7_keyframe_3,1.0
Fast-FoundationStereo,dataset_7_keyframe_3,1.0
Fast-FoundationStereo,dataset_7_keyframe_3,1.0
Fast-FoundationStereo,dataset_7_keyframe_3,1.0
Fast-FoundationStereo,dataset_7_keyframe_3,1.0
Fast-FoundationStereo,dataset_7_keyframe_3,1.0
Fast-FoundationStereo,dataset_7_keyframe_3,1.0
Fast-FoundationStereo,dataset_7_keyframe_3,1.0
Fast-FoundationStereo,dataset_7_keyframe_3,1.0
Fast-FoundationStereo,dataset_7_keyframe_3,1.0
Fast-FoundationStereo,dataset_7_keyframe_3,1.0
Fast-FoundationStereo,dataset_7_keyframe_3,1.0
Fast-FoundationStereo,dataset_7_keyframe_3,1.0
Fast-FoundationStereo,dataset_7_keyframe_3,1.0
Fast-FoundationStereo,dataset_7_keyframe_3,1.0
Fast-FoundationStereo,dataset_7_keyframe_3,1.0
Fast-FoundationStereo,dataset_7_keyframe_3,1.0
Fast-FoundationStereo,dataset_7_keyframe_3,1.0
Fast-FoundationStereo,dataset_7_keyframe_3,1.0
Fast-FoundationStereo,dataset_7_keyframe_3,1.0
Fast-FoundationStereo,dataset_7_keyframe_3,1.0
Fast-FoundationStereo,dataset_7_keyframe_3,1.0
Fast-FoundationStereo,dataset_7_keyframe_3,1.0
Fast-FoundationStereo,dataset_7_keyframe_3,1.0
Fast-FoundationStereo,dataset_7_keyframe_3,1.0
Fast-FoundationStereo,dataset_7_keyframe_3,1.0
Fast-FoundationStereo,dataset_7_keyframe_3,1.0
Fast-FoundationStereo,dataset_7_keyframe_3,1.0
Fast-FoundationStereo,dataset_7_keyframe_3,1.0
Fast-FoundationStereo,dataset_7_keyframe_3,1.0
Fast-FoundationStereo,dataset_7_keyframe_3,1.0
Fast-FoundationStereo,dataset_7_keyframe_3,1.0
Fast-FoundationStereo,dataset_7_keyframe_3,1.0
Fast-FoundationStereo,dataset_7_keyframe_3,1.0
Fast-FoundationStereo,dataset_7_keyframe_3,1.0
Fast-FoundationStereo,dataset_7_keyframe_3,1.0
Fast-FoundationStereo,dataset_7_keyframe_3,1.0
Fast-FoundationStereo,dataset_7_keyframe_3,1.0
Fast-FoundationStereo,dataset_7_keyframe_3,1.0
Fast-FoundationStereo,dataset_7_keyframe_3,1.0
Fast-FoundationStereo,dataset_7_keyframe_3,1.0
Fast-FoundationStereo,dataset_7_keyframe_3,1.0
Fast-FoundationStereo,dataset_7_keyframe_3,1.0
Fast-FoundationStereo,dataset_7_keyframe_3,1.0
Fast-FoundationStereo,dataset_7_keyframe_3,1.0
Fast-FoundationStereo,dataset_7_keyframe_3,1.0
Fast-FoundationStereo,dataset_7_keyframe_3,1.0
Fast-FoundationStereo,dataset_7_keyframe_3,1.0
Fast-FoundationStereo,dataset_7_keyframe_3,1.0
Fast-FoundationStereo,dataset_7_keyframe_3,1.0
Fast-FoundationStereo,dataset_7_keyframe_3,1.0
Fast-FoundationStereo,dataset_7_keyframe_3,1.0
Fast-FoundationStereo,dataset_7_keyframe_3,1.0
Fast-FoundationStereo,dataset_7_keyframe_3,1.0
Fast-FoundationStereo,dataset_7_keyframe_3,0.9980353634577603
Fast-FoundationStereo,dataset_7_keyframe_3,0.9980806142034548
Fast-FoundationStereo,dataset_7_keyframe_3,1.0
Fast-FoundationStereo,dataset_7_keyframe_3,0.9825581395348837
Fast-FoundationStereo,dataset_7_keyframe_3,0.9865900383141762
Fast-FoundationStereo,dataset_7_keyframe_3,1.0
Fast-FoundationStereo,dataset_7_keyframe_3,1.0
Fast-FoundationStereo,dataset_7_keyframe_3,1.0
Fast-FoundationStereo,dataset_7_keyframe_3,0.9805068226120858
Fast-FoundationStereo,dataset_7_keyframe_3,0.984251968503937
Fast-FoundationStereo,dataset_7_keyframe_3,0.9938650306748467
Fast-FoundationStereo,dataset_7_keyframe_3,0.9939271255060729
Fast-FoundationStereo,dataset_7_keyframe_3,1.0
Fast-FoundationStereo,dataset_7_keyframe_3,1.0
Fast-FoundationStereo,dataset_7_keyframe_3,1.0
Fast-FoundationStereo,dataset_7_keyframe_3,1.0
Fast-FoundationStereo,dataset_7_keyframe_3,1.0
Fast-FoundationStereo,dataset_7_keyframe_3,1.0
Fast-FoundationStereo,dataset_7_keyframe_3,1.0
Fast-FoundationStereo,dataset_7_keyframe_3,1.0
Fast-FoundationStereo,dataset_7_keyframe_3,1.0
Fast-FoundationStereo,dataset_7_keyframe_3,1.0
Fast-FoundationStereo,dataset_7_keyframe_3,1.0
Fast-FoundationStereo,dataset_7_keyframe_3,1.0
Fast-FoundationStereo,dataset_7_keyframe_3,1.0
Fast-FoundationStereo,dataset_7_keyframe_3,1.0
Fast-FoundationStereo,dataset_7_keyframe_3,1.0
Fast-FoundationStereo,dataset_7_keyframe_3,1.0
Fast-FoundationStereo,dataset_7_keyframe_3,1.0
Fast-FoundationStereo,dataset_7_keyframe_3,1.0
Fast-FoundationStereo,dataset_7_keyframe_3,1.0
Fast-FoundationStereo,dataset_7_keyframe_3,1.0
Fast-FoundationStereo,dataset_7_keyframe_3,1.0
Fast-FoundationStereo,dataset_7_keyframe_3,1.0
Fast-FoundationStereo,dataset_7_keyframe_3,1.0
Fast-FoundationStereo,dataset_7_keyframe_3,1.0
Fast-FoundationStereo,dataset_7_keyframe_3,1.0
Fast-FoundationStereo,dataset_7_keyframe_3,1.0
Fast-FoundationStereo,dataset_7_keyframe_3,1.0
Fast-FoundationStereo,dataset_7_keyframe_3,1.0
Fast-FoundationStereo,dataset_7_keyframe_3,1.0
Fast-FoundationStereo,dataset_7_keyframe_3,1.0
Fast-FoundationStereo,dataset_7_keyframe_3,1.0
Fast-FoundationStereo,dataset_7_keyframe_3,1.0
Fast-FoundationStereo,dataset_7_keyframe_3,1.0
Fast-FoundationStereo,dataset_7_keyframe_3,1.0
Fast-FoundationStereo,dataset_7_keyframe_3,1.0
Fast-FoundationStereo,dataset_7_keyframe_3,0.9358288770053476
Fast-FoundationStereo,dataset_7_keyframe_3,1.0
Fast-FoundationStereo,dataset_7_keyframe_3,1.0
Fast-FoundationStereo,dataset_7_keyframe_3,0.8973214285714286
Fast-FoundationStereo,dataset_7_keyframe_3,0.9765258215962441
Fast-FoundationStereo,dataset_7_keyframe_3,0.9555555555555556
Fast-FoundationStereo,dataset_7_keyframe_3,0.9369369369369369
Fast-FoundationStereo,dataset_7_keyframe_3,1.0
Fast-FoundationStereo,dataset_7_keyframe_3,1.0
Fast-FoundationStereo,dataset_7_keyframe_3,0.9883040935672515
Fast-FoundationStereo,dataset_7_keyframe_3,0.9941176470588236
Fast-FoundationStereo,dataset_7_keyframe_3,1.0
Fast-FoundationStereo,dataset_7_keyframe_3,0.9938650306748467
Fast-FoundationStereo,dataset_7_keyframe_3,1.0
Fast-FoundationStereo,dataset_7_keyframe_3,0.9941176470588236
Fast-FoundationStereo,dataset_7_keyframe_3,0.936046511627907
Fast-FoundationStereo,dataset_7_keyframe_3,0.7909604519774012
Fast-FoundationStereo,dataset_7_keyframe_3,0.7759562841530054
Fast-FoundationStereo,dataset_7_keyframe_3,0.7807486631016043
Fast-FoundationStereo,dataset_7_keyframe_3,0.743455497382199
Fast-FoundationStereo,dataset_7_keyframe_3,0.6197183098591549
Fast-FoundationStereo,dataset_7_keyframe_3,0.46255506607929514
Fast-FoundationStereo,dataset_7_keyframe_3,0.4541832669322709
Fast-FoundationStereo,dataset_7_keyframe_3,0.3795620437956204
Fast-FoundationStereo,dataset_7_keyframe_3,0.3957597173144876
Fast-FoundationStereo,dataset_7_keyframe_3,0.3409090909090909
Fast-FoundationStereo,dataset_7_keyframe_3,0.3302752293577982
Fast-FoundationStereo,dataset_7_keyframe_3,0.3489736070381232
Fast-FoundationStereo,dataset_7_keyframe_3,0.36944444444444446
Fast-FoundationStereo,dataset_7_keyframe_3,0.3785900783289817
Fast-FoundationStereo,dataset_7_keyframe_3,0.4004914004914005
Fast-FoundationStereo,dataset_7_keyframe_3,0.4449648711943794
Fast-FoundationStereo,dataset_7_keyframe_3,0.48427672955974843
Fast-FoundationStereo,dataset_7_keyframe_3,0.5568445475638051
Fast-FoundationStereo,dataset_7_keyframe_3,0.6082004555808656
Fast-FoundationStereo,dataset_7_keyframe_3,0.6288888888888889
Fast-FoundationStereo,dataset_7_keyframe_3,0.6862745098039216
Fast-FoundationStereo,dataset_7_keyframe_3,0.7142857142857143
Fast-FoundationStereo,dataset_7_keyframe_3,0.7259713701431493
Fast-FoundationStereo,dataset_7_keyframe_3,0.792
Fast-FoundationStereo,dataset_7_keyframe_3,0.7421875
Fast-FoundationStereo,dataset_7_keyframe_3,0.6872659176029963
Fast-FoundationStereo,dataset_7_keyframe_3,0.644524236983842
Fast-FoundationStereo,dataset_7_keyframe_3,0.6381260096930533
Fast-FoundationStereo,dataset_7_keyframe_3,0.6758508914100486
Fast-FoundationStereo,dataset_7_keyframe_3,0.7781456953642384
CREStereo,dataset_7_keyframe_4,0.9995596653456627
CREStereo,dataset_7_keyframe_4,0.9991581946512983
CREStereo,dataset_7_keyframe_4,0.9997977618983417
CREStereo,dataset_7_keyframe_4,0.9992967156621422
CREStereo,dataset_7_keyframe_4,0.9997020040229457
CREStereo,dataset_7_keyframe_4,0.9992125984251968
CREStereo,dataset_7_keyframe_4,0.9994130963360442
CREStereo,dataset_7_keyframe_4,0.9998190700199023
CREStereo,dataset_7_keyframe_4,0.9999024485416057
CREStereo,dataset_7_keyframe_4,1.0
CREStereo,dataset_7_keyframe_4,1.0
CREStereo,dataset_7_keyframe_4,1.0
CREStereo,dataset_7_keyframe_4,1.0
CREStereo,dataset_7_keyframe_4,1.0
CREStereo,dataset_7_keyframe_4,1.0
CREStereo,dataset_7_keyframe_4,1.0
CREStereo,dataset_7_keyframe_4,0.9976654994163748
CREStereo,dataset_7_keyframe_4,0.9937127729980145
CREStereo,dataset_7_keyframe_4,0.9882220070990642
CREStereo,dataset_7_keyframe_4,0.9827051721324849
CREStereo,dataset_7_keyframe_4,0.9661648049214829
CREStereo,dataset_7_keyframe_4,0.9548536464362494
CREStereo,dataset_7_keyframe_4,0.9401609118337244
CREStereo,dataset_7_keyframe_4,0.915177065767285
CREStereo,dataset_7_keyframe_4,0.904574940252646
CREStereo,dataset_7_keyframe_4,0.8972662371582797
CREStereo,dataset_7_keyframe_4,0.9048199060379328
CREStereo,dataset_7_keyframe_4,0.9192647323842134
CREStereo,dataset_7_keyframe_4,0.9246636771300448
CREStereo,dataset_7_keyframe_4,0.9414348462664714
CREStereo,dataset_7_keyframe_4,0.9652061855670103
CREStereo,dataset_7_keyframe_4,0.9939237709445774
CREStereo,dataset_7_keyframe_4,0.9985760056959773
CREStereo,dataset_7_keyframe_4,0.997037811465412
CREStereo,dataset_7_keyframe_4,0.9949195596951735
CREStereo,dataset_7_keyframe_4,0.9780808572820263
CREStereo,dataset_7_keyframe_4,0.9792307692307692
CREStereo,dataset_7_keyframe_4,0.982161753590325
CREStereo,dataset_7_keyframe_4,0.9826776277157957
CREStereo,dataset_7_keyframe_4,0.9780595526428266
CREStereo,dataset_7_keyframe_4,0.978797600781141
CREStereo,dataset_7_keyframe_4,0.98
CREStereo,dataset_7_keyframe_4,0.9824443848834092
CREStereo,dataset_7_keyframe_4,0.9847127042698999
CREStereo,dataset_7_keyframe_4,0.9753934549088183
CREStereo,dataset_7_keyframe_4,0.9733542319749217
CREStereo,dataset_7_keyframe_4,0.9658914728682171
CREStereo,dataset_7_keyframe_4,0.9633049242424242
CREStereo,dataset_7_keyframe_4,0.9585444495624136
CREStereo,dataset_7_keyframe_4,0.957939131425966
CREStereo,dataset_7_keyframe_4,0.956613638891979
CREStereo,dataset_7_keyframe_4,0.9575476899327379
CREStereo,dataset_7_keyframe_4,0.9594399377708634
CREStereo,dataset_7_keyframe_4,0.9634010265565722
CREStereo,dataset_7_keyframe_4,0.9639786701490913
CREStereo,dataset_7_keyframe_4,0.9694189602446484
CREStereo,dataset_7_keyframe_4,0.9707704009562099
CREStereo,dataset_7_keyframe_4,0.9736728992048141
CREStereo,dataset_7_keyframe_4,0.9758671124111993
CREStereo,dataset_7_keyframe_4,0.9770199370409234
CREStereo,dataset_7_keyframe_4,0.9780984014947063
CREStereo,dataset_7_keyframe_4,0.9783127529314102
CREStereo,dataset_7_keyframe_4,0.9779124717485104
CREStereo,dataset_7_keyframe_4,0.9789367088607595
CREStereo,dataset_7_keyframe_4,0.9740777666999003
CREStereo,dataset_7_keyframe_4,0.9699322000589564
CREStereo,dataset_7_keyframe_4,0.9669719407638347
CREStereo,dataset_7_keyframe_4,0.9576002307470436
CREStereo,dataset_7_keyframe_4,0.9592149353757778
CREStereo,dataset_7_keyframe_4,0.9572747169093159
CREStereo,dataset_7_keyframe_4,0.9499906524584034
CREStereo,dataset_7_keyframe_4,0.9560798209623275
CREStereo,dataset_7_keyframe_4,0.9626831290887312
CREStereo,dataset_7_keyframe_4,0.9686238532110092
CREStereo,dataset_7_keyframe_4,0.9745252008765523
CREStereo,dataset_7_keyframe_4,0.9733574988672405
CREStereo,dataset_7_keyframe_4,0.978369083174948
CREStereo,dataset_7_keyframe_4,0.9908215603347431
CREStereo,dataset_7_keyframe_4,0.9911360347322721
CREStereo,dataset_7_keyframe_4,0.9936183790682833
CREStereo,dataset_7_keyframe_4,0.996605193136985
CREStereo,dataset_7_keyframe_4,0.9965622967574096
CREStereo,dataset_7_keyframe_4,0.9985940575499109
CREStereo,dataset_7_keyframe_4,0.9984857088775317
CREStereo,dataset_7_keyframe_4,1.0
CREStereo,dataset_7_keyframe_4,1.0
CREStereo,dataset_7_keyframe_4,1.0
CREStereo,dataset_7_keyframe_4,1.0
CREStereo,dataset_7_keyframe_4,1.0
CREStereo,dataset_7_keyframe_4,1.0
CREStereo,dataset_7_keyframe_4,1.0
CREStereo,dataset_7_keyframe_4,1.0
CREStereo,dataset_7_keyframe_4,1.0
CREStereo,dataset_7_keyframe_4,1.0
CREStereo,dataset_7_keyframe_4,1.0
CREStereo,dataset_7_keyframe_4,0.9996702571993845
CREStereo,dataset_7_keyframe_4,0.9998873366381252
CREStereo,dataset_7_keyframe_4,0.9990941003283886
CREStereo,dataset_7_keyframe_4,0.9990806711100896
CREStereo,dataset_7_keyframe_4,0.9994182664339732
CREStereo,dataset_7_keyframe_4,0.9994139709329583
CREStereo,dataset_7_keyframe_4,0.9994051867713538
CREStereo,dataset_7_keyframe_4,0.9996391194514616
CREStereo,dataset_7_keyframe_4,1.0
CREStereo,dataset_7_keyframe_4,1.0
CREStereo,dataset_7_keyframe_4,1.0
CREStereo,dataset_7_keyframe_4,1.0
CREStereo,dataset_7_keyframe_4,1.0
CREStereo,dataset_7_keyframe_4,1.0
CREStereo,dataset_7_keyframe_4,1.0
CREStereo,dataset_7_keyframe_4,1.0
CREStereo,dataset_7_keyframe_4,1.0
CREStereo,dataset_7_keyframe_4,1.0
CREStereo,dataset_7_keyframe_4,1.0
CREStereo,dataset_7_keyframe_4,1.0
CREStereo,dataset_7_keyframe_4,1.0
CREStereo,dataset_7_keyframe_4,1.0
CREStereo,dataset_7_keyframe_4,1.0
CREStereo,dataset_7_keyframe_4,1.0
CREStereo,dataset_7_keyframe_4,1.0
CREStereo,dataset_7_keyframe_4,1.0
CREStereo,dataset_7_keyframe_4,1.0
CREStereo,dataset_7_keyframe_4,1.0
CREStereo,dataset_7_keyframe_4,1.0
CREStereo,dataset_7_keyframe_4,1.0
CREStereo,dataset_7_keyframe_4,1.0
CREStereo,dataset_7_keyframe_4,1.0
CREStereo,dataset_7_keyframe_4,1.0
CREStereo,dataset_7_keyframe_4,1.0
CREStereo,dataset_7_keyframe_4,1.0
CREStereo,dataset_7_keyframe_4,1.0
CREStereo,dataset_7_keyframe_4,1.0
CREStereo,dataset_7_keyframe_4,1.0
CREStereo,dataset_7_keyframe_4,1.0
CREStereo,dataset_7_keyframe_4,1.0
CREStereo,dataset_7_keyframe_4,1.0
CREStereo,dataset_7_keyframe_4,1.0
CREStereo,dataset_7_keyframe_4,1.0
CREStereo,dataset_7_keyframe_4,1.0
CREStereo,dataset_7_keyframe_4,1.0
CREStereo,dataset_7_keyframe_4,1.0
CREStereo,dataset_7_keyframe_4,1.0
CREStereo,dataset_7_keyframe_4,1.0
CREStereo,dataset_7_keyframe_4,1.0
CREStereo,dataset_7_keyframe_4,1.0
CREStereo,dataset_7_keyframe_4,1.0
CREStereo,dataset_7_keyframe_4,1.0
CREStereo,dataset_7_keyframe_4,1.0
CREStereo,dataset_7_keyframe_4,1.0
CREStereo,dataset_7_keyframe_4,1.0
CREStereo,dataset_7_keyframe_4,1.0
CREStereo,dataset_7_keyframe_4,1.0
CREStereo,dataset_7_keyframe_4,1.0
CREStereo,dataset_7_keyframe_4,1.0
CREStereo,dataset_7_keyframe_4,1.0
CREStereo,dataset_7_keyframe_4,1.0
CREStereo,dataset_7_keyframe_4,1.0
CREStereo,dataset_7_keyframe_4,1.0
CREStereo,dataset_7_keyframe_4,1.0
CREStereo,dataset_7_keyframe_4,1.0
CREStereo,dataset_7_keyframe_4,1.0
CREStereo,dataset_7_keyframe_4,1.0
CREStereo,dataset_7_keyframe_4,1.0
CREStereo,dataset_7_keyframe_4,1.0
CREStereo,dataset_7_keyframe_4,1.0
CREStereo,dataset_7_keyframe_4,1.0
CREStereo,dataset_7_keyframe_4,1.0
CREStereo,dataset_7_keyframe_4,1.0
CREStereo,dataset_7_keyframe_4,1.0
CREStereo,dataset_7_keyframe_4,1.0
CREStereo,dataset_7_keyframe_4,0.9995468962392388
CREStereo,dataset_7_keyframe_4,0.9990740740740741
CREStereo,dataset_7_keyframe_4,0.9981438515081207
CREStereo,dataset_7_keyframe_4,0.9954191479615209
CREStereo,dataset_7_keyframe_4,0.9911380597014925
CREStereo,dataset_7_keyframe_4,0.9869036482694107
CREStereo,dataset_7_keyframe_4,0.987329892069451
CREStereo,dataset_7_keyframe_4,0.9817330210772833
CREStereo,dataset_7_keyframe_4,0.9828226555246053
CREStereo,dataset_7_keyframe_4,0.9834905660377359
CREStereo,dataset_7_keyframe_4,0.984089845577913
CREStereo,dataset_7_keyframe_4,0.9847546450690805
CREStereo,dataset_7_keyframe_4,0.9742870500233755
CREStereo,dataset_7_keyframe_4,0.9806054872280038
CREStereo,dataset_7_keyframe_4,0.9824727617243013
CREStereo,dataset_7_keyframe_4,0.9863593603010348
CREStereo,dataset_7_keyframe_4,0.988968824940048
CREStereo,dataset_7_keyframe_4,0.9885057471264368
CREStereo,dataset_7_keyframe_4,0.9878404669260701
CREStereo,dataset_7_keyframe_4,0.9941434846266471
CREStereo,dataset_7_keyframe_4,0.9907181240840254
CREStereo,dataset_7_keyframe_4,0.9965277777777778
CREStereo,dataset_7_keyframe_4,0.9959534648457259
CREStereo,dataset_7_keyframe_4,0.9928861788617886
CREStereo,dataset_7_keyframe_4,0.9959141981613892
CREStereo,dataset_7_keyframe_4,0.9957401490947817
CREStereo,dataset_7_keyframe_4,0.9956850053937433
CREStereo,dataset_7_keyframe_4,0.9983624454148472
CREStereo,dataset_7_keyframe_4,0.9972647702407003
CREStereo,dataset_7_keyframe_4,0.9983183856502242
CREStereo,dataset_7_keyframe_4,1.0
CREStereo,dataset_7_keyframe_4,1.0
CREStereo,dataset_7_keyframe_4,1.0
CREStereo,dataset_7_keyframe_4,1.0
CREStereo,dataset_7_keyframe_4,0.9994033412887828
CREStereo,dataset_7_keyframe_4,1.0
CREStereo,dataset_7_keyframe_4,0.9969192852741836
CREStereo,dataset_7_keyframe_4,0.9937694704049844
CREStereo,dataset_7_keyframe_4,0.989355040701315
CREStereo,dataset_7_keyframe_4,0.9732484076433121
CREStereo,dataset_7_keyframe_4,0.9739921976592978
CREStereo,dataset_7_keyframe_4,0.9727157360406091
CREStereo,dataset_7_keyframe_4,0.9715729627289956
CREStereo,dataset_7_keyframe_4,0.9729219143576826
CREStereo,dataset_7_keyframe_4,0.9595704358812381
CREStereo,dataset_7_keyframe_4,0.9509621353196772
CREStereo,dataset_7_keyframe_4,0.9509685230024213
CREStereo,dataset_7_keyframe_4,0.938885560215698
CREStereo,dataset_7_keyframe_4,0.9277320799059929
CREStereo,dataset_7_keyframe_4,0.944877171959257
CREStereo,dataset_7_keyframe_4,0.9294724770642202
CREStereo,dataset_7_keyframe_4,0.9195011337868481
CREStereo,dataset_7_keyframe_4,0.9071545603495358
CREStereo,dataset_7_keyframe_4,0.9041980624327234
CREStereo,dataset_7_keyframe_4,0.8988222698072805
CREStereo,dataset_7_keyframe_4,0.8935837245696401
CREStereo,dataset_7_keyframe_4,0.8795119471276055
CREStereo,dataset_7_keyframe_4,0.8736998514115899
CREStereo,dataset_7_keyframe_4,0.8686868686868687
CREStereo,dataset_7_keyframe_4,0.8811881188118812
CREStereo,dataset_7_keyframe_4,0.8898823529411765
CREStereo,dataset_7_keyframe_4,0.8715898400752587
CREStereo,dataset_7_keyframe_4,0.8659652333028363
CREStereo,dataset_7_keyframe_4,0.863734368262182
CREStereo,dataset_7_keyframe_4,0.8694709453599306
CREStereo,dataset_7_keyframe_4,0.8791439362148552
CREStereo,dataset_7_keyframe_4,0.883902840675175
CREStereo,dataset_7_keyframe_4,0.8903225806451613
CREStereo,dataset_7_keyframe_4,0.8796664019062749
CREStereo,dataset_7_keyframe_4,0.8691950464396285
CREStereo,dataset_7_keyframe_4,0.882262996941896
CREStereo,dataset_7_keyframe_4,0.8750467639356528
CREStereo,dataset_7_keyframe_4,0.8658227848101265
CREStereo,dataset_7_keyframe_4,0.8683926645091694
CREStereo,dataset_7_keyframe_4,0.862093352192362
CREStereo,dataset_7_keyframe_4,0.8662333219295245
CREStereo,dataset_7_keyframe_4,0.867055994503607
CREStereo,dataset_7_keyframe_4,0.8682065217391305
CREStereo,dataset_7_keyframe_4,0.8762886597938144
CREStereo,dataset_7_keyframe_4,0.874
CREStereo,dataset_7_keyframe_4,0.8790375741595253
CREStereo,dataset_7_keyframe_4,0.8809759314210353
CREStereo,dataset_7_keyframe_4,0.8819534282018111
CREStereo,dataset_7_keyframe_4,0.8792179123304951
CREStereo,dataset_7_keyframe_4,0.8782472613458528
CREStereo,dataset_7_keyframe_4,0.8776729559748427
CREStereo,dataset_7_keyframe_4,0.8785714285714286
CREStereo,dataset_7_keyframe_4,0.8811881188118812
CREStereo,dataset_7_keyframe_4,0.8776463262764632
CREStereo,dataset_7_keyframe_4,0.8784396734200182
CREStereo,dataset_7_keyframe_4,0.8819110576923077
CREStereo,dataset_7_keyframe_4,0.8864249325741684
CREStereo,dataset_7_keyframe_4,0.8869047619047619
CREStereo,dataset_7_keyframe_4,0.8883693746347165
CREStereo,dataset_7_keyframe_4,0.896551724137931
CREStereo,dataset_7_keyframe_4,0.906670567583382
CREStereo,dataset_7_keyframe_4,0.9047756041426928
CREStereo,dataset_7_keyframe_4,0.9123404255319149
CREStereo,dataset_7_keyframe_4,0.9144981412639405
CREStereo,dataset_7_keyframe_4,0.9255654165473804
CREStereo,dataset_7_keyframe_4,0.9305477131564088
CREStereo,dataset_7_keyframe_4,0.9352456688440783
CREStereo,dataset_7_keyframe_4,0.9409946614217477
CREStereo,dataset_7_keyframe_4,0.9436541143654115
CREStereo,dataset_7_keyframe_4,0.9469570072585148
CREStereo,dataset_7_keyframe_4,0.9454794520547946
CREStereo,dataset_7_keyframe_4,0.9443225452550741
CREStereo,dataset_7_keyframe_4,0.9374660141381186
CREStereo,dataset_7_keyframe_4,0.9422972237343494
CREStereo,dataset_7_keyframe_4,0.940550859012817
CREStereo,dataset_7_keyframe_4,0.9361532322426177
CREStereo,dataset_7_keyframe_4,0.9373340414232607
CREStereo,dataset_7_keyframe_4,0.9404446797247221
CREStereo,dataset_7_keyframe_4,0.9345941686367218
CREStereo,dataset_7_keyframe_4,0.9389732844421163
CREStereo,dataset_7_keyframe_4,0.9425078043704475
CREStereo,dataset_7_keyframe_4,0.9436877946568885
CREStereo,dataset_7_keyframe_4,0.950154958677686
CREStereo,dataset_7_keyframe_4,0.9510996119016818
CREStereo,dataset_7_keyframe_4,0.9550038789759504
CREStereo,dataset_7_keyframe_4,0.9632314862765406
CREStereo,dataset_7_keyframe_4,0.9733542319749217
CREStereo,dataset_7_keyframe_4,0.975176378364254
CREStereo,dataset_7_keyframe_4,0.9753630705394191
CREStereo,dataset_7_keyframe_4,0.9801047120418848
CREStereo,dataset_7_keyframe_4,0.9830464267083986
CREStereo,dataset_7_keyframe_4,0.9858416360776088
CREStereo,dataset_7_keyframe_4,0.9896276595744681
CREStereo,dataset_7_keyframe_4,0.9920739762219286
CREStereo,dataset_7_keyframe_4,0.9920149055097152
CREStereo,dataset_7_keyframe_4,0.9908331086546239
CREStereo,dataset_7_keyframe_4,0.9908405172413793
CREStereo,dataset_7_keyframe_4,0.9923684927773235
CREStereo,dataset_7_keyframe_4,0.9899945916711737
CREStereo,dataset_7_keyframe_4,0.9915045217867909
CREStereo,dataset_7_keyframe_4,0.9901126064268059
CREStereo,dataset_7_keyframe_4,0.9918903803131991
CREStereo,dataset_7_keyframe_4,0.9912379875635953
CREStereo,dataset_7_keyframe_4,0.9943518780005648
CREStereo,dataset_7_keyframe_4,0.9934285714285714
CREStereo,dataset_7_keyframe_4,0.9945791726105564
CREStereo,dataset_7_keyframe_4,0.9959712230215827
CREStereo,dataset_7_keyframe_4,0.9956433343014812
CREStereo,dataset_7_keyframe_4,0.9967845659163987
CREStereo,dataset_7_keyframe_4,0.9970828471411902
CREStereo,dataset_7_keyframe_4,0.9979411764705882
CREStereo,dataset_7_keyframe_4,0.998820406959599
CREStereo,dataset_7_keyframe_4,0.9994028068080024
CREStereo,dataset_7_keyframe_4,0.9991007194244604
CREStereo,dataset_7_keyframe_4,0.9988127040664886
CREStereo,dataset_7_keyframe_4,0.9993917274939172
CREStereo,dataset_7_keyframe_4,0.9993935718617344
CREStereo,dataset_7_keyframe_4,0.9993870671161508
CREStereo,dataset_7_keyframe_4,0.9993881921076782
CREStereo,dataset_7_keyframe_4,0.9993832870798643
CREStereo,dataset_7_keyframe_4,0.9978281104560968
CREStereo,dataset_7_keyframe_4,0.9993714644877436
CREStereo,dataset_7_keyframe_4,0.9962558502340093
CREStereo,dataset_7_keyframe_4,0.9993724505804832
CREStereo,dataset_7_keyframe_4,0.9993736298152208
CREStereo,dataset_7_keyframe_4,0.9993708713431897
CREStereo,dataset_7_keyframe_4,0.9996818326439707
CREStereo,dataset_7_keyframe_4,1.0
CREStereo,dataset_7_keyframe_4,0.9996753246753247
CREStereo,dataset_7_keyframe_4,0.9993550467591099
CREStereo,dataset_7_keyframe_4,1.0
CREStereo,dataset_7_keyframe_4,1.0
CREStereo,dataset_7_keyframe_4,1.0
CREStereo,dataset_7_keyframe_4,1.0
CREStereo,dataset_7_keyframe_4,1.0
CREStereo,dataset_7_keyframe_4,1.0
CREStereo,dataset_7_keyframe_4,1.0
CREStereo,dataset_7_keyframe_4,0.9985935302390999
CREStereo,dataset_7_keyframe_4,1.0
CREStereo,dataset_7_keyframe_4,0.9992952783650458
CREStereo,dataset_7_keyframe_4,0.995484543244182
CREStereo,dataset_7_keyframe_4,0.9826569545612209
CREStereo,dataset_7_keyframe_4,0.969842357779301
CREStereo,dataset_7_keyframe_4,0.9632807137954701
CREStereo,dataset_7_keyframe_4,0.9601461308535371
CREStereo,dataset_7_keyframe_4,0.9320483502123489
CREStereo,dataset_7_keyframe_4,0.9241157556270096
CREStereo,dataset_7_keyframe_4,0.9149952244508118
CREStereo,dataset_7_keyframe_4,0.9245045611827619
CREStereo,dataset_7_keyframe_4,0.9308195699594889
CREStereo,dataset_7_keyframe_4,0.9467418546365914
CREStereo,dataset_7_keyframe_4,0.9495356037151703
CREStereo,dataset_7_keyframe_4,0.953757225433526
CREStereo,dataset_7_keyframe_4,0.9562403697996918
CREStereo,dataset_7_keyframe_4,0.9556589147286821
CREStereo,dataset_7_keyframe_4,0.9578686493184635
CREStereo,dataset_7_keyframe_4,0.9557275541795666
CREStereo,dataset_7_keyframe_4,0.95176752546435
CREStereo,dataset_7_keyframe_4,0.9525179856115108
CREStereo,dataset_7_keyframe_4,0.9543018335684063
CREStereo,dataset_7_keyframe_4,0.9419052863436124
CREStereo,dataset_7_keyframe_4,0.9386805365453053
CREStereo,dataset_7_keyframe_4,0.9457599118942731
CREStereo,dataset_7_keyframe_4,0.9528170968637246
CREStereo,dataset_7_keyframe_4,0.9559888579387187
CREStereo,dataset_7_keyframe_4,0.9708274894810659
CREStereo,dataset_7_keyframe_4,0.9760360868339442
CREStereo,dataset_7_keyframe_4,0.985239852398524
CREStereo,dataset_7_keyframe_4,0.9889393079977311
CREStereo,dataset_7_keyframe_4,0.9869466515323496
CREStereo,dataset_7_keyframe_4,0.985593220338983
CREStereo,dataset_7_keyframe_4,0.9851528384279477
CREStereo,dataset_7_keyframe_4,0.980448533640023
CREStereo,dataset_7_keyframe_4,0.9769274057400112
CREStereo,dataset_7_keyframe_4,0.9762789368390968
CREStereo,dataset_7_keyframe_4,0.9758759333716255
CREStereo,dataset_7_keyframe_4,0.9753440366972477
CREStereo,dataset_7_keyframe_4,0.9735080058224163
CREStereo,dataset_7_keyframe_4,0.9676565715965892
CREStereo,dataset_7_keyframe_4,0.9674109837054918
CREStereo,dataset_7_keyframe_4,0.9712785670166769
CREStereo,dataset_7_keyframe_4,0.9692789968652038
CREStereo,dataset_7_keyframe_4,0.972377507398882
CREStereo,dataset_7_keyframe_4,0.9720688535238714
CREStereo,dataset_7_keyframe_4,0.971185330713818
CREStereo,dataset_7_keyframe_4,0.9753208292201382
CREStereo,dataset_7_keyframe_4,0.9725935828877005
CREStereo,dataset_7_keyframe_4,0.9772346836290593
CREStereo,dataset_7_keyframe_4,0.9766563680054926
CREStereo,dataset_7_keyframe_4,0.9790184921763869
CREStereo,dataset_7_keyframe_4,0.9802371541501976
CREStereo,dataset_7_keyframe_4,0.989792198323004
CREStereo,dataset_7_keyframe_4,0.9917106254709872
CREStereo,dataset_7_keyframe_4,0.9946909366704588
CREStereo,dataset_7_keyframe_4,0.9930928626247122
CREStereo,dataset_7_keyframe_4,0.9964200477326969
CREStereo,dataset_7_keyframe_4,0.9959349593495935
CREStereo,dataset_7_keyframe_4,0.995766299745978
CREStereo,dataset_7_keyframe_4,0.9932432432432432
CREStereo,dataset_7_keyframe_4,0.9934697431432303
CREStereo,dataset_7_keyframe_4,0.9923698384201077
CREStereo,dataset_7_keyframe_4,0.9939365671641791
CREStereo,dataset_7_keyframe_4,0.9904351984696318
CREStereo,dataset_7_keyframe_4,0.9921453117329406
CREStereo,dataset_7_keyframe_4,0.9905378486055777
CREStereo,dataset_7_keyframe_4,0.9907168643630737
CREStereo,dataset_7_keyframe_4,0.9915254237288136
CREStereo,dataset_7_keyframe_4,0.9920550847457628
CREStereo,dataset_7_keyframe_4,0.9917537108301264
CREStereo,dataset_7_keyframe_4,0.9921787709497206
CREStereo,dataset_7_keyframe_4,0.9935597189695551
CREStereo,dataset_7_keyframe_4,0.9940440738534843
CREStereo,dataset_7_keyframe_4,0.9938800489596084
CREStereo,dataset_7_keyframe_4,0.9962453066332916
CREStereo,dataset_7_keyframe_4,0.9968314321926489
CREStereo,dataset_7_keyframe_4,0.9986868023637557
CREStereo,dataset_7_keyframe_4,0.9993288590604027
CREStereo,dataset_7_keyframe_4,0.9993074792243767
CREStereo,dataset_7_keyframe_4,0.9992805755395684
CREStereo,dataset_7_keyframe_4,1.0
CREStereo,dataset_7_keyframe_4,0.9992289899768697
CREStereo,dataset_7_keyframe_4,1.0
CREStereo,dataset_7_keyframe_4,0.9984076433121019
CREStereo,dataset_7_keyframe_4,0.9967948717948718
CREStereo,dataset_7_keyframe_4,0.9975903614457832
CREStereo,dataset_7_keyframe_4,0.9974554707379135
CREStereo,dataset_7_keyframe_4,0.9982773471145564
CREStereo,dataset_7_keyframe_4,0.9982285208148804
CREStereo,dataset_7_keyframe_4,0.9991119005328597
CREStereo,dataset_7_keyframe_4,0.9990990990990991
CREStereo,dataset_7_keyframe_4,0.9990530303030303
CREStereo,dataset_7_keyframe_4,0.9990393852065321
CREStereo,dataset_7_keyframe_4,0.9990412272291467
CREStereo,dataset_7_keyframe_4,0.9979445015416238
CREStereo,dataset_7_keyframe_4,0.998025666337611
CREStereo,dataset_7_keyframe_4,1.0
CREStereo,dataset_7_keyframe_4,1.0
CREStereo,dataset_7_keyframe_4,1.0
CREStereo,dataset_7_keyframe_4,1.0
CREStereo,dataset_7_keyframe_4,1.0
CREStereo,dataset_7_keyframe_4,1.0
CREStereo,dataset_7_keyframe_4,1.0
CREStereo,dataset_7_keyframe_4,0.9987654320987654
CREStereo,dataset_7_keyframe_4,1.0
CREStereo,dataset_7_keyframe_4,0.998719590268886
CREStereo,dataset_7_keyframe_4,1.0
CREStereo,dataset_7_keyframe_4,0.9986504723346828
CREStereo,dataset_7_keyframe_4,1.0
CREStereo,dataset_7_keyframe_4,1.0
CREStereo,dataset_7_keyframe_4,1.0
CREStereo,dataset_7_keyframe_4,1.0
CREStereo,dataset_7_keyframe_4,1.0
CREStereo,dataset_7_keyframe_4,1.0
CREStereo,dataset_7_keyframe_4,1.0
CREStereo,dataset_7_keyframe_4,1.0
CREStereo,dataset_7_keyframe_4,1.0
CREStereo,dataset_7_keyframe_4,1.0
CREStereo,dataset_7_keyframe_4,1.0
CREStereo,dataset_7_keyframe_4,1.0
CREStereo,dataset_7_keyframe_4,1.0
CREStereo,dataset_7_keyframe_4,0.9979296066252588
CREStereo,dataset_7_keyframe_4,0.9978991596638656
CREStereo,dataset_7_keyframe_4,0.9978021978021978
CREStereo,dataset_7_keyframe_4,0.9911111111111112
CREStereo,dataset_7_keyframe_4,0.9977064220183486
CREStereo,dataset_7_keyframe_4,0.997624703087886
CREStereo,dataset_7_keyframe_4,1.0
CREStereo,dataset_7_keyframe_4,0.9976744186046511
CREStereo,dataset_7_keyframe_4,0.9976905311778291
CREStereo,dataset_7_keyframe_4,1.0
CREStereo,dataset_7_keyframe_4,1.0
CREStereo,dataset_7_keyframe_4,1.0
CREStereo,dataset_7_keyframe_4,0.9976190476190476
CREStereo,dataset_7_keyframe_4,1.0
CREStereo,dataset_7_keyframe_4,0.9923857868020305
CREStereo,dataset_7_keyframe_4,0.9975490196078431
CREStereo,dataset_7_keyframe_4,0.9975247524752475
CREStereo,dataset_7_keyframe_4,0.9972602739726028
CREStereo,dataset_7_keyframe_4,0.9973753280839895
CREStereo,dataset_7_keyframe_4,1.0
CREStereo,dataset_7_keyframe_4,0.9971181556195965
CREStereo,dataset_7_keyframe_4,1.0
CREStereo,dataset_7_keyframe_4,0.9971098265895953
CREStereo,dataset_7_keyframe_4,1.0
CREStereo,dataset_7_keyframe_4,1.0
CREStereo,dataset_7_keyframe_4,0.9970238095238095
CREStereo,dataset_7_keyframe_4,1.0
CREStereo,dataset_7_keyframe_4,0.9969230769230769
CREStereo,dataset_7_keyframe_4,1.0
CREStereo,dataset_7_keyframe_4,1.0
CREStereo,dataset_7_keyframe_4,1.0
CREStereo,dataset_7_keyframe_4,1.0
CREStereo,dataset_7_keyframe_4,0.996551724137931
CREStereo,dataset_7_keyframe_4,0.996551724137931
CREStereo,dataset_7_keyframe_4,1.0
CREStereo,dataset_7_keyframe_4,1.0
CREStereo,dataset_7_keyframe_4,1.0
CREStereo,dataset_7_keyframe_4,1.0
CREStereo,dataset_7_keyframe_4,0.996
CREStereo,dataset_7_keyframe_4,0.9963235294117647
CREStereo,dataset_7_keyframe_4,0.9928057553956835
CREStereo,dataset_7_keyframe_4,0.9961538461538462
CREStereo,dataset_7_keyframe_4,0.9894736842105263
CREStereo,dataset_7_keyframe_4,0.9891304347826086
CREStereo,dataset_7_keyframe_4,0.9929328621908127
CREStereo,dataset_7_keyframe_4,0.9893617021276596
CREStereo,dataset_7_keyframe_4,1.0
CREStereo,dataset_7_keyframe_4,1.0
CREStereo,dataset_7_keyframe_4,1.0
CREStereo,dataset_7_keyframe_4,1.0
CREStereo,dataset_7_keyframe_4,1.0
CREStereo,dataset_7_keyframe_4,1.0
CREStereo,dataset_7_keyframe_4,1.0
CREStereo,dataset_7_keyframe_4,1.0
CREStereo,dataset_7_keyframe_4,1.0
CREStereo,dataset_7_keyframe_4,1.0
CREStereo,dataset_7_keyframe_4,1.0
CREStereo,dataset_7_keyframe_4,1.0
CREStereo,dataset_7_keyframe_4,1.0
CREStereo,dataset_7_keyframe_4,1.0
CREStereo,dataset_7_keyframe_4,1.0
CREStereo,dataset_7_keyframe_4,1.0
CREStereo,dataset_7_keyframe_4,1.0
CREStereo,dataset_7_keyframe_4,1.0
CREStereo,dataset_7_keyframe_4,1.0
CREStereo,dataset_7_keyframe_4,1.0
CREStereo,dataset_7_keyframe_4,1.0
CREStereo,dataset_7_keyframe_4,1.0
CREStereo,dataset_7_keyframe_4,0.9957627118644068
CREStereo,dataset_7_keyframe_4,1.0
CREStereo,dataset_7_keyframe_4,0.99581589958159
CREStereo,dataset_7_keyframe_4,1.0
CREStereo,dataset_7_keyframe_4,1.0
CREStereo,dataset_7_keyframe_4,1.0
CREStereo,dataset_7_keyframe_4,1.0
CREStereo,dataset_7_keyframe_4,1.0
CREStereo,dataset_7_keyframe_4,1.0
CREStereo,dataset_7_keyframe_4,0.9963235294117647
CREStereo,dataset_7_keyframe_4,1.0
CREStereo,dataset_7_keyframe_4,1.0
CREStereo,dataset_7_keyframe_4,0.9929577464788732
CREStereo,dataset_7_keyframe_4,1.0
CREStereo,dataset_7_keyframe_4,1.0
CREStereo,dataset_7_keyframe_4,1.0
CREStereo,dataset_7_keyframe_4,1.0
CREStereo,dataset_7_keyframe_4,1.0
CREStereo,dataset_7_keyframe_4,0.9943820224719101
CREStereo,dataset_7_keyframe_4,1.0
CREStereo,dataset_7_keyframe_4,0.9872773536895675
CREStereo,dataset_7_keyframe_4,1.0
CREStereo,dataset_7_keyframe_4,1.0
CREStereo,dataset_7_keyframe_4,1.0
CREStereo,dataset_7_keyframe_4,1.0
CREStereo,dataset_7_keyframe_4,1.0
CREStereo,dataset_7_keyframe_4,0.9955654101995566
CREStereo,dataset_7_keyframe_4,1.0
CREStereo,dataset_7_keyframe_4,0.9954441913439636
CREStereo,dataset_7_keyframe_4,0.9976798143851509
CREStereo,dataset_7_keyframe_4,0.9934924078091106
CREStereo,dataset_7_keyframe_4,1.0
CREStereo,dataset_7_keyframe_4,0.9957716701902748
CREStereo,dataset_7_keyframe_4,0.9867549668874173
CREStereo,dataset_7_keyframe_4,0.9956140350877193
CREStereo,dataset_7_keyframe_4,0.9934924078091106
CREStereo,dataset_7_keyframe_4,0.9977628635346756
CREStereo,dataset_7_keyframe_4,1.0
CREStereo,dataset_7_keyframe_4,0.9977678571428571
CREStereo,dataset_7_keyframe_4,0.9956236323851203
CREStereo,dataset_7_keyframe_4,1.0
CREStereo,dataset_7_keyframe_4,1.0
CREStereo,dataset_7_keyframe_4,1.0
CREStereo,dataset_7_keyframe_4,1.0
CREStereo,dataset_7_keyframe_4,1.0
CREStereo,dataset_7_keyframe_4,1.0
CREStereo,dataset_7_keyframe_4,1.0
CREStereo,dataset_7_keyframe_4,1.0
CREStereo,dataset_7_keyframe_4,1.0
CREStereo,dataset_7_keyframe_4,1.0
CREStereo,dataset_7_keyframe_4,1.0
CREStereo,dataset_7_keyframe_4,1.0
CREStereo,dataset_7_keyframe_4,1.0
CREStereo,dataset_7_keyframe_4,1.0
CREStereo,dataset_7_keyframe_4,1.0
CREStereo,dataset_7_keyframe_4,1.0
CREStereo,dataset_7_keyframe_4,1.0
CREStereo,dataset_7_keyframe_4,1.0
CREStereo,dataset_7_keyframe_4,1.0
CREStereo,dataset_7_keyframe_4,1.0
CREStereo,dataset_7_keyframe_4,1.0
CREStereo,dataset_7_keyframe_4,1.0
CREStereo,dataset_7_keyframe_4,1.0
CREStereo,dataset_7_keyframe_4,1.0
CREStereo,dataset_7_keyframe_4,1.0
CREStereo,dataset_7_keyframe_4,1.0
CREStereo,dataset_7_keyframe_4,1.0
CREStereo,dataset_7_keyframe_4,1.0
CREStereo,dataset_7_keyframe_4,1.0
CREStereo,dataset_7_keyframe_4,1.0
CREStereo,dataset_7_keyframe_4,1.0
CREStereo,dataset_7_keyframe_4,1.0
CREStereo,dataset_7_keyframe_4,1.0
CREStereo,dataset_7_keyframe_4,1.0
CREStereo,dataset_7_keyframe_4,1.0
CREStereo,dataset_7_keyframe_4,1.0
CREStereo,dataset_7_keyframe_4,1.0
CREStereo,dataset_7_keyframe_4,1.0
CREStereo,dataset_7_keyframe_4,1.0
CREStereo,dataset_7_keyframe_4,1.0
CREStereo,dataset_7_keyframe_4,1.0
CREStereo,dataset_7_keyframe_4,1.0
CREStereo,dataset_7_keyframe_4,0.9974554707379135
CREStereo,dataset_7_keyframe_4,1.0
CREStereo,dataset_7_keyframe_4,1.0
CREStereo,dataset_7_keyframe_4,1.0
CREStereo,dataset_7_keyframe_4,1.0
CREStereo,dataset_7_keyframe_4,1.0
CREStereo,dataset_7_keyframe_4,1.0
CREStereo,dataset_7_keyframe_4,1.0
CREStereo,dataset_7_keyframe_4,1.0
CREStereo,dataset_7_keyframe_4,1.0
CREStereo,dataset_7_keyframe_4,1.0
CREStereo,dataset_7_keyframe_4,1.0
CREStereo,dataset_7_keyframe_4,1.0
CREStereo,dataset_7_keyframe_4,0.9900990099009901
CREStereo,dataset_7_keyframe_4,1.0
CREStereo,dataset_7_keyframe_4,1.0
CREStereo,dataset_7_keyframe_4,1.0
CREStereo,dataset_7_keyframe_4,0.9696202531645569
CREStereo,dataset_7_keyframe_4,0.9467005076142132
CREStereo,dataset_7_keyframe_4,0.9356435643564357
CREStereo,dataset_7_keyframe_4,0.9276807980049875
CREStereo,dataset_7_keyframe_4,0.8888888888888888
CREStereo,dataset_7_keyframe_4,0.8158508158508159
CREStereo,dataset_7_keyframe_4,0.7986111111111112
CREStereo,dataset_7_keyframe_4,0.7777777777777778
CREStereo,dataset_7_keyframe_4,0.7877358490566038
CREStereo,dataset_7_keyframe_4,0.8049886621315193
CREStereo,dataset_7_keyframe_4,0.8259109311740891
CREStereo,dataset_7_keyframe_4,0.862
CREStereo,dataset_7_keyframe_4,0.9059304703476483
CREStereo,dataset_7_keyframe_4,0.9338677354709419
CREStereo,dataset_7_keyframe_4,0.9678068410462777
CREStereo,dataset_7_keyframe_4,1.0
CREStereo,dataset_7_keyframe_4,1.0
CREStereo,dataset_7_keyframe_4,1.0
CREStereo,dataset_7_keyframe_4,1.0
CREStereo,dataset_7_keyframe_4,1.0
CREStereo,dataset_7_keyframe_4,1.0
CREStereo,dataset_7_keyframe_4,1.0
CREStereo,dataset_7_keyframe_4,1.0
CREStereo,dataset_7_keyframe_4,1.0
CREStereo,dataset_7_keyframe_4,1.0
CREStereo,dataset_7_keyframe_4,1.0
CREStereo,dataset_7_keyframe_4,1.0
CREStereo,dataset_7_keyframe_4,1.0
CREStereo,dataset_7_keyframe_4,1.0
CREStereo,dataset_7_keyframe_4,1.0
CREStereo,dataset_7_keyframe_4,1.0
CREStereo,dataset_7_keyframe_4,1.0
CREStereo,dataset_7_keyframe_4,1.0
CREStereo,dataset_7_keyframe_4,1.0
CREStereo,dataset_7_keyframe_4,1.0
CREStereo,dataset_7_keyframe_4,1.0
CREStereo,dataset_7_keyframe_4,1.0
CREStereo,dataset_7_keyframe_4,1.0
CREStereo,dataset_7_keyframe_4,1.0
CREStereo,dataset_7_keyframe_4,1.0
CREStereo,dataset_7_keyframe_4,1.0
CREStereo,dataset_7_keyframe_4,1.0
CREStereo,dataset_7_keyframe_4,1.0
CREStereo,dataset_7_keyframe_4,1.0
CREStereo,dataset_7_keyframe_4,1.0
CREStereo,dataset_7_keyframe_4,1.0
CREStereo,dataset_7_keyframe_4,1.0
CREStereo,dataset_7_keyframe_4,1.0
CREStereo,dataset_7_keyframe_4,1.0
CREStereo,dataset_7_keyframe_4,1.0
CREStereo,dataset_7_keyframe_4,1.0
CREStereo,dataset_7_keyframe_4,1.0
CREStereo,dataset_7_keyframe_4,1.0
CREStereo,dataset_7_keyframe_4,0.9925373134328358
CREStereo,dataset_7_keyframe_4,1.0
CREStereo,dataset_7_keyframe_4,0.99
CREStereo,dataset_7_keyframe_4,0.9891304347826086
CREStereo,dataset_7_keyframe_4,1.0
CREStereo,dataset_7_keyframe_4,1.0
CREStereo,dataset_7_keyframe_4,1.0
CREStereo,dataset_7_keyframe_4,1.0
CREStereo,dataset_7_keyframe_4,1.0
CREStereo,dataset_7_keyframe_4,1.0
CREStereo,dataset_7_keyframe_4,1.0
CREStereo,dataset_7_keyframe_4,1.0
CREStereo,dataset_7_keyframe_4,1.0
CREStereo,dataset_7_keyframe_4,1.0
CREStereo,dataset_7_keyframe_4,0.9565217391304348
CREStereo,dataset_7_keyframe_4,0.7692307692307693
CREStereo,dataset_7_keyframe_4,0.3333333333333333
CREStereo,dataset_7_keyframe_4,0.0
CREStereo,dataset_7_keyframe_4,0.0
CREStereo,dataset_7_keyframe_4,0.3333333333333333
CREStereo,dataset_7_keyframe_4,0.0
CREStereo,dataset_7_keyframe_4,0.0
CREStereo,dataset_7_keyframe_4,0.0
CREStereo,dataset_7_keyframe_4,0.0
CREStereo,dataset_7_keyframe_4,0.0
CREStereo,dataset_7_keyframe_4,0.0
CREStereo,dataset_7_keyframe_4,0.3333333333333333
CREStereo,dataset_7_keyframe_4,0.3333333333333333
CREStereo,dataset_7_keyframe_4,0.3333333333333333
CREStereo,dataset_7_keyframe_4,1.0
CREStereo,dataset_7_keyframe_4,1.0
CREStereo,dataset_7_keyframe_4,0.6666666666666666
CREStereo,dataset_7_keyframe_4,0.7272727272727273
CREStereo,dataset_7_keyframe_4,0.5714285714285714
CREStereo,dataset_7_keyframe_4,0.5625
CREStereo,dataset_7_keyframe_4,0.5333333333333333
CREStereo,dataset_7_keyframe_4,0.6153846153846154
CREStereo,dataset_7_keyframe_4,0.625
CREStereo,dataset_7_keyframe_4,0.6551724137931034
CREStereo,dataset_7_keyframe_4,0.5714285714285714
CREStereo,dataset_7_keyframe_4,0.6944444444444444
CREStereo,dataset_7_keyframe_4,0.7555555555555555
CREStereo,dataset_7_keyframe_4,0.82
CREStereo,dataset_7_keyframe_4,0.8269230769230769
CREStereo,dataset_7_keyframe_4,0.7419354838709677
CREStereo,dataset_7_keyframe_4,0.7183098591549296
CREStereo,dataset_7_keyframe_4,0.8032786885245902
CREStereo,dataset_7_keyframe_4,0.8148148148148148
CREStereo,dataset_7_keyframe_4,0.8390804597701149
CREStereo,dataset_7_keyframe_4,0.9130434782608695
CREStereo,dataset_7_keyframe_4,0.8850574712643678
CREStereo,dataset_7_keyframe_4,0.9529411764705882
CREStereo,dataset_7_keyframe_4,0.912621359223301
CREStereo,dataset_7_keyframe_4,0.9339622641509434
CREStereo,dataset_7_keyframe_4,0.8611111111111112
CREStereo,dataset_7_keyframe_4,0.9090909090909091
CREStereo,dataset_7_keyframe_4,0.9159663865546218
CREStereo,dataset_7_keyframe_4,0.864
CREStereo,dataset_7_keyframe_4,0.8368794326241135
CREStereo,dataset_7_keyframe_4,0.85
CREStereo,dataset_7_keyframe_4,0.8303030303030303
CREStereo,dataset_7_keyframe_4,0.8375
CREStereo,dataset_7_keyframe_4,0.8304093567251462
CREStereo,dataset_7_keyframe_4,0.8265895953757225
CREStereo,dataset_7_keyframe_4,0.8648648648648649
CREStereo,dataset_7_keyframe_4,0.8802816901408451
CREStereo,dataset_7_keyframe_4,0.8859060402684564
CREStereo,dataset_7_keyframe_4,0.8333333333333334
CREStereo,dataset_7_keyframe_4,0.8944099378881988
CREStereo,dataset_7_keyframe_4,0.9142857142857143
CREStereo,dataset_7_keyframe_4,0.9834710743801653
CREStereo,dataset_7_keyframe_4,0.9538461538461539
CREStereo,dataset_7_keyframe_4,0.9463087248322147
CREStereo,dataset_7_keyframe_4,0.9689922480620154
CREStereo,dataset_7_keyframe_4,0.9918032786885246
CREStereo,dataset_7_keyframe_4,0.935251798561151
CREStereo,dataset_7_keyframe_4,0.8984375
CREStereo,dataset_7_keyframe_4,0.9078947368421053
CREStereo,dataset_7_keyframe_4,0.9124087591240876
CREStereo,dataset_7_keyframe_4,0.8571428571428571
CREStereo,dataset_7_keyframe_4,0.76875
CREStereo,dataset_7_keyframe_4,0.6255707762557078
CREStereo,dataset_7_keyframe_4,0.5274725274725275
CREStereo,dataset_7_keyframe_4,0.453416149068323
CREStereo,dataset_7_keyframe_4,0.4081081081081081
CREStereo,dataset_7_keyframe_4,0.3625866050808314
CREStereo,dataset_7_keyframe_4,0.42142857142857143
CREStereo,dataset_7_keyframe_4,0.40898876404494383
CREStereo,dataset_7_keyframe_4,0.4018475750577367
CREStereo,dataset_7_keyframe_4,0.5422222222222223
CREStereo,dataset_7_keyframe_4,0.6666666666666666
CREStereo,dataset_7_keyframe_4,0.7257383966244726
CREStereo,dataset_7_keyframe_4,0.8969957081545065
CREStereo,dataset_7_keyframe_4,0.9265658747300216
CREStereo,dataset_7_keyframe_4,0.9339407744874715
CREStereo,dataset_7_keyframe_4,0.9391100702576113
CREStereo,dataset_7_keyframe_4,0.9248291571753986
CREStereo,dataset_7_keyframe_4,0.9161290322580645
CREStereo,dataset_7_keyframe_4,0.9039665970772442
CREStereo,dataset_7_keyframe_4,0.9151138716356108
CREStereo,dataset_7_keyframe_4,0.920892494929006
CREStereo,dataset_7_keyframe_4,0.9354166666666667
CREStereo,dataset_7_keyframe_4,0.9505154639175257
CREStereo,dataset_7_keyframe_4,0.9337606837606838
CREStereo,dataset_7_keyframe_4,0.937007874015748
CREStereo,dataset_7_keyframe_4,0.9346534653465347
CREStereo,dataset_7_keyframe_4,0.947261663286004
CREStereo,dataset_7_keyframe_4,0.9372623574144486
CREStereo,dataset_7_keyframe_4,0.9292730844793713
CREStereo,dataset_7_keyframe_4,0.9094138543516874
CREStereo,dataset_7_keyframe_4,0.8364565587734242
CREStereo,dataset_7_keyframe_4,0.8478605388272583
CREStereo,dataset_7_keyframe_4,0.8580968280467446
CREStereo,dataset_7_keyframe_4,0.8701517706576728
CREStereo,dataset_7_keyframe_4,0.8879456706281834
CREStereo,dataset_7_keyframe_4,0.930188679245283
CREStereo,dataset_7_keyframe_4,0.9273356401384083
CREStereo,dataset_7_keyframe_4,0.9654576856649395
CREStereo,dataset_7_keyframe_4,0.9828473413379074
CREStereo,dataset_7_keyframe_4,0.9790209790209791
CREStereo,dataset_7_keyframe_4,0.9781144781144782
CREStereo,dataset_7_keyframe_4,0.9708404802744426
CREStereo,dataset_7_keyframe_4,0.9604130808950087
CREStereo,dataset_7_keyframe_4,0.9720853858784894
CREStereo,dataset_7_keyframe_4,0.9756493506493507
CREStereo,dataset_7_keyframe_4,0.9752883031301482
CREStereo,dataset_7_keyframe_4,0.9678510998307953
CREStereo,dataset_7_keyframe_4,0.9657980456026058
CREStereo,dataset_7_keyframe_4,0.9666136724960255
CREStereo,dataset_7_keyframe_4,0.9734660033167496
CREStereo,dataset_7_keyframe_4,0.9895287958115183
CREStereo,dataset_7_keyframe_4,0.9893428063943162
CREStereo,dataset_7_keyframe_4,0.9895104895104895
CREStereo,dataset_7_keyframe_4,0.9897084048027445
CREStereo,dataset_7_keyframe_4,0.9849056603773585
CREStereo,dataset_7_keyframe_4,0.9622980251346499
CREStereo,dataset_7_keyframe_4,0.9216965742251223
CREStereo,dataset_7_keyframe_4,0.91
CREStereo,dataset_7_keyframe_4,0.8881578947368421
CREStereo,dataset_7_keyframe_4,0.8833063209076175
CREStereo,dataset_7_keyframe_4,0.8739903069466882
CREStereo,dataset_7_keyframe_4,0.9015625
CREStereo,dataset_7_keyframe_4,0.8901098901098901
CREStereo,dataset_7_keyframe_4,0.9161585365853658
CREStereo,dataset_7_keyframe_4,0.9088050314465409
CREStereo,dataset_7_keyframe_4,0.9238410596026491
CREStereo,dataset_7_keyframe_4,0.9194078947368421
CREStereo,dataset_7_keyframe_4,0.9335548172757475
CREStereo,dataset_7_keyframe_4,0.9275862068965517
CREStereo,dataset_7_keyframe_4,0.9382716049382716
CREStereo,dataset_7_keyframe_4,0.9475587703435805
CREStereo,dataset_7_keyframe_4,0.9596330275229358
CREStereo,dataset_7_keyframe_4,0.9567010309278351
CREStereo,dataset_7_keyframe_4,0.9630350194552529
CREStereo,dataset_7_keyframe_4,0.9541108986615678
CREStereo,dataset_7_keyframe_4,0.9655831739961759
CREStereo,dataset_7_keyframe_4,0.9866666666666667
CREStereo,dataset_7_keyframe_4,0.969939879759519
CREStereo,dataset_7_keyframe_4,0.976
CREStereo,dataset_7_keyframe_4,0.9795918367346939
CREStereo,dataset_7_keyframe_4,0.9833333333333333
CREStereo,dataset_7_keyframe_4,0.9821428571428571
CREStereo,dataset_7_keyframe_4,0.9903474903474904
CREStereo,dataset_7_keyframe_4,0.9701492537313433
CREStereo,dataset_7_keyframe_4,0.9881422924901185
CREStereo,dataset_7_keyframe_4,0.9844054580896686
CREStereo,dataset_7_keyframe_4,0.9751434034416826
CREStereo,dataset_7_keyframe_4,0.9624765478424016
CREStereo,dataset_7_keyframe_4,0.9772727272727273
CREStereo,dataset_7_keyframe_4,0.9766949152542372
CREStereo,dataset_7_keyframe_4,0.974903474903475
CREStereo,dataset_7_keyframe_4,0.9708171206225681
CREStereo,dataset_7_keyframe_4,0.9718045112781954
CREStereo,dataset_7_keyframe_4,0.9718574108818011
CREStereo,dataset_7_keyframe_4,0.9815837937384899
CREStereo,dataset_7_keyframe_4,0.9646643109540636
CREStereo,dataset_7_keyframe_4,0.975
CREStereo,dataset_7_keyframe_4,0.968365553602812
CREStereo,dataset_7_keyframe_4,0.9724264705882353
CREStereo,dataset_7_keyframe_4,0.9705340699815838
CREStereo,dataset_7_keyframe_4,0.9727272727272728
CREStereo,dataset_7_keyframe_4,0.9745454545454545
CREStereo,dataset_7_keyframe_4,0.9776247848537005
CREStereo,dataset_7_keyframe_4,0.9818181818181818
CREStereo,dataset_7_keyframe_4,0.9818511796733213
CREStereo,dataset_7_keyframe_4,0.9870609981515711
CREStereo,dataset_7_keyframe_4,0.9910071942446043
CREStereo,dataset_7_keyframe_4,0.9883040935672515
CREStereo,dataset_7_keyframe_4,0.9852670349907919
CREStereo,dataset_7_keyframe_4,0.9738805970149254
CREStereo,dataset_7_keyframe_4,0.983271375464684
CREStereo,dataset_7_keyframe_4,0.9830508474576272
CREStereo,dataset_7_keyframe_4,0.980806142034549
CREStereo,dataset_7_keyframe_4,0.9882121807465619
CREStereo,dataset_7_keyframe_4,0.9719101123595506
CREStereo,dataset_7_keyframe_4,0.9869646182495344
CREStereo,dataset_7_keyframe_4,0.9841269841269841
CREStereo,dataset_7_keyframe_4,0.9709302325581395
CREStereo,dataset_7_keyframe_4,0.981549815498155
CREStereo,dataset_7_keyframe_4,0.9638095238095238
CREStereo,dataset_7_keyframe_4,0.9829222011385199
CREStereo,dataset_7_keyframe_4,0.981203007518797
CREStereo,dataset_7_keyframe_4,0.9839285714285714
CREStereo,dataset_7_keyframe_4,0.9835466179159049
CREStereo,dataset_7_keyframe_4,0.988909426987061
CREStereo,dataset_7_keyframe_4,0.9890310786106032
CREStereo,dataset_7_keyframe_4,0.9873417721518988
CREStereo,dataset_7_keyframe_4,0.9822380106571936
CREStereo,dataset_7_keyframe_4,0.9818181818181818
CREStereo,dataset_7_keyframe_4,0.9782971619365609
CREStereo,dataset_7_keyframe_4,0.9793103448275862
CREStereo,dataset_7_keyframe_4,0.9851973684210527
CREStereo,dataset_7_keyframe_4,0.9713375796178344
CREStereo,dataset_7_keyframe_4,0.9749582637729549
CREStereo,dataset_7_keyframe_4,0.9707903780068728
CREStereo,dataset_7_keyframe_4,0.9629032258064516
CREStereo,dataset_7_keyframe_4,0.9524517087667161
CREStereo,dataset_7_keyframe_4,0.9474412171507607
CREStereo,dataset_7_keyframe_4,0.9273255813953488
CREStereo,dataset_7_keyframe_4,0.9123055162659123
CREStereo,dataset_7_keyframe_4,0.8977719528178244
CREStereo,dataset_7_keyframe_4,0.875
CREStereo,dataset_7_keyframe_4,0.8711819389110226
CREStereo,dataset_7_keyframe_4,0.8878627968337731
CREStereo,dataset_7_keyframe_4,0.8622516556291391
CREStereo,dataset_7_keyframe_4,0.8584779706275033
CREStereo,dataset_7_keyframe_4,0.8601864181091877
CREStereo,dataset_7_keyframe_4,0.8472032742155525
CREStereo,dataset_7_keyframe_4,0.8042253521126761
CREStereo,dataset_7_keyframe_4,0.782258064516129
CREStereo,dataset_7_keyframe_4,0.7526881720430108
CREStereo,dataset_7_keyframe_4,0.7596899224806202
CREStereo,dataset_7_keyframe_4,0.7373737373737373
CREStereo,dataset_7_keyframe_4,0.6741176470588235
CREStereo,dataset_7_keyframe_4,0.6199756394640682
CREStereo,dataset_7_keyframe_4,0.5719339622641509
CREStereo,dataset_7_keyframe_4,0.5674362089914945
CREStereo,dataset_7_keyframe_4,0.5482758620689655
CREStereo,dataset_7_keyframe_4,0.5667034178610805
CREStereo,dataset_7_keyframe_4,0.5875831485587583
CREStereo,dataset_7_keyframe_4,0.6049661399548533
CREStereo,dataset_7_keyframe_4,0.6446808510638298
CREStereo,dataset_7_keyframe_4,0.7118463180362861
CREStereo,dataset_7_keyframe_4,0.7628205128205128
CREStereo,dataset_7_keyframe_4,0.80065717415115
CREStereo,dataset_7_keyframe_4,0.8501070663811563
CREStereo,dataset_7_keyframe_4,0.847732181425486
CREStereo,dataset_7_keyframe_4,0.8522222222222222
CREStereo,dataset_7_keyframe_4,0.869757174392936
CREStereo,dataset_7_keyframe_4,0.8707865168539326
CREStereo,dataset_7_keyframe_4,0.8711162255466053
CREStereo,dataset_7_keyframe_4,0.8692579505300353
CREStereo,dataset_7_keyframe_4,0.8583138173302107
CREStereo,dataset_7_keyframe_4,0.8912280701754386
CREStereo,dataset_7_keyframe_4,0.8620689655172413
CREStereo,dataset_7_keyframe_4,0.8480278422273781
CREStereo,dataset_7_keyframe_4,0.8530751708428246
CREStereo,dataset_7_keyframe_4,0.8384433962264151
CREStereo,dataset_7_keyframe_4,0.8367816091954023
CREStereo,dataset_7_keyframe_4,0.7811158798283262
CREStereo,dataset_7_keyframe_4,0.781183932346723
CREStereo,dataset_7_keyframe_4,0.7716701902748414
CREStereo,dataset_7_keyframe_4,0.7775489186405767
CREStereo,dataset_7_keyframe_4,0.7747933884297521
CREStereo,dataset_7_keyframe_4,0.8403275332650972
CREStereo,dataset_7_keyframe_4,0.88259526261586
CREStereo,dataset_7_keyframe_4,0.9569230769230769
CREStereo,dataset_7_keyframe_4,0.994
CREStereo,dataset_7_keyframe_4,0.9931102362204725
CREStereo,dataset_7_keyframe_4,0.9989939637826962
CREStereo,dataset_7_keyframe_4,0.998995983935743
CREStereo,dataset_7_keyframe_4,1.0
CREStereo,dataset_7_keyframe_4,1.0
CREStereo,dataset_7_keyframe_4,0.9977401129943503
CREStereo,dataset_7_keyframe_4,0.9988439306358381
CREStereo,dataset_7_keyframe_4,1.0
CREStereo,dataset_7_keyframe_4,1.0
CREStereo,dataset_7_keyframe_4,1.0
CREStereo,dataset_7_keyframe_4,0.9986320109439124
CREStereo,dataset_7_keyframe_4,1.0
CREStereo,dataset_7_keyframe_4,1.0
CREStereo,dataset_7_keyframe_4,1.0
CREStereo,dataset_7_keyframe_4,1.0
CREStereo,dataset_7_keyframe_4,1.0
CREStereo,dataset_7_keyframe_4,1.0
CREStereo,dataset_7_keyframe_4,1.0
CREStereo,dataset_7_keyframe_4,1.0
CREStereo,dataset_7_keyframe_4,1.0
CREStereo,dataset_7_keyframe_4,1.0
CREStereo,dataset_7_keyframe_4,0.9917763157894737
CREStereo,dataset_7_keyframe_4,0.9697452229299363
CREStereo,dataset_7_keyframe_4,0.9714285714285714
CREStereo,dataset_7_keyframe_4,0.9712918660287081
CREStereo,dataset_7_keyframe_4,1.0
CREStereo,dataset_7_keyframe_4,0.9984825493171472
CREStereo,dataset_7_keyframe_4,0.9896907216494846
CREStereo,dataset_7_keyframe_4,0.9882352941176471
CREStereo,dataset_7_keyframe_4,0.9829545454545454
CREStereo,dataset_7_keyframe_4,0.9785100286532952
CREStereo,dataset_7_keyframe_4,0.9670487106017192
CREStereo,dataset_7_keyframe_4,0.9738651994497937
CREStereo,dataset_7_keyframe_4,0.9593837535014006
CREStereo,dataset_7_keyframe_4,0.9532710280373832
CREStereo,dataset_7_keyframe_4,0.9484396200814111
CREStereo,dataset_7_keyframe_4,0.9391891891891891
CREStereo,dataset_7_keyframe_4,0.9506849315068493
CREStereo,dataset_7_keyframe_4,0.9502840909090909
CREStereo,dataset_7_keyframe_4,0.9438990182328191
CREStereo,dataset_7_keyframe_4,0.9421128798842258
CREStereo,dataset_7_keyframe_4,0.9235209235209235
CREStereo,dataset_7_keyframe_4,0.8774002954209749
CREStereo,dataset_7_keyframe_4,0.8714069591527988
CREStereo,dataset_7_keyframe_4,0.8705148205928237
CREStereo,dataset_7_keyframe_4,0.8517350157728707
CREStereo,dataset_7_keyframe_4,0.8467614533965245
CREStereo,dataset_7_keyframe_4,0.82
CREStereo,dataset_7_keyframe_4,0.7891472868217054
CREStereo,dataset_7_keyframe_4,0.7616822429906542
CREStereo,dataset_7_keyframe_4,0.7420333839150227
CREStereo,dataset_7_keyframe_4,0.7461538461538462
CREStereo,dataset_7_keyframe_4,0.7105263157894737
CREStereo,dataset_7_keyframe_4,0.6980830670926518
CREStereo,dataset_7_keyframe_4,0.6909667194928685
CREStereo,dataset_7_keyframe_4,0.7026143790849673
CREStereo,dataset_7_keyframe_4,0.7194719471947195
CREStereo,dataset_7_keyframe_4,0.7619047619047619
CREStereo,dataset_7_keyframe_4,0.7791519434628975
CREStereo,dataset_7_keyframe_4,0.8018348623853211
CREStereo,dataset_7_keyframe_4,0.8416988416988417
CREStereo,dataset_7_keyframe_4,0.8747591522157996
CREStereo,dataset_7_keyframe_4,0.8742268041237113
CREStereo,dataset_7_keyframe_4,0.8886679920477137
CREStereo,dataset_7_keyframe_4,0.8952772073921971
CREStereo,dataset_7_keyframe_4,0.8777292576419214
CREStereo,dataset_7_keyframe_4,0.9053763440860215
CREStereo,dataset_7_keyframe_4,0.9017857142857143
CREStereo,dataset_7_keyframe_4,0.8847926267281107
CREStereo,dataset_7_keyframe_4,0.8914549653579676
CREStereo,dataset_7_keyframe_4,0.8909090909090909
CREStereo,dataset_7_keyframe_4,0.90744920993228
CREStereo,dataset_7_keyframe_4,0.9086651053864169
CREStereo,dataset_7_keyframe_4,0.9002375296912114
CREStereo,dataset_7_keyframe_4,0.8904761904761904
CREStereo,dataset_7_keyframe_4,0.8897058823529411
CREStereo,dataset_7_keyframe_4,0.8936708860759494
CREStereo,dataset_7_keyframe_4,0.8983451536643026
CREStereo,dataset_7_keyframe_4,0.9150485436893204
CREStereo,dataset_7_keyframe_4,0.9112709832134293
CREStereo,dataset_7_keyframe_4,0.9256410256410257
CREStereo,dataset_7_keyframe_4,0.9324675324675324
CREStereo,dataset_7_keyframe_4,0.9431524547803618
CREStereo,dataset_7_keyframe_4,0.9463414634146341
CREStereo,dataset_7_keyframe_4,0.9521410579345088
CREStereo,dataset_7_keyframe_4,0.9570707070707071
CREStereo,dataset_7_keyframe_4,0.9593908629441624
CREStereo,dataset_7_keyframe_4,0.9507772020725389
CREStereo,dataset_7_keyframe_4,0.9441624365482234
CREStereo,dataset_7_keyframe_4,0.961340206185567
CREStereo,dataset_7_keyframe_4,0.9696969696969697
CREStereo,dataset_7_keyframe_4,0.9402173913043478
CREStereo,dataset_7_keyframe_4,0.9525065963060686
CREStereo,dataset_7_keyframe_4,0.9543010752688172
CREStereo,dataset_7_keyframe_4,0.9351351351351351
CREStereo,dataset_7_keyframe_4,0.940379403794038
CREStereo,dataset_7_keyframe_4,0.9487870619946092
CREStereo,dataset_7_keyframe_4,0.9384164222873901
CREStereo,dataset_7_keyframe_4,0.9576271186440678
CREStereo,dataset_7_keyframe_4,0.9410029498525073
CREStereo,dataset_7_keyframe_4,0.9441340782122905
CREStereo,dataset_7_keyframe_4,0.9285714285714286
CREStereo,dataset_7_keyframe_4,0.9518413597733711
CREStereo,dataset_7_keyframe_4,0.9495548961424333
CREStereo,dataset_7_keyframe_4,0.9439252336448598
CREStereo,dataset_7_keyframe_4,0.9497041420118343
CREStereo,dataset_7_keyframe_4,0.9561128526645768
CREStereo,dataset_7_keyframe_4,0.9529780564263323
CREStereo,dataset_7_keyframe_4,0.9743589743589743
CREStereo,dataset_7_keyframe_4,0.9720496894409938
CREStereo,dataset_7_keyframe_4,0.9668874172185431
CREStereo,dataset_7_keyframe_4,0.9682539682539683
CREStereo,dataset_7_keyframe_4,0.9644012944983819
CREStereo,dataset_7_keyframe_4,0.9694915254237289
CREStereo,dataset_7_keyframe_4,0.9832775919732442
CREStereo,dataset_7_keyframe_4,0.9787234042553191
CREStereo,dataset_7_keyframe_4,0.9763513513513513
CREStereo,dataset_7_keyframe_4,0.9680511182108626
CREStereo,dataset_7_keyframe_4,0.9732441471571907
CREStereo,dataset_7_keyframe_4,0.9866220735785953
CREStereo,dataset_7_keyframe_4,0.9829931972789115
CREStereo,dataset_7_keyframe_4,0.9858657243816255
CREStereo,dataset_7_keyframe_4,0.9894736842105263
CREStereo,dataset_7_keyframe_4,1.0
CREStereo,dataset_7_keyframe_4,1.0
CREStereo,dataset_7_keyframe_4,1.0
CREStereo,dataset_7_keyframe_4,1.0
CREStereo,dataset_7_keyframe_4,1.0
CREStereo,dataset_7_keyframe_4,1.0
CREStereo,dataset_7_keyframe_4,1.0
CREStereo,dataset_7_keyframe_4,1.0
CREStereo,dataset_7_keyframe_4,1.0
CREStereo,dataset_7_keyframe_4,1.0
CREStereo,dataset_7_keyframe_4,1.0
CREStereo,dataset_7_keyframe_4,1.0
CREStereo,dataset_7_keyframe_4,1.0
CREStereo,dataset_7_keyframe_4,1.0
CREStereo,dataset_7_keyframe_4,1.0
CREStereo,dataset_7_keyframe_4,1.0
CREStereo,dataset_7_keyframe_4,1.0
CREStereo,dataset_7_keyframe_4,1.0
CREStereo,dataset_7_keyframe_4,1.0
CREStereo,dataset_7_keyframe_4,1.0
CREStereo,dataset_7_keyframe_4,1.0
CREStereo,dataset_7_keyframe_4,1.0
CREStereo,dataset_7_keyframe_4,1.0
CREStereo,dataset_7_keyframe_4,1.0
CREStereo,dataset_7_keyframe_4,1.0
CREStereo,dataset_7_keyframe_4,1.0
CREStereo,dataset_7_keyframe_4,1.0
CREStereo,dataset_7_keyframe_4,1.0
CREStereo,dataset_7_keyframe_4,1.0
CREStereo,dataset_7_keyframe_4,1.0
CREStereo,dataset_7_keyframe_4,1.0
CREStereo,dataset_7_keyframe_4,1.0
CREStereo,dataset_7_keyframe_4,1.0
CREStereo,dataset_7_keyframe_4,1.0
CREStereo,dataset_7_keyframe_4,1.0
CREStereo,dataset_7_keyframe_4,1.0
CREStereo,dataset_7_keyframe_4,1.0
CREStereo,dataset_7_keyframe_4,1.0
CREStereo,dataset_7_keyframe_4,1.0
CREStereo,dataset_7_keyframe_4,1.0
CREStereo,dataset_7_keyframe_4,1.0
CREStereo,dataset_7_keyframe_4,1.0
CREStereo,dataset_7_keyframe_4,1.0
CREStereo,dataset_7_keyframe_4,1.0
CREStereo,dataset_7_keyframe_4,1.0
CREStereo,dataset_7_keyframe_4,1.0
CREStereo,dataset_7_keyframe_4,1.0
CREStereo,dataset_7_keyframe_4,1.0
CREStereo,dataset_7_keyframe_4,1.0
CREStereo,dataset_7_keyframe_4,1.0
CREStereo,dataset_7_keyframe_4,1.0
CREStereo,dataset_7_keyframe_4,1.0
CREStereo,dataset_7_keyframe_4,1.0
CREStereo,dataset_7_keyframe_4,1.0
CREStereo,dataset_7_keyframe_4,1.0
CREStereo,dataset_7_keyframe_4,1.0
CREStereo,dataset_7_keyframe_4,0.99375
CREStereo,dataset_7_keyframe_4,0.9813664596273292
CREStereo,dataset_7_keyframe_4,0.9774193548387097
CREStereo,dataset_7_keyframe_4,0.9730639730639731
CREStereo,dataset_7_keyframe_4,0.9665551839464883
CREStereo,dataset_7_keyframe_4,0.9615384615384616
CREStereo,dataset_7_keyframe_4,0.926923076923077
CREStereo,dataset_7_keyframe_4,0.8776978417266187
CREStereo,dataset_7_keyframe_4,0.8284671532846716
CREStereo,dataset_7_keyframe_4,0.7670250896057348
CREStereo,dataset_7_keyframe_4,0.721830985915493
CREStereo,dataset_7_keyframe_4,0.7254237288135593
CREStereo,dataset_7_keyframe_4,0.6677740863787376
CREStereo,dataset_7_keyframe_4,0.721875
CREStereo,dataset_7_keyframe_4,0.7460815047021944
CREStereo,dataset_7_keyframe_4,0.7065868263473054
CREStereo,dataset_7_keyframe_4,0.7746913580246914
CREStereo,dataset_7_keyframe_4,0.7916666666666666
CREStereo,dataset_7_keyframe_4,0.7346368715083799
CREStereo,dataset_7_keyframe_4,0.787292817679558
CREStereo,dataset_7_keyframe_4,0.7445652173913043
CREStereo,dataset_7_keyframe_4,0.7700258397932817
CREStereo,dataset_7_keyframe_4,0.7475
CREStereo,dataset_7_keyframe_4,0.6931567328918322
CREStereo,dataset_7_keyframe_4,0.69593147751606
CREStereo,dataset_7_keyframe_4,0.6679764243614931
CREStereo,dataset_7_keyframe_4,0.7057613168724279
CREStereo,dataset_7_keyframe_4,0.7663157894736842
CREStereo,dataset_7_keyframe_4,0.7923728813559322
CREStereo,dataset_7_keyframe_4,0.7628865979381443
CREStereo,dataset_7_keyframe_4,0.7439516129032258
CREStereo,dataset_7_keyframe_4,0.7306201550387597
CREStereo,dataset_7_keyframe_4,0.744954128440367
CREStereo,dataset_7_keyframe_4,0.7384898710865562
CREStereo,dataset_7_keyframe_4,0.7279151943462897
CREStereo,dataset_7_keyframe_4,0.7261261261261261
CREStereo,dataset_7_keyframe_4,0.7171532846715328
CREStereo,dataset_7_keyframe_4,0.7272727272727273
CREStereo,dataset_7_keyframe_4,0.7446393762183235
CREStereo,dataset_7_keyframe_4,0.7757936507936508
CREStereo,dataset_7_keyframe_4,0.8081632653061225
CREStereo,dataset_7_keyframe_4,0.8536082474226804
CREStereo,dataset_7_keyframe_4,0.8822269807280514
CREStereo,dataset_7_keyframe_4,0.9405286343612335
CREStereo,dataset_7_keyframe_4,0.9694835680751174
CREStereo,dataset_7_keyframe_4,0.9883720930232558
CREStereo,dataset_7_keyframe_4,0.9926108374384236
CREStereo,dataset_7_keyframe_4,0.9921259842519685
CREStereo,dataset_7_keyframe_4,0.9730458221024259
CREStereo,dataset_7_keyframe_4,0.9809782608695652
CREStereo,dataset_7_keyframe_4,0.952513966480447
CREStereo,dataset_7_keyframe_4,0.9416666666666667
CREStereo,dataset_7_keyframe_4,0.9217877094972067
CREStereo,dataset_7_keyframe_4,0.9171270718232044
CREStereo,dataset_7_keyframe_4,0.8783783783783784
CREStereo,dataset_7_keyframe_4,0.875
CREStereo,dataset_7_keyframe_4,0.855072463768116
CREStereo,dataset_7_keyframe_4,0.8721590909090909
CREStereo,dataset_7_keyframe_4,0.8662790697674418
CREStereo,dataset_7_keyframe_4,0.867231638418079
CREStereo,dataset_7_keyframe_4,0.8771428571428571
CREStereo,dataset_7_keyframe_4,0.9043478260869565
CREStereo,dataset_7_keyframe_4,0.9204545454545454
CREStereo,dataset_7_keyframe_4,0.9523809523809523
CREStereo,dataset_7_keyframe_4,0.948220064724919
CREStereo,dataset_7_keyframe_4,0.9501661129568106
CREStereo,dataset_7_keyframe_4,0.9350180505415162
CREStereo,dataset_7_keyframe_4,0.9250936329588015
CREStereo,dataset_7_keyframe_4,0.9176029962546817
CREStereo,dataset_7_keyframe_4,0.9323308270676691
CREStereo,dataset_7_keyframe_4,0.9307692307692308
CREStereo,dataset_7_keyframe_4,0.9685314685314685
CREStereo,dataset_7_keyframe_4,0.978021978021978
CREStereo,dataset_7_keyframe_4,0.9809160305343512
CREStereo,dataset_7_keyframe_4,0.9772727272727273
CREStereo,dataset_7_keyframe_4,0.9961089494163424
CREStereo,dataset_7_keyframe_4,0.9847328244274809
CREStereo,dataset_7_keyframe_4,0.9960159362549801
CREStereo,dataset_7_keyframe_4,0.9961389961389961
CREStereo,dataset_7_keyframe_4,1.0
CREStereo,dataset_7_keyframe_4,0.9878048780487805
CREStereo,dataset_7_keyframe_4,0.9953703703703703
CREStereo,dataset_7_keyframe_4,0.9951219512195122
CREStereo,dataset_7_keyframe_4,0.9899497487437185
CREStereo,dataset_7_keyframe_4,1.0
CREStereo,dataset_7_keyframe_4,1.0
CREStereo,dataset_7_keyframe_4,0.9879518072289156
CREStereo,dataset_7_keyframe_4,0.9876543209876543
CREStereo,dataset_7_keyframe_4,0.9869281045751634
CREStereo,dataset_7_keyframe_4,0.9938271604938271
CREStereo,dataset_7_keyframe_4,0.9929577464788732
CREStereo,dataset_7_keyframe_4,1.0
CREStereo,dataset_7_keyframe_4,0.9858156028368794
CREStereo,dataset_7_keyframe_4,0.9851851851851852
CREStereo,dataset_7_keyframe_4,0.972027972027972
CREStereo,dataset_7_keyframe_4,0.9694656488549618
CREStereo,dataset_7_keyframe_4,0.9921875
CREStereo,dataset_7_keyframe_4,0.9761904761904762
CREStereo,dataset_7_keyframe_4,0.9933333333333333
CREStereo,dataset_7_keyframe_4,0.9929078014184397
CREStereo,dataset_7_keyframe_4,0.9871794871794872
CREStereo,dataset_7_keyframe_4,0.9938271604938271
CREStereo,dataset_7_keyframe_4,0.9940476190476191
CREStereo,dataset_7_keyframe_4,0.9880952380952381
CREStereo,dataset_7_keyframe_4,0.9893617021276596
CREStereo,dataset_7_keyframe_4,0.988950276243094
CREStereo,dataset_7_keyframe_4,0.9842931937172775
CREStereo,dataset_7_keyframe_4,1.0
CREStereo,dataset_7_keyframe_4,1.0
CREStereo,dataset_7_keyframe_4,1.0
CREStereo,dataset_7_keyframe_4,0.9878048780487805
CREStereo,dataset_7_keyframe_4,1.0
CREStereo,dataset_7_keyframe_4,0.9807692307692307
CREStereo,dataset_7_keyframe_4,1.0
CREStereo,dataset_7_keyframe_4,0.9846153846153847
CREStereo,dataset_7_keyframe_4,1.0
CREStereo,dataset_7_keyframe_4,1.0
CREStereo,dataset_7_keyframe_4,0.9636363636363636
CREStereo,dataset_7_keyframe_4,0.9607843137254902
CREStereo,dataset_7_keyframe_4,1.0
CREStereo,dataset_7_keyframe_4,1.0
CREStereo,dataset_7_keyframe_4,0.953125
CREStereo,dataset_7_keyframe_4,0.9491525423728814
CREStereo,dataset_7_keyframe_4,0.9830508474576272
CREStereo,dataset_7_keyframe_4,0.9736842105263158
CREStereo,dataset_7_keyframe_4,0.9868421052631579
CREStereo,dataset_7_keyframe_4,0.9736842105263158
CREStereo,dataset_7_keyframe_4,0.968421052631579
CREStereo,dataset_7_keyframe_4,0.9625
CREStereo,dataset_7_keyframe_4,0.9690721649484536
CREStereo,dataset_7_keyframe_4,0.9830508474576272
CREStereo,dataset_7_keyframe_4,0.9932885906040269
CREStereo,dataset_7_keyframe_4,0.9932885906040269
CREStereo,dataset_7_keyframe_4,1.0
CREStereo,dataset_7_keyframe_4,1.0
CREStereo,dataset_7_keyframe_4,0.9941860465116279
CREStereo,dataset_7_keyframe_4,0.98989898989899
CREStereo,dataset_7_keyframe_4,0.9848484848484849
CREStereo,dataset_7_keyframe_4,0.9863636363636363
CREStereo,dataset_7_keyframe_4,0.9862385321100917
CREStereo,dataset_7_keyframe_4,0.991701244813278
CREStereo,dataset_7_keyframe_4,0.9831932773109243
CREStereo,dataset_7_keyframe_4,0.9958847736625515
CREStereo,dataset_7_keyframe_4,0.9831932773109243
CREStereo,dataset_7_keyframe_4,0.987012987012987
CREStereo,dataset_7_keyframe_4,0.995850622406639
CREStereo,dataset_7_keyframe_4,1.0
CREStereo,dataset_7_keyframe_4,1.0
CREStereo,dataset_7_keyframe_4,0.9956896551724138
CREStereo,dataset_7_keyframe_4,0.9958847736625515
CREStereo,dataset_7_keyframe_4,0.984251968503937
CREStereo,dataset_7_keyframe_4,0.9672131147540983
CREStereo,dataset_7_keyframe_4,0.9708029197080292
CREStereo,dataset_7_keyframe_4,0.9656488549618321
CREStereo,dataset_7_keyframe_4,0.924812030075188
CREStereo,dataset_7_keyframe_4,0.9166666666666666
CREStereo,dataset_7_keyframe_4,0.9126984126984127
CREStereo,dataset_7_keyframe_4,0.9125475285171103
CREStereo,dataset_7_keyframe_4,0.9192307692307692
CREStereo,dataset_7_keyframe_4,0.9558823529411765
CREStereo,dataset_7_keyframe_4,0.948905109489051
CREStereo,dataset_7_keyframe_4,0.9713261648745519
CREStereo,dataset_7_keyframe_4,0.9747292418772563
CREStereo,dataset_7_keyframe_4,0.9828178694158075
CREStereo,dataset_7_keyframe_4,0.9824561403508771
CREStereo,dataset_7_keyframe_4,0.9896907216494846
CREStereo,dataset_7_keyframe_4,0.9787234042553191
CREStereo,dataset_7_keyframe_4,0.9814126394052045
CREStereo,dataset_7_keyframe_4,0.9619771863117871
CREStereo,dataset_7_keyframe_4,0.9779411764705882
CREStereo,dataset_7_keyframe_4,0.975609756097561
CREStereo,dataset_7_keyframe_4,0.992619926199262
CREStereo,dataset_7_keyframe_4,0.9924528301886792
CREStereo,dataset_7_keyframe_4,0.9812734082397003
CREStereo,dataset_7_keyframe_4,0.9765625
CREStereo,dataset_7_keyframe_4,0.9847908745247148
CREStereo,dataset_7_keyframe_4,0.9705882352941176
CREStereo,dataset_7_keyframe_4,0.9836065573770492
CREStereo,dataset_7_keyframe_4,0.981203007518797
CREStereo,dataset_7_keyframe_4,0.9923371647509579
CREStereo,dataset_7_keyframe_4,1.0
CREStereo,dataset_7_keyframe_4,0.9929577464788732
CREStereo,dataset_7_keyframe_4,0.9962121212121212
CREStereo,dataset_7_keyframe_4,1.0
CREStereo,dataset_7_keyframe_4,0.9886792452830189
CREStereo,dataset_7_keyframe_4,0.9931972789115646
CREStereo,dataset_7_keyframe_4,0.9962406015037594
CREStereo,dataset_7_keyframe_4,0.9897260273972602
CREStereo,dataset_7_keyframe_4,0.9905660377358491
CREStereo,dataset_7_keyframe_4,0.9971671388101983
CREStereo,dataset_7_keyframe_4,0.9804469273743017
CREStereo,dataset_7_keyframe_4,0.9946666666666667
CREStereo,dataset_7_keyframe_4,0.9600997506234414
CREStereo,dataset_7_keyframe_4,0.9255583126550868
CREStereo,dataset_7_keyframe_4,0.9354838709677419
CREStereo,dataset_7_keyframe_4,0.9496402877697842
CREStereo,dataset_7_keyframe_4,0.9232673267326733
CREStereo,dataset_7_keyframe_4,0.925
CREStereo,dataset_7_keyframe_4,0.941747572815534
CREStereo,dataset_7_keyframe_4,0.9310344827586207
CREStereo,dataset_7_keyframe_4,0.9407407407407408
CREStereo,dataset_7_keyframe_4,1.0
CREStereo,dataset_7_keyframe_4,1.0
CREStereo,dataset_7_keyframe_4,1.0
CREStereo,dataset_7_keyframe_4,1.0
CREStereo,dataset_7_keyframe_4,1.0
CREStereo,dataset_7_keyframe_4,1.0
CREStereo,dataset_7_keyframe_4,1.0
CREStereo,dataset_7_keyframe_4,0.9793577981651376
CREStereo,dataset_7_keyframe_4,0.980349344978166
CREStereo,dataset_7_keyframe_4,0.9697624190064795
CREStereo,dataset_7_keyframe_4,0.9663677130044843
CREStereo,dataset_7_keyframe_4,0.950561797752809
CREStereo,dataset_7_keyframe_4,0.9616204690831557
CREStereo,dataset_7_keyframe_4,0.9460043196544277
CREStereo,dataset_7_keyframe_4,0.93125
CREStereo,dataset_7_keyframe_4,0.9243027888446215
CREStereo,dataset_7_keyframe_4,0.9321357285429142
CREStereo,dataset_7_keyframe_4,0.9097744360902256
CREStereo,dataset_7_keyframe_4,0.9023090586145648
CREStereo,dataset_7_keyframe_4,0.8734835355285961
CREStereo,dataset_7_keyframe_4,0.8690265486725663
CREStereo,dataset_7_keyframe_4,0.8439024390243902
CREStereo,dataset_7_keyframe_4,0.8452768729641694
CREStereo,dataset_7_keyframe_4,0.8664495114006515
CREStereo,dataset_7_keyframe_4,0.8497576736672051
CREStereo,dataset_7_keyframe_4,0.8773006134969326
CREStereo,dataset_7_keyframe_4,0.9027355623100304
CREStereo,dataset_7_keyframe_4,0.9228441754916793
CREStereo,dataset_7_keyframe_4,0.9426470588235294
CREStereo,dataset_7_keyframe_4,0.9585798816568047
CREStereo,dataset_7_keyframe_4,0.9757942511346445
CREStereo,dataset_7_keyframe_4,0.9909774436090225
CREStereo,dataset_7_keyframe_4,0.9923430321592649
CREStereo,dataset_7_keyframe_4,1.0
CREStereo,dataset_7_keyframe_4,1.0
CREStereo,dataset_7_keyframe_4,0.9982638888888888
CREStereo,dataset_7_keyframe_4,0.9981949458483754
CREStereo,dataset_7_keyframe_4,0.9961904761904762
CREStereo,dataset_7_keyframe_4,0.9980237154150198
CREStereo,dataset_7_keyframe_4,0.9959595959595959
CREStereo,dataset_7_keyframe_4,1.0
CREStereo,dataset_7_keyframe_4,0.9979423868312757
CREStereo,dataset_7_keyframe_4,1.0
CREStereo,dataset_7_keyframe_4,1.0
CREStereo,dataset_7_keyframe_4,1.0
CREStereo,dataset_7_keyframe_4,1.0
CREStereo,dataset_7_keyframe_4,1.0
CREStereo,dataset_7_keyframe_4,1.0
CREStereo,dataset_7_keyframe_4,1.0
CREStereo,dataset_7_keyframe_4,1.0
CREStereo,dataset_7_keyframe_4,1.0
CREStereo,dataset_7_keyframe_4,1.0
CREStereo,dataset_7_keyframe_4,1.0
CREStereo,dataset_7_keyframe_4,1.0
CREStereo,dataset_7_keyframe_4,1.0
CREStereo,dataset_7_keyframe_4,1.0
CREStereo,dataset_7_keyframe_4,1.0
CREStereo,dataset_7_keyframe_4,1.0
CREStereo,dataset_7_keyframe_4,1.0
CREStereo,dataset_7_keyframe_4,1.0
CREStereo,dataset_7_keyframe_4,1.0
CREStereo,dataset_7_keyframe_4,1.0
CREStereo,dataset_7_keyframe_4,1.0
CREStereo,dataset_7_keyframe_4,1.0
CREStereo,dataset_7_keyframe_4,1.0
CREStereo,dataset_7_keyframe_4,1.0
CREStereo,dataset_7_keyframe_4,1.0
CREStereo,dataset_7_keyframe_4,1.0
CREStereo,dataset_7_keyframe_4,1.0
CREStereo,dataset_7_keyframe_4,1.0
CREStereo,dataset_7_keyframe_4,1.0
CREStereo,dataset_7_keyframe_4,1.0
CREStereo,dataset_7_keyframe_4,1.0
CREStereo,dataset_7_keyframe_4,1.0
CREStereo,dataset_7_keyframe_4,1.0
CREStereo,dataset_7_keyframe_4,1.0
CREStereo,dataset_7_keyframe_4,1.0
CREStereo,dataset_7_keyframe_4,1.0
CREStereo,dataset_7_keyframe_4,1.0
CREStereo,dataset_7_keyframe_4,1.0
CREStereo,dataset_7_keyframe_4,1.0
CREStereo,dataset_7_keyframe_4,0.875
CREStereo,dataset_7_keyframe_4,1.0
CREStereo,dataset_7_keyframe_4,1.0
CREStereo,dataset_7_keyframe_4,1.0
CREStereo,dataset_7_keyframe_4,1.0
CREStereo,dataset_7_keyframe_4,1.0
CREStereo,dataset_7_keyframe_4,1.0
CREStereo,dataset_7_keyframe_4,1.0
CREStereo,dataset_7_keyframe_4,1.0
CREStereo,dataset_7_keyframe_4,1.0
CREStereo,dataset_7_keyframe_4,0.0
CREStereo,dataset_7_keyframe_4,0.0
CREStereo,dataset_7_keyframe_4,0.0
CREStereo,dataset_7_keyframe_4,0.0
CREStereo,dataset_7_keyframe_4,0.0
CREStereo,dataset_7_keyframe_4,0.0
CREStereo,dataset_7_keyframe_4,0.0
CREStereo,dataset_7_keyframe_4,0.0
CREStereo,dataset_7_keyframe_4,0.0
CREStereo,dataset_7_keyframe_4,0.0
CREStereo,dataset_7_keyframe_4,0.0
CREStereo,dataset_7_keyframe_4,0.0
CREStereo,dataset_7_keyframe_4,0.0
CREStereo,dataset_7_keyframe_4,0.0
CREStereo,dataset_7_keyframe_4,0.0
CREStereo,dataset_7_keyframe_4,0.0
CREStereo,dataset_7_keyframe_4,0.0
CREStereo,dataset_7_keyframe_4,0.0
CREStereo,dataset_7_keyframe_4,0.0
CREStereo,dataset_7_keyframe_4,0.0
CREStereo,dataset_7_keyframe_4,0.0
CREStereo,dataset_7_keyframe_4,0.0
CREStereo,dataset_7_keyframe_4,0.0
CREStereo,dataset_7_keyframe_4,0.0
CREStereo,dataset_7_keyframe_4,0.0
CREStereo,dataset_7_keyframe_4,0.0
CREStereo,dataset_7_keyframe_4,0.0
CREStereo,dataset_7_keyframe_4,0.0
CREStereo,dataset_7_keyframe_4,0.0
CREStereo,dataset_7_keyframe_4,0.0
CREStereo,dataset_7_keyframe_4,0.0
CREStereo,dataset_7_keyframe_4,0.0
CREStereo,dataset_7_keyframe_4,0.0
CREStereo,dataset_7_keyframe_4,0.0
CREStereo,dataset_7_keyframe_4,0.0
CREStereo,dataset_7_keyframe_4,0.0
CREStereo,dataset_7_keyframe_4,0.0
CREStereo,dataset_7_keyframe_4,0.0
CREStereo,dataset_7_keyframe_4,0.0
CREStereo,dataset_7_keyframe_4,0.0
CREStereo,dataset_7_keyframe_4,0.0
CREStereo,dataset_7_keyframe_4,0.0
CREStereo,dataset_7_keyframe_4,0.0
CREStereo,dataset_7_keyframe_4,0.0
CREStereo,dataset_7_keyframe_4,0.0
CREStereo,dataset_7_keyframe_4,0.0
CREStereo,dataset_7_keyframe_4,0.0
CREStereo,dataset_7_keyframe_4,0.0
CREStereo,dataset_7_keyframe_4,0.0
CREStereo,dataset_7_keyframe_4,0.0
CREStereo,dataset_7_keyframe_4,0.0
CREStereo,dataset_7_keyframe_4,0.0
CREStereo,dataset_7_keyframe_4,0.0
CREStereo,dataset_7_keyframe_4,0.0
CREStereo,dataset_7_keyframe_4,0.0
CREStereo,dataset_7_keyframe_4,0.0
CREStereo,dataset_7_keyframe_4,0.0
CREStereo,dataset_7_keyframe_4,0.0
CREStereo,dataset_7_keyframe_4,0.0
CREStereo,dataset_7_keyframe_4,0.0
CREStereo,dataset_7_keyframe_4,0.0
CREStereo,dataset_7_keyframe_4,0.0
CREStereo,dataset_7_keyframe_4,0.0
CREStereo,dataset_7_keyframe_4,0.0
CREStereo,dataset_7_keyframe_4,0.0
CREStereo,dataset_7_keyframe_4,0.0
CREStereo,dataset_7_keyframe_4,0.0
CREStereo,dataset_7_keyframe_4,1.0
CREStereo,dataset_7_keyframe_4,0.4
CREStereo,dataset_7_keyframe_4,0.5714285714285714
CREStereo,dataset_7_keyframe_4,0.19047619047619047
CREStereo,dataset_7_keyframe_4,0.1076923076923077
CREStereo,dataset_7_keyframe_4,0.0759493670886076
CREStereo,dataset_7_keyframe_4,0.07407407407407407
CREStereo,dataset_7_keyframe_4,0.08235294117647059
CREStereo,dataset_7_keyframe_4,0.12643678160919541
CREStereo,dataset_7_keyframe_4,0.2
CREStereo,dataset_7_keyframe_4,0.29
CREStereo,dataset_7_keyframe_4,0.4583333333333333
CREStereo,dataset_7_keyframe_4,0.5572519083969466
CREStereo,dataset_7_keyframe_4,0.7297297297297297
CREStereo,dataset_7_keyframe_4,0.7641509433962265
CREStereo,dataset_7_keyframe_4,0.8584905660377359
CREStereo,dataset_7_keyframe_4,0.9230769230769231
CREStereo,dataset_7_keyframe_4,1.0
CREStereo,dataset_7_keyframe_4,1.0
CREStereo,dataset_7_keyframe_4,1.0
CREStereo,dataset_7_keyframe_4,1.0
CREStereo,dataset_7_keyframe_4,1.0
CREStereo,dataset_7_keyframe_4,1.0
CREStereo,dataset_7_keyframe_4,1.0
CREStereo,dataset_7_keyframe_4,1.0
CREStereo,dataset_7_keyframe_4,1.0
CREStereo,dataset_7_keyframe_4,1.0
CREStereo,dataset_7_keyframe_4,1.0
CREStereo,dataset_7_keyframe_4,1.0
CREStereo,dataset_7_keyframe_4,1.0
CREStereo,dataset_7_keyframe_4,1.0
CREStereo,dataset_7_keyframe_4,1.0
CREStereo,dataset_7_keyframe_4,1.0
CREStereo,dataset_7_keyframe_4,1.0
CREStereo,dataset_7_keyframe_4,1.0
CREStereo,dataset_7_keyframe_4,1.0
CREStereo,dataset_7_keyframe_4,1.0
CREStereo,dataset_7_keyframe_4,0.0
CREStereo,dataset_7_keyframe_4,0.0
CREStereo,dataset_7_keyframe_4,0.0
CREStereo,dataset_7_keyframe_4,0.0
CREStereo,dataset_7_keyframe_4,0.0
CREStereo,dataset_7_keyframe_4,0.0
CREStereo,dataset_7_keyframe_4,0.0
CREStereo,dataset_7_keyframe_4,0.0
CREStereo,dataset_7_keyframe_4,0.0
CREStereo,dataset_7_keyframe_4,0.0
CREStereo,dataset_7_keyframe_4,0.0
CREStereo,dataset_7_keyframe_4,0.0
CREStereo,dataset_7_keyframe_4,0.0
CREStereo,dataset_7_keyframe_4,0.0
CREStereo,dataset_7_keyframe_4,0.0
CREStereo,dataset_7_keyframe_4,0.0
CREStereo,dataset_7_keyframe_4,0.0
CREStereo,dataset_7_keyframe_4,0.0
CREStereo,dataset_7_keyframe_4,0.0
CREStereo,dataset_7_keyframe_4,0.0
CREStereo,dataset_7_keyframe_4,0.0
CREStereo,dataset_7_keyframe_4,0.0
CREStereo,dataset_7_keyframe_4,0.0
CREStereo,dataset_7_keyframe_4,0.0
CREStereo,dataset_7_keyframe_4,0.0
CREStereo,dataset_7_keyframe_4,0.0
CREStereo,dataset_7_keyframe_4,0.0
CREStereo,dataset_7_keyframe_4,0.0
CREStereo,dataset_7_keyframe_4,0.0
CREStereo,dataset_7_keyframe_4,0.0
CREStereo,dataset_7_keyframe_4,0.0
CREStereo,dataset_7_keyframe_4,0.0
CREStereo,dataset_7_keyframe_4,0.0
CREStereo,dataset_7_keyframe_4,0.0
CREStereo,dataset_7_keyframe_4,0.0
CREStereo,dataset_7_keyframe_4,0.0
CREStereo,dataset_7_keyframe_4,0.0
CREStereo,dataset_7_keyframe_4,0.0
CREStereo,dataset_7_keyframe_4,0.0
CREStereo,dataset_7_keyframe_4,0.0
CREStereo,dataset_7_keyframe_4,0.0
CREStereo,dataset_7_keyframe_4,0.0
CREStereo,dataset_7_keyframe_4,0.0
CREStereo,dataset_7_keyframe_4,0.0
CREStereo,dataset_7_keyframe_4,0.0
CREStereo,dataset_7_keyframe_4,0.0
CREStereo,dataset_7_keyframe_4,0.0
CREStereo,dataset_7_keyframe_4,0.0
CREStereo,dataset_7_keyframe_4,0.0
CREStereo,dataset_7_keyframe_4,0.0
CREStereo,dataset_7_keyframe_4,0.0
CREStereo,dataset_7_keyframe_4,0.0
CREStereo,dataset_7_keyframe_4,0.0
CREStereo,dataset_7_keyframe_4,0.0
CREStereo,dataset_7_keyframe_4,0.0
CREStereo,dataset_7_keyframe_4,0.0
CREStereo,dataset_7_keyframe_4,0.0
CREStereo,dataset_7_keyframe_4,0.0
CREStereo,dataset_7_keyframe_4,0.0
CREStereo,dataset_7_keyframe_4,0.0
CREStereo,dataset_7_keyframe_4,0.0
CREStereo,dataset_7_keyframe_4,0.0
CREStereo,dataset_7_keyframe_4,0.0
CREStereo,dataset_7_keyframe_4,0.0
CREStereo,dataset_7_keyframe_4,0.0
CREStereo,dataset_7_keyframe_4,0.0
CREStereo,dataset_7_keyframe_4,0.0
CREStereo,dataset_7_keyframe_4,0.0
CREStereo,dataset_7_keyframe_4,0.25
CREStereo,dataset_7_keyframe_4,0.13333333333333333
CREStereo,dataset_7_keyframe_4,0.3888888888888889
CREStereo,dataset_7_keyframe_4,0.4444444444444444
CREStereo,dataset_7_keyframe_4,0.42105263157894735
CREStereo,dataset_7_keyframe_4,0.46153846153846156
CREStereo,dataset_7_keyframe_4,0.4864864864864865
CREStereo,dataset_7_keyframe_4,0.4146341463414634
CREStereo,dataset_7_keyframe_4,0.3695652173913043
CREStereo,dataset_7_keyframe_4,0.4067796610169492
CREStereo,dataset_7_keyframe_4,0.4772727272727273
CREStereo,dataset_7_keyframe_4,0.5
CREStereo,dataset_7_keyframe_4,0.6935483870967742
CREStereo,dataset_7_keyframe_4,0.5833333333333334
CREStereo,dataset_7_keyframe_4,0.6923076923076923
CREStereo,dataset_7_keyframe_4,0.7377049180327869
CREStereo,dataset_7_keyframe_4,0.8
CREStereo,dataset_7_keyframe_4,0.8507462686567164
CREStereo,dataset_7_keyframe_4,0.9333333333333333
CREStereo,dataset_7_keyframe_4,0.90625
CREStereo,dataset_7_keyframe_4,0.9393939393939394
CREStereo,dataset_7_keyframe_4,0.9142857142857143
CREStereo,dataset_7_keyframe_4,0.971830985915493
CREStereo,dataset_7_keyframe_4,1.0
CREStereo,dataset_7_keyframe_4,1.0
CREStereo,dataset_7_keyframe_4,0.9807692307692307
CREStereo,dataset_7_keyframe_4,1.0
CREStereo,dataset_7_keyframe_4,0.9642857142857143
CREStereo,dataset_7_keyframe_4,0.9333333333333333
CREStereo,dataset_7_keyframe_4,0.9166666666666666
CREStereo,dataset_7_keyframe_4,0.9090909090909091
CREStereo,dataset_7_keyframe_4,0.9166666666666666
CREStereo,dataset_7_keyframe_4,1.0
CREStereo,dataset_7_keyframe_4,0.8333333333333334
CREStereo,dataset_7_keyframe_4,1.0
CREStereo,dataset_7_keyframe_4,1.0
CREStereo,dataset_7_keyframe_4,1.0
CREStereo,dataset_7_keyframe_4,0.0
CREStereo,dataset_7_keyframe_4,0.0
CREStereo,dataset_7_keyframe_4,0.0
CREStereo,dataset_7_keyframe_4,0.0
CREStereo,dataset_7_keyframe_4,0.0
CREStereo,dataset_7_keyframe_4,0.0
CREStereo,dataset_7_keyframe_4,0.0
CREStereo,dataset_7_keyframe_4,0.0
CREStereo,dataset_7_keyframe_4,0.0
CREStereo,dataset_7_keyframe_4,0.0
CREStereo,dataset_7_keyframe_4,0.0
CREStereo,dataset_7_keyframe_4,0.0
CREStereo,dataset_7_keyframe_4,0.0
CREStereo,dataset_7_keyframe_4,0.0
CREStereo,dataset_7_keyframe_4,0.0
CREStereo,dataset_7_keyframe_4,0.0
CREStereo,dataset_7_keyframe_4,0.0
CREStereo,dataset_7_keyframe_4,0.0
CREStereo,dataset_7_keyframe_4,0.0
CREStereo,dataset_7_keyframe_4,0.0
CREStereo,dataset_7_keyframe_4,0.0
CREStereo,dataset_7_keyframe_4,0.0
CREStereo,dataset_7_keyframe_4,0.0
CREStereo,dataset_7_keyframe_4,0.0
CREStereo,dataset_7_keyframe_4,0.0
CREStereo,dataset_7_keyframe_4,0.0
CREStereo,dataset_7_keyframe_4,0.0
CREStereo,dataset_7_keyframe_4,0.0
CREStereo,dataset_7_keyframe_4,0.0
CREStereo,dataset_7_keyframe_4,0.0
CREStereo,dataset_7_keyframe_4,0.0
CREStereo,dataset_7_keyframe_4,0.0
CREStereo,dataset_7_keyframe_4,0.0
CREStereo,dataset_7_keyframe_4,0.0
CREStereo,dataset_7_keyframe_4,0.0
CREStereo,dataset_7_keyframe_4,0.0
CREStereo,dataset_7_keyframe_4,0.0
CREStereo,dataset_7_keyframe_4,0.0
CREStereo,dataset_7_keyframe_4,0.0
CREStereo,dataset_7_keyframe_4,0.0
CREStereo,dataset_7_keyframe_4,0.0
CREStereo,dataset_7_keyframe_4,0.0
CREStereo,dataset_7_keyframe_4,0.0
CREStereo,dataset_7_keyframe_4,0.0
CREStereo,dataset_7_keyframe_4,0.0
CREStereo,dataset_7_keyframe_4,0.0
CREStereo,dataset_7_keyframe_4,0.0
CREStereo,dataset_7_keyframe_4,0.0
CREStereo,dataset_7_keyframe_4,0.0
CREStereo,dataset_7_keyframe_4,0.0
CREStereo,dataset_7_keyframe_4,0.0
CREStereo,dataset_7_keyframe_4,0.0
CREStereo,dataset_7_keyframe_4,0.0
CREStereo,dataset_7_keyframe_4,0.0
CREStereo,dataset_7_keyframe_4,0.0
CREStereo,dataset_7_keyframe_4,0.0
CREStereo,dataset_7_keyframe_4,0.0
CREStereo,dataset_7_keyframe_4,0.0
CREStereo,dataset_7_keyframe_4,0.0
CREStereo,dataset_7_keyframe_4,0.0
CREStereo,dataset_7_keyframe_4,0.0
CREStereo,dataset_7_keyframe_4,0.0
CREStereo,dataset_7_keyframe_4,0.0
CREStereo,dataset_7_keyframe_4,0.0
CREStereo,dataset_7_keyframe_4,0.0
CREStereo,dataset_7_keyframe_4,0.0
CREStereo,dataset_7_keyframe_4,0.0
CREStereo,dataset_7_keyframe_4,0.0
CREStereo,dataset_7_keyframe_4,0.0
CREStereo,dataset_7_keyframe_4,0.0
CREStereo,dataset_7_keyframe_4,0.0
CREStereo,dataset_7_keyframe_4,0.0
CREStereo,dataset_7_keyframe_4,0.0
CREStereo,dataset_7_keyframe_4,0.0
CREStereo,dataset_7_keyframe_4,0.0
CREStereo,dataset_7_keyframe_4,0.0
CREStereo,dataset_7_keyframe_4,0.0
CREStereo,dataset_7_keyframe_4,0.0
CREStereo,dataset_7_keyframe_4,0.0
CREStereo,dataset_7_keyframe_4,0.0
CREStereo,dataset_7_keyframe_4,0.0
CREStereo,dataset_7_keyframe_4,0.0
CREStereo,dataset_7_keyframe_4,0.0
CREStereo,dataset_7_keyframe_4,0.0
CREStereo,dataset_7_keyframe_4,0.0
CREStereo,dataset_7_keyframe_4,0.0
CREStereo,dataset_7_keyframe_4,0.0
CREStereo,dataset_7_keyframe_4,0.0
CREStereo,dataset_7_keyframe_4,0.5
CREStereo,dataset_7_keyframe_4,0.5
CREStereo,dataset_7_keyframe_4,1.0
CREStereo,dataset_7_keyframe_4,1.0
CREStereo,dataset_7_keyframe_4,0.0
CREStereo,dataset_7_keyframe_4,0.0
CREStereo,dataset_7_keyframe_4,0.0
CREStereo,dataset_7_keyframe_4,0.0
CREStereo,dataset_7_keyframe_4,0.0
CREStereo,dataset_7_keyframe_4,0.0
CREStereo,dataset_7_keyframe_4,0.0
CREStereo,dataset_7_keyframe_4,0.0
CREStereo,dataset_7_keyframe_4,0.0
CREStereo,dataset_7_keyframe_4,0.0
CREStereo,dataset_7_keyframe_4,0.0
CREStereo,dataset_7_keyframe_4,0.0
CREStereo,dataset_7_keyframe_4,0.0
CREStereo,dataset_7_keyframe_4,0.0
CREStereo,dataset_7_keyframe_4,0.0
CREStereo,dataset_7_keyframe_4,0.0
CREStereo,dataset_7_keyframe_4,0.0
CREStereo,dataset_7_keyframe_4,0.0
CREStereo,dataset_7_keyframe_4,0.0
CREStereo,dataset_7_keyframe_4,0.0
CREStereo,dataset_7_keyframe_4,0.0
CREStereo,dataset_7_keyframe_4,0.0
CREStereo,dataset_7_keyframe_4,0.0
CREStereo,dataset_7_keyframe_4,0.0
CREStereo,dataset_7_keyframe_4,0.0
CREStereo,dataset_7_keyframe_4,0.0
CREStereo,dataset_7_keyframe_4,0.0
CREStereo,dataset_7_keyframe_4,0.0
CREStereo,dataset_7_keyframe_4,0.0
CREStereo,dataset_7_keyframe_4,0.0
CREStereo,dataset_7_keyframe_4,0.0
CREStereo,dataset_7_keyframe_4,0.0
CREStereo,dataset_7_keyframe_4,0.0
CREStereo,dataset_7_keyframe_4,0.0
CREStereo,dataset_7_keyframe_4,0.0
CREStereo,dataset_7_keyframe_4,0.0
CREStereo,dataset_7_keyframe_4,0.0
CREStereo,dataset_7_keyframe_4,0.0
CREStereo,dataset_7_keyframe_4,0.0
CREStereo,dataset_7_keyframe_4,0.0
CREStereo,dataset_7_keyframe_4,0.0
CREStereo,dataset_7_keyframe_4,0.0
CREStereo,dataset_7_keyframe_4,0.0
CREStereo,dataset_7_keyframe_4,0.0
CREStereo,dataset_7_keyframe_4,0.0
CREStereo,dataset_7_keyframe_4,0.0
CREStereo,dataset_7_keyframe_4,0.0
CREStereo,dataset_7_keyframe_4,0.0
CREStereo,dataset_7_keyframe_4,0.0
CREStereo,dataset_7_keyframe_4,0.0
CREStereo,dataset_7_keyframe_4,0.0
CREStereo,dataset_7_keyframe_4,0.0
CREStereo,dataset_7_keyframe_4,0.0
CREStereo,dataset_7_keyframe_4,0.0
CREStereo,dataset_7_keyframe_4,0.0
CREStereo,dataset_7_keyframe_4,0.0
CREStereo,dataset_7_keyframe_4,0.0
CREStereo,dataset_7_keyframe_4,0.0
CREStereo,dataset_7_keyframe_4,0.0
CREStereo,dataset_7_keyframe_4,0.0
CREStereo,dataset_7_keyframe_4,0.0
CREStereo,dataset_7_keyframe_4,0.0
CREStereo,dataset_7_keyframe_4,0.0
CREStereo,dataset_7_keyframe_4,0.0
CREStereo,dataset_7_keyframe_4,0.0
CREStereo,dataset_7_keyframe_4,0.0
CREStereo,dataset_7_keyframe_4,0.0
CREStereo,dataset_7_keyframe_4,0.0
CREStereo,dataset_7_keyframe_4,0.0
CREStereo,dataset_7_keyframe_4,0.0
CREStereo,dataset_7_keyframe_4,0.0
CREStereo,dataset_7_keyframe_4,0.0
CREStereo,dataset_7_keyframe_4,0.0
CREStereo,dataset_7_keyframe_4,0.0
CREStereo,dataset_7_keyframe_4,0.0
CREStereo,dataset_7_keyframe_4,0.0
CREStereo,dataset_7_keyframe_4,0.0
CREStereo,dataset_7_keyframe_4,0.0
CREStereo,dataset_7_keyframe_4,0.0
CREStereo,dataset_7_keyframe_4,0.0
CREStereo,dataset_7_keyframe_4,0.0
CREStereo,dataset_7_keyframe_4,0.0
CREStereo,dataset_7_keyframe_4,0.0
CREStereo,dataset_7_keyframe_4,0.0
CREStereo,dataset_7_keyframe_4,1.0
CREStereo,dataset_7_keyframe_4,0.0
CREStereo,dataset_7_keyframe_4,0.0
CREStereo,dataset_7_keyframe_4,0.3333333333333333
CREStereo,dataset_7_keyframe_4,0.5
CREStereo,dataset_7_keyframe_4,0.0
CREStereo,dataset_7_keyframe_4,0.3333333333333333
CREStereo,dataset_7_keyframe_4,0.6666666666666666
CREStereo,dataset_7_keyframe_4,0.25
CREStereo,dataset_7_keyframe_4,0.5
CREStereo,dataset_7_keyframe_4,0.75
CREStereo,dataset_7_keyframe_4,0.6
CREStereo,dataset_7_keyframe_4,0.5
CREStereo,dataset_7_keyframe_4,0.6666666666666666
CREStereo,dataset_7_keyframe_4,0.45454545454545453
CREStereo,dataset_7_keyframe_4,0.5294117647058824
CREStereo,dataset_7_keyframe_4,0.44
CREStereo,dataset_7_keyframe_4,0.5
CREStereo,dataset_7_keyframe_4,0.4074074074074074
CREStereo,dataset_7_keyframe_4,0.4827586206896552
CREStereo,dataset_7_keyframe_4,0.4375
CREStereo,dataset_7_keyframe_4,0.5789473684210527
CREStereo,dataset_7_keyframe_4,0.6904761904761905
CREStereo,dataset_7_keyframe_4,0.627906976744186
CREStereo,dataset_7_keyframe_4,0.5789473684210527
CREStereo,dataset_7_keyframe_4,0.5538461538461539
CREStereo,dataset_7_keyframe_4,0.5692307692307692
CREStereo,dataset_7_keyframe_4,0.5
CREStereo,dataset_7_keyframe_4,0.41284403669724773
CREStereo,dataset_7_keyframe_4,0.408
CREStereo,dataset_7_keyframe_4,0.3700787401574803
CREStereo,dataset_7_keyframe_4,0.4461538461538462
CREStereo,dataset_7_keyframe_4,0.4533333333333333
CREStereo,dataset_7_keyframe_4,0.4514285714285714
CREStereo,dataset_7_keyframe_4,0.5053763440860215
CREStereo,dataset_7_keyframe_4,0.5477386934673367
CREStereo,dataset_7_keyframe_4,0.555045871559633
CREStereo,dataset_7_keyframe_4,0.5708154506437768
CREStereo,dataset_7_keyframe_4,0.58203125
CREStereo,dataset_7_keyframe_4,0.6007194244604317
CREStereo,dataset_7_keyframe_4,0.5973154362416108
CREStereo,dataset_7_keyframe_4,0.5762195121951219
CREStereo,dataset_7_keyframe_4,0.611764705882353
CREStereo,dataset_7_keyframe_4,0.6561604584527221
CREStereo,dataset_7_keyframe_4,0.6539509536784741
CREStereo,dataset_7_keyframe_4,0.6896551724137931
CREStereo,dataset_7_keyframe_4,0.7066326530612245
CREStereo,dataset_7_keyframe_4,0.7347931873479319
CREStereo,dataset_7_keyframe_4,0.771889400921659
CREStereo,dataset_7_keyframe_4,0.7594654788418709
CREStereo,dataset_7_keyframe_4,0.7882599580712788
CREStereo,dataset_7_keyframe_4,0.7704918032786885
CREStereo,dataset_7_keyframe_4,0.788235294117647
CREStereo,dataset_7_keyframe_4,0.8067729083665338
CREStereo,dataset_7_keyframe_4,0.8384030418250951
CREStereo,dataset_7_keyframe_4,0.8446069469835467
CREStereo,dataset_7_keyframe_4,0.8638941398865785
CREStereo,dataset_7_keyframe_4,0.8638059701492538
CREStereo,dataset_7_keyframe_4,0.9239130434782609
CREStereo,dataset_7_keyframe_4,0.9010791366906474
CREStereo,dataset_7_keyframe_4,0.8963730569948186
CREStereo,dataset_7_keyframe_4,0.8947368421052632
CREStereo,dataset_7_keyframe_4,0.9188741721854304
CREStereo,dataset_7_keyframe_4,0.9201388888888888
CREStereo,dataset_7_keyframe_4,0.9243156199677939
CREStereo,dataset_7_keyframe_4,0.9153605015673981
CREStereo,dataset_7_keyframe_4,0.8793363499245852
CREStereo,dataset_7_keyframe_4,0.8683127572016461
CREStereo,dataset_7_keyframe_4,0.9015691868758916
CREStereo,dataset_7_keyframe_4,0.9102209944751382
CREStereo,dataset_7_keyframe_4,0.8968253968253969
CREStereo,dataset_7_keyframe_4,0.905440414507772
CREStereo,dataset_7_keyframe_4,0.9377382465057179
CREStereo,dataset_7_keyframe_4,0.950632911392405
CREStereo,dataset_7_keyframe_4,0.9551886792452831
CREStereo,dataset_7_keyframe_4,0.9524940617577197
CREStereo,dataset_7_keyframe_4,0.9437570303712036
CREStereo,dataset_7_keyframe_4,0.9299014238773274
CREStereo,dataset_7_keyframe_4,0.919062832800852
CREStereo,dataset_7_keyframe_4,0.8933747412008282
CREStereo,dataset_7_keyframe_4,0.8952569169960475
CREStereo,dataset_7_keyframe_4,0.8926829268292683
CREStereo,dataset_7_keyframe_4,0.8377659574468085
CREStereo,dataset_7_keyframe_4,0.8173400673400674
CREStereo,dataset_7_keyframe_4,0.8063745019920319
CREStereo,dataset_7_keyframe_4,0.781706379707917
CREStereo,dataset_7_keyframe_4,0.7686781609195402
CREStereo,dataset_7_keyframe_4,0.7461964038727524
CREStereo,dataset_7_keyframe_4,0.7449180327868853
CREStereo,dataset_7_keyframe_4,0.7403076923076923
CREStereo,dataset_7_keyframe_4,0.7262044653349001
CREStereo,dataset_7_keyframe_4,0.7348401323042999
CREStereo,dataset_7_keyframe_4,0.720125786163522
CREStereo,dataset_7_keyframe_4,0.7211970074812968
CREStereo,dataset_7_keyframe_4,0.7242857142857143
CREStereo,dataset_7_keyframe_4,0.740139211136891
CREStereo,dataset_7_keyframe_4,0.7534368070953437
CREStereo,dataset_7_keyframe_4,0.7735445205479452
CREStereo,dataset_7_keyframe_4,0.7538829151732378
CREStereo,dataset_7_keyframe_4,0.7562264150943396
CREStereo,dataset_7_keyframe_4,0.7567469000729394
CREStereo,dataset_7_keyframe_4,0.7745726495726496
CREStereo,dataset_7_keyframe_4,0.7811959903214656
CREStereo,dataset_7_keyframe_4,0.7860291624279416
CREStereo,dataset_7_keyframe_4,0.782806903288831
CREStereo,dataset_7_keyframe_4,0.8282994090610637
CREStereo,dataset_7_keyframe_4,0.875328947368421
CREStereo,dataset_7_keyframe_4,0.9222074468085106
CREStereo,dataset_7_keyframe_4,0.942790230846437
CREStereo,dataset_7_keyframe_4,0.9698175787728026
CREStereo,dataset_7_keyframe_4,0.9850845210473981
CREStereo,dataset_7_keyframe_4,0.9802110817941952
CREStereo,dataset_7_keyframe_4,0.9830901856763926
CREStereo,dataset_7_keyframe_4,0.9852842809364548
CREStereo,dataset_7_keyframe_4,0.9845482028888143
CREStereo,dataset_7_keyframe_4,0.9853292391675196
CREStereo,dataset_7_keyframe_4,0.9855222337125129
CREStereo,dataset_7_keyframe_4,0.9802563214409421
CREStereo,dataset_7_keyframe_4,0.9864677307425399
CREStereo,dataset_7_keyframe_4,0.9843858431644691
CREStereo,dataset_7_keyframe_4,0.9815699658703072
CREStereo,dataset_7_keyframe_4,0.952013422818792
CREStereo,dataset_7_keyframe_4,0.9454013649658759
CREStereo,dataset_7_keyframe_4,0.9135446685878963
CREStereo,dataset_7_keyframe_4,0.9022082018927445
CREStereo,dataset_7_keyframe_4,0.8848167539267016
CREStereo,dataset_7_keyframe_4,0.8788063337393422
CREStereo,dataset_7_keyframe_4,0.8672434367541766
CREStereo,dataset_7_keyframe_4,0.8633051588458176
CREStereo,dataset_7_keyframe_4,0.8700662633246903
CREStereo,dataset_7_keyframe_4,0.8633696563285834
CREStereo,dataset_7_keyframe_4,0.8528698464025869
CREStereo,dataset_7_keyframe_4,0.8907073509015256
CREStereo,dataset_7_keyframe_4,0.8908538270240398
CREStereo,dataset_7_keyframe_4,0.9055161114145276
CREStereo,dataset_7_keyframe_4,0.9232235230057174
CREStereo,dataset_7_keyframe_4,0.9362918595153825
CREStereo,dataset_7_keyframe_4,0.9546436285097192
CREStereo,dataset_7_keyframe_4,0.9674406191619963
CREStereo,dataset_7_keyframe_4,0.9562913907284768
CREStereo,dataset_7_keyframe_4,0.9606173496540713
CREStereo,dataset_7_keyframe_4,0.960390810668075
CREStereo,dataset_7_keyframe_4,0.9632881085395052
CREStereo,dataset_7_keyframe_4,0.9643427354976051
CREStereo,dataset_7_keyframe_4,0.9565332626557116
CREStereo,dataset_7_keyframe_4,0.9577167019027484
CREStereo,dataset_7_keyframe_4,0.9561701017479781
CREStereo,dataset_7_keyframe_4,0.9381679389312977
CREStereo,dataset_7_keyframe_4,0.9526248399487837
CREStereo,dataset_7_keyframe_4,0.9438943894389439
CREStereo,dataset_7_keyframe_4,0.9556014455343315
CREStereo,dataset_7_keyframe_4,0.9863695937090432
CREStereo,dataset_7_keyframe_4,0.9981646565285789
CREStereo,dataset_7_keyframe_4,1.0
CREStereo,dataset_7_keyframe_4,0.9973333333333333
CREStereo,dataset_7_keyframe_4,1.0
CREStereo,dataset_7_keyframe_4,1.0
CREStereo,dataset_7_keyframe_4,1.0
CREStereo,dataset_7_keyframe_4,0.9960102593331434
CREStereo,dataset_7_keyframe_4,0.9956697459584296
CREStereo,dataset_7_keyframe_4,0.9947089947089947
CREStereo,dataset_7_keyframe_4,1.0
CREStereo,dataset_7_keyframe_4,0.9987688519544475
CREStereo,dataset_7_keyframe_4,0.9968213604577241
CREStereo,dataset_7_keyframe_4,0.9934683213585892
CREStereo,dataset_7_keyframe_4,0.9949238578680203
CREStereo,dataset_7_keyframe_4,0.9957879957879958
CREStereo,dataset_7_keyframe_4,0.9931506849315068
CREStereo,dataset_7_keyframe_4,0.9922077922077922
CREStereo,dataset_7_keyframe_4,0.9907514450867052
CREStereo,dataset_7_keyframe_4,0.9907778668805133
CREStereo,dataset_7_keyframe_4,0.9861224489795918
CREStereo,dataset_7_keyframe_4,0.9814356435643564
CREStereo,dataset_7_keyframe_4,0.982433590402742
CREStereo,dataset_7_keyframe_4,0.9863496257155439
CREStereo,dataset_7_keyframe_4,0.9882086167800453
CREStereo,dataset_7_keyframe_4,0.993361782835467
CREStereo,dataset_7_keyframe_4,0.9906172839506173
CREStereo,dataset_7_keyframe_4,0.9825783972125436
CREStereo,dataset_7_keyframe_4,0.9876859928168291
CREStereo,dataset_7_keyframe_4,0.9889937106918238
CREStereo,dataset_7_keyframe_4,0.9874015748031496
CREStereo,dataset_7_keyframe_4,0.9825708061002179
CREStereo,dataset_7_keyframe_4,0.979131415679639
CREStereo,dataset_7_keyframe_4,0.9749857873791927
CREStereo,dataset_7_keyframe_4,0.9684329199549042
CREStereo,dataset_7_keyframe_4,0.9736389684813753
CREStereo,dataset_7_keyframe_4,0.9621468926553672
CREStereo,dataset_7_keyframe_4,0.9718714121699197
CREStereo,dataset_7_keyframe_4,0.9516310461192351
CREStereo,dataset_7_keyframe_4,0.9518477043673013
CREStereo,dataset_7_keyframe_4,0.9602209944751381
CREStereo,dataset_7_keyframe_4,0.9305634604439386
CREStereo,dataset_7_keyframe_4,0.8981937602627258
CREStereo,dataset_7_keyframe_4,0.9301929625425652
CREStereo,dataset_7_keyframe_4,0.9114470842332614
CREStereo,dataset_7_keyframe_4,0.9225464190981433
CREStereo,dataset_7_keyframe_4,0.9233193277310925
CREStereo,dataset_7_keyframe_4,0.9346035015447992
CREStereo,dataset_7_keyframe_4,0.9367934224049332
CREStereo,dataset_7_keyframe_4,0.9219858156028369
CREStereo,dataset_7_keyframe_4,0.9270408163265306
CREStereo,dataset_7_keyframe_4,0.9129770992366413
CREStereo,dataset_7_keyframe_4,0.8883471477328133
CREStereo,dataset_7_keyframe_4,0.8756677999028655
CREStereo,dataset_7_keyframe_4,0.8647114474929044
CREStereo,dataset_7_keyframe_4,0.8580735225686366
CREStereo,dataset_7_keyframe_4,0.8473040326234708
CREStereo,dataset_7_keyframe_4,0.822943722943723
CREStereo,dataset_7_keyframe_4,0.8218197135636057
CREStereo,dataset_7_keyframe_4,0.8256880733944955
CREStereo,dataset_7_keyframe_4,0.8158215010141988
CREStereo,dataset_7_keyframe_4,0.8202783300198807
CREStereo,dataset_7_keyframe_4,0.8093774019984628
CREStereo,dataset_7_keyframe_4,0.811441475348137
CREStereo,dataset_7_keyframe_4,0.8047636232407073
CREStereo,dataset_7_keyframe_4,0.7848275862068965
CREStereo,dataset_7_keyframe_4,0.7669367909238249
CREStereo,dataset_7_keyframe_4,0.7552050473186119
CREStereo,dataset_7_keyframe_4,0.7487908101571947
CREStereo,dataset_7_keyframe_4,0.7513211978860834
CREStereo,dataset_7_keyframe_4,0.7656025309174576
CREStereo,dataset_7_keyframe_4,0.7684036393713813
CREStereo,dataset_7_keyframe_4,0.7834549878345499
CREStereo,dataset_7_keyframe_4,0.8083752981712166
CREStereo,dataset_7_keyframe_4,0.8195197521301317
CREStereo,dataset_7_keyframe_4,0.8313953488372093
CREStereo,dataset_7_keyframe_4,0.8376025864212883
CREStereo,dataset_7_keyframe_4,0.8393162393162393
CREStereo,dataset_7_keyframe_4,0.830028328611898
CREStereo,dataset_7_keyframe_4,0.8309078309078309
CREStereo,dataset_7_keyframe_4,0.8369614512471655
CREStereo,dataset_7_keyframe_4,0.8578231292517007
CREStereo,dataset_7_keyframe_4,0.8870967741935484
CREStereo,dataset_7_keyframe_4,0.9086179597376159
CREStereo,dataset_7_keyframe_4,0.9291553133514986
CREStereo,dataset_7_keyframe_4,0.9613034623217923
CREStereo,dataset_7_keyframe_4,0.9827703468601224
CREStereo,dataset_7_keyframe_4,1.0
CREStereo,dataset_7_keyframe_4,1.0
CREStereo,dataset_7_keyframe_4,0.9977231329690346
CREStereo,dataset_7_keyframe_4,0.9920706841866788
CREStereo,dataset_7_keyframe_4,0.9902538531278332
CREStereo,dataset_7_keyframe_4,0.9792839450574194
CREStereo,dataset_7_keyframe_4,0.9769265232974911
CREStereo,dataset_7_keyframe_4,0.9809758281110116
CREStereo,dataset_7_keyframe_4,0.9830319267693681
CREStereo,dataset_7_keyframe_4,0.98898628905372
CREStereo,dataset_7_keyframe_4,0.9928122192273136
CREStereo,dataset_7_keyframe_4,0.9939366719065799
CREStereo,dataset_7_keyframe_4,0.9975347377857463
CREStereo,dataset_7_keyframe_4,1.0
CREStereo,dataset_7_keyframe_4,1.0
CREStereo,dataset_7_keyframe_4,0.9984315482859063
CREStereo,dataset_7_keyframe_4,0.9977553310886644
CREStereo,dataset_7_keyframe_4,0.9894736842105263
CREStereo,dataset_7_keyframe_4,0.9837669557482767
CREStereo,dataset_7_keyframe_4,0.9820438927067169
CREStereo,dataset_7_keyframe_4,0.980522355024347
CREStereo,dataset_7_keyframe_4,0.980578238799382
CREStereo,dataset_7_keyframe_4,0.9780364594772677
CREStereo,dataset_7_keyframe_4,0.973753280839895
CREStereo,dataset_7_keyframe_4,0.964927473479108
CREStereo,dataset_7_keyframe_4,0.9708251687350316
CREStereo,dataset_7_keyframe_4,0.977026441265713
CREStereo,dataset_7_keyframe_4,0.9840087623220153
CREStereo,dataset_7_keyframe_4,0.981750219876869
CREStereo,dataset_7_keyframe_4,0.9799205648720212
CREStereo,dataset_7_keyframe_4,0.9753497668221186
CREStereo,dataset_7_keyframe_4,0.9749556737588653
CREStereo,dataset_7_keyframe_4,0.9706209659470287
CREStereo,dataset_7_keyframe_4,0.9723522853957637
CREStereo,dataset_7_keyframe_4,0.968763748350198
CREStereo,dataset_7_keyframe_4,0.9622518001309186
CREStereo,dataset_7_keyframe_4,0.9652154889520893
CREStereo,dataset_7_keyframe_4,0.9709226060341059
CREStereo,dataset_7_keyframe_4,0.9725130890052356
CREStereo,dataset_7_keyframe_4,0.9804395604395605
CREStereo,dataset_7_keyframe_4,0.9867928681488004
CREStereo,dataset_7_keyframe_4,0.9801805769654262
CREStereo,dataset_7_keyframe_4,0.9717245845024822
CREStereo,dataset_7_keyframe_4,0.9696643717728055
CREStereo,dataset_7_keyframe_4,0.9575058723040786
CREStereo,dataset_7_keyframe_4,0.9473122866894198
CREStereo,dataset_7_keyframe_4,0.9287515762925599
CREStereo,dataset_7_keyframe_4,0.9197672001662855
CREStereo,dataset_7_keyframe_4,0.912737799834574
CREStereo,dataset_7_keyframe_4,0.9017749092375958
CREStereo,dataset_7_keyframe_4,0.8879841112214498
CREStereo,dataset_7_keyframe_4,0.8849627012171182
CREStereo,dataset_7_keyframe_4,0.8756496631376324
CREStereo,dataset_7_keyframe_4,0.8745980707395499
CREStereo,dataset_7_keyframe_4,0.8714657738095238
CREStereo,dataset_7_keyframe_4,0.8426287744227353
CREStereo,dataset_7_keyframe_4,0.8306493506493506
CREStereo,dataset_7_keyframe_4,0.8346068942095433
CREStereo,dataset_7_keyframe_4,0.8389844663437448
CREStereo,dataset_7_keyframe_4,0.848841059602649
CREStereo,dataset_7_keyframe_4,0.889757091897401
CREStereo,dataset_7_keyframe_4,0.9125785095909014
CREStereo,dataset_7_keyframe_4,0.9393329981565276
CREStereo,dataset_7_keyframe_4,0.9686234817813765
CREStereo,dataset_7_keyframe_4,0.9993193806363792
CREStereo,dataset_7_keyframe_4,1.0
CREStereo,dataset_7_keyframe_4,1.0
CREStereo,dataset_7_keyframe_4,0.9994778976679429
CREStereo,dataset_7_keyframe_4,0.9971781305114639
CREStereo,dataset_7_keyframe_4,0.9966083541592289
CREStereo,dataset_7_keyframe_4,0.9965722532924409
CREStereo,dataset_7_keyframe_4,0.9941541834124954
CREStereo,dataset_7_keyframe_4,0.9924228423581593
CREStereo,dataset_7_keyframe_4,0.9894973743435859
CREStereo,dataset_7_keyframe_4,0.9873417721518988
CREStereo,dataset_7_keyframe_4,0.9858724704085529
CREStereo,dataset_7_keyframe_4,0.983555813503579
CREStereo,dataset_7_keyframe_4,0.9804035700426853
CREStereo,dataset_7_keyframe_4,0.9792238337906704
CREStereo,dataset_7_keyframe_4,0.9825406381697772
CREStereo,dataset_7_keyframe_4,0.9814701690083486
CREStereo,dataset_7_keyframe_4,0.9829875518672199
CREStereo,dataset_7_keyframe_4,0.9859872611464968
CREStereo,dataset_7_keyframe_4,0.9887616165982278
CREStereo,dataset_7_keyframe_4,0.9896748681898067
CREStereo,dataset_7_keyframe_4,0.996859578286227
CREStereo,dataset_7_keyframe_4,0.9974782209995415
CREStereo,dataset_7_keyframe_4,0.9971784622619327
CREStereo,dataset_7_keyframe_4,0.9992723744845986
CREStereo,dataset_7_keyframe_4,1.0
CREStereo,dataset_7_keyframe_4,0.9964421855146125
CREStereo,dataset_7_keyframe_4,0.9964313025745603
CREStereo,dataset_7_keyframe_4,0.9780724120346762
CREStereo,dataset_7_keyframe_4,0.9778894472361809
CREStereo,dataset_7_keyframe_4,0.967128027681661
CREStereo,dataset_7_keyframe_4,0.9683638161146811
CREStereo,dataset_7_keyframe_4,0.9622319688109162
CREStereo,dataset_7_keyframe_4,0.9554802806677958
CREStereo,dataset_7_keyframe_4,0.9325681492109039
CREStereo,dataset_7_keyframe_4,0.9372345445965078
CREStereo,dataset_7_keyframe_4,0.944681861348528
CREStereo,dataset_7_keyframe_4,0.949585798816568
CREStereo,dataset_7_keyframe_4,0.9465379180405087
CREStereo,dataset_7_keyframe_4,0.9550326188257223
CREStereo,dataset_7_keyframe_4,0.9715606936416185
CREStereo,dataset_7_keyframe_4,0.9710876548875631
CREStereo,dataset_7_keyframe_4,0.9688211197086937
CREStereo,dataset_7_keyframe_4,0.9637060414788098
CREStereo,dataset_7_keyframe_4,0.9641094661283086
CREStereo,dataset_7_keyframe_4,0.9377085650723026
CREStereo,dataset_7_keyframe_4,0.9192951925168589
CREStereo,dataset_7_keyframe_4,0.9145521578833224
CREStereo,dataset_7_keyframe_4,0.9061901723037652
CREStereo,dataset_7_keyframe_4,0.8901673640167364
CREStereo,dataset_7_keyframe_4,0.87248322147651
CREStereo,dataset_7_keyframe_4,0.8810446847582126
CREStereo,dataset_7_keyframe_4,0.8839991888055161
CREStereo,dataset_7_keyframe_4,0.9131051245695767
CREStereo,dataset_7_keyframe_4,0.915346038114343
CREStereo,dataset_7_keyframe_4,0.9395032051282052
CREStereo,dataset_7_keyframe_4,0.951068504094268
CREStereo,dataset_7_keyframe_4,0.9738157105736558
CREStereo,dataset_7_keyframe_4,0.9725972994440032
CREStereo,dataset_7_keyframe_4,0.9679386309992132
CREStereo,dataset_7_keyframe_4,0.9583251036934624
CREStereo,dataset_7_keyframe_4,0.9553379040156709
CREStereo,dataset_7_keyframe_4,0.9459249173312585
CREStereo,dataset_7_keyframe_4,0.9513386750048857
CREStereo,dataset_7_keyframe_4,0.948339483394834
CREStereo,dataset_7_keyframe_4,0.9403268719118206
CREStereo,dataset_7_keyframe_4,0.9429824561403509
CREStereo,dataset_7_keyframe_4,0.9375355990127208
CREStereo,dataset_7_keyframe_4,0.9345864661654135
CREStereo,dataset_7_keyframe_4,0.9288625416821045
CREStereo,dataset_7_keyframe_4,0.9260757631482163
CREStereo,dataset_7_keyframe_4,0.9243835616438356
CREStereo,dataset_7_keyframe_4,0.931511839708561
CREStereo,dataset_7_keyframe_4,0.8713123092573754
CREStereo,dataset_7_keyframe_4,0.866499582289056
CREStereo,dataset_7_keyframe_4,0.854278728606357
CREStereo,dataset_7_keyframe_4,0.8578989574979952
CREStereo,dataset_7_keyframe_4,0.8666023786563806
Fast-FoundationStereo,dataset_7_keyframe_4,0.9995596653456627
Fast-FoundationStereo,dataset_7_keyframe_4,0.9991581946512983
Fast-FoundationStereo,dataset_7_keyframe_4,0.9997977618983417
Fast-FoundationStereo,dataset_7_keyframe_4,0.9992967156621422
Fast-FoundationStereo,dataset_7_keyframe_4,0.9997020040229457
Fast-FoundationStereo,dataset_7_keyframe_4,0.9992125984251968
Fast-FoundationStereo,dataset_7_keyframe_4,0.9994130963360442
Fast-FoundationStereo,dataset_7_keyframe_4,0.9998190700199023
Fast-FoundationStereo,dataset_7_keyframe_4,0.9999024485416057
Fast-FoundationStereo,dataset_7_keyframe_4,1.0
Fast-FoundationStereo,dataset_7_keyframe_4,1.0
Fast-FoundationStereo,dataset_7_keyframe_4,1.0
Fast-FoundationStereo,dataset_7_keyframe_4,1.0
Fast-FoundationStereo,dataset_7_keyframe_4,1.0
Fast-FoundationStereo,dataset_7_keyframe_4,1.0
Fast-FoundationStereo,dataset_7_keyframe_4,1.0
Fast-FoundationStereo,dataset_7_keyframe_4,0.9976654994163748
Fast-FoundationStereo,dataset_7_keyframe_4,0.9937127729980145
Fast-FoundationStereo,dataset_7_keyframe_4,0.9882220070990642
Fast-FoundationStereo,dataset_7_keyframe_4,0.9827051721324849
Fast-FoundationStereo,dataset_7_keyframe_4,0.9661648049214829
Fast-FoundationStereo,dataset_7_keyframe_4,0.9548536464362494
Fast-FoundationStereo,dataset_7_keyframe_4,0.9401609118337244
Fast-FoundationStereo,dataset_7_keyframe_4,0.915177065767285
Fast-FoundationStereo,dataset_7_keyframe_4,0.904574940252646
Fast-FoundationStereo,dataset_7_keyframe_4,0.8972662371582797
Fast-FoundationStereo,dataset_7_keyframe_4,0.9048199060379328
Fast-FoundationStereo,dataset_7_keyframe_4,0.9192647323842134
Fast-FoundationStereo,dataset_7_keyframe_4,0.9246636771300448
Fast-FoundationStereo,dataset_7_keyframe_4,0.9414348462664714
Fast-FoundationStereo,dataset_7_keyframe_4,0.9652061855670103
Fast-FoundationStereo,dataset_7_keyframe_4,0.9939237709445774
Fast-FoundationStereo,dataset_7_keyframe_4,0.9985760056959773
Fast-FoundationStereo,dataset_7_keyframe_4,0.997037811465412
Fast-FoundationStereo,dataset_7_keyframe_4,0.9949195596951735
Fast-FoundationStereo,dataset_7_keyframe_4,0.9780808572820263
Fast-FoundationStereo,dataset_7_keyframe_4,0.9792307692307692
Fast-FoundationStereo,dataset_7_keyframe_4,0.982161753590325
Fast-FoundationStereo,dataset_7_keyframe_4,0.9826776277157957
Fast-FoundationStereo,dataset_7_keyframe_4,0.9780595526428266
Fast-FoundationStereo,dataset_7_keyframe_4,0.978797600781141
Fast-FoundationStereo,dataset_7_keyframe_4,0.98
Fast-FoundationStereo,dataset_7_keyframe_4,0.9824443848834092
Fast-FoundationStereo,dataset_7_keyframe_4,0.9847127042698999
Fast-FoundationStereo,dataset_7_keyframe_4,0.9753934549088183
Fast-FoundationStereo,dataset_7_keyframe_4,0.9733542319749217
Fast-FoundationStereo,dataset_7_keyframe_4,0.9658914728682171
Fast-FoundationStereo,dataset_7_keyframe_4,0.9633049242424242
Fast-FoundationStereo,dataset_7_keyframe_4,0.9585444495624136
Fast-FoundationStereo,dataset_7_keyframe_4,0.957939131425966
Fast-FoundationStereo,dataset_7_keyframe_4,0.956613638891979
Fast-FoundationStereo,dataset_7_keyframe_4,0.9575476899327379
Fast-FoundationStereo,dataset_7_keyframe_4,0.9594399377708634
Fast-FoundationStereo,dataset_7_keyframe_4,0.9634010265565722
Fast-FoundationStereo,dataset_7_keyframe_4,0.9639786701490913
Fast-FoundationStereo,dataset_7_keyframe_4,0.9694189602446484
Fast-FoundationStereo,dataset_7_keyframe_4,0.9707704009562099
Fast-FoundationStereo,dataset_7_keyframe_4,0.9736728992048141
Fast-FoundationStereo,dataset_7_keyframe_4,0.9758671124111993
Fast-FoundationStereo,dataset_7_keyframe_4,0.9770199370409234
Fast-FoundationStereo,dataset_7_keyframe_4,0.9780984014947063
Fast-FoundationStereo,dataset_7_keyframe_4,0.9783127529314102
Fast-FoundationStereo,dataset_7_keyframe_4,0.9779124717485104
Fast-FoundationStereo,dataset_7_keyframe_4,0.9789367088607595
Fast-FoundationStereo,dataset_7_keyframe_4,0.9740777666999003
Fast-FoundationStereo,dataset_7_keyframe_4,0.9699322000589564
Fast-FoundationStereo,dataset_7_keyframe_4,0.9669719407638347
Fast-FoundationStereo,dataset_7_keyframe_4,0.9576002307470436
Fast-FoundationStereo,dataset_7_keyframe_4,0.9592149353757778
Fast-FoundationStereo,dataset_7_keyframe_4,0.9572747169093159
Fast-FoundationStereo,dataset_7_keyframe_4,0.9499906524584034
Fast-FoundationStereo,dataset_7_keyframe_4,0.9560798209623275
Fast-FoundationStereo,dataset_7_keyframe_4,0.9626831290887312
Fast-FoundationStereo,dataset_7_keyframe_4,0.9686238532110092
Fast-FoundationStereo,dataset_7_keyframe_4,0.9745252008765523
Fast-FoundationStereo,dataset_7_keyframe_4,0.9733574988672405
Fast-FoundationStereo,dataset_7_keyframe_4,0.978369083174948
Fast-FoundationStereo,dataset_7_keyframe_4,0.9908215603347431
Fast-FoundationStereo,dataset_7_keyframe_4,0.9911360347322721
Fast-FoundationStereo,dataset_7_keyframe_4,0.9936183790682833
Fast-FoundationStereo,dataset_7_keyframe_4,0.996605193136985
Fast-FoundationStereo,dataset_7_keyframe_4,0.9965622967574096
Fast-FoundationStereo,dataset_7_keyframe_4,0.9985940575499109
Fast-FoundationStereo,dataset_7_keyframe_4,0.9984857088775317
Fast-FoundationStereo,dataset_7_keyframe_4,1.0
Fast-FoundationStereo,dataset_7_keyframe_4,1.0
Fast-FoundationStereo,dataset_7_keyframe_4,1.0
Fast-FoundationStereo,dataset_7_keyframe_4,1.0
Fast-FoundationStereo,dataset_7_keyframe_4,1.0
Fast-FoundationStereo,dataset_7_keyframe_4,1.0
Fast-FoundationStereo,dataset_7_keyframe_4,1.0
Fast-FoundationStereo,dataset_7_keyframe_4,1.0
Fast-FoundationStereo,dataset_7_keyframe_4,1.0
Fast-FoundationStereo,dataset_7_keyframe_4,1.0
Fast-FoundationStereo,dataset_7_keyframe_4,1.0
Fast-FoundationStereo,dataset_7_keyframe_4,0.9996702571993845
Fast-FoundationStereo,dataset_7_keyframe_4,0.9998873366381252
Fast-FoundationStereo,dataset_7_keyframe_4,0.9990941003283886
Fast-FoundationStereo,dataset_7_keyframe_4,0.9990806711100896
Fast-FoundationStereo,dataset_7_keyframe_4,0.9994182664339732
Fast-FoundationStereo,dataset_7_keyframe_4,0.9994139709329583
Fast-FoundationStereo,dataset_7_keyframe_4,0.9994051867713538
Fast-FoundationStereo,dataset_7_keyframe_4,0.9996391194514616
Fast-FoundationStereo,dataset_7_keyframe_4,1.0
Fast-FoundationStereo,dataset_7_keyframe_4,1.0
Fast-FoundationStereo,dataset_7_keyframe_4,1.0
Fast-FoundationStereo,dataset_7_keyframe_4,1.0
Fast-FoundationStereo,dataset_7_keyframe_4,1.0
Fast-FoundationStereo,dataset_7_keyframe_4,1.0
Fast-FoundationStereo,dataset_7_keyframe_4,1.0
Fast-FoundationStereo,dataset_7_keyframe_4,1.0
Fast-FoundationStereo,dataset_7_keyframe_4,1.0
Fast-FoundationStereo,dataset_7_keyframe_4,1.0
Fast-FoundationStereo,dataset_7_keyframe_4,1.0
Fast-FoundationStereo,dataset_7_keyframe_4,1.0
Fast-FoundationStereo,dataset_7_keyframe_4,1.0
Fast-FoundationStereo,dataset_7_keyframe_4,1.0
Fast-FoundationStereo,dataset_7_keyframe_4,1.0
Fast-FoundationStereo,dataset_7_keyframe_4,1.0
Fast-FoundationStereo,dataset_7_keyframe_4,1.0
Fast-FoundationStereo,dataset_7_keyframe_4,1.0
Fast-FoundationStereo,dataset_7_keyframe_4,1.0
Fast-FoundationStereo,dataset_7_keyframe_4,1.0
Fast-FoundationStereo,dataset_7_keyframe_4,1.0
Fast-FoundationStereo,dataset_7_keyframe_4,1.0
Fast-FoundationStereo,dataset_7_keyframe_4,1.0
Fast-FoundationStereo,dataset_7_keyframe_4,1.0
Fast-FoundationStereo,dataset_7_keyframe_4,1.0
Fast-FoundationStereo,dataset_7_keyframe_4,1.0
Fast-FoundationStereo,dataset_7_keyframe_4,1.0
Fast-FoundationStereo,dataset_7_keyframe_4,1.0
Fast-FoundationStereo,dataset_7_keyframe_4,1.0
Fast-FoundationStereo,dataset_7_keyframe_4,1.0
Fast-FoundationStereo,dataset_7_keyframe_4,1.0
Fast-FoundationStereo,dataset_7_keyframe_4,1.0
Fast-FoundationStereo,dataset_7_keyframe_4,1.0
Fast-FoundationStereo,dataset_7_keyframe_4,1.0
Fast-FoundationStereo,dataset_7_keyframe_4,1.0
Fast-FoundationStereo,dataset_7_keyframe_4,1.0
Fast-FoundationStereo,dataset_7_keyframe_4,1.0
Fast-FoundationStereo,dataset_7_keyframe_4,1.0
Fast-FoundationStereo,dataset_7_keyframe_4,1.0
Fast-FoundationStereo,dataset_7_keyframe_4,1.0
Fast-FoundationStereo,dataset_7_keyframe_4,1.0
Fast-FoundationStereo,dataset_7_keyframe_4,1.0
Fast-FoundationStereo,dataset_7_keyframe_4,1.0
Fast-FoundationStereo,dataset_7_keyframe_4,1.0
Fast-FoundationStereo,dataset_7_keyframe_4,1.0
Fast-FoundationStereo,dataset_7_keyframe_4,1.0
Fast-FoundationStereo,dataset_7_keyframe_4,1.0
Fast-FoundationStereo,dataset_7_keyframe_4,1.0
Fast-FoundationStereo,dataset_7_keyframe_4,1.0
Fast-FoundationStereo,dataset_7_keyframe_4,1.0
Fast-FoundationStereo,dataset_7_keyframe_4,1.0
Fast-FoundationStereo,dataset_7_keyframe_4,1.0
Fast-FoundationStereo,dataset_7_keyframe_4,1.0
Fast-FoundationStereo,dataset_7_keyframe_4,1.0
Fast-FoundationStereo,dataset_7_keyframe_4,1.0
Fast-FoundationStereo,dataset_7_keyframe_4,1.0
Fast-FoundationStereo,dataset_7_keyframe_4,1.0
Fast-FoundationStereo,dataset_7_keyframe_4,1.0
Fast-FoundationStereo,dataset_7_keyframe_4,1.0
Fast-FoundationStereo,dataset_7_keyframe_4,1.0
Fast-FoundationStereo,dataset_7_keyframe_4,1.0
Fast-FoundationStereo,dataset_7_keyframe_4,1.0
Fast-FoundationStereo,dataset_7_keyframe_4,1.0
Fast-FoundationStereo,dataset_7_keyframe_4,1.0
Fast-FoundationStereo,dataset_7_keyframe_4,1.0
Fast-FoundationStereo,dataset_7_keyframe_4,1.0
Fast-FoundationStereo,dataset_7_keyframe_4,1.0
Fast-FoundationStereo,dataset_7_keyframe_4,0.9995468962392388
Fast-FoundationStereo,dataset_7_keyframe_4,0.9990740740740741
Fast-FoundationStereo,dataset_7_keyframe_4,0.9981438515081207
Fast-FoundationStereo,dataset_7_keyframe_4,0.9954191479615209
Fast-FoundationStereo,dataset_7_keyframe_4,0.9911380597014925
Fast-FoundationStereo,dataset_7_keyframe_4,0.9869036482694107
Fast-FoundationStereo,dataset_7_keyframe_4,0.987329892069451
Fast-FoundationStereo,dataset_7_keyframe_4,0.9817330210772833
Fast-FoundationStereo,dataset_7_keyframe_4,0.9828226555246053
Fast-FoundationStereo,dataset_7_keyframe_4,0.9834905660377359
Fast-FoundationStereo,dataset_7_keyframe_4,0.984089845577913
Fast-FoundationStereo,dataset_7_keyframe_4,0.9847546450690805
Fast-FoundationStereo,dataset_7_keyframe_4,0.9742870500233755
Fast-FoundationStereo,dataset_7_keyframe_4,0.9806054872280038
Fast-FoundationStereo,dataset_7_keyframe_4,0.9824727617243013
Fast-FoundationStereo,dataset_7_keyframe_4,0.9863593603010348
Fast-FoundationStereo,dataset_7_keyframe_4,0.988968824940048
Fast-FoundationStereo,dataset_7_keyframe_4,0.9885057471264368
Fast-FoundationStereo,dataset_7_keyframe_4,0.9878404669260701
Fast-FoundationStereo,dataset_7_keyframe_4,0.9941434846266471
Fast-FoundationStereo,dataset_7_keyframe_4,0.9907181240840254
Fast-FoundationStereo,dataset_7_keyframe_4,0.9965277777777778
Fast-FoundationStereo,dataset_7_keyframe_4,0.9959534648457259
Fast-FoundationStereo,dataset_7_keyframe_4,0.9928861788617886
Fast-FoundationStereo,dataset_7_keyframe_4,0.9959141981613892
Fast-FoundationStereo,dataset_7_keyframe_4,0.9957401490947817
Fast-FoundationStereo,dataset_7_keyframe_4,0.9956850053937433
Fast-FoundationStereo,dataset_7_keyframe_4,0.9983624454148472
Fast-FoundationStereo,dataset_7_keyframe_4,0.9972647702407003
Fast-FoundationStereo,dataset_7_keyframe_4,0.9983183856502242
Fast-FoundationStereo,dataset_7_keyframe_4,1.0
Fast-FoundationStereo,dataset_7_keyframe_4,1.0
Fast-FoundationStereo,dataset_7_keyframe_4,1.0
Fast-FoundationStereo,dataset_7_keyframe_4,1.0
Fast-FoundationStereo,dataset_7_keyframe_4,0.9994033412887828
Fast-FoundationStereo,dataset_7_keyframe_4,1.0
Fast-FoundationStereo,dataset_7_keyframe_4,0.9969192852741836
Fast-FoundationStereo,dataset_7_keyframe_4,0.9937694704049844
Fast-FoundationStereo,dataset_7_keyframe_4,0.989355040701315
Fast-FoundationStereo,dataset_7_keyframe_4,0.9732484076433121
Fast-FoundationStereo,dataset_7_keyframe_4,0.9739921976592978
Fast-FoundationStereo,dataset_7_keyframe_4,0.9727157360406091
Fast-FoundationStereo,dataset_7_keyframe_4,0.9715729627289956
Fast-FoundationStereo,dataset_7_keyframe_4,0.9729219143576826
Fast-FoundationStereo,dataset_7_keyframe_4,0.9595704358812381
Fast-FoundationStereo,dataset_7_keyframe_4,0.9509621353196772
Fast-FoundationStereo,dataset_7_keyframe_4,0.9509685230024213
Fast-FoundationStereo,dataset_7_keyframe_4,0.938885560215698
Fast-FoundationStereo,dataset_7_keyframe_4,0.9277320799059929
Fast-FoundationStereo,dataset_7_keyframe_4,0.944877171959257
Fast-FoundationStereo,dataset_7_keyframe_4,0.9294724770642202
Fast-FoundationStereo,dataset_7_keyframe_4,0.9195011337868481
Fast-FoundationStereo,dataset_7_keyframe_4,0.9071545603495358
Fast-FoundationStereo,dataset_7_keyframe_4,0.9041980624327234
Fast-FoundationStereo,dataset_7_keyframe_4,0.8988222698072805
Fast-FoundationStereo,dataset_7_keyframe_4,0.8935837245696401
Fast-FoundationStereo,dataset_7_keyframe_4,0.8795119471276055
Fast-FoundationStereo,dataset_7_keyframe_4,0.8736998514115899
Fast-FoundationStereo,dataset_7_keyframe_4,0.8686868686868687
Fast-FoundationStereo,dataset_7_keyframe_4,0.8811881188118812
Fast-FoundationStereo,dataset_7_keyframe_4,0.8898823529411765
Fast-FoundationStereo,dataset_7_keyframe_4,0.8715898400752587
Fast-FoundationStereo,dataset_7_keyframe_4,0.8659652333028363
Fast-FoundationStereo,dataset_7_keyframe_4,0.863734368262182
Fast-FoundationStereo,dataset_7_keyframe_4,0.8694709453599306
Fast-FoundationStereo,dataset_7_keyframe_4,0.8791439362148552
Fast-FoundationStereo,dataset_7_keyframe_4,0.883902840675175
Fast-FoundationStereo,dataset_7_keyframe_4,0.8903225806451613
Fast-FoundationStereo,dataset_7_keyframe_4,0.8796664019062749
Fast-FoundationStereo,dataset_7_keyframe_4,0.8691950464396285
Fast-FoundationStereo,dataset_7_keyframe_4,0.882262996941896
Fast-FoundationStereo,dataset_7_keyframe_4,0.8750467639356528
Fast-FoundationStereo,dataset_7_keyframe_4,0.8658227848101265
Fast-FoundationStereo,dataset_7_keyframe_4,0.8683926645091694
Fast-FoundationStereo,dataset_7_keyframe_4,0.862093352192362
Fast-FoundationStereo,dataset_7_keyframe_4,0.8662333219295245
Fast-FoundationStereo,dataset_7_keyframe_4,0.867055994503607
Fast-FoundationStereo,dataset_7_keyframe_4,0.8682065217391305
Fast-FoundationStereo,dataset_7_keyframe_4,0.8762886597938144
Fast-FoundationStereo,dataset_7_keyframe_4,0.874
Fast-FoundationStereo,dataset_7_keyframe_4,0.8790375741595253
Fast-FoundationStereo,dataset_7_keyframe_4,0.8809759314210353
Fast-FoundationStereo,dataset_7_keyframe_4,0.8819534282018111
Fast-FoundationStereo,dataset_7_keyframe_4,0.8792179123304951
Fast-FoundationStereo,dataset_7_keyframe_4,0.8782472613458528
Fast-FoundationStereo,dataset_7_keyframe_4,0.8776729559748427
Fast-FoundationStereo,dataset_7_keyframe_4,0.8785714285714286
Fast-FoundationStereo,dataset_7_keyframe_4,0.8811881188118812
Fast-FoundationStereo,dataset_7_keyframe_4,0.8776463262764632
Fast-FoundationStereo,dataset_7_keyframe_4,0.8784396734200182
Fast-FoundationStereo,dataset_7_keyframe_4,0.8819110576923077
Fast-FoundationStereo,dataset_7_keyframe_4,0.8864249325741684
Fast-FoundationStereo,dataset_7_keyframe_4,0.8869047619047619
Fast-FoundationStereo,dataset_7_keyframe_4,0.8883693746347165
Fast-FoundationStereo,dataset_7_keyframe_4,0.896551724137931
Fast-FoundationStereo,dataset_7_keyframe_4,0.906670567583382
Fast-FoundationStereo,dataset_7_keyframe_4,0.9047756041426928
Fast-FoundationStereo,dataset_7_keyframe_4,0.9123404255319149
Fast-FoundationStereo,dataset_7_keyframe_4,0.9144981412639405
Fast-FoundationStereo,dataset_7_keyframe_4,0.9255654165473804
Fast-FoundationStereo,dataset_7_keyframe_4,0.9305477131564088
Fast-FoundationStereo,dataset_7_keyframe_4,0.9352456688440783
Fast-FoundationStereo,dataset_7_keyframe_4,0.9409946614217477
Fast-FoundationStereo,dataset_7_keyframe_4,0.9436541143654115
Fast-FoundationStereo,dataset_7_keyframe_4,0.9469570072585148
Fast-FoundationStereo,dataset_7_keyframe_4,0.9454794520547946
Fast-FoundationStereo,dataset_7_keyframe_4,0.9443225452550741
Fast-FoundationStereo,dataset_7_keyframe_4,0.9374660141381186
Fast-FoundationStereo,dataset_7_keyframe_4,0.9422972237343494
Fast-FoundationStereo,dataset_7_keyframe_4,0.940550859012817
Fast-FoundationStereo,dataset_7_keyframe_4,0.9361532322426177
Fast-FoundationStereo,dataset_7_keyframe_4,0.9373340414232607
Fast-FoundationStereo,dataset_7_keyframe_4,0.9404446797247221
Fast-FoundationStereo,dataset_7_keyframe_4,0.9345941686367218
Fast-FoundationStereo,dataset_7_keyframe_4,0.9389732844421163
Fast-FoundationStereo,dataset_7_keyframe_4,0.9425078043704475
Fast-FoundationStereo,dataset_7_keyframe_4,0.9436877946568885
Fast-FoundationStereo,dataset_7_keyframe_4,0.950154958677686
Fast-FoundationStereo,dataset_7_keyframe_4,0.9510996119016818
Fast-FoundationStereo,dataset_7_keyframe_4,0.9550038789759504
Fast-FoundationStereo,dataset_7_keyframe_4,0.9632314862765406
Fast-FoundationStereo,dataset_7_keyframe_4,0.9733542319749217
Fast-FoundationStereo,dataset_7_keyframe_4,0.975176378364254
Fast-FoundationStereo,dataset_7_keyframe_4,0.9753630705394191
Fast-FoundationStereo,dataset_7_keyframe_4,0.9801047120418848
Fast-FoundationStereo,dataset_7_keyframe_4,0.9830464267083986
Fast-FoundationStereo,dataset_7_keyframe_4,0.9858416360776088
Fast-FoundationStereo,dataset_7_keyframe_4,0.9896276595744681
Fast-FoundationStereo,dataset_7_keyframe_4,0.9920739762219286
Fast-FoundationStereo,dataset_7_keyframe_4,0.9920149055097152
Fast-FoundationStereo,dataset_7_keyframe_4,0.9908331086546239
Fast-FoundationStereo,dataset_7_keyframe_4,0.9908405172413793
Fast-FoundationStereo,dataset_7_keyframe_4,0.9923684927773235
Fast-FoundationStereo,dataset_7_keyframe_4,0.9899945916711737
Fast-FoundationStereo,dataset_7_keyframe_4,0.9915045217867909
Fast-FoundationStereo,dataset_7_keyframe_4,0.9901126064268059
Fast-FoundationStereo,dataset_7_keyframe_4,0.9918903803131991
Fast-FoundationStereo,dataset_7_keyframe_4,0.9912379875635953
Fast-FoundationStereo,dataset_7_keyframe_4,0.9943518780005648
Fast-FoundationStereo,dataset_7_keyframe_4,0.9934285714285714
Fast-FoundationStereo,dataset_7_keyframe_4,0.9945791726105564
Fast-FoundationStereo,dataset_7_keyframe_4,0.9959712230215827
Fast-FoundationStereo,dataset_7_keyframe_4,0.9956433343014812
Fast-FoundationStereo,dataset_7_keyframe_4,0.9967845659163987
Fast-FoundationStereo,dataset_7_keyframe_4,0.9970828471411902
Fast-FoundationStereo,dataset_7_keyframe_4,0.9979411764705882
Fast-FoundationStereo,dataset_7_keyframe_4,0.998820406959599
Fast-FoundationStereo,dataset_7_keyframe_4,0.9994028068080024
Fast-FoundationStereo,dataset_7_keyframe_4,0.9991007194244604
Fast-FoundationStereo,dataset_7_keyframe_4,0.9988127040664886
Fast-FoundationStereo,dataset_7_keyframe_4,0.9993917274939172
Fast-FoundationStereo,dataset_7_keyframe_4,0.9993935718617344
Fast-FoundationStereo,dataset_7_keyframe_4,0.9993870671161508
Fast-FoundationStereo,dataset_7_keyframe_4,0.9993881921076782
Fast-FoundationStereo,dataset_7_keyframe_4,0.9993832870798643
Fast-FoundationStereo,dataset_7_keyframe_4,0.9978281104560968
Fast-FoundationStereo,dataset_7_keyframe_4,0.9993714644877436
Fast-FoundationStereo,dataset_7_keyframe_4,0.9962558502340093
Fast-FoundationStereo,dataset_7_keyframe_4,0.9993724505804832
Fast-FoundationStereo,dataset_7_keyframe_4,0.9993736298152208
Fast-FoundationStereo,dataset_7_keyframe_4,0.9993708713431897
Fast-FoundationStereo,dataset_7_keyframe_4,0.9996818326439707
Fast-FoundationStereo,dataset_7_keyframe_4,1.0
Fast-FoundationStereo,dataset_7_keyframe_4,0.9996753246753247
Fast-FoundationStereo,dataset_7_keyframe_4,0.9993550467591099
Fast-FoundationStereo,dataset_7_keyframe_4,1.0
Fast-FoundationStereo,dataset_7_keyframe_4,1.0
Fast-FoundationStereo,dataset_7_keyframe_4,1.0
Fast-FoundationStereo,dataset_7_keyframe_4,1.0
Fast-FoundationStereo,dataset_7_keyframe_4,1.0
Fast-FoundationStereo,dataset_7_keyframe_4,1.0
Fast-FoundationStereo,dataset_7_keyframe_4,1.0
Fast-FoundationStereo,dataset_7_keyframe_4,0.9985935302390999
Fast-FoundationStereo,dataset_7_keyframe_4,1.0
Fast-FoundationStereo,dataset_7_keyframe_4,0.9992952783650458
Fast-FoundationStereo,dataset_7_keyframe_4,0.995484543244182
Fast-FoundationStereo,dataset_7_keyframe_4,0.9826569545612209
Fast-FoundationStereo,dataset_7_keyframe_4,0.969842357779301
Fast-FoundationStereo,dataset_7_keyframe_4,0.9632807137954701
Fast-FoundationStereo,dataset_7_keyframe_4,0.9601461308535371
Fast-FoundationStereo,dataset_7_keyframe_4,0.9320483502123489
Fast-FoundationStereo,dataset_7_keyframe_4,0.9241157556270096
Fast-FoundationStereo,dataset_7_keyframe_4,0.9149952244508118
Fast-FoundationStereo,dataset_7_keyframe_4,0.9245045611827619
Fast-FoundationStereo,dataset_7_keyframe_4,0.9308195699594889
Fast-FoundationStereo,dataset_7_keyframe_4,0.9467418546365914
Fast-FoundationStereo,dataset_7_keyframe_4,0.9495356037151703
Fast-FoundationStereo,dataset_7_keyframe_4,0.953757225433526
Fast-FoundationStereo,dataset_7_keyframe_4,0.9562403697996918
Fast-FoundationStereo,dataset_7_keyframe_4,0.9556589147286821
Fast-FoundationStereo,dataset_7_keyframe_4,0.9578686493184635
Fast-FoundationStereo,dataset_7_keyframe_4,0.9557275541795666
Fast-FoundationStereo,dataset_7_keyframe_4,0.95176752546435
Fast-FoundationStereo,dataset_7_keyframe_4,0.9525179856115108
Fast-FoundationStereo,dataset_7_keyframe_4,0.9543018335684063
Fast-FoundationStereo,dataset_7_keyframe_4,0.9419052863436124
Fast-FoundationStereo,dataset_7_keyframe_4,0.9386805365453053
Fast-FoundationStereo,dataset_7_keyframe_4,0.9457599118942731
Fast-FoundationStereo,dataset_7_keyframe_4,0.9528170968637246
Fast-FoundationStereo,dataset_7_keyframe_4,0.9559888579387187
Fast-FoundationStereo,dataset_7_keyframe_4,0.9708274894810659
Fast-FoundationStereo,dataset_7_keyframe_4,0.9760360868339442
Fast-FoundationStereo,dataset_7_keyframe_4,0.985239852398524
Fast-FoundationStereo,dataset_7_keyframe_4,0.9889393079977311
Fast-FoundationStereo,dataset_7_keyframe_4,0.9869466515323496
Fast-FoundationStereo,dataset_7_keyframe_4,0.985593220338983
Fast-FoundationStereo,dataset_7_keyframe_4,0.9851528384279477
Fast-FoundationStereo,dataset_7_keyframe_4,0.980448533640023
Fast-FoundationStereo,dataset_7_keyframe_4,0.9769274057400112
Fast-FoundationStereo,dataset_7_keyframe_4,0.9762789368390968
Fast-FoundationStereo,dataset_7_keyframe_4,0.9758759333716255
Fast-FoundationStereo,dataset_7_keyframe_4,0.9753440366972477
Fast-FoundationStereo,dataset_7_keyframe_4,0.9735080058224163
Fast-FoundationStereo,dataset_7_keyframe_4,0.9676565715965892
Fast-FoundationStereo,dataset_7_keyframe_4,0.9674109837054918
Fast-FoundationStereo,dataset_7_keyframe_4,0.9712785670166769
Fast-FoundationStereo,dataset_7_keyframe_4,0.9692789968652038
Fast-FoundationStereo,dataset_7_keyframe_4,0.972377507398882
Fast-FoundationStereo,dataset_7_keyframe_4,0.9720688535238714
Fast-FoundationStereo,dataset_7_keyframe_4,0.971185330713818
Fast-FoundationStereo,dataset_7_keyframe_4,0.9753208292201382
Fast-FoundationStereo,dataset_7_keyframe_4,0.9725935828877005
Fast-FoundationStereo,dataset_7_keyframe_4,0.9772346836290593
Fast-FoundationStereo,dataset_7_keyframe_4,0.9766563680054926
Fast-FoundationStereo,dataset_7_keyframe_4,0.9790184921763869
Fast-FoundationStereo,dataset_7_keyframe_4,0.9802371541501976
Fast-FoundationStereo,dataset_7_keyframe_4,0.989792198323004
Fast-FoundationStereo,dataset_7_keyframe_4,0.9917106254709872
Fast-FoundationStereo,dataset_7_keyframe_4,0.9946909366704588
Fast-FoundationStereo,dataset_7_keyframe_4,0.9930928626247122
Fast-FoundationStereo,dataset_7_keyframe_4,0.9964200477326969
Fast-FoundationStereo,dataset_7_keyframe_4,0.9959349593495935
Fast-FoundationStereo,dataset_7_keyframe_4,0.995766299745978
Fast-FoundationStereo,dataset_7_keyframe_4,0.9932432432432432
Fast-FoundationStereo,dataset_7_keyframe_4,0.9934697431432303
Fast-FoundationStereo,dataset_7_keyframe_4,0.9923698384201077
Fast-FoundationStereo,dataset_7_keyframe_4,0.9939365671641791
Fast-FoundationStereo,dataset_7_keyframe_4,0.9904351984696318
Fast-FoundationStereo,dataset_7_keyframe_4,0.9921453117329406
Fast-FoundationStereo,dataset_7_keyframe_4,0.9905378486055777
Fast-FoundationStereo,dataset_7_keyframe_4,0.9907168643630737
Fast-FoundationStereo,dataset_7_keyframe_4,0.9915254237288136
Fast-FoundationStereo,dataset_7_keyframe_4,0.9920550847457628
Fast-FoundationStereo,dataset_7_keyframe_4,0.9917537108301264
Fast-FoundationStereo,dataset_7_keyframe_4,0.9921787709497206
Fast-FoundationStereo,dataset_7_keyframe_4,0.9935597189695551
Fast-FoundationStereo,dataset_7_keyframe_4,0.9940440738534843
Fast-FoundationStereo,dataset_7_keyframe_4,0.9938800489596084
Fast-FoundationStereo,dataset_7_keyframe_4,0.9962453066332916
Fast-FoundationStereo,dataset_7_keyframe_4,0.9968314321926489
Fast-FoundationStereo,dataset_7_keyframe_4,0.9986868023637557
Fast-FoundationStereo,dataset_7_keyframe_4,0.9993288590604027
Fast-FoundationStereo,dataset_7_keyframe_4,0.9993074792243767
Fast-FoundationStereo,dataset_7_keyframe_4,0.9992805755395684
Fast-FoundationStereo,dataset_7_keyframe_4,1.0
Fast-FoundationStereo,dataset_7_keyframe_4,0.9992289899768697
Fast-FoundationStereo,dataset_7_keyframe_4,1.0
Fast-FoundationStereo,dataset_7_keyframe_4,0.9984076433121019
Fast-FoundationStereo,dataset_7_keyframe_4,0.9967948717948718
Fast-FoundationStereo,dataset_7_keyframe_4,0.9975903614457832
Fast-FoundationStereo,dataset_7_keyframe_4,0.9974554707379135
Fast-FoundationStereo,dataset_7_keyframe_4,0.9982773471145564
Fast-FoundationStereo,dataset_7_keyframe_4,0.9982285208148804
Fast-FoundationStereo,dataset_7_keyframe_4,0.9991119005328597
Fast-FoundationStereo,dataset_7_keyframe_4,0.9990990990990991
Fast-FoundationStereo,dataset_7_keyframe_4,0.9990530303030303
Fast-FoundationStereo,dataset_7_keyframe_4,0.9990393852065321
Fast-FoundationStereo,dataset_7_keyframe_4,0.9990412272291467
Fast-FoundationStereo,dataset_7_keyframe_4,0.9979445015416238
Fast-FoundationStereo,dataset_7_keyframe_4,0.998025666337611
Fast-FoundationStereo,dataset_7_keyframe_4,1.0
Fast-FoundationStereo,dataset_7_keyframe_4,1.0
Fast-FoundationStereo,dataset_7_keyframe_4,1.0
Fast-FoundationStereo,dataset_7_keyframe_4,1.0
Fast-FoundationStereo,dataset_7_keyframe_4,1.0
Fast-FoundationStereo,dataset_7_keyframe_4,1.0
Fast-FoundationStereo,dataset_7_keyframe_4,1.0
Fast-FoundationStereo,dataset_7_keyframe_4,0.9987654320987654
Fast-FoundationStereo,dataset_7_keyframe_4,1.0
Fast-FoundationStereo,dataset_7_keyframe_4,0.998719590268886
Fast-FoundationStereo,dataset_7_keyframe_4,1.0
Fast-FoundationStereo,dataset_7_keyframe_4,0.9986504723346828
Fast-FoundationStereo,dataset_7_keyframe_4,1.0
Fast-FoundationStereo,dataset_7_keyframe_4,1.0
Fast-FoundationStereo,dataset_7_keyframe_4,1.0
Fast-FoundationStereo,dataset_7_keyframe_4,1.0
Fast-FoundationStereo,dataset_7_keyframe_4,1.0
Fast-FoundationStereo,dataset_7_keyframe_4,1.0
Fast-FoundationStereo,dataset_7_keyframe_4,1.0
Fast-FoundationStereo,dataset_7_keyframe_4,1.0
Fast-FoundationStereo,dataset_7_keyframe_4,1.0
Fast-FoundationStereo,dataset_7_keyframe_4,1.0
Fast-FoundationStereo,dataset_7_keyframe_4,1.0
Fast-FoundationStereo,dataset_7_keyframe_4,1.0
Fast-FoundationStereo,dataset_7_keyframe_4,1.0
Fast-FoundationStereo,dataset_7_keyframe_4,0.9979296066252588
Fast-FoundationStereo,dataset_7_keyframe_4,0.9978991596638656
Fast-FoundationStereo,dataset_7_keyframe_4,0.9978021978021978
Fast-FoundationStereo,dataset_7_keyframe_4,0.9911111111111112
Fast-FoundationStereo,dataset_7_keyframe_4,0.9977064220183486
Fast-FoundationStereo,dataset_7_keyframe_4,0.997624703087886
Fast-FoundationStereo,dataset_7_keyframe_4,1.0
Fast-FoundationStereo,dataset_7_keyframe_4,0.9976744186046511
Fast-FoundationStereo,dataset_7_keyframe_4,0.9976905311778291
Fast-FoundationStereo,dataset_7_keyframe_4,1.0
Fast-FoundationStereo,dataset_7_keyframe_4,1.0
Fast-FoundationStereo,dataset_7_keyframe_4,1.0
Fast-FoundationStereo,dataset_7_keyframe_4,0.9976190476190476
Fast-FoundationStereo,dataset_7_keyframe_4,1.0
Fast-FoundationStereo,dataset_7_keyframe_4,0.9923857868020305
Fast-FoundationStereo,dataset_7_keyframe_4,0.9975490196078431
Fast-FoundationStereo,dataset_7_keyframe_4,0.9975247524752475
Fast-FoundationStereo,dataset_7_keyframe_4,0.9972602739726028
Fast-FoundationStereo,dataset_7_keyframe_4,0.9973753280839895
Fast-FoundationStereo,dataset_7_keyframe_4,1.0
Fast-FoundationStereo,dataset_7_keyframe_4,0.9971181556195965
Fast-FoundationStereo,dataset_7_keyframe_4,1.0
Fast-FoundationStereo,dataset_7_keyframe_4,0.9971098265895953
Fast-FoundationStereo,dataset_7_keyframe_4,1.0
Fast-FoundationStereo,dataset_7_keyframe_4,1.0
Fast-FoundationStereo,dataset_7_keyframe_4,0.9970238095238095
Fast-FoundationStereo,dataset_7_keyframe_4,1.0
Fast-FoundationStereo,dataset_7_keyframe_4,0.9969230769230769
Fast-FoundationStereo,dataset_7_keyframe_4,1.0
Fast-FoundationStereo,dataset_7_keyframe_4,1.0
Fast-FoundationStereo,dataset_7_keyframe_4,1.0
Fast-FoundationStereo,dataset_7_keyframe_4,1.0
Fast-FoundationStereo,dataset_7_keyframe_4,0.996551724137931
Fast-FoundationStereo,dataset_7_keyframe_4,0.996551724137931
Fast-FoundationStereo,dataset_7_keyframe_4,1.0
Fast-FoundationStereo,dataset_7_keyframe_4,1.0
Fast-FoundationStereo,dataset_7_keyframe_4,1.0
Fast-FoundationStereo,dataset_7_keyframe_4,1.0
Fast-FoundationStereo,dataset_7_keyframe_4,0.996
Fast-FoundationStereo,dataset_7_keyframe_4,0.9963235294117647
Fast-FoundationStereo,dataset_7_keyframe_4,0.9928057553956835
Fast-FoundationStereo,dataset_7_keyframe_4,0.9961538461538462
Fast-FoundationStereo,dataset_7_keyframe_4,0.9894736842105263
Fast-FoundationStereo,dataset_7_keyframe_4,0.9891304347826086
Fast-FoundationStereo,dataset_7_keyframe_4,0.9929328621908127
Fast-FoundationStereo,dataset_7_keyframe_4,0.9893617021276596
Fast-FoundationStereo,dataset_7_keyframe_4,1.0
Fast-FoundationStereo,dataset_7_keyframe_4,1.0
Fast-FoundationStereo,dataset_7_keyframe_4,1.0
Fast-FoundationStereo,dataset_7_keyframe_4,1.0
Fast-FoundationStereo,dataset_7_keyframe_4,1.0
Fast-FoundationStereo,dataset_7_keyframe_4,1.0
Fast-FoundationStereo,dataset_7_keyframe_4,1.0
Fast-FoundationStereo,dataset_7_keyframe_4,1.0
Fast-FoundationStereo,dataset_7_keyframe_4,1.0
Fast-FoundationStereo,dataset_7_keyframe_4,1.0
Fast-FoundationStereo,dataset_7_keyframe_4,1.0
Fast-FoundationStereo,dataset_7_keyframe_4,1.0
Fast-FoundationStereo,dataset_7_keyframe_4,1.0
Fast-FoundationStereo,dataset_7_keyframe_4,1.0
Fast-FoundationStereo,dataset_7_keyframe_4,1.0
Fast-FoundationStereo,dataset_7_keyframe_4,1.0
Fast-FoundationStereo,dataset_7_keyframe_4,1.0
Fast-FoundationStereo,dataset_7_keyframe_4,1.0
Fast-FoundationStereo,dataset_7_keyframe_4,1.0
Fast-FoundationStereo,dataset_7_keyframe_4,1.0
Fast-FoundationStereo,dataset_7_keyframe_4,1.0
Fast-FoundationStereo,dataset_7_keyframe_4,1.0
Fast-FoundationStereo,dataset_7_keyframe_4,0.9957627118644068
Fast-FoundationStereo,dataset_7_keyframe_4,1.0
Fast-FoundationStereo,dataset_7_keyframe_4,0.99581589958159
Fast-FoundationStereo,dataset_7_keyframe_4,1.0
Fast-FoundationStereo,dataset_7_keyframe_4,1.0
Fast-FoundationStereo,dataset_7_keyframe_4,1.0
Fast-FoundationStereo,dataset_7_keyframe_4,1.0
Fast-FoundationStereo,dataset_7_keyframe_4,1.0
Fast-FoundationStereo,dataset_7_keyframe_4,1.0
Fast-FoundationStereo,dataset_7_keyframe_4,0.9963235294117647
Fast-FoundationStereo,dataset_7_keyframe_4,1.0
Fast-FoundationStereo,dataset_7_keyframe_4,1.0
Fast-FoundationStereo,dataset_7_keyframe_4,0.9929577464788732
Fast-FoundationStereo,dataset_7_keyframe_4,1.0
Fast-FoundationStereo,dataset_7_keyframe_4,1.0
Fast-FoundationStereo,dataset_7_keyframe_4,1.0
Fast-FoundationStereo,dataset_7_keyframe_4,1.0
Fast-FoundationStereo,dataset_7_keyframe_4,1.0
Fast-FoundationStereo,dataset_7_keyframe_4,0.9943820224719101
Fast-FoundationStereo,dataset_7_keyframe_4,1.0
Fast-FoundationStereo,dataset_7_keyframe_4,0.9872773536895675
Fast-FoundationStereo,dataset_7_keyframe_4,1.0
Fast-FoundationStereo,dataset_7_keyframe_4,1.0
Fast-FoundationStereo,dataset_7_keyframe_4,1.0
Fast-FoundationStereo,dataset_7_keyframe_4,1.0
Fast-FoundationStereo,dataset_7_keyframe_4,1.0
Fast-FoundationStereo,dataset_7_keyframe_4,0.9955654101995566
Fast-FoundationStereo,dataset_7_keyframe_4,1.0
Fast-FoundationStereo,dataset_7_keyframe_4,0.9954441913439636
Fast-FoundationStereo,dataset_7_keyframe_4,0.9976798143851509
Fast-FoundationStereo,dataset_7_keyframe_4,0.9934924078091106
Fast-FoundationStereo,dataset_7_keyframe_4,1.0
Fast-FoundationStereo,dataset_7_keyframe_4,0.9957716701902748
Fast-FoundationStereo,dataset_7_keyframe_4,0.9867549668874173
Fast-FoundationStereo,dataset_7_keyframe_4,0.9956140350877193
Fast-FoundationStereo,dataset_7_keyframe_4,0.9934924078091106
Fast-FoundationStereo,dataset_7_keyframe_4,0.9977628635346756
Fast-FoundationStereo,dataset_7_keyframe_4,1.0
Fast-FoundationStereo,dataset_7_keyframe_4,0.9977678571428571
Fast-FoundationStereo,dataset_7_keyframe_4,0.9956236323851203
Fast-FoundationStereo,dataset_7_keyframe_4,1.0
Fast-FoundationStereo,dataset_7_keyframe_4,1.0
Fast-FoundationStereo,dataset_7_keyframe_4,1.0
Fast-FoundationStereo,dataset_7_keyframe_4,1.0
Fast-FoundationStereo,dataset_7_keyframe_4,1.0
Fast-FoundationStereo,dataset_7_keyframe_4,1.0
Fast-FoundationStereo,dataset_7_keyframe_4,1.0
Fast-FoundationStereo,dataset_7_keyframe_4,1.0
Fast-FoundationStereo,dataset_7_keyframe_4,1.0
Fast-FoundationStereo,dataset_7_keyframe_4,1.0
Fast-FoundationStereo,dataset_7_keyframe_4,1.0
Fast-FoundationStereo,dataset_7_keyframe_4,1.0
Fast-FoundationStereo,dataset_7_keyframe_4,1.0
Fast-FoundationStereo,dataset_7_keyframe_4,1.0
Fast-FoundationStereo,dataset_7_keyframe_4,1.0
Fast-FoundationStereo,dataset_7_keyframe_4,1.0
Fast-FoundationStereo,dataset_7_keyframe_4,1.0
Fast-FoundationStereo,dataset_7_keyframe_4,1.0
Fast-FoundationStereo,dataset_7_keyframe_4,1.0
Fast-FoundationStereo,dataset_7_keyframe_4,1.0
Fast-FoundationStereo,dataset_7_keyframe_4,1.0
Fast-FoundationStereo,dataset_7_keyframe_4,1.0
Fast-FoundationStereo,dataset_7_keyframe_4,1.0
Fast-FoundationStereo,dataset_7_keyframe_4,1.0
Fast-FoundationStereo,dataset_7_keyframe_4,1.0
Fast-FoundationStereo,dataset_7_keyframe_4,1.0
Fast-FoundationStereo,dataset_7_keyframe_4,1.0
Fast-FoundationStereo,dataset_7_keyframe_4,1.0
Fast-FoundationStereo,dataset_7_keyframe_4,1.0
Fast-FoundationStereo,dataset_7_keyframe_4,1.0
Fast-FoundationStereo,dataset_7_keyframe_4,1.0
Fast-FoundationStereo,dataset_7_keyframe_4,1.0
Fast-FoundationStereo,dataset_7_keyframe_4,1.0
Fast-FoundationStereo,dataset_7_keyframe_4,1.0
Fast-FoundationStereo,dataset_7_keyframe_4,1.0
Fast-FoundationStereo,dataset_7_keyframe_4,1.0
Fast-FoundationStereo,dataset_7_keyframe_4,1.0
Fast-FoundationStereo,dataset_7_keyframe_4,1.0
Fast-FoundationStereo,dataset_7_keyframe_4,1.0
Fast-FoundationStereo,dataset_7_keyframe_4,1.0
Fast-FoundationStereo,dataset_7_keyframe_4,1.0
Fast-FoundationStereo,dataset_7_keyframe_4,1.0
Fast-FoundationStereo,dataset_7_keyframe_4,0.9974554707379135
Fast-FoundationStereo,dataset_7_keyframe_4,1.0
Fast-FoundationStereo,dataset_7_keyframe_4,1.0
Fast-FoundationStereo,dataset_7_keyframe_4,1.0
Fast-FoundationStereo,dataset_7_keyframe_4,1.0
Fast-FoundationStereo,dataset_7_keyframe_4,1.0
Fast-FoundationStereo,dataset_7_keyframe_4,1.0
Fast-FoundationStereo,dataset_7_keyframe_4,1.0
Fast-FoundationStereo,dataset_7_keyframe_4,1.0
Fast-FoundationStereo,dataset_7_keyframe_4,1.0
Fast-FoundationStereo,dataset_7_keyframe_4,1.0
Fast-FoundationStereo,dataset_7_keyframe_4,1.0
Fast-FoundationStereo,dataset_7_keyframe_4,1.0
Fast-FoundationStereo,dataset_7_keyframe_4,0.9900990099009901
Fast-FoundationStereo,dataset_7_keyframe_4,1.0
Fast-FoundationStereo,dataset_7_keyframe_4,1.0
Fast-FoundationStereo,dataset_7_keyframe_4,1.0
Fast-FoundationStereo,dataset_7_keyframe_4,0.9696202531645569
Fast-FoundationStereo,dataset_7_keyframe_4,0.9467005076142132
Fast-FoundationStereo,dataset_7_keyframe_4,0.9356435643564357
Fast-FoundationStereo,dataset_7_keyframe_4,0.9276807980049875
Fast-FoundationStereo,dataset_7_keyframe_4,0.8888888888888888
Fast-FoundationStereo,dataset_7_keyframe_4,0.8158508158508159
Fast-FoundationStereo,dataset_7_keyframe_4,0.7986111111111112
Fast-FoundationStereo,dataset_7_keyframe_4,0.7777777777777778
Fast-FoundationStereo,dataset_7_keyframe_4,0.7877358490566038
Fast-FoundationStereo,dataset_7_keyframe_4,0.8049886621315193
Fast-FoundationStereo,dataset_7_keyframe_4,0.8259109311740891
Fast-FoundationStereo,dataset_7_keyframe_4,0.862
Fast-FoundationStereo,dataset_7_keyframe_4,0.9059304703476483
Fast-FoundationStereo,dataset_7_keyframe_4,0.9338677354709419
Fast-FoundationStereo,dataset_7_keyframe_4,0.9678068410462777
Fast-FoundationStereo,dataset_7_keyframe_4,1.0
Fast-FoundationStereo,dataset_7_keyframe_4,1.0
Fast-FoundationStereo,dataset_7_keyframe_4,1.0
Fast-FoundationStereo,dataset_7_keyframe_4,1.0
Fast-FoundationStereo,dataset_7_keyframe_4,1.0
Fast-FoundationStereo,dataset_7_keyframe_4,1.0
Fast-FoundationStereo,dataset_7_keyframe_4,1.0
Fast-FoundationStereo,dataset_7_keyframe_4,1.0
Fast-FoundationStereo,dataset_7_keyframe_4,1.0
Fast-FoundationStereo,dataset_7_keyframe_4,1.0
Fast-FoundationStereo,dataset_7_keyframe_4,1.0
Fast-FoundationStereo,dataset_7_keyframe_4,1.0
Fast-FoundationStereo,dataset_7_keyframe_4,1.0
Fast-FoundationStereo,dataset_7_keyframe_4,1.0
Fast-FoundationStereo,dataset_7_keyframe_4,1.0
Fast-FoundationStereo,dataset_7_keyframe_4,1.0
Fast-FoundationStereo,dataset_7_keyframe_4,1.0
Fast-FoundationStereo,dataset_7_keyframe_4,1.0
Fast-FoundationStereo,dataset_7_keyframe_4,1.0
Fast-FoundationStereo,dataset_7_keyframe_4,1.0
Fast-FoundationStereo,dataset_7_keyframe_4,1.0
Fast-FoundationStereo,dataset_7_keyframe_4,1.0
Fast-FoundationStereo,dataset_7_keyframe_4,1.0
Fast-FoundationStereo,dataset_7_keyframe_4,1.0
Fast-FoundationStereo,dataset_7_keyframe_4,1.0
Fast-FoundationStereo,dataset_7_keyframe_4,1.0
Fast-FoundationStereo,dataset_7_keyframe_4,1.0
Fast-FoundationStereo,dataset_7_keyframe_4,1.0
Fast-FoundationStereo,dataset_7_keyframe_4,1.0
Fast-FoundationStereo,dataset_7_keyframe_4,1.0
Fast-FoundationStereo,dataset_7_keyframe_4,1.0
Fast-FoundationStereo,dataset_7_keyframe_4,1.0
Fast-FoundationStereo,dataset_7_keyframe_4,1.0
Fast-FoundationStereo,dataset_7_keyframe_4,1.0
Fast-FoundationStereo,dataset_7_keyframe_4,1.0
Fast-FoundationStereo,dataset_7_keyframe_4,1.0
Fast-FoundationStereo,dataset_7_keyframe_4,1.0
Fast-FoundationStereo,dataset_7_keyframe_4,1.0
Fast-FoundationStereo,dataset_7_keyframe_4,0.9925373134328358
Fast-FoundationStereo,dataset_7_keyframe_4,1.0
Fast-FoundationStereo,dataset_7_keyframe_4,0.99
Fast-FoundationStereo,dataset_7_keyframe_4,0.9891304347826086
Fast-FoundationStereo,dataset_7_keyframe_4,1.0
Fast-FoundationStereo,dataset_7_keyframe_4,1.0
Fast-FoundationStereo,dataset_7_keyframe_4,1.0
Fast-FoundationStereo,dataset_7_keyframe_4,1.0
Fast-FoundationStereo,dataset_7_keyframe_4,1.0
Fast-FoundationStereo,dataset_7_keyframe_4,1.0
Fast-FoundationStereo,dataset_7_keyframe_4,1.0
Fast-FoundationStereo,dataset_7_keyframe_4,1.0
Fast-FoundationStereo,dataset_7_keyframe_4,1.0
Fast-FoundationStereo,dataset_7_keyframe_4,1.0
Fast-FoundationStereo,dataset_7_keyframe_4,0.9565217391304348
Fast-FoundationStereo,dataset_7_keyframe_4,0.7692307692307693
Fast-FoundationStereo,dataset_7_keyframe_4,0.3333333333333333
Fast-FoundationStereo,dataset_7_keyframe_4,0.0
Fast-FoundationStereo,dataset_7_keyframe_4,0.0
Fast-FoundationStereo,dataset_7_keyframe_4,0.3333333333333333
Fast-FoundationStereo,dataset_7_keyframe_4,0.0
Fast-FoundationStereo,dataset_7_keyframe_4,0.0
Fast-FoundationStereo,dataset_7_keyframe_4,0.0
Fast-FoundationStereo,dataset_7_keyframe_4,0.0
Fast-FoundationStereo,dataset_7_keyframe_4,0.0
Fast-FoundationStereo,dataset_7_keyframe_4,0.0
Fast-FoundationStereo,dataset_7_keyframe_4,0.3333333333333333
Fast-FoundationStereo,dataset_7_keyframe_4,0.3333333333333333
Fast-FoundationStereo,dataset_7_keyframe_4,0.3333333333333333
Fast-FoundationStereo,dataset_7_keyframe_4,1.0
Fast-FoundationStereo,dataset_7_keyframe_4,1.0
Fast-FoundationStereo,dataset_7_keyframe_4,0.6666666666666666
Fast-FoundationStereo,dataset_7_keyframe_4,0.7272727272727273
Fast-FoundationStereo,dataset_7_keyframe_4,0.5714285714285714
Fast-FoundationStereo,dataset_7_keyframe_4,0.5625
Fast-FoundationStereo,dataset_7_keyframe_4,0.5333333333333333
Fast-FoundationStereo,dataset_7_keyframe_4,0.6153846153846154
Fast-FoundationStereo,dataset_7_keyframe_4,0.625
Fast-FoundationStereo,dataset_7_keyframe_4,0.6551724137931034
Fast-FoundationStereo,dataset_7_keyframe_4,0.5714285714285714
Fast-FoundationStereo,dataset_7_keyframe_4,0.6944444444444444
Fast-FoundationStereo,dataset_7_keyframe_4,0.7555555555555555
Fast-FoundationStereo,dataset_7_keyframe_4,0.82
Fast-FoundationStereo,dataset_7_keyframe_4,0.8269230769230769
Fast-FoundationStereo,dataset_7_keyframe_4,0.7419354838709677
Fast-FoundationStereo,dataset_7_keyframe_4,0.7183098591549296
Fast-FoundationStereo,dataset_7_keyframe_4,0.8032786885245902
Fast-FoundationStereo,dataset_7_keyframe_4,0.8148148148148148
Fast-FoundationStereo,dataset_7_keyframe_4,0.8390804597701149
Fast-FoundationStereo,dataset_7_keyframe_4,0.9130434782608695
Fast-FoundationStereo,dataset_7_keyframe_4,0.8850574712643678
Fast-FoundationStereo,dataset_7_keyframe_4,0.9529411764705882
Fast-FoundationStereo,dataset_7_keyframe_4,0.912621359223301
Fast-FoundationStereo,dataset_7_keyframe_4,0.9339622641509434
Fast-FoundationStereo,dataset_7_keyframe_4,0.8611111111111112
Fast-FoundationStereo,dataset_7_keyframe_4,0.9090909090909091
Fast-FoundationStereo,dataset_7_keyframe_4,0.9159663865546218
Fast-FoundationStereo,dataset_7_keyframe_4,0.864
Fast-FoundationStereo,dataset_7_keyframe_4,0.8368794326241135
Fast-FoundationStereo,dataset_7_keyframe_4,0.85
Fast-FoundationStereo,dataset_7_keyframe_4,0.8303030303030303
Fast-FoundationStereo,dataset_7_keyframe_4,0.8375
Fast-FoundationStereo,dataset_7_keyframe_4,0.8304093567251462
Fast-FoundationStereo,dataset_7_keyframe_4,0.8265895953757225
Fast-FoundationStereo,dataset_7_keyframe_4,0.8648648648648649
Fast-FoundationStereo,dataset_7_keyframe_4,0.8802816901408451
Fast-FoundationStereo,dataset_7_keyframe_4,0.8859060402684564
Fast-FoundationStereo,dataset_7_keyframe_4,0.8333333333333334
Fast-FoundationStereo,dataset_7_keyframe_4,0.8944099378881988
Fast-FoundationStereo,dataset_7_keyframe_4,0.9142857142857143
Fast-FoundationStereo,dataset_7_keyframe_4,0.9834710743801653
Fast-FoundationStereo,dataset_7_keyframe_4,0.9538461538461539
Fast-FoundationStereo,dataset_7_keyframe_4,0.9463087248322147
Fast-FoundationStereo,dataset_7_keyframe_4,0.9689922480620154
Fast-FoundationStereo,dataset_7_keyframe_4,0.9918032786885246
Fast-FoundationStereo,dataset_7_keyframe_4,0.935251798561151
Fast-FoundationStereo,dataset_7_keyframe_4,0.8984375
Fast-FoundationStereo,dataset_7_keyframe_4,0.9078947368421053
Fast-FoundationStereo,dataset_7_keyframe_4,0.9124087591240876
Fast-FoundationStereo,dataset_7_keyframe_4,0.8571428571428571
Fast-FoundationStereo,dataset_7_keyframe_4,0.76875
Fast-FoundationStereo,dataset_7_keyframe_4,0.6255707762557078
Fast-FoundationStereo,dataset_7_keyframe_4,0.5274725274725275
Fast-FoundationStereo,dataset_7_keyframe_4,0.453416149068323
Fast-FoundationStereo,dataset_7_keyframe_4,0.4081081081081081
Fast-FoundationStereo,dataset_7_keyframe_4,0.3625866050808314
Fast-FoundationStereo,dataset_7_keyframe_4,0.42142857142857143
Fast-FoundationStereo,dataset_7_keyframe_4,0.40898876404494383
Fast-FoundationStereo,dataset_7_keyframe_4,0.4018475750577367
Fast-FoundationStereo,dataset_7_keyframe_4,0.5422222222222223
Fast-FoundationStereo,dataset_7_keyframe_4,0.6666666666666666
Fast-FoundationStereo,dataset_7_keyframe_4,0.7257383966244726
Fast-FoundationStereo,dataset_7_keyframe_4,0.8969957081545065
Fast-FoundationStereo,dataset_7_keyframe_4,0.9265658747300216
Fast-FoundationStereo,dataset_7_keyframe_4,0.9339407744874715
Fast-FoundationStereo,dataset_7_keyframe_4,0.9391100702576113
Fast-FoundationStereo,dataset_7_keyframe_4,0.9248291571753986
Fast-FoundationStereo,dataset_7_keyframe_4,0.9161290322580645
Fast-FoundationStereo,dataset_7_keyframe_4,0.9039665970772442
Fast-FoundationStereo,dataset_7_keyframe_4,0.9151138716356108
Fast-FoundationStereo,dataset_7_keyframe_4,0.920892494929006
Fast-FoundationStereo,dataset_7_keyframe_4,0.9354166666666667
Fast-FoundationStereo,dataset_7_keyframe_4,0.9505154639175257
Fast-FoundationStereo,dataset_7_keyframe_4,0.9337606837606838
Fast-FoundationStereo,dataset_7_keyframe_4,0.937007874015748
Fast-FoundationStereo,dataset_7_keyframe_4,0.9346534653465347
Fast-FoundationStereo,dataset_7_keyframe_4,0.947261663286004
Fast-FoundationStereo,dataset_7_keyframe_4,0.9372623574144486
Fast-FoundationStereo,dataset_7_keyframe_4,0.9292730844793713
Fast-FoundationStereo,dataset_7_keyframe_4,0.9094138543516874
Fast-FoundationStereo,dataset_7_keyframe_4,0.8364565587734242
Fast-FoundationStereo,dataset_7_keyframe_4,0.8478605388272583
Fast-FoundationStereo,dataset_7_keyframe_4,0.8580968280467446
Fast-FoundationStereo,dataset_7_keyframe_4,0.8701517706576728
Fast-FoundationStereo,dataset_7_keyframe_4,0.8879456706281834
Fast-FoundationStereo,dataset_7_keyframe_4,0.930188679245283
Fast-FoundationStereo,dataset_7_keyframe_4,0.9273356401384083
Fast-FoundationStereo,dataset_7_keyframe_4,0.9654576856649395
Fast-FoundationStereo,dataset_7_keyframe_4,0.9828473413379074
Fast-FoundationStereo,dataset_7_keyframe_4,0.9790209790209791
Fast-FoundationStereo,dataset_7_keyframe_4,0.9781144781144782
Fast-FoundationStereo,dataset_7_keyframe_4,0.9708404802744426
Fast-FoundationStereo,dataset_7_keyframe_4,0.9604130808950087
Fast-FoundationStereo,dataset_7_keyframe_4,0.9720853858784894
Fast-FoundationStereo,dataset_7_keyframe_4,0.9756493506493507
Fast-FoundationStereo,dataset_7_keyframe_4,0.9752883031301482
Fast-FoundationStereo,dataset_7_keyframe_4,0.9678510998307953
Fast-FoundationStereo,dataset_7_keyframe_4,0.9657980456026058
Fast-FoundationStereo,dataset_7_keyframe_4,0.9666136724960255
Fast-FoundationStereo,dataset_7_keyframe_4,0.9734660033167496
Fast-FoundationStereo,dataset_7_keyframe_4,0.9895287958115183
Fast-FoundationStereo,dataset_7_keyframe_4,0.9893428063943162
Fast-FoundationStereo,dataset_7_keyframe_4,0.9895104895104895
Fast-FoundationStereo,dataset_7_keyframe_4,0.9897084048027445
Fast-FoundationStereo,dataset_7_keyframe_4,0.9849056603773585
Fast-FoundationStereo,dataset_7_keyframe_4,0.9622980251346499
Fast-FoundationStereo,dataset_7_keyframe_4,0.9216965742251223
Fast-FoundationStereo,dataset_7_keyframe_4,0.91
Fast-FoundationStereo,dataset_7_keyframe_4,0.8881578947368421
Fast-FoundationStereo,dataset_7_keyframe_4,0.8833063209076175
Fast-FoundationStereo,dataset_7_keyframe_4,0.8739903069466882
Fast-FoundationStereo,dataset_7_keyframe_4,0.9015625
Fast-FoundationStereo,dataset_7_keyframe_4,0.8901098901098901
Fast-FoundationStereo,dataset_7_keyframe_4,0.9161585365853658
Fast-FoundationStereo,dataset_7_keyframe_4,0.9088050314465409
Fast-FoundationStereo,dataset_7_keyframe_4,0.9238410596026491
Fast-FoundationStereo,dataset_7_keyframe_4,0.9194078947368421
Fast-FoundationStereo,dataset_7_keyframe_4,0.9335548172757475
Fast-FoundationStereo,dataset_7_keyframe_4,0.9275862068965517
Fast-FoundationStereo,dataset_7_keyframe_4,0.9382716049382716
Fast-FoundationStereo,dataset_7_keyframe_4,0.9475587703435805
Fast-FoundationStereo,dataset_7_keyframe_4,0.9596330275229358
Fast-FoundationStereo,dataset_7_keyframe_4,0.9567010309278351
Fast-FoundationStereo,dataset_7_keyframe_4,0.9630350194552529
Fast-FoundationStereo,dataset_7_keyframe_4,0.9541108986615678
Fast-FoundationStereo,dataset_7_keyframe_4,0.9655831739961759
Fast-FoundationStereo,dataset_7_keyframe_4,0.9866666666666667
Fast-FoundationStereo,dataset_7_keyframe_4,0.969939879759519
Fast-FoundationStereo,dataset_7_keyframe_4,0.976
Fast-FoundationStereo,dataset_7_keyframe_4,0.9795918367346939
Fast-FoundationStereo,dataset_7_keyframe_4,0.9833333333333333
Fast-FoundationStereo,dataset_7_keyframe_4,0.9821428571428571
Fast-FoundationStereo,dataset_7_keyframe_4,0.9903474903474904
Fast-FoundationStereo,dataset_7_keyframe_4,0.9701492537313433
Fast-FoundationStereo,dataset_7_keyframe_4,0.9881422924901185
Fast-FoundationStereo,dataset_7_keyframe_4,0.9844054580896686
Fast-FoundationStereo,dataset_7_keyframe_4,0.9751434034416826
Fast-FoundationStereo,dataset_7_keyframe_4,0.9624765478424016
Fast-FoundationStereo,dataset_7_keyframe_4,0.9772727272727273
Fast-FoundationStereo,dataset_7_keyframe_4,0.9766949152542372
Fast-FoundationStereo,dataset_7_keyframe_4,0.974903474903475
Fast-FoundationStereo,dataset_7_keyframe_4,0.9708171206225681
Fast-FoundationStereo,dataset_7_keyframe_4,0.9718045112781954
Fast-FoundationStereo,dataset_7_keyframe_4,0.9718574108818011
Fast-FoundationStereo,dataset_7_keyframe_4,0.9815837937384899
Fast-FoundationStereo,dataset_7_keyframe_4,0.9646643109540636
Fast-FoundationStereo,dataset_7_keyframe_4,0.975
Fast-FoundationStereo,dataset_7_keyframe_4,0.968365553602812
Fast-FoundationStereo,dataset_7_keyframe_4,0.9724264705882353
Fast-FoundationStereo,dataset_7_keyframe_4,0.9705340699815838
Fast-FoundationStereo,dataset_7_keyframe_4,0.9727272727272728
Fast-FoundationStereo,dataset_7_keyframe_4,0.9745454545454545
Fast-FoundationStereo,dataset_7_keyframe_4,0.9776247848537005
Fast-FoundationStereo,dataset_7_keyframe_4,0.9818181818181818
Fast-FoundationStereo,dataset_7_keyframe_4,0.9818511796733213
Fast-FoundationStereo,dataset_7_keyframe_4,0.9870609981515711
Fast-FoundationStereo,dataset_7_keyframe_4,0.9910071942446043
Fast-FoundationStereo,dataset_7_keyframe_4,0.9883040935672515
Fast-FoundationStereo,dataset_7_keyframe_4,0.9852670349907919
Fast-FoundationStereo,dataset_7_keyframe_4,0.9738805970149254
Fast-FoundationStereo,dataset_7_keyframe_4,0.983271375464684
Fast-FoundationStereo,dataset_7_keyframe_4,0.9830508474576272
Fast-FoundationStereo,dataset_7_keyframe_4,0.980806142034549
Fast-FoundationStereo,dataset_7_keyframe_4,0.9882121807465619
Fast-FoundationStereo,dataset_7_keyframe_4,0.9719101123595506
Fast-FoundationStereo,dataset_7_keyframe_4,0.9869646182495344
Fast-FoundationStereo,dataset_7_keyframe_4,0.9841269841269841
Fast-FoundationStereo,dataset_7_keyframe_4,0.9709302325581395
Fast-FoundationStereo,dataset_7_keyframe_4,0.981549815498155
Fast-FoundationStereo,dataset_7_keyframe_4,0.9638095238095238
Fast-FoundationStereo,dataset_7_keyframe_4,0.9829222011385199
Fast-FoundationStereo,dataset_7_keyframe_4,0.981203007518797
Fast-FoundationStereo,dataset_7_keyframe_4,0.9839285714285714
Fast-FoundationStereo,dataset_7_keyframe_4,0.9835466179159049
Fast-FoundationStereo,dataset_7_keyframe_4,0.988909426987061
Fast-FoundationStereo,dataset_7_keyframe_4,0.9890310786106032
Fast-FoundationStereo,dataset_7_keyframe_4,0.9873417721518988
Fast-FoundationStereo,dataset_7_keyframe_4,0.9822380106571936
Fast-FoundationStereo,dataset_7_keyframe_4,0.9818181818181818
Fast-FoundationStereo,dataset_7_keyframe_4,0.9782971619365609
Fast-FoundationStereo,dataset_7_keyframe_4,0.9793103448275862
Fast-FoundationStereo,dataset_7_keyframe_4,0.9851973684210527
Fast-FoundationStereo,dataset_7_keyframe_4,0.9713375796178344
Fast-FoundationStereo,dataset_7_keyframe_4,0.9749582637729549
Fast-FoundationStereo,dataset_7_keyframe_4,0.9707903780068728
Fast-FoundationStereo,dataset_7_keyframe_4,0.9629032258064516
Fast-FoundationStereo,dataset_7_keyframe_4,0.9524517087667161
Fast-FoundationStereo,dataset_7_keyframe_4,0.9474412171507607
Fast-FoundationStereo,dataset_7_keyframe_4,0.9273255813953488
Fast-FoundationStereo,dataset_7_keyframe_4,0.9123055162659123
Fast-FoundationStereo,dataset_7_keyframe_4,0.8977719528178244
Fast-FoundationStereo,dataset_7_keyframe_4,0.875
Fast-FoundationStereo,dataset_7_keyframe_4,0.8711819389110226
Fast-FoundationStereo,dataset_7_keyframe_4,0.8878627968337731
Fast-FoundationStereo,dataset_7_keyframe_4,0.8622516556291391
Fast-FoundationStereo,dataset_7_keyframe_4,0.8584779706275033
Fast-FoundationStereo,dataset_7_keyframe_4,0.8601864181091877
Fast-FoundationStereo,dataset_7_keyframe_4,0.8472032742155525
Fast-FoundationStereo,dataset_7_keyframe_4,0.8042253521126761
Fast-FoundationStereo,dataset_7_keyframe_4,0.782258064516129
Fast-FoundationStereo,dataset_7_keyframe_4,0.7526881720430108
Fast-FoundationStereo,dataset_7_keyframe_4,0.7596899224806202
Fast-FoundationStereo,dataset_7_keyframe_4,0.7373737373737373
Fast-FoundationStereo,dataset_7_keyframe_4,0.6741176470588235
Fast-FoundationStereo,dataset_7_keyframe_4,0.6199756394640682
Fast-FoundationStereo,dataset_7_keyframe_4,0.5719339622641509
Fast-FoundationStereo,dataset_7_keyframe_4,0.5674362089914945
Fast-FoundationStereo,dataset_7_keyframe_4,0.5482758620689655
Fast-FoundationStereo,dataset_7_keyframe_4,0.5667034178610805
Fast-FoundationStereo,dataset_7_keyframe_4,0.5875831485587583
Fast-FoundationStereo,dataset_7_keyframe_4,0.6049661399548533
Fast-FoundationStereo,dataset_7_keyframe_4,0.6446808510638298
Fast-FoundationStereo,dataset_7_keyframe_4,0.7118463180362861
Fast-FoundationStereo,dataset_7_keyframe_4,0.7628205128205128
Fast-FoundationStereo,dataset_7_keyframe_4,0.80065717415115
Fast-FoundationStereo,dataset_7_keyframe_4,0.8501070663811563
Fast-FoundationStereo,dataset_7_keyframe_4,0.847732181425486
Fast-FoundationStereo,dataset_7_keyframe_4,0.8522222222222222
Fast-FoundationStereo,dataset_7_keyframe_4,0.869757174392936
Fast-FoundationStereo,dataset_7_keyframe_4,0.8707865168539326
Fast-FoundationStereo,dataset_7_keyframe_4,0.8711162255466053
Fast-FoundationStereo,dataset_7_keyframe_4,0.8692579505300353
Fast-FoundationStereo,dataset_7_keyframe_4,0.8583138173302107
Fast-FoundationStereo,dataset_7_keyframe_4,0.8912280701754386
Fast-FoundationStereo,dataset_7_keyframe_4,0.8620689655172413
Fast-FoundationStereo,dataset_7_keyframe_4,0.8480278422273781
Fast-FoundationStereo,dataset_7_keyframe_4,0.8530751708428246
Fast-FoundationStereo,dataset_7_keyframe_4,0.8384433962264151
Fast-FoundationStereo,dataset_7_keyframe_4,0.8367816091954023
Fast-FoundationStereo,dataset_7_keyframe_4,0.7811158798283262
Fast-FoundationStereo,dataset_7_keyframe_4,0.781183932346723
Fast-FoundationStereo,dataset_7_keyframe_4,0.7716701902748414
Fast-FoundationStereo,dataset_7_keyframe_4,0.7775489186405767
Fast-FoundationStereo,dataset_7_keyframe_4,0.7747933884297521
Fast-FoundationStereo,dataset_7_keyframe_4,0.8403275332650972
Fast-FoundationStereo,dataset_7_keyframe_4,0.88259526261586
Fast-FoundationStereo,dataset_7_keyframe_4,0.9569230769230769
Fast-FoundationStereo,dataset_7_keyframe_4,0.994
Fast-FoundationStereo,dataset_7_keyframe_4,0.9931102362204725
Fast-FoundationStereo,dataset_7_keyframe_4,0.9989939637826962
Fast-FoundationStereo,dataset_7_keyframe_4,0.998995983935743
Fast-FoundationStereo,dataset_7_keyframe_4,1.0
Fast-FoundationStereo,dataset_7_keyframe_4,1.0
Fast-FoundationStereo,dataset_7_keyframe_4,0.9977401129943503
Fast-FoundationStereo,dataset_7_keyframe_4,0.9988439306358381
Fast-FoundationStereo,dataset_7_keyframe_4,1.0
Fast-FoundationStereo,dataset_7_keyframe_4,1.0
Fast-FoundationStereo,dataset_7_keyframe_4,1.0
Fast-FoundationStereo,dataset_7_keyframe_4,0.9986320109439124
Fast-FoundationStereo,dataset_7_keyframe_4,1.0
Fast-FoundationStereo,dataset_7_keyframe_4,1.0
Fast-FoundationStereo,dataset_7_keyframe_4,1.0
Fast-FoundationStereo,dataset_7_keyframe_4,1.0
Fast-FoundationStereo,dataset_7_keyframe_4,1.0
Fast-FoundationStereo,dataset_7_keyframe_4,1.0
Fast-FoundationStereo,dataset_7_keyframe_4,1.0
Fast-FoundationStereo,dataset_7_keyframe_4,1.0
Fast-FoundationStereo,dataset_7_keyframe_4,1.0
Fast-FoundationStereo,dataset_7_keyframe_4,1.0
Fast-FoundationStereo,dataset_7_keyframe_4,0.9917763157894737
Fast-FoundationStereo,dataset_7_keyframe_4,0.9697452229299363
Fast-FoundationStereo,dataset_7_keyframe_4,0.9714285714285714
Fast-FoundationStereo,dataset_7_keyframe_4,0.9712918660287081
Fast-FoundationStereo,dataset_7_keyframe_4,1.0
Fast-FoundationStereo,dataset_7_keyframe_4,0.9984825493171472
Fast-FoundationStereo,dataset_7_keyframe_4,0.9896907216494846
Fast-FoundationStereo,dataset_7_keyframe_4,0.9882352941176471
Fast-FoundationStereo,dataset_7_keyframe_4,0.9829545454545454
Fast-FoundationStereo,dataset_7_keyframe_4,0.9785100286532952
Fast-FoundationStereo,dataset_7_keyframe_4,0.9670487106017192
Fast-FoundationStereo,dataset_7_keyframe_4,0.9738651994497937
Fast-FoundationStereo,dataset_7_keyframe_4,0.9593837535014006
Fast-FoundationStereo,dataset_7_keyframe_4,0.9532710280373832
Fast-FoundationStereo,dataset_7_keyframe_4,0.9484396200814111
Fast-FoundationStereo,dataset_7_keyframe_4,0.9391891891891891
Fast-FoundationStereo,dataset_7_keyframe_4,0.9506849315068493
Fast-FoundationStereo,dataset_7_keyframe_4,0.9502840909090909
Fast-FoundationStereo,dataset_7_keyframe_4,0.9438990182328191
Fast-FoundationStereo,dataset_7_keyframe_4,0.9421128798842258
Fast-FoundationStereo,dataset_7_keyframe_4,0.9235209235209235
Fast-FoundationStereo,dataset_7_keyframe_4,0.8774002954209749
Fast-FoundationStereo,dataset_7_keyframe_4,0.8714069591527988
Fast-FoundationStereo,dataset_7_keyframe_4,0.8705148205928237
Fast-FoundationStereo,dataset_7_keyframe_4,0.8517350157728707
Fast-FoundationStereo,dataset_7_keyframe_4,0.8467614533965245
Fast-FoundationStereo,dataset_7_keyframe_4,0.82
Fast-FoundationStereo,dataset_7_keyframe_4,0.7891472868217054
Fast-FoundationStereo,dataset_7_keyframe_4,0.7616822429906542
Fast-FoundationStereo,dataset_7_keyframe_4,0.7420333839150227
Fast-FoundationStereo,dataset_7_keyframe_4,0.7461538461538462
Fast-FoundationStereo,dataset_7_keyframe_4,0.7105263157894737
Fast-FoundationStereo,dataset_7_keyframe_4,0.6980830670926518
Fast-FoundationStereo,dataset_7_keyframe_4,0.6909667194928685
Fast-FoundationStereo,dataset_7_keyframe_4,0.7026143790849673
Fast-FoundationStereo,dataset_7_keyframe_4,0.7194719471947195
Fast-FoundationStereo,dataset_7_keyframe_4,0.7619047619047619
Fast-FoundationStereo,dataset_7_keyframe_4,0.7791519434628975
Fast-FoundationStereo,dataset_7_keyframe_4,0.8018348623853211
Fast-FoundationStereo,dataset_7_keyframe_4,0.8416988416988417
Fast-FoundationStereo,dataset_7_keyframe_4,0.8747591522157996
Fast-FoundationStereo,dataset_7_keyframe_4,0.8742268041237113
Fast-FoundationStereo,dataset_7_keyframe_4,0.8886679920477137
Fast-FoundationStereo,dataset_7_keyframe_4,0.8952772073921971
Fast-FoundationStereo,dataset_7_keyframe_4,0.8777292576419214
Fast-FoundationStereo,dataset_7_keyframe_4,0.9053763440860215
Fast-FoundationStereo,dataset_7_keyframe_4,0.9017857142857143
Fast-FoundationStereo,dataset_7_keyframe_4,0.8847926267281107
Fast-FoundationStereo,dataset_7_keyframe_4,0.8914549653579676
Fast-FoundationStereo,dataset_7_keyframe_4,0.8909090909090909
Fast-FoundationStereo,dataset_7_keyframe_4,0.90744920993228
Fast-FoundationStereo,dataset_7_keyframe_4,0.9086651053864169
Fast-FoundationStereo,dataset_7_keyframe_4,0.9002375296912114
Fast-FoundationStereo,dataset_7_keyframe_4,0.8904761904761904
Fast-FoundationStereo,dataset_7_keyframe_4,0.8897058823529411
Fast-FoundationStereo,dataset_7_keyframe_4,0.8936708860759494
Fast-FoundationStereo,dataset_7_keyframe_4,0.8983451536643026
Fast-FoundationStereo,dataset_7_keyframe_4,0.9150485436893204
Fast-FoundationStereo,dataset_7_keyframe_4,0.9112709832134293
Fast-FoundationStereo,dataset_7_keyframe_4,0.9256410256410257
Fast-FoundationStereo,dataset_7_keyframe_4,0.9324675324675324
Fast-FoundationStereo,dataset_7_keyframe_4,0.9431524547803618
Fast-FoundationStereo,dataset_7_keyframe_4,0.9463414634146341
Fast-FoundationStereo,dataset_7_keyframe_4,0.9521410579345088
Fast-FoundationStereo,dataset_7_keyframe_4,0.9570707070707071
Fast-FoundationStereo,dataset_7_keyframe_4,0.9593908629441624
Fast-FoundationStereo,dataset_7_keyframe_4,0.9507772020725389
Fast-FoundationStereo,dataset_7_keyframe_4,0.9441624365482234
Fast-FoundationStereo,dataset_7_keyframe_4,0.961340206185567
Fast-FoundationStereo,dataset_7_keyframe_4,0.9696969696969697
Fast-FoundationStereo,dataset_7_keyframe_4,0.9402173913043478
Fast-FoundationStereo,dataset_7_keyframe_4,0.9525065963060686
Fast-FoundationStereo,dataset_7_keyframe_4,0.9543010752688172
Fast-FoundationStereo,dataset_7_keyframe_4,0.9351351351351351
Fast-FoundationStereo,dataset_7_keyframe_4,0.940379403794038
Fast-FoundationStereo,dataset_7_keyframe_4,0.9487870619946092
Fast-FoundationStereo,dataset_7_keyframe_4,0.9384164222873901
Fast-FoundationStereo,dataset_7_keyframe_4,0.9576271186440678
Fast-FoundationStereo,dataset_7_keyframe_4,0.9410029498525073
Fast-FoundationStereo,dataset_7_keyframe_4,0.9441340782122905
Fast-FoundationStereo,dataset_7_keyframe_4,0.9285714285714286
Fast-FoundationStereo,dataset_7_keyframe_4,0.9518413597733711
Fast-FoundationStereo,dataset_7_keyframe_4,0.9495548961424333
Fast-FoundationStereo,dataset_7_keyframe_4,0.9439252336448598
Fast-FoundationStereo,dataset_7_keyframe_4,0.9497041420118343
Fast-FoundationStereo,dataset_7_keyframe_4,0.9561128526645768
Fast-FoundationStereo,dataset_7_keyframe_4,0.9529780564263323
Fast-FoundationStereo,dataset_7_keyframe_4,0.9743589743589743
Fast-FoundationStereo,dataset_7_keyframe_4,0.9720496894409938
Fast-FoundationStereo,dataset_7_keyframe_4,0.9668874172185431
Fast-FoundationStereo,dataset_7_keyframe_4,0.9682539682539683
Fast-FoundationStereo,dataset_7_keyframe_4,0.9644012944983819
Fast-FoundationStereo,dataset_7_keyframe_4,0.9694915254237289
Fast-FoundationStereo,dataset_7_keyframe_4,0.9832775919732442
Fast-FoundationStereo,dataset_7_keyframe_4,0.9787234042553191
Fast-FoundationStereo,dataset_7_keyframe_4,0.9763513513513513
Fast-FoundationStereo,dataset_7_keyframe_4,0.9680511182108626
Fast-FoundationStereo,dataset_7_keyframe_4,0.9732441471571907
Fast-FoundationStereo,dataset_7_keyframe_4,0.9866220735785953
Fast-FoundationStereo,dataset_7_keyframe_4,0.9829931972789115
Fast-FoundationStereo,dataset_7_keyframe_4,0.9858657243816255
Fast-FoundationStereo,dataset_7_keyframe_4,0.9894736842105263
Fast-FoundationStereo,dataset_7_keyframe_4,1.0
Fast-FoundationStereo,dataset_7_keyframe_4,1.0
Fast-FoundationStereo,dataset_7_keyframe_4,1.0
Fast-FoundationStereo,dataset_7_keyframe_4,1.0
Fast-FoundationStereo,dataset_7_keyframe_4,1.0
Fast-FoundationStereo,dataset_7_keyframe_4,1.0
Fast-FoundationStereo,dataset_7_keyframe_4,1.0
Fast-FoundationStereo,dataset_7_keyframe_4,1.0
Fast-FoundationStereo,dataset_7_keyframe_4,1.0
Fast-FoundationStereo,dataset_7_keyframe_4,1.0
Fast-FoundationStereo,dataset_7_keyframe_4,1.0
Fast-FoundationStereo,dataset_7_keyframe_4,1.0
Fast-FoundationStereo,dataset_7_keyframe_4,1.0
Fast-FoundationStereo,dataset_7_keyframe_4,1.0
Fast-FoundationStereo,dataset_7_keyframe_4,1.0
Fast-FoundationStereo,dataset_7_keyframe_4,1.0
Fast-FoundationStereo,dataset_7_keyframe_4,1.0
Fast-FoundationStereo,dataset_7_keyframe_4,1.0
Fast-FoundationStereo,dataset_7_keyframe_4,1.0
Fast-FoundationStereo,dataset_7_keyframe_4,1.0
Fast-FoundationStereo,dataset_7_keyframe_4,1.0
Fast-FoundationStereo,dataset_7_keyframe_4,1.0
Fast-FoundationStereo,dataset_7_keyframe_4,1.0
Fast-FoundationStereo,dataset_7_keyframe_4,1.0
Fast-FoundationStereo,dataset_7_keyframe_4,1.0
Fast-FoundationStereo,dataset_7_keyframe_4,1.0
Fast-FoundationStereo,dataset_7_keyframe_4,1.0
Fast-FoundationStereo,dataset_7_keyframe_4,1.0
Fast-FoundationStereo,dataset_7_keyframe_4,1.0
Fast-FoundationStereo,dataset_7_keyframe_4,1.0
Fast-FoundationStereo,dataset_7_keyframe_4,1.0
Fast-FoundationStereo,dataset_7_keyframe_4,1.0
Fast-FoundationStereo,dataset_7_keyframe_4,1.0
Fast-FoundationStereo,dataset_7_keyframe_4,1.0
Fast-FoundationStereo,dataset_7_keyframe_4,1.0
Fast-FoundationStereo,dataset_7_keyframe_4,1.0
Fast-FoundationStereo,dataset_7_keyframe_4,1.0
Fast-FoundationStereo,dataset_7_keyframe_4,1.0
Fast-FoundationStereo,dataset_7_keyframe_4,1.0
Fast-FoundationStereo,dataset_7_keyframe_4,1.0
Fast-FoundationStereo,dataset_7_keyframe_4,1.0
Fast-FoundationStereo,dataset_7_keyframe_4,1.0
Fast-FoundationStereo,dataset_7_keyframe_4,1.0
Fast-FoundationStereo,dataset_7_keyframe_4,1.0
Fast-FoundationStereo,dataset_7_keyframe_4,1.0
Fast-FoundationStereo,dataset_7_keyframe_4,1.0
Fast-FoundationStereo,dataset_7_keyframe_4,1.0
Fast-FoundationStereo,dataset_7_keyframe_4,1.0
Fast-FoundationStereo,dataset_7_keyframe_4,1.0
Fast-FoundationStereo,dataset_7_keyframe_4,1.0
Fast-FoundationStereo,dataset_7_keyframe_4,1.0
Fast-FoundationStereo,dataset_7_keyframe_4,1.0
Fast-FoundationStereo,dataset_7_keyframe_4,1.0
Fast-FoundationStereo,dataset_7_keyframe_4,1.0
Fast-FoundationStereo,dataset_7_keyframe_4,1.0
Fast-FoundationStereo,dataset_7_keyframe_4,1.0
Fast-FoundationStereo,dataset_7_keyframe_4,0.99375
Fast-FoundationStereo,dataset_7_keyframe_4,0.9813664596273292
Fast-FoundationStereo,dataset_7_keyframe_4,0.9774193548387097
Fast-FoundationStereo,dataset_7_keyframe_4,0.9730639730639731
Fast-FoundationStereo,dataset_7_keyframe_4,0.9665551839464883
Fast-FoundationStereo,dataset_7_keyframe_4,0.9615384615384616
Fast-FoundationStereo,dataset_7_keyframe_4,0.926923076923077
Fast-FoundationStereo,dataset_7_keyframe_4,0.8776978417266187
Fast-FoundationStereo,dataset_7_keyframe_4,0.8284671532846716
Fast-FoundationStereo,dataset_7_keyframe_4,0.7670250896057348
Fast-FoundationStereo,dataset_7_keyframe_4,0.721830985915493
Fast-FoundationStereo,dataset_7_keyframe_4,0.7254237288135593
Fast-FoundationStereo,dataset_7_keyframe_4,0.6677740863787376
Fast-FoundationStereo,dataset_7_keyframe_4,0.721875
Fast-FoundationStereo,dataset_7_keyframe_4,0.7460815047021944
Fast-FoundationStereo,dataset_7_keyframe_4,0.7065868263473054
Fast-FoundationStereo,dataset_7_keyframe_4,0.7746913580246914
Fast-FoundationStereo,dataset_7_keyframe_4,0.7916666666666666
Fast-FoundationStereo,dataset_7_keyframe_4,0.7346368715083799
Fast-FoundationStereo,dataset_7_keyframe_4,0.787292817679558
Fast-FoundationStereo,dataset_7_keyframe_4,0.7445652173913043
Fast-FoundationStereo,dataset_7_keyframe_4,0.7700258397932817
Fast-FoundationStereo,dataset_7_keyframe_4,0.7475
Fast-FoundationStereo,dataset_7_keyframe_4,0.6931567328918322
Fast-FoundationStereo,dataset_7_keyframe_4,0.69593147751606
Fast-FoundationStereo,dataset_7_keyframe_4,0.6679764243614931
Fast-FoundationStereo,dataset_7_keyframe_4,0.7057613168724279
Fast-FoundationStereo,dataset_7_keyframe_4,0.7663157894736842
Fast-FoundationStereo,dataset_7_keyframe_4,0.7923728813559322
Fast-FoundationStereo,dataset_7_keyframe_4,0.7628865979381443
Fast-FoundationStereo,dataset_7_keyframe_4,0.7439516129032258
Fast-FoundationStereo,dataset_7_keyframe_4,0.7306201550387597
Fast-FoundationStereo,dataset_7_keyframe_4,0.744954128440367
Fast-FoundationStereo,dataset_7_keyframe_4,0.7384898710865562
Fast-FoundationStereo,dataset_7_keyframe_4,0.7279151943462897
Fast-FoundationStereo,dataset_7_keyframe_4,0.7261261261261261
Fast-FoundationStereo,dataset_7_keyframe_4,0.7171532846715328
Fast-FoundationStereo,dataset_7_keyframe_4,0.7272727272727273
Fast-FoundationStereo,dataset_7_keyframe_4,0.7446393762183235
Fast-FoundationStereo,dataset_7_keyframe_4,0.7757936507936508
Fast-FoundationStereo,dataset_7_keyframe_4,0.8081632653061225
Fast-FoundationStereo,dataset_7_keyframe_4,0.8536082474226804
Fast-FoundationStereo,dataset_7_keyframe_4,0.8822269807280514
Fast-FoundationStereo,dataset_7_keyframe_4,0.9405286343612335
Fast-FoundationStereo,dataset_7_keyframe_4,0.9694835680751174
Fast-FoundationStereo,dataset_7_keyframe_4,0.9883720930232558
Fast-FoundationStereo,dataset_7_keyframe_4,0.9926108374384236
Fast-FoundationStereo,dataset_7_keyframe_4,0.9921259842519685
Fast-FoundationStereo,dataset_7_keyframe_4,0.9730458221024259
Fast-FoundationStereo,dataset_7_keyframe_4,0.9809782608695652
Fast-FoundationStereo,dataset_7_keyframe_4,0.952513966480447
Fast-FoundationStereo,dataset_7_keyframe_4,0.9416666666666667
Fast-FoundationStereo,dataset_7_keyframe_4,0.9217877094972067
Fast-FoundationStereo,dataset_7_keyframe_4,0.9171270718232044
Fast-FoundationStereo,dataset_7_keyframe_4,0.8783783783783784
Fast-FoundationStereo,dataset_7_keyframe_4,0.875
Fast-FoundationStereo,dataset_7_keyframe_4,0.855072463768116
Fast-FoundationStereo,dataset_7_keyframe_4,0.8721590909090909
Fast-FoundationStereo,dataset_7_keyframe_4,0.8662790697674418
Fast-FoundationStereo,dataset_7_keyframe_4,0.867231638418079
Fast-FoundationStereo,dataset_7_keyframe_4,0.8771428571428571
Fast-FoundationStereo,dataset_7_keyframe_4,0.9043478260869565
Fast-FoundationStereo,dataset_7_keyframe_4,0.9204545454545454
Fast-FoundationStereo,dataset_7_keyframe_4,0.9523809523809523
Fast-FoundationStereo,dataset_7_keyframe_4,0.948220064724919
Fast-FoundationStereo,dataset_7_keyframe_4,0.9501661129568106
Fast-FoundationStereo,dataset_7_keyframe_4,0.9350180505415162
Fast-FoundationStereo,dataset_7_keyframe_4,0.9250936329588015
Fast-FoundationStereo,dataset_7_keyframe_4,0.9176029962546817
Fast-FoundationStereo,dataset_7_keyframe_4,0.9323308270676691
Fast-FoundationStereo,dataset_7_keyframe_4,0.9307692307692308
Fast-FoundationStereo,dataset_7_keyframe_4,0.9685314685314685
Fast-FoundationStereo,dataset_7_keyframe_4,0.978021978021978
Fast-FoundationStereo,dataset_7_keyframe_4,0.9809160305343512
Fast-FoundationStereo,dataset_7_keyframe_4,0.9772727272727273
Fast-FoundationStereo,dataset_7_keyframe_4,0.9961089494163424
Fast-FoundationStereo,dataset_7_keyframe_4,0.9847328244274809
Fast-FoundationStereo,dataset_7_keyframe_4,0.9960159362549801
Fast-FoundationStereo,dataset_7_keyframe_4,0.9961389961389961
Fast-FoundationStereo,dataset_7_keyframe_4,1.0
Fast-FoundationStereo,dataset_7_keyframe_4,0.9878048780487805
Fast-FoundationStereo,dataset_7_keyframe_4,0.9953703703703703
Fast-FoundationStereo,dataset_7_keyframe_4,0.9951219512195122
Fast-FoundationStereo,dataset_7_keyframe_4,0.9899497487437185
Fast-FoundationStereo,dataset_7_keyframe_4,1.0
Fast-FoundationStereo,dataset_7_keyframe_4,1.0
Fast-FoundationStereo,dataset_7_keyframe_4,0.9879518072289156
Fast-FoundationStereo,dataset_7_keyframe_4,0.9876543209876543
Fast-FoundationStereo,dataset_7_keyframe_4,0.9869281045751634
Fast-FoundationStereo,dataset_7_keyframe_4,0.9938271604938271
Fast-FoundationStereo,dataset_7_keyframe_4,0.9929577464788732
Fast-FoundationStereo,dataset_7_keyframe_4,1.0
Fast-FoundationStereo,dataset_7_keyframe_4,0.9858156028368794
Fast-FoundationStereo,dataset_7_keyframe_4,0.9851851851851852
Fast-FoundationStereo,dataset_7_keyframe_4,0.972027972027972
Fast-FoundationStereo,dataset_7_keyframe_4,0.9694656488549618
Fast-FoundationStereo,dataset_7_keyframe_4,0.9921875
Fast-FoundationStereo,dataset_7_keyframe_4,0.9761904761904762
Fast-FoundationStereo,dataset_7_keyframe_4,0.9933333333333333
Fast-FoundationStereo,dataset_7_keyframe_4,0.9929078014184397
Fast-FoundationStereo,dataset_7_keyframe_4,0.9871794871794872
Fast-FoundationStereo,dataset_7_keyframe_4,0.9938271604938271
Fast-FoundationStereo,dataset_7_keyframe_4,0.9940476190476191
Fast-FoundationStereo,dataset_7_keyframe_4,0.9880952380952381
Fast-FoundationStereo,dataset_7_keyframe_4,0.9893617021276596
Fast-FoundationStereo,dataset_7_keyframe_4,0.988950276243094
Fast-FoundationStereo,dataset_7_keyframe_4,0.9842931937172775
Fast-FoundationStereo,dataset_7_keyframe_4,1.0
Fast-FoundationStereo,dataset_7_keyframe_4,1.0
Fast-FoundationStereo,dataset_7_keyframe_4,1.0
Fast-FoundationStereo,dataset_7_keyframe_4,0.9878048780487805
Fast-FoundationStereo,dataset_7_keyframe_4,1.0
Fast-FoundationStereo,dataset_7_keyframe_4,0.9807692307692307
Fast-FoundationStereo,dataset_7_keyframe_4,1.0
Fast-FoundationStereo,dataset_7_keyframe_4,0.9846153846153847
Fast-FoundationStereo,dataset_7_keyframe_4,1.0
Fast-FoundationStereo,dataset_7_keyframe_4,1.0
Fast-FoundationStereo,dataset_7_keyframe_4,0.9636363636363636
Fast-FoundationStereo,dataset_7_keyframe_4,0.9607843137254902
Fast-FoundationStereo,dataset_7_keyframe_4,1.0
Fast-FoundationStereo,dataset_7_keyframe_4,1.0
Fast-FoundationStereo,dataset_7_keyframe_4,0.953125
Fast-FoundationStereo,dataset_7_keyframe_4,0.9491525423728814
Fast-FoundationStereo,dataset_7_keyframe_4,0.9830508474576272
Fast-FoundationStereo,dataset_7_keyframe_4,0.9736842105263158
Fast-FoundationStereo,dataset_7_keyframe_4,0.9868421052631579
Fast-FoundationStereo,dataset_7_keyframe_4,0.9736842105263158
Fast-FoundationStereo,dataset_7_keyframe_4,0.968421052631579
Fast-FoundationStereo,dataset_7_keyframe_4,0.9625
Fast-FoundationStereo,dataset_7_keyframe_4,0.9690721649484536
Fast-FoundationStereo,dataset_7_keyframe_4,0.9830508474576272
Fast-FoundationStereo,dataset_7_keyframe_4,0.9932885906040269
Fast-FoundationStereo,dataset_7_keyframe_4,0.9932885906040269
Fast-FoundationStereo,dataset_7_keyframe_4,1.0
Fast-FoundationStereo,dataset_7_keyframe_4,1.0
Fast-FoundationStereo,dataset_7_keyframe_4,0.9941860465116279
Fast-FoundationStereo,dataset_7_keyframe_4,0.98989898989899
Fast-FoundationStereo,dataset_7_keyframe_4,0.9848484848484849
Fast-FoundationStereo,dataset_7_keyframe_4,0.9863636363636363
Fast-FoundationStereo,dataset_7_keyframe_4,0.9862385321100917
Fast-FoundationStereo,dataset_7_keyframe_4,0.991701244813278
Fast-FoundationStereo,dataset_7_keyframe_4,0.9831932773109243
Fast-FoundationStereo,dataset_7_keyframe_4,0.9958847736625515
Fast-FoundationStereo,dataset_7_keyframe_4,0.9831932773109243
Fast-FoundationStereo,dataset_7_keyframe_4,0.987012987012987
Fast-FoundationStereo,dataset_7_keyframe_4,0.995850622406639
Fast-FoundationStereo,dataset_7_keyframe_4,1.0
Fast-FoundationStereo,dataset_7_keyframe_4,1.0
Fast-FoundationStereo,dataset_7_keyframe_4,0.9956896551724138
Fast-FoundationStereo,dataset_7_keyframe_4,0.9958847736625515
Fast-FoundationStereo,dataset_7_keyframe_4,0.984251968503937
Fast-FoundationStereo,dataset_7_keyframe_4,0.9672131147540983
Fast-FoundationStereo,dataset_7_keyframe_4,0.9708029197080292
Fast-FoundationStereo,dataset_7_keyframe_4,0.9656488549618321
Fast-FoundationStereo,dataset_7_keyframe_4,0.924812030075188
Fast-FoundationStereo,dataset_7_keyframe_4,0.9166666666666666
Fast-FoundationStereo,dataset_7_keyframe_4,0.9126984126984127
Fast-FoundationStereo,dataset_7_keyframe_4,0.9125475285171103
Fast-FoundationStereo,dataset_7_keyframe_4,0.9192307692307692
Fast-FoundationStereo,dataset_7_keyframe_4,0.9558823529411765
Fast-FoundationStereo,dataset_7_keyframe_4,0.948905109489051
Fast-FoundationStereo,dataset_7_keyframe_4,0.9713261648745519
Fast-FoundationStereo,dataset_7_keyframe_4,0.9747292418772563
Fast-FoundationStereo,dataset_7_keyframe_4,0.9828178694158075
Fast-FoundationStereo,dataset_7_keyframe_4,0.9824561403508771
Fast-FoundationStereo,dataset_7_keyframe_4,0.9896907216494846
Fast-FoundationStereo,dataset_7_keyframe_4,0.9787234042553191
Fast-FoundationStereo,dataset_7_keyframe_4,0.9814126394052045
Fast-FoundationStereo,dataset_7_keyframe_4,0.9619771863117871
Fast-FoundationStereo,dataset_7_keyframe_4,0.9779411764705882
Fast-FoundationStereo,dataset_7_keyframe_4,0.975609756097561
Fast-FoundationStereo,dataset_7_keyframe_4,0.992619926199262
Fast-FoundationStereo,dataset_7_keyframe_4,0.9924528301886792
Fast-FoundationStereo,dataset_7_keyframe_4,0.9812734082397003
Fast-FoundationStereo,dataset_7_keyframe_4,0.9765625
Fast-FoundationStereo,dataset_7_keyframe_4,0.9847908745247148
Fast-FoundationStereo,dataset_7_keyframe_4,0.9705882352941176
Fast-FoundationStereo,dataset_7_keyframe_4,0.9836065573770492
Fast-FoundationStereo,dataset_7_keyframe_4,0.981203007518797
Fast-FoundationStereo,dataset_7_keyframe_4,0.9923371647509579
Fast-FoundationStereo,dataset_7_keyframe_4,1.0
Fast-FoundationStereo,dataset_7_keyframe_4,0.9929577464788732
Fast-FoundationStereo,dataset_7_keyframe_4,0.9962121212121212
Fast-FoundationStereo,dataset_7_keyframe_4,1.0
Fast-FoundationStereo,dataset_7_keyframe_4,0.9886792452830189
Fast-FoundationStereo,dataset_7_keyframe_4,0.9931972789115646
Fast-FoundationStereo,dataset_7_keyframe_4,0.9962406015037594
Fast-FoundationStereo,dataset_7_keyframe_4,0.9897260273972602
Fast-FoundationStereo,dataset_7_keyframe_4,0.9905660377358491
Fast-FoundationStereo,dataset_7_keyframe_4,0.9971671388101983
Fast-FoundationStereo,dataset_7_keyframe_4,0.9804469273743017
Fast-FoundationStereo,dataset_7_keyframe_4,0.9946666666666667
Fast-FoundationStereo,dataset_7_keyframe_4,0.9600997506234414
Fast-FoundationStereo,dataset_7_keyframe_4,0.9255583126550868
Fast-FoundationStereo,dataset_7_keyframe_4,0.9354838709677419
Fast-FoundationStereo,dataset_7_keyframe_4,0.9496402877697842
Fast-FoundationStereo,dataset_7_keyframe_4,0.9232673267326733
Fast-FoundationStereo,dataset_7_keyframe_4,0.925
Fast-FoundationStereo,dataset_7_keyframe_4,0.941747572815534
Fast-FoundationStereo,dataset_7_keyframe_4,0.9310344827586207
Fast-FoundationStereo,dataset_7_keyframe_4,0.9407407407407408
Fast-FoundationStereo,dataset_7_keyframe_4,1.0
Fast-FoundationStereo,dataset_7_keyframe_4,1.0
Fast-FoundationStereo,dataset_7_keyframe_4,1.0
Fast-FoundationStereo,dataset_7_keyframe_4,1.0
Fast-FoundationStereo,dataset_7_keyframe_4,1.0
Fast-FoundationStereo,dataset_7_keyframe_4,1.0
Fast-FoundationStereo,dataset_7_keyframe_4,1.0
Fast-FoundationStereo,dataset_7_keyframe_4,0.9793577981651376
Fast-FoundationStereo,dataset_7_keyframe_4,0.980349344978166
Fast-FoundationStereo,dataset_7_keyframe_4,0.9697624190064795
Fast-FoundationStereo,dataset_7_keyframe_4,0.9663677130044843
Fast-FoundationStereo,dataset_7_keyframe_4,0.950561797752809
Fast-FoundationStereo,dataset_7_keyframe_4,0.9616204690831557
Fast-FoundationStereo,dataset_7_keyframe_4,0.9460043196544277
Fast-FoundationStereo,dataset_7_keyframe_4,0.93125
Fast-FoundationStereo,dataset_7_keyframe_4,0.9243027888446215
Fast-FoundationStereo,dataset_7_keyframe_4,0.9321357285429142
Fast-FoundationStereo,dataset_7_keyframe_4,0.9097744360902256
Fast-FoundationStereo,dataset_7_keyframe_4,0.9023090586145648
Fast-FoundationStereo,dataset_7_keyframe_4,0.8734835355285961
Fast-FoundationStereo,dataset_7_keyframe_4,0.8690265486725663
Fast-FoundationStereo,dataset_7_keyframe_4,0.8439024390243902
Fast-FoundationStereo,dataset_7_keyframe_4,0.8452768729641694
Fast-FoundationStereo,dataset_7_keyframe_4,0.8664495114006515
Fast-FoundationStereo,dataset_7_keyframe_4,0.8497576736672051
Fast-FoundationStereo,dataset_7_keyframe_4,0.8773006134969326
Fast-FoundationStereo,dataset_7_keyframe_4,0.9027355623100304
Fast-FoundationStereo,dataset_7_keyframe_4,0.9228441754916793
Fast-FoundationStereo,dataset_7_keyframe_4,0.9426470588235294
Fast-FoundationStereo,dataset_7_keyframe_4,0.9585798816568047
Fast-FoundationStereo,dataset_7_keyframe_4,0.9757942511346445
Fast-FoundationStereo,dataset_7_keyframe_4,0.9909774436090225
Fast-FoundationStereo,dataset_7_keyframe_4,0.9923430321592649
Fast-FoundationStereo,dataset_7_keyframe_4,1.0
Fast-FoundationStereo,dataset_7_keyframe_4,1.0
Fast-FoundationStereo,dataset_7_keyframe_4,0.9982638888888888
Fast-FoundationStereo,dataset_7_keyframe_4,0.9981949458483754
Fast-FoundationStereo,dataset_7_keyframe_4,0.9961904761904762
Fast-FoundationStereo,dataset_7_keyframe_4,0.9980237154150198
Fast-FoundationStereo,dataset_7_keyframe_4,0.9959595959595959
Fast-FoundationStereo,dataset_7_keyframe_4,1.0
Fast-FoundationStereo,dataset_7_keyframe_4,0.9979423868312757
Fast-FoundationStereo,dataset_7_keyframe_4,1.0
Fast-FoundationStereo,dataset_7_keyframe_4,1.0
Fast-FoundationStereo,dataset_7_keyframe_4,1.0
Fast-FoundationStereo,dataset_7_keyframe_4,1.0
Fast-FoundationStereo,dataset_7_keyframe_4,1.0
Fast-FoundationStereo,dataset_7_keyframe_4,1.0
Fast-FoundationStereo,dataset_7_keyframe_4,1.0
Fast-FoundationStereo,dataset_7_keyframe_4,1.0
Fast-FoundationStereo,dataset_7_keyframe_4,1.0
Fast-FoundationStereo,dataset_7_keyframe_4,1.0
Fast-FoundationStereo,dataset_7_keyframe_4,1.0
Fast-FoundationStereo,dataset_7_keyframe_4,1.0
Fast-FoundationStereo,dataset_7_keyframe_4,1.0
Fast-FoundationStereo,dataset_7_keyframe_4,1.0
Fast-FoundationStereo,dataset_7_keyframe_4,1.0
Fast-FoundationStereo,dataset_7_keyframe_4,1.0
Fast-FoundationStereo,dataset_7_keyframe_4,1.0
Fast-FoundationStereo,dataset_7_keyframe_4,1.0
Fast-FoundationStereo,dataset_7_keyframe_4,1.0
Fast-FoundationStereo,dataset_7_keyframe_4,1.0
Fast-FoundationStereo,dataset_7_keyframe_4,1.0
Fast-FoundationStereo,dataset_7_keyframe_4,1.0
Fast-FoundationStereo,dataset_7_keyframe_4,1.0
Fast-FoundationStereo,dataset_7_keyframe_4,1.0
Fast-FoundationStereo,dataset_7_keyframe_4,1.0
Fast-FoundationStereo,dataset_7_keyframe_4,1.0
Fast-FoundationStereo,dataset_7_keyframe_4,1.0
Fast-FoundationStereo,dataset_7_keyframe_4,1.0
Fast-FoundationStereo,dataset_7_keyframe_4,1.0
Fast-FoundationStereo,dataset_7_keyframe_4,1.0
Fast-FoundationStereo,dataset_7_keyframe_4,1.0
Fast-FoundationStereo,dataset_7_keyframe_4,1.0
Fast-FoundationStereo,dataset_7_keyframe_4,1.0
Fast-FoundationStereo,dataset_7_keyframe_4,1.0
Fast-FoundationStereo,dataset_7_keyframe_4,1.0
Fast-FoundationStereo,dataset_7_keyframe_4,1.0
Fast-FoundationStereo,dataset_7_keyframe_4,1.0
Fast-FoundationStereo,dataset_7_keyframe_4,1.0
Fast-FoundationStereo,dataset_7_keyframe_4,1.0
Fast-FoundationStereo,dataset_7_keyframe_4,0.875
Fast-FoundationStereo,dataset_7_keyframe_4,1.0
Fast-FoundationStereo,dataset_7_keyframe_4,1.0
Fast-FoundationStereo,dataset_7_keyframe_4,1.0
Fast-FoundationStereo,dataset_7_keyframe_4,1.0
Fast-FoundationStereo,dataset_7_keyframe_4,1.0
Fast-FoundationStereo,dataset_7_keyframe_4,1.0
Fast-FoundationStereo,dataset_7_keyframe_4,1.0
Fast-FoundationStereo,dataset_7_keyframe_4,1.0
Fast-FoundationStereo,dataset_7_keyframe_4,1.0
Fast-FoundationStereo,dataset_7_keyframe_4,0.0
Fast-FoundationStereo,dataset_7_keyframe_4,0.0
Fast-FoundationStereo,dataset_7_keyframe_4,0.0
Fast-FoundationStereo,dataset_7_keyframe_4,0.0
Fast-FoundationStereo,dataset_7_keyframe_4,0.0
Fast-FoundationStereo,dataset_7_keyframe_4,0.0
Fast-FoundationStereo,dataset_7_keyframe_4,0.0
Fast-FoundationStereo,dataset_7_keyframe_4,0.0
Fast-FoundationStereo,dataset_7_keyframe_4,0.0
Fast-FoundationStereo,dataset_7_keyframe_4,0.0
Fast-FoundationStereo,dataset_7_keyframe_4,0.0
Fast-FoundationStereo,dataset_7_keyframe_4,0.0
Fast-FoundationStereo,dataset_7_keyframe_4,0.0
Fast-FoundationStereo,dataset_7_keyframe_4,0.0
Fast-FoundationStereo,dataset_7_keyframe_4,0.0
Fast-FoundationStereo,dataset_7_keyframe_4,0.0
Fast-FoundationStereo,dataset_7_keyframe_4,0.0
Fast-FoundationStereo,dataset_7_keyframe_4,0.0
Fast-FoundationStereo,dataset_7_keyframe_4,0.0
Fast-FoundationStereo,dataset_7_keyframe_4,0.0
Fast-FoundationStereo,dataset_7_keyframe_4,0.0
Fast-FoundationStereo,dataset_7_keyframe_4,0.0
Fast-FoundationStereo,dataset_7_keyframe_4,0.0
Fast-FoundationStereo,dataset_7_keyframe_4,0.0
Fast-FoundationStereo,dataset_7_keyframe_4,0.0
Fast-FoundationStereo,dataset_7_keyframe_4,0.0
Fast-FoundationStereo,dataset_7_keyframe_4,0.0
Fast-FoundationStereo,dataset_7_keyframe_4,0.0
Fast-FoundationStereo,dataset_7_keyframe_4,0.0
Fast-FoundationStereo,dataset_7_keyframe_4,0.0
Fast-FoundationStereo,dataset_7_keyframe_4,0.0
Fast-FoundationStereo,dataset_7_keyframe_4,0.0
Fast-FoundationStereo,dataset_7_keyframe_4,0.0
Fast-FoundationStereo,dataset_7_keyframe_4,0.0
Fast-FoundationStereo,dataset_7_keyframe_4,0.0
Fast-FoundationStereo,dataset_7_keyframe_4,0.0
Fast-FoundationStereo,dataset_7_keyframe_4,0.0
Fast-FoundationStereo,dataset_7_keyframe_4,0.0
Fast-FoundationStereo,dataset_7_keyframe_4,0.0
Fast-FoundationStereo,dataset_7_keyframe_4,0.0
Fast-FoundationStereo,dataset_7_keyframe_4,0.0
Fast-FoundationStereo,dataset_7_keyframe_4,0.0
Fast-FoundationStereo,dataset_7_keyframe_4,0.0
Fast-FoundationStereo,dataset_7_keyframe_4,0.0
Fast-FoundationStereo,dataset_7_keyframe_4,0.0
Fast-FoundationStereo,dataset_7_keyframe_4,0.0
Fast-FoundationStereo,dataset_7_keyframe_4,0.0
Fast-FoundationStereo,dataset_7_keyframe_4,0.0
Fast-FoundationStereo,dataset_7_keyframe_4,0.0
Fast-FoundationStereo,dataset_7_keyframe_4,0.0
Fast-FoundationStereo,dataset_7_keyframe_4,0.0
Fast-FoundationStereo,dataset_7_keyframe_4,0.0
Fast-FoundationStereo,dataset_7_keyframe_4,0.0
Fast-FoundationStereo,dataset_7_keyframe_4,0.0
Fast-FoundationStereo,dataset_7_keyframe_4,0.0
Fast-FoundationStereo,dataset_7_keyframe_4,0.0
Fast-FoundationStereo,dataset_7_keyframe_4,0.0
Fast-FoundationStereo,dataset_7_keyframe_4,0.0
Fast-FoundationStereo,dataset_7_keyframe_4,0.0
Fast-FoundationStereo,dataset_7_keyframe_4,0.0
Fast-FoundationStereo,dataset_7_keyframe_4,0.0
Fast-FoundationStereo,dataset_7_keyframe_4,0.0
Fast-FoundationStereo,dataset_7_keyframe_4,0.0
Fast-FoundationStereo,dataset_7_keyframe_4,0.0
Fast-FoundationStereo,dataset_7_keyframe_4,0.0
Fast-FoundationStereo,dataset_7_keyframe_4,0.0
Fast-FoundationStereo,dataset_7_keyframe_4,0.0
Fast-FoundationStereo,dataset_7_keyframe_4,1.0
Fast-FoundationStereo,dataset_7_keyframe_4,0.4
Fast-FoundationStereo,dataset_7_keyframe_4,0.5714285714285714
Fast-FoundationStereo,dataset_7_keyframe_4,0.19047619047619047
Fast-FoundationStereo,dataset_7_keyframe_4,0.1076923076923077
Fast-FoundationStereo,dataset_7_keyframe_4,0.0759493670886076
Fast-FoundationStereo,dataset_7_keyframe_4,0.07407407407407407
Fast-FoundationStereo,dataset_7_keyframe_4,0.08235294117647059
Fast-FoundationStereo,dataset_7_keyframe_4,0.12643678160919541
Fast-FoundationStereo,dataset_7_keyframe_4,0.2
Fast-FoundationStereo,dataset_7_keyframe_4,0.29
Fast-FoundationStereo,dataset_7_keyframe_4,0.4583333333333333
Fast-FoundationStereo,dataset_7_keyframe_4,0.5572519083969466
Fast-FoundationStereo,dataset_7_keyframe_4,0.7297297297297297
Fast-FoundationStereo,dataset_7_keyframe_4,0.7641509433962265
Fast-FoundationStereo,dataset_7_keyframe_4,0.8584905660377359
Fast-FoundationStereo,dataset_7_keyframe_4,0.9230769230769231
Fast-FoundationStereo,dataset_7_keyframe_4,1.0
Fast-FoundationStereo,dataset_7_keyframe_4,1.0
Fast-FoundationStereo,dataset_7_keyframe_4,1.0
Fast-FoundationStereo,dataset_7_keyframe_4,1.0
Fast-FoundationStereo,dataset_7_keyframe_4,1.0
Fast-FoundationStereo,dataset_7_keyframe_4,1.0
Fast-FoundationStereo,dataset_7_keyframe_4,1.0
Fast-FoundationStereo,dataset_7_keyframe_4,1.0
Fast-FoundationStereo,dataset_7_keyframe_4,1.0
Fast-FoundationStereo,dataset_7_keyframe_4,1.0
Fast-FoundationStereo,dataset_7_keyframe_4,1.0
Fast-FoundationStereo,dataset_7_keyframe_4,1.0
Fast-FoundationStereo,dataset_7_keyframe_4,1.0
Fast-FoundationStereo,dataset_7_keyframe_4,1.0
Fast-FoundationStereo,dataset_7_keyframe_4,1.0
Fast-FoundationStereo,dataset_7_keyframe_4,1.0
Fast-FoundationStereo,dataset_7_keyframe_4,1.0
Fast-FoundationStereo,dataset_7_keyframe_4,1.0
Fast-FoundationStereo,dataset_7_keyframe_4,1.0
Fast-FoundationStereo,dataset_7_keyframe_4,1.0
Fast-FoundationStereo,dataset_7_keyframe_4,0.0
Fast-FoundationStereo,dataset_7_keyframe_4,0.0
Fast-FoundationStereo,dataset_7_keyframe_4,0.0
Fast-FoundationStereo,dataset_7_keyframe_4,0.0
Fast-FoundationStereo,dataset_7_keyframe_4,0.0
Fast-FoundationStereo,dataset_7_keyframe_4,0.0
Fast-FoundationStereo,dataset_7_keyframe_4,0.0
Fast-FoundationStereo,dataset_7_keyframe_4,0.0
Fast-FoundationStereo,dataset_7_keyframe_4,0.0
Fast-FoundationStereo,dataset_7_keyframe_4,0.0
Fast-FoundationStereo,dataset_7_keyframe_4,0.0
Fast-FoundationStereo,dataset_7_keyframe_4,0.0
Fast-FoundationStereo,dataset_7_keyframe_4,0.0
Fast-FoundationStereo,dataset_7_keyframe_4,0.0
Fast-FoundationStereo,dataset_7_keyframe_4,0.0
Fast-FoundationStereo,dataset_7_keyframe_4,0.0
Fast-FoundationStereo,dataset_7_keyframe_4,0.0
Fast-FoundationStereo,dataset_7_keyframe_4,0.0
Fast-FoundationStereo,dataset_7_keyframe_4,0.0
Fast-FoundationStereo,dataset_7_keyframe_4,0.0
Fast-FoundationStereo,dataset_7_keyframe_4,0.0
Fast-FoundationStereo,dataset_7_keyframe_4,0.0
Fast-FoundationStereo,dataset_7_keyframe_4,0.0
Fast-FoundationStereo,dataset_7_keyframe_4,0.0
Fast-FoundationStereo,dataset_7_keyframe_4,0.0
Fast-FoundationStereo,dataset_7_keyframe_4,0.0
Fast-FoundationStereo,dataset_7_keyframe_4,0.0
Fast-FoundationStereo,dataset_7_keyframe_4,0.0
Fast-FoundationStereo,dataset_7_keyframe_4,0.0
Fast-FoundationStereo,dataset_7_keyframe_4,0.0
Fast-FoundationStereo,dataset_7_keyframe_4,0.0
Fast-FoundationStereo,dataset_7_keyframe_4,0.0
Fast-FoundationStereo,dataset_7_keyframe_4,0.0
Fast-FoundationStereo,dataset_7_keyframe_4,0.0
Fast-FoundationStereo,dataset_7_keyframe_4,0.0
Fast-FoundationStereo,dataset_7_keyframe_4,0.0
Fast-FoundationStereo,dataset_7_keyframe_4,0.0
Fast-FoundationStereo,dataset_7_keyframe_4,0.0
Fast-FoundationStereo,dataset_7_keyframe_4,0.0
Fast-FoundationStereo,dataset_7_keyframe_4,0.0
Fast-FoundationStereo,dataset_7_keyframe_4,0.0
Fast-FoundationStereo,dataset_7_keyframe_4,0.0
Fast-FoundationStereo,dataset_7_keyframe_4,0.0
Fast-FoundationStereo,dataset_7_keyframe_4,0.0
Fast-FoundationStereo,dataset_7_keyframe_4,0.0
Fast-FoundationStereo,dataset_7_keyframe_4,0.0
Fast-FoundationStereo,dataset_7_keyframe_4,0.0
Fast-FoundationStereo,dataset_7_keyframe_4,0.0
Fast-FoundationStereo,dataset_7_keyframe_4,0.0
Fast-FoundationStereo,dataset_7_keyframe_4,0.0
Fast-FoundationStereo,dataset_7_keyframe_4,0.0
Fast-FoundationStereo,dataset_7_keyframe_4,0.0
Fast-FoundationStereo,dataset_7_keyframe_4,0.0
Fast-FoundationStereo,dataset_7_keyframe_4,0.0
Fast-FoundationStereo,dataset_7_keyframe_4,0.0
Fast-FoundationStereo,dataset_7_keyframe_4,0.0
Fast-FoundationStereo,dataset_7_keyframe_4,0.0
Fast-FoundationStereo,dataset_7_keyframe_4,0.0
Fast-FoundationStereo,dataset_7_keyframe_4,0.0
Fast-FoundationStereo,dataset_7_keyframe_4,0.0
Fast-FoundationStereo,dataset_7_keyframe_4,0.0
Fast-FoundationStereo,dataset_7_keyframe_4,0.0
Fast-FoundationStereo,dataset_7_keyframe_4,0.0
Fast-FoundationStereo,dataset_7_keyframe_4,0.0
Fast-FoundationStereo,dataset_7_keyframe_4,0.0
Fast-FoundationStereo,dataset_7_keyframe_4,0.0
Fast-FoundationStereo,dataset_7_keyframe_4,0.0
Fast-FoundationStereo,dataset_7_keyframe_4,0.0
Fast-FoundationStereo,dataset_7_keyframe_4,0.25
Fast-FoundationStereo,dataset_7_keyframe_4,0.13333333333333333
Fast-FoundationStereo,dataset_7_keyframe_4,0.3888888888888889
Fast-FoundationStereo,dataset_7_keyframe_4,0.4444444444444444
Fast-FoundationStereo,dataset_7_keyframe_4,0.42105263157894735
Fast-FoundationStereo,dataset_7_keyframe_4,0.46153846153846156
Fast-FoundationStereo,dataset_7_keyframe_4,0.4864864864864865
Fast-FoundationStereo,dataset_7_keyframe_4,0.4146341463414634
Fast-FoundationStereo,dataset_7_keyframe_4,0.3695652173913043
Fast-FoundationStereo,dataset_7_keyframe_4,0.4067796610169492
Fast-FoundationStereo,dataset_7_keyframe_4,0.4772727272727273
Fast-FoundationStereo,dataset_7_keyframe_4,0.5
Fast-FoundationStereo,dataset_7_keyframe_4,0.6935483870967742
Fast-FoundationStereo,dataset_7_keyframe_4,0.5833333333333334
Fast-FoundationStereo,dataset_7_keyframe_4,0.6923076923076923
Fast-FoundationStereo,dataset_7_keyframe_4,0.7377049180327869
Fast-FoundationStereo,dataset_7_keyframe_4,0.8
Fast-FoundationStereo,dataset_7_keyframe_4,0.8507462686567164
Fast-FoundationStereo,dataset_7_keyframe_4,0.9333333333333333
Fast-FoundationStereo,dataset_7_keyframe_4,0.90625
Fast-FoundationStereo,dataset_7_keyframe_4,0.9393939393939394
Fast-FoundationStereo,dataset_7_keyframe_4,0.9142857142857143
Fast-FoundationStereo,dataset_7_keyframe_4,0.971830985915493
Fast-FoundationStereo,dataset_7_keyframe_4,1.0
Fast-FoundationStereo,dataset_7_keyframe_4,1.0
Fast-FoundationStereo,dataset_7_keyframe_4,0.9807692307692307
Fast-FoundationStereo,dataset_7_keyframe_4,1.0
Fast-FoundationStereo,dataset_7_keyframe_4,0.9642857142857143
Fast-FoundationStereo,dataset_7_keyframe_4,0.9333333333333333
Fast-FoundationStereo,dataset_7_keyframe_4,0.9166666666666666
Fast-FoundationStereo,dataset_7_keyframe_4,0.9090909090909091
Fast-FoundationStereo,dataset_7_keyframe_4,0.9166666666666666
Fast-FoundationStereo,dataset_7_keyframe_4,1.0
Fast-FoundationStereo,dataset_7_keyframe_4,0.8333333333333334
Fast-FoundationStereo,dataset_7_keyframe_4,1.0
Fast-FoundationStereo,dataset_7_keyframe_4,1.0
Fast-FoundationStereo,dataset_7_keyframe_4,1.0
Fast-FoundationStereo,dataset_7_keyframe_4,0.0
Fast-FoundationStereo,dataset_7_keyframe_4,0.0
Fast-FoundationStereo,dataset_7_keyframe_4,0.0
Fast-FoundationStereo,dataset_7_keyframe_4,0.0
Fast-FoundationStereo,dataset_7_keyframe_4,0.0
Fast-FoundationStereo,dataset_7_keyframe_4,0.0
Fast-FoundationStereo,dataset_7_keyframe_4,0.0
Fast-FoundationStereo,dataset_7_keyframe_4,0.0
Fast-FoundationStereo,dataset_7_keyframe_4,0.0
Fast-FoundationStereo,dataset_7_keyframe_4,0.0
Fast-FoundationStereo,dataset_7_keyframe_4,0.0
Fast-FoundationStereo,dataset_7_keyframe_4,0.0
Fast-FoundationStereo,dataset_7_keyframe_4,0.0
Fast-FoundationStereo,dataset_7_keyframe_4,0.0
Fast-FoundationStereo,dataset_7_keyframe_4,0.0
Fast-FoundationStereo,dataset_7_keyframe_4,0.0
Fast-FoundationStereo,dataset_7_keyframe_4,0.0
Fast-FoundationStereo,dataset_7_keyframe_4,0.0
Fast-FoundationStereo,dataset_7_keyframe_4,0.0
Fast-FoundationStereo,dataset_7_keyframe_4,0.0
Fast-FoundationStereo,dataset_7_keyframe_4,0.0
Fast-FoundationStereo,dataset_7_keyframe_4,0.0
Fast-FoundationStereo,dataset_7_keyframe_4,0.0
Fast-FoundationStereo,dataset_7_keyframe_4,0.0
Fast-FoundationStereo,dataset_7_keyframe_4,0.0
Fast-FoundationStereo,dataset_7_keyframe_4,0.0
Fast-FoundationStereo,dataset_7_keyframe_4,0.0
Fast-FoundationStereo,dataset_7_keyframe_4,0.0
Fast-FoundationStereo,dataset_7_keyframe_4,0.0
Fast-FoundationStereo,dataset_7_keyframe_4,0.0
Fast-FoundationStereo,dataset_7_keyframe_4,0.0
Fast-FoundationStereo,dataset_7_keyframe_4,0.0
Fast-FoundationStereo,dataset_7_keyframe_4,0.0
Fast-FoundationStereo,dataset_7_keyframe_4,0.0
Fast-FoundationStereo,dataset_7_keyframe_4,0.0
Fast-FoundationStereo,dataset_7_keyframe_4,0.0
Fast-FoundationStereo,dataset_7_keyframe_4,0.0
Fast-FoundationStereo,dataset_7_keyframe_4,0.0
Fast-FoundationStereo,dataset_7_keyframe_4,0.0
Fast-FoundationStereo,dataset_7_keyframe_4,0.0
Fast-FoundationStereo,dataset_7_keyframe_4,0.0
Fast-FoundationStereo,dataset_7_keyframe_4,0.0
Fast-FoundationStereo,dataset_7_keyframe_4,0.0
Fast-FoundationStereo,dataset_7_keyframe_4,0.0
Fast-FoundationStereo,dataset_7_keyframe_4,0.0
Fast-FoundationStereo,dataset_7_keyframe_4,0.0
Fast-FoundationStereo,dataset_7_keyframe_4,0.0
Fast-FoundationStereo,dataset_7_keyframe_4,0.0
Fast-FoundationStereo,dataset_7_keyframe_4,0.0
Fast-FoundationStereo,dataset_7_keyframe_4,0.0
Fast-FoundationStereo,dataset_7_keyframe_4,0.0
Fast-FoundationStereo,dataset_7_keyframe_4,0.0
Fast-FoundationStereo,dataset_7_keyframe_4,0.0
Fast-FoundationStereo,dataset_7_keyframe_4,0.0
Fast-FoundationStereo,dataset_7_keyframe_4,0.0
Fast-FoundationStereo,dataset_7_keyframe_4,0.0
Fast-FoundationStereo,dataset_7_keyframe_4,0.0
Fast-FoundationStereo,dataset_7_keyframe_4,0.0
Fast-FoundationStereo,dataset_7_keyframe_4,0.0
Fast-FoundationStereo,dataset_7_keyframe_4,0.0
Fast-FoundationStereo,dataset_7_keyframe_4,0.0
Fast-FoundationStereo,dataset_7_keyframe_4,0.0
Fast-FoundationStereo,dataset_7_keyframe_4,0.0
Fast-FoundationStereo,dataset_7_keyframe_4,0.0
Fast-FoundationStereo,dataset_7_keyframe_4,0.0
Fast-FoundationStereo,dataset_7_keyframe_4,0.0
Fast-FoundationStereo,dataset_7_keyframe_4,0.0
Fast-FoundationStereo,dataset_7_keyframe_4,0.0
Fast-FoundationStereo,dataset_7_keyframe_4,0.0
Fast-FoundationStereo,dataset_7_keyframe_4,0.0
Fast-FoundationStereo,dataset_7_keyframe_4,0.0
Fast-FoundationStereo,dataset_7_keyframe_4,0.0
Fast-FoundationStereo,dataset_7_keyframe_4,0.0
Fast-FoundationStereo,dataset_7_keyframe_4,0.0
Fast-FoundationStereo,dataset_7_keyframe_4,0.0
Fast-FoundationStereo,dataset_7_keyframe_4,0.0
Fast-FoundationStereo,dataset_7_keyframe_4,0.0
Fast-FoundationStereo,dataset_7_keyframe_4,0.0
Fast-FoundationStereo,dataset_7_keyframe_4,0.0
Fast-FoundationStereo,dataset_7_keyframe_4,0.0
Fast-FoundationStereo,dataset_7_keyframe_4,0.0
Fast-FoundationStereo,dataset_7_keyframe_4,0.0
Fast-FoundationStereo,dataset_7_keyframe_4,0.0
Fast-FoundationStereo,dataset_7_keyframe_4,0.0
Fast-FoundationStereo,dataset_7_keyframe_4,0.0
Fast-FoundationStereo,dataset_7_keyframe_4,0.0
Fast-FoundationStereo,dataset_7_keyframe_4,0.0
Fast-FoundationStereo,dataset_7_keyframe_4,0.0
Fast-FoundationStereo,dataset_7_keyframe_4,0.5
Fast-FoundationStereo,dataset_7_keyframe_4,0.5
Fast-FoundationStereo,dataset_7_keyframe_4,1.0
Fast-FoundationStereo,dataset_7_keyframe_4,1.0
Fast-FoundationStereo,dataset_7_keyframe_4,0.0
Fast-FoundationStereo,dataset_7_keyframe_4,0.0
Fast-FoundationStereo,dataset_7_keyframe_4,0.0
Fast-FoundationStereo,dataset_7_keyframe_4,0.0
Fast-FoundationStereo,dataset_7_keyframe_4,0.0
Fast-FoundationStereo,dataset_7_keyframe_4,0.0
Fast-FoundationStereo,dataset_7_keyframe_4,0.0
Fast-FoundationStereo,dataset_7_keyframe_4,0.0
Fast-FoundationStereo,dataset_7_keyframe_4,0.0
Fast-FoundationStereo,dataset_7_keyframe_4,0.0
Fast-FoundationStereo,dataset_7_keyframe_4,0.0
Fast-FoundationStereo,dataset_7_keyframe_4,0.0
Fast-FoundationStereo,dataset_7_keyframe_4,0.0
Fast-FoundationStereo,dataset_7_keyframe_4,0.0
Fast-FoundationStereo,dataset_7_keyframe_4,0.0
Fast-FoundationStereo,dataset_7_keyframe_4,0.0
Fast-FoundationStereo,dataset_7_keyframe_4,0.0
Fast-FoundationStereo,dataset_7_keyframe_4,0.0
Fast-FoundationStereo,dataset_7_keyframe_4,0.0
Fast-FoundationStereo,dataset_7_keyframe_4,0.0
Fast-FoundationStereo,dataset_7_keyframe_4,0.0
Fast-FoundationStereo,dataset_7_keyframe_4,0.0
Fast-FoundationStereo,dataset_7_keyframe_4,0.0
Fast-FoundationStereo,dataset_7_keyframe_4,0.0
Fast-FoundationStereo,dataset_7_keyframe_4,0.0
Fast-FoundationStereo,dataset_7_keyframe_4,0.0
Fast-FoundationStereo,dataset_7_keyframe_4,0.0
Fast-FoundationStereo,dataset_7_keyframe_4,0.0
Fast-FoundationStereo,dataset_7_keyframe_4,0.0
Fast-FoundationStereo,dataset_7_keyframe_4,0.0
Fast-FoundationStereo,dataset_7_keyframe_4,0.0
Fast-FoundationStereo,dataset_7_keyframe_4,0.0
Fast-FoundationStereo,dataset_7_keyframe_4,0.0
Fast-FoundationStereo,dataset_7_keyframe_4,0.0
Fast-FoundationStereo,dataset_7_keyframe_4,0.0
Fast-FoundationStereo,dataset_7_keyframe_4,0.0
Fast-FoundationStereo,dataset_7_keyframe_4,0.0
Fast-FoundationStereo,dataset_7_keyframe_4,0.0
Fast-FoundationStereo,dataset_7_keyframe_4,0.0
Fast-FoundationStereo,dataset_7_keyframe_4,0.0
Fast-FoundationStereo,dataset_7_keyframe_4,0.0
Fast-FoundationStereo,dataset_7_keyframe_4,0.0
Fast-FoundationStereo,dataset_7_keyframe_4,0.0
Fast-FoundationStereo,dataset_7_keyframe_4,0.0
Fast-FoundationStereo,dataset_7_keyframe_4,0.0
Fast-FoundationStereo,dataset_7_keyframe_4,0.0
Fast-FoundationStereo,dataset_7_keyframe_4,0.0
Fast-FoundationStereo,dataset_7_keyframe_4,0.0
Fast-FoundationStereo,dataset_7_keyframe_4,0.0
Fast-FoundationStereo,dataset_7_keyframe_4,0.0
Fast-FoundationStereo,dataset_7_keyframe_4,0.0
Fast-FoundationStereo,dataset_7_keyframe_4,0.0
Fast-FoundationStereo,dataset_7_keyframe_4,0.0
Fast-FoundationStereo,dataset_7_keyframe_4,0.0
Fast-FoundationStereo,dataset_7_keyframe_4,0.0
Fast-FoundationStereo,dataset_7_keyframe_4,0.0
Fast-FoundationStereo,dataset_7_keyframe_4,0.0
Fast-FoundationStereo,dataset_7_keyframe_4,0.0
Fast-FoundationStereo,dataset_7_keyframe_4,0.0
Fast-FoundationStereo,dataset_7_keyframe_4,0.0
Fast-FoundationStereo,dataset_7_keyframe_4,0.0
Fast-FoundationStereo,dataset_7_keyframe_4,0.0
Fast-FoundationStereo,dataset_7_keyframe_4,0.0
Fast-FoundationStereo,dataset_7_keyframe_4,0.0
Fast-FoundationStereo,dataset_7_keyframe_4,0.0
Fast-FoundationStereo,dataset_7_keyframe_4,0.0
Fast-FoundationStereo,dataset_7_keyframe_4,0.0
Fast-FoundationStereo,dataset_7_keyframe_4,0.0
Fast-FoundationStereo,dataset_7_keyframe_4,0.0
Fast-FoundationStereo,dataset_7_keyframe_4,0.0
Fast-FoundationStereo,dataset_7_keyframe_4,0.0
Fast-FoundationStereo,dataset_7_keyframe_4,0.0
Fast-FoundationStereo,dataset_7_keyframe_4,0.0
Fast-FoundationStereo,dataset_7_keyframe_4,0.0
Fast-FoundationStereo,dataset_7_keyframe_4,0.0
Fast-FoundationStereo,dataset_7_keyframe_4,0.0
Fast-FoundationStereo,dataset_7_keyframe_4,0.0
Fast-FoundationStereo,dataset_7_keyframe_4,0.0
Fast-FoundationStereo,dataset_7_keyframe_4,0.0
Fast-FoundationStereo,dataset_7_keyframe_4,0.0
Fast-FoundationStereo,dataset_7_keyframe_4,0.0
Fast-FoundationStereo,dataset_7_keyframe_4,0.0
Fast-FoundationStereo,dataset_7_keyframe_4,0.0
Fast-FoundationStereo,dataset_7_keyframe_4,0.0
Fast-FoundationStereo,dataset_7_keyframe_4,1.0
Fast-FoundationStereo,dataset_7_keyframe_4,0.0
Fast-FoundationStereo,dataset_7_keyframe_4,0.0
Fast-FoundationStereo,dataset_7_keyframe_4,0.3333333333333333
Fast-FoundationStereo,dataset_7_keyframe_4,0.5
Fast-FoundationStereo,dataset_7_keyframe_4,0.0
Fast-FoundationStereo,dataset_7_keyframe_4,0.3333333333333333
Fast-FoundationStereo,dataset_7_keyframe_4,0.6666666666666666
Fast-FoundationStereo,dataset_7_keyframe_4,0.25
Fast-FoundationStereo,dataset_7_keyframe_4,0.5
Fast-FoundationStereo,dataset_7_keyframe_4,0.75
Fast-FoundationStereo,dataset_7_keyframe_4,0.6
Fast-FoundationStereo,dataset_7_keyframe_4,0.5
Fast-FoundationStereo,dataset_7_keyframe_4,0.6666666666666666
Fast-FoundationStereo,dataset_7_keyframe_4,0.45454545454545453
Fast-FoundationStereo,dataset_7_keyframe_4,0.5294117647058824
Fast-FoundationStereo,dataset_7_keyframe_4,0.44
Fast-FoundationStereo,dataset_7_keyframe_4,0.5
Fast-FoundationStereo,dataset_7_keyframe_4,0.4074074074074074
Fast-FoundationStereo,dataset_7_keyframe_4,0.4827586206896552
Fast-FoundationStereo,dataset_7_keyframe_4,0.4375
Fast-FoundationStereo,dataset_7_keyframe_4,0.5789473684210527
Fast-FoundationStereo,dataset_7_keyframe_4,0.6904761904761905
Fast-FoundationStereo,dataset_7_keyframe_4,0.627906976744186
Fast-FoundationStereo,dataset_7_keyframe_4,0.5789473684210527
Fast-FoundationStereo,dataset_7_keyframe_4,0.5538461538461539
Fast-FoundationStereo,dataset_7_keyframe_4,0.5692307692307692
Fast-FoundationStereo,dataset_7_keyframe_4,0.5
Fast-FoundationStereo,dataset_7_keyframe_4,0.41284403669724773
Fast-FoundationStereo,dataset_7_keyframe_4,0.408
Fast-FoundationStereo,dataset_7_keyframe_4,0.3700787401574803
Fast-FoundationStereo,dataset_7_keyframe_4,0.4461538461538462
Fast-FoundationStereo,dataset_7_keyframe_4,0.4533333333333333
Fast-FoundationStereo,dataset_7_keyframe_4,0.4514285714285714
Fast-FoundationStereo,dataset_7_keyframe_4,0.5053763440860215
Fast-FoundationStereo,dataset_7_keyframe_4,0.5477386934673367
Fast-FoundationStereo,dataset_7_keyframe_4,0.555045871559633
Fast-FoundationStereo,dataset_7_keyframe_4,0.5708154506437768
Fast-FoundationStereo,dataset_7_keyframe_4,0.58203125
Fast-FoundationStereo,dataset_7_keyframe_4,0.6007194244604317
Fast-FoundationStereo,dataset_7_keyframe_4,0.5973154362416108
Fast-FoundationStereo,dataset_7_keyframe_4,0.5762195121951219
Fast-FoundationStereo,dataset_7_keyframe_4,0.611764705882353
Fast-FoundationStereo,dataset_7_keyframe_4,0.6561604584527221
Fast-FoundationStereo,dataset_7_keyframe_4,0.6539509536784741
Fast-FoundationStereo,dataset_7_keyframe_4,0.6896551724137931
Fast-FoundationStereo,dataset_7_keyframe_4,0.7066326530612245
Fast-FoundationStereo,dataset_7_keyframe_4,0.7347931873479319
Fast-FoundationStereo,dataset_7_keyframe_4,0.771889400921659
Fast-FoundationStereo,dataset_7_keyframe_4,0.7594654788418709
Fast-FoundationStereo,dataset_7_keyframe_4,0.7882599580712788
Fast-FoundationStereo,dataset_7_keyframe_4,0.7704918032786885
Fast-FoundationStereo,dataset_7_keyframe_4,0.788235294117647
Fast-FoundationStereo,dataset_7_keyframe_4,0.8067729083665338
Fast-FoundationStereo,dataset_7_keyframe_4,0.8384030418250951
Fast-FoundationStereo,dataset_7_keyframe_4,0.8446069469835467
Fast-FoundationStereo,dataset_7_keyframe_4,0.8638941398865785
Fast-FoundationStereo,dataset_7_keyframe_4,0.8638059701492538
Fast-FoundationStereo,dataset_7_keyframe_4,0.9239130434782609
Fast-FoundationStereo,dataset_7_keyframe_4,0.9010791366906474
Fast-FoundationStereo,dataset_7_keyframe_4,0.8963730569948186
Fast-FoundationStereo,dataset_7_keyframe_4,0.8947368421052632
Fast-FoundationStereo,dataset_7_keyframe_4,0.9188741721854304
Fast-FoundationStereo,dataset_7_keyframe_4,0.9201388888888888
Fast-FoundationStereo,dataset_7_keyframe_4,0.9243156199677939
Fast-FoundationStereo,dataset_7_keyframe_4,0.9153605015673981
Fast-FoundationStereo,dataset_7_keyframe_4,0.8793363499245852
Fast-FoundationStereo,dataset_7_keyframe_4,0.8683127572016461
Fast-FoundationStereo,dataset_7_keyframe_4,0.9015691868758916
Fast-FoundationStereo,dataset_7_keyframe_4,0.9102209944751382
Fast-FoundationStereo,dataset_7_keyframe_4,0.8968253968253969
Fast-FoundationStereo,dataset_7_keyframe_4,0.905440414507772
Fast-FoundationStereo,dataset_7_keyframe_4,0.9377382465057179
Fast-FoundationStereo,dataset_7_keyframe_4,0.950632911392405
Fast-FoundationStereo,dataset_7_keyframe_4,0.9551886792452831
Fast-FoundationStereo,dataset_7_keyframe_4,0.9524940617577197
Fast-FoundationStereo,dataset_7_keyframe_4,0.9437570303712036
Fast-FoundationStereo,dataset_7_keyframe_4,0.9299014238773274
Fast-FoundationStereo,dataset_7_keyframe_4,0.919062832800852
Fast-FoundationStereo,dataset_7_keyframe_4,0.8933747412008282
Fast-FoundationStereo,dataset_7_keyframe_4,0.8952569169960475
Fast-FoundationStereo,dataset_7_keyframe_4,0.8926829268292683
Fast-FoundationStereo,dataset_7_keyframe_4,0.8377659574468085
Fast-FoundationStereo,dataset_7_keyframe_4,0.8173400673400674
Fast-FoundationStereo,dataset_7_keyframe_4,0.8063745019920319
Fast-FoundationStereo,dataset_7_keyframe_4,0.781706379707917
Fast-FoundationStereo,dataset_7_keyframe_4,0.7686781609195402
Fast-FoundationStereo,dataset_7_keyframe_4,0.7461964038727524
Fast-FoundationStereo,dataset_7_keyframe_4,0.7449180327868853
Fast-FoundationStereo,dataset_7_keyframe_4,0.7403076923076923
Fast-FoundationStereo,dataset_7_keyframe_4,0.7262044653349001
Fast-FoundationStereo,dataset_7_keyframe_4,0.7348401323042999
Fast-FoundationStereo,dataset_7_keyframe_4,0.720125786163522
Fast-FoundationStereo,dataset_7_keyframe_4,0.7211970074812968
Fast-FoundationStereo,dataset_7_keyframe_4,0.7242857142857143
Fast-FoundationStereo,dataset_7_keyframe_4,0.740139211136891
Fast-FoundationStereo,dataset_7_keyframe_4,0.7534368070953437
Fast-FoundationStereo,dataset_7_keyframe_4,0.7735445205479452
Fast-FoundationStereo,dataset_7_keyframe_4,0.7538829151732378
Fast-FoundationStereo,dataset_7_keyframe_4,0.7562264150943396
Fast-FoundationStereo,dataset_7_keyframe_4,0.7567469000729394
Fast-FoundationStereo,dataset_7_keyframe_4,0.7745726495726496
Fast-FoundationStereo,dataset_7_keyframe_4,0.7811959903214656
Fast-FoundationStereo,dataset_7_keyframe_4,0.7860291624279416
Fast-FoundationStereo,dataset_7_keyframe_4,0.782806903288831
Fast-FoundationStereo,dataset_7_keyframe_4,0.8282994090610637
Fast-FoundationStereo,dataset_7_keyframe_4,0.875328947368421
Fast-FoundationStereo,dataset_7_keyframe_4,0.9222074468085106
Fast-FoundationStereo,dataset_7_keyframe_4,0.942790230846437
Fast-FoundationStereo,dataset_7_keyframe_4,0.9698175787728026
Fast-FoundationStereo,dataset_7_keyframe_4,0.9850845210473981
Fast-FoundationStereo,dataset_7_keyframe_4,0.9802110817941952
Fast-FoundationStereo,dataset_7_keyframe_4,0.9830901856763926
Fast-FoundationStereo,dataset_7_keyframe_4,0.9852842809364548
Fast-FoundationStereo,dataset_7_keyframe_4,0.9845482028888143
Fast-FoundationStereo,dataset_7_keyframe_4,0.9853292391675196
Fast-FoundationStereo,dataset_7_keyframe_4,0.9855222337125129
Fast-FoundationStereo,dataset_7_keyframe_4,0.9802563214409421
Fast-FoundationStereo,dataset_7_keyframe_4,0.9864677307425399
Fast-FoundationStereo,dataset_7_keyframe_4,0.9843858431644691
Fast-FoundationStereo,dataset_7_keyframe_4,0.9815699658703072
Fast-FoundationStereo,dataset_7_keyframe_4,0.952013422818792
Fast-FoundationStereo,dataset_7_keyframe_4,0.9454013649658759
Fast-FoundationStereo,dataset_7_keyframe_4,0.9135446685878963
Fast-FoundationStereo,dataset_7_keyframe_4,0.9022082018927445
Fast-FoundationStereo,dataset_7_keyframe_4,0.8848167539267016
Fast-FoundationStereo,dataset_7_keyframe_4,0.8788063337393422
Fast-FoundationStereo,dataset_7_keyframe_4,0.8672434367541766
Fast-FoundationStereo,dataset_7_keyframe_4,0.8633051588458176
Fast-FoundationStereo,dataset_7_keyframe_4,0.8700662633246903
Fast-FoundationStereo,dataset_7_keyframe_4,0.8633696563285834
Fast-FoundationStereo,dataset_7_keyframe_4,0.8528698464025869
Fast-FoundationStereo,dataset_7_keyframe_4,0.8907073509015256
Fast-FoundationStereo,dataset_7_keyframe_4,0.8908538270240398
Fast-FoundationStereo,dataset_7_keyframe_4,0.9055161114145276
Fast-FoundationStereo,dataset_7_keyframe_4,0.9232235230057174
Fast-FoundationStereo,dataset_7_keyframe_4,0.9362918595153825
Fast-FoundationStereo,dataset_7_keyframe_4,0.9546436285097192
Fast-FoundationStereo,dataset_7_keyframe_4,0.9674406191619963
Fast-FoundationStereo,dataset_7_keyframe_4,0.9562913907284768
Fast-FoundationStereo,dataset_7_keyframe_4,0.9606173496540713
Fast-FoundationStereo,dataset_7_keyframe_4,0.960390810668075
Fast-FoundationStereo,dataset_7_keyframe_4,0.9632881085395052
Fast-FoundationStereo,dataset_7_keyframe_4,0.9643427354976051
Fast-FoundationStereo,dataset_7_keyframe_4,0.9565332626557116
Fast-FoundationStereo,dataset_7_keyframe_4,0.9577167019027484
Fast-FoundationStereo,dataset_7_keyframe_4,0.9561701017479781
Fast-FoundationStereo,dataset_7_keyframe_4,0.9381679389312977
Fast-FoundationStereo,dataset_7_keyframe_4,0.9526248399487837
Fast-FoundationStereo,dataset_7_keyframe_4,0.9438943894389439
Fast-FoundationStereo,dataset_7_keyframe_4,0.9556014455343315
Fast-FoundationStereo,dataset_7_keyframe_4,0.9863695937090432
Fast-FoundationStereo,dataset_7_keyframe_4,0.9981646565285789
Fast-FoundationStereo,dataset_7_keyframe_4,1.0
Fast-FoundationStereo,dataset_7_keyframe_4,0.9973333333333333
Fast-FoundationStereo,dataset_7_keyframe_4,1.0
Fast-FoundationStereo,dataset_7_keyframe_4,1.0
Fast-FoundationStereo,dataset_7_keyframe_4,1.0
Fast-FoundationStereo,dataset_7_keyframe_4,0.9960102593331434
Fast-FoundationStereo,dataset_7_keyframe_4,0.9956697459584296
Fast-FoundationStereo,dataset_7_keyframe_4,0.9947089947089947
Fast-FoundationStereo,dataset_7_keyframe_4,1.0
Fast-FoundationStereo,dataset_7_keyframe_4,0.9987688519544475
Fast-FoundationStereo,dataset_7_keyframe_4,0.9968213604577241
Fast-FoundationStereo,dataset_7_keyframe_4,0.9934683213585892
Fast-FoundationStereo,dataset_7_keyframe_4,0.9949238578680203
Fast-FoundationStereo,dataset_7_keyframe_4,0.9957879957879958
Fast-FoundationStereo,dataset_7_keyframe_4,0.9931506849315068
Fast-FoundationStereo,dataset_7_keyframe_4,0.9922077922077922
Fast-FoundationStereo,dataset_7_keyframe_4,0.9907514450867052
Fast-FoundationStereo,dataset_7_keyframe_4,0.9907778668805133
Fast-FoundationStereo,dataset_7_keyframe_4,0.9861224489795918
Fast-FoundationStereo,dataset_7_keyframe_4,0.9814356435643564
Fast-FoundationStereo,dataset_7_keyframe_4,0.982433590402742
Fast-FoundationStereo,dataset_7_keyframe_4,0.9863496257155439
Fast-FoundationStereo,dataset_7_keyframe_4,0.9882086167800453
Fast-FoundationStereo,dataset_7_keyframe_4,0.993361782835467
Fast-FoundationStereo,dataset_7_keyframe_4,0.9906172839506173
Fast-FoundationStereo,dataset_7_keyframe_4,0.9825783972125436
Fast-FoundationStereo,dataset_7_keyframe_4,0.9876859928168291
Fast-FoundationStereo,dataset_7_keyframe_4,0.9889937106918238
Fast-FoundationStereo,dataset_7_keyframe_4,0.9874015748031496
Fast-FoundationStereo,dataset_7_keyframe_4,0.9825708061002179
Fast-FoundationStereo,dataset_7_keyframe_4,0.979131415679639
Fast-FoundationStereo,dataset_7_keyframe_4,0.9749857873791927
Fast-FoundationStereo,dataset_7_keyframe_4,0.9684329199549042
Fast-FoundationStereo,dataset_7_keyframe_4,0.9736389684813753
Fast-FoundationStereo,dataset_7_keyframe_4,0.9621468926553672
Fast-FoundationStereo,dataset_7_keyframe_4,0.9718714121699197
Fast-FoundationStereo,dataset_7_keyframe_4,0.9516310461192351
Fast-FoundationStereo,dataset_7_keyframe_4,0.9518477043673013
Fast-FoundationStereo,dataset_7_keyframe_4,0.9602209944751381
Fast-FoundationStereo,dataset_7_keyframe_4,0.9305634604439386
Fast-FoundationStereo,dataset_7_keyframe_4,0.8981937602627258
Fast-FoundationStereo,dataset_7_keyframe_4,0.9301929625425652
Fast-FoundationStereo,dataset_7_keyframe_4,0.9114470842332614
Fast-FoundationStereo,dataset_7_keyframe_4,0.9225464190981433
Fast-FoundationStereo,dataset_7_keyframe_4,0.9233193277310925
Fast-FoundationStereo,dataset_7_keyframe_4,0.9346035015447992
Fast-FoundationStereo,dataset_7_keyframe_4,0.9367934224049332
Fast-FoundationStereo,dataset_7_keyframe_4,0.9219858156028369
Fast-FoundationStereo,dataset_7_keyframe_4,0.9270408163265306
Fast-FoundationStereo,dataset_7_keyframe_4,0.9129770992366413
Fast-FoundationStereo,dataset_7_keyframe_4,0.8883471477328133
Fast-FoundationStereo,dataset_7_keyframe_4,0.8756677999028655
Fast-FoundationStereo,dataset_7_keyframe_4,0.8647114474929044
Fast-FoundationStereo,dataset_7_keyframe_4,0.8580735225686366
Fast-FoundationStereo,dataset_7_keyframe_4,0.8473040326234708
Fast-FoundationStereo,dataset_7_keyframe_4,0.822943722943723
Fast-FoundationStereo,dataset_7_keyframe_4,0.8218197135636057
Fast-FoundationStereo,dataset_7_keyframe_4,0.8256880733944955
Fast-FoundationStereo,dataset_7_keyframe_4,0.8158215010141988
Fast-FoundationStereo,dataset_7_keyframe_4,0.8202783300198807
Fast-FoundationStereo,dataset_7_keyframe_4,0.8093774019984628
Fast-FoundationStereo,dataset_7_keyframe_4,0.811441475348137
Fast-FoundationStereo,dataset_7_keyframe_4,0.8047636232407073
Fast-FoundationStereo,dataset_7_keyframe_4,0.7848275862068965
Fast-FoundationStereo,dataset_7_keyframe_4,0.7669367909238249
Fast-FoundationStereo,dataset_7_keyframe_4,0.7552050473186119
Fast-FoundationStereo,dataset_7_keyframe_4,0.7487908101571947
Fast-FoundationStereo,dataset_7_keyframe_4,0.7513211978860834
Fast-FoundationStereo,dataset_7_keyframe_4,0.7656025309174576
Fast-FoundationStereo,dataset_7_keyframe_4,0.7684036393713813
Fast-FoundationStereo,dataset_7_keyframe_4,0.7834549878345499
Fast-FoundationStereo,dataset_7_keyframe_4,0.8083752981712166
Fast-FoundationStereo,dataset_7_keyframe_4,0.8195197521301317
Fast-FoundationStereo,dataset_7_keyframe_4,0.8313953488372093
Fast-FoundationStereo,dataset_7_keyframe_4,0.8376025864212883
Fast-FoundationStereo,dataset_7_keyframe_4,0.8393162393162393
Fast-FoundationStereo,dataset_7_keyframe_4,0.830028328611898
Fast-FoundationStereo,dataset_7_keyframe_4,0.8309078309078309
Fast-FoundationStereo,dataset_7_keyframe_4,0.8369614512471655
Fast-FoundationStereo,dataset_7_keyframe_4,0.8578231292517007
Fast-FoundationStereo,dataset_7_keyframe_4,0.8870967741935484
Fast-FoundationStereo,dataset_7_keyframe_4,0.9086179597376159
Fast-FoundationStereo,dataset_7_keyframe_4,0.9291553133514986
Fast-FoundationStereo,dataset_7_keyframe_4,0.9613034623217923
Fast-FoundationStereo,dataset_7_keyframe_4,0.9827703468601224
Fast-FoundationStereo,dataset_7_keyframe_4,1.0
Fast-FoundationStereo,dataset_7_keyframe_4,1.0
Fast-FoundationStereo,dataset_7_keyframe_4,0.9977231329690346
Fast-FoundationStereo,dataset_7_keyframe_4,0.9920706841866788
Fast-FoundationStereo,dataset_7_keyframe_4,0.9902538531278332
Fast-FoundationStereo,dataset_7_keyframe_4,0.9792839450574194
Fast-FoundationStereo,dataset_7_keyframe_4,0.9769265232974911
Fast-FoundationStereo,dataset_7_keyframe_4,0.9809758281110116
Fast-FoundationStereo,dataset_7_keyframe_4,0.9830319267693681
Fast-FoundationStereo,dataset_7_keyframe_4,0.98898628905372
Fast-FoundationStereo,dataset_7_keyframe_4,0.9928122192273136
Fast-FoundationStereo,dataset_7_keyframe_4,0.9939366719065799
Fast-FoundationStereo,dataset_7_keyframe_4,0.9975347377857463
Fast-FoundationStereo,dataset_7_keyframe_4,1.0
Fast-FoundationStereo,dataset_7_keyframe_4,1.0
Fast-FoundationStereo,dataset_7_keyframe_4,0.9984315482859063
Fast-FoundationStereo,dataset_7_keyframe_4,0.9977553310886644
Fast-FoundationStereo,dataset_7_keyframe_4,0.9894736842105263
Fast-FoundationStereo,dataset_7_keyframe_4,0.9837669557482767
Fast-FoundationStereo,dataset_7_keyframe_4,0.9820438927067169
Fast-FoundationStereo,dataset_7_keyframe_4,0.980522355024347
Fast-FoundationStereo,dataset_7_keyframe_4,0.980578238799382
Fast-FoundationStereo,dataset_7_keyframe_4,0.9780364594772677
Fast-FoundationStereo,dataset_7_keyframe_4,0.973753280839895
Fast-FoundationStereo,dataset_7_keyframe_4,0.964927473479108
Fast-FoundationStereo,dataset_7_keyframe_4,0.9708251687350316
Fast-FoundationStereo,dataset_7_keyframe_4,0.977026441265713
Fast-FoundationStereo,dataset_7_keyframe_4,0.9840087623220153
Fast-FoundationStereo,dataset_7_keyframe_4,0.981750219876869
Fast-FoundationStereo,dataset_7_keyframe_4,0.9799205648720212
Fast-FoundationStereo,dataset_7_keyframe_4,0.9753497668221186
Fast-FoundationStereo,dataset_7_keyframe_4,0.9749556737588653
Fast-FoundationStereo,dataset_7_keyframe_4,0.9706209659470287
Fast-FoundationStereo,dataset_7_keyframe_4,0.9723522853957637
Fast-FoundationStereo,dataset_7_keyframe_4,0.968763748350198
Fast-FoundationStereo,dataset_7_keyframe_4,0.9622518001309186
Fast-FoundationStereo,dataset_7_keyframe_4,0.9652154889520893
Fast-FoundationStereo,dataset_7_keyframe_4,0.9709226060341059
Fast-FoundationStereo,dataset_7_keyframe_4,0.9725130890052356
Fast-FoundationStereo,dataset_7_keyframe_4,0.9804395604395605
Fast-FoundationStereo,dataset_7_keyframe_4,0.9867928681488004
Fast-FoundationStereo,dataset_7_keyframe_4,0.9801805769654262
Fast-FoundationStereo,dataset_7_keyframe_4,0.9717245845024822
Fast-FoundationStereo,dataset_7_keyframe_4,0.9696643717728055
Fast-FoundationStereo,dataset_7_keyframe_4,0.9575058723040786
Fast-FoundationStereo,dataset_7_keyframe_4,0.9473122866894198
Fast-FoundationStereo,dataset_7_keyframe_4,0.9287515762925599
Fast-FoundationStereo,dataset_7_keyframe_4,0.9197672001662855
Fast-FoundationStereo,dataset_7_keyframe_4,0.912737799834574
Fast-FoundationStereo,dataset_7_keyframe_4,0.9017749092375958
Fast-FoundationStereo,dataset_7_keyframe_4,0.8879841112214498
Fast-FoundationStereo,dataset_7_keyframe_4,0.8849627012171182
Fast-FoundationStereo,dataset_7_keyframe_4,0.8756496631376324
Fast-FoundationStereo,dataset_7_keyframe_4,0.8745980707395499
Fast-FoundationStereo,dataset_7_keyframe_4,0.8714657738095238
Fast-FoundationStereo,dataset_7_keyframe_4,0.8426287744227353
Fast-FoundationStereo,dataset_7_keyframe_4,0.8306493506493506
Fast-FoundationStereo,dataset_7_keyframe_4,0.8346068942095433
Fast-FoundationStereo,dataset_7_keyframe_4,0.8389844663437448
Fast-FoundationStereo,dataset_7_keyframe_4,0.848841059602649
Fast-FoundationStereo,dataset_7_keyframe_4,0.889757091897401
Fast-FoundationStereo,dataset_7_keyframe_4,0.9125785095909014
Fast-FoundationStereo,dataset_7_keyframe_4,0.9393329981565276
Fast-FoundationStereo,dataset_7_keyframe_4,0.9686234817813765
Fast-FoundationStereo,dataset_7_keyframe_4,0.9993193806363792
Fast-FoundationStereo,dataset_7_keyframe_4,1.0
Fast-FoundationStereo,dataset_7_keyframe_4,1.0
Fast-FoundationStereo,dataset_7_keyframe_4,0.9994778976679429
Fast-FoundationStereo,dataset_7_keyframe_4,0.9971781305114639
Fast-FoundationStereo,dataset_7_keyframe_4,0.9966083541592289
Fast-FoundationStereo,dataset_7_keyframe_4,0.9965722532924409
Fast-FoundationStereo,dataset_7_keyframe_4,0.9941541834124954
Fast-FoundationStereo,dataset_7_keyframe_4,0.9924228423581593
Fast-FoundationStereo,dataset_7_keyframe_4,0.9894973743435859
Fast-FoundationStereo,dataset_7_keyframe_4,0.9873417721518988
Fast-FoundationStereo,dataset_7_keyframe_4,0.9858724704085529
Fast-FoundationStereo,dataset_7_keyframe_4,0.983555813503579
Fast-FoundationStereo,dataset_7_keyframe_4,0.9804035700426853
Fast-FoundationStereo,dataset_7_keyframe_4,0.9792238337906704
Fast-FoundationStereo,dataset_7_keyframe_4,0.9825406381697772
Fast-FoundationStereo,dataset_7_keyframe_4,0.9814701690083486
Fast-FoundationStereo,dataset_7_keyframe_4,0.9829875518672199
Fast-FoundationStereo,dataset_7_keyframe_4,0.9859872611464968
Fast-FoundationStereo,dataset_7_keyframe_4,0.9887616165982278
Fast-FoundationStereo,dataset_7_keyframe_4,0.9896748681898067
Fast-FoundationStereo,dataset_7_keyframe_4,0.996859578286227
Fast-FoundationStereo,dataset_7_keyframe_4,0.9974782209995415
Fast-FoundationStereo,dataset_7_keyframe_4,0.9971784622619327
Fast-FoundationStereo,dataset_7_keyframe_4,0.9992723744845986
Fast-FoundationStereo,dataset_7_keyframe_4,1.0
Fast-FoundationStereo,dataset_7_keyframe_4,0.9964421855146125
Fast-FoundationStereo,dataset_7_keyframe_4,0.9964313025745603
Fast-FoundationStereo,dataset_7_keyframe_4,0.9780724120346762
Fast-FoundationStereo,dataset_7_keyframe_4,0.9778894472361809
Fast-FoundationStereo,dataset_7_keyframe_4,0.967128027681661
Fast-FoundationStereo,dataset_7_keyframe_4,0.9683638161146811
Fast-FoundationStereo,dataset_7_keyframe_4,0.9622319688109162
Fast-FoundationStereo,dataset_7_keyframe_4,0.9554802806677958
Fast-FoundationStereo,dataset_7_keyframe_4,0.9325681492109039
Fast-FoundationStereo,dataset_7_keyframe_4,0.9372345445965078
Fast-FoundationStereo,dataset_7_keyframe_4,0.944681861348528
Fast-FoundationStereo,dataset_7_keyframe_4,0.949585798816568
Fast-FoundationStereo,dataset_7_keyframe_4,0.9465379180405087
Fast-FoundationStereo,dataset_7_keyframe_4,0.9550326188257223
Fast-FoundationStereo,dataset_7_keyframe_4,0.9715606936416185
Fast-FoundationStereo,dataset_7_keyframe_4,0.9710876548875631
Fast-FoundationStereo,dataset_7_keyframe_4,0.9688211197086937
Fast-FoundationStereo,dataset_7_keyframe_4,0.9637060414788098
Fast-FoundationStereo,dataset_7_keyframe_4,0.9641094661283086
Fast-FoundationStereo,dataset_7_keyframe_4,0.9377085650723026
Fast-FoundationStereo,dataset_7_keyframe_4,0.9192951925168589
Fast-FoundationStereo,dataset_7_keyframe_4,0.9145521578833224
Fast-FoundationStereo,dataset_7_keyframe_4,0.9061901723037652
Fast-FoundationStereo,dataset_7_keyframe_4,0.8901673640167364
Fast-FoundationStereo,dataset_7_keyframe_4,0.87248322147651
Fast-FoundationStereo,dataset_7_keyframe_4,0.8810446847582126
Fast-FoundationStereo,dataset_7_keyframe_4,0.8839991888055161
Fast-FoundationStereo,dataset_7_keyframe_4,0.9131051245695767
Fast-FoundationStereo,dataset_7_keyframe_4,0.915346038114343
Fast-FoundationStereo,dataset_7_keyframe_4,0.9395032051282052
Fast-FoundationStereo,dataset_7_keyframe_4,0.951068504094268
Fast-FoundationStereo,dataset_7_keyframe_4,0.9738157105736558
Fast-FoundationStereo,dataset_7_keyframe_4,0.9725972994440032
Fast-FoundationStereo,dataset_7_keyframe_4,0.9679386309992132
Fast-FoundationStereo,dataset_7_keyframe_4,0.9583251036934624
Fast-FoundationStereo,dataset_7_keyframe_4,0.9553379040156709
Fast-FoundationStereo,dataset_7_keyframe_4,0.9459249173312585
Fast-FoundationStereo,dataset_7_keyframe_4,0.9513386750048857
Fast-FoundationStereo,dataset_7_keyframe_4,0.948339483394834
Fast-FoundationStereo,dataset_7_keyframe_4,0.9403268719118206
Fast-FoundationStereo,dataset_7_keyframe_4,0.9429824561403509
Fast-FoundationStereo,dataset_7_keyframe_4,0.9375355990127208
Fast-FoundationStereo,dataset_7_keyframe_4,0.9345864661654135
Fast-FoundationStereo,dataset_7_keyframe_4,0.9288625416821045
Fast-FoundationStereo,dataset_7_keyframe_4,0.9260757631482163
Fast-FoundationStereo,dataset_7_keyframe_4,0.9243835616438356
Fast-FoundationStereo,dataset_7_keyframe_4,0.931511839708561
Fast-FoundationStereo,dataset_7_keyframe_4,0.8713123092573754
Fast-FoundationStereo,dataset_7_keyframe_4,0.866499582289056
Fast-FoundationStereo,dataset_7_keyframe_4,0.854278728606357
Fast-FoundationStereo,dataset_7_keyframe_4,0.8578989574979952
Fast-FoundationStereo,dataset_7_keyframe_4,0.8666023786563806
