frame_id,sequence_id,left_path,right_path,domain,specimen,session,temporal_order,rectified
specimen_1__2025_03_06-16_49_40__1741276188_715718030,specimen_1__2025_03_06-16_49_40,/dtu/p1/leopam/ARGOS/dataset/D4D/raw/extracted/specimen_1/specimen_1/2025_03_06-16_49_40/left_images/1741276188_715718030.png,/dtu/p1/leopam/ARGOS/dataset/D4D/raw/extracted/specimen_1/specimen_1/2025_03_06-16_49_40/right_images/1741276188_715718030.png,D4D,specimen_1,2025_03_06-16_49_40,0,True
specimen_1__2025_03_06-16_49_40__1741276188_659785985,specimen_1__2025_03_06-16_49_40,/dtu/p1/leopam/ARGOS/dataset/D4D/raw/extracted/specimen_1/specimen_1/2025_03_06-16_49_40/left_images/1741276188_659785985.png,/dtu/p1/leopam/ARGOS/dataset/D4D/raw/extracted/specimen_1/specimen_1/2025_03_06-16_49_40/right_images/1741276188_659785985.png,D4D,specimen_1,2025_03_06-16_49_40,1,True
specimen_1__2025_03_06-16_49_40__1741276188_604635000,specimen_1__2025_03_06-16_49_40,/dtu/p1/leopam/ARGOS/dataset/D4D/raw/extracted/specimen_1/specimen_1/2025_03_06-16_49_40/left_images/1741276188_604635000.png,/dtu/p1/leopam/ARGOS/dataset/D4D/raw/extracted/specimen_1/specimen_1/2025_03_06-16_49_40/right_images/1741276188_604635000.png,D4D,specimen_1,2025_03_06-16_49_40,2,True
specimen_1__2025_03_06-16_49_40__1741276188_538004398,specimen_1__2025_03_06-16_49_40,/dtu/p1/leopam/ARGOS/dataset/D4D/raw/extracted/specimen_1/specimen_1/2025_03_06-16_49_40/left_images/1741276188_538004398.png,/dtu/p1/leopam/ARGOS/dataset/D4D/raw/extracted/specimen_1/specimen_1/2025_03_06-16_49_40/right_images/1741276188_538004398.png,D4D,specimen_1,2025_03_06-16_49_40,3,True
specimen_1__2025_03_06-16_53_09__1741276413_300344467,specimen_1__2025_03_06-16_53_09,/dtu/p1/leopam/ARGOS/dataset/D4D/raw/extracted/specimen_1/specimen_1/2025_03_06-16_53_09/left_images/1741276413_300344467.png,/dtu/p1/leopam/ARGOS/dataset/D4D/raw/extracted/specimen_1/specimen_1/2025_03_06-16_53_09/right_images/1741276413_300344467.png,D4D,specimen_1,2025_03_06-16_53_09,0,True
specimen_1__2025_03_06-16_53_09__1741276413_207058191,specimen_1__2025_03_06-16_53_09,/dtu/p1/leopam/ARGOS/dataset/D4D/raw/extracted/specimen_1/specimen_1/2025_03_06-16_53_09/left_images/1741276413_207058191.png,/dtu/p1/leopam/ARGOS/dataset/D4D/raw/extracted/specimen_1/specimen_1/2025_03_06-16_53_09/right_images/1741276413_207058191.png,D4D,specimen_1,2025_03_06-16_53_09,1,True
specimen_1__2025_03_06-16_53_09__1741276413_151121854,specimen_1__2025_03_06-16_53_09,/dtu/p1/leopam/ARGOS/dataset/D4D/raw/extracted/specimen_1/specimen_1/2025_03_06-16_53_09/left_images/1741276413_151121854.png,/dtu/p1/leopam/ARGOS/dataset/D4D/raw/extracted/specimen_1/specimen_1/2025_03_06-16_53_09/right_images/1741276413_151121854.png,D4D,specimen_1,2025_03_06-16_53_09,2,True
specimen_1__2025_03_06-16_53_09__1741276413_084388256,specimen_1__2025_03_06-16_53_09,/dtu/p1/leopam/ARGOS/dataset/D4D/raw/extracted/specimen_1/specimen_1/2025_03_06-16_53_09/left_images/1741276413_084388256.png,/dtu/p1/leopam/ARGOS/dataset/D4D/raw/extracted/specimen_1/specimen_1/2025_03_06-16_53_09/right_images/1741276413_084388256.png,D4D,specimen_1,2025_03_06-16_53_09,3,True
specimen_1__2025_03_06-16_53_09__1741276395_521808385,specimen_1__2025_03_06-16_53_09,/dtu/p1/leopam/ARGOS/dataset/D4D/raw/extracted/specimen_1/specimen_1/2025_03_06-16_53_09/left_images/1741276395_521808385.png,/dtu/p1/leopam/ARGOS/dataset/D4D/raw/extracted/specimen_1/specimen_1/2025_03_06-16_53_09/right_images/1741276395_521808385.png,D4D,specimen_1,2025_03_06-16_53_09,0,True
specimen_1__2025_03_06-16_53_09__1741276394_676848173,specimen_1__2025_03_06-16_53_09,/dtu/p1/leopam/ARGOS/dataset/D4D/raw/extracted/specimen_1/specimen_1/2025_03_06-16_53_09/left_images/1741276394_676848173.png,/dtu/p1/leopam/ARGOS/dataset/D4D/raw/extracted/specimen_1/specimen_1/2025_03_06-16_53_09/right_images/1741276394_676848173.png,D4D,specimen_1,2025_03_06-16_53_09,1,True
specimen_1__2025_03_06-16_53_09__1741276394_609798431,specimen_1__2025_03_06-16_53_09,/dtu/p1/leopam/ARGOS/dataset/D4D/raw/extracted/specimen_1/specimen_1/2025_03_06-16_53_09/left_images/1741276394_609798431.png,/dtu/p1/leopam/ARGOS/dataset/D4D/raw/extracted/specimen_1/specimen_1/2025_03_06-16_53_09/right_images/1741276394_609798431.png,D4D,specimen_1,2025_03_06-16_53_09,2,True
specimen_1__2025_03_06-16_53_09__1741276394_554502010,specimen_1__2025_03_06-16_53_09,/dtu/p1/leopam/ARGOS/dataset/D4D/raw/extracted/specimen_1/specimen_1/2025_03_06-16_53_09/left_images/1741276394_554502010.png,/dtu/p1/leopam/ARGOS/dataset/D4D/raw/extracted/specimen_1/specimen_1/2025_03_06-16_53_09/right_images/1741276394_554502010.png,D4D,specimen_1,2025_03_06-16_53_09,3,True
specimen_1__2025_03_06-16_54_09__1741276472_500830173,specimen_1__2025_03_06-16_54_09,/dtu/p1/leopam/ARGOS/dataset/D4D/raw/extracted/specimen_1/specimen_1/2025_03_06-16_54_09/left_images/1741276472_500830173.png,/dtu/p1/leopam/ARGOS/dataset/D4D/raw/extracted/specimen_1/specimen_1/2025_03_06-16_54_09/right_images/1741276472_500830173.png,D4D,specimen_1,2025_03_06-16_54_09,0,True
specimen_1__2025_03_06-16_54_09__1741276472_445359230,specimen_1__2025_03_06-16_54_09,/dtu/p1/leopam/ARGOS/dataset/D4D/raw/extracted/specimen_1/specimen_1/2025_03_06-16_54_09/left_images/1741276472_445359230.png,/dtu/p1/leopam/ARGOS/dataset/D4D/raw/extracted/specimen_1/specimen_1/2025_03_06-16_54_09/right_images/1741276472_445359230.png,D4D,specimen_1,2025_03_06-16_54_09,1,True
specimen_1__2025_03_06-16_54_09__1741276472_379137277,specimen_1__2025_03_06-16_54_09,/dtu/p1/leopam/ARGOS/dataset/D4D/raw/extracted/specimen_1/specimen_1/2025_03_06-16_54_09/left_images/1741276472_379137277.png,/dtu/p1/leopam/ARGOS/dataset/D4D/raw/extracted/specimen_1/specimen_1/2025_03_06-16_54_09/right_images/1741276472_379137277.png,D4D,specimen_1,2025_03_06-16_54_09,2,True
specimen_1__2025_03_06-16_54_09__1741276472_324202060,specimen_1__2025_03_06-16_54_09,/dtu/p1/leopam/ARGOS/dataset/D4D/raw/extracted/specimen_1/specimen_1/2025_03_06-16_54_09/left_images/1741276472_324202060.png,/dtu/p1/leopam/ARGOS/dataset/D4D/raw/extracted/specimen_1/specimen_1/2025_03_06-16_54_09/right_images/1741276472_324202060.png,D4D,specimen_1,2025_03_06-16_54_09,3,True
specimen_1__2025_03_06-16_54_09__1741276454_605849504,specimen_1__2025_03_06-16_54_09,/dtu/p1/leopam/ARGOS/dataset/D4D/raw/extracted/specimen_1/specimen_1/2025_03_06-16_54_09/left_images/1741276454_605849504.png,/dtu/p1/leopam/ARGOS/dataset/D4D/raw/extracted/specimen_1/specimen_1/2025_03_06-16_54_09/right_images/1741276454_605849504.png,D4D,specimen_1,2025_03_06-16_54_09,0,True
specimen_1__2025_03_06-16_54_09__1741276454_551080703,specimen_1__2025_03_06-16_54_09,/dtu/p1/leopam/ARGOS/dataset/D4D/raw/extracted/specimen_1/specimen_1/2025_03_06-16_54_09/left_images/1741276454_551080703.png,/dtu/p1/leopam/ARGOS/dataset/D4D/raw/extracted/specimen_1/specimen_1/2025_03_06-16_54_09/right_images/1741276454_551080703.png,D4D,specimen_1,2025_03_06-16_54_09,1,True
specimen_1__2025_03_06-16_54_09__1741276454_495135545,specimen_1__2025_03_06-16_54_09,/dtu/p1/leopam/ARGOS/dataset/D4D/raw/extracted/specimen_1/specimen_1/2025_03_06-16_54_09/left_images/1741276454_495135545.png,/dtu/p1/leopam/ARGOS/dataset/D4D/raw/extracted/specimen_1/specimen_1/2025_03_06-16_54_09/right_images/1741276454_495135545.png,D4D,specimen_1,2025_03_06-16_54_09,2,True
specimen_1__2025_03_06-16_54_09__1741276454_428166389,specimen_1__2025_03_06-16_54_09,/dtu/p1/leopam/ARGOS/dataset/D4D/raw/extracted/specimen_1/specimen_1/2025_03_06-16_54_09/left_images/1741276454_428166389.png,/dtu/p1/leopam/ARGOS/dataset/D4D/raw/extracted/specimen_1/specimen_1/2025_03_06-16_54_09/right_images/1741276454_428166389.png,D4D,specimen_1,2025_03_06-16_54_09,3,True
specimen_1__2025_03_06-16_56_00__1741276586_132390499,specimen_1__2025_03_06-16_56_00,/dtu/p1/leopam/ARGOS/dataset/D4D/raw/extracted/specimen_1/specimen_1/2025_03_06-16_56_00/left_images/1741276586_132390499.png,/dtu/p1/leopam/ARGOS/dataset/D4D/raw/extracted/specimen_1/specimen_1/2025_03_06-16_56_00/right_images/1741276586_132390499.png,D4D,specimen_1,2025_03_06-16_56_00,0,True
specimen_1__2025_03_06-16_56_00__1741276586_077343702,specimen_1__2025_03_06-16_56_00,/dtu/p1/leopam/ARGOS/dataset/D4D/raw/extracted/specimen_1/specimen_1/2025_03_06-16_56_00/left_images/1741276586_077343702.png,/dtu/p1/leopam/ARGOS/dataset/D4D/raw/extracted/specimen_1/specimen_1/2025_03_06-16_56_00/right_images/1741276586_077343702.png,D4D,specimen_1,2025_03_06-16_56_00,1,True
specimen_1__2025_03_06-16_56_00__1741276586_022773742,specimen_1__2025_03_06-16_56_00,/dtu/p1/leopam/ARGOS/dataset/D4D/raw/extracted/specimen_1/specimen_1/2025_03_06-16_56_00/left_images/1741276586_022773742.png,/dtu/p1/leopam/ARGOS/dataset/D4D/raw/extracted/specimen_1/specimen_1/2025_03_06-16_56_00/right_images/1741276586_022773742.png,D4D,specimen_1,2025_03_06-16_56_00,2,True
specimen_1__2025_03_06-16_56_00__1741276585_954979181,specimen_1__2025_03_06-16_56_00,/dtu/p1/leopam/ARGOS/dataset/D4D/raw/extracted/specimen_1/specimen_1/2025_03_06-16_56_00/left_images/1741276585_954979181.png,/dtu/p1/leopam/ARGOS/dataset/D4D/raw/extracted/specimen_1/specimen_1/2025_03_06-16_56_00/right_images/1741276585_954979181.png,D4D,specimen_1,2025_03_06-16_56_00,3,True
specimen_1__2025_03_06-16_56_00__1741276567_498016595,specimen_1__2025_03_06-16_56_00,/dtu/p1/leopam/ARGOS/dataset/D4D/raw/extracted/specimen_1/specimen_1/2025_03_06-16_56_00/left_images/1741276567_498016595.png,/dtu/p1/leopam/ARGOS/dataset/D4D/raw/extracted/specimen_1/specimen_1/2025_03_06-16_56_00/right_images/1741276567_498016595.png,D4D,specimen_1,2025_03_06-16_56_00,0,True
specimen_1__2025_03_06-16_56_00__1741276567_432012557,specimen_1__2025_03_06-16_56_00,/dtu/p1/leopam/ARGOS/dataset/D4D/raw/extracted/specimen_1/specimen_1/2025_03_06-16_56_00/left_images/1741276567_432012557.png,/dtu/p1/leopam/ARGOS/dataset/D4D/raw/extracted/specimen_1/specimen_1/2025_03_06-16_56_00/right_images/1741276567_432012557.png,D4D,specimen_1,2025_03_06-16_56_00,1,True
specimen_1__2025_03_06-16_56_00__1741276567_377003669,specimen_1__2025_03_06-16_56_00,/dtu/p1/leopam/ARGOS/dataset/D4D/raw/extracted/specimen_1/specimen_1/2025_03_06-16_56_00/left_images/1741276567_377003669.png,/dtu/p1/leopam/ARGOS/dataset/D4D/raw/extracted/specimen_1/specimen_1/2025_03_06-16_56_00/right_images/1741276567_377003669.png,D4D,specimen_1,2025_03_06-16_56_00,2,True
specimen_1__2025_03_06-16_56_00__1741276567_322246313,specimen_1__2025_03_06-16_56_00,/dtu/p1/leopam/ARGOS/dataset/D4D/raw/extracted/specimen_1/specimen_1/2025_03_06-16_56_00/left_images/1741276567_322246313.png,/dtu/p1/leopam/ARGOS/dataset/D4D/raw/extracted/specimen_1/specimen_1/2025_03_06-16_56_00/right_images/1741276567_322246313.png,D4D,specimen_1,2025_03_06-16_56_00,3,True
specimen_1__2025_03_06-16_56_00__1741276596_839815616,specimen_1__2025_03_06-16_56_00,/dtu/p1/leopam/ARGOS/dataset/D4D/raw/extracted/specimen_1/specimen_1/2025_03_06-16_56_00/left_images/1741276596_839815616.png,/dtu/p1/leopam/ARGOS/dataset/D4D/raw/extracted/specimen_1/specimen_1/2025_03_06-16_56_00/right_images/1741276596_839815616.png,D4D,specimen_1,2025_03_06-16_56_00,0,True
specimen_1__2025_03_06-16_56_00__1741276596_772818565,specimen_1__2025_03_06-16_56_00,/dtu/p1/leopam/ARGOS/dataset/D4D/raw/extracted/specimen_1/specimen_1/2025_03_06-16_56_00/left_images/1741276596_772818565.png,/dtu/p1/leopam/ARGOS/dataset/D4D/raw/extracted/specimen_1/specimen_1/2025_03_06-16_56_00/right_images/1741276596_772818565.png,D4D,specimen_1,2025_03_06-16_56_00,1,True
specimen_1__2025_03_06-16_56_00__1741276596_718120336,specimen_1__2025_03_06-16_56_00,/dtu/p1/leopam/ARGOS/dataset/D4D/raw/extracted/specimen_1/specimen_1/2025_03_06-16_56_00/left_images/1741276596_718120336.png,/dtu/p1/leopam/ARGOS/dataset/D4D/raw/extracted/specimen_1/specimen_1/2025_03_06-16_56_00/right_images/1741276596_718120336.png,D4D,specimen_1,2025_03_06-16_56_00,2,True
specimen_1__2025_03_06-16_56_00__1741276596_663981437,specimen_1__2025_03_06-16_56_00,/dtu/p1/leopam/ARGOS/dataset/D4D/raw/extracted/specimen_1/specimen_1/2025_03_06-16_56_00/left_images/1741276596_663981437.png,/dtu/p1/leopam/ARGOS/dataset/D4D/raw/extracted/specimen_1/specimen_1/2025_03_06-16_56_00/right_images/1741276596_663981437.png,D4D,specimen_1,2025_03_06-16_56_00,3,True
specimen_1__2025_03_06-16_56_00__1741276607_378000020,specimen_1__2025_03_06-16_56_00,/dtu/p1/leopam/ARGOS/dataset/D4D/raw/extracted/specimen_1/specimen_1/2025_03_06-16_56_00/left_images/1741276607_378000020.png,/dtu/p1/leopam/ARGOS/dataset/D4D/raw/extracted/specimen_1/specimen_1/2025_03_06-16_56_00/right_images/1741276607_378000020.png,D4D,specimen_1,2025_03_06-16_56_00,0,True
specimen_1__2025_03_06-16_56_00__1741276607_323939323,specimen_1__2025_03_06-16_56_00,/dtu/p1/leopam/ARGOS/dataset/D4D/raw/extracted/specimen_1/specimen_1/2025_03_06-16_56_00/left_images/1741276607_323939323.png,/dtu/p1/leopam/ARGOS/dataset/D4D/raw/extracted/specimen_1/specimen_1/2025_03_06-16_56_00/right_images/1741276607_323939323.png,D4D,specimen_1,2025_03_06-16_56_00,1,True
specimen_1__2025_03_06-16_56_00__1741276607_268868684,specimen_1__2025_03_06-16_56_00,/dtu/p1/leopam/ARGOS/dataset/D4D/raw/extracted/specimen_1/specimen_1/2025_03_06-16_56_00/left_images/1741276607_268868684.png,/dtu/p1/leopam/ARGOS/dataset/D4D/raw/extracted/specimen_1/specimen_1/2025_03_06-16_56_00/right_images/1741276607_268868684.png,D4D,specimen_1,2025_03_06-16_56_00,2,True
specimen_1__2025_03_06-16_56_00__1741276607_202480554,specimen_1__2025_03_06-16_56_00,/dtu/p1/leopam/ARGOS/dataset/D4D/raw/extracted/specimen_1/specimen_1/2025_03_06-16_56_00/left_images/1741276607_202480554.png,/dtu/p1/leopam/ARGOS/dataset/D4D/raw/extracted/specimen_1/specimen_1/2025_03_06-16_56_00/right_images/1741276607_202480554.png,D4D,specimen_1,2025_03_06-16_56_00,3,True
specimen_1__2025_03_06-16_56_00__1741276628_081543684,specimen_1__2025_03_06-16_56_00,/dtu/p1/leopam/ARGOS/dataset/D4D/raw/extracted/specimen_1/specimen_1/2025_03_06-16_56_00/left_images/1741276628_081543684.png,/dtu/p1/leopam/ARGOS/dataset/D4D/raw/extracted/specimen_1/specimen_1/2025_03_06-16_56_00/right_images/1741276628_081543684.png,D4D,specimen_1,2025_03_06-16_56_00,0,True
specimen_1__2025_03_06-16_56_00__1741276628_014809608,specimen_1__2025_03_06-16_56_00,/dtu/p1/leopam/ARGOS/dataset/D4D/raw/extracted/specimen_1/specimen_1/2025_03_06-16_56_00/left_images/1741276628_014809608.png,/dtu/p1/leopam/ARGOS/dataset/D4D/raw/extracted/specimen_1/specimen_1/2025_03_06-16_56_00/right_images/1741276628_014809608.png,D4D,specimen_1,2025_03_06-16_56_00,1,True
specimen_1__2025_03_06-16_56_00__1741276627_959383010,specimen_1__2025_03_06-16_56_00,/dtu/p1/leopam/ARGOS/dataset/D4D/raw/extracted/specimen_1/specimen_1/2025_03_06-16_56_00/left_images/1741276627_959383010.png,/dtu/p1/leopam/ARGOS/dataset/D4D/raw/extracted/specimen_1/specimen_1/2025_03_06-16_56_00/right_images/1741276627_959383010.png,D4D,specimen_1,2025_03_06-16_56_00,2,True
specimen_1__2025_03_06-16_56_00__1741276627_903590440,specimen_1__2025_03_06-16_56_00,/dtu/p1/leopam/ARGOS/dataset/D4D/raw/extracted/specimen_1/specimen_1/2025_03_06-16_56_00/left_images/1741276627_903590440.png,/dtu/p1/leopam/ARGOS/dataset/D4D/raw/extracted/specimen_1/specimen_1/2025_03_06-16_56_00/right_images/1741276627_903590440.png,D4D,specimen_1,2025_03_06-16_56_00,3,True
specimen_1__2025_03_06-17_03_37__1741277054_444179058,specimen_1__2025_03_06-17_03_37,/dtu/p1/leopam/ARGOS/dataset/D4D/raw/extracted/specimen_1/specimen_1/2025_03_06-17_03_37/left_images/1741277054_444179058.png,/dtu/p1/leopam/ARGOS/dataset/D4D/raw/extracted/specimen_1/specimen_1/2025_03_06-17_03_37/right_images/1741277054_444179058.png,D4D,specimen_1,2025_03_06-17_03_37,0,True
specimen_1__2025_03_06-17_03_37__1741277054_378083467,specimen_1__2025_03_06-17_03_37,/dtu/p1/leopam/ARGOS/dataset/D4D/raw/extracted/specimen_1/specimen_1/2025_03_06-17_03_37/left_images/1741277054_378083467.png,/dtu/p1/leopam/ARGOS/dataset/D4D/raw/extracted/specimen_1/specimen_1/2025_03_06-17_03_37/right_images/1741277054_378083467.png,D4D,specimen_1,2025_03_06-17_03_37,1,True
specimen_1__2025_03_06-17_03_37__1741277054_322651863,specimen_1__2025_03_06-17_03_37,/dtu/p1/leopam/ARGOS/dataset/D4D/raw/extracted/specimen_1/specimen_1/2025_03_06-17_03_37/left_images/1741277054_322651863.png,/dtu/p1/leopam/ARGOS/dataset/D4D/raw/extracted/specimen_1/specimen_1/2025_03_06-17_03_37/right_images/1741277054_322651863.png,D4D,specimen_1,2025_03_06-17_03_37,2,True
specimen_1__2025_03_06-17_03_37__1741277054_267236948,specimen_1__2025_03_06-17_03_37,/dtu/p1/leopam/ARGOS/dataset/D4D/raw/extracted/specimen_1/specimen_1/2025_03_06-17_03_37/left_images/1741277054_267236948.png,/dtu/p1/leopam/ARGOS/dataset/D4D/raw/extracted/specimen_1/specimen_1/2025_03_06-17_03_37/right_images/1741277054_267236948.png,D4D,specimen_1,2025_03_06-17_03_37,3,True
specimen_1__2025_03_06-17_03_37__1741277038_994503974,specimen_1__2025_03_06-17_03_37,/dtu/p1/leopam/ARGOS/dataset/D4D/raw/extracted/specimen_1/specimen_1/2025_03_06-17_03_37/left_images/1741277038_994503974.png,/dtu/p1/leopam/ARGOS/dataset/D4D/raw/extracted/specimen_1/specimen_1/2025_03_06-17_03_37/right_images/1741277038_994503974.png,D4D,specimen_1,2025_03_06-17_03_37,0,True
specimen_1__2025_03_06-17_03_37__1741277038_940243482,specimen_1__2025_03_06-17_03_37,/dtu/p1/leopam/ARGOS/dataset/D4D/raw/extracted/specimen_1/specimen_1/2025_03_06-17_03_37/left_images/1741277038_940243482.png,/dtu/p1/leopam/ARGOS/dataset/D4D/raw/extracted/specimen_1/specimen_1/2025_03_06-17_03_37/right_images/1741277038_940243482.png,D4D,specimen_1,2025_03_06-17_03_37,1,True
specimen_1__2025_03_06-17_03_37__1741277038_885894060,specimen_1__2025_03_06-17_03_37,/dtu/p1/leopam/ARGOS/dataset/D4D/raw/extracted/specimen_1/specimen_1/2025_03_06-17_03_37/left_images/1741277038_885894060.png,/dtu/p1/leopam/ARGOS/dataset/D4D/raw/extracted/specimen_1/specimen_1/2025_03_06-17_03_37/right_images/1741277038_885894060.png,D4D,specimen_1,2025_03_06-17_03_37,2,True
specimen_1__2025_03_06-17_03_37__1741277038_821912050,specimen_1__2025_03_06-17_03_37,/dtu/p1/leopam/ARGOS/dataset/D4D/raw/extracted/specimen_1/specimen_1/2025_03_06-17_03_37/left_images/1741277038_821912050.png,/dtu/p1/leopam/ARGOS/dataset/D4D/raw/extracted/specimen_1/specimen_1/2025_03_06-17_03_37/right_images/1741277038_821912050.png,D4D,specimen_1,2025_03_06-17_03_37,3,True
specimen_1__2025_03_06-17_04_37__1741277102_310320138,specimen_1__2025_03_06-17_04_37,/dtu/p1/leopam/ARGOS/dataset/D4D/raw/extracted/specimen_1/specimen_1/2025_03_06-17_04_37/left_images/1741277102_310320138.png,/dtu/p1/leopam/ARGOS/dataset/D4D/raw/extracted/specimen_1/specimen_1/2025_03_06-17_04_37/right_images/1741277102_310320138.png,D4D,specimen_1,2025_03_06-17_04_37,0,True
specimen_1__2025_03_06-17_04_37__1741277102_255398988,specimen_1__2025_03_06-17_04_37,/dtu/p1/leopam/ARGOS/dataset/D4D/raw/extracted/specimen_1/specimen_1/2025_03_06-17_04_37/left_images/1741277102_255398988.png,/dtu/p1/leopam/ARGOS/dataset/D4D/raw/extracted/specimen_1/specimen_1/2025_03_06-17_04_37/right_images/1741277102_255398988.png,D4D,specimen_1,2025_03_06-17_04_37,1,True
specimen_1__2025_03_06-17_04_37__1741277102_201513290,specimen_1__2025_03_06-17_04_37,/dtu/p1/leopam/ARGOS/dataset/D4D/raw/extracted/specimen_1/specimen_1/2025_03_06-17_04_37/left_images/1741277102_201513290.png,/dtu/p1/leopam/ARGOS/dataset/D4D/raw/extracted/specimen_1/specimen_1/2025_03_06-17_04_37/right_images/1741277102_201513290.png,D4D,specimen_1,2025_03_06-17_04_37,2,True
specimen_1__2025_03_06-17_04_37__1741277102_135033130,specimen_1__2025_03_06-17_04_37,/dtu/p1/leopam/ARGOS/dataset/D4D/raw/extracted/specimen_1/specimen_1/2025_03_06-17_04_37/left_images/1741277102_135033130.png,/dtu/p1/leopam/ARGOS/dataset/D4D/raw/extracted/specimen_1/specimen_1/2025_03_06-17_04_37/right_images/1741277102_135033130.png,D4D,specimen_1,2025_03_06-17_04_37,3,True
specimen_1__2025_03_06-17_04_37__1741277089_267859220,specimen_1__2025_03_06-17_04_37,/dtu/p1/leopam/ARGOS/dataset/D4D/raw/extracted/specimen_1/specimen_1/2025_03_06-17_04_37/left_images/1741277089_267859220.png,/dtu/p1/leopam/ARGOS/dataset/D4D/raw/extracted/specimen_1/specimen_1/2025_03_06-17_04_37/right_images/1741277089_267859220.png,D4D,specimen_1,2025_03_06-17_04_37,0,True
specimen_1__2025_03_06-17_04_37__1741277089_201816320,specimen_1__2025_03_06-17_04_37,/dtu/p1/leopam/ARGOS/dataset/D4D/raw/extracted/specimen_1/specimen_1/2025_03_06-17_04_37/left_images/1741277089_201816320.png,/dtu/p1/leopam/ARGOS/dataset/D4D/raw/extracted/specimen_1/specimen_1/2025_03_06-17_04_37/right_images/1741277089_201816320.png,D4D,specimen_1,2025_03_06-17_04_37,1,True
specimen_1__2025_03_06-17_04_37__1741277089_145464181,specimen_1__2025_03_06-17_04_37,/dtu/p1/leopam/ARGOS/dataset/D4D/raw/extracted/specimen_1/specimen_1/2025_03_06-17_04_37/left_images/1741277089_145464181.png,/dtu/p1/leopam/ARGOS/dataset/D4D/raw/extracted/specimen_1/specimen_1/2025_03_06-17_04_37/right_images/1741277089_145464181.png,D4D,specimen_1,2025_03_06-17_04_37,2,True
specimen_1__2025_03_06-17_04_37__1741277089_087006807,specimen_1__2025_03_06-17_04_37,/dtu/p1/leopam/ARGOS/dataset/D4D/raw/extracted/specimen_1/specimen_1/2025_03_06-17_04_37/left_images/1741277089_087006807.png,/dtu/p1/leopam/ARGOS/dataset/D4D/raw/extracted/specimen_1/specimen_1/2025_03_06-17_04_37/right_images/1741277089_087006807.png,D4D,specimen_1,2025_03_06-17_04_37,3,True
specimen_1__2025_03_06-17_04_37__1741277116_990405559,specimen_1__2025_03_06-17_04_37,/dtu/p1/leopam/ARGOS/dataset/D4D/raw/extracted/specimen_1/specimen_1/2025_03_06-17_04_37/left_images/1741277116_990405559.png,/dtu/p1/leopam/ARGOS/dataset/D4D/raw/extracted/specimen_1/specimen_1/2025_03_06-17_04_37/right_images/1741277116_990405559.png,D4D,specimen_1,2025_03_06-17_04_37,0,True
specimen_1__2025_03_06-17_04_37__1741277116_923982858,specimen_1__2025_03_06-17_04_37,/dtu/p1/leopam/ARGOS/dataset/D4D/raw/extracted/specimen_1/specimen_1/2025_03_06-17_04_37/left_images/1741277116_923982858.png,/dtu/p1/leopam/ARGOS/dataset/D4D/raw/extracted/specimen_1/specimen_1/2025_03_06-17_04_37/right_images/1741277116_923982858.png,D4D,specimen_1,2025_03_06-17_04_37,1,True
specimen_1__2025_03_06-17_04_37__1741277116_869444608,specimen_1__2025_03_06-17_04_37,/dtu/p1/leopam/ARGOS/dataset/D4D/raw/extracted/specimen_1/specimen_1/2025_03_06-17_04_37/left_images/1741277116_869444608.png,/dtu/p1/leopam/ARGOS/dataset/D4D/raw/extracted/specimen_1/specimen_1/2025_03_06-17_04_37/right_images/1741277116_869444608.png,D4D,specimen_1,2025_03_06-17_04_37,2,True
specimen_1__2025_03_06-17_04_37__1741277116_814875364,specimen_1__2025_03_06-17_04_37,/dtu/p1/leopam/ARGOS/dataset/D4D/raw/extracted/specimen_1/specimen_1/2025_03_06-17_04_37/left_images/1741277116_814875364.png,/dtu/p1/leopam/ARGOS/dataset/D4D/raw/extracted/specimen_1/specimen_1/2025_03_06-17_04_37/right_images/1741277116_814875364.png,D4D,specimen_1,2025_03_06-17_04_37,3,True
specimen_1__2025_03_06-17_04_37__1741277161_742160797,specimen_1__2025_03_06-17_04_37,/dtu/p1/leopam/ARGOS/dataset/D4D/raw/extracted/specimen_1/specimen_1/2025_03_06-17_04_37/left_images/1741277161_742160797.png,/dtu/p1/leopam/ARGOS/dataset/D4D/raw/extracted/specimen_1/specimen_1/2025_03_06-17_04_37/right_images/1741277161_742160797.png,D4D,specimen_1,2025_03_06-17_04_37,0,True
specimen_1__2025_03_06-17_04_37__1741277161_678028583,specimen_1__2025_03_06-17_04_37,/dtu/p1/leopam/ARGOS/dataset/D4D/raw/extracted/specimen_1/specimen_1/2025_03_06-17_04_37/left_images/1741277161_678028583.png,/dtu/p1/leopam/ARGOS/dataset/D4D/raw/extracted/specimen_1/specimen_1/2025_03_06-17_04_37/right_images/1741277161_678028583.png,D4D,specimen_1,2025_03_06-17_04_37,1,True
specimen_1__2025_03_06-17_04_37__1741277161_619394540,specimen_1__2025_03_06-17_04_37,/dtu/p1/leopam/ARGOS/dataset/D4D/raw/extracted/specimen_1/specimen_1/2025_03_06-17_04_37/left_images/1741277161_619394540.png,/dtu/p1/leopam/ARGOS/dataset/D4D/raw/extracted/specimen_1/specimen_1/2025_03_06-17_04_37/right_images/1741277161_619394540.png,D4D,specimen_1,2025_03_06-17_04_37,2,True
specimen_1__2025_03_06-17_04_37__1741277161_563527345,specimen_1__2025_03_06-17_04_37,/dtu/p1/leopam/ARGOS/dataset/D4D/raw/extracted/specimen_1/specimen_1/2025_03_06-17_04_37/left_images/1741277161_563527345.png,/dtu/p1/leopam/ARGOS/dataset/D4D/raw/extracted/specimen_1/specimen_1/2025_03_06-17_04_37/right_images/1741277161_563527345.png,D4D,specimen_1,2025_03_06-17_04_37,3,True
specimen_1__2025_03_06-17_04_37__1741277171_752430915,specimen_1__2025_03_06-17_04_37,/dtu/p1/leopam/ARGOS/dataset/D4D/raw/extracted/specimen_1/specimen_1/2025_03_06-17_04_37/left_images/1741277171_752430915.png,/dtu/p1/leopam/ARGOS/dataset/D4D/raw/extracted/specimen_1/specimen_1/2025_03_06-17_04_37/right_images/1741277171_752430915.png,D4D,specimen_1,2025_03_06-17_04_37,0,True
specimen_1__2025_03_06-17_04_37__1741277171_685691595,specimen_1__2025_03_06-17_04_37,/dtu/p1/leopam/ARGOS/dataset/D4D/raw/extracted/specimen_1/specimen_1/2025_03_06-17_04_37/left_images/1741277171_685691595.png,/dtu/p1/leopam/ARGOS/dataset/D4D/raw/extracted/specimen_1/specimen_1/2025_03_06-17_04_37/right_images/1741277171_685691595.png,D4D,specimen_1,2025_03_06-17_04_37,1,True
specimen_1__2025_03_06-17_04_37__1741277171_630511045,specimen_1__2025_03_06-17_04_37,/dtu/p1/leopam/ARGOS/dataset/D4D/raw/extracted/specimen_1/specimen_1/2025_03_06-17_04_37/left_images/1741277171_630511045.png,/dtu/p1/leopam/ARGOS/dataset/D4D/raw/extracted/specimen_1/specimen_1/2025_03_06-17_04_37/right_images/1741277171_630511045.png,D4D,specimen_1,2025_03_06-17_04_37,2,True
specimen_1__2025_03_06-17_04_37__1741277171_573772907,specimen_1__2025_03_06-17_04_37,/dtu/p1/leopam/ARGOS/dataset/D4D/raw/extracted/specimen_1/specimen_1/2025_03_06-17_04_37/left_images/1741277171_573772907.png,/dtu/p1/leopam/ARGOS/dataset/D4D/raw/extracted/specimen_1/specimen_1/2025_03_06-17_04_37/right_images/1741277171_573772907.png,D4D,specimen_1,2025_03_06-17_04_37,3,True
specimen_1__2025_03_06-17_10_48__1741277472_074031114,specimen_1__2025_03_06-17_10_48,/dtu/p1/leopam/ARGOS/dataset/D4D/raw/extracted/specimen_1/specimen_1/2025_03_06-17_10_48/left_images/1741277472_074031114.png,/dtu/p1/leopam/ARGOS/dataset/D4D/raw/extracted/specimen_1/specimen_1/2025_03_06-17_10_48/right_images/1741277472_074031114.png,D4D,specimen_1,2025_03_06-17_10_48,0,True
specimen_1__2025_03_06-17_10_48__1741277472_007540225,specimen_1__2025_03_06-17_10_48,/dtu/p1/leopam/ARGOS/dataset/D4D/raw/extracted/specimen_1/specimen_1/2025_03_06-17_10_48/left_images/1741277472_007540225.png,/dtu/p1/leopam/ARGOS/dataset/D4D/raw/extracted/specimen_1/specimen_1/2025_03_06-17_10_48/right_images/1741277472_007540225.png,D4D,specimen_1,2025_03_06-17_10_48,1,True
specimen_1__2025_03_06-17_10_48__1741277471_953039884,specimen_1__2025_03_06-17_10_48,/dtu/p1/leopam/ARGOS/dataset/D4D/raw/extracted/specimen_1/specimen_1/2025_03_06-17_10_48/left_images/1741277471_953039884.png,/dtu/p1/leopam/ARGOS/dataset/D4D/raw/extracted/specimen_1/specimen_1/2025_03_06-17_10_48/right_images/1741277471_953039884.png,D4D,specimen_1,2025_03_06-17_10_48,2,True
specimen_1__2025_03_06-17_10_48__1741277471_897096395,specimen_1__2025_03_06-17_10_48,/dtu/p1/leopam/ARGOS/dataset/D4D/raw/extracted/specimen_1/specimen_1/2025_03_06-17_10_48/left_images/1741277471_897096395.png,/dtu/p1/leopam/ARGOS/dataset/D4D/raw/extracted/specimen_1/specimen_1/2025_03_06-17_10_48/right_images/1741277471_897096395.png,D4D,specimen_1,2025_03_06-17_10_48,3,True
specimen_1__2025_03_06-17_10_48__1741277458_715820312,specimen_1__2025_03_06-17_10_48,/dtu/p1/leopam/ARGOS/dataset/D4D/raw/extracted/specimen_1/specimen_1/2025_03_06-17_10_48/left_images/1741277458_715820312.png,/dtu/p1/leopam/ARGOS/dataset/D4D/raw/extracted/specimen_1/specimen_1/2025_03_06-17_10_48/right_images/1741277458_715820312.png,D4D,specimen_1,2025_03_06-17_10_48,0,True
specimen_1__2025_03_06-17_10_48__1741277458_623762845,specimen_1__2025_03_06-17_10_48,/dtu/p1/leopam/ARGOS/dataset/D4D/raw/extracted/specimen_1/specimen_1/2025_03_06-17_10_48/left_images/1741277458_623762845.png,/dtu/p1/leopam/ARGOS/dataset/D4D/raw/extracted/specimen_1/specimen_1/2025_03_06-17_10_48/right_images/1741277458_623762845.png,D4D,specimen_1,2025_03_06-17_10_48,1,True
specimen_1__2025_03_06-17_10_48__1741277458_568304538,specimen_1__2025_03_06-17_10_48,/dtu/p1/leopam/ARGOS/dataset/D4D/raw/extracted/specimen_1/specimen_1/2025_03_06-17_10_48/left_images/1741277458_568304538.png,/dtu/p1/leopam/ARGOS/dataset/D4D/raw/extracted/specimen_1/specimen_1/2025_03_06-17_10_48/right_images/1741277458_568304538.png,D4D,specimen_1,2025_03_06-17_10_48,2,True
specimen_1__2025_03_06-17_10_48__1741277458_510929346,specimen_1__2025_03_06-17_10_48,/dtu/p1/leopam/ARGOS/dataset/D4D/raw/extracted/specimen_1/specimen_1/2025_03_06-17_10_48/left_images/1741277458_510929346.png,/dtu/p1/leopam/ARGOS/dataset/D4D/raw/extracted/specimen_1/specimen_1/2025_03_06-17_10_48/right_images/1741277458_510929346.png,D4D,specimen_1,2025_03_06-17_10_48,3,True
specimen_1__2025_03_06-17_33_33__1741278834_696634531,specimen_1__2025_03_06-17_33_33,/dtu/p1/leopam/ARGOS/dataset/D4D/raw/extracted/specimen_1/specimen_1/2025_03_06-17_33_33/left_images/1741278834_696634531.png,/dtu/p1/leopam/ARGOS/dataset/D4D/raw/extracted/specimen_1/specimen_1/2025_03_06-17_33_33/right_images/1741278834_696634531.png,D4D,specimen_1,2025_03_06-17_33_33,0,True
specimen_1__2025_03_06-17_33_33__1741278834_628359317,specimen_1__2025_03_06-17_33_33,/dtu/p1/leopam/ARGOS/dataset/D4D/raw/extracted/specimen_1/specimen_1/2025_03_06-17_33_33/left_images/1741278834_628359317.png,/dtu/p1/leopam/ARGOS/dataset/D4D/raw/extracted/specimen_1/specimen_1/2025_03_06-17_33_33/right_images/1741278834_628359317.png,D4D,specimen_1,2025_03_06-17_33_33,1,True
specimen_1__2025_03_06-17_33_33__1741278834_574500560,specimen_1__2025_03_06-17_33_33,/dtu/p1/leopam/ARGOS/dataset/D4D/raw/extracted/specimen_1/specimen_1/2025_03_06-17_33_33/left_images/1741278834_574500560.png,/dtu/p1/leopam/ARGOS/dataset/D4D/raw/extracted/specimen_1/specimen_1/2025_03_06-17_33_33/right_images/1741278834_574500560.png,D4D,specimen_1,2025_03_06-17_33_33,2,True
specimen_1__2025_03_06-17_33_33__1741278834_519427061,specimen_1__2025_03_06-17_33_33,/dtu/p1/leopam/ARGOS/dataset/D4D/raw/extracted/specimen_1/specimen_1/2025_03_06-17_33_33/left_images/1741278834_519427061.png,/dtu/p1/leopam/ARGOS/dataset/D4D/raw/extracted/specimen_1/specimen_1/2025_03_06-17_33_33/right_images/1741278834_519427061.png,D4D,specimen_1,2025_03_06-17_33_33,3,True
specimen_1__2025_03_06-17_33_33__1741278820_356170415,specimen_1__2025_03_06-17_33_33,/dtu/p1/leopam/ARGOS/dataset/D4D/raw/extracted/specimen_1/specimen_1/2025_03_06-17_33_33/left_images/1741278820_356170415.png,/dtu/p1/leopam/ARGOS/dataset/D4D/raw/extracted/specimen_1/specimen_1/2025_03_06-17_33_33/right_images/1741278820_356170415.png,D4D,specimen_1,2025_03_06-17_33_33,0,True
specimen_1__2025_03_06-17_33_33__1741278820_288301467,specimen_1__2025_03_06-17_33_33,/dtu/p1/leopam/ARGOS/dataset/D4D/raw/extracted/specimen_1/specimen_1/2025_03_06-17_33_33/left_images/1741278820_288301467.png,/dtu/p1/leopam/ARGOS/dataset/D4D/raw/extracted/specimen_1/specimen_1/2025_03_06-17_33_33/right_images/1741278820_288301467.png,D4D,specimen_1,2025_03_06-17_33_33,1,True
specimen_1__2025_03_06-17_33_33__1741278820_234707117,specimen_1__2025_03_06-17_33_33,/dtu/p1/leopam/ARGOS/dataset/D4D/raw/extracted/specimen_1/specimen_1/2025_03_06-17_33_33/left_images/1741278820_234707117.png,/dtu/p1/leopam/ARGOS/dataset/D4D/raw/extracted/specimen_1/specimen_1/2025_03_06-17_33_33/right_images/1741278820_234707117.png,D4D,specimen_1,2025_03_06-17_33_33,2,True
specimen_1__2025_03_06-17_33_33__1741278820_180740356,specimen_1__2025_03_06-17_33_33,/dtu/p1/leopam/ARGOS/dataset/D4D/raw/extracted/specimen_1/specimen_1/2025_03_06-17_33_33/left_images/1741278820_180740356.png,/dtu/p1/leopam/ARGOS/dataset/D4D/raw/extracted/specimen_1/specimen_1/2025_03_06-17_33_33/right_images/1741278820_180740356.png,D4D,specimen_1,2025_03_06-17_33_33,3,True
specimen_1__2025_03_06-17_35_04__1741278916_817303895,specimen_1__2025_03_06-17_35_04,/dtu/p1/leopam/ARGOS/dataset/D4D/raw/extracted/specimen_1/specimen_1/2025_03_06-17_35_04/left_images/1741278916_817303895.png,/dtu/p1/leopam/ARGOS/dataset/D4D/raw/extracted/specimen_1/specimen_1/2025_03_06-17_35_04/right_images/1741278916_817303895.png,D4D,specimen_1,2025_03_06-17_35_04,0,True
specimen_1__2025_03_06-17_35_04__1741278916_750526189,specimen_1__2025_03_06-17_35_04,/dtu/p1/leopam/ARGOS/dataset/D4D/raw/extracted/specimen_1/specimen_1/2025_03_06-17_35_04/left_images/1741278916_750526189.png,/dtu/p1/leopam/ARGOS/dataset/D4D/raw/extracted/specimen_1/specimen_1/2025_03_06-17_35_04/right_images/1741278916_750526189.png,D4D,specimen_1,2025_03_06-17_35_04,1,True
specimen_1__2025_03_06-17_35_04__1741278916_694915533,specimen_1__2025_03_06-17_35_04,/dtu/p1/leopam/ARGOS/dataset/D4D/raw/extracted/specimen_1/specimen_1/2025_03_06-17_35_04/left_images/1741278916_694915533.png,/dtu/p1/leopam/ARGOS/dataset/D4D/raw/extracted/specimen_1/specimen_1/2025_03_06-17_35_04/right_images/1741278916_694915533.png,D4D,specimen_1,2025_03_06-17_35_04,2,True
specimen_1__2025_03_06-17_35_04__1741278916_638851642,specimen_1__2025_03_06-17_35_04,/dtu/p1/leopam/ARGOS/dataset/D4D/raw/extracted/specimen_1/specimen_1/2025_03_06-17_35_04/left_images/1741278916_638851642.png,/dtu/p1/leopam/ARGOS/dataset/D4D/raw/extracted/specimen_1/specimen_1/2025_03_06-17_35_04/right_images/1741278916_638851642.png,D4D,specimen_1,2025_03_06-17_35_04,3,True
specimen_1__2025_03_06-17_36_19__1741278996_409678220,specimen_1__2025_03_06-17_36_19,/dtu/p1/leopam/ARGOS/dataset/D4D/raw/extracted/specimen_1/specimen_1/2025_03_06-17_36_19/left_images/1741278996_409678220.png,/dtu/p1/leopam/ARGOS/dataset/D4D/raw/extracted/specimen_1/specimen_1/2025_03_06-17_36_19/right_images/1741278996_409678220.png,D4D,specimen_1,2025_03_06-17_36_19,0,True
specimen_1__2025_03_06-17_36_19__1741278996_342015266,specimen_1__2025_03_06-17_36_19,/dtu/p1/leopam/ARGOS/dataset/D4D/raw/extracted/specimen_1/specimen_1/2025_03_06-17_36_19/left_images/1741278996_342015266.png,/dtu/p1/leopam/ARGOS/dataset/D4D/raw/extracted/specimen_1/specimen_1/2025_03_06-17_36_19/right_images/1741278996_342015266.png,D4D,specimen_1,2025_03_06-17_36_19,1,True
specimen_1__2025_03_06-17_36_19__1741278996_288525342,specimen_1__2025_03_06-17_36_19,/dtu/p1/leopam/ARGOS/dataset/D4D/raw/extracted/specimen_1/specimen_1/2025_03_06-17_36_19/left_images/1741278996_288525342.png,/dtu/p1/leopam/ARGOS/dataset/D4D/raw/extracted/specimen_1/specimen_1/2025_03_06-17_36_19/right_images/1741278996_288525342.png,D4D,specimen_1,2025_03_06-17_36_19,2,True
specimen_1__2025_03_06-17_36_19__1741278996_232211351,specimen_1__2025_03_06-17_36_19,/dtu/p1/leopam/ARGOS/dataset/D4D/raw/extracted/specimen_1/specimen_1/2025_03_06-17_36_19/left_images/1741278996_232211351.png,/dtu/p1/leopam/ARGOS/dataset/D4D/raw/extracted/specimen_1/specimen_1/2025_03_06-17_36_19/right_images/1741278996_232211351.png,D4D,specimen_1,2025_03_06-17_36_19,3,True
specimen_1__2025_03_06-17_36_19__1741278986_751394987,specimen_1__2025_03_06-17_36_19,/dtu/p1/leopam/ARGOS/dataset/D4D/raw/extracted/specimen_1/specimen_1/2025_03_06-17_36_19/left_images/1741278986_751394987.png,/dtu/p1/leopam/ARGOS/dataset/D4D/raw/extracted/specimen_1/specimen_1/2025_03_06-17_36_19/right_images/1741278986_751394987.png,D4D,specimen_1,2025_03_06-17_36_19,0,True
specimen_1__2025_03_06-17_36_19__1741278986_659556150,specimen_1__2025_03_06-17_36_19,/dtu/p1/leopam/ARGOS/dataset/D4D/raw/extracted/specimen_1/specimen_1/2025_03_06-17_36_19/left_images/1741278986_659556150.png,/dtu/p1/leopam/ARGOS/dataset/D4D/raw/extracted/specimen_1/specimen_1/2025_03_06-17_36_19/right_images/1741278986_659556150.png,D4D,specimen_1,2025_03_06-17_36_19,1,True
specimen_1__2025_03_06-17_36_19__1741278986_603075742,specimen_1__2025_03_06-17_36_19,/dtu/p1/leopam/ARGOS/dataset/D4D/raw/extracted/specimen_1/specimen_1/2025_03_06-17_36_19/left_images/1741278986_603075742.png,/dtu/p1/leopam/ARGOS/dataset/D4D/raw/extracted/specimen_1/specimen_1/2025_03_06-17_36_19/right_images/1741278986_603075742.png,D4D,specimen_1,2025_03_06-17_36_19,2,True
specimen_1__2025_03_06-17_36_19__1741278986_536312580,specimen_1__2025_03_06-17_36_19,/dtu/p1/leopam/ARGOS/dataset/D4D/raw/extracted/specimen_1/specimen_1/2025_03_06-17_36_19/left_images/1741278986_536312580.png,/dtu/p1/leopam/ARGOS/dataset/D4D/raw/extracted/specimen_1/specimen_1/2025_03_06-17_36_19/right_images/1741278986_536312580.png,D4D,specimen_1,2025_03_06-17_36_19,3,True
specimen_1__2025_03_06-17_36_19__1741279006_770105361,specimen_1__2025_03_06-17_36_19,/dtu/p1/leopam/ARGOS/dataset/D4D/raw/extracted/specimen_1/specimen_1/2025_03_06-17_36_19/left_images/1741279006_770105361.png,/dtu/p1/leopam/ARGOS/dataset/D4D/raw/extracted/specimen_1/specimen_1/2025_03_06-17_36_19/right_images/1741279006_770105361.png,D4D,specimen_1,2025_03_06-17_36_19,0,True
specimen_1__2025_03_06-17_36_19__1741279006_715515851,specimen_1__2025_03_06-17_36_19,/dtu/p1/leopam/ARGOS/dataset/D4D/raw/extracted/specimen_1/specimen_1/2025_03_06-17_36_19/left_images/1741279006_715515851.png,/dtu/p1/leopam/ARGOS/dataset/D4D/raw/extracted/specimen_1/specimen_1/2025_03_06-17_36_19/right_images/1741279006_715515851.png,D4D,specimen_1,2025_03_06-17_36_19,1,True
specimen_1__2025_03_06-17_36_19__1741279006_648665666,specimen_1__2025_03_06-17_36_19,/dtu/p1/leopam/ARGOS/dataset/D4D/raw/extracted/specimen_1/specimen_1/2025_03_06-17_36_19/left_images/1741279006_648665666.png,/dtu/p1/leopam/ARGOS/dataset/D4D/raw/extracted/specimen_1/specimen_1/2025_03_06-17_36_19/right_images/1741279006_648665666.png,D4D,specimen_1,2025_03_06-17_36_19,2,True
specimen_1__2025_03_06-17_36_19__1741279006_593973636,specimen_1__2025_03_06-17_36_19,/dtu/p1/leopam/ARGOS/dataset/D4D/raw/extracted/specimen_1/specimen_1/2025_03_06-17_36_19/left_images/1741279006_593973636.png,/dtu/p1/leopam/ARGOS/dataset/D4D/raw/extracted/specimen_1/specimen_1/2025_03_06-17_36_19/right_images/1741279006_593973636.png,D4D,specimen_1,2025_03_06-17_36_19,3,True
specimen_1__2025_03_06-17_36_19__1741279020_417998790,specimen_1__2025_03_06-17_36_19,/dtu/p1/leopam/ARGOS/dataset/D4D/raw/extracted/specimen_1/specimen_1/2025_03_06-17_36_19/left_images/1741279020_417998790.png,/dtu/p1/leopam/ARGOS/dataset/D4D/raw/extracted/specimen_1/specimen_1/2025_03_06-17_36_19/right_images/1741279020_417998790.png,D4D,specimen_1,2025_03_06-17_36_19,0,True
specimen_1__2025_03_06-17_36_19__1741279020_281255722,specimen_1__2025_03_06-17_36_19,/dtu/p1/leopam/ARGOS/dataset/D4D/raw/extracted/specimen_1/specimen_1/2025_03_06-17_36_19/left_images/1741279020_281255722.png,/dtu/p1/leopam/ARGOS/dataset/D4D/raw/extracted/specimen_1/specimen_1/2025_03_06-17_36_19/right_images/1741279020_281255722.png,D4D,specimen_1,2025_03_06-17_36_19,1,True
specimen_1__2025_03_06-17_36_19__1741279020_226859569,specimen_1__2025_03_06-17_36_19,/dtu/p1/leopam/ARGOS/dataset/D4D/raw/extracted/specimen_1/specimen_1/2025_03_06-17_36_19/left_images/1741279020_226859569.png,/dtu/p1/leopam/ARGOS/dataset/D4D/raw/extracted/specimen_1/specimen_1/2025_03_06-17_36_19/right_images/1741279020_226859569.png,D4D,specimen_1,2025_03_06-17_36_19,2,True
specimen_1__2025_03_06-17_36_19__1741279020_172333002,specimen_1__2025_03_06-17_36_19,/dtu/p1/leopam/ARGOS/dataset/D4D/raw/extracted/specimen_1/specimen_1/2025_03_06-17_36_19/left_images/1741279020_172333002.png,/dtu/p1/leopam/ARGOS/dataset/D4D/raw/extracted/specimen_1/specimen_1/2025_03_06-17_36_19/right_images/1741279020_172333002.png,D4D,specimen_1,2025_03_06-17_36_19,3,True
specimen_1__2025_03_06-17_38_21__1741279119_003957033,specimen_1__2025_03_06-17_38_21,/dtu/p1/leopam/ARGOS/dataset/D4D/raw/extracted/specimen_1/specimen_1/2025_03_06-17_38_21/left_images/1741279119_003957033.png,/dtu/p1/leopam/ARGOS/dataset/D4D/raw/extracted/specimen_1/specimen_1/2025_03_06-17_38_21/right_images/1741279119_003957033.png,D4D,specimen_1,2025_03_06-17_38_21,0,True
specimen_1__2025_03_06-17_38_21__1741279118_950389146,specimen_1__2025_03_06-17_38_21,/dtu/p1/leopam/ARGOS/dataset/D4D/raw/extracted/specimen_1/specimen_1/2025_03_06-17_38_21/left_images/1741279118_950389146.png,/dtu/p1/leopam/ARGOS/dataset/D4D/raw/extracted/specimen_1/specimen_1/2025_03_06-17_38_21/right_images/1741279118_950389146.png,D4D,specimen_1,2025_03_06-17_38_21,1,True
specimen_1__2025_03_06-17_38_21__1741279118_884487152,specimen_1__2025_03_06-17_38_21,/dtu/p1/leopam/ARGOS/dataset/D4D/raw/extracted/specimen_1/specimen_1/2025_03_06-17_38_21/left_images/1741279118_884487152.png,/dtu/p1/leopam/ARGOS/dataset/D4D/raw/extracted/specimen_1/specimen_1/2025_03_06-17_38_21/right_images/1741279118_884487152.png,D4D,specimen_1,2025_03_06-17_38_21,2,True
specimen_1__2025_03_06-17_38_21__1741279118_828299760,specimen_1__2025_03_06-17_38_21,/dtu/p1/leopam/ARGOS/dataset/D4D/raw/extracted/specimen_1/specimen_1/2025_03_06-17_38_21/left_images/1741279118_828299760.png,/dtu/p1/leopam/ARGOS/dataset/D4D/raw/extracted/specimen_1/specimen_1/2025_03_06-17_38_21/right_images/1741279118_828299760.png,D4D,specimen_1,2025_03_06-17_38_21,3,True
specimen_1__2025_03_06-17_38_21__1741279107_899443149,specimen_1__2025_03_06-17_38_21,/dtu/p1/leopam/ARGOS/dataset/D4D/raw/extracted/specimen_1/specimen_1/2025_03_06-17_38_21/left_images/1741279107_899443149.png,/dtu/p1/leopam/ARGOS/dataset/D4D/raw/extracted/specimen_1/specimen_1/2025_03_06-17_38_21/right_images/1741279107_899443149.png,D4D,specimen_1,2025_03_06-17_38_21,0,True
specimen_1__2025_03_06-17_38_21__1741279107_834506750,specimen_1__2025_03_06-17_38_21,/dtu/p1/leopam/ARGOS/dataset/D4D/raw/extracted/specimen_1/specimen_1/2025_03_06-17_38_21/left_images/1741279107_834506750.png,/dtu/p1/leopam/ARGOS/dataset/D4D/raw/extracted/specimen_1/specimen_1/2025_03_06-17_38_21/right_images/1741279107_834506750.png,D4D,specimen_1,2025_03_06-17_38_21,1,True
specimen_1__2025_03_06-17_38_21__1741279107_779506444,specimen_1__2025_03_06-17_38_21,/dtu/p1/leopam/ARGOS/dataset/D4D/raw/extracted/specimen_1/specimen_1/2025_03_06-17_38_21/left_images/1741279107_779506444.png,/dtu/p1/leopam/ARGOS/dataset/D4D/raw/extracted/specimen_1/specimen_1/2025_03_06-17_38_21/right_images/1741279107_779506444.png,D4D,specimen_1,2025_03_06-17_38_21,2,True
specimen_1__2025_03_06-17_38_21__1741279107_725950479,specimen_1__2025_03_06-17_38_21,/dtu/p1/leopam/ARGOS/dataset/D4D/raw/extracted/specimen_1/specimen_1/2025_03_06-17_38_21/left_images/1741279107_725950479.png,/dtu/p1/leopam/ARGOS/dataset/D4D/raw/extracted/specimen_1/specimen_1/2025_03_06-17_38_21/right_images/1741279107_725950479.png,D4D,specimen_1,2025_03_06-17_38_21,3,True
specimen_1__2025_03_06-17_38_21__1741279127_773593664,specimen_1__2025_03_06-17_38_21,/dtu/p1/leopam/ARGOS/dataset/D4D/raw/extracted/specimen_1/specimen_1/2025_03_06-17_38_21/left_images/1741279127_773593664.png,/dtu/p1/leopam/ARGOS/dataset/D4D/raw/extracted/specimen_1/specimen_1/2025_03_06-17_38_21/right_images/1741279127_773593664.png,D4D,specimen_1,2025_03_06-17_38_21,0,True
specimen_1__2025_03_06-17_38_21__1741279127_705317497,specimen_1__2025_03_06-17_38_21,/dtu/p1/leopam/ARGOS/dataset/D4D/raw/extracted/specimen_1/specimen_1/2025_03_06-17_38_21/left_images/1741279127_705317497.png,/dtu/p1/leopam/ARGOS/dataset/D4D/raw/extracted/specimen_1/specimen_1/2025_03_06-17_38_21/right_images/1741279127_705317497.png,D4D,specimen_1,2025_03_06-17_38_21,1,True
specimen_1__2025_03_06-17_38_21__1741279127_651925563,specimen_1__2025_03_06-17_38_21,/dtu/p1/leopam/ARGOS/dataset/D4D/raw/extracted/specimen_1/specimen_1/2025_03_06-17_38_21/left_images/1741279127_651925563.png,/dtu/p1/leopam/ARGOS/dataset/D4D/raw/extracted/specimen_1/specimen_1/2025_03_06-17_38_21/right_images/1741279127_651925563.png,D4D,specimen_1,2025_03_06-17_38_21,2,True
specimen_1__2025_03_06-17_38_21__1741279127_596443891,specimen_1__2025_03_06-17_38_21,/dtu/p1/leopam/ARGOS/dataset/D4D/raw/extracted/specimen_1/specimen_1/2025_03_06-17_38_21/left_images/1741279127_596443891.png,/dtu/p1/leopam/ARGOS/dataset/D4D/raw/extracted/specimen_1/specimen_1/2025_03_06-17_38_21/right_images/1741279127_596443891.png,D4D,specimen_1,2025_03_06-17_38_21,3,True
specimen_1__2025_03_06-17_38_21__1741279136_944712162,specimen_1__2025_03_06-17_38_21,/dtu/p1/leopam/ARGOS/dataset/D4D/raw/extracted/specimen_1/specimen_1/2025_03_06-17_38_21/left_images/1741279136_944712162.png,/dtu/p1/leopam/ARGOS/dataset/D4D/raw/extracted/specimen_1/specimen_1/2025_03_06-17_38_21/right_images/1741279136_944712162.png,D4D,specimen_1,2025_03_06-17_38_21,0,True
specimen_1__2025_03_06-17_38_21__1741279136_890028715,specimen_1__2025_03_06-17_38_21,/dtu/p1/leopam/ARGOS/dataset/D4D/raw/extracted/specimen_1/specimen_1/2025_03_06-17_38_21/left_images/1741279136_890028715.png,/dtu/p1/leopam/ARGOS/dataset/D4D/raw/extracted/specimen_1/specimen_1/2025_03_06-17_38_21/right_images/1741279136_890028715.png,D4D,specimen_1,2025_03_06-17_38_21,1,True
specimen_1__2025_03_06-17_38_21__1741279136_835538864,specimen_1__2025_03_06-17_38_21,/dtu/p1/leopam/ARGOS/dataset/D4D/raw/extracted/specimen_1/specimen_1/2025_03_06-17_38_21/left_images/1741279136_835538864.png,/dtu/p1/leopam/ARGOS/dataset/D4D/raw/extracted/specimen_1/specimen_1/2025_03_06-17_38_21/right_images/1741279136_835538864.png,D4D,specimen_1,2025_03_06-17_38_21,2,True
specimen_1__2025_03_06-17_38_21__1741279136_768926143,specimen_1__2025_03_06-17_38_21,/dtu/p1/leopam/ARGOS/dataset/D4D/raw/extracted/specimen_1/specimen_1/2025_03_06-17_38_21/left_images/1741279136_768926143.png,/dtu/p1/leopam/ARGOS/dataset/D4D/raw/extracted/specimen_1/specimen_1/2025_03_06-17_38_21/right_images/1741279136_768926143.png,D4D,specimen_1,2025_03_06-17_38_21,3,True
specimen_1__2025_03_06-17_38_21__1741279148_278485298,specimen_1__2025_03_06-17_38_21,/dtu/p1/leopam/ARGOS/dataset/D4D/raw/extracted/specimen_1/specimen_1/2025_03_06-17_38_21/left_images/1741279148_278485298.png,/dtu/p1/leopam/ARGOS/dataset/D4D/raw/extracted/specimen_1/specimen_1/2025_03_06-17_38_21/right_images/1741279148_278485298.png,D4D,specimen_1,2025_03_06-17_38_21,0,True
specimen_1__2025_03_06-17_38_21__1741279148_211475610,specimen_1__2025_03_06-17_38_21,/dtu/p1/leopam/ARGOS/dataset/D4D/raw/extracted/specimen_1/specimen_1/2025_03_06-17_38_21/left_images/1741279148_211475610.png,/dtu/p1/leopam/ARGOS/dataset/D4D/raw/extracted/specimen_1/specimen_1/2025_03_06-17_38_21/right_images/1741279148_211475610.png,D4D,specimen_1,2025_03_06-17_38_21,1,True
specimen_1__2025_03_06-17_38_21__1741279148_156586647,specimen_1__2025_03_06-17_38_21,/dtu/p1/leopam/ARGOS/dataset/D4D/raw/extracted/specimen_1/specimen_1/2025_03_06-17_38_21/left_images/1741279148_156586647.png,/dtu/p1/leopam/ARGOS/dataset/D4D/raw/extracted/specimen_1/specimen_1/2025_03_06-17_38_21/right_images/1741279148_156586647.png,D4D,specimen_1,2025_03_06-17_38_21,2,True
specimen_1__2025_03_06-17_38_21__1741279148_100968360,specimen_1__2025_03_06-17_38_21,/dtu/p1/leopam/ARGOS/dataset/D4D/raw/extracted/specimen_1/specimen_1/2025_03_06-17_38_21/left_images/1741279148_100968360.png,/dtu/p1/leopam/ARGOS/dataset/D4D/raw/extracted/specimen_1/specimen_1/2025_03_06-17_38_21/right_images/1741279148_100968360.png,D4D,specimen_1,2025_03_06-17_38_21,3,True
specimen_1__2025_03_06-17_39_51__1741279208_726855754,specimen_1__2025_03_06-17_39_51,/dtu/p1/leopam/ARGOS/dataset/D4D/raw/extracted/specimen_1/specimen_1/2025_03_06-17_39_51/left_images/1741279208_726855754.png,/dtu/p1/leopam/ARGOS/dataset/D4D/raw/extracted/specimen_1/specimen_1/2025_03_06-17_39_51/right_images/1741279208_726855754.png,D4D,specimen_1,2025_03_06-17_39_51,0,True
specimen_1__2025_03_06-17_39_51__1741279208_660151481,specimen_1__2025_03_06-17_39_51,/dtu/p1/leopam/ARGOS/dataset/D4D/raw/extracted/specimen_1/specimen_1/2025_03_06-17_39_51/left_images/1741279208_660151481.png,/dtu/p1/leopam/ARGOS/dataset/D4D/raw/extracted/specimen_1/specimen_1/2025_03_06-17_39_51/right_images/1741279208_660151481.png,D4D,specimen_1,2025_03_06-17_39_51,1,True
specimen_1__2025_03_06-17_39_51__1741279208_604917287,specimen_1__2025_03_06-17_39_51,/dtu/p1/leopam/ARGOS/dataset/D4D/raw/extracted/specimen_1/specimen_1/2025_03_06-17_39_51/left_images/1741279208_604917287.png,/dtu/p1/leopam/ARGOS/dataset/D4D/raw/extracted/specimen_1/specimen_1/2025_03_06-17_39_51/right_images/1741279208_604917287.png,D4D,specimen_1,2025_03_06-17_39_51,2,True
specimen_1__2025_03_06-17_39_51__1741279208_550132989,specimen_1__2025_03_06-17_39_51,/dtu/p1/leopam/ARGOS/dataset/D4D/raw/extracted/specimen_1/specimen_1/2025_03_06-17_39_51/left_images/1741279208_550132989.png,/dtu/p1/leopam/ARGOS/dataset/D4D/raw/extracted/specimen_1/specimen_1/2025_03_06-17_39_51/right_images/1741279208_550132989.png,D4D,specimen_1,2025_03_06-17_39_51,3,True
specimen_1__2025_03_06-17_39_51__1741279197_390876054,specimen_1__2025_03_06-17_39_51,/dtu/p1/leopam/ARGOS/dataset/D4D/raw/extracted/specimen_1/specimen_1/2025_03_06-17_39_51/left_images/1741279197_390876054.png,/dtu/p1/leopam/ARGOS/dataset/D4D/raw/extracted/specimen_1/specimen_1/2025_03_06-17_39_51/right_images/1741279197_390876054.png,D4D,specimen_1,2025_03_06-17_39_51,0,True
specimen_1__2025_03_06-17_39_51__1741279197_335997104,specimen_1__2025_03_06-17_39_51,/dtu/p1/leopam/ARGOS/dataset/D4D/raw/extracted/specimen_1/specimen_1/2025_03_06-17_39_51/left_images/1741279197_335997104.png,/dtu/p1/leopam/ARGOS/dataset/D4D/raw/extracted/specimen_1/specimen_1/2025_03_06-17_39_51/right_images/1741279197_335997104.png,D4D,specimen_1,2025_03_06-17_39_51,1,True
specimen_1__2025_03_06-17_39_51__1741279197_269272089,specimen_1__2025_03_06-17_39_51,/dtu/p1/leopam/ARGOS/dataset/D4D/raw/extracted/specimen_1/specimen_1/2025_03_06-17_39_51/left_images/1741279197_269272089.png,/dtu/p1/leopam/ARGOS/dataset/D4D/raw/extracted/specimen_1/specimen_1/2025_03_06-17_39_51/right_images/1741279197_269272089.png,D4D,specimen_1,2025_03_06-17_39_51,2,True
specimen_1__2025_03_06-17_39_51__1741279197_213239192,specimen_1__2025_03_06-17_39_51,/dtu/p1/leopam/ARGOS/dataset/D4D/raw/extracted/specimen_1/specimen_1/2025_03_06-17_39_51/left_images/1741279197_213239192.png,/dtu/p1/leopam/ARGOS/dataset/D4D/raw/extracted/specimen_1/specimen_1/2025_03_06-17_39_51/right_images/1741279197_213239192.png,D4D,specimen_1,2025_03_06-17_39_51,3,True
specimen_1__2025_03_06-17_39_51__1741279216_465456247,specimen_1__2025_03_06-17_39_51,/dtu/p1/leopam/ARGOS/dataset/D4D/raw/extracted/specimen_1/specimen_1/2025_03_06-17_39_51/left_images/1741279216_465456247.png,/dtu/p1/leopam/ARGOS/dataset/D4D/raw/extracted/specimen_1/specimen_1/2025_03_06-17_39_51/right_images/1741279216_465456247.png,D4D,specimen_1,2025_03_06-17_39_51,0,True
specimen_1__2025_03_06-17_39_51__1741279216_410566568,specimen_1__2025_03_06-17_39_51,/dtu/p1/leopam/ARGOS/dataset/D4D/raw/extracted/specimen_1/specimen_1/2025_03_06-17_39_51/left_images/1741279216_410566568.png,/dtu/p1/leopam/ARGOS/dataset/D4D/raw/extracted/specimen_1/specimen_1/2025_03_06-17_39_51/right_images/1741279216_410566568.png,D4D,specimen_1,2025_03_06-17_39_51,1,True
specimen_1__2025_03_06-17_39_51__1741279216_354648828,specimen_1__2025_03_06-17_39_51,/dtu/p1/leopam/ARGOS/dataset/D4D/raw/extracted/specimen_1/specimen_1/2025_03_06-17_39_51/left_images/1741279216_354648828.png,/dtu/p1/leopam/ARGOS/dataset/D4D/raw/extracted/specimen_1/specimen_1/2025_03_06-17_39_51/right_images/1741279216_354648828.png,D4D,specimen_1,2025_03_06-17_39_51,2,True
specimen_1__2025_03_06-17_39_51__1741279216_287894248,specimen_1__2025_03_06-17_39_51,/dtu/p1/leopam/ARGOS/dataset/D4D/raw/extracted/specimen_1/specimen_1/2025_03_06-17_39_51/left_images/1741279216_287894248.png,/dtu/p1/leopam/ARGOS/dataset/D4D/raw/extracted/specimen_1/specimen_1/2025_03_06-17_39_51/right_images/1741279216_287894248.png,D4D,specimen_1,2025_03_06-17_39_51,3,True
specimen_1__2025_03_06-17_39_51__1741279225_393536329,specimen_1__2025_03_06-17_39_51,/dtu/p1/leopam/ARGOS/dataset/D4D/raw/extracted/specimen_1/specimen_1/2025_03_06-17_39_51/left_images/1741279225_393536329.png,/dtu/p1/leopam/ARGOS/dataset/D4D/raw/extracted/specimen_1/specimen_1/2025_03_06-17_39_51/right_images/1741279225_393536329.png,D4D,specimen_1,2025_03_06-17_39_51,0,True
specimen_1__2025_03_06-17_39_51__1741279225_340056657,specimen_1__2025_03_06-17_39_51,/dtu/p1/leopam/ARGOS/dataset/D4D/raw/extracted/specimen_1/specimen_1/2025_03_06-17_39_51/left_images/1741279225_340056657.png,/dtu/p1/leopam/ARGOS/dataset/D4D/raw/extracted/specimen_1/specimen_1/2025_03_06-17_39_51/right_images/1741279225_340056657.png,D4D,specimen_1,2025_03_06-17_39_51,1,True
specimen_1__2025_03_06-17_39_51__1741279225_286748170,specimen_1__2025_03_06-17_39_51,/dtu/p1/leopam/ARGOS/dataset/D4D/raw/extracted/specimen_1/specimen_1/2025_03_06-17_39_51/left_images/1741279225_286748170.png,/dtu/p1/leopam/ARGOS/dataset/D4D/raw/extracted/specimen_1/specimen_1/2025_03_06-17_39_51/right_images/1741279225_286748170.png,D4D,specimen_1,2025_03_06-17_39_51,2,True
specimen_1__2025_03_06-17_39_51__1741279225_220099210,specimen_1__2025_03_06-17_39_51,/dtu/p1/leopam/ARGOS/dataset/D4D/raw/extracted/specimen_1/specimen_1/2025_03_06-17_39_51/left_images/1741279225_220099210.png,/dtu/p1/leopam/ARGOS/dataset/D4D/raw/extracted/specimen_1/specimen_1/2025_03_06-17_39_51/right_images/1741279225_220099210.png,D4D,specimen_1,2025_03_06-17_39_51,3,True
specimen_1__2025_03_06-17_43_05__1741279397_014175891,specimen_1__2025_03_06-17_43_05,/dtu/p1/leopam/ARGOS/dataset/D4D/raw/extracted/specimen_1/specimen_1/2025_03_06-17_43_05/left_images/1741279397_014175891.png,/dtu/p1/leopam/ARGOS/dataset/D4D/raw/extracted/specimen_1/specimen_1/2025_03_06-17_43_05/right_images/1741279397_014175891.png,D4D,specimen_1,2025_03_06-17_43_05,0,True
specimen_1__2025_03_06-17_43_05__1741279396_947596311,specimen_1__2025_03_06-17_43_05,/dtu/p1/leopam/ARGOS/dataset/D4D/raw/extracted/specimen_1/specimen_1/2025_03_06-17_43_05/left_images/1741279396_947596311.png,/dtu/p1/leopam/ARGOS/dataset/D4D/raw/extracted/specimen_1/specimen_1/2025_03_06-17_43_05/right_images/1741279396_947596311.png,D4D,specimen_1,2025_03_06-17_43_05,1,True
specimen_1__2025_03_06-17_43_05__1741279396_892775535,specimen_1__2025_03_06-17_43_05,/dtu/p1/leopam/ARGOS/dataset/D4D/raw/extracted/specimen_1/specimen_1/2025_03_06-17_43_05/left_images/1741279396_892775535.png,/dtu/p1/leopam/ARGOS/dataset/D4D/raw/extracted/specimen_1/specimen_1/2025_03_06-17_43_05/right_images/1741279396_892775535.png,D4D,specimen_1,2025_03_06-17_43_05,2,True
specimen_1__2025_03_06-17_43_05__1741279396_837743520,specimen_1__2025_03_06-17_43_05,/dtu/p1/leopam/ARGOS/dataset/D4D/raw/extracted/specimen_1/specimen_1/2025_03_06-17_43_05/left_images/1741279396_837743520.png,/dtu/p1/leopam/ARGOS/dataset/D4D/raw/extracted/specimen_1/specimen_1/2025_03_06-17_43_05/right_images/1741279396_837743520.png,D4D,specimen_1,2025_03_06-17_43_05,3,True
specimen_1__2025_03_06-17_46_07__1741279573_107909202,specimen_1__2025_03_06-17_46_07,/dtu/p1/leopam/ARGOS/dataset/D4D/raw/extracted/specimen_1/specimen_1/2025_03_06-17_46_07/left_images/1741279573_107909202.png,/dtu/p1/leopam/ARGOS/dataset/D4D/raw/extracted/specimen_1/specimen_1/2025_03_06-17_46_07/right_images/1741279573_107909202.png,D4D,specimen_1,2025_03_06-17_46_07,0,True
specimen_1__2025_03_06-17_46_07__1741279573_041488409,specimen_1__2025_03_06-17_46_07,/dtu/p1/leopam/ARGOS/dataset/D4D/raw/extracted/specimen_1/specimen_1/2025_03_06-17_46_07/left_images/1741279573_041488409.png,/dtu/p1/leopam/ARGOS/dataset/D4D/raw/extracted/specimen_1/specimen_1/2025_03_06-17_46_07/right_images/1741279573_041488409.png,D4D,specimen_1,2025_03_06-17_46_07,1,True
specimen_1__2025_03_06-17_46_07__1741279572_948074817,specimen_1__2025_03_06-17_46_07,/dtu/p1/leopam/ARGOS/dataset/D4D/raw/extracted/specimen_1/specimen_1/2025_03_06-17_46_07/left_images/1741279572_948074817.png,/dtu/p1/leopam/ARGOS/dataset/D4D/raw/extracted/specimen_1/specimen_1/2025_03_06-17_46_07/right_images/1741279572_948074817.png,D4D,specimen_1,2025_03_06-17_46_07,2,True
specimen_1__2025_03_06-17_46_07__1741279572_893468618,specimen_1__2025_03_06-17_46_07,/dtu/p1/leopam/ARGOS/dataset/D4D/raw/extracted/specimen_1/specimen_1/2025_03_06-17_46_07/left_images/1741279572_893468618.png,/dtu/p1/leopam/ARGOS/dataset/D4D/raw/extracted/specimen_1/specimen_1/2025_03_06-17_46_07/right_images/1741279572_893468618.png,D4D,specimen_1,2025_03_06-17_46_07,3,True
specimen_1__2025_03_06-17_46_07__1741279592_460282802,specimen_1__2025_03_06-17_46_07,/dtu/p1/leopam/ARGOS/dataset/D4D/raw/extracted/specimen_1/specimen_1/2025_03_06-17_46_07/left_images/1741279592_460282802.png,/dtu/p1/leopam/ARGOS/dataset/D4D/raw/extracted/specimen_1/specimen_1/2025_03_06-17_46_07/right_images/1741279592_460282802.png,D4D,specimen_1,2025_03_06-17_46_07,0,True
specimen_1__2025_03_06-17_46_07__1741279592_393744707,specimen_1__2025_03_06-17_46_07,/dtu/p1/leopam/ARGOS/dataset/D4D/raw/extracted/specimen_1/specimen_1/2025_03_06-17_46_07/left_images/1741279592_393744707.png,/dtu/p1/leopam/ARGOS/dataset/D4D/raw/extracted/specimen_1/specimen_1/2025_03_06-17_46_07/right_images/1741279592_393744707.png,D4D,specimen_1,2025_03_06-17_46_07,1,True
specimen_1__2025_03_06-17_46_07__1741279592_339194297,specimen_1__2025_03_06-17_46_07,/dtu/p1/leopam/ARGOS/dataset/D4D/raw/extracted/specimen_1/specimen_1/2025_03_06-17_46_07/left_images/1741279592_339194297.png,/dtu/p1/leopam/ARGOS/dataset/D4D/raw/extracted/specimen_1/specimen_1/2025_03_06-17_46_07/right_images/1741279592_339194297.png,D4D,specimen_1,2025_03_06-17_46_07,2,True
specimen_1__2025_03_06-17_46_07__1741279592_283551931,specimen_1__2025_03_06-17_46_07,/dtu/p1/leopam/ARGOS/dataset/D4D/raw/extracted/specimen_1/specimen_1/2025_03_06-17_46_07/left_images/1741279592_283551931.png,/dtu/p1/leopam/ARGOS/dataset/D4D/raw/extracted/specimen_1/specimen_1/2025_03_06-17_46_07/right_images/1741279592_283551931.png,D4D,specimen_1,2025_03_06-17_46_07,3,True
specimen_1__2025_03_06-17_46_07__1741279602_670526742,specimen_1__2025_03_06-17_46_07,/dtu/p1/leopam/ARGOS/dataset/D4D/raw/extracted/specimen_1/specimen_1/2025_03_06-17_46_07/left_images/1741279602_670526742.png,/dtu/p1/leopam/ARGOS/dataset/D4D/raw/extracted/specimen_1/specimen_1/2025_03_06-17_46_07/right_images/1741279602_670526742.png,D4D,specimen_1,2025_03_06-17_46_07,0,True
specimen_1__2025_03_06-17_46_07__1741279602_615632772,specimen_1__2025_03_06-17_46_07,/dtu/p1/leopam/ARGOS/dataset/D4D/raw/extracted/specimen_1/specimen_1/2025_03_06-17_46_07/left_images/1741279602_615632772.png,/dtu/p1/leopam/ARGOS/dataset/D4D/raw/extracted/specimen_1/specimen_1/2025_03_06-17_46_07/right_images/1741279602_615632772.png,D4D,specimen_1,2025_03_06-17_46_07,1,True
specimen_1__2025_03_06-17_46_07__1741279602_560579538,specimen_1__2025_03_06-17_46_07,/dtu/p1/leopam/ARGOS/dataset/D4D/raw/extracted/specimen_1/specimen_1/2025_03_06-17_46_07/left_images/1741279602_560579538.png,/dtu/p1/leopam/ARGOS/dataset/D4D/raw/extracted/specimen_1/specimen_1/2025_03_06-17_46_07/right_images/1741279602_560579538.png,D4D,specimen_1,2025_03_06-17_46_07,2,True
specimen_1__2025_03_06-17_46_07__1741279602_494205474,specimen_1__2025_03_06-17_46_07,/dtu/p1/leopam/ARGOS/dataset/D4D/raw/extracted/specimen_1/specimen_1/2025_03_06-17_46_07/left_images/1741279602_494205474.png,/dtu/p1/leopam/ARGOS/dataset/D4D/raw/extracted/specimen_1/specimen_1/2025_03_06-17_46_07/right_images/1741279602_494205474.png,D4D,specimen_1,2025_03_06-17_46_07,3,True
specimen_1__2025_03_06-17_46_07__1741279610_874241590,specimen_1__2025_03_06-17_46_07,/dtu/p1/leopam/ARGOS/dataset/D4D/raw/extracted/specimen_1/specimen_1/2025_03_06-17_46_07/left_images/1741279610_874241590.png,/dtu/p1/leopam/ARGOS/dataset/D4D/raw/extracted/specimen_1/specimen_1/2025_03_06-17_46_07/right_images/1741279610_874241590.png,D4D,specimen_1,2025_03_06-17_46_07,0,True
specimen_1__2025_03_06-17_46_07__1741279610_819770097,specimen_1__2025_03_06-17_46_07,/dtu/p1/leopam/ARGOS/dataset/D4D/raw/extracted/specimen_1/specimen_1/2025_03_06-17_46_07/left_images/1741279610_819770097.png,/dtu/p1/leopam/ARGOS/dataset/D4D/raw/extracted/specimen_1/specimen_1/2025_03_06-17_46_07/right_images/1741279610_819770097.png,D4D,specimen_1,2025_03_06-17_46_07,1,True
specimen_1__2025_03_06-17_46_07__1741279610_752893209,specimen_1__2025_03_06-17_46_07,/dtu/p1/leopam/ARGOS/dataset/D4D/raw/extracted/specimen_1/specimen_1/2025_03_06-17_46_07/left_images/1741279610_752893209.png,/dtu/p1/leopam/ARGOS/dataset/D4D/raw/extracted/specimen_1/specimen_1/2025_03_06-17_46_07/right_images/1741279610_752893209.png,D4D,specimen_1,2025_03_06-17_46_07,2,True
specimen_1__2025_03_06-17_46_07__1741279610_697594642,specimen_1__2025_03_06-17_46_07,/dtu/p1/leopam/ARGOS/dataset/D4D/raw/extracted/specimen_1/specimen_1/2025_03_06-17_46_07/left_images/1741279610_697594642.png,/dtu/p1/leopam/ARGOS/dataset/D4D/raw/extracted/specimen_1/specimen_1/2025_03_06-17_46_07/right_images/1741279610_697594642.png,D4D,specimen_1,2025_03_06-17_46_07,3,True
specimen_1__2025_03_06-17_46_07__1741279619_639563798,specimen_1__2025_03_06-17_46_07,/dtu/p1/leopam/ARGOS/dataset/D4D/raw/extracted/specimen_1/specimen_1/2025_03_06-17_46_07/left_images/1741279619_639563798.png,/dtu/p1/leopam/ARGOS/dataset/D4D/raw/extracted/specimen_1/specimen_1/2025_03_06-17_46_07/right_images/1741279619_639563798.png,D4D,specimen_1,2025_03_06-17_46_07,0,True
specimen_1__2025_03_06-17_46_07__1741279619_573100566,specimen_1__2025_03_06-17_46_07,/dtu/p1/leopam/ARGOS/dataset/D4D/raw/extracted/specimen_1/specimen_1/2025_03_06-17_46_07/left_images/1741279619_573100566.png,/dtu/p1/leopam/ARGOS/dataset/D4D/raw/extracted/specimen_1/specimen_1/2025_03_06-17_46_07/right_images/1741279619_573100566.png,D4D,specimen_1,2025_03_06-17_46_07,1,True
specimen_1__2025_03_06-17_46_07__1741279619_518001556,specimen_1__2025_03_06-17_46_07,/dtu/p1/leopam/ARGOS/dataset/D4D/raw/extracted/specimen_1/specimen_1/2025_03_06-17_46_07/left_images/1741279619_518001556.png,/dtu/p1/leopam/ARGOS/dataset/D4D/raw/extracted/specimen_1/specimen_1/2025_03_06-17_46_07/right_images/1741279619_518001556.png,D4D,specimen_1,2025_03_06-17_46_07,2,True
specimen_1__2025_03_06-17_46_07__1741279619_462440013,specimen_1__2025_03_06-17_46_07,/dtu/p1/leopam/ARGOS/dataset/D4D/raw/extracted/specimen_1/specimen_1/2025_03_06-17_46_07/left_images/1741279619_462440013.png,/dtu/p1/leopam/ARGOS/dataset/D4D/raw/extracted/specimen_1/specimen_1/2025_03_06-17_46_07/right_images/1741279619_462440013.png,D4D,specimen_1,2025_03_06-17_46_07,3,True
specimen_1__2025_03_06-17_50_08__1741279833_122301101,specimen_1__2025_03_06-17_50_08,/dtu/p1/leopam/ARGOS/dataset/D4D/raw/extracted/specimen_1/specimen_1/2025_03_06-17_50_08/left_images/1741279833_122301101.png,/dtu/p1/leopam/ARGOS/dataset/D4D/raw/extracted/specimen_1/specimen_1/2025_03_06-17_50_08/right_images/1741279833_122301101.png,D4D,specimen_1,2025_03_06-17_50_08,0,True
specimen_1__2025_03_06-17_50_08__1741279833_055641412,specimen_1__2025_03_06-17_50_08,/dtu/p1/leopam/ARGOS/dataset/D4D/raw/extracted/specimen_1/specimen_1/2025_03_06-17_50_08/left_images/1741279833_055641412.png,/dtu/p1/leopam/ARGOS/dataset/D4D/raw/extracted/specimen_1/specimen_1/2025_03_06-17_50_08/right_images/1741279833_055641412.png,D4D,specimen_1,2025_03_06-17_50_08,1,True
specimen_1__2025_03_06-17_50_08__1741279833_000460624,specimen_1__2025_03_06-17_50_08,/dtu/p1/leopam/ARGOS/dataset/D4D/raw/extracted/specimen_1/specimen_1/2025_03_06-17_50_08/left_images/1741279833_000460624.png,/dtu/p1/leopam/ARGOS/dataset/D4D/raw/extracted/specimen_1/specimen_1/2025_03_06-17_50_08/right_images/1741279833_000460624.png,D4D,specimen_1,2025_03_06-17_50_08,2,True
specimen_1__2025_03_06-17_50_08__1741279832_944309711,specimen_1__2025_03_06-17_50_08,/dtu/p1/leopam/ARGOS/dataset/D4D/raw/extracted/specimen_1/specimen_1/2025_03_06-17_50_08/left_images/1741279832_944309711.png,/dtu/p1/leopam/ARGOS/dataset/D4D/raw/extracted/specimen_1/specimen_1/2025_03_06-17_50_08/right_images/1741279832_944309711.png,D4D,specimen_1,2025_03_06-17_50_08,3,True
specimen_1__2025_03_06-17_50_08__1741279814_889631032,specimen_1__2025_03_06-17_50_08,/dtu/p1/leopam/ARGOS/dataset/D4D/raw/extracted/specimen_1/specimen_1/2025_03_06-17_50_08/left_images/1741279814_889631032.png,/dtu/p1/leopam/ARGOS/dataset/D4D/raw/extracted/specimen_1/specimen_1/2025_03_06-17_50_08/right_images/1741279814_889631032.png,D4D,specimen_1,2025_03_06-17_50_08,0,True
specimen_1__2025_03_06-17_50_08__1741279814_823224306,specimen_1__2025_03_06-17_50_08,/dtu/p1/leopam/ARGOS/dataset/D4D/raw/extracted/specimen_1/specimen_1/2025_03_06-17_50_08/left_images/1741279814_823224306.png,/dtu/p1/leopam/ARGOS/dataset/D4D/raw/extracted/specimen_1/specimen_1/2025_03_06-17_50_08/right_images/1741279814_823224306.png,D4D,specimen_1,2025_03_06-17_50_08,1,True
specimen_1__2025_03_06-17_50_08__1741279814_769386768,specimen_1__2025_03_06-17_50_08,/dtu/p1/leopam/ARGOS/dataset/D4D/raw/extracted/specimen_1/specimen_1/2025_03_06-17_50_08/left_images/1741279814_769386768.png,/dtu/p1/leopam/ARGOS/dataset/D4D/raw/extracted/specimen_1/specimen_1/2025_03_06-17_50_08/right_images/1741279814_769386768.png,D4D,specimen_1,2025_03_06-17_50_08,2,True
specimen_1__2025_03_06-17_50_08__1741279814_713647603,specimen_1__2025_03_06-17_50_08,/dtu/p1/leopam/ARGOS/dataset/D4D/raw/extracted/specimen_1/specimen_1/2025_03_06-17_50_08/left_images/1741279814_713647603.png,/dtu/p1/leopam/ARGOS/dataset/D4D/raw/extracted/specimen_1/specimen_1/2025_03_06-17_50_08/right_images/1741279814_713647603.png,D4D,specimen_1,2025_03_06-17_50_08,3,True
specimen_1__2025_03_06-17_51_03__1741279879_525370836,specimen_1__2025_03_06-17_51_03,/dtu/p1/leopam/ARGOS/dataset/D4D/raw/extracted/specimen_1/specimen_1/2025_03_06-17_51_03/left_images/1741279879_525370836.png,/dtu/p1/leopam/ARGOS/dataset/D4D/raw/extracted/specimen_1/specimen_1/2025_03_06-17_51_03/right_images/1741279879_525370836.png,D4D,specimen_1,2025_03_06-17_51_03,0,True
specimen_1__2025_03_06-17_51_03__1741279879_470922708,specimen_1__2025_03_06-17_51_03,/dtu/p1/leopam/ARGOS/dataset/D4D/raw/extracted/specimen_1/specimen_1/2025_03_06-17_51_03/left_images/1741279879_470922708.png,/dtu/p1/leopam/ARGOS/dataset/D4D/raw/extracted/specimen_1/specimen_1/2025_03_06-17_51_03/right_images/1741279879_470922708.png,D4D,specimen_1,2025_03_06-17_51_03,1,True
specimen_1__2025_03_06-17_51_03__1741279879_416027069,specimen_1__2025_03_06-17_51_03,/dtu/p1/leopam/ARGOS/dataset/D4D/raw/extracted/specimen_1/specimen_1/2025_03_06-17_51_03/left_images/1741279879_416027069.png,/dtu/p1/leopam/ARGOS/dataset/D4D/raw/extracted/specimen_1/specimen_1/2025_03_06-17_51_03/right_images/1741279879_416027069.png,D4D,specimen_1,2025_03_06-17_51_03,2,True
specimen_1__2025_03_06-17_51_03__1741279879_348276853,specimen_1__2025_03_06-17_51_03,/dtu/p1/leopam/ARGOS/dataset/D4D/raw/extracted/specimen_1/specimen_1/2025_03_06-17_51_03/left_images/1741279879_348276853.png,/dtu/p1/leopam/ARGOS/dataset/D4D/raw/extracted/specimen_1/specimen_1/2025_03_06-17_51_03/right_images/1741279879_348276853.png,D4D,specimen_1,2025_03_06-17_51_03,3,True
specimen_1__2025_03_06-17_51_03__1741279888_274587154,specimen_1__2025_03_06-17_51_03,/dtu/p1/leopam/ARGOS/dataset/D4D/raw/extracted/specimen_1/specimen_1/2025_03_06-17_51_03/left_images/1741279888_274587154.png,/dtu/p1/leopam/ARGOS/dataset/D4D/raw/extracted/specimen_1/specimen_1/2025_03_06-17_51_03/right_images/1741279888_274587154.png,D4D,specimen_1,2025_03_06-17_51_03,0,True
specimen_1__2025_03_06-17_51_03__1741279888_220182180,specimen_1__2025_03_06-17_51_03,/dtu/p1/leopam/ARGOS/dataset/D4D/raw/extracted/specimen_1/specimen_1/2025_03_06-17_51_03/left_images/1741279888_220182180.png,/dtu/p1/leopam/ARGOS/dataset/D4D/raw/extracted/specimen_1/specimen_1/2025_03_06-17_51_03/right_images/1741279888_220182180.png,D4D,specimen_1,2025_03_06-17_51_03,1,True
specimen_1__2025_03_06-17_51_03__1741279888_127241849,specimen_1__2025_03_06-17_51_03,/dtu/p1/leopam/ARGOS/dataset/D4D/raw/extracted/specimen_1/specimen_1/2025_03_06-17_51_03/left_images/1741279888_127241849.png,/dtu/p1/leopam/ARGOS/dataset/D4D/raw/extracted/specimen_1/specimen_1/2025_03_06-17_51_03/right_images/1741279888_127241849.png,D4D,specimen_1,2025_03_06-17_51_03,2,True
specimen_1__2025_03_06-17_51_03__1741279888_072530508,specimen_1__2025_03_06-17_51_03,/dtu/p1/leopam/ARGOS/dataset/D4D/raw/extracted/specimen_1/specimen_1/2025_03_06-17_51_03/left_images/1741279888_072530508.png,/dtu/p1/leopam/ARGOS/dataset/D4D/raw/extracted/specimen_1/specimen_1/2025_03_06-17_51_03/right_images/1741279888_072530508.png,D4D,specimen_1,2025_03_06-17_51_03,3,True
specimen_1__2025_03_06-17_51_03__1741279896_845916986,specimen_1__2025_03_06-17_51_03,/dtu/p1/leopam/ARGOS/dataset/D4D/raw/extracted/specimen_1/specimen_1/2025_03_06-17_51_03/left_images/1741279896_845916986.png,/dtu/p1/leopam/ARGOS/dataset/D4D/raw/extracted/specimen_1/specimen_1/2025_03_06-17_51_03/right_images/1741279896_845916986.png,D4D,specimen_1,2025_03_06-17_51_03,0,True
specimen_1__2025_03_06-17_51_03__1741279896_791260957,specimen_1__2025_03_06-17_51_03,/dtu/p1/leopam/ARGOS/dataset/D4D/raw/extracted/specimen_1/specimen_1/2025_03_06-17_51_03/left_images/1741279896_791260957.png,/dtu/p1/leopam/ARGOS/dataset/D4D/raw/extracted/specimen_1/specimen_1/2025_03_06-17_51_03/right_images/1741279896_791260957.png,D4D,specimen_1,2025_03_06-17_51_03,1,True
specimen_1__2025_03_06-17_51_03__1741279896_735079526,specimen_1__2025_03_06-17_51_03,/dtu/p1/leopam/ARGOS/dataset/D4D/raw/extracted/specimen_1/specimen_1/2025_03_06-17_51_03/left_images/1741279896_735079526.png,/dtu/p1/leopam/ARGOS/dataset/D4D/raw/extracted/specimen_1/specimen_1/2025_03_06-17_51_03/right_images/1741279896_735079526.png,D4D,specimen_1,2025_03_06-17_51_03,2,True
specimen_1__2025_03_06-17_51_03__1741279896_668546199,specimen_1__2025_03_06-17_51_03,/dtu/p1/leopam/ARGOS/dataset/D4D/raw/extracted/specimen_1/specimen_1/2025_03_06-17_51_03/left_images/1741279896_668546199.png,/dtu/p1/leopam/ARGOS/dataset/D4D/raw/extracted/specimen_1/specimen_1/2025_03_06-17_51_03/right_images/1741279896_668546199.png,D4D,specimen_1,2025_03_06-17_51_03,3,True
specimen_1__2025_03_06-17_51_03__1741279907_282327890,specimen_1__2025_03_06-17_51_03,/dtu/p1/leopam/ARGOS/dataset/D4D/raw/extracted/specimen_1/specimen_1/2025_03_06-17_51_03/left_images/1741279907_282327890.png,/dtu/p1/leopam/ARGOS/dataset/D4D/raw/extracted/specimen_1/specimen_1/2025_03_06-17_51_03/right_images/1741279907_282327890.png,D4D,specimen_1,2025_03_06-17_51_03,0,True
specimen_1__2025_03_06-17_51_03__1741279907_228853702,specimen_1__2025_03_06-17_51_03,/dtu/p1/leopam/ARGOS/dataset/D4D/raw/extracted/specimen_1/specimen_1/2025_03_06-17_51_03/left_images/1741279907_228853702.png,/dtu/p1/leopam/ARGOS/dataset/D4D/raw/extracted/specimen_1/specimen_1/2025_03_06-17_51_03/right_images/1741279907_228853702.png,D4D,specimen_1,2025_03_06-17_51_03,1,True
specimen_1__2025_03_06-17_51_03__1741279907_161633014,specimen_1__2025_03_06-17_51_03,/dtu/p1/leopam/ARGOS/dataset/D4D/raw/extracted/specimen_1/specimen_1/2025_03_06-17_51_03/left_images/1741279907_161633014.png,/dtu/p1/leopam/ARGOS/dataset/D4D/raw/extracted/specimen_1/specimen_1/2025_03_06-17_51_03/right_images/1741279907_161633014.png,D4D,specimen_1,2025_03_06-17_51_03,2,True
specimen_1__2025_03_06-17_51_03__1741279907_107080221,specimen_1__2025_03_06-17_51_03,/dtu/p1/leopam/ARGOS/dataset/D4D/raw/extracted/specimen_1/specimen_1/2025_03_06-17_51_03/left_images/1741279907_107080221.png,/dtu/p1/leopam/ARGOS/dataset/D4D/raw/extracted/specimen_1/specimen_1/2025_03_06-17_51_03/right_images/1741279907_107080221.png,D4D,specimen_1,2025_03_06-17_51_03,3,True
specimen_1__2025_03_06-17_51_03__1741279919_146309852,specimen_1__2025_03_06-17_51_03,/dtu/p1/leopam/ARGOS/dataset/D4D/raw/extracted/specimen_1/specimen_1/2025_03_06-17_51_03/left_images/1741279919_146309852.png,/dtu/p1/leopam/ARGOS/dataset/D4D/raw/extracted/specimen_1/specimen_1/2025_03_06-17_51_03/right_images/1741279919_146309852.png,D4D,specimen_1,2025_03_06-17_51_03,0,True
specimen_1__2025_03_06-17_51_03__1741279919_079456329,specimen_1__2025_03_06-17_51_03,/dtu/p1/leopam/ARGOS/dataset/D4D/raw/extracted/specimen_1/specimen_1/2025_03_06-17_51_03/left_images/1741279919_079456329.png,/dtu/p1/leopam/ARGOS/dataset/D4D/raw/extracted/specimen_1/specimen_1/2025_03_06-17_51_03/right_images/1741279919_079456329.png,D4D,specimen_1,2025_03_06-17_51_03,1,True
specimen_1__2025_03_06-17_51_03__1741279919_025708436,specimen_1__2025_03_06-17_51_03,/dtu/p1/leopam/ARGOS/dataset/D4D/raw/extracted/specimen_1/specimen_1/2025_03_06-17_51_03/left_images/1741279919_025708436.png,/dtu/p1/leopam/ARGOS/dataset/D4D/raw/extracted/specimen_1/specimen_1/2025_03_06-17_51_03/right_images/1741279919_025708436.png,D4D,specimen_1,2025_03_06-17_51_03,2,True
specimen_1__2025_03_06-17_51_03__1741279918_970389604,specimen_1__2025_03_06-17_51_03,/dtu/p1/leopam/ARGOS/dataset/D4D/raw/extracted/specimen_1/specimen_1/2025_03_06-17_51_03/left_images/1741279918_970389604.png,/dtu/p1/leopam/ARGOS/dataset/D4D/raw/extracted/specimen_1/specimen_1/2025_03_06-17_51_03/right_images/1741279918_970389604.png,D4D,specimen_1,2025_03_06-17_51_03,3,True
specimen_2__2025_04_10-16_07_15__1744294083_538976430,specimen_2__2025_04_10-16_07_15,/dtu/p1/leopam/ARGOS/dataset/D4D/raw/extracted/specimen_2/2025_04_10-16_07_15/left_images/1744294083_538976430.png,/dtu/p1/leopam/ARGOS/dataset/D4D/raw/extracted/specimen_2/2025_04_10-16_07_15/right_images/1744294083_538976430.png,D4D,specimen_2,2025_04_10-16_07_15,0,True
specimen_2__2025_04_10-16_07_15__1744294083_504939794,specimen_2__2025_04_10-16_07_15,/dtu/p1/leopam/ARGOS/dataset/D4D/raw/extracted/specimen_2/2025_04_10-16_07_15/left_images/1744294083_504939794.png,/dtu/p1/leopam/ARGOS/dataset/D4D/raw/extracted/specimen_2/2025_04_10-16_07_15/right_images/1744294083_504939794.png,D4D,specimen_2,2025_04_10-16_07_15,1,True
specimen_2__2025_04_10-16_07_15__1744294083_472864627,specimen_2__2025_04_10-16_07_15,/dtu/p1/leopam/ARGOS/dataset/D4D/raw/extracted/specimen_2/2025_04_10-16_07_15/left_images/1744294083_472864627.png,/dtu/p1/leopam/ARGOS/dataset/D4D/raw/extracted/specimen_2/2025_04_10-16_07_15/right_images/1744294083_472864627.png,D4D,specimen_2,2025_04_10-16_07_15,2,True
specimen_2__2025_04_10-16_07_15__1744294083_439735174,specimen_2__2025_04_10-16_07_15,/dtu/p1/leopam/ARGOS/dataset/D4D/raw/extracted/specimen_2/2025_04_10-16_07_15/left_images/1744294083_439735174.png,/dtu/p1/leopam/ARGOS/dataset/D4D/raw/extracted/specimen_2/2025_04_10-16_07_15/right_images/1744294083_439735174.png,D4D,specimen_2,2025_04_10-16_07_15,3,True
specimen_2__2025_04_10-16_07_15__1744294061_039222002,specimen_2__2025_04_10-16_07_15,/dtu/p1/leopam/ARGOS/dataset/D4D/raw/extracted/specimen_2/2025_04_10-16_07_15/left_images/1744294061_039222002.png,/dtu/p1/leopam/ARGOS/dataset/D4D/raw/extracted/specimen_2/2025_04_10-16_07_15/right_images/1744294061_039222002.png,D4D,specimen_2,2025_04_10-16_07_15,0,True
specimen_2__2025_04_10-16_07_15__1744294061_005012750,specimen_2__2025_04_10-16_07_15,/dtu/p1/leopam/ARGOS/dataset/D4D/raw/extracted/specimen_2/2025_04_10-16_07_15/left_images/1744294061_005012750.png,/dtu/p1/leopam/ARGOS/dataset/D4D/raw/extracted/specimen_2/2025_04_10-16_07_15/right_images/1744294061_005012750.png,D4D,specimen_2,2025_04_10-16_07_15,1,True
specimen_2__2025_04_10-16_07_15__1744294060_972445487,specimen_2__2025_04_10-16_07_15,/dtu/p1/leopam/ARGOS/dataset/D4D/raw/extracted/specimen_2/2025_04_10-16_07_15/left_images/1744294060_972445487.png,/dtu/p1/leopam/ARGOS/dataset/D4D/raw/extracted/specimen_2/2025_04_10-16_07_15/right_images/1744294060_972445487.png,D4D,specimen_2,2025_04_10-16_07_15,2,True
specimen_2__2025_04_10-16_07_15__1744294060_939038038,specimen_2__2025_04_10-16_07_15,/dtu/p1/leopam/ARGOS/dataset/D4D/raw/extracted/specimen_2/2025_04_10-16_07_15/left_images/1744294060_939038038.png,/dtu/p1/leopam/ARGOS/dataset/D4D/raw/extracted/specimen_2/2025_04_10-16_07_15/right_images/1744294060_939038038.png,D4D,specimen_2,2025_04_10-16_07_15,3,True
specimen_2__2025_04_10-16_08_53__1744294158_406133651,specimen_2__2025_04_10-16_08_53,/dtu/p1/leopam/ARGOS/dataset/D4D/raw/extracted/specimen_2/2025_04_10-16_08_53/left_images/1744294158_406133651.png,/dtu/p1/leopam/ARGOS/dataset/D4D/raw/extracted/specimen_2/2025_04_10-16_08_53/right_images/1744294158_406133651.png,D4D,specimen_2,2025_04_10-16_08_53,0,True
specimen_2__2025_04_10-16_08_53__1744294158_372843503,specimen_2__2025_04_10-16_08_53,/dtu/p1/leopam/ARGOS/dataset/D4D/raw/extracted/specimen_2/2025_04_10-16_08_53/left_images/1744294158_372843503.png,/dtu/p1/leopam/ARGOS/dataset/D4D/raw/extracted/specimen_2/2025_04_10-16_08_53/right_images/1744294158_372843503.png,D4D,specimen_2,2025_04_10-16_08_53,1,True
specimen_2__2025_04_10-16_08_53__1744294158_339429616,specimen_2__2025_04_10-16_08_53,/dtu/p1/leopam/ARGOS/dataset/D4D/raw/extracted/specimen_2/2025_04_10-16_08_53/left_images/1744294158_339429616.png,/dtu/p1/leopam/ARGOS/dataset/D4D/raw/extracted/specimen_2/2025_04_10-16_08_53/right_images/1744294158_339429616.png,D4D,specimen_2,2025_04_10-16_08_53,2,True
specimen_2__2025_04_10-16_08_53__1744294158_306369066,specimen_2__2025_04_10-16_08_53,/dtu/p1/leopam/ARGOS/dataset/D4D/raw/extracted/specimen_2/2025_04_10-16_08_53/left_images/1744294158_306369066.png,/dtu/p1/leopam/ARGOS/dataset/D4D/raw/extracted/specimen_2/2025_04_10-16_08_53/right_images/1744294158_306369066.png,D4D,specimen_2,2025_04_10-16_08_53,3,True
specimen_2__2025_04_10-16_08_53__1744294140_239328861,specimen_2__2025_04_10-16_08_53,/dtu/p1/leopam/ARGOS/dataset/D4D/raw/extracted/specimen_2/2025_04_10-16_08_53/left_images/1744294140_239328861.png,/dtu/p1/leopam/ARGOS/dataset/D4D/raw/extracted/specimen_2/2025_04_10-16_08_53/right_images/1744294140_239328861.png,D4D,specimen_2,2025_04_10-16_08_53,0,True
specimen_2__2025_04_10-16_08_53__1744294140_206898689,specimen_2__2025_04_10-16_08_53,/dtu/p1/leopam/ARGOS/dataset/D4D/raw/extracted/specimen_2/2025_04_10-16_08_53/left_images/1744294140_206898689.png,/dtu/p1/leopam/ARGOS/dataset/D4D/raw/extracted/specimen_2/2025_04_10-16_08_53/right_images/1744294140_206898689.png,D4D,specimen_2,2025_04_10-16_08_53,1,True
specimen_2__2025_04_10-16_08_53__1744294140_173518180,specimen_2__2025_04_10-16_08_53,/dtu/p1/leopam/ARGOS/dataset/D4D/raw/extracted/specimen_2/2025_04_10-16_08_53/left_images/1744294140_173518180.png,/dtu/p1/leopam/ARGOS/dataset/D4D/raw/extracted/specimen_2/2025_04_10-16_08_53/right_images/1744294140_173518180.png,D4D,specimen_2,2025_04_10-16_08_53,2,True
specimen_2__2025_04_10-16_08_53__1744294140_140290021,specimen_2__2025_04_10-16_08_53,/dtu/p1/leopam/ARGOS/dataset/D4D/raw/extracted/specimen_2/2025_04_10-16_08_53/left_images/1744294140_140290021.png,/dtu/p1/leopam/ARGOS/dataset/D4D/raw/extracted/specimen_2/2025_04_10-16_08_53/right_images/1744294140_140290021.png,D4D,specimen_2,2025_04_10-16_08_53,3,True
specimen_2__2025_04_10-16_08_53__1744294172_039264440,specimen_2__2025_04_10-16_08_53,/dtu/p1/leopam/ARGOS/dataset/D4D/raw/extracted/specimen_2/2025_04_10-16_08_53/left_images/1744294172_039264440.png,/dtu/p1/leopam/ARGOS/dataset/D4D/raw/extracted/specimen_2/2025_04_10-16_08_53/right_images/1744294172_039264440.png,D4D,specimen_2,2025_04_10-16_08_53,0,True
specimen_2__2025_04_10-16_08_53__1744294172_006070613,specimen_2__2025_04_10-16_08_53,/dtu/p1/leopam/ARGOS/dataset/D4D/raw/extracted/specimen_2/2025_04_10-16_08_53/left_images/1744294172_006070613.png,/dtu/p1/leopam/ARGOS/dataset/D4D/raw/extracted/specimen_2/2025_04_10-16_08_53/right_images/1744294172_006070613.png,D4D,specimen_2,2025_04_10-16_08_53,1,True
specimen_2__2025_04_10-16_08_53__1744294171_972712516,specimen_2__2025_04_10-16_08_53,/dtu/p1/leopam/ARGOS/dataset/D4D/raw/extracted/specimen_2/2025_04_10-16_08_53/left_images/1744294171_972712516.png,/dtu/p1/leopam/ARGOS/dataset/D4D/raw/extracted/specimen_2/2025_04_10-16_08_53/right_images/1744294171_972712516.png,D4D,specimen_2,2025_04_10-16_08_53,2,True
specimen_2__2025_04_10-16_08_53__1744294171_939447402,specimen_2__2025_04_10-16_08_53,/dtu/p1/leopam/ARGOS/dataset/D4D/raw/extracted/specimen_2/2025_04_10-16_08_53/left_images/1744294171_939447402.png,/dtu/p1/leopam/ARGOS/dataset/D4D/raw/extracted/specimen_2/2025_04_10-16_08_53/right_images/1744294171_939447402.png,D4D,specimen_2,2025_04_10-16_08_53,3,True
specimen_2__2025_04_10-16_08_53__1744294190_338742733,specimen_2__2025_04_10-16_08_53,/dtu/p1/leopam/ARGOS/dataset/D4D/raw/extracted/specimen_2/2025_04_10-16_08_53/left_images/1744294190_338742733.png,/dtu/p1/leopam/ARGOS/dataset/D4D/raw/extracted/specimen_2/2025_04_10-16_08_53/right_images/1744294190_338742733.png,D4D,specimen_2,2025_04_10-16_08_53,0,True
specimen_2__2025_04_10-16_08_53__1744294190_306044340,specimen_2__2025_04_10-16_08_53,/dtu/p1/leopam/ARGOS/dataset/D4D/raw/extracted/specimen_2/2025_04_10-16_08_53/left_images/1744294190_306044340.png,/dtu/p1/leopam/ARGOS/dataset/D4D/raw/extracted/specimen_2/2025_04_10-16_08_53/right_images/1744294190_306044340.png,D4D,specimen_2,2025_04_10-16_08_53,1,True
specimen_2__2025_04_10-16_08_53__1744294190_271171331,specimen_2__2025_04_10-16_08_53,/dtu/p1/leopam/ARGOS/dataset/D4D/raw/extracted/specimen_2/2025_04_10-16_08_53/left_images/1744294190_271171331.png,/dtu/p1/leopam/ARGOS/dataset/D4D/raw/extracted/specimen_2/2025_04_10-16_08_53/right_images/1744294190_271171331.png,D4D,specimen_2,2025_04_10-16_08_53,2,True
specimen_2__2025_04_10-16_08_53__1744294190_238369464,specimen_2__2025_04_10-16_08_53,/dtu/p1/leopam/ARGOS/dataset/D4D/raw/extracted/specimen_2/2025_04_10-16_08_53/left_images/1744294190_238369464.png,/dtu/p1/leopam/ARGOS/dataset/D4D/raw/extracted/specimen_2/2025_04_10-16_08_53/right_images/1744294190_238369464.png,D4D,specimen_2,2025_04_10-16_08_53,3,True
specimen_2__2025_04_10-16_08_53__1744294204_338754653,specimen_2__2025_04_10-16_08_53,/dtu/p1/leopam/ARGOS/dataset/D4D/raw/extracted/specimen_2/2025_04_10-16_08_53/left_images/1744294204_338754653.png,/dtu/p1/leopam/ARGOS/dataset/D4D/raw/extracted/specimen_2/2025_04_10-16_08_53/right_images/1744294204_338754653.png,D4D,specimen_2,2025_04_10-16_08_53,0,True
specimen_2__2025_04_10-16_08_53__1744294204_305917024,specimen_2__2025_04_10-16_08_53,/dtu/p1/leopam/ARGOS/dataset/D4D/raw/extracted/specimen_2/2025_04_10-16_08_53/left_images/1744294204_305917024.png,/dtu/p1/leopam/ARGOS/dataset/D4D/raw/extracted/specimen_2/2025_04_10-16_08_53/right_images/1744294204_305917024.png,D4D,specimen_2,2025_04_10-16_08_53,1,True
specimen_2__2025_04_10-16_08_53__1744294204_272785186,specimen_2__2025_04_10-16_08_53,/dtu/p1/leopam/ARGOS/dataset/D4D/raw/extracted/specimen_2/2025_04_10-16_08_53/left_images/1744294204_272785186.png,/dtu/p1/leopam/ARGOS/dataset/D4D/raw/extracted/specimen_2/2025_04_10-16_08_53/right_images/1744294204_272785186.png,D4D,specimen_2,2025_04_10-16_08_53,2,True
specimen_2__2025_04_10-16_08_53__1744294204_239276170,specimen_2__2025_04_10-16_08_53,/dtu/p1/leopam/ARGOS/dataset/D4D/raw/extracted/specimen_2/2025_04_10-16_08_53/left_images/1744294204_239276170.png,/dtu/p1/leopam/ARGOS/dataset/D4D/raw/extracted/specimen_2/2025_04_10-16_08_53/right_images/1744294204_239276170.png,D4D,specimen_2,2025_04_10-16_08_53,3,True
specimen_2__2025_04_10-16_13_29__1744294440_072760820,specimen_2__2025_04_10-16_13_29,/dtu/p1/leopam/ARGOS/dataset/D4D/raw/extracted/specimen_2/2025_04_10-16_13_29/left_images/1744294440_072760820.png,/dtu/p1/leopam/ARGOS/dataset/D4D/raw/extracted/specimen_2/2025_04_10-16_13_29/right_images/1744294440_072760820.png,D4D,specimen_2,2025_04_10-16_13_29,0,True
specimen_2__2025_04_10-16_13_29__1744294440_039472103,specimen_2__2025_04_10-16_13_29,/dtu/p1/leopam/ARGOS/dataset/D4D/raw/extracted/specimen_2/2025_04_10-16_13_29/left_images/1744294440_039472103.png,/dtu/p1/leopam/ARGOS/dataset/D4D/raw/extracted/specimen_2/2025_04_10-16_13_29/right_images/1744294440_039472103.png,D4D,specimen_2,2025_04_10-16_13_29,1,True
specimen_2__2025_04_10-16_13_29__1744294440_006508350,specimen_2__2025_04_10-16_13_29,/dtu/p1/leopam/ARGOS/dataset/D4D/raw/extracted/specimen_2/2025_04_10-16_13_29/left_images/1744294440_006508350.png,/dtu/p1/leopam/ARGOS/dataset/D4D/raw/extracted/specimen_2/2025_04_10-16_13_29/right_images/1744294440_006508350.png,D4D,specimen_2,2025_04_10-16_13_29,2,True
specimen_2__2025_04_10-16_13_29__1744294439_973322868,specimen_2__2025_04_10-16_13_29,/dtu/p1/leopam/ARGOS/dataset/D4D/raw/extracted/specimen_2/2025_04_10-16_13_29/left_images/1744294439_973322868.png,/dtu/p1/leopam/ARGOS/dataset/D4D/raw/extracted/specimen_2/2025_04_10-16_13_29/right_images/1744294439_973322868.png,D4D,specimen_2,2025_04_10-16_13_29,3,True
specimen_2__2025_04_10-16_13_29__1744294416_840066432,specimen_2__2025_04_10-16_13_29,/dtu/p1/leopam/ARGOS/dataset/D4D/raw/extracted/specimen_2/2025_04_10-16_13_29/left_images/1744294416_840066432.png,/dtu/p1/leopam/ARGOS/dataset/D4D/raw/extracted/specimen_2/2025_04_10-16_13_29/right_images/1744294416_840066432.png,D4D,specimen_2,2025_04_10-16_13_29,0,True
specimen_2__2025_04_10-16_13_29__1744294416_805332422,specimen_2__2025_04_10-16_13_29,/dtu/p1/leopam/ARGOS/dataset/D4D/raw/extracted/specimen_2/2025_04_10-16_13_29/left_images/1744294416_805332422.png,/dtu/p1/leopam/ARGOS/dataset/D4D/raw/extracted/specimen_2/2025_04_10-16_13_29/right_images/1744294416_805332422.png,D4D,specimen_2,2025_04_10-16_13_29,1,True
specimen_2__2025_04_10-16_13_29__1744294416_773761987,specimen_2__2025_04_10-16_13_29,/dtu/p1/leopam/ARGOS/dataset/D4D/raw/extracted/specimen_2/2025_04_10-16_13_29/left_images/1744294416_773761987.png,/dtu/p1/leopam/ARGOS/dataset/D4D/raw/extracted/specimen_2/2025_04_10-16_13_29/right_images/1744294416_773761987.png,D4D,specimen_2,2025_04_10-16_13_29,2,True
specimen_2__2025_04_10-16_13_29__1744294416_739713907,specimen_2__2025_04_10-16_13_29,/dtu/p1/leopam/ARGOS/dataset/D4D/raw/extracted/specimen_2/2025_04_10-16_13_29/left_images/1744294416_739713907.png,/dtu/p1/leopam/ARGOS/dataset/D4D/raw/extracted/specimen_2/2025_04_10-16_13_29/right_images/1744294416_739713907.png,D4D,specimen_2,2025_04_10-16_13_29,3,True
specimen_2__2025_04_10-16_18_24__1744294729_138015747,specimen_2__2025_04_10-16_18_24,/dtu/p1/leopam/ARGOS/dataset/D4D/raw/extracted/specimen_2/2025_04_10-16_18_24/left_images/1744294729_138015747.png,/dtu/p1/leopam/ARGOS/dataset/D4D/raw/extracted/specimen_2/2025_04_10-16_18_24/right_images/1744294729_138015747.png,D4D,specimen_2,2025_04_10-16_18_24,0,True
specimen_2__2025_04_10-16_18_24__1744294729_104152917,specimen_2__2025_04_10-16_18_24,/dtu/p1/leopam/ARGOS/dataset/D4D/raw/extracted/specimen_2/2025_04_10-16_18_24/left_images/1744294729_104152917.png,/dtu/p1/leopam/ARGOS/dataset/D4D/raw/extracted/specimen_2/2025_04_10-16_18_24/right_images/1744294729_104152917.png,D4D,specimen_2,2025_04_10-16_18_24,1,True
specimen_2__2025_04_10-16_18_24__1744294729_072110176,specimen_2__2025_04_10-16_18_24,/dtu/p1/leopam/ARGOS/dataset/D4D/raw/extracted/specimen_2/2025_04_10-16_18_24/left_images/1744294729_072110176.png,/dtu/p1/leopam/ARGOS/dataset/D4D/raw/extracted/specimen_2/2025_04_10-16_18_24/right_images/1744294729_072110176.png,D4D,specimen_2,2025_04_10-16_18_24,2,True
specimen_2__2025_04_10-16_18_24__1744294729_039281606,specimen_2__2025_04_10-16_18_24,/dtu/p1/leopam/ARGOS/dataset/D4D/raw/extracted/specimen_2/2025_04_10-16_18_24/left_images/1744294729_039281606.png,/dtu/p1/leopam/ARGOS/dataset/D4D/raw/extracted/specimen_2/2025_04_10-16_18_24/right_images/1744294729_039281606.png,D4D,specimen_2,2025_04_10-16_18_24,3,True
specimen_2__2025_04_10-16_18_24__1744294710_339358568,specimen_2__2025_04_10-16_18_24,/dtu/p1/leopam/ARGOS/dataset/D4D/raw/extracted/specimen_2/2025_04_10-16_18_24/left_images/1744294710_339358568.png,/dtu/p1/leopam/ARGOS/dataset/D4D/raw/extracted/specimen_2/2025_04_10-16_18_24/right_images/1744294710_339358568.png,D4D,specimen_2,2025_04_10-16_18_24,0,True
specimen_2__2025_04_10-16_18_24__1744294710_305197238,specimen_2__2025_04_10-16_18_24,/dtu/p1/leopam/ARGOS/dataset/D4D/raw/extracted/specimen_2/2025_04_10-16_18_24/left_images/1744294710_305197238.png,/dtu/p1/leopam/ARGOS/dataset/D4D/raw/extracted/specimen_2/2025_04_10-16_18_24/right_images/1744294710_305197238.png,D4D,specimen_2,2025_04_10-16_18_24,1,True
specimen_2__2025_04_10-16_18_24__1744294710_272859334,specimen_2__2025_04_10-16_18_24,/dtu/p1/leopam/ARGOS/dataset/D4D/raw/extracted/specimen_2/2025_04_10-16_18_24/left_images/1744294710_272859334.png,/dtu/p1/leopam/ARGOS/dataset/D4D/raw/extracted/specimen_2/2025_04_10-16_18_24/right_images/1744294710_272859334.png,D4D,specimen_2,2025_04_10-16_18_24,2,True
specimen_2__2025_04_10-16_18_24__1744294710_239502668,specimen_2__2025_04_10-16_18_24,/dtu/p1/leopam/ARGOS/dataset/D4D/raw/extracted/specimen_2/2025_04_10-16_18_24/left_images/1744294710_239502668.png,/dtu/p1/leopam/ARGOS/dataset/D4D/raw/extracted/specimen_2/2025_04_10-16_18_24/right_images/1744294710_239502668.png,D4D,specimen_2,2025_04_10-16_18_24,3,True
specimen_2__2025_04_10-16_19_14__1744294778_271383523,specimen_2__2025_04_10-16_19_14,/dtu/p1/leopam/ARGOS/dataset/D4D/raw/extracted/specimen_2/2025_04_10-16_19_14/left_images/1744294778_271383523.png,/dtu/p1/leopam/ARGOS/dataset/D4D/raw/extracted/specimen_2/2025_04_10-16_19_14/right_images/1744294778_271383523.png,D4D,specimen_2,2025_04_10-16_19_14,0,True
specimen_2__2025_04_10-16_19_14__1744294778_239123582,specimen_2__2025_04_10-16_19_14,/dtu/p1/leopam/ARGOS/dataset/D4D/raw/extracted/specimen_2/2025_04_10-16_19_14/left_images/1744294778_239123582.png,/dtu/p1/leopam/ARGOS/dataset/D4D/raw/extracted/specimen_2/2025_04_10-16_19_14/right_images/1744294778_239123582.png,D4D,specimen_2,2025_04_10-16_19_14,1,True
specimen_2__2025_04_10-16_19_14__1744294778_204969882,specimen_2__2025_04_10-16_19_14,/dtu/p1/leopam/ARGOS/dataset/D4D/raw/extracted/specimen_2/2025_04_10-16_19_14/left_images/1744294778_204969882.png,/dtu/p1/leopam/ARGOS/dataset/D4D/raw/extracted/specimen_2/2025_04_10-16_19_14/right_images/1744294778_204969882.png,D4D,specimen_2,2025_04_10-16_19_14,2,True
specimen_2__2025_04_10-16_19_14__1744294778_173080682,specimen_2__2025_04_10-16_19_14,/dtu/p1/leopam/ARGOS/dataset/D4D/raw/extracted/specimen_2/2025_04_10-16_19_14/left_images/1744294778_173080682.png,/dtu/p1/leopam/ARGOS/dataset/D4D/raw/extracted/specimen_2/2025_04_10-16_19_14/right_images/1744294778_173080682.png,D4D,specimen_2,2025_04_10-16_19_14,3,True
specimen_2__2025_04_10-16_19_14__1744294760_606107473,specimen_2__2025_04_10-16_19_14,/dtu/p1/leopam/ARGOS/dataset/D4D/raw/extracted/specimen_2/2025_04_10-16_19_14/left_images/1744294760_606107473.png,/dtu/p1/leopam/ARGOS/dataset/D4D/raw/extracted/specimen_2/2025_04_10-16_19_14/right_images/1744294760_606107473.png,D4D,specimen_2,2025_04_10-16_19_14,0,True
specimen_2__2025_04_10-16_19_14__1744294760_572758913,specimen_2__2025_04_10-16_19_14,/dtu/p1/leopam/ARGOS/dataset/D4D/raw/extracted/specimen_2/2025_04_10-16_19_14/left_images/1744294760_572758913.png,/dtu/p1/leopam/ARGOS/dataset/D4D/raw/extracted/specimen_2/2025_04_10-16_19_14/right_images/1744294760_572758913.png,D4D,specimen_2,2025_04_10-16_19_14,1,True
specimen_2__2025_04_10-16_19_14__1744294760_539510250,specimen_2__2025_04_10-16_19_14,/dtu/p1/leopam/ARGOS/dataset/D4D/raw/extracted/specimen_2/2025_04_10-16_19_14/left_images/1744294760_539510250.png,/dtu/p1/leopam/ARGOS/dataset/D4D/raw/extracted/specimen_2/2025_04_10-16_19_14/right_images/1744294760_539510250.png,D4D,specimen_2,2025_04_10-16_19_14,2,True
specimen_2__2025_04_10-16_19_14__1744294760_506170749,specimen_2__2025_04_10-16_19_14,/dtu/p1/leopam/ARGOS/dataset/D4D/raw/extracted/specimen_2/2025_04_10-16_19_14/left_images/1744294760_506170749.png,/dtu/p1/leopam/ARGOS/dataset/D4D/raw/extracted/specimen_2/2025_04_10-16_19_14/right_images/1744294760_506170749.png,D4D,specimen_2,2025_04_10-16_19_14,3,True
specimen_2__2025_04_10-16_19_14__1744294793_739244699,specimen_2__2025_04_10-16_19_14,/dtu/p1/leopam/ARGOS/dataset/D4D/raw/extracted/specimen_2/2025_04_10-16_19_14/left_images/1744294793_739244699.png,/dtu/p1/leopam/ARGOS/dataset/D4D/raw/extracted/specimen_2/2025_04_10-16_19_14/right_images/1744294793_739244699.png,D4D,specimen_2,2025_04_10-16_19_14,0,True
specimen_2__2025_04_10-16_19_14__1744294793_706162214,specimen_2__2025_04_10-16_19_14,/dtu/p1/leopam/ARGOS/dataset/D4D/raw/extracted/specimen_2/2025_04_10-16_19_14/left_images/1744294793_706162214.png,/dtu/p1/leopam/ARGOS/dataset/D4D/raw/extracted/specimen_2/2025_04_10-16_19_14/right_images/1744294793_706162214.png,D4D,specimen_2,2025_04_10-16_19_14,1,True
specimen_2__2025_04_10-16_19_14__1744294793_672878265,specimen_2__2025_04_10-16_19_14,/dtu/p1/leopam/ARGOS/dataset/D4D/raw/extracted/specimen_2/2025_04_10-16_19_14/left_images/1744294793_672878265.png,/dtu/p1/leopam/ARGOS/dataset/D4D/raw/extracted/specimen_2/2025_04_10-16_19_14/right_images/1744294793_672878265.png,D4D,specimen_2,2025_04_10-16_19_14,2,True
specimen_2__2025_04_10-16_19_14__1744294793_638541460,specimen_2__2025_04_10-16_19_14,/dtu/p1/leopam/ARGOS/dataset/D4D/raw/extracted/specimen_2/2025_04_10-16_19_14/left_images/1744294793_638541460.png,/dtu/p1/leopam/ARGOS/dataset/D4D/raw/extracted/specimen_2/2025_04_10-16_19_14/right_images/1744294793_638541460.png,D4D,specimen_2,2025_04_10-16_19_14,3,True
specimen_2__2025_04_10-16_19_14__1744294808_039081096,specimen_2__2025_04_10-16_19_14,/dtu/p1/leopam/ARGOS/dataset/D4D/raw/extracted/specimen_2/2025_04_10-16_19_14/left_images/1744294808_039081096.png,/dtu/p1/leopam/ARGOS/dataset/D4D/raw/extracted/specimen_2/2025_04_10-16_19_14/right_images/1744294808_039081096.png,D4D,specimen_2,2025_04_10-16_19_14,0,True
specimen_2__2025_04_10-16_19_14__1744294808_006241559,specimen_2__2025_04_10-16_19_14,/dtu/p1/leopam/ARGOS/dataset/D4D/raw/extracted/specimen_2/2025_04_10-16_19_14/left_images/1744294808_006241559.png,/dtu/p1/leopam/ARGOS/dataset/D4D/raw/extracted/specimen_2/2025_04_10-16_19_14/right_images/1744294808_006241559.png,D4D,specimen_2,2025_04_10-16_19_14,1,True
specimen_2__2025_04_10-16_19_14__1744294807_972584009,specimen_2__2025_04_10-16_19_14,/dtu/p1/leopam/ARGOS/dataset/D4D/raw/extracted/specimen_2/2025_04_10-16_19_14/left_images/1744294807_972584009.png,/dtu/p1/leopam/ARGOS/dataset/D4D/raw/extracted/specimen_2/2025_04_10-16_19_14/right_images/1744294807_972584009.png,D4D,specimen_2,2025_04_10-16_19_14,2,True
specimen_2__2025_04_10-16_19_14__1744294807_939358472,specimen_2__2025_04_10-16_19_14,/dtu/p1/leopam/ARGOS/dataset/D4D/raw/extracted/specimen_2/2025_04_10-16_19_14/left_images/1744294807_939358472.png,/dtu/p1/leopam/ARGOS/dataset/D4D/raw/extracted/specimen_2/2025_04_10-16_19_14/right_images/1744294807_939358472.png,D4D,specimen_2,2025_04_10-16_19_14,3,True
specimen_2__2025_04_10-16_19_14__1744294819_472425222,specimen_2__2025_04_10-16_19_14,/dtu/p1/leopam/ARGOS/dataset/D4D/raw/extracted/specimen_2/2025_04_10-16_19_14/left_images/1744294819_472425222.png,/dtu/p1/leopam/ARGOS/dataset/D4D/raw/extracted/specimen_2/2025_04_10-16_19_14/right_images/1744294819_472425222.png,D4D,specimen_2,2025_04_10-16_19_14,0,True
specimen_2__2025_04_10-16_19_14__1744294819_439460754,specimen_2__2025_04_10-16_19_14,/dtu/p1/leopam/ARGOS/dataset/D4D/raw/extracted/specimen_2/2025_04_10-16_19_14/left_images/1744294819_439460754.png,/dtu/p1/leopam/ARGOS/dataset/D4D/raw/extracted/specimen_2/2025_04_10-16_19_14/right_images/1744294819_439460754.png,D4D,specimen_2,2025_04_10-16_19_14,1,True
specimen_2__2025_04_10-16_19_14__1744294819_406353950,specimen_2__2025_04_10-16_19_14,/dtu/p1/leopam/ARGOS/dataset/D4D/raw/extracted/specimen_2/2025_04_10-16_19_14/left_images/1744294819_406353950.png,/dtu/p1/leopam/ARGOS/dataset/D4D/raw/extracted/specimen_2/2025_04_10-16_19_14/right_images/1744294819_406353950.png,D4D,specimen_2,2025_04_10-16_19_14,2,True
specimen_2__2025_04_10-16_19_14__1744294819_372680664,specimen_2__2025_04_10-16_19_14,/dtu/p1/leopam/ARGOS/dataset/D4D/raw/extracted/specimen_2/2025_04_10-16_19_14/left_images/1744294819_372680664.png,/dtu/p1/leopam/ARGOS/dataset/D4D/raw/extracted/specimen_2/2025_04_10-16_19_14/right_images/1744294819_372680664.png,D4D,specimen_2,2025_04_10-16_19_14,3,True
specimen_2__2025_04_10-16_19_14__1744294833_172259569,specimen_2__2025_04_10-16_19_14,/dtu/p1/leopam/ARGOS/dataset/D4D/raw/extracted/specimen_2/2025_04_10-16_19_14/left_images/1744294833_172259569.png,/dtu/p1/leopam/ARGOS/dataset/D4D/raw/extracted/specimen_2/2025_04_10-16_19_14/right_images/1744294833_172259569.png,D4D,specimen_2,2025_04_10-16_19_14,0,True
specimen_2__2025_04_10-16_19_14__1744294833_139447212,specimen_2__2025_04_10-16_19_14,/dtu/p1/leopam/ARGOS/dataset/D4D/raw/extracted/specimen_2/2025_04_10-16_19_14/left_images/1744294833_139447212.png,/dtu/p1/leopam/ARGOS/dataset/D4D/raw/extracted/specimen_2/2025_04_10-16_19_14/right_images/1744294833_139447212.png,D4D,specimen_2,2025_04_10-16_19_14,1,True
specimen_2__2025_04_10-16_19_14__1744294833_106097698,specimen_2__2025_04_10-16_19_14,/dtu/p1/leopam/ARGOS/dataset/D4D/raw/extracted/specimen_2/2025_04_10-16_19_14/left_images/1744294833_106097698.png,/dtu/p1/leopam/ARGOS/dataset/D4D/raw/extracted/specimen_2/2025_04_10-16_19_14/right_images/1744294833_106097698.png,D4D,specimen_2,2025_04_10-16_19_14,2,True
specimen_2__2025_04_10-16_19_14__1744294833_072484731,specimen_2__2025_04_10-16_19_14,/dtu/p1/leopam/ARGOS/dataset/D4D/raw/extracted/specimen_2/2025_04_10-16_19_14/left_images/1744294833_072484731.png,/dtu/p1/leopam/ARGOS/dataset/D4D/raw/extracted/specimen_2/2025_04_10-16_19_14/right_images/1744294833_072484731.png,D4D,specimen_2,2025_04_10-16_19_14,3,True
specimen_2__2025_04_10-16_28_15__1744295308_437940120,specimen_2__2025_04_10-16_28_15,/dtu/p1/leopam/ARGOS/dataset/D4D/raw/extracted/specimen_2/2025_04_10-16_28_15/left_images/1744295308_437940120.png,/dtu/p1/leopam/ARGOS/dataset/D4D/raw/extracted/specimen_2/2025_04_10-16_28_15/right_images/1744295308_437940120.png,D4D,specimen_2,2025_04_10-16_28_15,0,True
specimen_2__2025_04_10-16_28_15__1744295308_406017303,specimen_2__2025_04_10-16_28_15,/dtu/p1/leopam/ARGOS/dataset/D4D/raw/extracted/specimen_2/2025_04_10-16_28_15/left_images/1744295308_406017303.png,/dtu/p1/leopam/ARGOS/dataset/D4D/raw/extracted/specimen_2/2025_04_10-16_28_15/right_images/1744295308_406017303.png,D4D,specimen_2,2025_04_10-16_28_15,1,True
specimen_2__2025_04_10-16_28_15__1744295308_372935295,specimen_2__2025_04_10-16_28_15,/dtu/p1/leopam/ARGOS/dataset/D4D/raw/extracted/specimen_2/2025_04_10-16_28_15/left_images/1744295308_372935295.png,/dtu/p1/leopam/ARGOS/dataset/D4D/raw/extracted/specimen_2/2025_04_10-16_28_15/right_images/1744295308_372935295.png,D4D,specimen_2,2025_04_10-16_28_15,2,True
specimen_2__2025_04_10-16_28_15__1744295308_338879108,specimen_2__2025_04_10-16_28_15,/dtu/p1/leopam/ARGOS/dataset/D4D/raw/extracted/specimen_2/2025_04_10-16_28_15/left_images/1744295308_338879108.png,/dtu/p1/leopam/ARGOS/dataset/D4D/raw/extracted/specimen_2/2025_04_10-16_28_15/right_images/1744295308_338879108.png,D4D,specimen_2,2025_04_10-16_28_15,3,True
specimen_2__2025_04_10-16_32_24__1744295550_206134319,specimen_2__2025_04_10-16_32_24,/dtu/p1/leopam/ARGOS/dataset/D4D/raw/extracted/specimen_2/2025_04_10-16_32_24/left_images/1744295550_206134319.png,/dtu/p1/leopam/ARGOS/dataset/D4D/raw/extracted/specimen_2/2025_04_10-16_32_24/right_images/1744295550_206134319.png,D4D,specimen_2,2025_04_10-16_32_24,0,True
specimen_2__2025_04_10-16_32_24__1744295550_172932863,specimen_2__2025_04_10-16_32_24,/dtu/p1/leopam/ARGOS/dataset/D4D/raw/extracted/specimen_2/2025_04_10-16_32_24/left_images/1744295550_172932863.png,/dtu/p1/leopam/ARGOS/dataset/D4D/raw/extracted/specimen_2/2025_04_10-16_32_24/right_images/1744295550_172932863.png,D4D,specimen_2,2025_04_10-16_32_24,1,True
specimen_2__2025_04_10-16_32_24__1744295550_138431787,specimen_2__2025_04_10-16_32_24,/dtu/p1/leopam/ARGOS/dataset/D4D/raw/extracted/specimen_2/2025_04_10-16_32_24/left_images/1744295550_138431787.png,/dtu/p1/leopam/ARGOS/dataset/D4D/raw/extracted/specimen_2/2025_04_10-16_32_24/right_images/1744295550_138431787.png,D4D,specimen_2,2025_04_10-16_32_24,2,True
specimen_2__2025_04_10-16_32_24__1744295550_105421066,specimen_2__2025_04_10-16_32_24,/dtu/p1/leopam/ARGOS/dataset/D4D/raw/extracted/specimen_2/2025_04_10-16_32_24/left_images/1744295550_105421066.png,/dtu/p1/leopam/ARGOS/dataset/D4D/raw/extracted/specimen_2/2025_04_10-16_32_24/right_images/1744295550_105421066.png,D4D,specimen_2,2025_04_10-16_32_24,3,True
specimen_2__2025_04_10-16_33_49__1744295654_972905158,specimen_2__2025_04_10-16_33_49,/dtu/p1/leopam/ARGOS/dataset/D4D/raw/extracted/specimen_2/2025_04_10-16_33_49/left_images/1744295654_972905158.png,/dtu/p1/leopam/ARGOS/dataset/D4D/raw/extracted/specimen_2/2025_04_10-16_33_49/right_images/1744295654_972905158.png,D4D,specimen_2,2025_04_10-16_33_49,0,True
specimen_2__2025_04_10-16_33_49__1744295654_939115285,specimen_2__2025_04_10-16_33_49,/dtu/p1/leopam/ARGOS/dataset/D4D/raw/extracted/specimen_2/2025_04_10-16_33_49/left_images/1744295654_939115285.png,/dtu/p1/leopam/ARGOS/dataset/D4D/raw/extracted/specimen_2/2025_04_10-16_33_49/right_images/1744295654_939115285.png,D4D,specimen_2,2025_04_10-16_33_49,1,True
specimen_2__2025_04_10-16_33_49__1744295654_906185388,specimen_2__2025_04_10-16_33_49,/dtu/p1/leopam/ARGOS/dataset/D4D/raw/extracted/specimen_2/2025_04_10-16_33_49/left_images/1744295654_906185388.png,/dtu/p1/leopam/ARGOS/dataset/D4D/raw/extracted/specimen_2/2025_04_10-16_33_49/right_images/1744295654_906185388.png,D4D,specimen_2,2025_04_10-16_33_49,2,True
specimen_2__2025_04_10-16_33_49__1744295654_872708320,specimen_2__2025_04_10-16_33_49,/dtu/p1/leopam/ARGOS/dataset/D4D/raw/extracted/specimen_2/2025_04_10-16_33_49/left_images/1744295654_872708320.png,/dtu/p1/leopam/ARGOS/dataset/D4D/raw/extracted/specimen_2/2025_04_10-16_33_49/right_images/1744295654_872708320.png,D4D,specimen_2,2025_04_10-16_33_49,3,True
specimen_2__2025_04_10-16_33_49__1744295670_139412641,specimen_2__2025_04_10-16_33_49,/dtu/p1/leopam/ARGOS/dataset/D4D/raw/extracted/specimen_2/2025_04_10-16_33_49/left_images/1744295670_139412641.png,/dtu/p1/leopam/ARGOS/dataset/D4D/raw/extracted/specimen_2/2025_04_10-16_33_49/right_images/1744295670_139412641.png,D4D,specimen_2,2025_04_10-16_33_49,0,True
specimen_2__2025_04_10-16_33_49__1744295670_105276823,specimen_2__2025_04_10-16_33_49,/dtu/p1/leopam/ARGOS/dataset/D4D/raw/extracted/specimen_2/2025_04_10-16_33_49/left_images/1744295670_105276823.png,/dtu/p1/leopam/ARGOS/dataset/D4D/raw/extracted/specimen_2/2025_04_10-16_33_49/right_images/1744295670_105276823.png,D4D,specimen_2,2025_04_10-16_33_49,1,True
specimen_2__2025_04_10-16_33_49__1744295670_072286367,specimen_2__2025_04_10-16_33_49,/dtu/p1/leopam/ARGOS/dataset/D4D/raw/extracted/specimen_2/2025_04_10-16_33_49/left_images/1744295670_072286367.png,/dtu/p1/leopam/ARGOS/dataset/D4D/raw/extracted/specimen_2/2025_04_10-16_33_49/right_images/1744295670_072286367.png,D4D,specimen_2,2025_04_10-16_33_49,2,True
specimen_2__2025_04_10-16_33_49__1744295670_038557291,specimen_2__2025_04_10-16_33_49,/dtu/p1/leopam/ARGOS/dataset/D4D/raw/extracted/specimen_2/2025_04_10-16_33_49/left_images/1744295670_038557291.png,/dtu/p1/leopam/ARGOS/dataset/D4D/raw/extracted/specimen_2/2025_04_10-16_33_49/right_images/1744295670_038557291.png,D4D,specimen_2,2025_04_10-16_33_49,3,True
specimen_2__2025_04_10-16_33_49__1744295685_039219856,specimen_2__2025_04_10-16_33_49,/dtu/p1/leopam/ARGOS/dataset/D4D/raw/extracted/specimen_2/2025_04_10-16_33_49/left_images/1744295685_039219856.png,/dtu/p1/leopam/ARGOS/dataset/D4D/raw/extracted/specimen_2/2025_04_10-16_33_49/right_images/1744295685_039219856.png,D4D,specimen_2,2025_04_10-16_33_49,0,True
specimen_2__2025_04_10-16_33_49__1744295685_006266832,specimen_2__2025_04_10-16_33_49,/dtu/p1/leopam/ARGOS/dataset/D4D/raw/extracted/specimen_2/2025_04_10-16_33_49/left_images/1744295685_006266832.png,/dtu/p1/leopam/ARGOS/dataset/D4D/raw/extracted/specimen_2/2025_04_10-16_33_49/right_images/1744295685_006266832.png,D4D,specimen_2,2025_04_10-16_33_49,1,True
specimen_2__2025_04_10-16_33_49__1744295684_972788572,specimen_2__2025_04_10-16_33_49,/dtu/p1/leopam/ARGOS/dataset/D4D/raw/extracted/specimen_2/2025_04_10-16_33_49/left_images/1744295684_972788572.png,/dtu/p1/leopam/ARGOS/dataset/D4D/raw/extracted/specimen_2/2025_04_10-16_33_49/right_images/1744295684_972788572.png,D4D,specimen_2,2025_04_10-16_33_49,2,True
specimen_2__2025_04_10-16_33_49__1744295684_939636468,specimen_2__2025_04_10-16_33_49,/dtu/p1/leopam/ARGOS/dataset/D4D/raw/extracted/specimen_2/2025_04_10-16_33_49/left_images/1744295684_939636468.png,/dtu/p1/leopam/ARGOS/dataset/D4D/raw/extracted/specimen_2/2025_04_10-16_33_49/right_images/1744295684_939636468.png,D4D,specimen_2,2025_04_10-16_33_49,3,True
specimen_3__2025_05_08-14_24_24__1746707079_607564926,specimen_3__2025_05_08-14_24_24,/dtu/p1/leopam/ARGOS/dataset/D4D/raw/extracted/specimen_3/2025_05_08-14_24_24/left_images/1746707079_607564926.png,/dtu/p1/leopam/ARGOS/dataset/D4D/raw/extracted/specimen_3/2025_05_08-14_24_24/right_images/1746707079_607564926.png,D4D,specimen_3,2025_05_08-14_24_24,0,True
specimen_3__2025_05_08-14_24_24__1746707079_574457168,specimen_3__2025_05_08-14_24_24,/dtu/p1/leopam/ARGOS/dataset/D4D/raw/extracted/specimen_3/2025_05_08-14_24_24/left_images/1746707079_574457168.png,/dtu/p1/leopam/ARGOS/dataset/D4D/raw/extracted/specimen_3/2025_05_08-14_24_24/right_images/1746707079_574457168.png,D4D,specimen_3,2025_05_08-14_24_24,1,True
specimen_3__2025_05_08-14_24_24__1746707079_540990352,specimen_3__2025_05_08-14_24_24,/dtu/p1/leopam/ARGOS/dataset/D4D/raw/extracted/specimen_3/2025_05_08-14_24_24/left_images/1746707079_540990352.png,/dtu/p1/leopam/ARGOS/dataset/D4D/raw/extracted/specimen_3/2025_05_08-14_24_24/right_images/1746707079_540990352.png,D4D,specimen_3,2025_05_08-14_24_24,2,True
specimen_3__2025_05_08-14_24_24__1746707079_507791519,specimen_3__2025_05_08-14_24_24,/dtu/p1/leopam/ARGOS/dataset/D4D/raw/extracted/specimen_3/2025_05_08-14_24_24/left_images/1746707079_507791519.png,/dtu/p1/leopam/ARGOS/dataset/D4D/raw/extracted/specimen_3/2025_05_08-14_24_24/right_images/1746707079_507791519.png,D4D,specimen_3,2025_05_08-14_24_24,3,True
specimen_3__2025_05_08-14_25_47__1746707154_474355459,specimen_3__2025_05_08-14_25_47,/dtu/p1/leopam/ARGOS/dataset/D4D/raw/extracted/specimen_3/2025_05_08-14_25_47/left_images/1746707154_474355459.png,/dtu/p1/leopam/ARGOS/dataset/D4D/raw/extracted/specimen_3/2025_05_08-14_25_47/right_images/1746707154_474355459.png,D4D,specimen_3,2025_05_08-14_25_47,0,True
specimen_3__2025_05_08-14_25_47__1746707154_440113067,specimen_3__2025_05_08-14_25_47,/dtu/p1/leopam/ARGOS/dataset/D4D/raw/extracted/specimen_3/2025_05_08-14_25_47/left_images/1746707154_440113067.png,/dtu/p1/leopam/ARGOS/dataset/D4D/raw/extracted/specimen_3/2025_05_08-14_25_47/right_images/1746707154_440113067.png,D4D,specimen_3,2025_05_08-14_25_47,1,True
specimen_3__2025_05_08-14_25_47__1746707154_407682657,specimen_3__2025_05_08-14_25_47,/dtu/p1/leopam/ARGOS/dataset/D4D/raw/extracted/specimen_3/2025_05_08-14_25_47/left_images/1746707154_407682657.png,/dtu/p1/leopam/ARGOS/dataset/D4D/raw/extracted/specimen_3/2025_05_08-14_25_47/right_images/1746707154_407682657.png,D4D,specimen_3,2025_05_08-14_25_47,2,True
specimen_3__2025_05_08-14_25_47__1746707154_374361753,specimen_3__2025_05_08-14_25_47,/dtu/p1/leopam/ARGOS/dataset/D4D/raw/extracted/specimen_3/2025_05_08-14_25_47/left_images/1746707154_374361753.png,/dtu/p1/leopam/ARGOS/dataset/D4D/raw/extracted/specimen_3/2025_05_08-14_25_47/right_images/1746707154_374361753.png,D4D,specimen_3,2025_05_08-14_25_47,3,True
specimen_3__2025_05_08-14_27_51__1746707293_306623220,specimen_3__2025_05_08-14_27_51,/dtu/p1/leopam/ARGOS/dataset/D4D/raw/extracted/specimen_3/2025_05_08-14_27_51/left_images/1746707293_306623220.png,/dtu/p1/leopam/ARGOS/dataset/D4D/raw/extracted/specimen_3/2025_05_08-14_27_51/right_images/1746707293_306623220.png,D4D,specimen_3,2025_05_08-14_27_51,0,True
specimen_3__2025_05_08-14_27_51__1746707293_274473667,specimen_3__2025_05_08-14_27_51,/dtu/p1/leopam/ARGOS/dataset/D4D/raw/extracted/specimen_3/2025_05_08-14_27_51/left_images/1746707293_274473667.png,/dtu/p1/leopam/ARGOS/dataset/D4D/raw/extracted/specimen_3/2025_05_08-14_27_51/right_images/1746707293_274473667.png,D4D,specimen_3,2025_05_08-14_27_51,1,True
specimen_3__2025_05_08-14_27_51__1746707293_239904165,specimen_3__2025_05_08-14_27_51,/dtu/p1/leopam/ARGOS/dataset/D4D/raw/extracted/specimen_3/2025_05_08-14_27_51/left_images/1746707293_239904165.png,/dtu/p1/leopam/ARGOS/dataset/D4D/raw/extracted/specimen_3/2025_05_08-14_27_51/right_images/1746707293_239904165.png,D4D,specimen_3,2025_05_08-14_27_51,2,True
specimen_3__2025_05_08-14_27_51__1746707293_207124233,specimen_3__2025_05_08-14_27_51,/dtu/p1/leopam/ARGOS/dataset/D4D/raw/extracted/specimen_3/2025_05_08-14_27_51/left_images/1746707293_207124233.png,/dtu/p1/leopam/ARGOS/dataset/D4D/raw/extracted/specimen_3/2025_05_08-14_27_51/right_images/1746707293_207124233.png,D4D,specimen_3,2025_05_08-14_27_51,3,True
specimen_3__2025_05_08-14_27_51__1746707276_907970428,specimen_3__2025_05_08-14_27_51,/dtu/p1/leopam/ARGOS/dataset/D4D/raw/extracted/specimen_3/2025_05_08-14_27_51/left_images/1746707276_907970428.png,/dtu/p1/leopam/ARGOS/dataset/D4D/raw/extracted/specimen_3/2025_05_08-14_27_51/right_images/1746707276_907970428.png,D4D,specimen_3,2025_05_08-14_27_51,0,True
specimen_3__2025_05_08-14_27_51__1746707276_874614238,specimen_3__2025_05_08-14_27_51,/dtu/p1/leopam/ARGOS/dataset/D4D/raw/extracted/specimen_3/2025_05_08-14_27_51/left_images/1746707276_874614238.png,/dtu/p1/leopam/ARGOS/dataset/D4D/raw/extracted/specimen_3/2025_05_08-14_27_51/right_images/1746707276_874614238.png,D4D,specimen_3,2025_05_08-14_27_51,1,True
specimen_3__2025_05_08-14_27_51__1746707276_840893745,specimen_3__2025_05_08-14_27_51,/dtu/p1/leopam/ARGOS/dataset/D4D/raw/extracted/specimen_3/2025_05_08-14_27_51/left_images/1746707276_840893745.png,/dtu/p1/leopam/ARGOS/dataset/D4D/raw/extracted/specimen_3/2025_05_08-14_27_51/right_images/1746707276_840893745.png,D4D,specimen_3,2025_05_08-14_27_51,2,True
specimen_3__2025_05_08-14_27_51__1746707276_807592868,specimen_3__2025_05_08-14_27_51,/dtu/p1/leopam/ARGOS/dataset/D4D/raw/extracted/specimen_3/2025_05_08-14_27_51/left_images/1746707276_807592868.png,/dtu/p1/leopam/ARGOS/dataset/D4D/raw/extracted/specimen_3/2025_05_08-14_27_51/right_images/1746707276_807592868.png,D4D,specimen_3,2025_05_08-14_27_51,3,True
specimen_3__2025_05_08-14_27_51__1746707310_007738113,specimen_3__2025_05_08-14_27_51,/dtu/p1/leopam/ARGOS/dataset/D4D/raw/extracted/specimen_3/2025_05_08-14_27_51/left_images/1746707310_007738113.png,/dtu/p1/leopam/ARGOS/dataset/D4D/raw/extracted/specimen_3/2025_05_08-14_27_51/right_images/1746707310_007738113.png,D4D,specimen_3,2025_05_08-14_27_51,0,True
specimen_3__2025_05_08-14_27_51__1746707309_975160360,specimen_3__2025_05_08-14_27_51,/dtu/p1/leopam/ARGOS/dataset/D4D/raw/extracted/specimen_3/2025_05_08-14_27_51/left_images/1746707309_975160360.png,/dtu/p1/leopam/ARGOS/dataset/D4D/raw/extracted/specimen_3/2025_05_08-14_27_51/right_images/1746707309_975160360.png,D4D,specimen_3,2025_05_08-14_27_51,1,True
specimen_3__2025_05_08-14_27_51__1746707309_941101789,specimen_3__2025_05_08-14_27_51,/dtu/p1/leopam/ARGOS/dataset/D4D/raw/extracted/specimen_3/2025_05_08-14_27_51/left_images/1746707309_941101789.png,/dtu/p1/leopam/ARGOS/dataset/D4D/raw/extracted/specimen_3/2025_05_08-14_27_51/right_images/1746707309_941101789.png,D4D,specimen_3,2025_05_08-14_27_51,2,True
specimen_3__2025_05_08-14_27_51__1746707309_907831192,specimen_3__2025_05_08-14_27_51,/dtu/p1/leopam/ARGOS/dataset/D4D/raw/extracted/specimen_3/2025_05_08-14_27_51/left_images/1746707309_907831192.png,/dtu/p1/leopam/ARGOS/dataset/D4D/raw/extracted/specimen_3/2025_05_08-14_27_51/right_images/1746707309_907831192.png,D4D,specimen_3,2025_05_08-14_27_51,3,True
specimen_3__2025_05_08-14_27_51__1746707324_174072980,specimen_3__2025_05_08-14_27_51,/dtu/p1/leopam/ARGOS/dataset/D4D/raw/extracted/specimen_3/2025_05_08-14_27_51/left_images/1746707324_174072980.png,/dtu/p1/leopam/ARGOS/dataset/D4D/raw/extracted/specimen_3/2025_05_08-14_27_51/right_images/1746707324_174072980.png,D4D,specimen_3,2025_05_08-14_27_51,0,True
specimen_3__2025_05_08-14_27_51__1746707324_139924049,specimen_3__2025_05_08-14_27_51,/dtu/p1/leopam/ARGOS/dataset/D4D/raw/extracted/specimen_3/2025_05_08-14_27_51/left_images/1746707324_139924049.png,/dtu/p1/leopam/ARGOS/dataset/D4D/raw/extracted/specimen_3/2025_05_08-14_27_51/right_images/1746707324_139924049.png,D4D,specimen_3,2025_05_08-14_27_51,1,True
specimen_3__2025_05_08-14_27_51__1746707324_107335567,specimen_3__2025_05_08-14_27_51,/dtu/p1/leopam/ARGOS/dataset/D4D/raw/extracted/specimen_3/2025_05_08-14_27_51/left_images/1746707324_107335567.png,/dtu/p1/leopam/ARGOS/dataset/D4D/raw/extracted/specimen_3/2025_05_08-14_27_51/right_images/1746707324_107335567.png,D4D,specimen_3,2025_05_08-14_27_51,2,True
specimen_3__2025_05_08-14_27_51__1746707324_074329376,specimen_3__2025_05_08-14_27_51,/dtu/p1/leopam/ARGOS/dataset/D4D/raw/extracted/specimen_3/2025_05_08-14_27_51/left_images/1746707324_074329376.png,/dtu/p1/leopam/ARGOS/dataset/D4D/raw/extracted/specimen_3/2025_05_08-14_27_51/right_images/1746707324_074329376.png,D4D,specimen_3,2025_05_08-14_27_51,3,True
specimen_3__2025_05_08-14_27_51__1746707335_507338523,specimen_3__2025_05_08-14_27_51,/dtu/p1/leopam/ARGOS/dataset/D4D/raw/extracted/specimen_3/2025_05_08-14_27_51/left_images/1746707335_507338523.png,/dtu/p1/leopam/ARGOS/dataset/D4D/raw/extracted/specimen_3/2025_05_08-14_27_51/right_images/1746707335_507338523.png,D4D,specimen_3,2025_05_08-14_27_51,0,True
specimen_3__2025_05_08-14_27_51__1746707335_474103212,specimen_3__2025_05_08-14_27_51,/dtu/p1/leopam/ARGOS/dataset/D4D/raw/extracted/specimen_3/2025_05_08-14_27_51/left_images/1746707335_474103212.png,/dtu/p1/leopam/ARGOS/dataset/D4D/raw/extracted/specimen_3/2025_05_08-14_27_51/right_images/1746707335_474103212.png,D4D,specimen_3,2025_05_08-14_27_51,1,True
specimen_3__2025_05_08-14_27_51__1746707335_441115617,specimen_3__2025_05_08-14_27_51,/dtu/p1/leopam/ARGOS/dataset/D4D/raw/extracted/specimen_3/2025_05_08-14_27_51/left_images/1746707335_441115617.png,/dtu/p1/leopam/ARGOS/dataset/D4D/raw/extracted/specimen_3/2025_05_08-14_27_51/right_images/1746707335_441115617.png,D4D,specimen_3,2025_05_08-14_27_51,2,True
specimen_3__2025_05_08-14_27_51__1746707335_406843662,specimen_3__2025_05_08-14_27_51,/dtu/p1/leopam/ARGOS/dataset/D4D/raw/extracted/specimen_3/2025_05_08-14_27_51/left_images/1746707335_406843662.png,/dtu/p1/leopam/ARGOS/dataset/D4D/raw/extracted/specimen_3/2025_05_08-14_27_51/right_images/1746707335_406843662.png,D4D,specimen_3,2025_05_08-14_27_51,3,True
specimen_3__2025_05_08-14_27_51__1746707350_574324131,specimen_3__2025_05_08-14_27_51,/dtu/p1/leopam/ARGOS/dataset/D4D/raw/extracted/specimen_3/2025_05_08-14_27_51/left_images/1746707350_574324131.png,/dtu/p1/leopam/ARGOS/dataset/D4D/raw/extracted/specimen_3/2025_05_08-14_27_51/right_images/1746707350_574324131.png,D4D,specimen_3,2025_05_08-14_27_51,0,True
specimen_3__2025_05_08-14_27_51__1746707350_541015148,specimen_3__2025_05_08-14_27_51,/dtu/p1/leopam/ARGOS/dataset/D4D/raw/extracted/specimen_3/2025_05_08-14_27_51/left_images/1746707350_541015148.png,/dtu/p1/leopam/ARGOS/dataset/D4D/raw/extracted/specimen_3/2025_05_08-14_27_51/right_images/1746707350_541015148.png,D4D,specimen_3,2025_05_08-14_27_51,1,True
specimen_3__2025_05_08-14_27_51__1746707350_507837772,specimen_3__2025_05_08-14_27_51,/dtu/p1/leopam/ARGOS/dataset/D4D/raw/extracted/specimen_3/2025_05_08-14_27_51/left_images/1746707350_507837772.png,/dtu/p1/leopam/ARGOS/dataset/D4D/raw/extracted/specimen_3/2025_05_08-14_27_51/right_images/1746707350_507837772.png,D4D,specimen_3,2025_05_08-14_27_51,2,True
specimen_3__2025_05_08-14_27_51__1746707350_474335670,specimen_3__2025_05_08-14_27_51,/dtu/p1/leopam/ARGOS/dataset/D4D/raw/extracted/specimen_3/2025_05_08-14_27_51/left_images/1746707350_474335670.png,/dtu/p1/leopam/ARGOS/dataset/D4D/raw/extracted/specimen_3/2025_05_08-14_27_51/right_images/1746707350_474335670.png,D4D,specimen_3,2025_05_08-14_27_51,3,True
specimen_3__2025_05_08-14_27_51__1746707366_407700300,specimen_3__2025_05_08-14_27_51,/dtu/p1/leopam/ARGOS/dataset/D4D/raw/extracted/specimen_3/2025_05_08-14_27_51/left_images/1746707366_407700300.png,/dtu/p1/leopam/ARGOS/dataset/D4D/raw/extracted/specimen_3/2025_05_08-14_27_51/right_images/1746707366_407700300.png,D4D,specimen_3,2025_05_08-14_27_51,0,True
specimen_3__2025_05_08-14_27_51__1746707366_374372243,specimen_3__2025_05_08-14_27_51,/dtu/p1/leopam/ARGOS/dataset/D4D/raw/extracted/specimen_3/2025_05_08-14_27_51/left_images/1746707366_374372243.png,/dtu/p1/leopam/ARGOS/dataset/D4D/raw/extracted/specimen_3/2025_05_08-14_27_51/right_images/1746707366_374372243.png,D4D,specimen_3,2025_05_08-14_27_51,1,True
specimen_3__2025_05_08-14_27_51__1746707366_340857744,specimen_3__2025_05_08-14_27_51,/dtu/p1/leopam/ARGOS/dataset/D4D/raw/extracted/specimen_3/2025_05_08-14_27_51/left_images/1746707366_340857744.png,/dtu/p1/leopam/ARGOS/dataset/D4D/raw/extracted/specimen_3/2025_05_08-14_27_51/right_images/1746707366_340857744.png,D4D,specimen_3,2025_05_08-14_27_51,2,True
specimen_3__2025_05_08-14_27_51__1746707366_307565450,specimen_3__2025_05_08-14_27_51,/dtu/p1/leopam/ARGOS/dataset/D4D/raw/extracted/specimen_3/2025_05_08-14_27_51/left_images/1746707366_307565450.png,/dtu/p1/leopam/ARGOS/dataset/D4D/raw/extracted/specimen_3/2025_05_08-14_27_51/right_images/1746707366_307565450.png,D4D,specimen_3,2025_05_08-14_27_51,3,True
specimen_3__2025_05_08-14_33_16__1746707628_974280118,specimen_3__2025_05_08-14_33_16,/dtu/p1/leopam/ARGOS/dataset/D4D/raw/extracted/specimen_3/2025_05_08-14_33_16/left_images/1746707628_974280118.png,/dtu/p1/leopam/ARGOS/dataset/D4D/raw/extracted/specimen_3/2025_05_08-14_33_16/right_images/1746707628_974280118.png,D4D,specimen_3,2025_05_08-14_33_16,0,True
specimen_3__2025_05_08-14_33_16__1746707628_941233396,specimen_3__2025_05_08-14_33_16,/dtu/p1/leopam/ARGOS/dataset/D4D/raw/extracted/specimen_3/2025_05_08-14_33_16/left_images/1746707628_941233396.png,/dtu/p1/leopam/ARGOS/dataset/D4D/raw/extracted/specimen_3/2025_05_08-14_33_16/right_images/1746707628_941233396.png,D4D,specimen_3,2025_05_08-14_33_16,1,True
specimen_3__2025_05_08-14_33_16__1746707628_907954931,specimen_3__2025_05_08-14_33_16,/dtu/p1/leopam/ARGOS/dataset/D4D/raw/extracted/specimen_3/2025_05_08-14_33_16/left_images/1746707628_907954931.png,/dtu/p1/leopam/ARGOS/dataset/D4D/raw/extracted/specimen_3/2025_05_08-14_33_16/right_images/1746707628_907954931.png,D4D,specimen_3,2025_05_08-14_33_16,2,True
specimen_3__2025_05_08-14_33_16__1746707628_875091075,specimen_3__2025_05_08-14_33_16,/dtu/p1/leopam/ARGOS/dataset/D4D/raw/extracted/specimen_3/2025_05_08-14_33_16/left_images/1746707628_875091075.png,/dtu/p1/leopam/ARGOS/dataset/D4D/raw/extracted/specimen_3/2025_05_08-14_33_16/right_images/1746707628_875091075.png,D4D,specimen_3,2025_05_08-14_33_16,3,True
specimen_3__2025_05_08-14_33_16__1746707602_408067703,specimen_3__2025_05_08-14_33_16,/dtu/p1/leopam/ARGOS/dataset/D4D/raw/extracted/specimen_3/2025_05_08-14_33_16/left_images/1746707602_408067703.png,/dtu/p1/leopam/ARGOS/dataset/D4D/raw/extracted/specimen_3/2025_05_08-14_33_16/right_images/1746707602_408067703.png,D4D,specimen_3,2025_05_08-14_33_16,0,True
specimen_3__2025_05_08-14_33_16__1746707602_374892234,specimen_3__2025_05_08-14_33_16,/dtu/p1/leopam/ARGOS/dataset/D4D/raw/extracted/specimen_3/2025_05_08-14_33_16/left_images/1746707602_374892234.png,/dtu/p1/leopam/ARGOS/dataset/D4D/raw/extracted/specimen_3/2025_05_08-14_33_16/right_images/1746707602_374892234.png,D4D,specimen_3,2025_05_08-14_33_16,1,True
specimen_3__2025_05_08-14_33_16__1746707602_340250730,specimen_3__2025_05_08-14_33_16,/dtu/p1/leopam/ARGOS/dataset/D4D/raw/extracted/specimen_3/2025_05_08-14_33_16/left_images/1746707602_340250730.png,/dtu/p1/leopam/ARGOS/dataset/D4D/raw/extracted/specimen_3/2025_05_08-14_33_16/right_images/1746707602_340250730.png,D4D,specimen_3,2025_05_08-14_33_16,2,True
specimen_3__2025_05_08-14_33_16__1746707602_307453870,specimen_3__2025_05_08-14_33_16,/dtu/p1/leopam/ARGOS/dataset/D4D/raw/extracted/specimen_3/2025_05_08-14_33_16/left_images/1746707602_307453870.png,/dtu/p1/leopam/ARGOS/dataset/D4D/raw/extracted/specimen_3/2025_05_08-14_33_16/right_images/1746707602_307453870.png,D4D,specimen_3,2025_05_08-14_33_16,3,True
specimen_3__2025_05_08-14_34_16__1746707686_174271583,specimen_3__2025_05_08-14_34_16,/dtu/p1/leopam/ARGOS/dataset/D4D/raw/extracted/specimen_3/2025_05_08-14_34_16/left_images/1746707686_174271583.png,/dtu/p1/leopam/ARGOS/dataset/D4D/raw/extracted/specimen_3/2025_05_08-14_34_16/right_images/1746707686_174271583.png,D4D,specimen_3,2025_05_08-14_34_16,0,True
specimen_3__2025_05_08-14_34_16__1746707686_140844345,specimen_3__2025_05_08-14_34_16,/dtu/p1/leopam/ARGOS/dataset/D4D/raw/extracted/specimen_3/2025_05_08-14_34_16/left_images/1746707686_140844345.png,/dtu/p1/leopam/ARGOS/dataset/D4D/raw/extracted/specimen_3/2025_05_08-14_34_16/right_images/1746707686_140844345.png,D4D,specimen_3,2025_05_08-14_34_16,1,True
specimen_3__2025_05_08-14_34_16__1746707686_107763528,specimen_3__2025_05_08-14_34_16,/dtu/p1/leopam/ARGOS/dataset/D4D/raw/extracted/specimen_3/2025_05_08-14_34_16/left_images/1746707686_107763528.png,/dtu/p1/leopam/ARGOS/dataset/D4D/raw/extracted/specimen_3/2025_05_08-14_34_16/right_images/1746707686_107763528.png,D4D,specimen_3,2025_05_08-14_34_16,2,True
specimen_3__2025_05_08-14_34_16__1746707686_074271678,specimen_3__2025_05_08-14_34_16,/dtu/p1/leopam/ARGOS/dataset/D4D/raw/extracted/specimen_3/2025_05_08-14_34_16/left_images/1746707686_074271678.png,/dtu/p1/leopam/ARGOS/dataset/D4D/raw/extracted/specimen_3/2025_05_08-14_34_16/right_images/1746707686_074271678.png,D4D,specimen_3,2025_05_08-14_34_16,3,True
specimen_3__2025_05_08-14_34_16__1746707662_208505630,specimen_3__2025_05_08-14_34_16,/dtu/p1/leopam/ARGOS/dataset/D4D/raw/extracted/specimen_3/2025_05_08-14_34_16/left_images/1746707662_208505630.png,/dtu/p1/leopam/ARGOS/dataset/D4D/raw/extracted/specimen_3/2025_05_08-14_34_16/right_images/1746707662_208505630.png,D4D,specimen_3,2025_05_08-14_34_16,0,True
specimen_3__2025_05_08-14_34_16__1746707662_175675630,specimen_3__2025_05_08-14_34_16,/dtu/p1/leopam/ARGOS/dataset/D4D/raw/extracted/specimen_3/2025_05_08-14_34_16/left_images/1746707662_175675630.png,/dtu/p1/leopam/ARGOS/dataset/D4D/raw/extracted/specimen_3/2025_05_08-14_34_16/right_images/1746707662_175675630.png,D4D,specimen_3,2025_05_08-14_34_16,1,True
specimen_3__2025_05_08-14_34_16__1746707662_142436265,specimen_3__2025_05_08-14_34_16,/dtu/p1/leopam/ARGOS/dataset/D4D/raw/extracted/specimen_3/2025_05_08-14_34_16/left_images/1746707662_142436265.png,/dtu/p1/leopam/ARGOS/dataset/D4D/raw/extracted/specimen_3/2025_05_08-14_34_16/right_images/1746707662_142436265.png,D4D,specimen_3,2025_05_08-14_34_16,2,True
specimen_3__2025_05_08-14_34_16__1746707662_108016014,specimen_3__2025_05_08-14_34_16,/dtu/p1/leopam/ARGOS/dataset/D4D/raw/extracted/specimen_3/2025_05_08-14_34_16/left_images/1746707662_108016014.png,/dtu/p1/leopam/ARGOS/dataset/D4D/raw/extracted/specimen_3/2025_05_08-14_34_16/right_images/1746707662_108016014.png,D4D,specimen_3,2025_05_08-14_34_16,3,True
specimen_3__2025_05_08-14_34_16__1746707699_807956218,specimen_3__2025_05_08-14_34_16,/dtu/p1/leopam/ARGOS/dataset/D4D/raw/extracted/specimen_3/2025_05_08-14_34_16/left_images/1746707699_807956218.png,/dtu/p1/leopam/ARGOS/dataset/D4D/raw/extracted/specimen_3/2025_05_08-14_34_16/right_images/1746707699_807956218.png,D4D,specimen_3,2025_05_08-14_34_16,0,True
specimen_3__2025_05_08-14_34_16__1746707699_774727821,specimen_3__2025_05_08-14_34_16,/dtu/p1/leopam/ARGOS/dataset/D4D/raw/extracted/specimen_3/2025_05_08-14_34_16/left_images/1746707699_774727821.png,/dtu/p1/leopam/ARGOS/dataset/D4D/raw/extracted/specimen_3/2025_05_08-14_34_16/right_images/1746707699_774727821.png,D4D,specimen_3,2025_05_08-14_34_16,1,True
specimen_3__2025_05_08-14_34_16__1746707699_741132736,specimen_3__2025_05_08-14_34_16,/dtu/p1/leopam/ARGOS/dataset/D4D/raw/extracted/specimen_3/2025_05_08-14_34_16/left_images/1746707699_741132736.png,/dtu/p1/leopam/ARGOS/dataset/D4D/raw/extracted/specimen_3/2025_05_08-14_34_16/right_images/1746707699_741132736.png,D4D,specimen_3,2025_05_08-14_34_16,2,True
specimen_3__2025_05_08-14_34_16__1746707699_708178997,specimen_3__2025_05_08-14_34_16,/dtu/p1/leopam/ARGOS/dataset/D4D/raw/extracted/specimen_3/2025_05_08-14_34_16/left_images/1746707699_708178997.png,/dtu/p1/leopam/ARGOS/dataset/D4D/raw/extracted/specimen_3/2025_05_08-14_34_16/right_images/1746707699_708178997.png,D4D,specimen_3,2025_05_08-14_34_16,3,True
specimen_3__2025_05_08-14_34_16__1746707711_741147756,specimen_3__2025_05_08-14_34_16,/dtu/p1/leopam/ARGOS/dataset/D4D/raw/extracted/specimen_3/2025_05_08-14_34_16/left_images/1746707711_741147756.png,/dtu/p1/leopam/ARGOS/dataset/D4D/raw/extracted/specimen_3/2025_05_08-14_34_16/right_images/1746707711_741147756.png,D4D,specimen_3,2025_05_08-14_34_16,0,True
specimen_3__2025_05_08-14_34_16__1746707711_707282781,specimen_3__2025_05_08-14_34_16,/dtu/p1/leopam/ARGOS/dataset/D4D/raw/extracted/specimen_3/2025_05_08-14_34_16/left_images/1746707711_707282781.png,/dtu/p1/leopam/ARGOS/dataset/D4D/raw/extracted/specimen_3/2025_05_08-14_34_16/right_images/1746707711_707282781.png,D4D,specimen_3,2025_05_08-14_34_16,1,True
specimen_3__2025_05_08-14_34_16__1746707711_674052238,specimen_3__2025_05_08-14_34_16,/dtu/p1/leopam/ARGOS/dataset/D4D/raw/extracted/specimen_3/2025_05_08-14_34_16/left_images/1746707711_674052238.png,/dtu/p1/leopam/ARGOS/dataset/D4D/raw/extracted/specimen_3/2025_05_08-14_34_16/right_images/1746707711_674052238.png,D4D,specimen_3,2025_05_08-14_34_16,2,True
specimen_3__2025_05_08-14_34_16__1746707711_641114473,specimen_3__2025_05_08-14_34_16,/dtu/p1/leopam/ARGOS/dataset/D4D/raw/extracted/specimen_3/2025_05_08-14_34_16/left_images/1746707711_641114473.png,/dtu/p1/leopam/ARGOS/dataset/D4D/raw/extracted/specimen_3/2025_05_08-14_34_16/right_images/1746707711_641114473.png,D4D,specimen_3,2025_05_08-14_34_16,3,True
specimen_3__2025_05_08-14_34_16__1746707727_174034118,specimen_3__2025_05_08-14_34_16,/dtu/p1/leopam/ARGOS/dataset/D4D/raw/extracted/specimen_3/2025_05_08-14_34_16/left_images/1746707727_174034118.png,/dtu/p1/leopam/ARGOS/dataset/D4D/raw/extracted/specimen_3/2025_05_08-14_34_16/right_images/1746707727_174034118.png,D4D,specimen_3,2025_05_08-14_34_16,0,True
specimen_3__2025_05_08-14_34_16__1746707727_140481472,specimen_3__2025_05_08-14_34_16,/dtu/p1/leopam/ARGOS/dataset/D4D/raw/extracted/specimen_3/2025_05_08-14_34_16/left_images/1746707727_140481472.png,/dtu/p1/leopam/ARGOS/dataset/D4D/raw/extracted/specimen_3/2025_05_08-14_34_16/right_images/1746707727_140481472.png,D4D,specimen_3,2025_05_08-14_34_16,1,True
specimen_3__2025_05_08-14_34_16__1746707727_107423543,specimen_3__2025_05_08-14_34_16,/dtu/p1/leopam/ARGOS/dataset/D4D/raw/extracted/specimen_3/2025_05_08-14_34_16/left_images/1746707727_107423543.png,/dtu/p1/leopam/ARGOS/dataset/D4D/raw/extracted/specimen_3/2025_05_08-14_34_16/right_images/1746707727_107423543.png,D4D,specimen_3,2025_05_08-14_34_16,2,True
specimen_3__2025_05_08-14_34_16__1746707727_072935819,specimen_3__2025_05_08-14_34_16,/dtu/p1/leopam/ARGOS/dataset/D4D/raw/extracted/specimen_3/2025_05_08-14_34_16/left_images/1746707727_072935819.png,/dtu/p1/leopam/ARGOS/dataset/D4D/raw/extracted/specimen_3/2025_05_08-14_34_16/right_images/1746707727_072935819.png,D4D,specimen_3,2025_05_08-14_34_16,3,True
specimen_3__2025_05_08-14_34_16__1746707740_506348848,specimen_3__2025_05_08-14_34_16,/dtu/p1/leopam/ARGOS/dataset/D4D/raw/extracted/specimen_3/2025_05_08-14_34_16/left_images/1746707740_506348848.png,/dtu/p1/leopam/ARGOS/dataset/D4D/raw/extracted/specimen_3/2025_05_08-14_34_16/right_images/1746707740_506348848.png,D4D,specimen_3,2025_05_08-14_34_16,0,True
specimen_3__2025_05_08-14_34_16__1746707740_474032878,specimen_3__2025_05_08-14_34_16,/dtu/p1/leopam/ARGOS/dataset/D4D/raw/extracted/specimen_3/2025_05_08-14_34_16/left_images/1746707740_474032878.png,/dtu/p1/leopam/ARGOS/dataset/D4D/raw/extracted/specimen_3/2025_05_08-14_34_16/right_images/1746707740_474032878.png,D4D,specimen_3,2025_05_08-14_34_16,1,True
specimen_3__2025_05_08-14_34_16__1746707740_441084623,specimen_3__2025_05_08-14_34_16,/dtu/p1/leopam/ARGOS/dataset/D4D/raw/extracted/specimen_3/2025_05_08-14_34_16/left_images/1746707740_441084623.png,/dtu/p1/leopam/ARGOS/dataset/D4D/raw/extracted/specimen_3/2025_05_08-14_34_16/right_images/1746707740_441084623.png,D4D,specimen_3,2025_05_08-14_34_16,2,True
specimen_3__2025_05_08-14_34_16__1746707740_407650709,specimen_3__2025_05_08-14_34_16,/dtu/p1/leopam/ARGOS/dataset/D4D/raw/extracted/specimen_3/2025_05_08-14_34_16/left_images/1746707740_407650709.png,/dtu/p1/leopam/ARGOS/dataset/D4D/raw/extracted/specimen_3/2025_05_08-14_34_16/right_images/1746707740_407650709.png,D4D,specimen_3,2025_05_08-14_34_16,3,True
specimen_3__2025_05_08-14_36_52__1746707818_207958698,specimen_3__2025_05_08-14_36_52,/dtu/p1/leopam/ARGOS/dataset/D4D/raw/extracted/specimen_3/2025_05_08-14_36_52/left_images/1746707818_207958698.png,/dtu/p1/leopam/ARGOS/dataset/D4D/raw/extracted/specimen_3/2025_05_08-14_36_52/right_images/1746707818_207958698.png,D4D,specimen_3,2025_05_08-14_36_52,0,True
specimen_3__2025_05_08-14_36_52__1746707818_175112009,specimen_3__2025_05_08-14_36_52,/dtu/p1/leopam/ARGOS/dataset/D4D/raw/extracted/specimen_3/2025_05_08-14_36_52/left_images/1746707818_175112009.png,/dtu/p1/leopam/ARGOS/dataset/D4D/raw/extracted/specimen_3/2025_05_08-14_36_52/right_images/1746707818_175112009.png,D4D,specimen_3,2025_05_08-14_36_52,1,True
specimen_3__2025_05_08-14_36_52__1746707818_141394853,specimen_3__2025_05_08-14_36_52,/dtu/p1/leopam/ARGOS/dataset/D4D/raw/extracted/specimen_3/2025_05_08-14_36_52/left_images/1746707818_141394853.png,/dtu/p1/leopam/ARGOS/dataset/D4D/raw/extracted/specimen_3/2025_05_08-14_36_52/right_images/1746707818_141394853.png,D4D,specimen_3,2025_05_08-14_36_52,2,True
specimen_3__2025_05_08-14_36_52__1746707818_107901811,specimen_3__2025_05_08-14_36_52,/dtu/p1/leopam/ARGOS/dataset/D4D/raw/extracted/specimen_3/2025_05_08-14_36_52/left_images/1746707818_107901811.png,/dtu/p1/leopam/ARGOS/dataset/D4D/raw/extracted/specimen_3/2025_05_08-14_36_52/right_images/1746707818_107901811.png,D4D,specimen_3,2025_05_08-14_36_52,3,True
specimen_3__2025_05_08-14_38_08__1746707894_239512681,specimen_3__2025_05_08-14_38_08,/dtu/p1/leopam/ARGOS/dataset/D4D/raw/extracted/specimen_3/2025_05_08-14_38_08/left_images/1746707894_239512681.png,/dtu/p1/leopam/ARGOS/dataset/D4D/raw/extracted/specimen_3/2025_05_08-14_38_08/right_images/1746707894_239512681.png,D4D,specimen_3,2025_05_08-14_38_08,0,True
specimen_3__2025_05_08-14_38_08__1746707894_207283735,specimen_3__2025_05_08-14_38_08,/dtu/p1/leopam/ARGOS/dataset/D4D/raw/extracted/specimen_3/2025_05_08-14_38_08/left_images/1746707894_207283735.png,/dtu/p1/leopam/ARGOS/dataset/D4D/raw/extracted/specimen_3/2025_05_08-14_38_08/right_images/1746707894_207283735.png,D4D,specimen_3,2025_05_08-14_38_08,1,True
specimen_3__2025_05_08-14_38_08__1746707894_174139738,specimen_3__2025_05_08-14_38_08,/dtu/p1/leopam/ARGOS/dataset/D4D/raw/extracted/specimen_3/2025_05_08-14_38_08/left_images/1746707894_174139738.png,/dtu/p1/leopam/ARGOS/dataset/D4D/raw/extracted/specimen_3/2025_05_08-14_38_08/right_images/1746707894_174139738.png,D4D,specimen_3,2025_05_08-14_38_08,2,True
specimen_3__2025_05_08-14_38_08__1746707894_139078140,specimen_3__2025_05_08-14_38_08,/dtu/p1/leopam/ARGOS/dataset/D4D/raw/extracted/specimen_3/2025_05_08-14_38_08/left_images/1746707894_139078140.png,/dtu/p1/leopam/ARGOS/dataset/D4D/raw/extracted/specimen_3/2025_05_08-14_38_08/right_images/1746707894_139078140.png,D4D,specimen_3,2025_05_08-14_38_08,3,True
specimen_3__2025_05_08-14_39_50__1746708013_540880203,specimen_3__2025_05_08-14_39_50,/dtu/p1/leopam/ARGOS/dataset/D4D/raw/extracted/specimen_3/2025_05_08-14_39_50/left_images/1746708013_540880203.png,/dtu/p1/leopam/ARGOS/dataset/D4D/raw/extracted/specimen_3/2025_05_08-14_39_50/right_images/1746708013_540880203.png,D4D,specimen_3,2025_05_08-14_39_50,0,True
specimen_3__2025_05_08-14_39_50__1746708013_506819009,specimen_3__2025_05_08-14_39_50,/dtu/p1/leopam/ARGOS/dataset/D4D/raw/extracted/specimen_3/2025_05_08-14_39_50/left_images/1746708013_506819009.png,/dtu/p1/leopam/ARGOS/dataset/D4D/raw/extracted/specimen_3/2025_05_08-14_39_50/right_images/1746708013_506819009.png,D4D,specimen_3,2025_05_08-14_39_50,1,True
specimen_3__2025_05_08-14_39_50__1746708013_475037097,specimen_3__2025_05_08-14_39_50,/dtu/p1/leopam/ARGOS/dataset/D4D/raw/extracted/specimen_3/2025_05_08-14_39_50/left_images/1746708013_475037097.png,/dtu/p1/leopam/ARGOS/dataset/D4D/raw/extracted/specimen_3/2025_05_08-14_39_50/right_images/1746708013_475037097.png,D4D,specimen_3,2025_05_08-14_39_50,2,True
specimen_3__2025_05_08-14_39_50__1746708013_441552162,specimen_3__2025_05_08-14_39_50,/dtu/p1/leopam/ARGOS/dataset/D4D/raw/extracted/specimen_3/2025_05_08-14_39_50/left_images/1746708013_441552162.png,/dtu/p1/leopam/ARGOS/dataset/D4D/raw/extracted/specimen_3/2025_05_08-14_39_50/right_images/1746708013_441552162.png,D4D,specimen_3,2025_05_08-14_39_50,3,True
specimen_3__2025_05_08-14_39_50__1746707996_207382202,specimen_3__2025_05_08-14_39_50,/dtu/p1/leopam/ARGOS/dataset/D4D/raw/extracted/specimen_3/2025_05_08-14_39_50/left_images/1746707996_207382202.png,/dtu/p1/leopam/ARGOS/dataset/D4D/raw/extracted/specimen_3/2025_05_08-14_39_50/right_images/1746707996_207382202.png,D4D,specimen_3,2025_05_08-14_39_50,0,True
specimen_3__2025_05_08-14_39_50__1746707996_173995256,specimen_3__2025_05_08-14_39_50,/dtu/p1/leopam/ARGOS/dataset/D4D/raw/extracted/specimen_3/2025_05_08-14_39_50/left_images/1746707996_173995256.png,/dtu/p1/leopam/ARGOS/dataset/D4D/raw/extracted/specimen_3/2025_05_08-14_39_50/right_images/1746707996_173995256.png,D4D,specimen_3,2025_05_08-14_39_50,1,True
specimen_3__2025_05_08-14_39_50__1746707996_141078233,specimen_3__2025_05_08-14_39_50,/dtu/p1/leopam/ARGOS/dataset/D4D/raw/extracted/specimen_3/2025_05_08-14_39_50/left_images/1746707996_141078233.png,/dtu/p1/leopam/ARGOS/dataset/D4D/raw/extracted/specimen_3/2025_05_08-14_39_50/right_images/1746707996_141078233.png,D4D,specimen_3,2025_05_08-14_39_50,2,True
specimen_3__2025_05_08-14_39_50__1746707996_106719732,specimen_3__2025_05_08-14_39_50,/dtu/p1/leopam/ARGOS/dataset/D4D/raw/extracted/specimen_3/2025_05_08-14_39_50/left_images/1746707996_106719732.png,/dtu/p1/leopam/ARGOS/dataset/D4D/raw/extracted/specimen_3/2025_05_08-14_39_50/right_images/1746707996_106719732.png,D4D,specimen_3,2025_05_08-14_39_50,3,True
specimen_3__2025_05_08-14_39_50__1746708028_073565483,specimen_3__2025_05_08-14_39_50,/dtu/p1/leopam/ARGOS/dataset/D4D/raw/extracted/specimen_3/2025_05_08-14_39_50/left_images/1746708028_073565483.png,/dtu/p1/leopam/ARGOS/dataset/D4D/raw/extracted/specimen_3/2025_05_08-14_39_50/right_images/1746708028_073565483.png,D4D,specimen_3,2025_05_08-14_39_50,0,True
specimen_3__2025_05_08-14_39_50__1746708028_041157245,specimen_3__2025_05_08-14_39_50,/dtu/p1/leopam/ARGOS/dataset/D4D/raw/extracted/specimen_3/2025_05_08-14_39_50/left_images/1746708028_041157245.png,/dtu/p1/leopam/ARGOS/dataset/D4D/raw/extracted/specimen_3/2025_05_08-14_39_50/right_images/1746708028_041157245.png,D4D,specimen_3,2025_05_08-14_39_50,1,True
specimen_3__2025_05_08-14_39_50__1746708028_007853507,specimen_3__2025_05_08-14_39_50,/dtu/p1/leopam/ARGOS/dataset/D4D/raw/extracted/specimen_3/2025_05_08-14_39_50/left_images/1746708028_007853507.png,/dtu/p1/leopam/ARGOS/dataset/D4D/raw/extracted/specimen_3/2025_05_08-14_39_50/right_images/1746708028_007853507.png,D4D,specimen_3,2025_05_08-14_39_50,2,True
specimen_3__2025_05_08-14_39_50__1746708027_974273443,specimen_3__2025_05_08-14_39_50,/dtu/p1/leopam/ARGOS/dataset/D4D/raw/extracted/specimen_3/2025_05_08-14_39_50/left_images/1746708027_974273443.png,/dtu/p1/leopam/ARGOS/dataset/D4D/raw/extracted/specimen_3/2025_05_08-14_39_50/right_images/1746708027_974273443.png,D4D,specimen_3,2025_05_08-14_39_50,3,True
specimen_3__2025_05_08-14_39_50__1746708041_806072235,specimen_3__2025_05_08-14_39_50,/dtu/p1/leopam/ARGOS/dataset/D4D/raw/extracted/specimen_3/2025_05_08-14_39_50/left_images/1746708041_806072235.png,/dtu/p1/leopam/ARGOS/dataset/D4D/raw/extracted/specimen_3/2025_05_08-14_39_50/right_images/1746708041_806072235.png,D4D,specimen_3,2025_05_08-14_39_50,0,True
specimen_3__2025_05_08-14_39_50__1746708041_774496078,specimen_3__2025_05_08-14_39_50,/dtu/p1/leopam/ARGOS/dataset/D4D/raw/extracted/specimen_3/2025_05_08-14_39_50/left_images/1746708041_774496078.png,/dtu/p1/leopam/ARGOS/dataset/D4D/raw/extracted/specimen_3/2025_05_08-14_39_50/right_images/1746708041_774496078.png,D4D,specimen_3,2025_05_08-14_39_50,1,True
specimen_3__2025_05_08-14_39_50__1746708041_740665435,specimen_3__2025_05_08-14_39_50,/dtu/p1/leopam/ARGOS/dataset/D4D/raw/extracted/specimen_3/2025_05_08-14_39_50/left_images/1746708041_740665435.png,/dtu/p1/leopam/ARGOS/dataset/D4D/raw/extracted/specimen_3/2025_05_08-14_39_50/right_images/1746708041_740665435.png,D4D,specimen_3,2025_05_08-14_39_50,2,True
specimen_3__2025_05_08-14_39_50__1746708041_707848548,specimen_3__2025_05_08-14_39_50,/dtu/p1/leopam/ARGOS/dataset/D4D/raw/extracted/specimen_3/2025_05_08-14_39_50/left_images/1746708041_707848548.png,/dtu/p1/leopam/ARGOS/dataset/D4D/raw/extracted/specimen_3/2025_05_08-14_39_50/right_images/1746708041_707848548.png,D4D,specimen_3,2025_05_08-14_39_50,3,True
specimen_3__2025_05_08-14_39_50__1746708059_806899309,specimen_3__2025_05_08-14_39_50,/dtu/p1/leopam/ARGOS/dataset/D4D/raw/extracted/specimen_3/2025_05_08-14_39_50/left_images/1746708059_806899309.png,/dtu/p1/leopam/ARGOS/dataset/D4D/raw/extracted/specimen_3/2025_05_08-14_39_50/right_images/1746708059_806899309.png,D4D,specimen_3,2025_05_08-14_39_50,0,True
specimen_3__2025_05_08-14_39_50__1746708059_774232149,specimen_3__2025_05_08-14_39_50,/dtu/p1/leopam/ARGOS/dataset/D4D/raw/extracted/specimen_3/2025_05_08-14_39_50/left_images/1746708059_774232149.png,/dtu/p1/leopam/ARGOS/dataset/D4D/raw/extracted/specimen_3/2025_05_08-14_39_50/right_images/1746708059_774232149.png,D4D,specimen_3,2025_05_08-14_39_50,1,True
specimen_3__2025_05_08-14_39_50__1746708059_741129398,specimen_3__2025_05_08-14_39_50,/dtu/p1/leopam/ARGOS/dataset/D4D/raw/extracted/specimen_3/2025_05_08-14_39_50/left_images/1746708059_741129398.png,/dtu/p1/leopam/ARGOS/dataset/D4D/raw/extracted/specimen_3/2025_05_08-14_39_50/right_images/1746708059_741129398.png,D4D,specimen_3,2025_05_08-14_39_50,2,True
specimen_3__2025_05_08-14_39_50__1746708059_707903623,specimen_3__2025_05_08-14_39_50,/dtu/p1/leopam/ARGOS/dataset/D4D/raw/extracted/specimen_3/2025_05_08-14_39_50/left_images/1746708059_707903623.png,/dtu/p1/leopam/ARGOS/dataset/D4D/raw/extracted/specimen_3/2025_05_08-14_39_50/right_images/1746708059_707903623.png,D4D,specimen_3,2025_05_08-14_39_50,3,True
specimen_3__2025_05_08-14_39_50__1746708075_840823411,specimen_3__2025_05_08-14_39_50,/dtu/p1/leopam/ARGOS/dataset/D4D/raw/extracted/specimen_3/2025_05_08-14_39_50/left_images/1746708075_840823411.png,/dtu/p1/leopam/ARGOS/dataset/D4D/raw/extracted/specimen_3/2025_05_08-14_39_50/right_images/1746708075_840823411.png,D4D,specimen_3,2025_05_08-14_39_50,0,True
specimen_3__2025_05_08-14_39_50__1746708075_807323694,specimen_3__2025_05_08-14_39_50,/dtu/p1/leopam/ARGOS/dataset/D4D/raw/extracted/specimen_3/2025_05_08-14_39_50/left_images/1746708075_807323694.png,/dtu/p1/leopam/ARGOS/dataset/D4D/raw/extracted/specimen_3/2025_05_08-14_39_50/right_images/1746708075_807323694.png,D4D,specimen_3,2025_05_08-14_39_50,1,True
specimen_3__2025_05_08-14_39_50__1746708075_773853302,specimen_3__2025_05_08-14_39_50,/dtu/p1/leopam/ARGOS/dataset/D4D/raw/extracted/specimen_3/2025_05_08-14_39_50/left_images/1746708075_773853302.png,/dtu/p1/leopam/ARGOS/dataset/D4D/raw/extracted/specimen_3/2025_05_08-14_39_50/right_images/1746708075_773853302.png,D4D,specimen_3,2025_05_08-14_39_50,2,True
specimen_3__2025_05_08-14_39_50__1746708075_740846633,specimen_3__2025_05_08-14_39_50,/dtu/p1/leopam/ARGOS/dataset/D4D/raw/extracted/specimen_3/2025_05_08-14_39_50/left_images/1746708075_740846633.png,/dtu/p1/leopam/ARGOS/dataset/D4D/raw/extracted/specimen_3/2025_05_08-14_39_50/right_images/1746708075_740846633.png,D4D,specimen_3,2025_05_08-14_39_50,3,True
specimen_3__2025_05_08-14_49_00__1746708572_640835762,specimen_3__2025_05_08-14_49_00,/dtu/p1/leopam/ARGOS/dataset/D4D/raw/extracted/specimen_3/2025_05_08-14_49_00/left_images/1746708572_640835762.png,/dtu/p1/leopam/ARGOS/dataset/D4D/raw/extracted/specimen_3/2025_05_08-14_49_00/right_images/1746708572_640835762.png,D4D,specimen_3,2025_05_08-14_49_00,0,True
specimen_3__2025_05_08-14_49_00__1746708572_607398509,specimen_3__2025_05_08-14_49_00,/dtu/p1/leopam/ARGOS/dataset/D4D/raw/extracted/specimen_3/2025_05_08-14_49_00/left_images/1746708572_607398509.png,/dtu/p1/leopam/ARGOS/dataset/D4D/raw/extracted/specimen_3/2025_05_08-14_49_00/right_images/1746708572_607398509.png,D4D,specimen_3,2025_05_08-14_49_00,1,True
specimen_3__2025_05_08-14_49_00__1746708572_574225187,specimen_3__2025_05_08-14_49_00,/dtu/p1/leopam/ARGOS/dataset/D4D/raw/extracted/specimen_3/2025_05_08-14_49_00/left_images/1746708572_574225187.png,/dtu/p1/leopam/ARGOS/dataset/D4D/raw/extracted/specimen_3/2025_05_08-14_49_00/right_images/1746708572_574225187.png,D4D,specimen_3,2025_05_08-14_49_00,2,True
specimen_3__2025_05_08-14_49_00__1746708572_540784835,specimen_3__2025_05_08-14_49_00,/dtu/p1/leopam/ARGOS/dataset/D4D/raw/extracted/specimen_3/2025_05_08-14_49_00/left_images/1746708572_540784835.png,/dtu/p1/leopam/ARGOS/dataset/D4D/raw/extracted/specimen_3/2025_05_08-14_49_00/right_images/1746708572_540784835.png,D4D,specimen_3,2025_05_08-14_49_00,3,True
specimen_3__2025_05_08-14_49_00__1746708547_674401521,specimen_3__2025_05_08-14_49_00,/dtu/p1/leopam/ARGOS/dataset/D4D/raw/extracted/specimen_3/2025_05_08-14_49_00/left_images/1746708547_674401521.png,/dtu/p1/leopam/ARGOS/dataset/D4D/raw/extracted/specimen_3/2025_05_08-14_49_00/right_images/1746708547_674401521.png,D4D,specimen_3,2025_05_08-14_49_00,0,True
specimen_3__2025_05_08-14_49_00__1746708547_640974760,specimen_3__2025_05_08-14_49_00,/dtu/p1/leopam/ARGOS/dataset/D4D/raw/extracted/specimen_3/2025_05_08-14_49_00/left_images/1746708547_640974760.png,/dtu/p1/leopam/ARGOS/dataset/D4D/raw/extracted/specimen_3/2025_05_08-14_49_00/right_images/1746708547_640974760.png,D4D,specimen_3,2025_05_08-14_49_00,1,True
specimen_3__2025_05_08-14_49_00__1746708547_607433795,specimen_3__2025_05_08-14_49_00,/dtu/p1/leopam/ARGOS/dataset/D4D/raw/extracted/specimen_3/2025_05_08-14_49_00/left_images/1746708547_607433795.png,/dtu/p1/leopam/ARGOS/dataset/D4D/raw/extracted/specimen_3/2025_05_08-14_49_00/right_images/1746708547_607433795.png,D4D,specimen_3,2025_05_08-14_49_00,2,True
specimen_3__2025_05_08-14_49_00__1746708547_573846101,specimen_3__2025_05_08-14_49_00,/dtu/p1/leopam/ARGOS/dataset/D4D/raw/extracted/specimen_3/2025_05_08-14_49_00/left_images/1746708547_573846101.png,/dtu/p1/leopam/ARGOS/dataset/D4D/raw/extracted/specimen_3/2025_05_08-14_49_00/right_images/1746708547_573846101.png,D4D,specimen_3,2025_05_08-14_49_00,3,True
specimen_3__2025_05_08-14_50_11__1746708631_207470893,specimen_3__2025_05_08-14_50_11,/dtu/p1/leopam/ARGOS/dataset/D4D/raw/extracted/specimen_3/2025_05_08-14_50_11/left_images/1746708631_207470893.png,/dtu/p1/leopam/ARGOS/dataset/D4D/raw/extracted/specimen_3/2025_05_08-14_50_11/right_images/1746708631_207470893.png,D4D,specimen_3,2025_05_08-14_50_11,0,True
specimen_3__2025_05_08-14_50_11__1746708631_174216508,specimen_3__2025_05_08-14_50_11,/dtu/p1/leopam/ARGOS/dataset/D4D/raw/extracted/specimen_3/2025_05_08-14_50_11/left_images/1746708631_174216508.png,/dtu/p1/leopam/ARGOS/dataset/D4D/raw/extracted/specimen_3/2025_05_08-14_50_11/right_images/1746708631_174216508.png,D4D,specimen_3,2025_05_08-14_50_11,1,True
specimen_3__2025_05_08-14_50_11__1746708631_140869855,specimen_3__2025_05_08-14_50_11,/dtu/p1/leopam/ARGOS/dataset/D4D/raw/extracted/specimen_3/2025_05_08-14_50_11/left_images/1746708631_140869855.png,/dtu/p1/leopam/ARGOS/dataset/D4D/raw/extracted/specimen_3/2025_05_08-14_50_11/right_images/1746708631_140869855.png,D4D,specimen_3,2025_05_08-14_50_11,2,True
specimen_3__2025_05_08-14_50_11__1746708631_108083963,specimen_3__2025_05_08-14_50_11,/dtu/p1/leopam/ARGOS/dataset/D4D/raw/extracted/specimen_3/2025_05_08-14_50_11/left_images/1746708631_108083963.png,/dtu/p1/leopam/ARGOS/dataset/D4D/raw/extracted/specimen_3/2025_05_08-14_50_11/right_images/1746708631_108083963.png,D4D,specimen_3,2025_05_08-14_50_11,3,True
specimen_3__2025_05_08-14_50_11__1746708617_239433050,specimen_3__2025_05_08-14_50_11,/dtu/p1/leopam/ARGOS/dataset/D4D/raw/extracted/specimen_3/2025_05_08-14_50_11/left_images/1746708617_239433050.png,/dtu/p1/leopam/ARGOS/dataset/D4D/raw/extracted/specimen_3/2025_05_08-14_50_11/right_images/1746708617_239433050.png,D4D,specimen_3,2025_05_08-14_50_11,0,True
specimen_3__2025_05_08-14_50_11__1746708617_207755088,specimen_3__2025_05_08-14_50_11,/dtu/p1/leopam/ARGOS/dataset/D4D/raw/extracted/specimen_3/2025_05_08-14_50_11/left_images/1746708617_207755088.png,/dtu/p1/leopam/ARGOS/dataset/D4D/raw/extracted/specimen_3/2025_05_08-14_50_11/right_images/1746708617_207755088.png,D4D,specimen_3,2025_05_08-14_50_11,1,True
specimen_3__2025_05_08-14_50_11__1746708617_174401760,specimen_3__2025_05_08-14_50_11,/dtu/p1/leopam/ARGOS/dataset/D4D/raw/extracted/specimen_3/2025_05_08-14_50_11/left_images/1746708617_174401760.png,/dtu/p1/leopam/ARGOS/dataset/D4D/raw/extracted/specimen_3/2025_05_08-14_50_11/right_images/1746708617_174401760.png,D4D,specimen_3,2025_05_08-14_50_11,2,True
specimen_3__2025_05_08-14_50_11__1746708617_141106843,specimen_3__2025_05_08-14_50_11,/dtu/p1/leopam/ARGOS/dataset/D4D/raw/extracted/specimen_3/2025_05_08-14_50_11/left_images/1746708617_141106843.png,/dtu/p1/leopam/ARGOS/dataset/D4D/raw/extracted/specimen_3/2025_05_08-14_50_11/right_images/1746708617_141106843.png,D4D,specimen_3,2025_05_08-14_50_11,3,True
specimen_3__2025_05_08-14_50_11__1746708644_406662940,specimen_3__2025_05_08-14_50_11,/dtu/p1/leopam/ARGOS/dataset/D4D/raw/extracted/specimen_3/2025_05_08-14_50_11/left_images/1746708644_406662940.png,/dtu/p1/leopam/ARGOS/dataset/D4D/raw/extracted/specimen_3/2025_05_08-14_50_11/right_images/1746708644_406662940.png,D4D,specimen_3,2025_05_08-14_50_11,0,True
specimen_3__2025_05_08-14_50_11__1746708644_372229337,specimen_3__2025_05_08-14_50_11,/dtu/p1/leopam/ARGOS/dataset/D4D/raw/extracted/specimen_3/2025_05_08-14_50_11/left_images/1746708644_372229337.png,/dtu/p1/leopam/ARGOS/dataset/D4D/raw/extracted/specimen_3/2025_05_08-14_50_11/right_images/1746708644_372229337.png,D4D,specimen_3,2025_05_08-14_50_11,1,True
specimen_3__2025_05_08-14_50_11__1746708644_340151548,specimen_3__2025_05_08-14_50_11,/dtu/p1/leopam/ARGOS/dataset/D4D/raw/extracted/specimen_3/2025_05_08-14_50_11/left_images/1746708644_340151548.png,/dtu/p1/leopam/ARGOS/dataset/D4D/raw/extracted/specimen_3/2025_05_08-14_50_11/right_images/1746708644_340151548.png,D4D,specimen_3,2025_05_08-14_50_11,2,True
specimen_3__2025_05_08-14_50_11__1746708644_306608200,specimen_3__2025_05_08-14_50_11,/dtu/p1/leopam/ARGOS/dataset/D4D/raw/extracted/specimen_3/2025_05_08-14_50_11/left_images/1746708644_306608200.png,/dtu/p1/leopam/ARGOS/dataset/D4D/raw/extracted/specimen_3/2025_05_08-14_50_11/right_images/1746708644_306608200.png,D4D,specimen_3,2025_05_08-14_50_11,3,True
specimen_3__2025_05_08-14_50_11__1746708658_240703105,specimen_3__2025_05_08-14_50_11,/dtu/p1/leopam/ARGOS/dataset/D4D/raw/extracted/specimen_3/2025_05_08-14_50_11/left_images/1746708658_240703105.png,/dtu/p1/leopam/ARGOS/dataset/D4D/raw/extracted/specimen_3/2025_05_08-14_50_11/right_images/1746708658_240703105.png,D4D,specimen_3,2025_05_08-14_50_11,0,True
specimen_3__2025_05_08-14_50_11__1746708658_207664966,specimen_3__2025_05_08-14_50_11,/dtu/p1/leopam/ARGOS/dataset/D4D/raw/extracted/specimen_3/2025_05_08-14_50_11/left_images/1746708658_207664966.png,/dtu/p1/leopam/ARGOS/dataset/D4D/raw/extracted/specimen_3/2025_05_08-14_50_11/right_images/1746708658_207664966.png,D4D,specimen_3,2025_05_08-14_50_11,1,True
specimen_3__2025_05_08-14_50_11__1746708658_174290180,specimen_3__2025_05_08-14_50_11,/dtu/p1/leopam/ARGOS/dataset/D4D/raw/extracted/specimen_3/2025_05_08-14_50_11/left_images/1746708658_174290180.png,/dtu/p1/leopam/ARGOS/dataset/D4D/raw/extracted/specimen_3/2025_05_08-14_50_11/right_images/1746708658_174290180.png,D4D,specimen_3,2025_05_08-14_50_11,2,True
specimen_3__2025_05_08-14_50_11__1746708658_140880346,specimen_3__2025_05_08-14_50_11,/dtu/p1/leopam/ARGOS/dataset/D4D/raw/extracted/specimen_3/2025_05_08-14_50_11/left_images/1746708658_140880346.png,/dtu/p1/leopam/ARGOS/dataset/D4D/raw/extracted/specimen_3/2025_05_08-14_50_11/right_images/1746708658_140880346.png,D4D,specimen_3,2025_05_08-14_50_11,3,True
specimen_3__2025_05_08-14_52_45__1746708771_572831630,specimen_3__2025_05_08-14_52_45,/dtu/p1/leopam/ARGOS/dataset/D4D/raw/extracted/specimen_3/2025_05_08-14_52_45/left_images/1746708771_572831630.png,/dtu/p1/leopam/ARGOS/dataset/D4D/raw/extracted/specimen_3/2025_05_08-14_52_45/right_images/1746708771_572831630.png,D4D,specimen_3,2025_05_08-14_52_45,0,True
specimen_3__2025_05_08-14_52_45__1746708771_540952444,specimen_3__2025_05_08-14_52_45,/dtu/p1/leopam/ARGOS/dataset/D4D/raw/extracted/specimen_3/2025_05_08-14_52_45/left_images/1746708771_540952444.png,/dtu/p1/leopam/ARGOS/dataset/D4D/raw/extracted/specimen_3/2025_05_08-14_52_45/right_images/1746708771_540952444.png,D4D,specimen_3,2025_05_08-14_52_45,1,True
specimen_3__2025_05_08-14_52_45__1746708771_506718635,specimen_3__2025_05_08-14_52_45,/dtu/p1/leopam/ARGOS/dataset/D4D/raw/extracted/specimen_3/2025_05_08-14_52_45/left_images/1746708771_506718635.png,/dtu/p1/leopam/ARGOS/dataset/D4D/raw/extracted/specimen_3/2025_05_08-14_52_45/right_images/1746708771_506718635.png,D4D,specimen_3,2025_05_08-14_52_45,2,True
specimen_3__2025_05_08-14_52_45__1746708771_474050998,specimen_3__2025_05_08-14_52_45,/dtu/p1/leopam/ARGOS/dataset/D4D/raw/extracted/specimen_3/2025_05_08-14_52_45/left_images/1746708771_474050998.png,/dtu/p1/leopam/ARGOS/dataset/D4D/raw/extracted/specimen_3/2025_05_08-14_52_45/right_images/1746708771_474050998.png,D4D,specimen_3,2025_05_08-14_52_45,3,True
specimen_3__2025_05_08-14_59_26__1746709304_905916452,specimen_3__2025_05_08-14_59_26,/dtu/p1/leopam/ARGOS/dataset/D4D/raw/extracted/specimen_3/2025_05_08-14_59_26/left_images/1746709304_905916452.png,/dtu/p1/leopam/ARGOS/dataset/D4D/raw/extracted/specimen_3/2025_05_08-14_59_26/right_images/1746709304_905916452.png,D4D,specimen_3,2025_05_08-14_59_26,0,True
specimen_3__2025_05_08-14_59_26__1746709304_874278783,specimen_3__2025_05_08-14_59_26,/dtu/p1/leopam/ARGOS/dataset/D4D/raw/extracted/specimen_3/2025_05_08-14_59_26/left_images/1746709304_874278783.png,/dtu/p1/leopam/ARGOS/dataset/D4D/raw/extracted/specimen_3/2025_05_08-14_59_26/right_images/1746709304_874278783.png,D4D,specimen_3,2025_05_08-14_59_26,1,True
specimen_3__2025_05_08-14_59_26__1746709304_840747594,specimen_3__2025_05_08-14_59_26,/dtu/p1/leopam/ARGOS/dataset/D4D/raw/extracted/specimen_3/2025_05_08-14_59_26/left_images/1746709304_840747594.png,/dtu/p1/leopam/ARGOS/dataset/D4D/raw/extracted/specimen_3/2025_05_08-14_59_26/right_images/1746709304_840747594.png,D4D,specimen_3,2025_05_08-14_59_26,2,True
specimen_3__2025_05_08-14_59_26__1746709304_807500600,specimen_3__2025_05_08-14_59_26,/dtu/p1/leopam/ARGOS/dataset/D4D/raw/extracted/specimen_3/2025_05_08-14_59_26/left_images/1746709304_807500600.png,/dtu/p1/leopam/ARGOS/dataset/D4D/raw/extracted/specimen_3/2025_05_08-14_59_26/right_images/1746709304_807500600.png,D4D,specimen_3,2025_05_08-14_59_26,3,True
specimen_3__2025_05_08-14_59_26__1746709328_040919780,specimen_3__2025_05_08-14_59_26,/dtu/p1/leopam/ARGOS/dataset/D4D/raw/extracted/specimen_3/2025_05_08-14_59_26/left_images/1746709328_040919780.png,/dtu/p1/leopam/ARGOS/dataset/D4D/raw/extracted/specimen_3/2025_05_08-14_59_26/right_images/1746709328_040919780.png,D4D,specimen_3,2025_05_08-14_59_26,0,True
specimen_3__2025_05_08-14_59_26__1746709328_007506608,specimen_3__2025_05_08-14_59_26,/dtu/p1/leopam/ARGOS/dataset/D4D/raw/extracted/specimen_3/2025_05_08-14_59_26/left_images/1746709328_007506608.png,/dtu/p1/leopam/ARGOS/dataset/D4D/raw/extracted/specimen_3/2025_05_08-14_59_26/right_images/1746709328_007506608.png,D4D,specimen_3,2025_05_08-14_59_26,1,True
specimen_3__2025_05_08-14_59_26__1746709327_974329471,specimen_3__2025_05_08-14_59_26,/dtu/p1/leopam/ARGOS/dataset/D4D/raw/extracted/specimen_3/2025_05_08-14_59_26/left_images/1746709327_974329471.png,/dtu/p1/leopam/ARGOS/dataset/D4D/raw/extracted/specimen_3/2025_05_08-14_59_26/right_images/1746709327_974329471.png,D4D,specimen_3,2025_05_08-14_59_26,2,True
specimen_3__2025_05_08-14_59_26__1746709327_940649032,specimen_3__2025_05_08-14_59_26,/dtu/p1/leopam/ARGOS/dataset/D4D/raw/extracted/specimen_3/2025_05_08-14_59_26/left_images/1746709327_940649032.png,/dtu/p1/leopam/ARGOS/dataset/D4D/raw/extracted/specimen_3/2025_05_08-14_59_26/right_images/1746709327_940649032.png,D4D,specimen_3,2025_05_08-14_59_26,3,True
