{
  "runtime_ms": [
    1057.7619879040867,
    65.97141595557332,
    65.35438797436655,
    64.5675560226664,
    64.71719802357256
  ],
  "mean_runtime_ms": 263.6745091760531
}
