{
  "stereoanyvideo": {
    "adjacent_delta_mean": 0.2883897051215172,
    "adjacent_delta_p95_mean": 0.6774114519357681,
    "adjacent_delta_per_pair": [
      0.23110154271125793,
      0.34483543038368225,
      0.28949257731437683,
      0.2881292700767517
    ],
    "frame_mean_std": 0.12343637645244598,
    "frame_p95_std": 0.06516745686531067
  },
  "s2m2": {
    "adjacent_delta_mean": 0.2721927650272846,
    "adjacent_delta_p95_mean": 0.629786767065525,
    "adjacent_delta_per_pair": [
      0.21208299696445465,
      0.30084002017974854,
      0.27707797288894653,
      0.29877007007598877
    ],
    "frame_mean_std": 0.10410948842763901,
    "frame_p95_std": 0.042205460369586945
  },
  "fast_foundation": {
    "adjacent_delta_mean": 0.2824493497610092,
    "adjacent_delta_p95_mean": 0.6596506088972092,
    "adjacent_delta_per_pair": [
      0.23223158717155457,
      0.3226274251937866,
      0.2835083603858948,
      0.2914300262928009
    ],
    "frame_mean_std": 0.11640345305204391,
    "frame_p95_std": 0.05896993353962898
  }
}
