backbone,sequence,coverage_threshold,method,frames,valid_count,clean_count,changed_count,epe,raw_epe,bad1,bad3,bad5,boundary_epe,non_boundary_epe,p95_pixel_error,intervention_coverage,intervention_precision,false_update_rate,clean_pixel_degradation,new_bad3
S2M2-S,dataset_7_keyframe_1,0.05,raw,646,11549092,10271516,0,0.26442802919621516,0.26442802919621516,0.027683301888112632,0.003946717206880867,0.0009971346682354964,0.4917458392715072,0.2229998421235015,0.7349574559024792,0.0,0.0,0.0,0.0,0.0
S2M2-S,dataset_7_keyframe_1,0.05,aligned_memory,646,11549092,10271516,4821835,0.25842892048279154,0.26442802919621516,0.025322769966799774,0.003616994325350403,0.0008455210190596484,0.4821622195268491,0.21765989465014843,0.711470076633504,0.41750771402634945,0.5252960750419705,0.38688991965742936,0.19023998015482818,9.706436996837518e-05
S2M2-S,dataset_7_keyframe_1,0.05,fixed_blend_50,646,11549092,10271516,4821835,0.25960677760061734,0.26442802919621516,0.026010962671458172,0.003763845684680222,0.0009073440591970273,0.48446323411366427,0.21863274426959142,0.7162995777443903,0.41750771402634945,0.5539853603451798,0.38688991965742936,0.1769405801441579,4.48718591835239e-05
S2M2-S,dataset_7_keyframe_1,0.05,oracle_raw_memory,646,11549092,10271516,2588340,0.23223837848781098,0.26442802919621516,0.022846384868227557,0.003520709683923505,0.0008229218388187911,0.4468829752957527,0.19314582324191343,0.6673844703410011,0.22411632014014607,0.9785773893692482,0.19127799635418957,0.0,0.0
S2M2-S,dataset_7_keyframe_1,0.05,learned_no_abstention,646,11549092,10271516,268950,0.26159689970875455,0.26442802919621516,0.02627063671716564,0.003848960595878152,0.0008978195007995147,0.4876325699514325,0.22039997735699057,0.7233171091541589,0.02328754502951401,0.7220412716118237,0.013644237131110928,0.006106401430908543,1.6600365134618477e-05
S2M2-S,dataset_7_keyframe_1,0.05,learned_calibrated,646,11549092,10271516,268921,0.2616050003394893,0.26442802919621516,0.02627280138889351,0.00385077892084574,0.0008987719566265789,0.4876611090922275,0.2204042867709829,0.7233278834799053,0.023285034009600063,0.7220112969980031,0.013644237131110928,0.006106401430908543,1.6600365134618477e-05
S2M2-S,dataset_7_keyframe_1,0.05,unwarped_previous_control,646,11549092,10271516,4821835,0.26484341206984585,0.26442802919621516,0.02888807189719915,0.0038468825117520646,0.0009599023029703243,0.499338401084304,0.22218774675696748,0.7327072680831372,0.41750771402634945,0.47101425079871045,0.38688991965742936,0.17976022234692524,0.0005817541267303083
S2M2-S,dataset_7_keyframe_1,0.05,identity_no_flow_control,646,11549092,10271516,4821835,0.26484341206984585,0.26442802919621516,0.02888807189719915,0.0038468825117520646,0.0009599023029703243,0.499338401084304,0.22218774675696748,0.7327072680831372,0.41750771402634945,0.47101425079871045,0.38688991965742936,0.17976022234692524,0.0005817541267303083
S2M2-S,dataset_7_keyframe_1,0.05,shuffled_memory_control,646,11549092,10271516,4821835,0.2879511745766962,0.26442802919621516,0.03600785234207177,0.006989553749278251,0.002249700643081626,0.517453369450873,0.24615301656227606,0.8062675738483881,0.41750771402634945,0.4535088819920217,0.38688991965742936,0.17309450717888186,0.003964714815418346
S2M2-S,dataset_7_keyframe_1,0.25,raw,646,9052014,8408105,0,0.22351962445831378,0.22351962445831378,0.01689171051552929,0.0029840873066404846,0.0007364107062558832,0.48176111934322163,0.20043730356074038,0.6069293438809363,0.0,0.0,0.0,0.0,0.0
S2M2-S,dataset_7_keyframe_1,0.25,aligned_memory,646,9052014,8408105,3425052,0.21999555049427447,0.22351962445831378,0.01575207467624609,0.0027687761087328328,0.0006049482505272641,0.47378243476596765,0.19725479976314744,0.5901009615075743,0.37837458050771905,0.5131957120651015,0.35763670886602866,0.17552528185601868,6.0280434477764596e-05
S2M2-S,dataset_7_keyframe_1,0.25,fixed_blend_50,646,9052014,8408105,3425052,0.22013275118763959,0.22351962445831378,0.01607564904504657,0.002872288973070361,0.0006586379584085906,0.47534427135278734,0.19729675401197,0.5925833229512997,0.37837458050771905,0.5435412367461866,0.35763670886602866,0.16325866529973163,2.7754700865065493e-05
S2M2-S,dataset_7_keyframe_1,0.25,oracle_raw_memory,646,9052014,8408105,1801492,0.1961203756099528,0.22351962445831378,0.014465289150894768,0.002709010390504764,0.000588929712941038,0.44010206678726604,0.1742948989096128,0.5504874719369901,0.1990156002851962,0.975703472455054,0.17694831356173596,0.0,0.0
S2M2-S,dataset_7_keyframe_1,0.25,learned_no_abstention,646,9052014,8408105,131453,0.22202987989732553,0.22351962445831378,0.016320898319294064,0.002906977392848573,0.0006518991253480333,0.47785545243532085,0.19914695679024266,0.6002997591139998,0.014521961631963893,0.6878351958494671,0.009458373795284431,0.004291811293983603,6.317576687528928e-06
S2M2-S,dataset_7_keyframe_1,0.25,learned_calibrated,646,9052014,8408105,131449,0.22203193553882905,0.22351962445831378,0.016321340209911748,0.0029074192834661256,0.0006522305432894393,0.4778623925244304,0.19914853444164451,0.6003002973501289,0.014521519741352587,0.6878256966580195,0.009458373795284431,0.004291811293983603,6.317576687528928e-06
S2M2-S,dataset_7_keyframe_1,0.25,unwarped_previous_control,646,9052014,8408105,3425052,0.22221055484816432,0.22351962445831378,0.016744008600724714,0.002750769049115657,0.0006707899495788886,0.484323248043711,0.19885004059751415,0.5900582393888439,0.37837458050771905,0.47283077745972907,0.35763670886602866,0.16476138202365456,0.00032123156370227404
S2M2-S,dataset_7_keyframe_1,0.25,identity_no_flow_control,646,9052014,8408105,3425052,0.22221055484816432,0.22351962445831378,0.016744008600724714,0.002750769049115657,0.0006707899495788886,0.484323248043711,0.19885004059751415,0.5900582393888439,0.37837458050771905,0.47283077745972907,0.35763670886602866,0.16476138202365456,0.00032123156370227404
S2M2-S,dataset_7_keyframe_1,0.25,shuffled_memory_control,646,9052014,8408105,3425052,0.24440415827114154,0.22351962445831378,0.02376443510373219,0.00547878078711733,0.0017561837576744118,0.4992366907198979,0.221648612659837,0.6638610922227968,0.37837458050771905,0.4435722435746961,0.35763670886602866,0.15693369671287408,0.003230275151653873
S2M2-S,dataset_7_keyframe_1,0.5,raw,646,2987068,2883639,0,0.17226727975435002,0.17226727975435002,0.011814930240532904,0.002918246266670552,0.0008687448680057032,0.5519250613348448,0.1508964337560544,0.4900689151296459,0.0,0.0,0.0,0.0,0.0
S2M2-S,dataset_7_keyframe_1,0.5,aligned_memory,646,2987068,2883639,894676,0.1709825005805354,0.17226727975435002,0.011498901285074498,0.0027779749288769336,0.0006812700611806694,0.545610633282634,0.14989435684894925,0.48513700977336227,0.29951644890574974,0.4954754570369609,0.288503172553846,0.14147367267539385,6.631704314958026e-05
S2M2-S,dataset_7_keyframe_1,0.5,fixed_blend_50,646,2987068,2883639,894676,0.17025365838918197,0.17226727975435002,0.011596655995873121,0.0028489475322256434,0.000762955512962989,0.5464577265012553,0.14906712766285715,0.48278809861899247,0.29951644890574974,0.5301315783590931,0.288503172553846,0.13073515790291365,2.912796816469882e-05
S2M2-S,dataset_7_keyframe_1,0.5,oracle_raw_memory,646,2987068,2883639,457610,0.1510974527732705,0.17226727975435002,0.010991714967423825,0.002712358750478636,0.0006641964626409511,0.511065386772852,0.13073030353748377,0.4496279973906357,0.15319704807523632,0.9687069775573086,0.1421453933727488,0.0,0.0
S2M2-S,dataset_7_keyframe_1,0.5,learned_no_abstention,646,2987068,2883639,18306,0.1722101330110215,0.17226727975435002,0.011800200090919248,0.0028797469646531424,0.0007475557956279882,0.5480649391748712,0.1510701082099163,0.49070144435866325,0.006128417565318232,0.49049491969845954,0.0046805442706247214,0.0029376076547723206,2.715411980522746e-06
S2M2-S,dataset_7_keyframe_1,0.5,learned_calibrated,646,2987068,2883639,18306,0.1722101330110215,0.17226727975435002,0.011800200090919248,0.0028797469646531424,0.0007475557956279882,0.5480649391748712,0.1510701082099163,0.49070144435866325,0.006128417565318232,0.49049491969845954,0.0046805442706247214,0.0029376076547723206,2.715411980522746e-06
S2M2-S,dataset_7_keyframe_1,0.5,unwarped_previous_control,646,2987068,2883639,894676,0.17235523851062068,0.17226727975435002,0.011239114744711658,0.0027746271607017683,0.0008135067563895358,0.5475814520626059,0.1512555047458236,0.48496973398460175,0.29951644890574974,0.4785576007403798,0.288503172553846,0.1371499691882375,0.00019749994076468215
S2M2-S,dataset_7_keyframe_1,0.5,identity_no_flow_control,646,2987068,2883639,894676,0.17235523851062068,0.17226727975435002,0.011239114744711658,0.0027746271607017683,0.0008135067563895358,0.5475814520626059,0.1512555047458236,0.48496973398460175,0.29951644890574974,0.4785576007403798,0.288503172553846,0.1371499691882375,0.00019749994076468215
S2M2-S,dataset_7_keyframe_1,0.5,shuffled_memory_control,646,2987068,2883639,894676,0.1844763432350757,0.17226727975435002,0.015603929890076133,0.0035727341952624557,0.0010110248589959563,0.5590881186437248,0.16349172267109413,0.5338018080921704,0.29951644890574974,0.4156487935297247,0.288503172553846,0.12311908668179339,0.0011277369778800042
S2M2-S,dataset_7_keyframe_1,0.9,raw,22,39,23,0,0.9044608097427931,0.9044608097427931,0.38461538461538464,0.02564102564102564,0.0,2.0767582058906555,0.1940486916899681,1.0133212082661116,0.0,0.0,0.0,0.0,0.0
S2M2-S,dataset_7_keyframe_1,0.9,aligned_memory,22,39,23,11,0.9046939584689263,0.9044608097427931,0.38461538461538464,0.0,0.0,2.0783969163894653,0.18995973646640776,1.0211459814738004,0.28205128205128205,0.5454545454545454,0.17391304347826086,0.08695652173913043,0.0
S2M2-S,dataset_7_keyframe_1,0.9,fixed_blend_50,22,39,23,11,0.9036160982572116,0.9044608097427931,0.38461538461538464,0.0,0.0,2.077577590942383,0.1905045700073242,1.016738378848785,0.28205128205128205,0.5454545454545454,0.17391304347826086,0.08695652173913043,0.0
S2M2-S,dataset_7_keyframe_1,0.9,oracle_raw_memory,22,39,23,6,0.8830448790238454,0.9044608097427931,0.38461538461538464,0.0,0.0,2.0479788780212402,0.17565471708774566,0.9948855386330531,0.15384615384615385,1.0,0.08695652173913043,0.0,0.0
S2M2-S,dataset_7_keyframe_1,0.9,learned_no_abstention,22,39,23,0,0.9044608097427931,0.9044608097427931,0.38461538461538464,0.02564102564102564,0.0,2.0767582058906555,0.1940486916899681,1.0133212082661116,0.0,0.0,0.0,0.0,0.0
S2M2-S,dataset_7_keyframe_1,0.9,learned_calibrated,22,39,23,0,0.9044608097427931,0.9044608097427931,0.38461538461538464,0.02564102564102564,0.0,2.0767582058906555,0.1940486916899681,1.0133212082661116,0.0,0.0,0.0,0.0,0.0
S2M2-S,dataset_7_keyframe_1,0.9,unwarped_previous_control,22,39,23,11,0.9205339145966065,0.9044608097427931,0.38461538461538464,0.0,0.0,2.1109378933906555,0.19912273526191712,1.0385027806728313,0.28205128205128205,0.36363636363636365,0.17391304347826086,0.08695652173913043,0.0
S2M2-S,dataset_7_keyframe_1,0.9,identity_no_flow_control,22,39,23,11,0.9205339145966065,0.9044608097427931,0.38461538461538464,0.0,0.0,2.1109378933906555,0.19912273526191712,1.0385027806728313,0.28205128205128205,0.36363636363636365,0.17391304347826086,0.08695652173913043,0.0
S2M2-S,dataset_7_keyframe_1,0.9,shuffled_memory_control,22,39,23,11,0.9251611049358661,0.9044608097427931,0.38461538461538464,0.0,0.0,2.0959278345108032,0.2133701515197754,1.0608249455690384,0.28205128205128205,0.45454545454545453,0.17391304347826086,0.043478260869565216,0.0
RAFT-Stereo,dataset_7_keyframe_1,0.05,raw,646,11549092,10446976,0,0.23817593560425782,0.23817593560425782,0.03008695408939396,0.004172622401656614,0.0011028572658306657,0.4763159969831829,0.194685131845553,0.7282085871389914,0.0,0.0,0.0,0.0,0.0
RAFT-Stereo,dataset_7_keyframe_1,0.05,aligned_memory,646,11549092,10446976,5255867,0.23031282650438534,0.23817593560425782,0.02721807051637696,0.00382004057706106,0.0009302029989858502,0.46576015560107376,0.18733820745507268,0.7020126081083767,0.455089196622557,0.5338091698286885,0.42564365037308405,0.20030360938897535,0.00024081031992941265
RAFT-Stereo,dataset_7_keyframe_1,0.05,fixed_blend_50,646,11549092,10446976,5255867,0.23058206209593185,0.23817593560425782,0.027852319468863736,0.003892427221802543,0.0009538412221932132,0.4657806611499732,0.1876522414191484,0.7058382900010575,0.455089196622557,0.5790249258590447,0.42564365037308405,0.17788094851562788,7.344603625253728e-05
RAFT-Stereo,dataset_7_keyframe_1,0.05,oracle_raw_memory,646,11549092,10446976,2894515,0.20039248839796875,0.23817593560425782,0.023769227954267436,0.0035806278071882198,0.0008492442517512583,0.41930308976138336,0.1604498672600152,0.6417120209218378,0.2506270622833379,0.9692919193716392,0.21690937166889251,0.0,0.0
RAFT-Stereo,dataset_7_keyframe_1,0.05,learned_no_abstention,646,11549092,10446976,470780,0.23415314659978362,0.23817593560425782,0.027920723147249322,0.003955462472687337,0.0009700329684278928,0.47067744114820365,0.19096417889991105,0.7133929880778073,0.04076337776164568,0.6790369174561366,0.02517321758947278,0.012562486981878776,1.38519548583204e-05
RAFT-Stereo,dataset_7_keyframe_1,0.05,learned_calibrated,646,11549092,10446976,470619,0.2341999165229749,0.23817593560425782,0.027926264710761727,0.003966718768863792,0.0009758342903175046,0.4707975439110747,0.19099688822694913,0.7134125529599128,0.04074943727177859,0.678950488611807,0.025173121867993187,0.012562391260399182,1.2985224826026936e-05
RAFT-Stereo,dataset_7_keyframe_1,0.05,unwarped_previous_control,646,11549092,10446976,5255867,0.23966336997891666,0.23817593560425782,0.030687780506702716,0.00405140075324776,0.0010608626244172892,0.4848786335158903,0.19497212681115617,0.7289668985611872,0.455089196622557,0.4744849898218505,0.42564365037308405,0.19561957450653664,0.000717422336472928
RAFT-Stereo,dataset_7_keyframe_1,0.05,identity_no_flow_control,646,11549092,10446976,5255867,0.23966336997891666,0.23817593560425782,0.030687780506702716,0.00405140075324776,0.0010608626244172892,0.4848786335158903,0.19497212681115617,0.7289668985611872,0.455089196622557,0.4744849898218505,0.42564365037308405,0.19561957450653664,0.000717422336472928
RAFT-Stereo,dataset_7_keyframe_1,0.05,shuffled_memory_control,646,11549092,10446976,5255867,0.2683739465708313,0.23817593560425782,0.03849947690688838,0.008157004851378406,0.0030379877365402114,0.5102519026745855,0.2242751413193904,0.8124823648458933,0.455089196622557,0.46248811090539393,0.42564365037308405,0.1855532165480231,0.005102906402572588
RAFT-Stereo,dataset_7_keyframe_1,0.25,raw,646,9052014,8503247,0,0.19608547232443652,0.19608547232443652,0.018917889471724125,0.0032090096288442003,0.0008180499959527425,0.46748958235796806,0.1718698822198711,0.5827567916844854,0.0,0.0,0.0,0.0,0.0
RAFT-Stereo,dataset_7_keyframe_1,0.25,aligned_memory,646,9052014,8503247,3787049,0.19076687214982244,0.19608547232443652,0.017634418144648244,0.0029513873939520556,0.0006699061663036635,0.4595832668379293,0.16673860266585352,0.562099657642135,0.4183653494128489,0.5230951593179808,0.3988458761694209,0.185583930467973,0.00015938528943175892
RAFT-Stereo,dataset_7_keyframe_1,0.25,fixed_blend_50,646,9052014,8503247,3787049,0.18995630179347217,0.19608547232443652,0.01777482892747988,0.0030130311321708955,0.0006899017173356884,0.45818594991747047,0.16601409091926353,0.5631002015480713,0.4183653494128489,0.5734230003361457,0.3988458761694209,0.16346626177035667,4.6533728580753796e-05
RAFT-Stereo,dataset_7_keyframe_1,0.25,oracle_raw_memory,646,9052014,8503247,2055020,0.1639866217206332,0.19608547232443652,0.015576754513389478,0.002792859130596853,0.0006061634487303963,0.41492520496179547,0.1416051333249424,0.5114207138973765,0.22702351101091978,0.9639745598582982,0.2046059581710375,0.0,0.0
RAFT-Stereo,dataset_7_keyframe_1,0.25,learned_no_abstention,646,9052014,8503247,241641,0.19398760564803078,0.19608547232443652,0.018002513049546014,0.0030393236279640306,0.0007062516716187334,0.46103803743600913,0.17014039636027323,0.5727900852174393,0.026694722301578412,0.6440463331967671,0.018161415280539304,0.00918754917974275,9.652463506086397e-06
RAFT-Stereo,dataset_7_keyframe_1,0.25,learned_calibrated,646,9052014,8503247,241542,0.1940219655162879,0.19608547232443652,0.018006490066376217,0.003048271912701521,0.0007107810505796246,0.4611173408087388,0.1701704688911655,0.5727996247540499,0.026683785508948617,0.6439377002757285,0.018161297678404496,0.009187431577607942,8.657889118028177e-06
RAFT-Stereo,dataset_7_keyframe_1,0.25,unwarped_previous_control,646,9052014,8503247,3787049,0.19521333305501276,0.19608547232443652,0.018373148750696643,0.0029233273443302044,0.0007397248850452849,0.46946518877727406,0.17084883005343773,0.5670519601500371,0.4183653494128489,0.4783854130221183,0.3988458761694209,0.17972534491824124,0.00039536850072457763
RAFT-Stereo,dataset_7_keyframe_1,0.25,identity_no_flow_control,646,9052014,8503247,3787049,0.19521333305501276,0.19608547232443652,0.018373148750696643,0.0029233273443302044,0.0007397248850452849,0.46946518877727406,0.17084883005343773,0.5670519601500371,0.4183653494128489,0.4783854130221183,0.3988458761694209,0.17972534491824124,0.00039536850072457763
RAFT-Stereo,dataset_7_keyframe_1,0.25,shuffled_memory_control,646,9052014,8503247,3787049,0.22361807988260263,0.19608547232443652,0.02657474914272796,0.006629132557961683,0.0025199917085498105,0.4922309217706369,0.19969313021971385,0.6507023055490678,0.4183653494128489,0.45488162418812117,0.3988458761694209,0.1682980630810795,0.004316533133016609
RAFT-Stereo,dataset_7_keyframe_1,0.5,raw,646,2987068,2901455,0,0.1434942038902523,0.1434942038902523,0.012828633297959635,0.0029647801857262423,0.0008503321643998695,0.5313220778007918,0.12164296508939555,0.44972377796607305,0.0,0.0,0.0,0.0,0.0
RAFT-Stereo,dataset_7_keyframe_1,0.5,aligned_memory,646,2987068,2901455,1071816,0.14130338911591064,0.1434942038902523,0.012420875588565776,0.002823169746887763,0.0006658703452415099,0.5257736145436867,0.11966244840514137,0.4421649397973042,0.3588187480164496,0.49617378355986475,0.3496207937052272,0.1628548435181659,0.00012948083452740927
RAFT-Stereo,dataset_7_keyframe_1,0.5,fixed_blend_50,646,2987068,2901455,1071816,0.13893447822275626,0.1434942038902523,0.012433931878728289,0.0028673602328667834,0.0007214432322969653,0.5226457193012697,0.11729375655598183,0.4351694318386115,0.3588187480164496,0.5598367630264897,0.3496207937052272,0.13957790143221246,4.3248140361074214e-05
RAFT-Stereo,dataset_7_keyframe_1,0.5,oracle_raw_memory,646,2987068,2901455,559840,0.11822330536076593,0.1434942038902523,0.011521666077117295,0.002694615591683373,0.0006256971714126711,0.4799101226111263,0.09767495857875819,0.3944353611499323,0.18742124384178732,0.94992676478994,0.17723452543637588,0.0,0.0
RAFT-Stereo,dataset_7_keyframe_1,0.5,learned_no_abstention,646,2987068,2901455,40123,0.14378671906224258,0.1434942038902523,0.012731548142854258,0.00288610771779434,0.0007077173985679855,0.52521342851238,0.1223118844365878,0.45152415082922476,0.013432235221963478,0.4156219624654188,0.011011371880659876,0.007537597515729177,5.024748605268736e-06
RAFT-Stereo,dataset_7_keyframe_1,0.5,learned_calibrated,646,2987068,2901455,40113,0.14379677546872693,0.1434942038902523,0.0127322176963479,0.0028887859292083626,0.0007090565043592395,0.5252018212906443,0.12232287591173188,0.4515261237835577,0.013428887457533609,0.41550120908433674,0.011011371880659876,0.007537597515729177,4.689972177724927e-06
RAFT-Stereo,dataset_7_keyframe_1,0.5,unwarped_previous_control,646,2987068,2901455,1071816,0.14340431430139902,0.1434942038902523,0.012150710971488104,0.0028305348289483774,0.0008145110844336019,0.5280843200017322,0.12176629905038269,0.4431820929975354,0.3588187480164496,0.48281514737604214,0.3496207937052272,0.15955408579488567,0.00026554823443798687
RAFT-Stereo,dataset_7_keyframe_1,0.5,identity_no_flow_control,646,2987068,2901455,1071816,0.14340431430139902,0.1434942038902523,0.012150710971488104,0.0028305348289483774,0.0008145110844336019,0.5280843200017322,0.12176629905038269,0.4431820929975354,0.3588187480164496,0.48281514737604214,0.3496207937052272,0.15955408579488567,0.00026554823443798687
RAFT-Stereo,dataset_7_keyframe_1,0.5,shuffled_memory_control,646,2987068,2901455,1071816,0.16752918813698048,0.1434942038902523,0.018795019032179366,0.005296832940927834,0.00215194298141581,0.5497599502485494,0.14609770256099472,0.5161133767918905,0.3588187480164496,0.43199672331818145,0.3496207937052272,0.1405935987289136,0.00287379615534479
RAFT-Stereo,dataset_7_keyframe_1,0.9,raw,22,39,23,0,0.8745112059017023,0.8745112059017023,0.38461538461538464,0.0,0.0,2.1124027371406555,0.12701480969786644,0.9544131241929836,0.0,0.0,0.0,0.0,0.0
RAFT-Stereo,dataset_7_keyframe_1,0.9,aligned_memory,22,39,23,11,0.8780447400342195,0.8745112059017023,0.38461538461538464,0.0,0.0,2.11473685503006,0.1292416386306286,0.9646402519100752,0.28205128205128205,0.45454545454545453,0.21739130434782608,0.13043478260869565,0.0
RAFT-Stereo,dataset_7_keyframe_1,0.9,fixed_blend_50,22,39,23,11,0.876003657013942,0.8745112059017023,0.38461538461538464,0.0,0.0,2.113569736480713,0.12770034849643708,0.9580792257419,0.28205128205128205,0.45454545454545453,0.21739130434782608,0.13043478260869565,0.0
RAFT-Stereo,dataset_7_keyframe_1,0.9,oracle_raw_memory,22,39,23,5,0.8568018645239182,0.8745112059017023,0.38461538461538464,0.0,0.0,2.0909056067466736,0.11127914443612098,0.9389056869042225,0.1282051282051282,1.0,0.08695652173913043,0.0,0.0
RAFT-Stereo,dataset_7_keyframe_1,0.9,learned_no_abstention,22,39,23,0,0.8745112059017023,0.8745112059017023,0.38461538461538464,0.0,0.0,2.1124027371406555,0.12701480969786644,0.9544131241929836,0.0,0.0,0.0,0.0,0.0
RAFT-Stereo,dataset_7_keyframe_1,0.9,learned_calibrated,22,39,23,0,0.8745112059017023,0.8745112059017023,0.38461538461538464,0.0,0.0,2.1124027371406555,0.12701480969786644,0.9544131241929836,0.0,0.0,0.0,0.0,0.0
RAFT-Stereo,dataset_7_keyframe_1,0.9,unwarped_previous_control,22,39,23,11,0.897628221851893,0.8745112059017023,0.38461538461538464,0.0,0.0,2.1578128933906555,0.13526485458016396,0.9877604255691553,0.28205128205128205,0.2727272727272727,0.21739130434782608,0.13043478260869565,0.0
RAFT-Stereo,dataset_7_keyframe_1,0.9,identity_no_flow_control,22,39,23,11,0.897628221851893,0.8745112059017023,0.38461538461538464,0.0,0.0,2.1578128933906555,0.13526485458016396,0.9877604255691553,0.28205128205128205,0.2727272727272727,0.21739130434782608,0.13043478260869565,0.0
RAFT-Stereo,dataset_7_keyframe_1,0.9,shuffled_memory_control,22,39,23,11,1.4577183112120018,0.8745112059017023,0.5128205128205128,0.07692307997972538,0.025641026023106698,2.1274635791778564,1.0271990966796876,1.9740824601971185,0.28205128205128205,0.09090909090909091,0.21739130434782608,0.21739130434782608,0.07692307997972538
StereoAnywhere,dataset_7_keyframe_1,0.05,raw,646,11549092,10297036,0,0.251238264299246,0.251238264299246,0.029056829765678367,0.004081186655007276,0.0010274400817679675,0.49531378568102064,0.20675731237531397,0.7598744435866855,0.0,0.0,0.0,0.0,0.0
StereoAnywhere,dataset_7_keyframe_1,0.05,aligned_memory,646,11549092,10297036,4815539,0.2437960083736848,0.251238264299246,0.026464071853379564,0.003759169996298244,0.0008708043914731902,0.4851735447750655,0.1998314449312184,0.7375185373473994,0.4169625629443423,0.5361927294120139,0.3826200083208411,0.1824051115291818,0.0001220229674375401
StereoAnywhere,dataset_7_keyframe_1,0.05,fixed_blend_50,646,11549092,10297036,4815539,0.2453195082556435,0.251238264299246,0.027035285648772944,0.0038699146309166326,0.0009313286283750833,0.4873609043466052,0.2012264635951885,0.7418581762119946,0.4169625629443423,0.570774320382412,0.3826200083208411,0.16637671267731802,3.8132045021946634e-05
StereoAnywhere,dataset_7_keyframe_1,0.05,oracle_raw_memory,646,11549092,10297036,2650176,0.21754742377587336,0.251238264299246,0.023405389801190384,0.0036381215148090845,0.0008474259309472498,0.44660302827268944,0.1758376673323014,0.6862011875913445,0.22947050729182866,0.9742964240865513,0.19362290274599409,0.0,0.0
StereoAnywhere,dataset_7_keyframe_1,0.05,learned_no_abstention,646,11549092,10297036,437859,0.24644892135572607,0.251238264299246,0.027060049470683516,0.003946111092312701,0.0009215443093968309,0.488463236027658,0.20234569301853467,0.7427577321616142,0.037912850637954916,0.7474506633413953,0.02261281790216136,0.008828559985611393,1.0959205498853854e-05
StereoAnywhere,dataset_7_keyframe_1,0.05,learned_calibrated,646,11549092,10297036,437811,0.24646588207697293,0.251238264299246,0.027063859293703987,0.00395026726254483,0.0009220638307141701,0.4884943310008066,0.202359752997441,0.7427742988900853,0.03790869446706287,0.7474229747539464,0.02261281790216136,0.008828559985611393,1.0959205498853854e-05
StereoAnywhere,dataset_7_keyframe_1,0.05,unwarped_previous_control,646,11549092,10297036,4815539,0.2525274664761692,0.251238264299246,0.029934474506289294,0.003949055048561912,0.0009947102364904594,0.5032329683659044,0.20693391589829901,0.7638997368938556,0.4169625629443423,0.47319583539869575,0.3826200083208411,0.17653254781278807,0.0005811319931562884
StereoAnywhere,dataset_7_keyframe_1,0.05,identity_no_flow_control,646,11549092,10297036,4815539,0.2525274664761692,0.251238264299246,0.029934474506289294,0.003949055048561912,0.0009947102364904594,0.5032329683659044,0.20693391589829901,0.7638997368938556,0.4169625629443423,0.47319583539869575,0.3826200083208411,0.17653254781278807,0.0005811319931562884
StereoAnywhere,dataset_7_keyframe_1,0.05,shuffled_memory_control,646,11549092,10297036,4815539,0.2808144298800668,0.251238264299246,0.03792514594700072,0.008118646874616619,0.0029491495869798296,0.529098087588656,0.2356469407883651,0.8459264863471189,0.4169625629443423,0.46484246104122506,0.3826200083208411,0.16888976594818159,0.00502239477310643
StereoAnywhere,dataset_7_keyframe_1,0.25,raw,646,9052014,8399683,0,0.2098296677378122,0.2098296677378122,0.01829106762013525,0.0031961947958570585,0.0007697734498456424,0.4892164709724465,0.18506582245460226,0.6263298467268416,0.0,0.0,0.0,0.0,0.0
StereoAnywhere,dataset_7_keyframe_1,0.25,aligned_memory,646,9052014,8399683,3415977,0.20479484866083175,0.2098296677378122,0.01701842265246843,0.0029586785872806145,0.0006349968087307927,0.48103264817106745,0.18026824042558076,0.6077047786419746,0.3773720411833212,0.524792175122959,0.3532813083541367,0.16726333600922796,7.604437550697896e-05
StereoAnywhere,dataset_7_keyframe_1,0.25,fixed_blend_50,646,9052014,8399683,3415977,0.20525781259827766,0.2098296677378122,0.017158722910931304,0.003047056720916075,0.0006894598256858487,0.48220940336467377,0.18069451500063805,0.6107757609492692,0.3773720411833212,0.5630058399105147,0.3532813083541367,0.15183513473067972,2.5336782949267156e-05
StereoAnywhere,dataset_7_keyframe_1,0.25,oracle_raw_memory,646,9052014,8399683,1848282,0.18110456581537543,0.2098296677378122,0.015195955272158473,0.0028832257691374886,0.0006195306396518529,0.44386555612939743,0.15779804498677172,0.5620771799712306,0.2041846157109346,0.9699158461749885,0.1793901031741317,0.0,0.0
StereoAnywhere,dataset_7_keyframe_1,0.25,learned_no_abstention,646,9052014,8399683,225177,0.20665342741244194,0.2098296677378122,0.01736707438146048,0.0030818555952964806,0.0006807324871909236,0.48198759803346747,0.1822179290953062,0.612071379670947,0.024875900545447676,0.7570577812121131,0.01608203547681502,0.005629260056599755,3.325564293626987e-06
StereoAnywhere,dataset_7_keyframe_1,0.25,learned_calibrated,646,9052014,8399683,225139,0.2066707495622535,0.2098296677378122,0.017371161868645353,0.0030860535565207436,0.0006808429598652241,0.4820173989535349,0.1822338336299889,0.6120927941520087,0.02487170258464028,0.7570167763026397,0.01608203547681502,0.005629260056599755,3.325564293626987e-06
StereoAnywhere,dataset_7_keyframe_1,0.25,unwarped_previous_control,646,9052014,8399683,3415977,0.2090228879751629,0.2098296677378122,0.017983180319329727,0.002905872660558398,0.0007102286848449617,0.4911406379550256,0.1841062862024284,0.614451305470035,0.3773720411833212,0.47588610813246107,0.3532813083541367,0.16044224526092235,0.0003136639346742105
StereoAnywhere,dataset_7_keyframe_1,0.25,identity_no_flow_control,646,9052014,8399683,3415977,0.2090228879751629,0.2098296677378122,0.017983180319329727,0.002905872660558398,0.0007102286848449617,0.4911406379550256,0.1841062862024284,0.614451305470035,0.3773720411833212,0.47588610813246107,0.3532813083541367,0.16044224526092235,0.0003136639346742105
StereoAnywhere,dataset_7_keyframe_1,0.25,shuffled_memory_control,646,9052014,8399683,3415977,0.23704509294329748,0.2098296677378122,0.026195827807763385,0.0066525527717747925,0.0024530453035278127,0.5143317637009507,0.21251679690751785,0.6931376701562403,0.3773720411833212,0.45692579311863046,0.3532813083541367,0.15158107752399705,0.004286292885556212
StereoAnywhere,dataset_7_keyframe_1,0.5,raw,646,2987068,2871399,0,0.15888011471224653,0.15888011471224653,0.012944800698964833,0.0030089706776280883,0.0008566929149038156,0.5598789241838822,0.1366416410136129,0.5059819290714118,0.0,0.0,0.0,0.0,0.0
StereoAnywhere,dataset_7_keyframe_1,0.5,aligned_memory,646,2987068,2871399,893240,0.15693319147919588,0.15888011471224653,0.012567842444754267,0.0028753948722888044,0.0006792614015340928,0.5524130214776212,0.13498552185958043,0.4997986883809974,0.29903570993362055,0.4979165733733375,0.2852316936796314,0.13625553258185297,6.600586473169222e-05
StereoAnywhere,dataset_7_keyframe_1,0.5,fixed_blend_50,646,2987068,2871399,893240,0.1560598488983118,0.15888011471224653,0.012445649022526784,0.002931302539702685,0.000750568784994075,0.5533036461367027,0.13400783398376093,0.49745551055626447,0.29903570993362055,0.5442232770587971,0.2852316936796314,0.1218047369940576,2.7775471771976002e-05
StereoAnywhere,dataset_7_keyframe_1,0.5,oracle_raw_memory,646,2987068,2871399,463852,0.13696743345199136,0.15888011471224653,0.011601008039694093,0.0028101134660322566,0.0006631921330994115,0.5164963891283524,0.11580463384095713,0.4577894225264887,0.15528672263236057,0.9588381638971051,0.14233828179225527,0.0,0.0
StereoAnywhere,dataset_7_keyframe_1,0.5,learned_no_abstention,646,2987068,2871399,31048,0.15775485114273413,0.15888011471224653,0.012749960809238813,0.002950719578524684,0.0007365081732638222,0.5534961429169336,0.13581516650904216,0.5006249680493018,0.010394139001857339,0.6890943055913424,0.007358782252135631,0.0028724673930721574,3.347764412720855e-07
StereoAnywhere,dataset_7_keyframe_1,0.5,learned_calibrated,646,2987068,2871399,31047,0.15775638737317108,0.15888011471224653,0.012750295585646568,0.002951054354932439,0.0007365081732638222,0.5534961429169336,0.13581676933760292,0.5006270771714265,0.010393804225414353,0.6890842915579605,0.007358782252135631,0.0028724673930721574,3.347764412720855e-07
StereoAnywhere,dataset_7_keyframe_1,0.5,unwarped_previous_control,646,2987068,2871399,893240,0.15876283752852796,0.15888011471224653,0.012353920294084726,0.002862673375282325,0.0008195327330060056,0.5550968601664866,0.13680084672120799,0.5008803999881655,0.29903570993362055,0.4804251936769513,0.2852316936796314,0.1322738497854182,0.00020873578331482415
StereoAnywhere,dataset_7_keyframe_1,0.5,identity_no_flow_control,646,2987068,2871399,893240,0.15876283752852796,0.15888011471224653,0.012353920294084726,0.002862673375282325,0.0008195327330060056,0.5550968601664866,0.13680084672120799,0.5008803999881655,0.29903570993362055,0.4804251936769513,0.2852316936796314,0.1322738497854182,0.00020873578331482415
StereoAnywhere,dataset_7_keyframe_1,0.5,shuffled_memory_control,646,2987068,2871399,893240,0.1829666635919121,0.15888011471224653,0.019158251277632876,0.005345710133908181,0.002175712101777946,0.5789813260473691,0.16112526640242544,0.5754623816897065,0.29903570993362055,0.4284066992073799,0.2852316936796314,0.11805325557332855,0.0028384749864410635
StereoAnywhere,dataset_7_keyframe_1,0.9,raw,22,39,22,0,0.8763013012134112,0.8763013012134112,0.38461538461538464,0.0,0.0,2.0630863308906555,0.15699485838413238,0.9954038199323875,0.0,0.0,0.0,0.0,0.0
StereoAnywhere,dataset_7_keyframe_1,0.9,aligned_memory,22,39,22,10,0.8853201746749573,0.8763013012134112,0.38461538461538464,0.0,0.0,2.083552360534668,0.1585901264846325,1.001382671105556,0.2564102564102564,0.5,0.18181818181818182,0.045454545454545456,0.0
StereoAnywhere,dataset_7_keyframe_1,0.9,fixed_blend_50,22,39,22,10,0.8789593009994581,0.8763013012134112,0.38461538461538464,0.0,0.0,2.0733193159103394,0.15490426987409592,0.9968704609916761,0.2564102564102564,0.5,0.18181818181818182,0.0,0.0
StereoAnywhere,dataset_7_keyframe_1,0.9,oracle_raw_memory,22,39,22,5,0.861041668133858,0.8763013012134112,0.38461538461538464,0.0,0.0,2.0463589429855347,0.14389535903930664,0.9757454486993643,0.1282051282051282,1.0,0.13636363636363635,0.0,0.0
StereoAnywhere,dataset_7_keyframe_1,0.9,learned_no_abstention,22,39,22,1,0.8810665672406172,0.8763013012134112,0.38461538461538464,0.0,0.0,2.07470166683197,0.15699485838413238,1.0001690859595935,0.02564102564102564,0.0,0.0,0.0,0.0
StereoAnywhere,dataset_7_keyframe_1,0.9,learned_calibrated,22,39,22,1,0.8810665672406172,0.8763013012134112,0.38461538461538464,0.0,0.0,2.07470166683197,0.15699485838413238,1.0001690859595935,0.02564102564102564,0.0,0.0,0.0,0.0
StereoAnywhere,dataset_7_keyframe_1,0.9,unwarped_previous_control,22,39,22,10,0.9071613463262717,0.8763013012134112,0.38461538461538464,0.0,0.0,2.1290042996406555,0.1682615287601948,1.027886576186388,0.2564102564102564,0.4,0.18181818181818182,0.045454545454545456,0.0
StereoAnywhere,dataset_7_keyframe_1,0.9,identity_no_flow_control,22,39,22,10,0.9071613463262717,0.8763013012134112,0.38461538461538464,0.0,0.0,2.1290042996406555,0.1682615287601948,1.027886576186388,0.2564102564102564,0.4,0.18181818181818182,0.045454545454545456,0.0
StereoAnywhere,dataset_7_keyframe_1,0.9,shuffled_memory_control,22,39,22,10,1.4524740316928961,0.8763013012134112,0.5128205128205128,0.07692307997972538,0.025641026023106698,2.0962830781936646,1.037749252319336,1.981875078418316,0.2564102564102564,0.4,0.18181818181818182,0.09090909090909091,0.07692307997972538
S2M2-S,dataset_7_keyframe_2,0.05,raw,627,10928663,7588119,0,0.4302372859279259,0.4302372859279259,0.07862562906538237,0.003561551868707651,0.001539163577449174,0.651541044776544,0.3791199774730962,1.065981368824915,0.0,0.0,0.0,0.0,0.0
S2M2-S,dataset_7_keyframe_2,0.05,aligned_memory,627,10928663,7588119,6688958,0.4160903913833524,0.4302372859279259,0.07104107828139514,0.003142561914881356,0.0013606422005893893,0.6245328896257019,0.3671858834580596,1.0113630682729282,0.6120563878673906,0.5354699491310904,0.5801209759625541,0.2892365024850032,0.0002122837349949415
S2M2-S,dataset_7_keyframe_2,0.05,fixed_blend_50,627,10928663,7588119,6688958,0.420260237088023,0.4302372859279259,0.07311242016960358,0.003289240429685091,0.0014287200612381188,0.633502613005786,0.37059936795277176,1.0295014399591613,0.6120563878673906,0.5610600335657662,0.5801209759625541,0.267110729286138,8.884454621608619e-05
S2M2-S,dataset_7_keyframe_2,0.05,oracle_raw_memory,627,10928663,7588119,3639520,0.3763360067009716,0.4302372859279259,0.05970282009721438,0.0029317401602551333,0.0013137929146141512,0.5703705575126882,0.3310603134773311,0.9529264616050114,0.3330251834099011,0.9841231810788236,0.28332831891539917,0.0,0.0
S2M2-S,dataset_7_keyframe_2,0.05,learned_no_abstention,627,10928663,7588119,1095890,0.4183710673534109,0.4302372859279259,0.07136783356347427,0.003147045532816733,0.0013886419668325749,0.6292260211222787,0.3688189938814699,1.0191370206867867,0.10027667611307989,0.693687322632746,0.07170960286732456,0.032349387246035546,3.2456127424488444e-05
S2M2-S,dataset_7_keyframe_2,0.05,learned_calibrated,627,10928663,7588119,1095890,0.4183710673534109,0.4302372859279259,0.07136783356347427,0.003147045532816733,0.0013886419668325749,0.6292260211222787,0.3688189938814699,1.0191370206867867,0.10027667611307989,0.693687322632746,0.07170960286732456,0.032349387246035546,3.2456127424488444e-05
S2M2-S,dataset_7_keyframe_2,0.05,unwarped_previous_control,627,10928663,7588119,6688958,0.4284774273902467,0.4302372859279259,0.07763886602739906,0.0032864953328613877,0.0013008910638239992,0.6444645779206348,0.37563233182924005,1.061365704960638,0.6120563878673906,0.47878219597133065,0.5801209759625541,0.2809590888071207,0.0005007345836524461
S2M2-S,dataset_7_keyframe_2,0.05,identity_no_flow_control,627,10928663,7588119,6688958,0.4284774273902467,0.4302372859279259,0.07763886602739906,0.0032864953328613877,0.0013008910638239992,0.6444645779206348,0.37563233182924005,1.061365704960638,0.6120563878673906,0.47878219597133065,0.5801209759625541,0.2809590888071207,0.0005007345836524461
S2M2-S,dataset_7_keyframe_2,0.05,shuffled_memory_control,627,10928663,7588119,6688958,0.4721783709926206,0.4302372859279259,0.08639775952547137,0.010028216687324423,0.004241140936532419,0.7050218726013667,0.41548762595163535,1.1595679125001368,0.6120563878673906,0.4569741654828749,0.5801209759625541,0.30355164435349524,0.007598118236526718
S2M2-S,dataset_7_keyframe_2,0.25,raw,627,2561877,2212377,0,0.29688711838399995,0.29688711838399995,0.03182393227893449,0.004812096768976533,0.003235128003319979,0.7136828463007447,0.26038346588318334,0.7811822166565467,0.0,0.0,0.0,0.0,0.0
S2M2-S,dataset_7_keyframe_2,0.25,aligned_memory,627,2561877,2212377,1454182,0.2750997662839025,0.29688711838399995,0.02293162395076834,0.00453300451685593,0.002936518808644522,0.6722537706263577,0.24043022794750885,0.68767931425576,0.5676236603084379,0.5971123284430697,0.5391142648834263,0.22808183234593382,9.972121261122408e-05
S2M2-S,dataset_7_keyframe_2,0.25,fixed_blend_50,627,2561877,2212377,1454182,0.2832155361428916,0.29688711838399995,0.026526253996011835,0.004624343794713239,0.00307704079502329,0.6894068864189495,0.24771284264368593,0.7276415346556591,0.5676236603084379,0.6307711139320937,0.5391142648834263,0.2069154578989024,3.7995675691394564e-05
S2M2-S,dataset_7_keyframe_2,0.25,oracle_raw_memory,627,2561877,2212377,888394,0.2472458917933439,0.29688711838399995,0.020625111972910823,0.004434639135397173,0.0028986559279538665,0.6301044137593168,0.2136873933108606,0.6582694689224945,0.3467746499929544,0.9773929135045937,0.3021044785766621,0.0,0.0
S2M2-S,dataset_7_keyframe_2,0.25,learned_no_abstention,627,2561877,2212377,179762,0.28346585198447355,0.29688711838399995,0.02499729693745386,0.004506851839184596,0.00296306183634996,0.6764682802226862,0.24886418468063448,0.7154117094039555,0.07016808379168867,0.8587855052792025,0.037957364409411234,0.009971627801229175,7.899686776006939e-06
S2M2-S,dataset_7_keyframe_2,0.25,learned_calibrated,627,2561877,2212377,179762,0.28346585198447355,0.29688711838399995,0.02499729693745386,0.004506851839184596,0.00296306183634996,0.6764682802226862,0.24886418468063448,0.7154117094039555,0.07016808379168867,0.8587855052792025,0.037957364409411234,0.009971627801229175,7.899686776006939e-06
S2M2-S,dataset_7_keyframe_2,0.25,unwarped_previous_control,627,2561877,2212377,1454182,0.285695491881478,0.29688711838399995,0.028413542154323748,0.004084114882730967,0.0025918496518099153,0.6662037138346617,0.2524530715697555,0.7322653918657213,0.5676236603084379,0.5404467941426864,0.5391142648834263,0.2278323269497016,0.0001447796888006529
S2M2-S,dataset_7_keyframe_2,0.25,identity_no_flow_control,627,2561877,2212377,1454182,0.285695491881478,0.29688711838399995,0.028413542154323748,0.004084114882730967,0.0025918496518099153,0.6662037138346617,0.2524530715697555,0.7322653918657213,0.5676236603084379,0.5404467941426864,0.5391142648834263,0.2278323269497016,0.0001447796888006529
S2M2-S,dataset_7_keyframe_2,0.25,shuffled_memory_control,627,2561877,2212377,1454182,0.31958258032486514,0.29688711838399995,0.03464998525836089,0.01073353647188631,0.004983845884434727,0.6865217660212659,0.2875468587706625,0.7429652461086415,0.5676236603084379,0.5141522863025398,0.5391142648834263,0.24604305685694616,0.00713973717491826
S2M2-S,dataset_7_keyframe_2,0.5,raw,344,254507,241516,0,0.22155465285020592,0.22155465285020592,0.012372940682017499,0.008483067241734385,0.006023409996409163,1.143940462556178,0.16508768351025221,0.46296418594657435,0.0,0.0,0.0,0.0,0.0
S2M2-S,dataset_7_keyframe_2,0.5,aligned_memory,344,254507,241516,118616,0.21930465612407418,0.22155465285020592,0.01126491613519341,0.00835340476036248,0.005532264358527594,1.1008261543400724,0.16546135181072194,0.44616090398737074,0.46606183719897687,0.49608821744115467,0.4470635485847729,0.2234386127627155,4.007037282544841e-06
S2M2-S,dataset_7_keyframe_2,0.5,fixed_blend_50,344,254507,241516,118616,0.21830082816622584,0.22155465285020592,0.011587107738971996,0.008412342265134251,0.0058190934040223035,1.1205721616483801,0.16311486661524965,0.4430849589374217,0.46606183719897687,0.533098401564713,0.4470635485847729,0.20516239089749747,0.0
S2M2-S,dataset_7_keyframe_2,0.5,oracle_raw_memory,344,254507,241516,60928,0.18965289341322455,0.22155465285020592,0.010809133020147884,0.00834947561126006,0.00549297270739351,1.0607855095621055,0.13634237835505206,0.39642381596923265,0.23939616592078017,0.965795693277311,0.21461518077477268,0.0,0.0
S2M2-S,dataset_7_keyframe_2,0.5,learned_no_abstention,344,254507,241516,9844,0.21879930113959734,0.22155465285020592,0.011469232738845486,0.00836519231487318,0.005528335197771155,1.097251918075063,0.16496973381879468,0.4558890201354097,0.038678700389380254,0.5881755383990248,0.02610593087000447,0.01606518822769506,0.0
S2M2-S,dataset_7_keyframe_2,0.5,learned_calibrated,344,254507,241516,9844,0.21879930113959734,0.22155465285020592,0.011469232738845486,0.00836519231487318,0.005528335197771155,1.097251918075063,0.16496973381879468,0.4558890201354097,0.038678700389380254,0.5881755383990248,0.02610593087000447,0.01606518822769506,0.0
S2M2-S,dataset_7_keyframe_2,0.5,unwarped_previous_control,344,254507,241516,118616,0.2270115407863207,0.22155465285020592,0.013453461068343515,0.008050859143117936,0.00526901027688105,1.1109733142340985,0.17357457292860964,0.47465024192167354,0.46606183719897687,0.4589937276590005,0.4470635485847729,0.22335166200168932,8.043694969811595e-06
S2M2-S,dataset_7_keyframe_2,0.5,identity_no_flow_control,344,254507,241516,118616,0.2270115407863207,0.22155465285020592,0.013453461068343515,0.008050859143117936,0.00526901027688105,1.1109733142340985,0.17357457292860964,0.47465024192167354,0.46606183719897687,0.4589937276590005,0.4470635485847729,0.22335166200168932,8.043694969811595e-06
S2M2-S,dataset_7_keyframe_2,0.5,shuffled_memory_control,344,254507,241516,118616,0.2564060075794058,0.22155465285020592,0.022753794521093555,0.009610737709725939,0.0055244060550206295,1.09382118600113,0.2056553222404931,0.5082900758189224,0.46606183719897687,0.39586565050246175,0.4470635485847729,0.22561652230079995,0.001949961282275543
S2M2-S,dataset_7_keyframe_2,0.9,raw,7,41,39,0,0.13611856757140742,0.13611856757140742,0.0,0.0,0.0,0.02041912078857422,0.13847907196457793,0.298593183116215,0.0,0.0,0.0,0.0,0.0
S2M2-S,dataset_7_keyframe_2,0.9,aligned_memory,7,41,39,11,0.1262822894424927,0.13611856757140742,0.0,0.0,0.0,0.012601852416992188,0.12891080339507358,0.262679653923686,0.2682926829268293,0.7272727272727273,0.23076923076923078,0.05128205128205128,0.0
S2M2-S,dataset_7_keyframe_2,0.9,fixed_blend_50,7,41,39,11,0.12986927915637086,0.13611856757140742,0.0,0.0,0.0,0.016510963439941406,0.13236377624476828,0.27726450853231477,0.2682926829268293,0.7272727272727273,0.23076923076923078,0.02564102564102564,0.0
S2M2-S,dataset_7_keyframe_2,0.9,oracle_raw_memory,7,41,39,8,0.10939550545157456,0.13611856757140742,0.0,0.0,0.0,0.012601852416992188,0.11174674423002615,0.24260219059339383,0.1951219512195122,1.0,0.15384615384615385,0.0,0.0
S2M2-S,dataset_7_keyframe_2,0.9,learned_no_abstention,7,41,39,0,0.13611856757140742,0.13611856757140742,0.0,0.0,0.0,0.02041912078857422,0.13847907196457793,0.298593183116215,0.0,0.0,0.0,0.0,0.0
S2M2-S,dataset_7_keyframe_2,0.9,learned_calibrated,7,41,39,0,0.13611856757140742,0.13611856757140742,0.0,0.0,0.0,0.02041912078857422,0.13847907196457793,0.298593183116215,0.0,0.0,0.0,0.0,0.0
S2M2-S,dataset_7_keyframe_2,0.9,unwarped_previous_control,7,41,39,11,0.1283114865058806,0.13611856757140742,0.0,0.0,0.0,0.04385662078857422,0.13016386021201204,0.26947495413989553,0.2682926829268293,0.7272727272727273,0.23076923076923078,0.05128205128205128,0.0
S2M2-S,dataset_7_keyframe_2,0.9,identity_no_flow_control,7,41,39,11,0.1283114865058806,0.13611856757140742,0.0,0.0,0.0,0.04385662078857422,0.13016386021201204,0.26947495413989553,0.2682926829268293,0.7272727272727273,0.23076923076923078,0.05128205128205128,0.0
S2M2-S,dataset_7_keyframe_2,0.9,shuffled_memory_control,7,41,39,11,0.11986012884029527,0.13611856757140742,0.0,0.0,0.0,0.11170578002929688,0.11983033614914591,0.27228052877798314,0.2682926829268293,0.7272727272727273,0.23076923076923078,0.0,0.0
RAFT-Stereo,dataset_7_keyframe_2,0.05,raw,627,10928663,7501561,0,0.44077772563658635,0.44077772563658635,0.08161647976874209,0.004897213896833899,0.002391966900530027,0.6735904067145004,0.38960336241025423,1.1018903106104476,0.0,0.0,0.0,0.0,0.0
RAFT-Stereo,dataset_7_keyframe_2,0.05,aligned_memory,627,10928663,7501561,6798460,0.42379958141032786,0.44077772563658635,0.07357807655274588,0.004321663140187282,0.0020657604795870895,0.6422643878651101,0.37496126610895336,1.0336674763163287,0.6220760947610884,0.5445062558285259,0.59165818954215,0.28841423804992056,0.0005510179285319453
RAFT-Stereo,dataset_7_keyframe_2,0.05,fixed_blend_50,627,10928663,7501561,6798460,0.42834446389078534,0.44077772563658635,0.07559195488410435,0.004427531549633923,0.0021307272425062414,0.6510190047769749,0.37892898544759174,1.0560232999194523,0.6220760947610884,0.5727664794674088,0.59165818954215,0.2636215315718955,0.00019668431582521863
RAFT-Stereo,dataset_7_keyframe_2,0.05,oracle_raw_memory,627,10928663,7501561,3764866,0.3809012460147466,0.44077772563658635,0.06103244286443463,0.0037758507289859236,0.0018543896989746923,0.5819714531659942,0.33634030452176494,0.9653713764358324,0.3444946559336673,0.9832498686540239,0.2949940685678621,0.0,0.0
RAFT-Stereo,dataset_7_keyframe_2,0.05,learned_no_abstention,627,10928663,7501561,1082810,0.4267534629374135,0.44077772563658635,0.07411254229377696,0.00420289290360863,0.0020207412328372425,0.6459139243851132,0.37762116504980975,1.0416487250422586,0.09907982339651246,0.6921177307191474,0.06929024505699546,0.0327398524120513,7.003086321175154e-05
RAFT-Stereo,dataset_7_keyframe_2,0.05,learned_calibrated,627,10928663,7501561,1082557,0.42690832251765126,0.44077772563658635,0.07412818925514722,0.004220552883487284,0.002037486193158058,0.6461072450559413,0.37773414375657527,1.0418181724785618,0.099056673263692,0.6920753364487967,0.06929024505699546,0.0327398524120513,6.756074442079349e-05
RAFT-Stereo,dataset_7_keyframe_2,0.05,unwarped_previous_control,627,10928663,7501561,6798460,0.43769384771632275,0.44077772563658635,0.08060226598729711,0.004632771673234913,0.0021065705930879176,0.6651804668581095,0.3848610524931341,1.091113073513646,0.6220760947610884,0.48827072601736277,0.59165818954215,0.28106203495512466,0.0009477640649916746
RAFT-Stereo,dataset_7_keyframe_2,0.05,identity_no_flow_control,627,10928663,7501561,6798460,0.43769384771632275,0.44077772563658635,0.08060226598729711,0.004632771673234913,0.0021065705930879176,0.6651804668581095,0.3848610524931341,1.091113073513646,0.6220760947610884,0.48827072601736277,0.59165818954215,0.28106203495512466,0.0009477640649916746
RAFT-Stereo,dataset_7_keyframe_2,0.05,shuffled_memory_control,627,10928663,7501561,6798460,0.4849244609206744,0.44077772563658635,0.09008622595179709,0.012195910946069895,0.005218753636123996,0.7155746819511496,0.43079211345715956,1.1787047535126682,0.6220760947610884,0.465472621740806,0.59165818954215,0.302212032935545,0.008993977597809122
RAFT-Stereo,dataset_7_keyframe_2,0.25,raw,627,2561877,2209597,0,0.29341203240870234,0.29341203240870234,0.033021491696125366,0.005782869387880476,0.0040247834090264565,0.7450646023669331,0.25303207948255946,0.7928145728310849,0.0,0.0,0.0,0.0,0.0
RAFT-Stereo,dataset_7_keyframe_2,0.25,aligned_memory,627,2561877,2209597,1511554,0.2665065658972026,0.29341203240870234,0.024260727553488872,0.00532851499773055,0.0035938493612161673,0.6946625561793043,0.22828908423294575,0.6937750925698746,0.5900181780780264,0.6139926195160742,0.5632167313768076,0.22142997116668786,0.0002662164505263496
RAFT-Stereo,dataset_7_keyframe_2,0.25,fixed_blend_50,627,2561877,2209597,1511554,0.27568737059768206,0.29341203240870234,0.02736196950651851,0.005474892037126326,0.0037527172475990346,0.7130379603786914,0.23659128099874102,0.7340119997431521,0.5900181780780264,0.6559520863958549,0.5632167313768076,0.19424085025459395,9.104792873800142e-05
RAFT-Stereo,dataset_7_keyframe_2,0.25,oracle_raw_memory,627,2561877,2209597,953152,0.23680052779710925,0.29341203240870234,0.020849947208511202,0.005066207345889077,0.0034794801144670223,0.6448468424436486,0.20027267941311958,0.6549164675911666,0.37205221015684986,0.9736988434163701,0.3308933710536356,0.0,0.0
RAFT-Stereo,dataset_7_keyframe_2,0.25,learned_no_abstention,627,2561877,2209597,191480,0.2778266249194563,0.29341203240870234,0.025637062310795877,0.0052668414802994985,0.0036036078578551294,0.7011599148258885,0.23983196942122784,0.7199410233669762,0.07474207387786377,0.8228587842072279,0.040518248350264775,0.01353187934270367,4.363244344272178e-05
RAFT-Stereo,dataset_7_keyframe_2,0.25,learned_calibrated,627,2561877,2209597,191461,0.277839707005424,0.29341203240870234,0.025639014010898332,0.005268012489771454,0.003605169205901055,0.7011358714773894,0.23984785185941085,0.7199125569691176,0.07473465744061873,0.8228829892249596,0.040518248350264775,0.01353187934270367,4.0415950321065634e-05
RAFT-Stereo,dataset_7_keyframe_2,0.25,unwarped_previous_control,627,2561877,2209597,1511554,0.27843339937488076,0.29341203240870234,0.029277361967636865,0.0050900180010404125,0.0033982896256143577,0.7020932877149316,0.24055591592245149,0.7412800071322917,0.5900181780780264,0.5603398886179389,0.5632167313768076,0.22141548888779267,0.0003827822328056857
RAFT-Stereo,dataset_7_keyframe_2,0.25,identity_no_flow_control,627,2561877,2209597,1511554,0.27843339937488076,0.29341203240870234,0.029277361967636865,0.0050900180010404125,0.0033982896256143577,0.7020932877149316,0.24055591592245149,0.7412800071322917,0.5900181780780264,0.5603398886179389,0.5632167313768076,0.22141548888779267,0.0003827822328056857
RAFT-Stereo,dataset_7_keyframe_2,0.25,shuffled_memory_control,627,2561877,2209597,1511554,0.3522046107611086,0.29341203240870234,0.04136615481096009,0.01729083768011813,0.00882985396434168,0.7652536961615598,0.3151176898249717,0.8795971746066378,0.5900181780780264,0.5307504726923418,0.5632167313768076,0.23914994453739755,0.01299674544139636
RAFT-Stereo,dataset_7_keyframe_2,0.5,raw,344,254507,246369,0,0.18856074302499704,0.18856074302499704,0.013091977874696552,0.00862451725817822,0.006565634768031706,1.1986906697874233,0.12615908267258258,0.4033568173874332,0.0,0.0,0.0,0.0,0.0
RAFT-Stereo,dataset_7_keyframe_2,0.5,aligned_memory,344,254507,246369,129131,0.17949182341687997,0.18856074302499704,0.012310074044527572,0.00848699647938709,0.006023409957259012,1.1336282107030844,0.12059655947470413,0.37529971860551614,0.507377007312176,0.5315919492608282,0.494526502928534,0.2162650333442925,2.8072616574934746e-05
RAFT-Stereo,dataset_7_keyframe_2,0.5,fixed_blend_50,344,254507,246369,129131,0.1793052913867772,0.18856074302499704,0.012314003149103156,0.008577367280439315,0.006306309867638139,1.160531702283979,0.1187047932200416,0.36308913661955705,0.507377007312176,0.5903849579109587,0.494526502928534,0.18591218862762768,4.005311727304098e-06
RAFT-Stereo,dataset_7_keyframe_2,0.5,oracle_raw_memory,344,254507,246369,71812,0.14943628582874038,0.18856074302499704,0.011249199457356427,0.008459492315113167,0.006007693307818468,1.0863633453134434,0.09146786031828645,0.3083803728696509,0.2821611979238292,0.955898735587367,0.2656624818869257,0.0,0.0
RAFT-Stereo,dataset_7_keyframe_2,0.5,learned_no_abstention,344,254507,246369,12185,0.18547037653236098,0.18856074302499704,0.012302215748994495,0.008502713152967939,0.006058772456166533,1.1374286312012785,0.12666087348132218,0.3953693768593915,0.047876875685148146,0.5424702503077554,0.0360191420186793,0.02138256030588264,3.929165108285379e-06
RAFT-Stereo,dataset_7_keyframe_2,0.5,learned_calibrated,344,254507,246369,12185,0.18547037653236098,0.18856074302499704,0.012302215748994495,0.008502713152967939,0.006058772456166533,1.1374286312012785,0.12666087348132218,0.3953693768593915,0.047876875685148146,0.5424702503077554,0.0360191420186793,0.02138256030588264,3.929165108285379e-06
RAFT-Stereo,dataset_7_keyframe_2,0.5,unwarped_previous_control,344,254507,246369,129131,0.18704192434283856,0.18856074302499704,0.014137135762421172,0.008266963235421384,0.005952684996352789,1.167850142685503,0.12728490131117337,0.4039533185760826,0.507377007312176,0.5001277772184836,0.494526502928534,0.21600526040207982,2.7566345590048315e-05
RAFT-Stereo,dataset_7_keyframe_2,0.5,identity_no_flow_control,344,254507,246369,129131,0.18704192434283856,0.18856074302499704,0.014137135762421172,0.008266963235421384,0.005952684996352789,1.167850142685503,0.12728490131117337,0.4039533185760826,0.507377007312176,0.5001277772184836,0.494526502928534,0.21600526040207982,2.7566345590048315e-05
RAFT-Stereo,dataset_7_keyframe_2,0.5,shuffled_memory_control,344,254507,246369,129131,0.43217929583377396,0.18856074302499704,0.05663891557865413,0.04489070973712522,0.03259635429010648,1.3680770629260686,0.37595312995038604,0.831464065045292,0.507377007312176,0.42827826006148795,0.494526502928534,0.2246102391128754,0.03697473900013091
RAFT-Stereo,dataset_7_keyframe_2,0.9,raw,7,41,41,0,0.07436154746427769,0.07436154746427769,0.0,0.0,0.0,0.09676837921142578,0.07325880320333852,0.14184978440767382,0.0,0.0,0.0,0.0,0.0
RAFT-Stereo,dataset_7_keyframe_2,0.9,aligned_memory,7,41,41,16,0.0597540833419416,0.07436154746427769,0.0,0.0,0.0,0.07083797454833984,0.059131221346011974,0.1077860473859601,0.3902439024390244,0.6875,0.3902439024390244,0.0975609756097561,0.0
RAFT-Stereo,dataset_7_keyframe_2,0.9,fixed_blend_50,7,41,41,16,0.06106120893141118,0.07436154746427769,0.0,0.0,0.0,0.08380317687988281,0.06019840898310266,0.11562113100435675,0.3902439024390244,0.8125,0.3902439024390244,0.024390243902439025,0.0
RAFT-Stereo,dataset_7_keyframe_2,0.9,oracle_raw_memory,7,41,41,11,0.04649389144487497,0.07436154746427769,0.0,0.0,0.0,0.07083797454833984,0.045579786525993815,0.08820904991248758,0.2682926829268293,1.0,0.2682926829268293,0.0,0.0
RAFT-Stereo,dataset_7_keyframe_2,0.9,learned_no_abstention,7,41,41,0,0.07436154746427769,0.07436154746427769,0.0,0.0,0.0,0.09676837921142578,0.07325880320333852,0.14184978440767382,0.0,0.0,0.0,0.0,0.0
RAFT-Stereo,dataset_7_keyframe_2,0.9,learned_calibrated,7,41,41,0,0.07436154746427769,0.07436154746427769,0.0,0.0,0.0,0.09676837921142578,0.07325880320333852,0.14184978440767382,0.0,0.0,0.0,0.0,0.0
RAFT-Stereo,dataset_7_keyframe_2,0.9,unwarped_previous_control,7,41,41,16,0.058180647652323655,0.07436154746427769,0.0,0.0,0.0,0.02645587921142578,0.05864993055782667,0.10755638687348948,0.3902439024390244,0.625,0.3902439024390244,0.12195121951219512,0.0
RAFT-Stereo,dataset_7_keyframe_2,0.9,identity_no_flow_control,7,41,41,16,0.058180647652323655,0.07436154746427769,0.0,0.0,0.0,0.02645587921142578,0.05864993055782667,0.10755638687348948,0.3902439024390244,0.625,0.3902439024390244,0.12195121951219512,0.0
RAFT-Stereo,dataset_7_keyframe_2,0.9,shuffled_memory_control,7,41,41,16,2.4561182589429182,0.07436154746427769,0.34146341463414637,0.34146341463414637,0.3170731823618819,0.2328948974609375,2.4516171933855953,3.226086701198322,0.3902439024390244,0.5625,0.3902439024390244,0.17073170731707318,0.34146341463414637
StereoAnywhere,dataset_7_keyframe_2,0.05,raw,627,10928663,7312770,0,1.0345349182117798,1.0345349182117798,0.1066774593918366,0.026807213438762786,0.023406705846464242,1.3882963435248303,0.8860764470608721,2.5842124046276003,0.0,0.0,0.0,0.0,0.0
StereoAnywhere,dataset_7_keyframe_2,0.05,aligned_memory,627,10928663,7312770,7154792,1.0182032269295445,1.0345349182117798,0.09836720200477676,0.026370837833039097,0.023251151543964635,1.35800910115592,0.8743404719206759,2.5324676819749423,0.6546813640424268,0.5365956131219468,0.6124139006149516,0.3066352421859295,0.014232052945631507
StereoAnywhere,dataset_7_keyframe_2,0.05,fixed_blend_50,627,10928663,7312770,7154792,1.0195880927100174,1.0345349182117798,0.10724303620286084,0.03418011896935542,0.03057903810151355,1.3629950133010578,0.874576301365543,2.5190100743311583,0.6546813640424268,0.5646331857026731,0.6124139006149516,0.2800310962877268,0.012789601062084544
StereoAnywhere,dataset_7_keyframe_2,0.05,oracle_raw_memory,627,10928663,7312770,3901315,0.7136835583583832,1.0345349182117798,0.07599996476759899,0.017195699094589706,0.014530688783939857,0.983447885552319,0.6138580892796621,1.821737324134145,0.3569800807289968,0.9840861350595889,0.2974216336627571,0.0,0.0
StereoAnywhere,dataset_7_keyframe_2,0.05,learned_no_abstention,627,10928663,7312770,1314193,0.7616071325420566,1.0345349182117798,0.08999792568421734,0.017475056267270382,0.014614871093859621,1.0516063677732237,0.6562263401659872,1.8998240057257316,0.12025194664708758,0.7349795654062987,0.07537964410202974,0.034492675142251156,0.0017988303477278937
StereoAnywhere,dataset_7_keyframe_2,0.05,learned_calibrated,627,10928663,7312770,1313193,0.7625104307022885,1.0345349182117798,0.09000067076931928,0.0174798143978006,0.014619629224026511,1.0534889570791603,0.6565198114340463,1.9127244792357012,0.12016044414582094,0.7347792746382291,0.07537964410202974,0.034492675142251156,0.0017987386785711377
StereoAnywhere,dataset_7_keyframe_2,0.05,unwarped_previous_control,627,10928663,7312770,7154792,1.0359521306372845,1.0345349182117798,0.10620246988775506,0.026595110554308313,0.02326094240221105,1.3830547260154316,0.8887216760354163,2.583643402162657,0.6546813640424268,0.48724812684980917,0.6124139006149516,0.29996048009167525,0.014534950594275859
StereoAnywhere,dataset_7_keyframe_2,0.05,identity_no_flow_control,627,10928663,7312770,7154792,1.0359521306372845,1.0345349182117798,0.10620246988775506,0.026595110554308313,0.02326094240221105,1.3830547260154316,0.8887216760354163,2.583643402162657,0.6546813640424268,0.48724812684980917,0.6124139006149516,0.29996048009167525,0.014534950594275859
StereoAnywhere,dataset_7_keyframe_2,0.05,shuffled_memory_control,627,10928663,7312770,7154792,1.1011686236248253,1.0345349182117798,0.11559538451390357,0.03460487346106113,0.0271317728540674,1.4632286401666492,0.9510165154169691,2.7569953627901,0.6546813640424268,0.47053345506060834,0.6124139006149516,0.3220542967986139,0.024668744786848645
StereoAnywhere,dataset_7_keyframe_2,0.25,raw,627,2561877,2164965,0,0.31966968363354425,0.31966968363354425,0.042267446884534474,0.005749300189407464,0.003811268072205987,0.7405391869810729,0.282656628575282,0.8880846374905245,0.0,0.0,0.0,0.0,0.0
StereoAnywhere,dataset_7_keyframe_2,0.25,aligned_memory,627,2561877,2164965,1541895,0.29459264572650523,0.31966968363354425,0.03273537341002112,0.005425319002698443,0.0035204656690033653,0.6952869410007602,0.2593981580759152,0.7991202177980928,0.6018614476807435,0.6018879365974985,0.5705200776917871,0.2335081629495165,0.0005510375284358091
StereoAnywhere,dataset_7_keyframe_2,0.25,fixed_blend_50,627,2561877,2164965,1541895,0.30323938006569723,0.31966968363354425,0.03641900066738503,0.005769988187873328,0.0038370304216295364,0.7130786315373496,0.267238819821303,0.8349910029202194,0.6018614476807435,0.6410365167537349,0.5705200776917871,0.20662227795830418,0.0004021459946562366
StereoAnywhere,dataset_7_keyframe_2,0.25,oracle_raw_memory,627,2561877,2164965,951939,0.2571303600774347,0.31966968363354425,0.02799275697279444,0.004945982952670146,0.003137152966471857,0.6402966886976819,0.22381509403691863,0.7366116124246431,0.3715787291895747,0.974902803646032,0.3262195924645433,0.0,0.0
StereoAnywhere,dataset_7_keyframe_2,0.25,learned_no_abstention,627,2561877,2164965,228825,0.29615106419921366,0.31966968363354425,0.03334898599054121,0.005027563771512156,0.0032074139395596745,0.6909139205675664,0.2617335798908371,0.7958497002823314,0.08931927645238237,0.8171746968207145,0.053433196379618145,0.016814590536105664,7.149151691793131e-06
StereoAnywhere,dataset_7_keyframe_2,0.25,learned_calibrated,627,2561877,2164965,228817,0.29617440017840674,0.31966968363354425,0.03334898599054121,0.005027563771512156,0.0032074139395596745,0.6909518875551474,0.26174911987624083,0.7958497002823314,0.08931615374196342,0.8171683048025278,0.053433196379618145,0.016814590536105664,7.149151691793131e-06
StereoAnywhere,dataset_7_keyframe_2,0.25,unwarped_previous_control,627,2561877,2164965,1541895,0.30802063073703484,0.31966968363354425,0.039104531539819624,0.0049967270123175206,0.0031824322618553896,0.6896607531728417,0.2746644956590224,0.851088249684804,0.6018614476807435,0.546801825026996,0.5705200776917871,0.23461672590549962,0.0005870302111936888
StereoAnywhere,dataset_7_keyframe_2,0.25,identity_no_flow_control,627,2561877,2164965,1541895,0.30802063073703484,0.31966968363354425,0.039104531539819624,0.0049967270123175206,0.0031824322618553896,0.6896607531728417,0.2746644956590224,0.851088249684804,0.6018614476807435,0.546801825026996,0.5705200776917871,0.23461672590549962,0.0005870302111936888
StereoAnywhere,dataset_7_keyframe_2,0.25,shuffled_memory_control,627,2561877,2164965,1541895,0.39290958388612424,0.31966968363354425,0.05268636975227495,0.016869662504551713,0.008720559024194073,0.7724333776879411,0.3597054406385098,1.0657561668938482,0.6018614476807435,0.5141634157967955,0.5705200776917871,0.25563230814354965,0.01278590094898912
StereoAnywhere,dataset_7_keyframe_2,0.5,raw,344,254507,235370,0,0.22916522696773226,0.22916522696773226,0.022993473760321667,0.008455563153948256,0.0060116224515709615,1.1665291248943284,0.17203093322111132,0.663489249681867,0.0,0.0,0.0,0.0,0.0
StereoAnywhere,dataset_7_keyframe_2,0.5,aligned_memory,344,254507,235370,127343,0.2213793104376882,0.22916522696773226,0.021123191126023247,0.008298396557816463,0.005465468551597089,1.1170422227716144,0.1668922760642049,0.6311044476013341,0.5003516602686763,0.52434762805965,0.4736245060967838,0.22040192038067724,1.1965900817882556e-05
StereoAnywhere,dataset_7_keyframe_2,0.5,fixed_blend_50,344,254507,235370,127343,0.22231446528440538,0.22916522696773226,0.021111403711845642,0.008388767350049498,0.005740510073777718,1.1383156783994026,0.16653100437221807,0.6359471558369714,0.5003516602686763,0.5664779375387732,0.4736245060967838,0.19735310362408123,4.059653937269303e-06
StereoAnywhere,dataset_7_keyframe_2,0.5,oracle_raw_memory,344,254507,235370,69225,0.18981561091930857,0.22916522696773226,0.018152742345962657,0.008286609041124837,0.005398672748584801,1.0743870893482277,0.1360466290881603,0.5596577619663776,0.27199644803482814,0.964564824846515,0.24229935845689765,0.0,0.0
StereoAnywhere,dataset_7_keyframe_2,0.5,learned_no_abstention,344,254507,235370,15332,0.22229630178301013,0.22916522696773226,0.020019095832981,0.00834161735677129,0.005461539395337955,1.1161253753773632,0.16788848254098704,0.6268471307040255,0.06024195798150935,0.6321419253848161,0.04158983727747801,0.022326549687725707,0.0
StereoAnywhere,dataset_7_keyframe_2,0.5,learned_calibrated,344,254507,235370,15332,0.22229630178301013,0.22916522696773226,0.020019095832981,0.00834161735677129,0.005461539395337955,1.1161253753773632,0.16788848254098704,0.6268471307040255,0.06024195798150935,0.6321419253848161,0.04158983727747801,0.022326549687725707,0.0
StereoAnywhere,dataset_7_keyframe_2,0.5,unwarped_previous_control,344,254507,235370,127343,0.230666724702786,0.22916522696773226,0.023908969135481194,0.007917267514923228,0.005182568644859901,1.1242206047230454,0.1770086704388985,0.6706937268230738,0.5003516602686763,0.49065123328333715,0.4736245060967838,0.22080554021328122,3.929165188790421e-06
StereoAnywhere,dataset_7_keyframe_2,0.5,identity_no_flow_control,344,254507,235370,127343,0.230666724702786,0.22916522696773226,0.023908969135481194,0.007917267514923228,0.005182568644859901,1.1242206047230454,0.1770086704388985,0.6706937268230738,0.5003516602686763,0.49065123328333715,0.4736245060967838,0.22080554021328122,3.929165188790421e-06
StereoAnywhere,dataset_7_keyframe_2,0.5,shuffled_memory_control,344,254507,235370,127343,0.4975267949783706,0.22916522696773226,0.08092901277107051,0.044242399612385803,0.03187731664416887,1.3367124455389852,0.44714249212669477,1.1231284367111263,0.5003516602686763,0.4112750602702936,0.4736245060967838,0.24182351191740664,0.036655313931412706
StereoAnywhere,dataset_7_keyframe_2,0.9,raw,7,41,39,0,0.10918510269101073,0.10918510269101073,0.0,0.0,0.0,0.06551837921142578,0.10912766325764539,0.21512399868267337,0.0,0.0,0.0,0.0,0.0
StereoAnywhere,dataset_7_keyframe_2,0.9,aligned_memory,7,41,39,22,0.08808823620400778,0.10918510269101073,0.0,0.0,0.0,0.07844161987304688,0.0877446299645959,0.16057160787466096,0.5365853658536586,0.5454545454545454,0.5128205128205128,0.20512820512820512,0.0
StereoAnywhere,dataset_7_keyframe_2,0.9,fixed_blend_50,7,41,39,22,0.09580320410612153,0.10918510269101073,0.0,0.0,0.0,0.07198047637939453,0.09557880933691816,0.18540350565823113,0.5365853658536586,0.5909090909090909,0.5128205128205128,0.15384615384615385,0.0
StereoAnywhere,dataset_7_keyframe_2,0.9,oracle_raw_memory,7,41,39,13,0.06942138657337282,0.10918510269101073,0.0,0.0,0.0,0.06551837921142578,0.06922769401131607,0.14413306480500757,0.3170731707317073,0.9230769230769231,0.28205128205128205,0.0,0.0
StereoAnywhere,dataset_7_keyframe_2,0.9,learned_no_abstention,7,41,39,2,0.09683557854193013,0.10918510269101073,0.0,0.0,0.0,0.06551837921142578,0.0967781391085648,0.20168529996057835,0.04878048780487805,1.0,0.02564102564102564,0.0,0.0
StereoAnywhere,dataset_7_keyframe_2,0.9,learned_calibrated,7,41,39,2,0.09683557854193013,0.10918510269101073,0.0,0.0,0.0,0.06551837921142578,0.0967781391085648,0.20168529996057835,0.04878048780487805,1.0,0.02564102564102564,0.0,0.0
StereoAnywhere,dataset_7_keyframe_2,0.9,unwarped_previous_control,7,41,39,22,0.09121609006713076,0.10918510269101073,0.0,0.0,0.0,0.03426837921142578,0.09203471297897943,0.1672747502239739,0.5365853658536586,0.5454545454545454,0.5128205128205128,0.20512820512820512,0.0
StereoAnywhere,dataset_7_keyframe_2,0.9,identity_no_flow_control,7,41,39,22,0.09121609006713076,0.10918510269101073,0.0,0.0,0.0,0.03426837921142578,0.09203471297897943,0.1672747502239739,0.5365853658536586,0.5454545454545454,0.5128205128205128,0.20512820512820512,0.0
StereoAnywhere,dataset_7_keyframe_2,0.9,shuffled_memory_control,7,41,39,22,2.489750282248346,0.10918510269101073,0.34146341463414637,0.34146341463414637,0.3170731823618819,0.14607524871826172,2.4872262068092823,3.264424987682482,0.5365853658536586,0.5,0.5128205128205128,0.28205128205128205,0.34146341463414637
S2M2-S,dataset_7_keyframe_3,0.05,raw,583,3399454,2608511,0,1.655693635276256,1.655693635276256,0.16755779054667452,0.1270824667773996,0.08919226449041626,4.728278024376855,1.0714826503796728,9.318757592926367,0.0,0.0,0.0,0.0,0.0
S2M2-S,dataset_7_keyframe_3,0.05,aligned_memory,583,3399454,2608511,1884243,1.6658385060656038,1.655693635276256,0.16871885904402126,0.12681330621656017,0.08909901449360531,4.763986837947263,1.0768578572275378,9.434327921241852,0.5542781281935275,0.5029850183866943,0.4836349166248484,0.20482873179373212,0.0037398717233837896
S2M2-S,dataset_7_keyframe_3,0.05,fixed_blend_50,583,3399454,2608511,1884243,1.655513174406042,1.655693635276256,0.16741247282417548,0.1269642125489837,0.08910225006367443,4.7372980888441365,1.069529028668572,9.356121169767308,0.5542781281935275,0.5456897013814036,0.4836349166248484,0.1749726184785113,0.0017964033839202053
S2M2-S,dataset_7_keyframe_3,0.05,oracle_raw_memory,583,3399454,2608511,976789,1.5867122018426432,1.655693635276256,0.16255286897858667,0.12439144662866834,0.08704574334878618,4.5693667207601445,1.019561651217194,9.126245298033641,0.2873370252987686,0.9702668641845885,0.26795171651566735,0.0,0.0
S2M2-S,dataset_7_keyframe_3,0.05,learned_no_abstention,583,3399454,2608511,74674,1.641619135863901,1.655693635276256,0.16641142998675026,0.1264606022271141,0.08860746482024076,4.68634835784385,1.0627334667428785,9.231477000401627,0.02196646873292005,0.8207542116399282,0.01176571614994148,0.0038849749914798134,8.39441866241271e-05
S2M2-S,dataset_7_keyframe_3,0.05,learned_calibrated,583,3399454,2608511,74667,1.6416444387156484,1.655693635276256,0.16641172414416744,0.12646207303827686,0.08860952397429872,4.686511172891711,1.062738876387901,9.231583304597407,0.0219644095787147,0.8207374074222883,0.01176571614994148,0.0038849749914798134,8.39441866241271e-05
S2M2-S,dataset_7_keyframe_3,0.05,unwarped_previous_control,583,3399454,2608511,1884243,1.620281056552924,1.655693635276256,0.16723891566354623,0.12524805490988486,0.08741050784144304,4.584342643639089,1.0617925198951204,9.120567062067336,0.5542781281935275,0.5015881709524727,0.4836349166248484,0.20508289978458974,0.006432941941888649
S2M2-S,dataset_7_keyframe_3,0.05,identity_no_flow_control,583,3399454,2608511,1884243,1.620281056552924,1.655693635276256,0.16723891566354623,0.12524805490988486,0.08741050784144304,4.584342643639089,1.0617925198951204,9.120567062067336,0.5542781281935275,0.5015881709524727,0.4836349166248484,0.20508289978458974,0.006432941941888649
S2M2-S,dataset_7_keyframe_3,0.05,shuffled_memory_control,583,3399454,2608511,1884243,1.678642547856749,1.655693635276256,0.17753792238063315,0.13078041356141057,0.09046717525890982,4.659035745614426,1.118643403422835,9.2637977861452,0.5542781281935275,0.46179606345890634,0.4836349166248484,0.2037948086092027,0.014333716471966866
S2M2-S,dataset_7_keyframe_3,0.25,raw,583,3271753,2558373,0,1.4759576176989289,1.4759576176989289,0.15346451859717167,0.11572328354453798,0.08019370629185865,4.365304763612389,1.0191079594735148,8.45408777646041,0.0,0.0,0.0,0.0,0.0
S2M2-S,dataset_7_keyframe_3,0.25,aligned_memory,583,3271753,2558373,1792610,1.4828772752904316,1.4759576176989289,0.1544905741184355,0.11538829491708533,0.08008856406974585,4.388764932062739,1.0235947627127733,8.546570040549254,0.5479050527347266,0.5090677838459007,0.48226783193850153,0.20343515195008702,0.00334976377431409
S2M2-S,dataset_7_keyframe_3,0.25,fixed_blend_50,583,3271753,2558373,1792610,1.4741553873519724,1.4759576176989289,0.1532206128886805,0.11554203502950963,0.08009895580066143,4.366801617721046,1.0167002785315506,8.474924811773645,0.5479050527347266,0.553065641717942,0.48226783193850153,0.17357554977323478,0.0015801246530350835
S2M2-S,dataset_7_keyframe_3,0.25,oracle_raw_memory,583,3271753,2558373,941141,1.4102641133415552,1.4759576176989289,0.14865944952692597,0.1132521308628922,0.07824398719472005,4.2009304563974945,0.9686444100820193,8.266622847777008,0.28765649485153677,0.9696315429887764,0.26792770248904285,0.0,0.0
S2M2-S,dataset_7_keyframe_3,0.25,learned_no_abstention,583,3271753,2558373,69327,1.463820758523517,1.4759576176989289,0.15237305489706646,0.11519757151518496,0.07968847257756527,4.324833744501212,1.011234908995089,8.38054241419205,0.021189558013700913,0.8181083849005438,0.011756690678020758,0.0038176606773132767,6.500122589777978e-05
S2M2-S,dataset_7_keyframe_3,0.25,learned_calibrated,583,3271753,2558373,69324,1.4638340544698372,1.4759576176989289,0.1523733605394485,0.11519848845371727,0.0796893895160976,4.325000386253455,1.011234908995089,8.380670434106682,0.02118864107406641,0.8181005135306676,0.011756690678020758,0.0038176606773132767,6.500122589777978e-05
S2M2-S,dataset_7_keyframe_3,0.25,unwarped_previous_control,583,3271753,2558373,1792610,1.4465341815301112,1.4759576176989289,0.15351953518847636,0.11426229310530457,0.07865783258532322,4.22805135746858,1.0118104371961407,8.285654290255334,0.5479050527347266,0.5023546672170746,0.48226783193850153,0.20357078502626474,0.005765784959826991
S2M2-S,dataset_7_keyframe_3,0.25,identity_no_flow_control,583,3271753,2558373,1792610,1.4465341815301112,1.4759576176989289,0.15351953518847636,0.11426229310530457,0.07865783258532322,4.22805135746858,1.0118104371961407,8.285654290255334,0.5479050527347266,0.5023546672170746,0.48226783193850153,0.20357078502626474,0.005765784959826991
S2M2-S,dataset_7_keyframe_3,0.25,shuffled_memory_control,583,3271753,2558373,1792610,1.5028717169567773,1.4759576176989289,0.16379017605288645,0.11971044256273441,0.08165500271386317,4.299823522655232,1.0679628303941762,8.433729408771496,0.5479050527347266,0.46226117225721153,0.48226783193850153,0.20232507144188905,0.013389190659480098
S2M2-S,dataset_7_keyframe_3,0.5,raw,583,2672683,2150042,0,1.2705080661800867,1.2705080661800867,0.1491033542138702,0.11301826663483776,0.07426694440338623,3.7001371724247916,0.9043761179184383,7.135387513512577,0.0,0.0,0.0,0.0,0.0
S2M2-S,dataset_7_keyframe_3,0.5,aligned_memory,583,2672683,2150042,1383534,1.2754921862723307,1.2705080661800867,0.15006418634967902,0.11279040592420499,0.07434813631880638,3.7259009137896353,0.9069834150986587,7.2027289949438815,0.5176573503105306,0.5175557666092774,0.45584458350115953,0.18591729835975299,0.003405357873353177
S2M2-S,dataset_7_keyframe_3,0.5,fixed_blend_50,583,2672683,2150042,1383534,1.2680715304527808,1.2705080661800867,0.14903563206174522,0.11281996413440697,0.0742501075870704,3.703985309075591,0.9012339270993557,7.156568244113137,0.5176573503105306,0.5638654344598687,0.45584458350115953,0.15702623483634273,0.0015814033362021261
S2M2-S,dataset_7_keyframe_3,0.5,oracle_raw_memory,583,2672683,2150042,739978,1.2148074945134344,1.2705080661800867,0.14577149597896502,0.11074452163940043,0.07256079379562619,3.574450876876792,0.8604311531826591,7.003175633173631,0.2768671032067776,0.9676720118706231,0.2590298236034459,0.0,0.0
S2M2-S,dataset_7_keyframe_3,0.5,learned_no_abstention,583,2672683,2150042,55843,1.2624336553404227,1.2705080661800867,0.14851256193517864,0.1126126816507228,0.07387969321210992,3.672758829348129,0.8991924768513061,7.092868522047785,0.020893985556835585,0.8022670701788944,0.012829516818741215,0.004151081699799353,3.8025644992937955e-05
S2M2-S,dataset_7_keyframe_3,0.5,learned_calibrated,583,2672683,2150042,55843,1.2624336553404227,1.2705080661800867,0.14851256193517864,0.1126126816507228,0.07387969321210992,3.672758829348129,0.8991924768513061,7.092868522047785,0.020893985556835585,0.8022670701788944,0.012829516818741215,0.004151081699799353,3.8025644992937955e-05
S2M2-S,dataset_7_keyframe_3,0.5,unwarped_previous_control,583,2672683,2150042,1383534,1.257008998566958,1.2705080661800867,0.1488605270793332,0.11239080733443253,0.07353023150640375,3.6922374729563723,0.9018938171942605,7.1239667974397,0.5176573503105306,0.5139671305511827,0.45584458350115953,0.18348664816780325,0.005935804354113313
S2M2-S,dataset_7_keyframe_3,0.5,identity_no_flow_control,583,2672683,2150042,1383534,1.257008998566958,1.2705080661800867,0.1488605270793332,0.11239080733443253,0.07353023150640375,3.6922374729563723,0.9018938171942605,7.1239667974397,0.5176573503105306,0.5139671305511827,0.45584458350115953,0.18348664816780325,0.005935804354113313
S2M2-S,dataset_7_keyframe_3,0.5,shuffled_memory_control,583,2672683,2150042,1383534,1.295726387782623,1.2705080661800867,0.15713797686990533,0.11562126896823695,0.07579686769625912,3.7530078008927146,0.9403665756901378,7.205126859559227,0.5176573503105306,0.46941961672065885,0.45584458350115953,0.18073646933408744,0.011217453754503235
S2M2-S,dataset_7_keyframe_3,0.9,raw,561,388089,245738,0,1.5181921866390533,1.5181921866390533,0.34078265481104864,0.2313386883044663,0.0966221667121364,2.880068170819071,1.1928968801209896,5.466626514727496,0.0,0.0,0.0,0.0,0.0
S2M2-S,dataset_7_keyframe_3,0.9,aligned_memory,561,388089,245738,212281,1.5213061032077069,1.5181921866390533,0.34156082791834236,0.23134126452210935,0.0976992392597849,2.88138848873775,1.1950414364146544,5.502425960925825,0.5469905099088096,0.48049990342988774,0.45870398554558106,0.20350942874117964,0.012103795964537903
S2M2-S,dataset_7_keyframe_3,0.9,fixed_blend_50,561,388089,245738,212281,1.5152447532948172,1.5181921866390533,0.34070792987617976,0.2308851841314758,0.09708855460113662,2.877064621451773,1.1897003945506304,5.482021695093015,0.5469905099088096,0.5170505132348161,0.45870398554558106,0.1731681709788474,0.005226515155597059
S2M2-S,dataset_7_keyframe_3,0.9,oracle_raw_memory,561,388089,245738,104777,1.4672892402301305,1.5181921866390533,0.3362476132826185,0.2261852310415758,0.09346309746468048,2.7960314807482622,1.152235188552369,5.407944195454638,0.2699818855984065,0.9735056357788446,0.2445694194630053,0.0,0.0
S2M2-S,dataset_7_keyframe_3,0.9,learned_no_abstention,561,388089,245738,9784,1.510460608236543,1.5181921866390533,0.3398962602417633,0.23034922465127453,0.09591614314312275,2.862836453305019,1.1877141204070356,5.44803609527251,0.025210711975861208,0.8865494685200327,0.010824536701690418,0.003340956628604449,2.557435375568893e-05
S2M2-S,dataset_7_keyframe_3,0.9,learned_calibrated,561,388089,245738,9784,1.510460608236543,1.5181921866390533,0.3398962602417633,0.23034922465127453,0.09591614314312275,2.862836453305019,1.1877141204070356,5.44803609527251,0.025210711975861208,0.8865494685200327,0.010824536701690418,0.003340956628604449,2.557435375568893e-05
S2M2-S,dataset_7_keyframe_3,0.9,unwarped_previous_control,561,388089,245738,212281,1.4935582418426188,1.5181921866390533,0.3348407193669457,0.22751740005765145,0.09353266923355237,2.7997185661809785,1.167048226608531,5.443350517036753,0.5469905099088096,0.4940008761971161,0.45870398554558106,0.19672171174177375,0.01763313790043666
S2M2-S,dataset_7_keyframe_3,0.9,identity_no_flow_control,561,388089,245738,212281,1.4935582418426188,1.5181921866390533,0.3348407193669457,0.22751740005765145,0.09353266923355237,2.7997185661809785,1.167048226608531,5.443350517036753,0.5469905099088096,0.4940008761971161,0.45870398554558106,0.19672171174177375,0.01763313790043666
S2M2-S,dataset_7_keyframe_3,0.9,shuffled_memory_control,561,388089,245738,212281,1.5426474699887862,1.5181921866390533,0.3424214550057958,0.23414732265583096,0.10003633213278425,2.832656361714802,1.2181268952061872,5.507759620949707,0.5469905099088096,0.4672580212077388,0.45870398554558106,0.18313000024416248,0.02860688997352118
RAFT-Stereo,dataset_7_keyframe_3,0.05,raw,583,3399454,2585466,0,1.4880645601588147,1.4880645601588147,0.1692945401334885,0.12271147081385354,0.08219643512878184,4.197238056174616,0.9854214926923283,8.580962911286404,0.0,0.0,0.0,0.0,0.0
RAFT-Stereo,dataset_7_keyframe_3,0.05,aligned_memory,583,3399454,2585466,1977117,1.4909366978079732,1.4880645601588147,0.1696242988119232,0.12261998547539645,0.08218525698979116,4.2213121633373,0.9846310154359663,8.675087851319603,0.5815983978603623,0.508518211112443,0.5082909618614208,0.22374921967645292,0.012452534498218887
RAFT-Stereo,dataset_7_keyframe_3,0.05,fixed_blend_50,583,3399454,2585466,1977117,1.467610300146729,1.4880645601588147,0.16973372817614496,0.12349424373631572,0.08316335525257408,4.132628620819388,0.9747685377439861,8.472637795322477,0.5815983978603623,0.5613689022956153,0.5082909618614208,0.18752905665748457,0.007136638631674957
RAFT-Stereo,dataset_7_keyframe_3,0.05,oracle_raw_memory,583,3399454,2585466,1037555,1.3110536279367313,1.4880645601588147,0.15689607815920184,0.11341380135394664,0.07478730421765517,3.74297627093055,0.8669942564508237,7.896614776906448,0.3052122487905411,0.9690088718188433,0.27223989795263215,0.0,0.0
RAFT-Stereo,dataset_7_keyframe_3,0.05,learned_no_abstention,583,3399454,2585466,92748,1.3896343722874294,1.4880645601588147,0.1664805589533419,0.11869141355470379,0.07827286397375141,3.93626797335594,0.9250717216432685,8.067589793502242,0.0272832048911384,0.7596282399620476,0.01133760799793925,0.00487803746017159,0.0007661504281172556
RAFT-Stereo,dataset_7_keyframe_3,0.05,learned_calibrated,583,3399454,2585466,92488,1.3901823566387943,1.4880645601588147,0.1664943847868937,0.1187152407549867,0.07830228046130017,3.9379962497648853,0.9253441281525798,8.068016245811355,0.027206722020653905,0.7595688089265634,0.011324070786465574,0.004864500248697914,0.0007493450485626434
RAFT-Stereo,dataset_7_keyframe_3,0.05,unwarped_previous_control,583,3399454,2585466,1977117,1.458824685946752,1.4880645601588147,0.16732481174901073,0.1211135673118666,0.08069178183539145,4.101930790809715,0.972103921777916,8.439200015149934,0.5815983978603623,0.4996006811938798,0.5082909618614208,0.2235241151885192,0.013786625194402368
RAFT-Stereo,dataset_7_keyframe_3,0.05,identity_no_flow_control,583,3399454,2585466,1977117,1.458824685946752,1.4880645601588147,0.16732481174901073,0.1211135673118666,0.08069178183539145,4.101930790809715,0.972103921777916,8.439200015149934,0.5815983978603623,0.4996006811938798,0.5082909618614208,0.2235241151885192,0.013786625194402368
RAFT-Stereo,dataset_7_keyframe_3,0.05,shuffled_memory_control,583,3399454,2585466,1977117,1.551369825192683,1.4880645601588147,0.18365508146732504,0.13068098610442694,0.0854716671162673,4.2445584638436085,1.0588952987832865,8.73271764096619,0.5815983978603623,0.4603334046492949,0.5082909618614208,0.22042757475828342,0.026234732006193633
RAFT-Stereo,dataset_7_keyframe_3,0.25,raw,583,3271753,2533630,0,1.3300866042176391,1.3300866042176391,0.15539528771679867,0.11193540585338382,0.07365317621513016,3.8597051268420057,0.9432200193627228,7.735893257074702,0.0,0.0,0.0,0.0,0.0
RAFT-Stereo,dataset_7_keyframe_3,0.25,aligned_memory,583,3271753,2533630,1880268,1.3299244024077659,1.3300866042176391,0.1555371078320684,0.11168905460476516,0.07361466445430932,3.872746222577655,0.9415197996674184,7.783278988616222,0.5746974175617781,0.5137666545407357,0.5060087700256154,0.22156550088213353,0.011517659373012681
RAFT-Stereo,dataset_7_keyframe_3,0.25,fixed_blend_50,583,3271753,2533630,1880268,1.3081050625467951,1.3300866042176391,0.15558692801197446,0.11252652615743136,0.07434852163291739,3.780196494367416,0.9322077121909843,7.6047454635397145,0.5746974175617781,0.5678461793744296,0.5060087700256154,0.1855227479939849,0.00660741884918705
RAFT-Stereo,dataset_7_keyframe_3,0.25,oracle_raw_memory,583,3271753,2533630,997564,1.1664516303568517,1.3300866042176391,0.1434940231794592,0.10311505784189434,0.06668565734765435,3.406983420715905,0.8314716217582142,7.063300839546311,0.3049019898507008,0.9683779687318307,0.2721008987105457,0.0,0.0
RAFT-Stereo,dataset_7_keyframe_3,0.25,learned_no_abstention,583,3271753,2533630,84111,1.242873152434352,1.3300866042176391,0.1527615316771432,0.10817595348253159,0.0700126202238095,3.6132841176282327,0.8887087838811947,7.281414747614169,0.02570823653252553,0.7562625578105123,0.01101778870632255,0.004579989974858208,0.000714916135022764
RAFT-Stereo,dataset_7_keyframe_3,0.25,learned_calibrated,583,3271753,2533630,83870,1.2434058969098694,1.3300866042176391,0.15277406319741074,0.10819887695721317,0.07004165669883218,3.6151279927429636,0.8889694054367226,7.281231913453762,0.025634575715220556,0.7561941099320377,0.011004369225182841,0.004566570493718499,0.0006983010431507496
RAFT-Stereo,dataset_7_keyframe_3,0.25,unwarped_previous_control,583,3271753,2533630,1880268,1.3054093071482504,1.3300866042176391,0.15395660979347134,0.11065413529685716,0.07231047071556242,3.7751614187376856,0.9315469920547039,7.608574837251754,0.5746974175617781,0.5011727051675612,0.5060087700256154,0.2212051483444702,0.012727484030144664
RAFT-Stereo,dataset_7_keyframe_3,0.25,identity_no_flow_control,583,3271753,2533630,1880268,1.3054093071482504,1.3300866042176391,0.15395660979347134,0.11065413529685716,0.07231047071556242,3.7751614187376856,0.9315469920547039,7.608574837251754,0.5746974175617781,0.5011727051675612,0.5060087700256154,0.2212051483444702,0.012727484030144664
RAFT-Stereo,dataset_7_keyframe_3,0.25,shuffled_memory_control,583,3271753,2533630,1880268,1.3885969628660375,1.3300866042176391,0.170097803470883,0.11980091404032611,0.07655865193191906,3.89469904130159,1.013872040222996,7.796071390084116,0.5746974175617781,0.4618208680890171,0.5060087700256154,0.21809182872005778,0.024541636759518256
RAFT-Stereo,dataset_7_keyframe_3,0.5,raw,583,2672683,2081635,0,1.1820343110772131,1.1820343110772131,0.15242436155279807,0.10934181086187617,0.06811058388801038,3.320086823672917,0.8738686695909373,6.571161386980495,0.0,0.0,0.0,0.0,0.0
RAFT-Stereo,dataset_7_keyframe_3,0.5,aligned_memory,583,2672683,2081635,1483096,1.1803202683274938,1.1820343110772131,0.15274501272628552,0.10904884721134203,0.06815398600502284,3.3261840149790793,0.8717378343242762,6.606749009359349,0.5549090558064687,0.5184553124005459,0.48738419559625007,0.21018238067672768,0.010472367793262122
RAFT-Stereo,dataset_7_keyframe_3,0.5,fixed_blend_50,583,2672683,2081635,1483096,1.1592157763651838,1.1820343110772131,0.1520449676041258,0.10916782848116639,0.06802752142286225,3.2447602914757114,0.8631438329797059,6.490329194825643,0.5549090558064687,0.5719360041426853,0.48738419559625007,0.17599435059460472,0.005801345012231184
RAFT-Stereo,dataset_7_keyframe_3,0.5,oracle_raw_memory,583,2672683,2081635,794250,1.0519460061981387,1.1820343110772131,0.1420183386633795,0.10173110668441795,0.0622045337870177,2.9873547017349,0.7845711120781286,6.11477689707419,0.2971732899112989,0.9681070192005036,0.26518481866417504,0.0,0.0
RAFT-Stereo,dataset_7_keyframe_3,0.5,learned_no_abstention,583,2672683,2081635,63265,1.1247794634566122,1.1820343110772131,0.1507874293282641,0.10659625557209046,0.0654967312061507,3.18236403467721,0.8390351324182288,6.309457903523629,0.02367097033205958,0.7413261677072631,0.011660065285220511,0.004573328177129996,0.0006013544140557162
RAFT-Stereo,dataset_7_keyframe_3,0.5,learned_calibrated,583,2672683,2081635,63092,1.1252453278167331,1.1820343110772131,0.15079977646626883,0.10661945319369277,0.06552628948036408,3.1836033700486506,0.8392669168826522,6.30905989034135,0.02360624136869206,0.7411557725226653,0.01164661431999366,0.004559877211903144,0.0005885276659305202
RAFT-Stereo,dataset_7_keyframe_3,0.5,unwarped_previous_control,583,2672683,2081635,1483096,1.1703671407295526,1.1820343110772131,0.15152750999034678,0.10876523690380789,0.06752315930056252,3.327176969245887,0.8673110215764337,6.58043712647226,0.5549090558064687,0.5103580617842675,0.48738419559625007,0.20803503015658364,0.011821051202960162
RAFT-Stereo,dataset_7_keyframe_3,0.5,identity_no_flow_control,583,2672683,2081635,1483096,1.1703671407295526,1.1820343110772131,0.15152750999034678,0.10876523690380789,0.06752315930056252,3.327176969245887,0.8673110215764337,6.58043712647226,0.5549090558064687,0.5103580617842675,0.48738419559625007,0.20803503015658364,0.011821051202960162
RAFT-Stereo,dataset_7_keyframe_3,0.5,shuffled_memory_control,583,2672683,2081635,1483096,1.217802542509754,1.1820343110772131,0.1636901944018804,0.11425634810478705,0.0700576910608742,3.3755145142675804,0.9169931684004727,6.676899499699747,0.5549090558064687,0.4719701219610868,0.48738419559625007,0.20005668621059888,0.019826271527207274
RAFT-Stereo,dataset_7_keyframe_3,0.9,raw,561,388089,240929,0,1.5016122996907544,1.5016122996907544,0.33626049685719234,0.2245000506994741,0.09106674033634468,2.7445579460431153,1.203496913538197,5.273666897450234,0.0,0.0,0.0,0.0,0.0
RAFT-Stereo,dataset_7_keyframe_3,0.9,aligned_memory,561,388089,240929,229334,1.4968449573760352,1.5016122996907544,0.3358817179083624,0.22420887982631013,0.09193252073563422,2.7389176131045527,1.1991415510940069,5.296654299445364,0.5909314615977262,0.5031787698291574,0.4888369602663025,0.21861212224348253,0.021948594120903508
RAFT-Stereo,dataset_7_keyframe_3,0.9,fixed_blend_50,561,388089,240929,229334,1.479789790062425,1.5016122996907544,0.33407285417024707,0.22199289332532027,0.08996390026259588,2.705481385235412,1.1924550432692116,5.257827528942983,0.5909314615977262,0.5427149921075811,0.4888369602663025,0.18615442723789996,0.011227150878074929
RAFT-Stereo,dataset_7_keyframe_3,0.9,oracle_raw_memory,561,388089,240929,117601,1.4139763224156363,1.5016122996907544,0.32368090806149,0.21456676208946018,0.08507584608981959,2.5919404130598203,1.140091418276141,5.1773940125500655,0.30302585231738083,0.9812501594374198,0.2615957398237655,0.0,0.0
RAFT-Stereo,dataset_7_keyframe_3,0.9,learned_no_abstention,561,388089,240929,6758,1.4936679381985951,1.5016122996907544,0.3353277206884879,0.2234229781707794,0.09037875378345073,2.72766403562849,1.1982046018996446,5.259930907269284,0.01741353143222302,0.7673868008286475,0.004822997646609582,0.002340938616770916,0.0010145184322475121
RAFT-Stereo,dataset_7_keyframe_3,0.9,learned_calibrated,561,388089,240929,6745,1.493842357145799,1.5016122996907544,0.33533802759947506,0.22343328503780288,0.09039936761579208,2.727817838800946,1.1983023235551251,5.259930907269284,0.017380033961282078,0.7673832468495182,0.0048188470462252365,0.0023367880163865703,0.0010088481412314683
RAFT-Stereo,dataset_7_keyframe_3,0.9,unwarped_previous_control,561,388089,240929,229334,1.4761415969354996,1.5016122996907544,0.3299088617345232,0.22128429345249429,0.08822203202472186,2.679107057823645,1.1753338333432748,5.258533807027645,0.5909314615977262,0.5096758439655699,0.4888369602663025,0.2162711836267116,0.024157260932158125
RAFT-Stereo,dataset_7_keyframe_3,0.9,identity_no_flow_control,561,388089,240929,229334,1.4761415969354996,1.5016122996907544,0.3299088617345232,0.22128429345249429,0.08822203202472186,2.679107057823645,1.1753338333432748,5.258533807027645,0.5909314615977262,0.5096758439655699,0.4888369602663025,0.2162711836267116,0.024157260932158125
RAFT-Stereo,dataset_7_keyframe_3,0.9,shuffled_memory_control,561,388089,240929,229334,1.5159251210048412,1.5016122996907544,0.3374329094886915,0.22775188199266058,0.0936975796522786,2.7013794035708556,1.218860630921184,5.312446761954164,0.5909314615977262,0.4842587666896317,0.4888369602663025,0.1962901933764719,0.035847301316309234
StereoAnywhere,dataset_7_keyframe_3,0.05,raw,583,3399454,2557462,0,1.4928792051407442,1.4928792051407442,0.1757517532674826,0.1270886445139501,0.08655890068760073,3.9673329515473306,1.0330829230707237,8.161801895134586,0.0,0.0,0.0,0.0,0.0
StereoAnywhere,dataset_7_keyframe_3,0.05,aligned_memory,583,3399454,2557462,1875591,1.4998250205548247,1.4928792051407442,0.176256834054004,0.12686007848771816,0.08662802916265293,3.9916947801621334,1.036633744676162,8.230235842898859,0.5517330135957127,0.5166408881253962,0.4729172906576911,0.2073442342447317,0.014021423528587248
StereoAnywhere,dataset_7_keyframe_3,0.05,fixed_blend_50,583,3399454,2557462,1875591,1.4837610375836452,1.4928792051407442,0.17966296963663297,0.1276163762083729,0.08651448183072155,3.942073490436087,1.0269250645465062,8.136062037954634,0.5517330135957127,0.560780575296,0.4729172906576911,0.17769452683949946,0.007838125966221026
StereoAnywhere,dataset_7_keyframe_3,0.05,oracle_raw_memory,583,3399454,2557462,995662,1.3238167767912628,1.4928792051407442,0.1594394276613993,0.11631485545990322,0.07865204231853216,3.6355412167911663,0.8955322073873299,7.690108188950412,0.2928887992012835,0.9732288668242838,0.25539577909662003,0.0,0.0
StereoAnywhere,dataset_7_keyframe_3,0.05,learned_no_abstention,583,3399454,2557462,114599,1.3882599433696796,1.4928792051407442,0.16664646778264383,0.12002103875512776,0.08117862465793599,3.799412214699456,0.9420290733432682,7.823821161742955,0.03371100182558728,0.8726254155795425,0.009642763020525818,0.0030463795747502796,0.0006621564597961708
StereoAnywhere,dataset_7_keyframe_3,0.05,learned_calibrated,583,3399454,2557462,114550,1.3883249849475352,1.4928792051407442,0.16664735027931524,0.12002162707651746,0.08117950715658212,3.799719099595301,0.9420533004808479,7.823890255888239,0.03369658774614982,0.872597119161938,0.009642763020525818,0.0030463795747502796,0.0006612093380252972
StereoAnywhere,dataset_7_keyframe_3,0.05,unwarped_previous_control,583,3399454,2557462,1875591,1.4744263631296226,1.4928792051407442,0.17623153618022117,0.1262190934114291,0.08573376800190344,3.92159202874109,1.0248225147907655,8.084123241818478,0.5517330135957127,0.5030633011141555,0.4729172906576911,0.20819077663715044,0.016258952617166846
StereoAnywhere,dataset_7_keyframe_3,0.05,identity_no_flow_control,583,3399454,2557462,1875591,1.4744263631296226,1.4928792051407442,0.17623153618022117,0.1262190934114291,0.08573376800190344,3.92159202874109,1.0248225147907655,8.084123241818478,0.5517330135957127,0.5030633011141555,0.4729172906576911,0.20819077663715044,0.016258952617166846
StereoAnywhere,dataset_7_keyframe_3,0.05,shuffled_memory_control,583,3399454,2557462,1875591,1.5918302087424885,1.4928792051407442,0.1931224848591303,0.13652839528495525,0.09113139925400268,4.102132666693963,1.134166882035525,8.390209197440935,0.5517330135957127,0.4619226686415109,0.4729172906576911,0.20864591536452937,0.02852343373177863
StereoAnywhere,dataset_7_keyframe_3,0.25,raw,583,3271753,2507536,0,1.3453216015733818,1.3453216015733818,0.1616714341260321,0.1157254226447995,0.0776363617589469,3.6445905558781133,0.9928439212021655,7.512845559858586,0.0,0.0,0.0,0.0,0.0
StereoAnywhere,dataset_7_keyframe_3,0.25,aligned_memory,583,3271753,2507536,1782469,1.3499302660118748,1.3453216015733818,0.1620971993917369,0.11554264611268243,0.07774670024277061,3.659281745131558,0.9958803407718053,7.566803554108913,0.5448054911235659,0.521444692726774,0.47129054179082575,0.2053900721664614,0.013266789990012176
StereoAnywhere,dataset_7_keyframe_3,0.25,fixed_blend_50,583,3271753,2507536,1782469,1.335425874382719,1.3453216015733818,0.16558615474347868,0.11639998493009913,0.07771858082377449,3.6111866854720076,0.9864889954014436,7.469665353890895,0.5448054911235659,0.5667352419593272,0.47129054179082575,0.17579568149769334,0.007499897523420469
StereoAnywhere,dataset_7_keyframe_3,0.25,oracle_raw_memory,583,3271753,2507536,955697,1.1865497071422157,1.3453216015733818,0.14568856495491056,0.10540526726627793,0.07007772284615396,3.320665091846728,0.8600937712461147,7.078062322725751,0.2921054859581393,0.9725456917830652,0.25569244070673364,0.0,0.0
StereoAnywhere,dataset_7_keyframe_3,0.25,learned_no_abstention,583,3271753,2507536,104209,1.2481363926148523,1.3453216015733818,0.1524568019797023,0.10866865552167554,0.07228785306835005,3.490875567552881,0.9057861612648893,7.205286616666588,0.03185112079059758,0.8784653916648274,0.009502555496710715,0.0028585830871421187,0.0005253533549356497
StereoAnywhere,dataset_7_keyframe_3,0.25,learned_calibrated,583,3271753,2507536,104178,1.2481785937868115,1.3453216015733818,0.1524580245746217,0.10866957246576432,0.07228846437533319,3.4911261906692967,0.9058056989575768,7.205408289413785,0.031841645747707724,0.8784484248113805,0.009502555496710715,0.0028585830871421187,0.000524701918876279
StereoAnywhere,dataset_7_keyframe_3,0.25,unwarped_previous_control,583,3271753,2507536,1782469,1.329265504025636,1.3453216015733818,0.16222557126140635,0.11481673549468205,0.07676465772228631,3.6069356438251146,0.98605876445719,7.43521196027328,0.5448054911235659,0.5063762679743659,0.47129054179082575,0.20622116691445308,0.015040198440116196
StereoAnywhere,dataset_7_keyframe_3,0.25,identity_no_flow_control,583,3271753,2507536,1782469,1.329265504025636,1.3453216015733818,0.16222557126140635,0.11481673549468205,0.07676465772228631,3.6069356438251146,0.98605876445719,7.43521196027328,0.5448054911235659,0.5063762679743659,0.47129054179082575,0.20622116691445308,0.015040198440116196
StereoAnywhere,dataset_7_keyframe_3,0.25,shuffled_memory_control,583,3271753,2507536,1782469,1.4339934114225024,1.3453216015733818,0.17916817020889275,0.12487525780449586,0.08164827855094055,3.7692900228583324,1.0878572727443185,7.653963800452127,0.5448054911235659,0.4640411698604576,0.47129054179082575,0.206763133211248,0.02686554695495342
StereoAnywhere,dataset_7_keyframe_3,0.5,raw,583,2672683,2085753,0,1.1767840968805767,1.1767840968805767,0.1520947301008068,0.10922320363149471,0.06994394761166338,3.142491720046478,0.8986175405203537,6.367951090207169,0.0,0.0,0.0,0.0,0.0
StereoAnywhere,dataset_7_keyframe_3,0.5,aligned_memory,583,2672683,2085753,1367212,1.1795997199223536,1.1767840968805767,0.15255456754041644,0.10918129846611598,0.07025898700386204,3.1557099200618706,0.900772336427053,6.404328240050415,0.5115503784025266,0.5310346895726485,0.44305485836530023,0.18556895279546523,0.010691666307373247
StereoAnywhere,dataset_7_keyframe_3,0.5,fixed_blend_50,583,2672683,2085753,1367212,1.1675017567261177,1.1767840968805767,0.15469623581879163,0.10984617326649211,0.0700517045630259,3.118267077253486,0.8927886959085355,6.3456404082431295,0.5115503784025266,0.5761088989856731,0.44305485836530023,0.1583859642057329,0.006194740682530126
StereoAnywhere,dataset_7_keyframe_3,0.5,oracle_raw_memory,583,2672683,2085753,746750,1.0568263036907246,1.1767840968805767,0.14054678374334775,0.10145348311366961,0.0641407905262979,2.918701768005279,0.7969319934767861,6.119005926819656,0.2794008866745514,0.9722624707063944,0.2477637572617659,0.0,0.0
StereoAnywhere,dataset_7_keyframe_3,0.5,learned_no_abstention,583,2672683,2085753,66376,1.113358309810241,1.1767840968805767,0.14622721762922702,0.1044714241052036,0.06617769463554478,3.061342089817994,0.8395440302010783,6.235984658203797,0.02483496920510214,0.8670905146438471,0.009307909421681283,0.002488309977260011,0.00042043444991489377
StereoAnywhere,dataset_7_keyframe_3,0.5,learned_calibrated,583,2672683,2085753,66372,1.1133665113274647,1.1767840968805767,0.14622759177892944,0.10447179825490603,0.06617806878524721,3.0613750801285664,0.8395511967054069,6.235984658203797,0.024833472581671675,0.8670825046706443,0.009307909421681283,0.002488309977260011,0.00042043444991489377
StereoAnywhere,dataset_7_keyframe_3,0.5,unwarped_previous_control,583,2672683,2085753,1367212,1.1714203531699012,1.1767840968805767,0.15250667606271476,0.10897551264268156,0.06965098387467554,3.172931527901427,0.8975071638674998,6.400167629751138,0.5115503784025266,0.5190072936750116,0.44305485836530023,0.18490444458188482,0.012595112647635477
StereoAnywhere,dataset_7_keyframe_3,0.5,identity_no_flow_control,583,2672683,2085753,1367212,1.1714203531699012,1.1767840968805767,0.15250667606271476,0.10897551264268156,0.06965098387467554,3.172931527901427,0.8975071638674998,6.400167629751138,0.5115503784025266,0.5190072936750116,0.44305485836530023,0.18490444458188482,0.012595112647635477
StereoAnywhere,dataset_7_keyframe_3,0.5,shuffled_memory_control,583,2672683,2085753,1367212,1.232697384875487,1.1767840968805767,0.16611135679739097,0.11592583200172575,0.07284066222698053,3.25629665259173,0.9590175917261162,6.520959465517222,0.5115503784025266,0.47450651398612653,0.44305485836530023,0.18243579177400202,0.02134085291649536
StereoAnywhere,dataset_7_keyframe_3,0.9,raw,561,388089,242933,0,1.4656470118748282,1.4656470118748282,0.3281876066325774,0.2176304924146032,0.09299670943047451,2.628758109586719,1.1908621808486066,5.230410204788164,0.0,0.0,0.0,0.0,0.0
StereoAnywhere,dataset_7_keyframe_3,0.9,aligned_memory,561,388089,242933,210310,1.461261759046872,1.4656470118748282,0.3269765436701503,0.2174217769620149,0.0940093640572685,2.6199760067743307,1.1870399318575047,5.257231706255043,0.5419117779684557,0.5097807997717655,0.44697920825906734,0.18895744917322882,0.013471234721933177
StereoAnywhere,dataset_7_keyframe_3,0.9,fixed_blend_50,561,388089,242933,210310,1.4550241142591769,1.4656470118748282,0.32646377522522435,0.21662556831247473,0.09301216982368311,2.6084630159712128,1.18427333985331,5.237249568510016,0.5419117779684557,0.5428320098901621,0.44697920825906734,0.16263331865164468,0.007065555122550013
StereoAnywhere,dataset_7_keyframe_3,0.9,oracle_raw_memory,561,388089,242933,109376,1.4020305551742638,1.4656470118748282,0.31843211221014306,0.21137934882271833,0.08951297252994937,2.5184499353464664,1.1441666263250236,5.171503961994421,0.28183226012589896,0.980215038033938,0.24972317470248998,0.0,0.0
StereoAnywhere,dataset_7_keyframe_3,0.9,learned_no_abstention,561,388089,242933,6763,1.4594236148779716,1.4656470118748282,0.327205873308311,0.21677759533226518,0.09262566053920568,2.6145032863687003,1.1877900963858705,5.213791567070325,0.017426415074892614,0.7965399970427325,0.005536505950200261,0.0031366673115632705,0.00043266855077603354
StereoAnywhere,dataset_7_keyframe_3,0.9,learned_calibrated,561,388089,242933,6763,1.4594236148779716,1.4656470118748282,0.327205873308311,0.21677759533226518,0.09262566053920568,2.6145032863687003,1.1877900963858705,5.213791567070325,0.017426415074892614,0.7965399970427325,0.005536505950200261,0.0031366673115632705,0.00043266855077603354
StereoAnywhere,dataset_7_keyframe_3,0.9,unwarped_previous_control,561,388089,242933,210310,1.4447191228516747,1.4656470118748282,0.3230831065757016,0.2147213660075392,0.09014169436038265,2.5789362036086607,1.1657271125340338,5.230251179357847,0.5419117779684557,0.5103656507061005,0.44697920825906734,0.18926205990952238,0.017157959136018936
StereoAnywhere,dataset_7_keyframe_3,0.9,identity_no_flow_control,561,388089,242933,210310,1.4447191228516747,1.4656470118748282,0.3230831065757016,0.2147213660075392,0.09014169436038265,2.5789362036086607,1.1657271125340338,5.230251179357847,0.5419117779684557,0.5103656507061005,0.44697920825906734,0.18926205990952238,0.017157959136018936
StereoAnywhere,dataset_7_keyframe_3,0.9,shuffled_memory_control,561,388089,242933,210310,1.4811802876866955,1.4656470118748282,0.32978260100761053,0.22136417196451044,0.09544717845412809,2.5970822233481017,1.2047353167159836,5.2742746387203505,0.5419117779684557,0.4875992582378394,0.44697920825906734,0.17422910843730577,0.028584726781138662
S2M2-S,dataset_7_keyframe_4,0.05,raw,2058,19800036,12359469,0,0.63847308134387,0.63847308134387,0.1747753890463086,0.029071714746269555,0.007177764710716223,1.007645857342959,0.5770265801782656,1.7251405295243103,0.0,0.0,0.0,0.0,0.0
S2M2-S,dataset_7_keyframe_4,0.05,aligned_memory,2058,19800036,12359469,12709932,0.6300439067129526,0.63847308134387,0.1714997386868596,0.02826419087994323,0.006878977368173668,0.9968493793509337,0.568724703976987,1.7081882703580267,0.6419145904583203,0.5332378646872383,0.5719843627586266,0.29801838574132916,0.007981802029872738
S2M2-S,dataset_7_keyframe_4,0.05,fixed_blend_50,2058,19800036,12359469,12709932,0.6287817501983415,0.63847308134387,0.17345382562079992,0.027045657900884205,0.0064184226593607336,0.9977691819300224,0.5672707925216939,1.6981561187136438,0.6419145904583203,0.5598191241306405,0.5719843627586266,0.27140033281365084,0.0030903160995168666
S2M2-S,dataset_7_keyframe_4,0.05,oracle_raw_memory,2058,19800036,12359469,6869341,0.5471823536382442,0.63847308134387,0.14499493829164273,0.021288345058333484,0.004968021268626563,0.9092900753801262,0.48690244513116954,1.5573087895154296,0.34693578334908076,0.9866182214567598,0.26647795305769206,0.0,0.0
S2M2-S,dataset_7_keyframe_4,0.05,learned_no_abstention,2058,19800036,12359469,2587414,0.5897161500462124,0.63847308134387,0.15649193726988375,0.022772332318315193,0.005361454895414382,0.9583230776430726,0.5283572282971414,1.62880237042369,0.1306772371524981,0.8262319056787975,0.06585258638538598,0.02567715490042493,0.00044616822549913785
S2M2-S,dataset_7_keyframe_4,0.05,learned_calibrated,2058,19800036,12359469,2587375,0.5897116987435115,0.63847308134387,0.15649178576596834,0.022771524242512733,0.005360646815370132,0.9583223673799799,0.5283512445777713,1.6287840679093728,0.13067526745910968,0.8262424271703948,0.06585234365651145,0.025676912171550412,0.00044512178453530774
S2M2-S,dataset_7_keyframe_4,0.05,unwarped_previous_control,2058,19800036,12359469,12709932,0.6380433039284497,0.63847308134387,0.17406261231639272,0.028749038495861128,0.007124835532911529,0.9967808181120396,0.5755442891031753,1.7244233651061271,0.6419145904583203,0.4793633042253885,0.5719843627586266,0.2925751907302814,0.00905456626741309
S2M2-S,dataset_7_keyframe_4,0.05,identity_no_flow_control,2058,19800036,12359469,12709932,0.6380433039284497,0.63847308134387,0.17406261231639272,0.028749038495861128,0.007124835532911529,0.9967808181120396,0.5755442891031753,1.7244233651061271,0.6419145904583203,0.4793633042253885,0.5719843627586266,0.2925751907302814,0.00905456626741309
S2M2-S,dataset_7_keyframe_4,0.05,shuffled_memory_control,2058,19800036,12359469,12709932,0.6945660920155754,0.63847308134387,0.1837176456822593,0.03568725829507415,0.011347656131086814,1.0437988099706446,0.6330042276749093,1.8587550433640356,0.6419145904583203,0.48197480521532293,0.5719843627586266,0.30527775910113936,0.017981895908724448
S2M2-S,dataset_7_keyframe_4,0.25,raw,1961,12632773,8722889,0,0.5439080225149893,0.5439080225149893,0.13115164793995976,0.023050600152245325,0.006096127912113462,0.9851932934271133,0.49067251707764126,1.5101467175133683,0.0,0.0,0.0,0.0,0.0
S2M2-S,dataset_7_keyframe_4,0.25,aligned_memory,1961,12632773,8722889,7619617,0.5367801787499697,0.5439080225149893,0.1288439996234066,0.022529970251994883,0.005783924105792175,0.9753024331750969,0.483634792407085,1.4908311534151966,0.603162662702797,0.5285290586127885,0.5442325358032184,0.27500751184613265,0.006454480008528369
S2M2-S,dataset_7_keyframe_4,0.25,fixed_blend_50,1961,12632773,8722889,7619617,0.5359411765298977,0.5439080225149893,0.13064344605169884,0.021474540969032913,0.00538812816454712,0.9769692908847945,0.482699692080457,1.4886098539472465,0.603162662702797,0.5568455737342178,0.5442325358032184,0.2505812007925356,0.002475374928156384
S2M2-S,dataset_7_keyframe_4,0.25,oracle_raw_memory,1961,12632773,8722889,4093565,0.46567179556991506,0.5439080225149893,0.10839607406013918,0.016932070306311192,0.004100366551946444,0.8953198628117908,0.41374757335032786,1.36885348825977,0.3240432642935957,0.9837852825104768,0.2615789333098243,0.0,0.0
S2M2-S,dataset_7_keyframe_4,0.25,learned_no_abstention,1961,12632773,8722889,1248688,0.5017468460833565,0.5439080225149893,0.11662000108237044,0.017594395091151443,0.004264146902891781,0.9369976941136609,0.4490548242246097,1.4206221241779464,0.09884512291956801,0.8385761695475571,0.050350061774258506,0.017724976209143553,9.144572369834851e-05
S2M2-S,dataset_7_keyframe_4,0.25,learned_calibrated,1961,12632773,8722889,1248685,0.5017475022647054,0.5439080225149893,0.11662015940147766,0.01759463256900869,0.004264146902891781,0.9369991414883477,0.4490552252644472,1.4206307426786435,0.09884488544201657,0.8385757817223719,0.050350061774258506,0.017724976209143553,9.144572369834851e-05
S2M2-S,dataset_7_keyframe_4,0.25,unwarped_previous_control,1961,12632773,8722889,7619617,0.5391213631406475,0.5439080225149893,0.1288268221313797,0.022456668793569255,0.005951662371248969,0.951881012595054,0.4872019619727321,1.4946268864847783,0.603162662702797,0.4793483714470163,0.5442325358032184,0.27021334330862173,0.006953895483086676
S2M2-S,dataset_7_keyframe_4,0.25,identity_no_flow_control,1961,12632773,8722889,7619617,0.5391213631406475,0.5439080225149893,0.1288268221313797,0.022456668793569255,0.005951662371248969,0.951881012595054,0.4872019619727321,1.4946268864847783,0.603162662702797,0.4793483714470163,0.5442325358032184,0.27021334330862173,0.006953895483086676
S2M2-S,dataset_7_keyframe_4,0.25,shuffled_memory_control,1961,12632773,8722889,7619617,0.579992619170875,0.5439080225149893,0.1388738642054922,0.02771046375633184,0.008590908720612484,0.9810183795297641,0.529233336936693,1.572376772048347,0.603162662702797,0.4761631719809539,0.5442325358032184,0.27963659746214814,0.01364298829811721
S2M2-S,dataset_7_keyframe_4,0.5,raw,1913,3652263,2836540,0,0.40621327437690635,0.40621327437690635,0.08432525286280133,0.011875924620201749,0.002465594634970756,0.5769967441708612,0.35204761802952667,0.9446104510258638,0.0,0.0,0.0,0.0,0.0
S2M2-S,dataset_7_keyframe_4,0.5,aligned_memory,1913,3652263,2836540,1879440,0.4025160724957762,0.40621327437690635,0.08407198527345147,0.011741487466345943,0.0022914560282263656,0.5714202301131798,0.3488113245230867,0.9342676413763479,0.5145960189613946,0.5274869109947644,0.47596332151141885,0.22732836483885296,0.002359903309483545
S2M2-S,dataset_7_keyframe_4,0.5,fixed_blend_50,1913,3652263,2836540,1879440,0.40121248913106144,0.40621327437690635,0.08420669616490437,0.011402793295668281,0.002312812641056545,0.571602577468681,0.347080626211391,0.9323168515143166,0.5145960189613946,0.5616039884220831,0.47596332151141885,0.20479351604419468,0.0009530935707713302
S2M2-S,dataset_7_keyframe_4,0.5,oracle_raw_memory,1913,3652263,2836540,1014564,0.35981272846232687,0.40621327437690635,0.07379287887191849,0.009880723290508665,0.0019015607682304455,0.5221424909960487,0.3059948254404154,0.8742839351404866,0.2777905096100692,0.9771488048067939,0.24029310356984213,0.0,0.0
S2M2-S,dataset_7_keyframe_4,0.5,learned_no_abstention,1913,3652263,2836540,126465,0.39199327463761413,0.40621327437690635,0.07922485337504155,0.010388901389733824,0.0019954751473293133,0.5574767708489469,0.33813562433688693,0.9209527352632647,0.034626476789869735,0.841165539872692,0.014226487199193383,0.005311753051252583,3.3338610239235105e-05
S2M2-S,dataset_7_keyframe_4,0.5,learned_calibrated,1913,3652263,2836540,126464,0.39199414930014126,0.40621327437690635,0.0792251271792574,0.010389175192790959,0.0019954751473293133,0.5574779198908397,0.33813562433688693,0.9209527352632647,0.034626202987024755,0.8411642839068826,0.014226487199193383,0.005311753051252583,3.3338610239235105e-05
S2M2-S,dataset_7_keyframe_4,0.5,unwarped_previous_control,1913,3652263,2836540,1879440,0.4042352709115092,0.40621327437690635,0.08382255074299177,0.011991743214395783,0.002356621103502478,0.5604802124408087,0.3502525095629999,0.9326894381498539,0.5145960189613946,0.49393383135402036,0.47596332151141885,0.22338024494630782,0.0029001992639811677
S2M2-S,dataset_7_keyframe_4,0.5,identity_no_flow_control,1913,3652263,2836540,1879440,0.4042352709115092,0.40621327437690635,0.08382255074299177,0.011991743214395783,0.002356621103502478,0.5604802124408087,0.3502525095629999,0.9326894381498539,0.5145960189613946,0.49393383135402036,0.47596332151141885,0.22338024494630782,0.0029001992639811677
S2M2-S,dataset_7_keyframe_4,0.5,shuffled_memory_control,1913,3652263,2836540,1879440,0.4373444781889297,0.40621327437690635,0.09476535557639686,0.0161549156121176,0.0036766246142517535,0.5854556936622071,0.38554926555874647,0.9988881548086261,0.5145960189613946,0.4675419273826246,0.47596332151141885,0.22859575398196394,0.00815680143735631
S2M2-S,dataset_7_keyframe_4,0.9,raw,812,22877,18218,0,0.3512335370144978,0.3512335370144978,0.06290160502820186,0.004939458958464924,0.00021856012458791265,0.2833992495040318,0.34113191574672264,0.8133759882283017,0.0,0.0,0.0,0.0,0.0
S2M2-S,dataset_7_keyframe_4,0.9,aligned_memory,812,22877,18218,9751,0.3517746551020707,0.3512335370144978,0.06325130102157843,0.006644228016458129,0.00034969620305341185,0.2881611855349441,0.34130155716711674,0.8119593161008166,0.4262359575119115,0.5487642293098144,0.3823690855198156,0.17537600175650456,0.004713542628332301
S2M2-S,dataset_7_keyframe_4,0.9,fixed_blend_50,812,22877,18218,9751,0.3500260080111899,0.3512335370144978,0.06281418078249869,0.00511430705070975,0.0002185601262163125,0.2841916057526605,0.33972060315667374,0.8099292100430754,0.4262359575119115,0.5726592144395447,0.3823690855198156,0.1646174113514107,0.0021247720274937946
S2M2-S,dataset_7_keyframe_4,0.9,oracle_raw_memory,812,22877,18218,5449,0.31370605637880816,0.3512335370144978,0.05433404785700824,0.003147265872750222,0.00013113607358029972,0.2551856089872128,0.3038160167076138,0.7567475111933211,0.23818682519561132,0.9820150486327767,0.20177846086288287,0.0,0.0
S2M2-S,dataset_7_keyframe_4,0.9,learned_no_abstention,812,22877,18218,425,0.3416777316420787,0.3512335370144978,0.059492066930942035,0.0033658259973381346,0.00017484809908410617,0.2787596287520021,0.33171418523492513,0.7977893030564127,0.018577610700703764,0.9576470588235294,0.003842353716104951,0.00027445383686463935,0.0
S2M2-S,dataset_7_keyframe_4,0.9,learned_calibrated,812,22877,18218,425,0.3416777316420787,0.3512335370144978,0.059492066930942035,0.0033658259973381346,0.00017484809908410617,0.2787596287520021,0.33171418523492513,0.7977893030564127,0.018577610700703764,0.9576470588235294,0.003842353716104951,0.00027445383686463935,0.0
S2M2-S,dataset_7_keyframe_4,0.9,unwarped_previous_control,812,22877,18218,9751,0.3448989466614342,0.3512335370144978,0.06067229143209563,0.006731652047273584,0.00039340823018561816,0.29053674924876355,0.3343074125751559,0.7969529639194962,0.4262359575119115,0.5489693364783099,0.3823690855198156,0.16330003293446044,0.004768182657850879
S2M2-S,dataset_7_keyframe_4,0.9,identity_no_flow_control,812,22877,18218,9751,0.3448989466614342,0.3512335370144978,0.06067229143209563,0.006731652047273584,0.00039340823018561816,0.29053674924876355,0.3343074125751559,0.7969529639194962,0.4262359575119115,0.5489693364783099,0.3823690855198156,0.16330003293446044,0.004768182657850879
S2M2-S,dataset_7_keyframe_4,0.9,shuffled_memory_control,812,22877,18218,9751,0.3737587030209546,0.3512335370144978,0.07068234499824479,0.012020807275637733,0.0020544652229827717,0.30089570301551016,0.36281293769462486,0.8511142335255991,0.4262359575119115,0.5190236898779612,0.3823690855198156,0.15770117466242178,0.0112327029252372
RAFT-Stereo,dataset_7_keyframe_4,0.05,raw,2058,19800036,13236028,0,0.528794417726398,0.528794417726398,0.12877314944125812,0.01582926411720079,0.00534463671336365,0.9079445980142755,0.465176060548001,1.5448694960272993,0.0,0.0,0.0,0.0,0.0
RAFT-Stereo,dataset_7_keyframe_4,0.05,aligned_memory,2058,19800036,13236028,11963114,0.5203567575421166,0.528794417726398,0.12385068356230315,0.015595173654430425,0.0052737782788394895,0.8978324699919713,0.45663229777579223,1.5404720742421338,0.6041965782284436,0.5355975041281058,0.5418860552425546,0.27908606720989104,0.0031747631979746815
RAFT-Stereo,dataset_7_keyframe_4,0.05,fixed_blend_50,2058,19800036,13236028,11963114,0.518670295850539,0.528794417726398,0.12462012681750947,0.014952447537268924,0.004948425349047658,0.8949819996126552,0.4554298292159042,1.5119142232811702,0.6041965782284436,0.5628736798796701,0.5418860552425546,0.25573011782688887,0.0011854396812573885
RAFT-Stereo,dataset_7_keyframe_4,0.05,oracle_raw_memory,2058,19800036,13236028,6503934,0.46050979917478124,0.528794417726398,0.10545955571234937,0.012572603367711923,0.004175093418220655,0.8210184546964405,0.40018049199243794,1.3752125327389304,0.3284809179134826,0.9851597510060834,0.25554214602749403,0.0,0.0
RAFT-Stereo,dataset_7_keyframe_4,0.05,learned_no_abstention,2058,19800036,13236028,1556918,0.5167377659305625,0.528794417726398,0.12299265510955708,0.01501643730987224,0.0053110004380457175,0.8944048768074735,0.45315746727572137,1.520088980474932,0.07863207925480539,0.7640389538819642,0.04390244565816875,0.01697593870306107,0.0007044693584291864
RAFT-Stereo,dataset_7_keyframe_4,0.05,learned_calibrated,2058,19800036,13236028,1556287,0.516806670202124,0.528794417726398,0.12299613995676532,0.015017851443672646,0.005319535778985641,0.8944107344437612,0.4532429359273995,1.5200925445279696,0.07860021062587967,0.7641559686613073,0.04389783702482346,0.016971330069715778,0.0006906497892200962
RAFT-Stereo,dataset_7_keyframe_4,0.05,unwarped_previous_control,2058,19800036,13236028,11963114,0.5320763455146477,0.528794417726398,0.12670835547942033,0.016513757844805733,0.005703120930992501,0.9027638358693822,0.46711488866858053,1.5550683291129945,0.6041965782284436,0.4723829431032756,0.5418860552425546,0.2717052275803587,0.004543422703963527
RAFT-Stereo,dataset_7_keyframe_4,0.05,identity_no_flow_control,2058,19800036,13236028,11963114,0.5320763455146477,0.528794417726398,0.12670835547942033,0.016513757844805733,0.005703120930992501,0.9027638358693822,0.46711488866858053,1.5550683291129945,0.6041965782284436,0.4723829431032756,0.5418860552425546,0.2717052275803587,0.004543422703963527
RAFT-Stereo,dataset_7_keyframe_4,0.05,shuffled_memory_control,2058,19800036,13236028,11963114,0.594271527648325,0.528794417726398,0.13646667096536338,0.024649854216956077,0.010296900434915891,0.9569016890371567,0.5285598313626256,1.7081111827941433,0.6041965782284436,0.4724621866848381,0.5418860552425546,0.2902277027519132,0.013467791416209138
RAFT-Stereo,dataset_7_keyframe_4,0.25,raw,1961,12632773,9304350,0,0.43271422341955434,0.43271422341955434,0.08790358223205749,0.010154619270035584,0.0033090913654196478,0.8593426917676045,0.38090541573215897,1.272480937142171,0.0,0.0,0.0,0.0,0.0
RAFT-Stereo,dataset_7_keyframe_4,0.25,aligned_memory,1961,12632773,9304350,7179649,0.4247237466631131,0.43271422341955434,0.08444456347840006,0.009918012474988516,0.0031369201426438295,0.8487733752711356,0.3729453282273883,1.2588683625286452,0.5683351549180848,0.5315073202046506,0.519320425392424,0.2597052991342759,0.00196583222130192
RAFT-Stereo,dataset_7_keyframe_4,0.25,fixed_blend_50,1961,12632773,9304350,7179649,0.42423281782383443,0.43271422341955434,0.08494104992493194,0.009534644538470033,0.002957624586101961,0.8475508514162515,0.3728266266190435,1.2449429168584163,0.5683351549180848,0.5607024800237449,0.519320425392424,0.23781639770644913,0.000705019669943235
RAFT-Stereo,dataset_7_keyframe_4,0.25,oracle_raw_memory,1961,12632773,9304350,3885642,0.37734055559714497,0.43271422341955434,0.07235521446571831,0.008042098118310645,0.0025232781479341587,0.784557866666637,0.3281211185397249,1.1406579698015262,0.3075842493172323,0.982086357930041,0.2521289504371611,0.0,0.0
RAFT-Stereo,dataset_7_keyframe_4,0.25,learned_no_abstention,1961,12632773,9304350,671711,0.42308490221701917,0.43271422341955434,0.08476800767615174,0.009448756818937488,0.003051903179744128,0.8465621931978892,0.37171733676533136,1.2426755525121584,0.05317209451954848,0.7775293243671758,0.032225894339744314,0.010918333897585538,0.00024851028497910636
RAFT-Stereo,dataset_7_keyframe_4,0.25,learned_calibrated,1961,12632773,9304350,671517,0.42320052566538535,0.43271422341955434,0.08477853584302715,0.009460789012666029,0.0030637770569902486,0.8466038342400709,0.3718425097259742,1.2428527299493999,0.05315673763788837,0.7774993038150932,0.032224282190588274,0.010916721748429498,0.00024758618925273273
RAFT-Stereo,dataset_7_keyframe_4,0.25,unwarped_previous_control,1961,12632773,9304350,7179649,0.4307815825344918,0.43271422341955434,0.0841604610043247,0.01022863309304516,0.003455694174326669,0.8319483374403438,0.38013595806760453,1.2557794789171384,0.5683351549180848,0.4721806038150333,0.519320425392424,0.25375431921628055,0.002727756482729783
RAFT-Stereo,dataset_7_keyframe_4,0.25,identity_no_flow_control,1961,12632773,9304350,7179649,0.4307815825344918,0.43271422341955434,0.0841604610043247,0.01022863309304516,0.003455694174326669,0.8319483374403438,0.38013595806760453,1.2557794789171384,0.5683351549180848,0.4721806038150333,0.519320425392424,0.25375431921628055,0.002727756482729783
RAFT-Stereo,dataset_7_keyframe_4,0.25,shuffled_memory_control,1961,12632773,9304350,7179649,0.4813166007873061,0.43271422341955434,0.09503052107996507,0.0175987488711176,0.007234595227364494,0.8692373640300064,0.4312734744797229,1.347192959853854,0.5683351549180848,0.4655478283130554,0.519320425392424,0.26922654457323725,0.010598695911101505
RAFT-Stereo,dataset_7_keyframe_4,0.5,raw,1913,3652263,2958311,0,0.3542341787471263,0.3542341787471263,0.06507472256289727,0.010291153773514675,0.0023599067277409445,0.5154949052924025,0.3048467454261318,0.8629452666207803,0.0,0.0,0.0,0.0,0.0
RAFT-Stereo,dataset_7_keyframe_4,0.5,aligned_memory,1913,3652263,2958311,1851771,0.3486042901399609,0.3542341787471263,0.0638615020302271,0.010018719938733212,0.002240802496974587,0.5059946662983289,0.29955194969924676,0.851028796504648,0.507020168043758,0.5316715727808676,0.4722941570375799,0.2221771139004655,0.0017122867192894708
RAFT-Stereo,dataset_7_keyframe_4,0.5,fixed_blend_50,1913,3652263,2958311,1851771,0.3476560045381039,0.3542341787471263,0.06376868288098017,0.009811177377261924,0.0021334717759609223,0.5061919502443692,0.29851704717232375,0.8480371510993777,0.507020168043758,0.5666764410934182,0.4722941570375799,0.20084433313468394,0.0006333107225479938
RAFT-Stereo,dataset_7_keyframe_4,0.5,oracle_raw_memory,1913,3652263,2958311,1009147,0.3125754814493926,0.3542341787471263,0.05685652993491875,0.00874553669866676,0.0018656925956213853,0.46185185688391056,0.2633427450665915,0.7952715956844866,0.27630731959883503,0.9756100944659202,0.2419099952641896,0.0,0.0
RAFT-Stereo,dataset_7_keyframe_4,0.5,learned_no_abstention,1913,3652263,2958311,60846,0.3513133244273177,0.3542341787471263,0.06421580296918655,0.009923710342907751,0.002222183897004147,0.5086571740643482,0.30186236047927545,0.8541836545932937,0.01665980790540002,0.7462117476908917,0.008323330440917131,0.003300869989666401,0.00019115801708246977
RAFT-Stereo,dataset_7_keyframe_4,0.5,learned_calibrated,1913,3652263,2958311,60824,0.3513209478954164,0.3542341787471263,0.0642147077629107,0.009925900765655962,0.002224648122697225,0.5086485887714348,0.3018762451078064,0.8541866492959335,0.016653784242810554,0.7463172431934763,0.008321302256591683,0.003298841805340953,0.00019083609122447969
RAFT-Stereo,dataset_7_keyframe_4,0.5,unwarped_previous_control,1913,3652263,2958311,1851771,0.35235193076903,0.3542341787471263,0.06381413406117019,0.010213393751238987,0.002334443061214152,0.5003390270996231,0.3031355216461569,0.8502129885973913,0.507020168043758,0.49497913078885025,0.4722941570375799,0.21846181824696592,0.002206483937618819
RAFT-Stereo,dataset_7_keyframe_4,0.5,identity_no_flow_control,1913,3652263,2958311,1851771,0.35235193076903,0.3542341787471263,0.06381413406117019,0.010213393751238987,0.002334443061214152,0.5003390270996231,0.3031355216461569,0.8502129885973913,0.507020168043758,0.49497913078885025,0.4722941570375799,0.21846181824696592,0.002206483937618819
RAFT-Stereo,dataset_7_keyframe_4,0.5,shuffled_memory_control,1913,3652263,2958311,1851771,0.4026485237958801,0.3542341787471263,0.07652570513819039,0.017869195216038667,0.00612962438130948,0.5349440919059917,0.3550162670102544,0.9299331673025085,0.507020168043758,0.462702461589473,0.4722941570375799,0.22909153229663817,0.010538838704476208
RAFT-Stereo,dataset_7_keyframe_4,0.9,raw,812,22877,18687,0,0.29837912952360246,0.29837912952360246,0.033920531919231015,0.0006556803867909366,0.000174848100712506,0.30163974393520593,0.28691735145280883,0.718862631531183,0.0,0.0,0.0,0.0,0.0
RAFT-Stereo,dataset_7_keyframe_4,0.9,aligned_memory,812,22877,18687,10488,0.2924946643174041,0.29837912952360246,0.03230318695706713,0.0009179525417678552,0.00034969620403045175,0.30471979031111335,0.27978641817075933,0.704852775463252,0.45845172006819074,0.5527269260106789,0.4303526515759619,0.19917589768288116,0.0003059841801550451
RAFT-Stereo,dataset_7_keyframe_4,0.9,fixed_blend_50,812,22877,18687,10488,0.2932879556137016,0.29837912952360246,0.032696595139377796,0.0006119683616128101,0.0002622721523714789,0.29790725104896865,0.2813155973590868,0.7059144824811664,0.45845172006819074,0.5827612509534706,0.4303526515759619,0.18146304917857334,0.0
RAFT-Stereo,dataset_7_keyframe_4,0.9,oracle_raw_memory,812,22877,18687,5912,0.26377940754635637,0.29837912952360246,0.02732001605834513,0.0006119683616128101,0.000174848100712506,0.2635103079709076,0.2523216344680081,0.6647552331293921,0.25842549285308386,0.9805480378890392,0.22438058543372397,0.0,0.0
RAFT-Stereo,dataset_7_keyframe_4,0.9,learned_no_abstention,812,22877,18687,159,0.2971991100895878,0.29837912952360246,0.033439699649029486,0.0006556803867909366,0.000174848100712506,0.3004752430549382,0.2858414746434612,0.7167208390817246,0.006950212003322114,0.8050314465408805,0.00299673569861401,0.0008026970621287526,0.0
RAFT-Stereo,dataset_7_keyframe_4,0.9,learned_calibrated,812,22877,18687,159,0.2971991100895878,0.29837912952360246,0.033439699649029486,0.0006556803867909366,0.000174848100712506,0.3004752430549382,0.2858414746434612,0.7167208390817246,0.006950212003322114,0.8050314465408805,0.00299673569861401,0.0008026970621287526,0.0
RAFT-Stereo,dataset_7_keyframe_4,0.9,unwarped_previous_control,812,22877,18687,10488,0.28756362514601863,0.29837912952360246,0.030816978078233585,0.0009616645669459817,0.00034969620403045175,0.3130627647978731,0.27449110364469764,0.6942954236937814,0.45845172006819074,0.5432875667429443,0.4303526515759619,0.18906191470005887,0.0003496962053331716
RAFT-Stereo,dataset_7_keyframe_4,0.9,identity_no_flow_control,812,22877,18687,10488,0.28756362514601863,0.29837912952360246,0.030816978078233585,0.0009616645669459817,0.00034969620403045175,0.3130627647978731,0.27449110364469764,0.6942954236937814,0.45845172006819074,0.5432875667429443,0.4303526515759619,0.18906191470005887,0.0003496962053331716
RAFT-Stereo,dataset_7_keyframe_4,0.9,shuffled_memory_control,812,22877,18687,10488,0.3174013656124348,0.29837912952360246,0.03842287050459889,0.00633824368197149,0.00297241763871248,0.3295113236106349,0.3059802358084429,0.7391296019147872,0.45845172006819074,0.5325133485888635,0.4303526515759619,0.17637930111842456,0.005769987347490886
StereoAnywhere,dataset_7_keyframe_4,0.05,raw,2058,19800036,13318467,0,0.4985682318733282,0.4985682318733282,0.12249694878071354,0.010815333818569013,0.002543530727105781,0.8583905707776384,0.43882390504244123,1.3680955440446403,0.0,0.0,0.0,0.0,0.0
StereoAnywhere,dataset_7_keyframe_4,0.05,aligned_memory,2058,19800036,13318467,11698958,0.4896510443691346,0.4985682318733282,0.11720054418031496,0.010729626888590282,0.002468985400569839,0.8476931078137788,0.42986732122121013,1.3535116158296994,0.5908553903639367,0.5347806189234973,0.5308216028166004,0.2729449267697251,0.0013025794541993497
StereoAnywhere,dataset_7_keyframe_4,0.05,fixed_blend_50,2058,19800036,13318467,11698958,0.49051400890669145,0.4985682318733282,0.11810523960838033,0.010605182715441572,0.002453833923994451,0.8496513228906042,0.43075483979181295,1.3488039373253793,0.5908553903639367,0.5602328002203273,0.5308216028166004,0.2508976446012893,0.0005484654604995511
StereoAnywhere,dataset_7_keyframe_4,0.05,oracle_raw_memory,2058,19800036,13318467,6349366,0.4417660622073321,0.4985682318733282,0.10195390526832822,0.00947291205115963,0.002198935389761804,0.7914885255973684,0.38397738940519754,1.263290174098652,0.3206744674605642,0.9853544432625242,0.2509535068863406,0.0,0.0
StereoAnywhere,dataset_7_keyframe_4,0.05,learned_no_abstention,2058,19800036,13318467,1814754,0.48854186843877934,0.4985682318733282,0.11710806954834152,0.010920889237343785,0.0024508036204640257,0.8462755317719435,0.429262134962268,1.3582398223396912,0.09165407578046827,0.7389293535101727,0.058092646848920376,0.02293694912485048,0.0005044101739364596
StereoAnywhere,dataset_7_keyframe_4,0.05,learned_calibrated,2058,19800036,13318467,1814706,0.4885488413091802,0.4985682318733282,0.1171095341844849,0.010922303375224353,0.002451965234617943,0.8462813286158938,0.42927075314268204,1.3582685462366058,0.09165165154245174,0.7389290606853121,0.05809234651405451,0.022936648789984613,0.0005041984257118736
StereoAnywhere,dataset_7_keyframe_4,0.05,unwarped_previous_control,2058,19800036,13318467,11698958,0.5005520586208142,0.4985682318733282,0.11947579269244489,0.011567857724256935,0.0028230756676318617,0.8508508921862186,0.43960049232348,1.372414352756876,0.5908553903639367,0.4714370288362434,0.5308216028166004,0.26631398343367896,0.0024949462997073605
StereoAnywhere,dataset_7_keyframe_4,0.05,identity_no_flow_control,2058,19800036,13318467,11698958,0.5005520586208142,0.4985682318733282,0.11947579269244489,0.011567857724256935,0.0028230756676318617,0.8508508921862186,0.43960049232348,1.372414352756876,0.5908553903639367,0.4714370288362434,0.5308216028166004,0.26631398343367896,0.0024949462997073605
StereoAnywhere,dataset_7_keyframe_4,0.05,shuffled_memory_control,2058,19800036,13318467,11698958,0.5608564496329974,0.4985682318733282,0.12917814862110158,0.01986622657181165,0.007569885241775055,0.9023836913715415,0.4996327932033282,1.5201389733813029,0.5908553903639367,0.47365235433788205,0.5308216028166004,0.28412984767691357,0.011321074920376316
StereoAnywhere,dataset_7_keyframe_4,0.25,raw,1961,12632773,9319282,0,0.4198229832050234,0.4198229832050234,0.08500801836178207,0.007618675637738871,0.0023066986122397166,0.8266084848006984,0.3698871806887306,1.1905022322577352,0.0,0.0,0.0,0.0,0.0
StereoAnywhere,dataset_7_keyframe_4,0.25,aligned_memory,1961,12632773,9319282,6999822,0.4121842870577845,0.4198229832050234,0.08150759916786723,0.007441596555192088,0.0022140032149444706,0.8160299786182909,0.36238740638183736,1.1739134979970514,0.5541001963701873,0.530935643792085,0.5065147722753749,0.2530168096640921,0.0007470934775196109
StereoAnywhere,dataset_7_keyframe_4,0.25,fixed_blend_50,1961,12632773,9319282,6999822,0.41296501824254783,0.4198229832050234,0.0820155637310525,0.007420698526934159,0.0022196235155576504,0.8183858239516859,0.3631298017470529,1.1715585322247921,0.5541001963701873,0.5586586344624191,0.5065147722753749,0.23243453733882075,0.00031473618972549674
StereoAnywhere,dataset_7_keyframe_4,0.25,oracle_raw_memory,1961,12632773,9319282,3782890,0.37236544012710393,0.4198229832050234,0.07155159052898635,0.006731142870334547,0.0019950489086810936,0.767476438986115,0.32413759312214285,1.1014989674329656,0.29945048486187476,0.9824380301832726,0.24641726690961815,0.0,0.0
StereoAnywhere,dataset_7_keyframe_4,0.25,learned_no_abstention,1961,12632773,9319282,825867,0.41110432979257006,0.4198229832050234,0.08182138630785896,0.0073779525805442525,0.002148934364991444,0.8148618863392941,0.36170611212059106,1.1684333484879634,0.06537495765973156,0.7582346794338556,0.04419986432431168,0.01529044834140656,0.0001326637601049544
StereoAnywhere,dataset_7_keyframe_4,0.25,learned_calibrated,1961,12632773,9319282,825836,0.4111153378961622,0.4198229832050234,0.08182344444986071,0.007380248196516889,0.002151071662996913,0.8148730428452068,0.3617186551498369,1.1684978188536612,0.0653725037250333,0.7582268150092755,0.044199757019907755,0.015290341037002636,0.0001326637601049544
StereoAnywhere,dataset_7_keyframe_4,0.25,unwarped_previous_control,1961,12632773,9319282,6999822,0.4170435684894029,0.4198229832050234,0.08037364397913896,0.007774144264019137,0.0024624047260092064,0.7937015975651852,0.36851308524608756,1.176791973823703,0.5541001963701873,0.4717561389418188,0.5065147722753749,0.24777230692235733,0.0014183529553735254
StereoAnywhere,dataset_7_keyframe_4,0.25,identity_no_flow_control,1961,12632773,9319282,6999822,0.4170435684894029,0.4198229832050234,0.08037364397913896,0.007774144264019137,0.0024624047260092064,0.7937015975651852,0.36851308524608756,1.176791973823703,0.5541001963701873,0.4717561389418188,0.5065147722753749,0.24777230692235733,0.0014183529553735254
StereoAnywhere,dataset_7_keyframe_4,0.25,shuffled_memory_control,1961,12632773,9319282,6999822,0.4686141699768475,0.4198229832050234,0.09164124118455319,0.015402952265493085,0.006556201028707534,0.8329502725743402,0.42078214866176494,1.270289726657371,0.5541001963701873,0.46695130247597727,0.5065147722753749,0.2633264021842026,0.009437461814133297
StereoAnywhere,dataset_7_keyframe_4,0.5,raw,1913,3652263,2975761,0,0.34462430133774535,0.34462430133774535,0.061046808730631945,0.008953079267427612,0.0017088035672418896,0.4928252739604945,0.299839956397243,0.8258149191408765,0.0,0.0,0.0,0.0,0.0
StereoAnywhere,dataset_7_keyframe_4,0.5,aligned_memory,1913,3652263,2975761,1752925,0.33958762751840127,0.34462430133774535,0.060029631134057196,0.00870665672702698,0.0016395314383033264,0.48460786419144286,0.2953169279858459,0.8170440662580452,0.4799558520292761,0.5353788667512871,0.44600658453417463,0.2077868484733821,0.0010474991633171685
StereoAnywhere,dataset_7_keyframe_4,0.5,fixed_blend_50,1913,3652263,2975761,1752925,0.3396994587981692,0.34462430133774535,0.06007042771444012,0.008717061201102008,0.0016165320060972704,0.48599567352719747,0.29510905965266615,0.8151291110718225,0.4799558520292761,0.567650070596289,0.44600658453417463,0.1890531531262087,0.0004485558005097885
StereoAnywhere,dataset_7_keyframe_4,0.5,oracle_raw_memory,1913,3652263,2975761,961037,0.3088433879955107,0.34462430133774535,0.05449114725405623,0.007990662261652605,0.00141117986874067,0.450783001708044,0.26409306515672604,0.772647392909471,0.26313466472704733,0.9765274385897733,0.23074870596126504,0.0,0.0
StereoAnywhere,dataset_7_keyframe_4,0.5,learned_no_abstention,1913,3652263,2975761,62472,0.3419523024463926,0.34462430133774535,0.060367230078109624,0.008543744024881537,0.0015486289007341923,0.48780599055949014,0.29712246679571175,0.820120889447538,0.01710501133133074,0.7472307593802023,0.009457412742488392,0.00364713429606746,3.7836009430768444e-05
StereoAnywhere,dataset_7_keyframe_4,0.5,learned_calibrated,1913,3652263,2975761,62469,0.3419563815921854,0.34462430133774535,0.060368051486179436,0.008544565433581704,0.0015494503091191805,0.4878078787608566,0.2971314420394924,0.8201446410557611,0.01710418992279581,0.7472186204357362,0.009457412742488392,0.00364713429606746,3.7836009430768444e-05
StereoAnywhere,dataset_7_keyframe_4,0.5,unwarped_previous_control,1913,3652263,2975761,1752925,0.3422329005730057,0.34462430133774535,0.05931281526433015,0.008891747425922485,0.0017101725732348826,0.4736545010070854,0.2981452439395832,0.8158004928918013,0.4799558520292761,0.49488654677182425,0.44600658453417463,0.20472947928277843,0.0015336703796911177
StereoAnywhere,dataset_7_keyframe_4,0.5,identity_no_flow_control,1913,3652263,2975761,1752925,0.3422329005730057,0.34462430133774535,0.05931281526433015,0.008891747425922485,0.0017101725732348826,0.4736545010070854,0.2981452439395832,0.8158004928918013,0.4799558520292761,0.49488654677182425,0.44600658453417463,0.20472947928277843,0.0015336703796911177
StereoAnywhere,dataset_7_keyframe_4,0.5,shuffled_memory_control,1913,3652263,2975761,1752925,0.39033349253294286,0.34462430133774535,0.0721089912344468,0.015520240627979706,0.004897785341534776,0.5058293520544717,0.3479290505921664,0.8978614220816863,0.4799558520292761,0.4645087496612804,0.44600658453417463,0.21685982173971632,0.008795488883198805
StereoAnywhere,dataset_7_keyframe_4,0.9,raw,812,22877,18549,0,0.3047199938184925,0.3047199938184925,0.03470734837337362,0.0010053765999404275,0.00013113607683709939,0.31270017048309107,0.29128961671710024,0.7211459954592264,0.0,0.0,0.0,0.0,0.0
StereoAnywhere,dataset_7_keyframe_4,0.9,aligned_memory,812,22877,18549,9350,0.2983124650333808,0.3047199938184925,0.03300257939865271,0.0010490886127427152,0.00017484810136386594,0.3125451354151787,0.28477197368834745,0.7124146844295038,0.4087074354154828,0.5645989304812834,0.36465577659173,0.16496846191169334,0.0005026882915025346
StereoAnywhere,dataset_7_keyframe_4,0.9,fixed_blend_50,812,22877,18549,9350,0.29998925986356206,0.3047199938184925,0.033264851481003,0.0008305284894575224,0.00017484810201522587,0.3112107479281502,0.2866246794517703,0.712570600148764,0.4087074354154828,0.5916577540106952,0.36465577659173,0.15273060542347297,0.00019670411525564907
StereoAnywhere,dataset_7_keyframe_4,0.9,oracle_raw_memory,812,22877,18549,5391,0.27298844397672484,0.3047199938184925,0.028194256601396357,0.0006119683616128101,8.7424050356253e-05,0.2867833030616501,0.25985848527997585,0.6743426654793906,0.23565152773527998,0.9792246336486737,0.1939727209013963,0.0,0.0
StereoAnywhere,dataset_7_keyframe_4,0.9,learned_no_abstention,812,22877,18549,120,0.30352343051470143,0.3047199938184925,0.033964243920593794,0.000830528494017042,8.7424050356253e-05,0.31005978062584616,0.29045523275129675,0.7203761102242419,0.00524544302137518,0.85,0.0012399590274408325,0.0004312900965011591,0.0
StereoAnywhere,dataset_7_keyframe_4,0.9,learned_calibrated,812,22877,18549,120,0.30352343051470143,0.3047199938184925,0.033964243920593794,0.000830528494017042,8.7424050356253e-05,0.31005978062584616,0.29045523275129675,0.7203761102242419,0.00524544302137518,0.85,0.0012399590274408325,0.0004312900965011591,0.0
StereoAnywhere,dataset_7_keyframe_4,0.9,unwarped_previous_control,812,22877,18549,9350,0.2925129510504948,0.3047199938184925,0.031079250247031547,0.001223936715409301,0.00034969620793861135,0.31773665979783877,0.27897420399452943,0.6974592598932458,0.4087074354154828,0.5551871657754011,0.36465577659173,0.15553399105073049,0.0006775363941691204
StereoAnywhere,dataset_7_keyframe_4,0.9,identity_no_flow_control,812,22877,18549,9350,0.2925129510504948,0.3047199938184925,0.031079250247031547,0.001223936715409301,0.00034969620793861135,0.31773665979783877,0.27897420399452943,0.6974592598932458,0.4087074354154828,0.5551871657754011,0.36465577659173,0.15553399105073049,0.0006775363941691204
StereoAnywhere,dataset_7_keyframe_4,0.9,shuffled_memory_control,812,22877,18549,9350,0.30709165869923993,0.3047199938184925,0.03645582927746169,0.0031035538207442085,0.0009616645567277728,0.32940904105774227,0.29391697558276014,0.7255194413918984,0.4087074354154828,0.5405347593582888,0.36465577659173,0.14998113105827807,0.0025571534995040275
