experiment,reference,frame,valid_px,mae_px,rmse_px,bad1_pct,bad2_pct,bad5_pct,depth_mae_mm,depth_rmse_mm,depth_bad1mm_pct,depth_bad2mm_pct,depth_bad5mm_pct
Experiment_2,Reference_CT,009,414720,1.4269593954086304,4.324604034423828,27.75655864197531,12.518325617283951,2.703028549382716,1.9651317596435547,4.292149543762207,36.96566358024692,17.78790509259259,10.48683449074074
Experiment_2,Reference_CT,010,414720,1.0287154912948608,2.104728937149048,33.411458333333336,5.931712962962963,1.9702449845679013,1.4408432245254517,2.8344614505767822,53.36636766975309,14.734037422839505,3.2204861111111107
Experiment_2,Reference_CT,011,414720,0.7812124490737915,1.4664950370788574,18.757716049382715,6.141251929012346,2.236207561728395,1.075298547744751,1.7107189893722534,35.53192515432099,11.361641589506172,2.8187692901234565
Experiment_2,Reference_CT,012,414720,0.6987817883491516,0.9530966281890869,21.486062885802472,5.511429398148148,0.0,1.0098676681518555,1.3568836450576782,39.675925925925924,10.8227237654321,0.5246913580246914
Experiment_2,Reference_CT,013,414720,1.431850552558899,1.8302336931228638,57.36231674382716,23.316936728395063,0.793065200617284,1.1133711338043213,1.5034416913986206,44.55078125,8.866222993827162,1.13233024691358
Experiment_2,Reference_CT,014,414720,3.3811123371124268,6.435426712036133,64.21320408950618,37.018229166666664,13.6938175154321,2.416780710220337,5.704979419708252,28.89178240740741,16.896942515432098,11.037808641975309
Experiment_2,Reference_CT,015,414720,0.9510939717292786,1.7677046060562134,28.096788194444443,7.737268518518518,2.169897762345679,1.4768859148025513,2.177772045135498,51.49377893518518,23.38155864197531,3.4264081790123453
Experiment_2,Reference_CT,016,414720,2.0472731590270996,3.4253947734832764,65.33878279320989,31.07228973765432,6.154513888888889,1.1658523082733154,2.377434015274048,29.234182098765434,11.50245949074074,3.139708719135802
