run,frames,valid_disp_depth_mae_mm,valid_disp_depth_rmse_mm,bad2mm_pct,median_depth_error_mm,p95_mm,p99_mm
val_zeroshot,5,1.0630835175514222,34.11339497566223,9.269442769923451,0.6096580505371094,2.5142228841781615,6.774713230133057
val_ft_step_000500,5,14.035116958618165,44.52893905639648,99.88616296997373,12.259727478027344,25.778792953491212,32.15899238586426
val_ft_step_001000,5,15.20337791442871,48.27449378967285,97.3905351689036,11.81496810913086,34.96493644714356,43.484223175048825
val_ft_step_001500,5,15.613383674621582,47.81463489532471,97.72241441864931,13.390465545654298,32.0790397644043,37.181281661987306
val_ft_step_001516,5,15.727821350097656,47.86624412536621,99.18543225127954,13.335498809814453,31.89967155456543,36.16507072448731
test_zeroshot,10,0.9879043459892273,2.8619078040122985,11.36989421111799,0.6951068878173828,2.55712171792984,5.944987750053405
test_ft_best_step_000500,10,12.20940465927124,13.531522274017334,99.9132525266745,11.143756103515624,21.348101806640624,27.117978668212892
