{
  "runtime_ms": [
    1001.3006930239499,
    65.89032802730799,
    65.3634900227189,
    65.41146093513817,
    65.39127102587372,
    65.75952598359436,
    65.05447602830827,
    64.94794401805848,
    65.4640420107171,
    65.23560802452266,
    65.48343296162784,
    64.96446498204023,
    65.31327997799963,
    65.25242899078876,
    65.38940989412367,
    64.9608849780634,
    65.8473779913038,
    65.17545797396451,
    65.02805592026561,
    64.70339104998857,
    64.97304502408952,
    65.28002908453345,
    65.10438700206578,
    65.0541459908709,
    64.89856401458383,
    65.4663520399481,
    64.9974049301818,
    65.25029905606061,
    65.5119230505079,
    64.99630503822118,
    64.89570299163461,
    64.63980895932764
  ],
  "mean_runtime_ms": 94.4689059688244
}
