sequence,model_name,avg_runtime_ms,median_runtime_ms,peak_gpu_memory_mb,valid_disp_mae,valid_disp_rmse,bad_1px,bad_2px,bad_3px,valid_depth_mae,valid_depth_median,valid_depth_rmse,bad_1mm,bad_2mm,bad_5mm,pred_disp_le_0_1_ratio,pred_disp_le_0_5_ratio,valid_pixel_ratio,mean_consecutive_disp_diff,mean_consecutive_depth_diff,per_pixel_temporal_std,temporal_error_variation,frames
gt5,S2M2-L@full,614.6512476028875,484.55071705393493,2898.03564453125,4.1445197582244875,13.035643005371094,29.57605351347167,15.467373159761348,13.316732911631927,2.7099709510803223,0.6541835784912109,7.310816097259521,32.20944379565482,18.98588823487129,11.323635909745605,0.0,0.0,0.8606396484375001,16.829230785369873,17.99833846092224,18.691320419311523,6.616171300411224,5
gt5,S2M2-L@736,192.62955419253558,181.56122008804232,1671.11669921875,4.170895004272461,13.03386287689209,31.194364562560043,15.833494053450275,13.419410538622675,2.742452597618103,0.6919387817382813,7.319535255432129,33.51566886179666,19.671981665136183,11.377898892943087,0.0,0.0,0.8606396484375001,16.848801136016846,18.020825624465942,18.70049476623535,6.619600296020508,5
gt5,S2M2-S@512,74.98099962249398,61.27652805298567,368.97509765625,4.277226305007934,13.038179874420166,37.76356624222422,18.009597523586947,13.79840152393177,2.865985608100891,0.8205574035644532,7.355463886260987,38.57618061790899,22.23434026895455,11.665231402791484,0.0,0.0,0.8606396484375001,16.882314443588257,18.084519386291504,18.725341796875,6.652126133441925,5
gt5,StereoAnyVideo@384x640,167.88569358177483,167.88569358177483,1748.20849609375,4.162423515319825,13.058021354675294,29.346422549942826,15.85967676391088,13.612433016719223,2.70895733833313,0.6353164672851562,7.319578361511231,32.08549233749183,18.812045039426756,11.332814399732303,0.0,0.0,0.8606396484375001,16.804892539978027,17.969769597053528,18.664350509643555,6.648091793060303,5
consecutive32,S2M2-L@full,486.4605023358308,485.15656107338145,2897.78564453125,,,,,,,,,,,,,,,8.62762366571734,,27.41498565673828,,32
consecutive32,S2M2-L@736,182.75157634707284,182.2073234943673,1671.11669921875,,,,,,,,,,,,,,,1.6737005326055712,,9.411334037780762,,32
consecutive32,S2M2-S@512,61.3337400391174,60.91255653882399,368.97509765625,,,,,,,,,,,,,,,1.2216604390451986,,8.38139533996582,,32
consecutive32,StereoAnyVideo@384x640,144.79540959291626,144.79540959291626,10133.61572265625,,,,,,,,,,,,,,,1.0213556866491995,,7.571755409240723,,32
