sequence,model_name,mean_consecutive_disp_diff,mean_consecutive_depth_diff,per_pixel_temporal_std,temporal_error_variation,frames
gt5,S2M2-L@full,16.829230785369873,17.99833846092224,18.691320419311523,6.616171300411224,5
gt5,S2M2-L@736,16.848801136016846,18.020825624465942,18.70049476623535,6.619600296020508,5
gt5,S2M2-S@512,16.882314443588257,18.084519386291504,18.725341796875,6.652126133441925,5
gt5,StereoAnyVideo@384x640,16.804892539978027,17.969769597053528,18.664350509643555,6.648091793060303,5
