frame_index,hidden_l1,hidden_l2,hidden_near_zero_fraction,hidden_saturated_fraction,local_feature_l2,mode,propagated_feature_l2,reliability_coverage,residual_l1,sequence_id,warped_hidden_l2
0,2.8591370582580566,4.467774391174316,3.611246938817203e-05,0.04066569358110428,25.26714515686035,full,4.467774391174316,0.8287597894668579,0.26156529784202576,dataset_4_keyframe_1,0.0
1,2.9330251216888428,4.677276611328125,6.434122769860551e-05,0.04089203104376793,25.87206268310547,full,4.677276611328125,0.785754382610321,0.2656407654285431,dataset_4_keyframe_1,4.353293418884277
2,2.8503053188323975,4.453182697296143,6.230672443052754e-05,0.03654022514820099,25.507959365844727,full,4.453182697296143,0.78857421875,0.24962182343006134,dataset_4_keyframe_1,4.5750579833984375
3,2.852743148803711,4.464407920837402,5.9763595345430076e-05,0.0378265418112278,25.046680450439453,full,4.464407920837402,0.797680675983429,0.2565571069717407,dataset_4_keyframe_1,4.345078468322754
4,2.937303304672241,4.626338958740234,5.594889444182627e-05,0.04094594717025757,25.831157684326172,full,4.626338958740234,0.773730456829071,0.26402637362480164,dataset_4_keyframe_1,4.366093158721924
5,2.898477077484131,4.535159111022949,6.815592496423051e-05,0.03777872771024704,25.82288360595703,full,4.535159111022949,0.7783447504043579,0.25667038559913635,dataset_4_keyframe_1,4.495701789855957
6,2.872300386428833,4.498599052429199,6.383260188158602e-05,0.03817596659064293,25.371803283691406,full,4.498599052429199,0.789355456829071,0.2579581141471863,dataset_4_keyframe_1,4.399248123168945
7,2.8360819816589355,4.456691265106201,7.171631295932457e-05,0.03698934242129326,25.128990173339844,full,4.456691265106201,0.7880615592002869,0.25438499450683594,dataset_4_keyframe_1,4.3668293952941895
8,2.7856428623199463,4.389072418212891,7.502238440793008e-05,0.035879772156476974,24.812294006347656,full,4.389072418212891,0.789355456829071,0.24939914047718048,dataset_4_keyframe_1,4.330180644989014
9,2.766407012939453,4.392923355102539,6.764729914721102e-05,0.035714469850063324,24.692779541015625,full,4.392923355102539,0.78717041015625,0.24810419976711273,dataset_4_keyframe_1,4.273383617401123
10,2.7136025428771973,4.311851501464844,6.739298987668008e-05,0.034343719482421875,24.368982315063477,full,4.311851501464844,0.7818359732627869,0.24230265617370605,dataset_4_keyframe_1,4.267003536224365
11,2.757620096206665,4.371969699859619,6.841024151071906e-05,0.03707275539636612,24.408428192138672,full,4.371969699859619,0.7763671875,0.25024399161338806,dataset_4_keyframe_1,4.1848602294921875
12,2.6202163696289062,4.139606952667236,8.290608820971102e-05,0.031556956470012665,23.716588973999023,full,4.139606952667236,0.772216796875,0.22845332324504852,dataset_4_keyframe_1,4.242852687835693
13,2.683278799057007,4.235651016235352,6.078084697946906e-05,0.035252638161182404,23.564411163330078,full,4.235651016235352,0.766613781452179,0.24425680935382843,dataset_4_keyframe_1,4.051877498626709
14,2.7309420108795166,4.2955098152160645,6.4849853515625e-05,0.03553975746035576,24.03987693786621,full,4.2955098152160645,0.772595226764679,0.24777212738990784,dataset_4_keyframe_1,4.121379375457764
15,2.7014381885528564,4.253584861755371,7.858276512706652e-05,0.03306783363223076,24.044334411621094,full,4.253584861755371,0.773181140422821,0.24116705358028412,dataset_4_keyframe_1,4.195353984832764
16,2.650343894958496,4.175743579864502,6.408691842807457e-05,0.03243153914809227,23.597675323486328,full,4.175743579864502,0.7690796256065369,0.23672877252101898,dataset_4_keyframe_1,4.152010917663574
17,2.7445850372314453,4.331302642822266,5.925496589043178e-05,0.03717092052102089,23.980621337890625,full,4.331302642822266,0.7697510123252869,0.251842737197876,dataset_4_keyframe_1,4.064503192901611
18,2.76065731048584,4.350067615509033,6.790161569369957e-05,0.035635124891996384,24.443117141723633,full,4.350067615509033,0.766345202922821,0.2492717057466507,dataset_4_keyframe_1,4.209475517272949
19,2.718289852142334,4.280059337615967,5.366007826523855e-05,0.03349050134420395,24.182233810424805,full,4.280059337615967,0.7660278677940369,0.2431277334690094,dataset_4_keyframe_1,4.232772350311279
20,2.757038116455078,4.33651876449585,6.230672443052754e-05,0.036850232630968094,24.196929931640625,full,4.33651876449585,0.7681884765625,0.2501834034919739,dataset_4_keyframe_1,4.180063247680664
21,2.6625804901123047,4.190996170043945,5.8746340073412284e-05,0.030374910682439804,23.814985275268555,full,4.190996170043945,0.7633423209190369,0.2349366992712021,dataset_4_keyframe_1,4.227851390838623
22,2.70829176902771,4.282171249389648,5.6711836805334315e-05,0.036178335547447205,23.848119735717773,full,4.282171249389648,0.761120617389679,0.24620421230793,dataset_4_keyframe_1,4.083032608032227
23,2.712820529937744,4.283809661865234,6.434122769860551e-05,0.03458353877067566,24.08867835998535,full,4.283809661865234,0.761584460735321,0.24421007931232452,dataset_4_keyframe_1,4.161959171295166
24,2.5671887397766113,4.062353610992432,7.324219041038305e-05,0.02887217327952385,23.252954483032227,full,4.062353610992432,0.756787121295929,0.22386693954467773,dataset_4_keyframe_1,4.1638641357421875
25,2.6112353801727295,4.142683982849121,7.197062222985551e-05,0.03418884426355362,22.985435485839844,full,4.142683982849121,0.75225830078125,0.23783552646636963,dataset_4_keyframe_1,3.949857234954834
26,2.59035062789917,4.114808559417725,7.476806786144152e-05,0.032062530517578125,23.15618324279785,full,4.114808559417725,0.748291015625,0.23245029151439667,dataset_4_keyframe_1,4.023719787597656
27,2.5633296966552734,4.095788955688477,7.68025784054771e-05,0.03132782131433487,23.07515525817871,full,4.095788955688477,0.738110363483429,0.22873730957508087,dataset_4_keyframe_1,4.008311748504639
28,2.514843225479126,4.03616189956665,7.553101022494957e-05,0.03060862421989441,22.75133514404297,full,4.03616189956665,0.7337402701377869,0.2249002307653427,dataset_4_keyframe_1,3.978520393371582
29,2.4737966060638428,3.975273847579956,8.239746239269152e-05,0.0301615409553051,22.375303268432617,full,3.975273847579956,0.71832275390625,0.22124002873897552,dataset_4_keyframe_1,3.9103622436523438
30,2.376077651977539,3.834674596786499,8.341472130268812e-05,0.026312511414289474,21.758739471435547,full,3.834674596786499,0.71356201171875,0.2096756547689438,dataset_4_keyframe_1,3.871363639831543
31,2.3675644397735596,3.82973313331604,8.010864985408261e-05,0.02959747426211834,21.39493179321289,full,3.82973313331604,0.7115234732627869,0.21439795196056366,dataset_4_keyframe_1,3.735274314880371
32,2.418360948562622,3.9274191856384277,7.756551349302754e-05,0.030481722205877304,21.849533081054688,full,3.9274191856384277,0.708935558795929,0.21983754634857178,dataset_4_keyframe_1,3.7124953269958496
33,2.331991672515869,3.7958474159240723,8.951823110692203e-05,0.025734202936291695,21.597328186035156,full,3.7958474159240723,0.6987671256065369,0.20411041378974915,dataset_4_keyframe_1,3.8224833011627197
34,2.3319308757781982,3.8201398849487305,9.053549001691863e-05,0.02879028394818306,21.333215713500977,full,3.8201398849487305,0.6888183951377869,0.21015827357769012,dataset_4_keyframe_1,3.6897165775299072
35,2.3298487663269043,3.7859911918640137,7.756551349302754e-05,0.02719981037080288,21.260244369506836,full,3.7859911918640137,0.656726062297821,0.20320717990398407,dataset_4_keyframe_1,3.7126553058624268
36,2.3477978706359863,3.8004181385040283,9.841919381869957e-05,0.02843272127211094,21.33245086669922,full,3.8004181385040283,0.684814453125,0.21023204922676086,dataset_4_keyframe_1,3.6600310802459717
37,2.320464611053467,3.7417049407958984,0.00013910929556004703,0.025363415479660034,21.20803451538086,full,3.7417049407958984,0.694287121295929,0.20412932336330414,dataset_4_keyframe_1,3.7043075561523438
38,2.3210699558258057,3.738862991333008,0.00012054444232489914,0.026215871796011925,21.02272605895996,full,3.738862991333008,0.7087646722793579,0.2074572592973709,dataset_4_keyframe_1,3.6490366458892822
39,2.4078595638275146,3.8541438579559326,9.841919381869957e-05,0.029973603785037994,21.440324783325195,full,3.8541438579559326,0.717846691608429,0.21848750114440918,dataset_4_keyframe_1,3.6441404819488525
40,2.581657648086548,4.108984470367432,7.909139094408602e-05,0.03410441428422928,22.654346466064453,full,4.108984470367432,0.709216296672821,0.2360960990190506,dataset_4_keyframe_1,3.7600231170654297
41,2.5720231533050537,4.080333709716797,8.773804438533261e-05,0.030984753742814064,23.027978897094727,full,4.080333709716797,0.7295776605606079,0.22892282903194427,dataset_4_keyframe_1,3.9869606494903564
42,2.581364154815674,4.087998867034912,8.188883657567203e-05,0.03179982677102089,22.956859588623047,full,4.087998867034912,0.7250610589981079,0.22936783730983734,dataset_4_keyframe_1,3.980889320373535
43,2.623532295227051,4.148312091827393,5.645752389682457e-05,0.03288930281996727,23.16645622253418,full,4.148312091827393,0.734728991985321,0.235787495970726,dataset_4_keyframe_1,3.977548599243164
44,2.607224225997925,4.113497734069824,6.357829261105508e-05,0.03085530735552311,23.221757888793945,full,4.113497734069824,0.7444092035293579,0.23074565827846527,dataset_4_keyframe_1,4.041014671325684
45,2.6000189781188965,4.096987724304199,7.400513277389109e-05,0.032030489295721054,23.058778762817383,full,4.096987724304199,0.75274658203125,0.23196978867053986,dataset_4_keyframe_1,3.9954771995544434
46,2.6824347972869873,4.214149475097656,6.0526534070959315e-05,0.0351664237678051,23.481761932373047,full,4.214149475097656,0.755383312702179,0.2422161102294922,dataset_4_keyframe_1,3.992546796798706
47,2.7095537185668945,4.2525177001953125,6.790161569369957e-05,0.03373820334672928,23.929929733276367,full,4.2525177001953125,0.7609009146690369,0.24111035466194153,dataset_4_keyframe_1,4.11868953704834
48,2.740402936935425,4.299217700958252,5.4931642807787284e-05,0.03497009351849556,24.126604080200195,full,4.299217700958252,0.763427734375,0.24531801044940948,dataset_4_keyframe_1,4.131361961364746
49,2.8121933937072754,4.406402587890625,5.315145244821906e-05,0.036578115075826645,24.684085845947266,full,4.406402587890625,0.756787121295929,0.25198692083358765,dataset_4_keyframe_1,4.204617500305176
50,2.838475227355957,4.459021091461182,4.4759115553461015e-05,0.03784077987074852,25.059368133544922,full,4.459021091461182,0.7711181640625,0.2539657950401306,dataset_4_keyframe_1,4.278626918792725
51,2.7927451133728027,4.373917102813721,5.569458153331652e-05,0.03549906611442566,24.84632682800293,full,4.373917102813721,0.7670532464981079,0.24636374413967133,dataset_4_keyframe_1,4.344248294830322
52,2.7306108474731445,4.268594741821289,6.306966679403558e-05,0.034057874232530594,24.223939895629883,full,4.268594741821289,0.7733398675918579,0.24203768372535706,dataset_4_keyframe_1,4.251223087310791
53,2.7264671325683594,4.264520168304443,7.069906132528558e-05,0.034683991223573685,24.01292610168457,full,4.264520168304443,0.773669421672821,0.24434137344360352,dataset_4_keyframe_1,4.156100273132324
54,2.753713846206665,4.31666374206543,5.747477553086355e-05,0.03625030815601349,24.242971420288086,full,4.31666374206543,0.777209460735321,0.24805139005184174,dataset_4_keyframe_1,4.152353286743164
55,2.6995134353637695,4.232943058013916,8.188883657567203e-05,0.03222707286477089,24.05035400390625,full,4.232943058013916,0.7775635123252869,0.2387472242116928,dataset_4_keyframe_1,4.203216552734375
56,3.0364885330200195,4.756102085113525,3.941854083677754e-05,0.044743094593286514,25.762805938720703,full,4.756102085113525,0.758068859577179,0.2857186496257782,dataset_4_keyframe_1,4.1280317306518555
57,2.9546988010406494,4.6016764640808105,4.781087409355678e-05,0.03578440472483635,26.387157440185547,full,4.6016764640808105,0.7906250357627869,0.25773316621780396,dataset_4_keyframe_1,4.667377948760986
58,2.910133123397827,4.545199394226074,5.849202716490254e-05,0.037880707532167435,25.717092514038086,full,4.545199394226074,0.7923218011856079,0.25900131464004517,dataset_4_keyframe_1,4.505212783813477
59,2.9069697856903076,4.5325822830200195,5.7983401347883046e-05,0.0390472449362278,25.521587371826172,full,4.5325822830200195,0.793652355670929,0.2605656683444977,dataset_4_keyframe_1,4.446389198303223
60,2.900689125061035,4.517877101898193,8.290608820971102e-05,0.0379892997443676,25.55864715576172,full,4.517877101898193,0.7801147699356079,0.2569378912448883,dataset_4_keyframe_1,4.462631702423096
61,2.8686723709106445,4.473215579986572,8.087158494163305e-05,0.037942253053188324,25.27450942993164,full,4.473215579986572,0.782910168170929,0.2558984160423279,dataset_4_keyframe_1,4.394075870513916
62,2.955767869949341,4.632052421569824,6.891886732773855e-05,0.04078623652458191,25.777793884277344,full,4.632052421569824,0.788330078125,0.2681468725204468,dataset_4_keyframe_1,4.363300800323486
63,2.9812493324279785,4.660608768463135,6.179809861350805e-05,0.040089674293994904,26.207157135009766,full,4.660608768463135,0.7902588248252869,0.2685512602329254,dataset_4_keyframe_1,4.5077362060546875
64,3.0523436069488525,4.772160053253174,5.467732989927754e-05,0.042941540479660034,26.61320686340332,full,4.772160053253174,0.787365734577179,0.27717089653015137,dataset_4_keyframe_1,4.533502578735352
65,3.076315402984619,4.8253493309021,5.264282663119957e-05,0.04285329580307007,27.033281326293945,full,4.8253493309021,0.779431164264679,0.276918888092041,dataset_4_keyframe_1,4.631105422973633
66,3.02169132232666,4.73286247253418,6.357829261105508e-05,0.03986664116382599,26.903331756591797,full,4.73286247253418,0.786486804485321,0.26751208305358887,dataset_4_keyframe_1,4.709011077880859
67,2.9809751510620117,4.672512054443359,7.705688767600805e-05,0.03999176248908043,26.434226989746094,full,4.672512054443359,0.7961181998252869,0.2658274173736572,dataset_4_keyframe_1,4.617359638214111
68,2.98443865776062,4.669759750366211,6.612142169615254e-05,0.040146131068468094,26.30807876586914,full,4.669759750366211,0.8007446527481079,0.2680639922618866,dataset_4_keyframe_1,4.57186222076416
69,3.019920587539673,4.728497505187988,5.849202716490254e-05,0.041401419788599014,26.537349700927734,full,4.728497505187988,0.8003296256065369,0.2725636661052704,dataset_4_keyframe_1,4.560022354125977
70,2.954594373703003,4.611827850341797,7.527669367846102e-05,0.038487501442432404,26.240407943725586,full,4.611827850341797,0.799609363079071,0.261456161737442,dataset_4_keyframe_1,4.613494396209717
71,2.9810049533843994,4.682929992675781,6.58671124256216e-05,0.04092102125287056,26.20857810974121,full,4.682929992675781,0.8002685904502869,0.2691633403301239,dataset_4_keyframe_1,4.500950336456299
72,3.0038840770721436,4.700758457183838,6.713867333019152e-05,0.04120229184627533,26.464988708496094,full,4.700758457183838,0.7978149652481079,0.26992708444595337,dataset_4_keyframe_1,4.572640895843506
73,2.9730517864227295,4.645629405975342,7.425944204442203e-05,0.03963826596736908,26.269790649414062,full,4.645629405975342,0.7970337271690369,0.26536354422569275,dataset_4_keyframe_1,4.590230464935303
74,2.8557844161987305,4.4730658531188965,7.451375859091058e-05,0.034888461232185364,25.488773345947266,full,4.4730658531188965,0.79754638671875,0.25061866641044617,dataset_4_keyframe_1,4.537847518920898
75,2.8451595306396484,4.449695110321045,6.0526534070959315e-05,0.03841451182961464,25.010053634643555,full,4.449695110321045,0.79620361328125,0.25603818893432617,dataset_4_keyframe_1,4.364293098449707
76,2.951507806777954,4.731396198272705,7.197062222985551e-05,0.040796153247356415,26.09749984741211,full,4.731396198272705,0.7975830435752869,0.26784926652908325,dataset_4_keyframe_1,4.341361045837402
77,2.9254097938537598,4.6695942878723145,7.29878811398521e-05,0.041043348610401154,26.549962997436523,full,4.6695942878723145,0.79656982421875,0.2601592540740967,dataset_4_keyframe_1,4.609580993652344
78,3.02844500541687,4.850515365600586,5.2388510084711015e-05,0.044516246765851974,27.01141357421875,full,4.850515365600586,0.795947253704071,0.2761593461036682,dataset_4_keyframe_1,4.551663875579834
79,2.9019410610198975,4.653332710266113,7.807413931004703e-05,0.037077080458402634,26.625858306884766,full,4.653332710266113,0.790478527545929,0.253092497587204,dataset_4_keyframe_1,4.733176231384277
80,2.7200546264648438,4.356529712677002,8.672078547533602e-05,0.033774059265851974,25.04469108581543,full,4.356529712677002,0.7959961295127869,0.2364749163389206,dataset_4_keyframe_1,4.536652565002441
81,2.6736879348754883,4.263535022735596,6.891886732773855e-05,0.03546397015452385,24.052595138549805,full,4.263535022735596,0.796582043170929,0.24049334228038788,dataset_4_keyframe_1,4.2539143562316895
82,2.6670548915863037,4.216576099395752,7.578531949548051e-05,0.035493217408657074,23.803773880004883,full,4.216576099395752,0.7943969964981079,0.23973043262958527,dataset_4_keyframe_1,4.163981914520264
83,2.6936047077178955,4.3684000968933105,8.697510202182457e-05,0.03543243557214737,24.33235740661621,full,4.3684000968933105,0.792431652545929,0.24155807495117188,dataset_4_keyframe_1,4.123568058013916
84,2.693652391433716,4.254856109619141,9.435018728254363e-05,0.035746004432439804,24.155508041381836,full,4.254856109619141,0.791674792766571,0.24088099598884583,dataset_4_keyframe_1,4.264124393463135
85,2.6987688541412354,4.304618835449219,7.781983003951609e-05,0.034223176538944244,24.04347038269043,full,4.304618835449219,0.790173351764679,0.24286702275276184,dataset_4_keyframe_1,4.162326335906982
86,2.604689359664917,4.099273681640625,8.850097947288305e-05,0.031777702271938324,23.426233291625977,full,4.099273681640625,0.7890259027481079,0.22912970185279846,dataset_4_keyframe_1,4.213287353515625
87,2.632636070251465,4.147398948669434,9.943644545273855e-05,0.034129079431295395,23.151098251342773,full,4.147398948669434,0.786853015422821,0.23904283344745636,dataset_4_keyframe_1,4.007686614990234
88,2.6801044940948486,4.202842712402344,7.629395258845761e-05,0.03591868281364441,23.532230377197266,full,4.202842712402344,0.785290539264679,0.24303407967090607,dataset_4_keyframe_1,4.054093837738037
89,2.567676067352295,4.044992446899414,9.078979928744957e-05,0.030531058087944984,23.058298110961914,full,4.044992446899414,0.782958984375,0.22499290108680725,dataset_4_keyframe_1,4.0982232093811035
90,2.5554592609405518,4.040535926818848,7.247925532283261e-05,0.03251902386546135,22.6763858795166,full,4.040535926818848,0.7818359732627869,0.23110432922840118,dataset_4_keyframe_1,3.9508588314056396
91,2.555968761444092,4.04069185256958,8.697510202182457e-05,0.03243815153837204,22.695192337036133,full,4.04069185256958,0.7786011099815369,0.23085717856884003,dataset_4_keyframe_1,3.94158673286438
92,2.5080301761627197,3.9647114276885986,8.138021075865254e-05,0.030040234327316284,22.491092681884766,full,3.9647114276885986,0.779345691204071,0.22397108376026154,dataset_4_keyframe_1,3.945472240447998
93,2.507680892944336,3.9694435596466064,0.00010045369708677754,0.031332146376371384,22.26032829284668,full,3.9694435596466064,0.7665649652481079,0.22640953958034515,dataset_4_keyframe_1,3.8698465824127197
94,2.5001795291900635,3.972752332687378,9.63846905506216e-05,0.030844880267977715,22.33164405822754,full,3.972752332687378,0.7745727896690369,0.22550590336322784,dataset_4_keyframe_1,3.8799586296081543
95,2.4867045879364014,3.94822096824646,9.028117347043008e-05,0.03123220056295395,22.241106033325195,full,3.94822096824646,0.772143542766571,0.22423143684864044,dataset_4_keyframe_1,3.8793039321899414
96,2.535005807876587,4.014963626861572,8.799235365586355e-05,0.032894134521484375,22.420391082763672,full,4.014963626861572,0.770739734172821,0.231181338429451,dataset_4_keyframe_1,3.859633684158325
97,2.4555985927581787,3.9061362743377686,9.562174818711355e-05,0.02871755138039589,22.184688568115234,full,3.9061362743377686,0.768298327922821,0.21735124289989471,dataset_4_keyframe_1,3.9298529624938965
98,2.4636659622192383,3.915156126022339,9.435018728254363e-05,0.03053283877670765,21.94495964050293,full,3.915156126022339,0.7645630240440369,0.22318656742572784,dataset_4_keyframe_1,3.829226016998291
99,2.435767650604248,3.862135887145996,9.485881309956312e-05,0.029320526868104935,21.7904109954834,full,3.862135887145996,0.7674804925918579,0.21864008903503418,dataset_4_keyframe_1,3.8333675861358643
100,2.4516348838806152,3.890698194503784,9.384155418956652e-05,0.029977673664689064,21.80632972717285,full,3.890698194503784,0.7640137076377869,0.22226186096668243,dataset_4_keyframe_1,3.7764759063720703
101,2.442770004272461,3.8786749839782715,0.00010172526526730508,0.02947642095386982,21.838836669921875,full,3.8786749839782715,0.7645019888877869,0.22037778794765472,dataset_4_keyframe_1,3.7976584434509277
102,2.462218761444092,3.9092652797698975,9.562174818711355e-05,0.030432384461164474,21.969743728637695,full,3.9092652797698975,0.767346203327179,0.22277724742889404,dataset_4_keyframe_1,3.798879861831665
103,2.474256992340088,3.931874990463257,9.409587073605508e-05,0.03052113950252533,22.09991455078125,full,3.931874990463257,0.761059582233429,0.2237311452627182,dataset_4_keyframe_1,3.824610710144043
104,2.4784157276153564,3.9421119689941406,8.544922457076609e-05,0.030256908386945724,22.18682098388672,full,3.9421119689941406,0.7649170160293579,0.22428683936595917,dataset_4_keyframe_1,3.8410274982452393
105,2.4493277072906494,3.9057326316833496,0.00010503133671591058,0.028856152668595314,22.066701889038086,full,3.9057326316833496,0.7655029296875,0.22018757462501526,dataset_4_keyframe_1,3.8513970375061035
106,2.479572057723999,3.9482028484344482,8.722941856831312e-05,0.03128967434167862,22.13494300842285,full,3.9482028484344482,0.76617431640625,0.2259591668844223,dataset_4_keyframe_1,3.814457893371582
107,2.5551042556762695,4.056717872619629,7.069906132528558e-05,0.03303172066807747,22.59592056274414,full,4.056717872619629,0.758801281452179,0.2339368611574173,dataset_4_keyframe_1,3.8507864475250244
108,2.578967332839966,4.0908522605896,8.850097947288305e-05,0.032133739441633224,22.963443756103516,full,4.0908522605896,0.750195324420929,0.2327222377061844,dataset_4_keyframe_1,3.9736785888671875
109,2.53909969329834,4.03986930847168,8.366903057321906e-05,0.031144462525844574,22.801095962524414,full,4.03986930847168,0.7562622427940369,0.22762909531593323,dataset_4_keyframe_1,4.003415584564209
110,2.5501554012298584,4.050408840179443,8.316040475619957e-05,0.03259481117129326,22.71880340576172,full,4.050408840179443,0.76190185546875,0.23137600719928741,dataset_4_keyframe_1,3.9503135681152344
111,2.4644951820373535,3.923024892807007,7.476806786144152e-05,0.02893676981329918,22.30164909362793,full,3.923024892807007,0.764050304889679,0.21874801814556122,dataset_4_keyframe_1,3.9590747356414795
112,2.455012083053589,3.9123289585113525,8.519490802427754e-05,0.030147045850753784,21.988727569580078,full,3.9123289585113525,0.765454113483429,0.22282595932483673,dataset_4_keyframe_1,3.835574150085449
113,2.4620282649993896,3.91233229637146,8.544922457076609e-05,0.029743196442723274,22.003215789794922,full,3.91233229637146,0.7646728754043579,0.22311542928218842,dataset_4_keyframe_1,3.8258979320526123
114,2.467036247253418,3.921818733215332,8.722941856831312e-05,0.03030649945139885,22.03407859802246,full,3.921818733215332,0.7565063834190369,0.22340349853038788,dataset_4_keyframe_1,3.826617956161499
115,2.468977928161621,3.9226338863372803,0.0001035054592648521,0.03008321300148964,22.05497932434082,full,3.9226338863372803,0.761096179485321,0.22290003299713135,dataset_4_keyframe_1,3.82959246635437
116,2.5136353969573975,3.9845173358917236,7.73112042224966e-05,0.031689200550317764,22.269624710083008,full,3.9845173358917236,0.764599621295929,0.22963228821754456,dataset_4_keyframe_1,3.8220374584198
117,2.541245698928833,4.012606143951416,8.799235365586355e-05,0.031832125037908554,22.528478622436523,full,4.012606143951416,0.7684082388877869,0.23081961274147034,dataset_4_keyframe_1,3.887862205505371
118,2.5408318042755127,4.011360168457031,8.621215965831652e-05,0.031251780688762665,22.597681045532227,full,4.011360168457031,0.780139148235321,0.23006577789783478,dataset_4_keyframe_1,3.912531852722168
119,2.617445468902588,4.120072364807129,7.34965069568716e-05,0.033685050904750824,22.965192794799805,full,4.120072364807129,0.7774414420127869,0.23999737203121185,dataset_4_keyframe_1,3.912874698638916
120,2.5146608352661133,3.9782943725585938,7.73112042224966e-05,0.028917187824845314,22.68802261352539,full,3.9782943725585938,0.777636706829071,0.22119641304016113,dataset_4_keyframe_1,4.015501976013184
121,2.5404393672943115,4.013427734375,8.82466702023521e-05,0.03210551291704178,22.50117301940918,full,4.013427734375,0.777539074420929,0.2315611094236374,dataset_4_keyframe_1,3.8841466903686523
122,2.542004346847534,4.01552152633667,8.722941856831312e-05,0.031708527356386185,22.646663665771484,full,4.01552152633667,0.777417004108429,0.22924800217151642,dataset_4_keyframe_1,3.915189266204834
123,2.542144298553467,4.019260883331299,9.485881309956312e-05,0.030967459082603455,22.6782283782959,full,4.019260883331299,0.774218738079071,0.2287263423204422,dataset_4_keyframe_1,3.916874408721924
124,2.5778074264526367,4.082466125488281,9.511312237009406e-05,0.032560478895902634,22.92288589477539,full,4.082466125488281,0.7698120474815369,0.23222601413726807,dataset_4_keyframe_1,3.928330421447754
125,2.6022844314575195,4.116953372955322,9.155274165095761e-05,0.033109795302152634,23.187841415405273,full,4.116953372955322,0.778564453125,0.23443551361560822,dataset_4_keyframe_1,3.9972925186157227
126,2.6266984939575195,4.158351421356201,9.20613674679771e-05,0.033996839076280594,23.353330612182617,full,4.158351421356201,0.7855224609375,0.2375241070985794,dataset_4_keyframe_1,4.003086566925049
127,2.647080183029175,4.184566974639893,0.00010121663945028558,0.03391062468290329,23.52598762512207,full,4.184566974639893,0.776611328125,0.23794975876808167,dataset_4_keyframe_1,4.054837226867676
0,2.8591370582580566,4.467774391174316,3.611246938817203e-05,0.04066569358110428,25.26714515686035,zero_state,4.467774391174316,0.8287597894668579,0.26156529784202576,dataset_4_keyframe_1,0.0
1,2.9540183544158936,4.6476311683654785,3.356933666509576e-05,0.043555453419685364,25.87206268310547,zero_state,4.6476311683654785,0.785754382610321,0.27469801902770996,dataset_4_keyframe_1,0.0
2,2.8848090171813965,4.4516987800598145,2.975463939947076e-05,0.039902497082948685,25.507959365844727,zero_state,4.4516987800598145,0.78857421875,0.2612343430519104,dataset_4_keyframe_1,0.0
3,2.874920129776001,4.43881893157959,4.0944418287836015e-05,0.040007274597883224,25.046680450439453,zero_state,4.43881893157959,0.797680675983429,0.26459982991218567,dataset_4_keyframe_1,0.0
4,2.9676270484924316,4.626064300537109,4.9082442274084315e-05,0.04247640073299408,25.831157684326172,zero_state,4.626064300537109,0.773730456829071,0.2741255462169647,dataset_4_keyframe_1,0.0
5,2.935250997543335,4.5406107902526855,3.8909915019758046e-05,0.040629833936691284,25.82288360595703,zero_state,4.5406107902526855,0.7783447504043579,0.26823222637176514,dataset_4_keyframe_1,0.0
6,2.9008867740631104,4.48178768157959,3.280639793956652e-05,0.040235139429569244,25.371803283691406,zero_state,4.48178768157959,0.789355456829071,0.26709210872650146,dataset_4_keyframe_1,0.0
7,2.866220235824585,4.448336124420166,3.280639793956652e-05,0.04000473394989967,25.128990173339844,zero_state,4.448336124420166,0.7880615592002869,0.26386556029319763,dataset_4_keyframe_1,0.0
8,2.8145527839660645,4.379031658172607,3.48409048456233e-05,0.03943532332777977,24.812294006347656,zero_state,4.379031658172607,0.789355456829071,0.25878435373306274,dataset_4_keyframe_1,0.0
9,2.7933402061462402,4.38114070892334,4.3487551010912284e-05,0.038897961378097534,24.692779541015625,zero_state,4.38114070892334,0.78717041015625,0.25707802176475525,dataset_4_keyframe_1,0.0
10,2.7413010597229004,4.302393913269043,3.941854083677754e-05,0.037802379578351974,24.368982315063477,zero_state,4.302393913269043,0.7818359732627869,0.2514968812465668,dataset_4_keyframe_1,0.0
11,2.782594919204712,4.359667778015137,4.781087409355678e-05,0.0395304374396801,24.408428192138672,zero_state,4.359667778015137,0.7763671875,0.2589905560016632,dataset_4_keyframe_1,0.0
12,2.651472568511963,4.126877784729004,3.000895412696991e-05,0.03516795113682747,23.716588973999023,zero_state,4.126877784729004,0.772216796875,0.2395581305027008,dataset_4_keyframe_1,0.0
13,2.7015433311462402,4.211312770843506,4.603068373398855e-05,0.038058217614889145,23.564411163330078,zero_state,4.211312770843506,0.766613781452179,0.25112494826316833,dataset_4_keyframe_1,0.0
14,2.765350580215454,4.305459499359131,5.366007826523855e-05,0.03892161324620247,24.03987693786621,zero_state,4.305459499359131,0.772595226764679,0.25797396898269653,dataset_4_keyframe_1,0.0
15,2.7343831062316895,4.250280857086182,3.738403393072076e-05,0.03780365362763405,24.044334411621094,zero_state,4.250280857086182,0.773181140422821,0.2509591579437256,dataset_4_keyframe_1,0.0
16,2.676863670349121,4.161103248596191,4.043579247081652e-05,0.036233268678188324,23.597675323486328,zero_state,4.161103248596191,0.7690796256065369,0.24502205848693848,dataset_4_keyframe_1,0.0
17,2.7720859050750732,4.32610559463501,5.264282663119957e-05,0.03945210948586464,23.980621337890625,zero_state,4.32610559463501,0.7697510123252869,0.2599114179611206,dataset_4_keyframe_1,0.0
18,2.800701141357422,4.3651041984558105,5.442301699076779e-05,0.038881685584783554,24.443117141723633,zero_state,4.3651041984558105,0.766345202922821,0.25989967584609985,dataset_4_keyframe_1,0.0
19,2.750464916229248,4.273322582244873,4.323323810240254e-05,0.037823744118213654,24.182233810424805,zero_state,4.273322582244873,0.7660278677940369,0.2523285448551178,dataset_4_keyframe_1,0.0
20,2.7825615406036377,4.325128555297852,4.9082442274084315e-05,0.03823598474264145,24.196929931640625,zero_state,4.325128555297852,0.7681884765625,0.2583232820034027,dataset_4_keyframe_1,0.0
21,2.6973066329956055,4.18485689163208,3.7892659747740254e-05,0.03646088019013405,23.814985275268555,zero_state,4.18485689163208,0.7633423209190369,0.24507801234722137,dataset_4_keyframe_1,0.0
22,2.733074188232422,4.269976615905762,7.120768714230508e-05,0.038253024220466614,23.848119735717773,zero_state,4.269976615905762,0.761120617389679,0.2535116672515869,dataset_4_keyframe_1,0.0
23,2.7493128776550293,4.291614532470703,3.763834683923051e-05,0.03835907205939293,24.08867835998535,zero_state,4.291614532470703,0.761584460735321,0.2541144788265228,dataset_4_keyframe_1,0.0
24,2.5976529121398926,4.047600746154785,4.2724612285383046e-05,0.034222159534692764,23.252954483032227,zero_state,4.047600746154785,0.756787121295929,0.2332749217748642,dataset_4_keyframe_1,0.0
25,2.6302757263183594,4.119503021240234,4.62849966424983e-05,0.03694305568933487,22.985435485839844,zero_state,4.119503021240234,0.75225830078125,0.24425721168518066,dataset_4_keyframe_1,0.0
26,2.6260156631469727,4.122854709625244,4.933675518259406e-05,0.03635406866669655,23.15618324279785,zero_state,4.122854709625244,0.748291015625,0.2420520782470703,dataset_4_keyframe_1,0.0
27,2.5938034057617188,4.090185642242432,5.0354006816633046e-05,0.035664115101099014,23.07515525817871,zero_state,4.090185642242432,0.738110363483429,0.23698846995830536,dataset_4_keyframe_1,0.0
28,2.544113874435425,4.028705596923828,4.3487551010912284e-05,0.03509318083524704,22.75133514404297,zero_state,4.028705596923828,0.7337402701377869,0.2328568547964096,dataset_4_keyframe_1,0.0
29,2.5013113021850586,3.9657418727874756,5.722046262235381e-05,0.034445445984601974,22.375303268432617,zero_state,3.9657418727874756,0.71832275390625,0.22913646697998047,dataset_4_keyframe_1,0.0
30,2.4048123359680176,3.824274778366089,5.1116945542162284e-05,0.030677542090415955,21.758739471435547,zero_state,3.824274778366089,0.71356201171875,0.2173529714345932,dataset_4_keyframe_1,0.0
31,2.390153646469116,3.8171210289001465,6.91731838742271e-05,0.033080801367759705,21.39493179321289,zero_state,3.8171210289001465,0.7115234732627869,0.22067414224147797,dataset_4_keyframe_1,0.0
32,2.4499964714050293,3.9338624477386475,5.747477553086355e-05,0.03386078029870987,21.849533081054688,zero_state,3.9338624477386475,0.708935558795929,0.2279648333787918,dataset_4_keyframe_1,0.0
33,2.364790916442871,3.7975244522094727,4.679362245951779e-05,0.03100942075252533,21.597328186035156,zero_state,3.7975244522094727,0.6987671256065369,0.21292085945606232,dataset_4_keyframe_1,0.0
34,2.354313373565674,3.807344913482666,6.408691842807457e-05,0.0318857841193676,21.333215713500977,zero_state,3.807344913482666,0.6888183951377869,0.21617650985717773,dataset_4_keyframe_1,0.0
35,2.351144552230835,3.773963689804077,5.213419717620127e-05,0.03150177001953125,21.260244369506836,zero_state,3.773963689804077,0.656726062297821,0.21120448410511017,dataset_4_keyframe_1,0.0
36,2.3784472942352295,3.8020589351654053,6.739298987668008e-05,0.032362114638090134,21.33245086669922,zero_state,3.8020589351654053,0.684814453125,0.21796834468841553,dataset_4_keyframe_1,0.0
37,2.352170944213867,3.7402939796447754,5.4931642807787284e-05,0.030444592237472534,21.20803451538086,zero_state,3.7402939796447754,0.694287121295929,0.21256816387176514,dataset_4_keyframe_1,0.0
38,2.3475093841552734,3.7304840087890625,6.408691842807457e-05,0.03065338358283043,21.02272605895996,zero_state,3.7304840087890625,0.7087646722793579,0.21421940624713898,dataset_4_keyframe_1,0.0
39,2.436596393585205,3.8552348613739014,6.0526534070959315e-05,0.033722687512636185,21.440324783325195,zero_state,3.8552348613739014,0.717846691608429,0.22616563737392426,dataset_4_keyframe_1,0.0
40,2.617119073867798,4.127007484436035,6.001790825393982e-05,0.036761220544576645,22.654346466064453,zero_state,4.127007484436035,0.709216296672821,0.2451411783695221,dataset_4_keyframe_1,0.0
41,2.6129724979400635,4.095407485961914,5.315145244821906e-05,0.035317741334438324,23.027978897094727,zero_state,4.095407485961914,0.7295776605606079,0.2396097630262375,dataset_4_keyframe_1,0.0
42,2.6079494953155518,4.075323581695557,5.366007826523855e-05,0.03526052087545395,22.956859588623047,zero_state,4.075323581695557,0.7250610589981079,0.2374434918165207,dataset_4_keyframe_1,0.0
43,2.652031421661377,4.143455982208252,5.340576535672881e-05,0.03584086149930954,23.16645622253418,zero_state,4.143455982208252,0.734728991985321,0.24432305991649628,dataset_4_keyframe_1,0.0
44,2.641141176223755,4.112948894500732,5.950927879894152e-05,0.035863496363162994,23.221757888793945,zero_state,4.112948894500732,0.7444092035293579,0.2402612268924713,dataset_4_keyframe_1,0.0
45,2.6287670135498047,4.088561534881592,4.399617682793178e-05,0.03574753180146217,23.058778762817383,zero_state,4.088561534881592,0.75274658203125,0.2401835024356842,dataset_4_keyframe_1,0.0
46,2.7109737396240234,4.211596965789795,6.357829261105508e-05,0.03729960322380066,23.481761932373047,zero_state,4.211596965789795,0.755383312702179,0.2509117126464844,dataset_4_keyframe_1,0.0
47,2.7452006340026855,4.258739948272705,4.984538099961355e-05,0.037778474390506744,23.929929733276367,zero_state,4.258739948272705,0.7609009146690369,0.25124025344848633,dataset_4_keyframe_1,0.0
48,2.769561290740967,4.295679092407227,3.9672853745287284e-05,0.03806864470243454,24.126604080200195,zero_state,4.295679092407227,0.763427734375,0.25455623865127563,dataset_4_keyframe_1,0.0
49,2.843862295150757,4.407565116882324,4.9082442274084315e-05,0.039624787867069244,24.684085845947266,zero_state,4.407565116882324,0.756787121295929,0.2617570459842682,dataset_4_keyframe_1,0.0
50,2.8728134632110596,4.463932991027832,4.806518700206652e-05,0.040466055274009705,25.059368133544922,zero_state,4.463932991027832,0.7711181640625,0.2642478942871094,dataset_4_keyframe_1,0.0
51,2.825155019760132,4.367257118225098,4.806518700206652e-05,0.038650769740343094,24.84632682800293,zero_state,4.367257118225098,0.7670532464981079,0.25654739141464233,dataset_4_keyframe_1,0.0
52,2.7574219703674316,4.253448486328125,4.043579247081652e-05,0.037522636353969574,24.223939895629883,zero_state,4.253448486328125,0.7733398675918579,0.250708669424057,dataset_4_keyframe_1,0.0
53,2.7539923191070557,4.254263401031494,4.933675518259406e-05,0.037791188806295395,24.01292610168457,zero_state,4.254263401031494,0.773669421672821,0.2530113160610199,dataset_4_keyframe_1,0.0
54,2.785215377807617,4.3167195320129395,4.018147956230678e-05,0.038621269166469574,24.242971420288086,zero_state,4.3167195320129395,0.777209460735321,0.25752824544906616,dataset_4_keyframe_1,0.0
55,2.7323646545410156,4.229997158050537,4.323323810240254e-05,0.03782959282398224,24.05035400390625,zero_state,4.229997158050537,0.7775635123252869,0.24885936081409454,dataset_4_keyframe_1,0.0
56,3.0671119689941406,4.761667251586914,3.356933666509576e-05,0.04608408734202385,25.762805938720703,zero_state,4.761667251586914,0.758068859577179,0.2944915294647217,dataset_4_keyframe_1,0.0
57,3.008099317550659,4.632106304168701,3.0517578125e-05,0.040694430470466614,26.387157440185547,zero_state,4.632106304168701,0.7906250357627869,0.27364787459373474,dataset_4_keyframe_1,0.0
58,2.9308056831359863,4.514301776885986,3.178914630552754e-05,0.03979187086224556,25.717092514038086,zero_state,4.514301776885986,0.7923218011856079,0.26660260558128357,dataset_4_keyframe_1,0.0
59,2.9344992637634277,4.521312713623047,3.3315023756586015e-05,0.040629833936691284,25.521587371826172,zero_state,4.521312713623047,0.793652355670929,0.269640177488327,dataset_4_keyframe_1,0.0
60,2.9323248863220215,4.512287139892578,2.9500326490961015e-05,0.040342461317777634,25.55864715576172,zero_state,4.512287139892578,0.7801147699356079,0.26700517535209656,dataset_4_keyframe_1,0.0
61,2.898449182510376,4.464885711669922,3.560384357115254e-05,0.04000244289636612,25.27450942993164,zero_state,4.464885711669922,0.782910168170929,0.26537400484085083,dataset_4_keyframe_1,0.0
62,2.9841737747192383,4.6280412673950195,3.86556021112483e-05,0.042892713099718094,25.777793884277344,zero_state,4.6280412673950195,0.788330078125,0.27772146463394165,dataset_4_keyframe_1,0.0
63,3.0167274475097656,4.666550636291504,4.2724612285383046e-05,0.042208101600408554,26.207157135009766,zero_state,4.666550636291504,0.7902588248252869,0.2798447906970978,dataset_4_keyframe_1,0.0
64,3.0818028450012207,4.766898155212402,4.679362245951779e-05,0.044406384229660034,26.61320686340332,zero_state,4.766898155212402,0.787365734577179,0.28751835227012634,dataset_4_keyframe_1,0.0
65,3.111151695251465,4.826104640960693,3.280639793956652e-05,0.04527893289923668,27.033281326293945,zero_state,4.826104640960693,0.779431164264679,0.28831812739372253,dataset_4_keyframe_1,0.0
66,3.056547164916992,4.726600646972656,3.306071084807627e-05,0.042584486305713654,26.903331756591797,zero_state,4.726600646972656,0.786486804485321,0.2787419259548187,dataset_4_keyframe_1,0.0
67,3.008917808532715,4.655898094177246,2.6702882678364404e-05,0.04168396070599556,26.434226989746094,zero_state,4.655898094177246,0.7961181998252869,0.2751966714859009,dataset_4_keyframe_1,0.0
68,3.012678861618042,4.657674312591553,4.2724612285383046e-05,0.042416129261255264,26.30807876586914,zero_state,4.657674312591553,0.8007446527481079,0.2777395248413086,dataset_4_keyframe_1,0.0
69,3.0514872074127197,4.723301410675049,5.39143911737483e-05,0.04335124045610428,26.537349700927734,zero_state,4.723301410675049,0.8003296256065369,0.2829020917415619,dataset_4_keyframe_1,0.0
70,2.988346815109253,4.604001045227051,3.48409048456233e-05,0.04098409414291382,26.240407943725586,zero_state,4.604001045227051,0.799609363079071,0.2724708020687103,dataset_4_keyframe_1,0.0
71,3.006490707397461,4.665905952453613,3.178914630552754e-05,0.04242223501205444,26.20857810974121,zero_state,4.665905952453613,0.8002685904502869,0.27793875336647034,dataset_4_keyframe_1,0.0
72,3.0368294715881348,4.700185298919678,4.323323810240254e-05,0.04357529059052467,26.464988708496094,zero_state,4.700185298919678,0.7978149652481079,0.2806985080242157,dataset_4_keyframe_1,0.0
73,3.005394697189331,4.636531352996826,3.86556021112483e-05,0.041855622082948685,26.269790649414062,zero_state,4.636531352996826,0.7970337271690369,0.2756328284740448,dataset_4_keyframe_1,0.0
74,2.885173797607422,4.454319000244141,3.229777212254703e-05,0.03968658670783043,25.488773345947266,zero_state,4.454319000244141,0.79754638671875,0.26045912504196167,dataset_4_keyframe_1,0.0
75,2.867403745651245,4.428452968597412,4.7302248276537284e-05,0.04004211723804474,25.010053634643555,zero_state,4.428452968597412,0.79620361328125,0.26400431990623474,dataset_4_keyframe_1,0.0
76,2.9865901470184326,4.737215995788574,3.4332275390625e-05,0.04366302862763405,26.09749984741211,zero_state,4.737215995788574,0.7975830435752869,0.27757152915000916,dataset_4_keyframe_1,0.0
77,2.9648048877716064,4.6899800300598145,3.2043459214037284e-05,0.04324696958065033,26.549962997436523,zero_state,4.6899800300598145,0.79656982421875,0.271928995847702,dataset_4_keyframe_1,0.0
78,3.0553250312805176,4.8379716873168945,4.679362245951779e-05,0.045823417603969574,27.01141357421875,zero_state,4.8379716873168945,0.795947253704071,0.2852318286895752,dataset_4_keyframe_1,0.0
79,2.940560817718506,4.650010108947754,3.382364957360551e-05,0.04244537651538849,26.625858306884766,zero_state,4.650010108947754,0.790478527545929,0.2653064727783203,dataset_4_keyframe_1,0.0
80,2.741058826446533,4.321664810180664,3.000895412696991e-05,0.03804168850183487,25.04469108581543,zero_state,4.321664810180664,0.7959961295127869,0.24477604031562805,dataset_4_keyframe_1,0.0
81,2.691985607147217,4.232256889343262,3.458659193711355e-05,0.037658438086509705,24.052595138549805,zero_state,4.232256889343262,0.796582043170929,0.2472800463438034,dataset_4_keyframe_1,0.0
82,2.695833444595337,4.207714557647705,5.1116945542162284e-05,0.03809153288602829,23.803773880004883,zero_state,4.207714557647705,0.7943969964981079,0.24894742667675018,dataset_4_keyframe_1,0.0
83,2.7263545989990234,4.365889072418213,4.425048973644152e-05,0.03907521814107895,24.33235740661621,zero_state,4.365889072418213,0.792431652545929,0.25072434544563293,dataset_4_keyframe_1,0.0
84,2.7199900150299072,4.245408058166504,3.611246938817203e-05,0.03847707435488701,24.155508041381836,zero_state,4.245408058166504,0.791674792766571,0.25063857436180115,dataset_4_keyframe_1,0.0
85,2.726602792739868,4.283166408538818,3.280639793956652e-05,0.0389811210334301,24.04347038269043,zero_state,4.283166408538818,0.790173351764679,0.2516591548919678,dataset_4_keyframe_1,0.0
86,2.6328141689300537,4.085936069488525,3.992716665379703e-05,0.035487111657857895,23.426233291625977,zero_state,4.085936069488525,0.7890259027481079,0.23880086839199066,dataset_4_keyframe_1,0.0
87,2.654574155807495,4.126052379608154,3.5858156479662284e-05,0.037297822535037994,23.151098251342773,zero_state,4.126052379608154,0.786853015422821,0.24624542891979218,dataset_4_keyframe_1,0.0
88,2.7139995098114014,4.209400653839111,4.552205791696906e-05,0.03828049078583717,23.532230377197266,zero_state,4.209400653839111,0.785290539264679,0.2526167035102844,dataset_4_keyframe_1,0.0
89,2.5985212326049805,4.03444766998291,3.636678229668178e-05,0.034557342529296875,23.058298110961914,zero_state,4.03444766998291,0.782958984375,0.2351306527853012,dataset_4_keyframe_1,0.0
90,2.5768041610717773,4.02235746383667,4.8573812819086015e-05,0.03503570705652237,22.6763858795166,zero_state,4.02235746383667,0.7818359732627869,0.23785506188869476,dataset_4_keyframe_1,0.0
91,2.5852952003479004,4.037784576416016,5.366007826523855e-05,0.035607147961854935,22.695192337036133,zero_state,4.037784576416016,0.7786011099815369,0.23969994485378265,dataset_4_keyframe_1,0.0
92,2.5378897190093994,3.956603765487671,3.840128920273855e-05,0.034032441675662994,22.491092681884766,zero_state,3.956603765487671,0.779345691204071,0.23287175595760345,dataset_4_keyframe_1,0.0
93,2.5313916206359863,3.9557371139526367,4.399617682793178e-05,0.034506991505622864,22.26032829284668,zero_state,3.9557371139526367,0.7665649652481079,0.23402217030525208,dataset_4_keyframe_1,0.0
94,2.5298237800598145,3.9689788818359375,4.603068373398855e-05,0.034513093531131744,22.33164405822754,zero_state,3.9689788818359375,0.7745727896690369,0.23417480289936066,dataset_4_keyframe_1,0.0
95,2.5142290592193604,3.941594123840332,5.696614971384406e-05,0.03377126157283783,22.241106033325195,zero_state,3.941594123840332,0.772143542766571,0.2326674461364746,dataset_4_keyframe_1,0.0
96,2.5613644123077393,4.007720947265625,4.755656118504703e-05,0.035815685987472534,22.420391082763672,zero_state,4.007720947265625,0.770739734172821,0.23935675621032715,dataset_4_keyframe_1,0.0
97,2.4862117767333984,3.8997504711151123,3.534953066264279e-05,0.03265991434454918,22.184688568115234,zero_state,3.8997504711151123,0.768298327922821,0.22692251205444336,dataset_4_keyframe_1,0.0
98,2.4846200942993164,3.897949695587158,5.366007826523855e-05,0.033827975392341614,21.94495964050293,zero_state,3.897949695587158,0.7645630240440369,0.23008370399475098,dataset_4_keyframe_1,0.0
99,2.4635682106018066,3.8553342819213867,5.264282663119957e-05,0.03225759044289589,21.7904109954834,zero_state,3.8553342819213867,0.7674804925918579,0.22718076407909393,dataset_4_keyframe_1,0.0
100,2.4770519733428955,3.8812010288238525,4.552205791696906e-05,0.03304697945713997,21.80632972717285,zero_state,3.8812010288238525,0.7640137076377869,0.23002338409423828,dataset_4_keyframe_1,0.0
101,2.4717214107513428,3.8751108646392822,5.187988426769152e-05,0.03316396102309227,21.838836669921875,zero_state,3.8751108646392822,0.7645019888877869,0.2289542704820633,dataset_4_keyframe_1,0.0
102,2.489651918411255,3.9033291339874268,6.0526534070959315e-05,0.03306783363223076,21.969743728637695,zero_state,3.9033291339874268,0.767346203327179,0.23097649216651917,dataset_4_keyframe_1,0.0
103,2.501619577407837,3.9267706871032715,4.882812936557457e-05,0.033332064747810364,22.09991455078125,zero_state,3.9267706871032715,0.761059582233429,0.23217718303203583,dataset_4_keyframe_1,0.0
104,2.506479024887085,3.9366517066955566,5.4168704082258046e-05,0.032831575721502304,22.18682098388672,zero_state,3.9366517066955566,0.7649170160293579,0.23274555802345276,dataset_4_keyframe_1,0.0
105,2.477550983428955,3.8972864151000977,3.86556021112483e-05,0.03271484375,22.066701889038086,zero_state,3.8972864151000977,0.7655029296875,0.22861281037330627,dataset_4_keyframe_1,0.0
106,2.5048935413360596,3.9396309852600098,5.77290884393733e-05,0.034065503627061844,22.13494300842285,zero_state,3.9396309852600098,0.76617431640625,0.23360863327980042,dataset_4_keyframe_1,0.0
107,2.5841736793518066,4.057441234588623,5.467732989927754e-05,0.0358785018324852,22.59592056274414,zero_state,4.057441234588623,0.758801281452179,0.24265985190868378,dataset_4_keyframe_1,0.0
108,2.6108405590057373,4.092476844787598,5.264282663119957e-05,0.03554433211684227,22.963443756103516,zero_state,4.092476844787598,0.750195324420929,0.24227726459503174,dataset_4_keyframe_1,0.0
109,2.566148042678833,4.0288801193237305,3.280639793956652e-05,0.033837638795375824,22.801095962524414,zero_state,4.0288801193237305,0.7562622427940369,0.23643140494823456,dataset_4_keyframe_1,0.0
110,2.5747101306915283,4.037044525146484,4.501342846197076e-05,0.035526785999536514,22.71880340576172,zero_state,4.037044525146484,0.76190185546875,0.2392711490392685,dataset_4_keyframe_1,0.0
111,2.4929699897766113,3.911240339279175,4.018147956230678e-05,0.032489269971847534,22.30164909362793,zero_state,3.911240339279175,0.764050304889679,0.22797559201717377,dataset_4_keyframe_1,0.0
112,2.476571559906006,3.8951494693756104,4.5267745008459315e-05,0.03315429762005806,21.988727569580078,zero_state,3.8951494693756104,0.765454113483429,0.22974029183387756,dataset_4_keyframe_1,0.0
113,2.4892873764038086,3.9061615467071533,4.119873119634576e-05,0.033939361572265625,22.003215789794922,zero_state,3.9061615467071533,0.7646728754043579,0.23142457008361816,dataset_4_keyframe_1,0.0
114,2.4934029579162598,3.9135286808013916,4.425048973644152e-05,0.03372294455766678,22.03407859802246,zero_state,3.9135286808013916,0.7565063834190369,0.23174111545085907,dataset_4_keyframe_1,0.0
115,2.495389461517334,3.9142885208129883,3.611246938817203e-05,0.03369751200079918,22.05497932434082,zero_state,3.9142885208129883,0.761096179485321,0.23138467967510223,dataset_4_keyframe_1,0.0
116,2.5393054485321045,3.9779016971588135,4.450480264495127e-05,0.034736890345811844,22.269624710083008,zero_state,3.9779016971588135,0.764599621295929,0.23800717294216156,dataset_4_keyframe_1,0.0
117,2.5711193084716797,4.011054039001465,3.992716665379703e-05,0.035584770143032074,22.528478622436523,zero_state,4.011054039001465,0.7684082388877869,0.24008195102214813,dataset_4_keyframe_1,0.0
118,2.5691754817962646,4.004295349121094,5.900065298192203e-05,0.0345102958381176,22.597681045532227,zero_state,4.004295349121094,0.780139148235321,0.23890267312526703,dataset_4_keyframe_1,0.0
119,2.643996238708496,4.114721298217773,4.7302248276537284e-05,0.03620656579732895,22.965192794799805,zero_state,4.114721298217773,0.7774414420127869,0.24843111634254456,dataset_4_keyframe_1,0.0
120,2.5458219051361084,3.969710350036621,4.221598646836355e-05,0.03290863335132599,22.68802261352539,zero_state,3.969710350036621,0.777636706829071,0.23181889951229095,dataset_4_keyframe_1,0.0
121,2.5604159832000732,3.9952340126037598,5.2388510084711015e-05,0.034878797829151154,22.50117301940918,zero_state,3.9952340126037598,0.777539074420929,0.23844647407531738,dataset_4_keyframe_1,0.0
122,2.572669506072998,4.013804912567139,4.3487551010912284e-05,0.034629061818122864,22.646663665771484,zero_state,4.013804912567139,0.777417004108429,0.2385181039571762,dataset_4_keyframe_1,0.0
123,2.5709621906280518,4.013926982879639,5.544026862480678e-05,0.03433125838637352,22.6782283782959,zero_state,4.013926982879639,0.774218738079071,0.23755107820034027,dataset_4_keyframe_1,0.0
124,2.60607647895813,4.078486919403076,4.5267745008459315e-05,0.035885367542505264,22.92288589477539,zero_state,4.078486919403076,0.7698120474815369,0.24090681970119476,dataset_4_keyframe_1,0.0
125,2.633085250854492,4.11868953704834,4.806518700206652e-05,0.036403149366378784,23.187841415405273,zero_state,4.11868953704834,0.778564453125,0.24360942840576172,dataset_4_keyframe_1,0.0
126,2.6558687686920166,4.154448509216309,4.7302248276537284e-05,0.036480970680713654,23.353330612182617,zero_state,4.154448509216309,0.7855224609375,0.24659402668476105,dataset_4_keyframe_1,0.0
127,2.6764767169952393,4.180736541748047,4.62849966424983e-05,0.03730062022805214,23.52598762512207,zero_state,4.180736541748047,0.776611328125,0.24745149910449982,dataset_4_keyframe_1,0.0
0,2.8591370582580566,4.467774391174316,3.611246938817203e-05,0.04066569358110428,25.26714515686035,random_state,4.467774391174316,0.8287597894668579,0.26156529784202576,dataset_4_keyframe_1,0.0
1,2.9822874069213867,4.678522109985352,2.8991700673941523e-05,0.04414062574505806,25.87206268310547,random_state,4.678522109985352,0.785754382610321,0.27514955401420593,dataset_4_keyframe_1,3.0972137451171875
2,2.91496205329895,4.486703395843506,2.924601358245127e-05,0.04001719504594803,25.507959365844727,random_state,4.486703395843506,0.78857421875,0.2614433467388153,dataset_4_keyframe_1,3.4312760829925537
3,2.900038242340088,4.466189384460449,3.077189467148855e-05,0.04039968177676201,25.046680450439453,random_state,4.466189384460449,0.797680675983429,0.26514285802841187,dataset_4_keyframe_1,2.9233148097991943
4,2.9928417205810547,4.6537699699401855,3.0263267035479657e-05,0.04339294508099556,25.831157684326172,random_state,4.6537699699401855,0.773730456829071,0.2745858132839203,dataset_4_keyframe_1,2.9903945922851562
5,2.9620895385742188,4.570582389831543,2.975463939947076e-05,0.0412801131606102,25.82288360595703,random_state,4.570582389831543,0.7783447504043579,0.26860013604164124,dataset_4_keyframe_1,3.1693813800811768
6,2.9254043102264404,4.510009765625,2.9500326490961015e-05,0.040648654103279114,25.371803283691406,random_state,4.510009765625,0.789355456829071,0.26760777831077576,dataset_4_keyframe_1,2.9424290657043457
7,2.8909077644348145,4.474644184112549,3.458659193711355e-05,0.04009628668427467,25.128990173339844,random_state,4.474644184112549,0.7880615592002869,0.2643406391143799,dataset_4_keyframe_1,2.96055006980896
8,2.8412728309631348,4.406859874725342,3.382364957360551e-05,0.03917999565601349,24.812294006347656,random_state,4.406859874725342,0.789355456829071,0.25932613015174866,dataset_4_keyframe_1,2.9473354816436768
9,2.8205480575561523,4.406304836273193,3.306071084807627e-05,0.03903350979089737,24.692779541015625,random_state,4.406304836273193,0.78717041015625,0.25739195942878723,dataset_4_keyframe_1,2.8531739711761475
10,2.7696733474731445,4.328461170196533,2.848307485692203e-05,0.037920888513326645,24.368982315063477,random_state,4.328461170196533,0.7818359732627869,0.25191280245780945,dataset_4_keyframe_1,2.8920350074768066
11,2.813206195831299,4.388263702392578,2.8991700673941523e-05,0.03975626826286316,24.408428192138672,random_state,4.388263702392578,0.7763671875,0.25979527831077576,dataset_4_keyframe_1,2.8193306922912598
12,2.682432174682617,4.157188892364502,3.077189467148855e-05,0.034881338477134705,23.716588973999023,random_state,4.157188892364502,0.772216796875,0.24002285301685333,dataset_4_keyframe_1,3.036703109741211
13,2.73838472366333,4.247162342071533,3.636678229668178e-05,0.03789902105927467,23.564411163330078,random_state,4.247162342071533,0.766613781452179,0.25177672505378723,dataset_4_keyframe_1,3.2791543006896973
14,2.798424005508423,4.336087226867676,3.000895412696991e-05,0.039285533130168915,24.03987693786621,random_state,4.336087226867676,0.772595226764679,0.258756548166275,dataset_4_keyframe_1,2.9399261474609375
15,2.7707011699676514,4.282012939453125,3.000895412696991e-05,0.037341564893722534,24.044334411621094,random_state,4.282012939453125,0.773181140422821,0.2517543435096741,dataset_4_keyframe_1,3.1206581592559814
16,2.7129223346710205,4.194326400756836,2.924601358245127e-05,0.036024730652570724,23.597675323486328,random_state,4.194326400756836,0.7690796256065369,0.2457696944475174,dataset_4_keyframe_1,3.0732502937316895
17,2.8082945346832275,4.354543209075928,3.280639793956652e-05,0.03949788585305214,23.980621337890625,random_state,4.354543209075928,0.7697510123252869,0.26082369685173035,dataset_4_keyframe_1,2.814457893371582
18,2.836233377456665,4.395177841186523,2.695719558687415e-05,0.039246369153261185,24.443117141723633,random_state,4.395177841186523,0.766345202922821,0.26099488139152527,dataset_4_keyframe_1,2.879509687423706
19,2.7867231369018555,4.303674221038818,3.178914630552754e-05,0.037603508681058884,24.182233810424805,random_state,4.303674221038818,0.7660278677940369,0.25324809551239014,dataset_4_keyframe_1,2.9138705730438232
20,2.81809401512146,4.3561530113220215,2.975463939947076e-05,0.03911539912223816,24.196929931640625,random_state,4.3561530113220215,0.7681884765625,0.25928884744644165,dataset_4_keyframe_1,2.895477771759033
21,2.7279624938964844,4.211566925048828,3.153483339701779e-05,0.035728201270103455,23.814985275268555,random_state,4.211566925048828,0.7633423209190369,0.24565592408180237,dataset_4_keyframe_1,2.8700506687164307
22,2.762601613998413,4.29483699798584,2.7211508495383896e-05,0.03822275996208191,23.848119735717773,random_state,4.29483699798584,0.761120617389679,0.25407928228378296,dataset_4_keyframe_1,2.7568156719207764
23,2.7783594131469727,4.315532684326172,3.356933666509576e-05,0.03810170665383339,24.08867835998535,random_state,4.315532684326172,0.761584460735321,0.25456365942955017,dataset_4_keyframe_1,2.7883007526397705
24,2.6302034854888916,4.076108932495117,3.153483339701779e-05,0.033577222377061844,23.252954483032227,random_state,4.076108932495117,0.756787121295929,0.2338402271270752,dataset_4_keyframe_1,2.919581174850464
25,2.6657440662384033,4.147490501403809,3.178914630552754e-05,0.03667450323700905,22.985435485839844,random_state,4.147490501403809,0.75225830078125,0.24513521790504456,dataset_4_keyframe_1,2.721482515335083
26,2.665951728820801,4.151377201080322,3.8909915019758046e-05,0.035886894911527634,23.15618324279785,random_state,4.151377201080322,0.748291015625,0.2432168573141098,dataset_4_keyframe_1,2.7997264862060547
27,2.6359360218048096,4.1205949783325195,3.636678229668178e-05,0.035119883716106415,23.07515525817871,random_state,4.1205949783325195,0.738110363483429,0.238133504986763,dataset_4_keyframe_1,2.8274357318878174
28,2.5895628929138184,4.055121898651123,3.382364957360551e-05,0.03426412120461464,22.75133514404297,random_state,4.055121898651123,0.7337402701377869,0.23410549759864807,dataset_4_keyframe_1,2.733126401901245
29,2.5478267669677734,3.9940176010131836,3.7892659747740254e-05,0.033670809119939804,22.375303268432617,random_state,3.9940176010131836,0.71832275390625,0.23039908707141876,dataset_4_keyframe_1,2.6602158546447754
30,2.4622433185577393,3.8578360080718994,3.534953066264279e-05,0.03079478070139885,21.758739471435547,random_state,3.8578360080718994,0.71356201171875,0.219053253531456,dataset_4_keyframe_1,2.821648359298706
31,2.447624921798706,3.8509764671325684,4.24702993768733e-05,0.03216603770852089,21.39493179321289,random_state,3.8509764671325684,0.7115234732627869,0.22227095067501068,dataset_4_keyframe_1,2.8233249187469482
32,2.506471872329712,3.962674379348755,3.8909915019758046e-05,0.033655039966106415,21.849533081054688,random_state,3.962674379348755,0.708935558795929,0.22949235141277313,dataset_4_keyframe_1,2.5998520851135254
33,2.431856155395508,3.833966016769409,4.24702993768733e-05,0.03047434613108635,21.597328186035156,random_state,3.833966016769409,0.6987671256065369,0.2150012105703354,dataset_4_keyframe_1,2.7396504878997803
34,2.421712875366211,3.840259552001953,4.882812936557457e-05,0.03156840056180954,21.333215713500977,random_state,3.840259552001953,0.6888183951377869,0.21829724311828613,dataset_4_keyframe_1,2.633330821990967
35,2.413834810256958,3.807589054107666,4.069010537932627e-05,0.03077341802418232,21.260244369506836,random_state,3.807589054107666,0.656726062297821,0.21290026605129242,dataset_4_keyframe_1,2.682779312133789
36,2.432636022567749,3.8246588706970215,4.145304410485551e-05,0.031789399683475494,21.33245086669922,random_state,3.8246588706970215,0.684814453125,0.2197761982679367,dataset_4_keyframe_1,2.1801366806030273
37,2.408850908279419,3.7707107067108154,3.534953066264279e-05,0.02991384081542492,21.20803451538086,random_state,3.7707107067108154,0.694287121295929,0.2143450528383255,dataset_4_keyframe_1,2.5136070251464844
38,2.399345874786377,3.759002447128296,4.5267745008459315e-05,0.0302963275462389,21.02272605895996,random_state,3.759002447128296,0.7087646722793579,0.2158050537109375,dataset_4_keyframe_1,2.4884748458862305
39,2.47963809967041,3.8803656101226807,4.3487551010912284e-05,0.033229827880859375,21.440324783325195,random_state,3.8803656101226807,0.717846691608429,0.22735212743282318,dataset_4_keyframe_1,2.2880403995513916
40,2.6593241691589355,4.1550374031066895,3.611246938817203e-05,0.036997731775045395,22.654346466064453,random_state,4.1550374031066895,0.709216296672821,0.24612288177013397,dataset_4_keyframe_1,2.655421495437622
41,2.651716470718384,4.118707656860352,3.3315023756586015e-05,0.0351918563246727,23.027978897094727,random_state,4.118707656860352,0.7295776605606079,0.24063704907894135,dataset_4_keyframe_1,2.4917192459106445
42,2.646444797515869,4.102934837341309,3.255208503105678e-05,0.034957632422447205,22.956859588623047,random_state,4.102934837341309,0.7250610589981079,0.23840422928333282,dataset_4_keyframe_1,2.762071371078491
43,2.6869330406188965,4.168350696563721,2.8991700673941523e-05,0.03608601912856102,23.16645622253418,random_state,4.168350696563721,0.734728991985321,0.24517326056957245,dataset_4_keyframe_1,2.617244243621826
44,2.679126262664795,4.14118766784668,3.0263267035479657e-05,0.03542531654238701,23.221757888793945,random_state,4.14118766784668,0.7444092035293579,0.241378054022789,dataset_4_keyframe_1,2.6467056274414062
45,2.658536434173584,4.113021373748779,3.4332275390625e-05,0.03529510647058487,23.058778762817383,random_state,4.113021373748779,0.75274658203125,0.24094633758068085,dataset_4_keyframe_1,2.539950370788574
46,2.7415716648101807,4.236810684204102,2.7974447220913135e-05,0.03760147467255592,23.481761932373047,random_state,4.236810684204102,0.755383312702179,0.2516717314720154,dataset_4_keyframe_1,2.596724033355713
47,2.776636838912964,4.28485107421875,3.229777212254703e-05,0.03765106573700905,23.929929733276367,random_state,4.28485107421875,0.7609009146690369,0.2516164481639862,dataset_4_keyframe_1,2.8925774097442627
48,2.7989578247070312,4.320587158203125,3.2043459214037284e-05,0.03825785592198372,24.126604080200195,random_state,4.320587158203125,0.763427734375,0.25543448328971863,dataset_4_keyframe_1,2.6438865661621094
49,2.875861644744873,4.438800811767578,3.2043459214037284e-05,0.040014903992414474,24.684085845947266,random_state,4.438800811767578,0.756787121295929,0.26232635974884033,dataset_4_keyframe_1,3.079493284225464
50,2.901716709136963,4.487530708312988,3.611246938817203e-05,0.04076080396771431,25.059368133544922,random_state,4.487530708312988,0.7711181640625,0.2650924324989319,dataset_4_keyframe_1,2.6803507804870605
51,2.8539974689483643,4.394981384277344,2.7211508495383896e-05,0.038409680128097534,24.84632682800293,random_state,4.394981384277344,0.7670532464981079,0.25681352615356445,dataset_4_keyframe_1,3.0823867321014404
52,2.787402391433716,4.282275676727295,3.229777212254703e-05,0.037147779017686844,24.223939895629883,random_state,4.282275676727295,0.7733398675918579,0.2512197196483612,dataset_4_keyframe_1,2.9790518283843994
53,2.7839884757995605,4.281809329986572,3.178914630552754e-05,0.037690483033657074,24.01292610168457,random_state,4.281809329986572,0.773669421672821,0.2536833882331848,dataset_4_keyframe_1,2.878371477127075
54,2.812976121902466,4.342000961303711,3.48409048456233e-05,0.038731642067432404,24.242971420288086,random_state,4.342000961303711,0.777209460735321,0.2581190764904022,dataset_4_keyframe_1,2.821607828140259
55,2.7617855072021484,4.257480621337891,2.924601358245127e-05,0.03707529976963997,24.05035400390625,random_state,4.257480621337891,0.7775635123252869,0.24946188926696777,dataset_4_keyframe_1,2.85003662109375
56,3.097764015197754,4.788270950317383,3.000895412696991e-05,0.04690806195139885,25.762805938720703,random_state,4.788270950317383,0.758068859577179,0.2947849929332733,dataset_4_keyframe_1,2.8160829544067383
57,3.0409300327301025,4.665086269378662,2.8737387765431777e-05,0.041445162147283554,26.387157440185547,random_state,4.665086269378662,0.7906250357627869,0.274156391620636,dataset_4_keyframe_1,3.2988665103912354
58,2.9607646465301514,4.547222137451172,3.1280520488508046e-05,0.040105439722537994,25.717092514038086,random_state,4.547222137451172,0.7923218011856079,0.2669338285923004,dataset_4_keyframe_1,3.2950549125671387
59,2.9614992141723633,4.549616813659668,2.7974447220913135e-05,0.041218314319849014,25.521587371826172,random_state,4.549616813659668,0.793652355670929,0.27005016803741455,dataset_4_keyframe_1,3.03731107711792
60,2.9690873622894287,4.554636001586914,2.924601358245127e-05,0.040969088673591614,25.55864715576172,random_state,4.554636001586914,0.7801147699356079,0.26743069291114807,dataset_4_keyframe_1,3.7449543476104736
61,2.9243669509887695,4.493280410766602,2.8991700673941523e-05,0.04030990973114967,25.27450942993164,random_state,4.493280410766602,0.782910168170929,0.26571574807167053,dataset_4_keyframe_1,3.1476430892944336
62,3.014026641845703,4.658355236053467,3.000895412696991e-05,0.04311167448759079,25.777793884277344,random_state,4.658355236053467,0.788330078125,0.27822643518447876,dataset_4_keyframe_1,3.0814201831817627
63,3.0473456382751465,4.700373649597168,3.178914630552754e-05,0.04321492835879326,26.207157135009766,random_state,4.700373649597168,0.7902588248252869,0.2805516719818115,dataset_4_keyframe_1,3.133833885192871
64,3.113959312438965,4.799973487854004,2.3651124138268642e-05,0.04516042396426201,26.61320686340332,random_state,4.799973487854004,0.787365734577179,0.28834429383277893,dataset_4_keyframe_1,3.1112823486328125
65,3.1367859840393066,4.854563236236572,2.6702882678364404e-05,0.0457560233771801,27.033281326293945,random_state,4.854563236236572,0.779431164264679,0.2887287735939026,dataset_4_keyframe_1,3.1572506427764893
66,3.0822913646698,4.757232666015625,2.924601358245127e-05,0.043208569288253784,26.903331756591797,random_state,4.757232666015625,0.786486804485321,0.2790728509426117,dataset_4_keyframe_1,3.2564380168914795
67,3.0346057415008545,4.682987689971924,2.772013431240339e-05,0.042450208216905594,26.434226989746094,random_state,4.682987689971924,0.7961181998252869,0.27539291977882385,dataset_4_keyframe_1,3.212625026702881
68,3.0385901927948,4.685302734375,3.178914630552754e-05,0.04312744364142418,26.30807876586914,random_state,4.685302734375,0.8007446527481079,0.27805405855178833,dataset_4_keyframe_1,3.138563632965088
69,3.0774855613708496,4.751103401184082,2.848307485692203e-05,0.0440368689596653,26.537349700927734,random_state,4.751103401184082,0.8003296256065369,0.2833615243434906,dataset_4_keyframe_1,3.1301934719085693
70,3.0131688117980957,4.632883548736572,2.848307485692203e-05,0.04150441661477089,26.240407943725586,random_state,4.632883548736572,0.799609363079071,0.27275845408439636,dataset_4_keyframe_1,3.131086587905884
71,3.0330564975738525,4.69542121887207,2.8737387765431777e-05,0.043175000697374344,26.20857810974121,random_state,4.69542121887207,0.8002685904502869,0.27846261858940125,dataset_4_keyframe_1,3.131985664367676
72,3.064950704574585,4.73071813583374,2.8991700673941523e-05,0.044085949659347534,26.464988708496094,random_state,4.73071813583374,0.7978149652481079,0.2810964286327362,dataset_4_keyframe_1,3.2133989334106445
73,3.032167673110962,4.665091037750244,2.6194255042355508e-05,0.04263255000114441,26.269790649414062,random_state,4.665091037750244,0.7970337271690369,0.2760019898414612,dataset_4_keyframe_1,3.2330548763275146
74,2.9131739139556885,4.485783100128174,3.077189467148855e-05,0.03917185589671135,25.488773345947266,random_state,4.485783100128174,0.79754638671875,0.26074379682540894,dataset_4_keyframe_1,3.170447826385498
75,2.8929972648620605,4.457395553588867,2.8228761948412284e-05,0.04036153480410576,25.010053634643555,random_state,4.457395553588867,0.79620361328125,0.264530748128891,dataset_4_keyframe_1,3.029874086380005
76,3.01180362701416,4.762335777282715,2.7465821403893642e-05,0.04450607672333717,26.09749984741211,random_state,4.762335777282715,0.7975830435752869,0.277802050113678,dataset_4_keyframe_1,3.000504970550537
77,2.9932861328125,4.72119140625,2.9500326490961015e-05,0.043725334107875824,26.549962997436523,random_state,4.72119140625,0.79656982421875,0.27245983481407166,dataset_4_keyframe_1,3.246958017349243
78,3.086697578430176,4.871672630310059,2.543131631682627e-05,0.046718090772628784,27.01141357421875,random_state,4.871672630310059,0.795947253704071,0.28593572974205017,dataset_4_keyframe_1,3.235309362411499
79,2.970661163330078,4.682374477386475,2.593994213384576e-05,0.04210459440946579,26.625858306884766,random_state,4.682374477386475,0.790478527545929,0.26569175720214844,dataset_4_keyframe_1,3.3278417587280273
80,2.7692596912384033,4.35045862197876,3.000895412696991e-05,0.03728536143898964,25.04469108581543,random_state,4.35045862197876,0.7959961295127869,0.2448207437992096,dataset_4_keyframe_1,3.17287540435791
81,2.718173027038574,4.258915424346924,3.178914630552754e-05,0.037543997168540955,24.052595138549805,random_state,4.258915424346924,0.796582043170929,0.2476825714111328,dataset_4_keyframe_1,2.9081802368164062
82,2.723128318786621,4.234830379486084,3.10262075799983e-05,0.03776397928595543,23.803773880004883,random_state,4.234830379486084,0.7943969964981079,0.24934864044189453,dataset_4_keyframe_1,2.837473154067993
83,2.754777669906616,4.393403053283691,3.153483339701779e-05,0.03887176886200905,24.33235740661621,random_state,4.393403053283691,0.792431652545929,0.2511363923549652,dataset_4_keyframe_1,2.8761749267578125
84,2.752060651779175,4.278249263763428,3.280639793956652e-05,0.038429517298936844,24.155508041381836,random_state,4.278249263763428,0.791674792766571,0.25139155983924866,dataset_4_keyframe_1,2.954308032989502
85,2.756155252456665,4.31181526184082,3.0517578125e-05,0.038474276661872864,24.04347038269043,random_state,4.31181526184082,0.790173351764679,0.2521542012691498,dataset_4_keyframe_1,2.9233644008636475
86,2.664876937866211,4.116983413696289,3.4077962482115254e-05,0.035221610218286514,23.426233291625977,random_state,4.116983413696289,0.7890259027481079,0.2392953634262085,dataset_4_keyframe_1,2.9848484992980957
87,2.682586908340454,4.15342903137207,3.5095217754133046e-05,0.03700307384133339,23.151098251342773,random_state,4.15342903137207,0.786853015422821,0.2467799186706543,dataset_4_keyframe_1,2.789121627807617
88,2.743473529815674,4.237053871154785,3.48409048456233e-05,0.03840433806180954,23.532230377197266,random_state,4.237053871154785,0.785290539264679,0.2530951499938965,dataset_4_keyframe_1,2.847221851348877
89,2.6269054412841797,4.061057090759277,3.48409048456233e-05,0.034151967614889145,23.058298110961914,random_state,4.061057090759277,0.782958984375,0.23552751541137695,dataset_4_keyframe_1,2.832345485687256
90,2.6068034172058105,4.048181056976318,3.4077962482115254e-05,0.03497263789176941,22.6763858795166,random_state,4.048181056976318,0.7818359732627869,0.23841245472431183,dataset_4_keyframe_1,2.729308605194092
91,2.615410089492798,4.0651960372924805,3.458659193711355e-05,0.035475924611091614,22.695192337036133,random_state,4.0651960372924805,0.7786011099815369,0.24044500291347504,dataset_4_keyframe_1,2.718410015106201
92,2.569838523864746,3.9818427562713623,3.3315023756586015e-05,0.0337473563849926,22.491092681884766,random_state,3.9818427562713623,0.779345691204071,0.23347368836402893,dataset_4_keyframe_1,2.6892459392547607
93,2.564574718475342,3.982182502746582,4.018147956230678e-05,0.034256238490343094,22.26032829284668,random_state,3.982182502746582,0.7665649652481079,0.23480646312236786,dataset_4_keyframe_1,2.700674533843994
94,2.565657615661621,3.995527505874634,3.1280520488508046e-05,0.03437449410557747,22.33164405822754,random_state,3.995527505874634,0.7745727896690369,0.23514683544635773,dataset_4_keyframe_1,2.7101776599884033
95,2.5508224964141846,3.9681761264801025,3.255208503105678e-05,0.03387502208352089,22.241106033325195,random_state,3.9681761264801025,0.772143542766571,0.23352491855621338,dataset_4_keyframe_1,2.6960370540618896
96,2.6013107299804688,4.036769866943359,3.229777212254703e-05,0.035557813942432404,22.420391082763672,random_state,4.036769866943359,0.770739734172821,0.24046097695827484,dataset_4_keyframe_1,2.689429998397827
97,2.529606819152832,3.930197238922119,3.636678229668178e-05,0.032501984387636185,22.184688568115234,random_state,3.930197238922119,0.768298327922821,0.2281915247440338,dataset_4_keyframe_1,2.788909912109375
98,2.5273005962371826,3.9282400608062744,3.48409048456233e-05,0.03341471403837204,21.94495964050293,random_state,3.9282400608062744,0.7645630240440369,0.23138132691383362,dataset_4_keyframe_1,2.7442853450775146
99,2.5032451152801514,3.883272409439087,3.153483339701779e-05,0.03216349333524704,21.7904109954834,random_state,3.883272409439087,0.7674804925918579,0.2280733436346054,dataset_4_keyframe_1,2.731884241104126
100,2.5145554542541504,3.9077656269073486,3.48409048456233e-05,0.03291778638958931,21.80632972717285,random_state,3.9077656269073486,0.7640137076377869,0.2310699224472046,dataset_4_keyframe_1,2.6176564693450928
101,2.508114814758301,3.9010214805603027,3.738403393072076e-05,0.03277435526251793,21.838836669921875,random_state,3.9010214805603027,0.7645019888877869,0.23000934720039368,dataset_4_keyframe_1,2.569791793823242
102,2.5274760723114014,3.9317266941070557,3.916422792826779e-05,0.03309580683708191,21.969743728637695,random_state,3.9317266941070557,0.767346203327179,0.23200233280658722,dataset_4_keyframe_1,2.770653247833252
103,2.5404558181762695,3.955932378768921,3.687540811370127e-05,0.033389538526535034,22.09991455078125,random_state,3.955932378768921,0.761059582233429,0.23315636813640594,dataset_4_keyframe_1,2.7689316272735596
104,2.543972969055176,3.96433162689209,3.916422792826779e-05,0.03304138407111168,22.18682098388672,random_state,3.96433162689209,0.7649170160293579,0.23370793461799622,dataset_4_keyframe_1,2.6906068325042725
105,2.514044761657715,3.923724412918091,3.916422792826779e-05,0.032371267676353455,22.066701889038086,random_state,3.923724412918091,0.7655029296875,0.22955603897571564,dataset_4_keyframe_1,2.681011438369751
106,2.540234327316284,3.963502883911133,3.3315023756586015e-05,0.03385315090417862,22.13494300842285,random_state,3.963502883911133,0.76617431640625,0.23451223969459534,dataset_4_keyframe_1,2.607771396636963
107,2.624067783355713,4.082647800445557,3.636678229668178e-05,0.035911817103624344,22.59592056274414,random_state,4.082647800445557,0.758801281452179,0.24385102093219757,dataset_4_keyframe_1,2.548682689666748
108,2.651970624923706,4.12249231338501,3.5095217754133046e-05,0.035607147961854935,22.963443756103516,random_state,4.12249231338501,0.750195324420929,0.24319277703762054,dataset_4_keyframe_1,2.974924087524414
109,2.6114113330841064,4.060401916503906,3.229777212254703e-05,0.03411407768726349,22.801095962524414,random_state,4.060401916503906,0.7562622427940369,0.23770995438098907,dataset_4_keyframe_1,2.9364867210388184
110,2.61885142326355,4.066265106201172,3.941854083677754e-05,0.035273998975753784,22.71880340576172,random_state,4.066265106201172,0.76190185546875,0.24057714641094208,dataset_4_keyframe_1,2.774280548095703
111,2.536752939224243,3.938295841217041,3.763834683923051e-05,0.032281748950481415,22.30164909362793,random_state,3.938295841217041,0.764050304889679,0.2290576547384262,dataset_4_keyframe_1,2.7038309574127197
112,2.5189554691314697,3.922576427459717,3.306071084807627e-05,0.0330708846449852,21.988727569580078,random_state,3.922576427459717,0.765454113483429,0.23107650876045227,dataset_4_keyframe_1,2.657618761062622
113,2.5312206745147705,3.9334421157836914,3.077189467148855e-05,0.03356526792049408,22.003215789794922,random_state,3.9334421157836914,0.7646728754043579,0.23266997933387756,dataset_4_keyframe_1,2.6330666542053223
114,2.537663221359253,3.942868709564209,4.170736065134406e-05,0.033548228442668915,22.03407859802246,random_state,3.942868709564209,0.7565063834190369,0.23322157561779022,dataset_4_keyframe_1,2.731041431427002
115,2.5340633392333984,3.9387094974517822,3.916422792826779e-05,0.03344828635454178,22.05497932434082,random_state,3.9387094974517822,0.761096179485321,0.23255041241645813,dataset_4_keyframe_1,2.5309715270996094
116,2.578399181365967,4.003770351409912,3.534953066264279e-05,0.034738924354314804,22.269624710083008,random_state,4.003770351409912,0.764599621295929,0.23911753296852112,dataset_4_keyframe_1,2.577970266342163
117,2.604977607727051,4.0348286628723145,3.2043459214037284e-05,0.035049695521593094,22.528478622436523,random_state,4.0348286628723145,0.7684082388877869,0.24090316891670227,dataset_4_keyframe_1,2.6328001022338867
118,2.603001117706299,4.028136253356934,3.534953066264279e-05,0.03458455577492714,22.597681045532227,random_state,4.028136253356934,0.780139148235321,0.24000966548919678,dataset_4_keyframe_1,2.424649477005005
119,2.6763439178466797,4.141296863555908,3.687540811370127e-05,0.03637899085879326,22.965192794799805,random_state,4.141296863555908,0.7774414420127869,0.24922767281532288,dataset_4_keyframe_1,2.6599879264831543
120,2.5774013996124268,3.99448561668396,3.611246938817203e-05,0.03269399330019951,22.68802261352539,random_state,3.99448561668396,0.777636706829071,0.2324542999267578,dataset_4_keyframe_1,2.65265154838562
121,2.5909321308135986,4.019400119781494,3.3315023756586015e-05,0.0346323661506176,22.50117301940918,random_state,4.019400119781494,0.777539074420929,0.23924420773983002,dataset_4_keyframe_1,2.6175882816314697
122,2.60668683052063,4.040889263153076,2.8228761948412284e-05,0.034658562391996384,22.646663665771484,random_state,4.040889263153076,0.777417004108429,0.239505335688591,dataset_4_keyframe_1,2.6107983589172363
123,2.6025753021240234,4.03773307800293,3.4332275390625e-05,0.03437042236328125,22.6782283782959,random_state,4.03773307800293,0.774218738079071,0.23829875886440277,dataset_4_keyframe_1,2.6406917572021484
124,2.6370816230773926,4.105120658874512,3.763834683923051e-05,0.03582407906651497,22.92288589477539,random_state,4.105120658874512,0.7698120474815369,0.24159927666187286,dataset_4_keyframe_1,2.7346768379211426
125,2.6666030883789062,4.146974086761475,3.356933666509576e-05,0.036202240735292435,23.187841415405273,random_state,4.146974086761475,0.778564453125,0.24432526528835297,dataset_4_keyframe_1,2.8982300758361816
126,2.6822006702423096,4.174954414367676,3.306071084807627e-05,0.036651868373155594,23.353330612182617,random_state,4.174954414367676,0.7855224609375,0.24733681976795197,dataset_4_keyframe_1,2.391111135482788
127,2.702467441558838,4.202510356903076,3.382364957360551e-05,0.03699875250458717,23.52598762512207,random_state,4.202510356903076,0.776611328125,0.2481006681919098,dataset_4_keyframe_1,2.5036215782165527
0,2.8591370582580566,4.467774391174316,3.611246938817203e-05,0.04066569358110428,25.26714515686035,shuffled_corrected,4.467774391174316,0.8287597894668579,0.26156529784202576,dataset_4_keyframe_1,0.0
1,2.989420175552368,4.693129062652588,3.687540811370127e-05,0.04427236318588257,26.089609146118164,shuffled_corrected,4.693129062652588,0.787707507610321,0.27551528811454773,dataset_4_keyframe_1,0.0
2,2.924616575241089,4.5102152824401855,2.6448569769854657e-05,0.04080480337142944,25.800128936767578,shuffled_corrected,4.5102152824401855,0.7858642935752869,0.2616409361362457,dataset_4_keyframe_1,0.0
3,2.9253156185150146,4.516224384307861,3.636678229668178e-05,0.041920728981494904,25.414400100708008,shuffled_corrected,4.516224384307861,0.7634521722793579,0.2648436427116394,dataset_4_keyframe_1,0.0
4,3.016301155090332,4.700344085693359,5.086263263365254e-05,0.04323781654238701,26.516366958618164,shuffled_corrected,4.700344085693359,0.7860107421875,0.27344661951065063,dataset_4_keyframe_1,0.0
5,2.966143846511841,4.597448348999023,4.374186391942203e-05,0.042600762099027634,25.73297882080078,shuffled_corrected,4.597448348999023,0.7894043326377869,0.27239790558815,dataset_4_keyframe_1,0.0
6,2.9416520595550537,4.525325775146484,4.2724612285383046e-05,0.041252899914979935,25.516456604003906,shuffled_corrected,4.525325775146484,0.7598633170127869,0.2672785222530365,dataset_4_keyframe_1,0.0
7,2.9248862266540527,4.50752592086792,2.695719558687415e-05,0.040785472840070724,25.82171630859375,shuffled_corrected,4.50752592086792,0.759350597858429,0.2607688009738922,dataset_4_keyframe_1,0.0
8,2.8762118816375732,4.4450154304504395,3.280639793956652e-05,0.04022878035902977,25.59507179260254,shuffled_corrected,4.4450154304504395,0.7560669183731079,0.255234956741333,dataset_4_keyframe_1,0.0
9,2.844789743423462,4.422228813171387,2.9500326490961015e-05,0.03903554379940033,25.23299789428711,shuffled_corrected,4.422228813171387,0.7577148675918579,0.25286298990249634,dataset_4_keyframe_1,0.0
10,2.813664436340332,4.358272552490234,2.3651124138268642e-05,0.03803812712430954,25.071001052856445,shuffled_corrected,4.358272552490234,0.7478882074356079,0.2464534342288971,dataset_4_keyframe_1,0.0
11,2.86629581451416,4.423089027404785,2.8737387765431777e-05,0.0402933768928051,25.088394165039062,shuffled_corrected,4.423089027404785,0.73834228515625,0.2541932761669159,dataset_4_keyframe_1,0.0
12,2.698113203048706,4.177934169769287,3.636678229668178e-05,0.03595352545380592,24.090763092041016,shuffled_corrected,4.177934169769287,0.7555908560752869,0.23872695863246918,dataset_4_keyframe_1,0.0
13,2.755917549133301,4.254210472106934,3.738403393072076e-05,0.037399038672447205,24.35982894897461,shuffled_corrected,4.254210472106934,0.749829113483429,0.24585118889808655,dataset_4_keyframe_1,0.0
14,2.8155529499053955,4.357200622558594,5.39143911737483e-05,0.039320122450590134,24.67394256591797,shuffled_corrected,4.357200622558594,0.751696765422821,0.25408169627189636,dataset_4_keyframe_1,0.0
15,2.810549020767212,4.324780464172363,3.48409048456233e-05,0.03910929709672928,24.65138816833496,shuffled_corrected,4.324780464172363,0.7359863519668579,0.2495797872543335,dataset_4_keyframe_1,0.0
16,2.7377119064331055,4.2253642082214355,4.069010537932627e-05,0.037723034620285034,24.182783126831055,shuffled_corrected,4.2253642082214355,0.737048327922821,0.24240818619728088,dataset_4_keyframe_1,0.0
17,2.871098518371582,4.401432991027832,3.2043459214037284e-05,0.03990631178021431,24.931421279907227,shuffled_corrected,4.401432991027832,0.7211670279502869,0.2528550326824188,dataset_4_keyframe_1,0.0
18,2.834989309310913,4.4091596603393555,4.679362245951779e-05,0.040207166224718094,24.5689754486084,shuffled_corrected,4.4091596603393555,0.74462890625,0.2593652009963989,dataset_4_keyframe_1,0.0
19,2.798332929611206,4.328774929046631,3.662109520519152e-05,0.03900604322552681,24.38028335571289,shuffled_corrected,4.328774929046631,0.734875500202179,0.25184378027915955,dataset_4_keyframe_1,0.0
20,2.881690263748169,4.407581329345703,2.848307485692203e-05,0.039547476917505264,25.12469482421875,shuffled_corrected,4.407581329345703,0.7200561761856079,0.25198933482170105,dataset_4_keyframe_1,0.0
21,2.7615041732788086,4.261811256408691,3.0263267035479657e-05,0.03806355968117714,24.197004318237305,shuffled_corrected,4.261811256408691,0.7334961295127869,0.24572555720806122,dataset_4_keyframe_1,0.0
22,2.839158296585083,4.358516216278076,3.1280520488508046e-05,0.039452873170375824,24.76152229309082,shuffled_corrected,4.358516216278076,0.709948718547821,0.24673627316951752,dataset_4_keyframe_1,0.0
23,2.842970132827759,4.391071796417236,2.466837759129703e-05,0.04003550484776497,24.532814025878906,shuffled_corrected,4.391071796417236,0.713671863079071,0.2534830570220947,dataset_4_keyframe_1,0.0
24,2.7075304985046387,4.166038513183594,3.0263267035479657e-05,0.036949921399354935,23.877788543701172,shuffled_corrected,4.166038513183594,0.7023559808731079,0.23198561370372772,dataset_4_keyframe_1,0.0
25,2.7472615242004395,4.228729724884033,3.229777212254703e-05,0.03674875944852829,23.95297622680664,shuffled_corrected,4.228729724884033,0.7025390863418579,0.24036698043346405,dataset_4_keyframe_1,0.0
26,2.735536813735962,4.231925010681152,3.840128920273855e-05,0.03814392164349556,23.664827346801758,shuffled_corrected,4.231925010681152,0.695300281047821,0.2422298938035965,dataset_4_keyframe_1,0.0
27,2.76042103767395,4.229320526123047,3.356933666509576e-05,0.03622487559914589,24.297657012939453,shuffled_corrected,4.229320526123047,0.679125964641571,0.23167191445827484,dataset_4_keyframe_1,0.0
28,2.6254146099090576,4.110240459442139,4.323323810240254e-05,0.03613179549574852,23.19239616394043,shuffled_corrected,4.110240459442139,0.699084460735321,0.2337939739227295,dataset_4_keyframe_1,0.0
29,2.6687326431274414,4.107417583465576,2.975463939947076e-05,0.034148916602134705,23.469602584838867,shuffled_corrected,4.107417583465576,0.66619873046875,0.22433094680309296,dataset_4_keyframe_1,0.0
30,2.589688301086426,3.9740025997161865,3.5858156479662284e-05,0.03162791207432747,22.7888240814209,shuffled_corrected,3.9740025997161865,0.6490845084190369,0.21191315352916718,dataset_4_keyframe_1,0.0
31,2.6182308197021484,3.993091106414795,3.178914630552754e-05,0.031193798407912254,23.332754135131836,shuffled_corrected,3.993091106414795,0.6510376334190369,0.21080057322978973,dataset_4_keyframe_1,0.0
32,2.591614246368408,4.0411505699157715,5.645752389682457e-05,0.034280143678188324,22.8946533203125,shuffled_corrected,4.0411505699157715,0.6546630859375,0.22324958443641663,dataset_4_keyframe_1,0.0
33,2.6061344146728516,3.9705498218536377,2.8991700673941523e-05,0.0305709857493639,23.285703659057617,shuffled_corrected,3.9705498218536377,0.631640613079071,0.20638446509838104,dataset_4_keyframe_1,0.0
34,2.6142330169677734,3.9882652759552,2.6194255042355508e-05,0.031260937452316284,23.338542938232422,shuffled_corrected,3.9882652759552,0.6243896484375,0.20683231949806213,dataset_4_keyframe_1,0.0
35,2.5132906436920166,3.899745225906372,5.137125845067203e-05,0.030780285596847534,22.381391525268555,shuffled_corrected,3.899745225906372,0.6408447623252869,0.2107408493757248,dataset_4_keyframe_1,0.0
36,2.4201014041900635,3.8550498485565186,7.400513277389109e-05,0.033023834228515625,21.615446090698242,shuffled_corrected,3.8550498485565186,0.671630859375,0.21794867515563965,dataset_4_keyframe_1,0.0
37,2.495781660079956,3.8619730472564697,4.0944418287836015e-05,0.03120117262005806,22.083559036254883,shuffled_corrected,3.8619730472564697,0.6562256217002869,0.21109478175640106,dataset_4_keyframe_1,0.0
38,2.4013638496398926,3.788191795349121,5.950927879894152e-05,0.03081817738711834,21.330354690551758,shuffled_corrected,3.788191795349121,0.657788097858429,0.2113206833600998,dataset_4_keyframe_1,0.0
39,2.5968616008758545,3.987673044204712,3.178914630552754e-05,0.032786816358566284,22.782289505004883,shuffled_corrected,3.987673044204712,0.665087878704071,0.2181391716003418,dataset_4_keyframe_1,0.0
40,2.6935203075408936,4.1860857009887695,4.62849966424983e-05,0.036900587379932404,23.438650131225586,shuffled_corrected,4.1860857009887695,0.6888183951377869,0.23902995884418488,dataset_4_keyframe_1,0.0
41,2.795877695083618,4.259053707122803,2.6702882678364404e-05,0.0368652381002903,24.710357666015625,shuffled_corrected,4.259053707122803,0.676281750202179,0.23086543381214142,dataset_4_keyframe_1,0.0
42,2.645198106765747,4.123844146728516,4.7302248276537284e-05,0.037073008716106415,22.716358184814453,shuffled_corrected,4.123844146728516,0.68743896484375,0.24022984504699707,dataset_4_keyframe_1,0.0
43,2.8260111808776855,4.30732536315918,2.848307485692203e-05,0.03686574473977089,24.903589248657227,shuffled_corrected,4.30732536315918,0.6844482421875,0.2353881150484085,dataset_4_keyframe_1,0.0
44,2.721674680709839,4.20174503326416,4.24702993768733e-05,0.037723034620285034,23.478654861450195,shuffled_corrected,4.20174503326416,0.6868042349815369,0.23911623656749725,dataset_4_keyframe_1,0.0
45,2.7674455642700195,4.226810932159424,2.6702882678364404e-05,0.03780212625861168,23.766986846923828,shuffled_corrected,4.226810932159424,0.678332507610321,0.2352573424577713,dataset_4_keyframe_1,0.0
46,2.846773386001587,4.346076011657715,3.4077962482115254e-05,0.03968505933880806,24.330337524414062,shuffled_corrected,4.346076011657715,0.679943859577179,0.24366040527820587,dataset_4_keyframe_1,0.0
47,2.8378913402557373,4.364419937133789,3.458659193711355e-05,0.04228515923023224,23.302642822265625,shuffled_corrected,4.364419937133789,0.6531738638877869,0.2519567012786865,dataset_4_keyframe_1,0.0
48,2.907315492630005,4.448437690734863,3.2043459214037284e-05,0.04173431545495987,24.836650848388672,shuffled_corrected,4.448437690734863,0.692395031452179,0.2506786286830902,dataset_4_keyframe_1,0.0
49,2.8838658332824707,4.45755672454834,3.840128920273855e-05,0.041322581470012665,24.69086456298828,shuffled_corrected,4.45755672454834,0.7177368402481079,0.2602779269218445,dataset_4_keyframe_1,0.0
50,2.929048776626587,4.536587238311768,3.4077962482115254e-05,0.04354502633213997,24.6896915435791,shuffled_corrected,4.536587238311768,0.70440673828125,0.2654127776622772,dataset_4_keyframe_1,0.0
51,2.929286241531372,4.472998142242432,3.306071084807627e-05,0.041412610560655594,25.16368865966797,shuffled_corrected,4.472998142242432,0.70623779296875,0.253420352935791,dataset_4_keyframe_1,0.0
52,2.849270820617676,4.35996150970459,4.018147956230678e-05,0.04061737284064293,24.142940521240234,shuffled_corrected,4.35996150970459,0.692211925983429,0.24892425537109375,dataset_4_keyframe_1,0.0
53,2.8141908645629883,4.319161891937256,4.119873119634576e-05,0.038422904908657074,24.62691879272461,shuffled_corrected,4.319161891937256,0.725109875202179,0.2466045469045639,dataset_4_keyframe_1,0.0
54,2.9143738746643066,4.452765941619873,2.8737387765431777e-05,0.043956249952316284,23.475645065307617,shuffled_corrected,4.452765941619873,0.622912585735321,0.2540558874607086,dataset_4_keyframe_1,0.0
55,2.827056407928467,4.327194690704346,3.306071084807627e-05,0.040262095630168915,23.88783073425293,shuffled_corrected,4.327194690704346,0.6781982779502869,0.24565482139587402,dataset_4_keyframe_1,0.0
56,3.1445322036743164,4.831488609313965,3.077189467148855e-05,0.049623873084783554,25.72755241394043,shuffled_corrected,4.831488609313965,0.679980456829071,0.28481754660606384,dataset_4_keyframe_1,0.0
57,3.1092419624328613,4.75472354888916,2.543131631682627e-05,0.05017268285155296,24.608121871948242,shuffled_corrected,4.75472354888916,0.6261841058731079,0.27678927779197693,dataset_4_keyframe_1,0.0
58,2.981192111968994,4.573256015777588,2.924601358245127e-05,0.042457837611436844,25.506507873535156,shuffled_corrected,4.573256015777588,0.719433605670929,0.2668805718421936,dataset_4_keyframe_1,0.0
59,3.023341417312622,4.629400730133057,3.3315023756586015e-05,0.04472631216049194,25.375503540039062,shuffled_corrected,4.629400730133057,0.705004870891571,0.2670968472957611,dataset_4_keyframe_1,0.0
60,2.982635736465454,4.576236724853516,2.593994213384576e-05,0.04460398480296135,24.80068016052246,shuffled_corrected,4.576236724853516,0.693432629108429,0.26881271600723267,dataset_4_keyframe_1,0.0
61,2.9784393310546875,4.563565254211426,3.5095217754133046e-05,0.04356766119599342,25.12625503540039,shuffled_corrected,4.563565254211426,0.7041015625,0.264972060918808,dataset_4_keyframe_1,0.0
62,3.0639090538024902,4.717920780181885,4.297892519389279e-05,0.04556834325194359,26.047231674194336,shuffled_corrected,4.717920780181885,0.7279297113418579,0.2732514441013336,dataset_4_keyframe_1,0.0
63,3.045706272125244,4.699465751647949,3.5095217754133046e-05,0.04373118281364441,26.24561882019043,shuffled_corrected,4.699465751647949,0.761706531047821,0.27963384985923767,dataset_4_keyframe_1,0.0
64,3.1337263584136963,4.814846515655518,3.636678229668178e-05,0.045816805213689804,26.847946166992188,shuffled_corrected,4.814846515655518,0.7408691644668579,0.2840289771556854,dataset_4_keyframe_1,0.0
65,3.144211530685425,4.862946510314941,4.24702993768733e-05,0.047523755580186844,26.793630599975586,shuffled_corrected,4.862946510314941,0.750537097454071,0.2896644175052643,dataset_4_keyframe_1,0.0
66,3.0876262187957764,4.775709629058838,3.7892659747740254e-05,0.04628346860408783,26.356409072875977,shuffled_corrected,4.775709629058838,0.751818835735321,0.2825344204902649,dataset_4_keyframe_1,0.0
67,3.0771820545196533,4.754236221313477,3.48409048456233e-05,0.04675344005227089,25.853191375732422,shuffled_corrected,4.754236221313477,0.7276977896690369,0.2796807289123535,dataset_4_keyframe_1,0.0
68,3.126753807067871,4.791452884674072,2.1362306142691523e-05,0.05106404796242714,24.666160583496094,shuffled_corrected,4.791452884674072,0.645886242389679,0.28169116377830505,dataset_4_keyframe_1,0.0
69,3.1095974445343018,4.780080318450928,3.0263267035479657e-05,0.04494374990463257,26.850618362426758,shuffled_corrected,4.780080318450928,0.745776355266571,0.2795829772949219,dataset_4_keyframe_1,0.0
70,3.052349805831909,4.686953544616699,2.390543704677839e-05,0.04612884670495987,25.239093780517578,shuffled_corrected,4.686953544616699,0.6954345703125,0.27641963958740234,dataset_4_keyframe_1,0.0
71,3.079313278198242,4.737364292144775,3.763834683923051e-05,0.044143933802843094,26.583620071411133,shuffled_corrected,4.737364292144775,0.7353882193565369,0.2737535834312439,dataset_4_keyframe_1,0.0
72,3.1662635803222656,4.84528112411499,2.772013431240339e-05,0.05193634331226349,24.89165687561035,shuffled_corrected,4.84528112411499,0.633544921875,0.2842544913291931,dataset_4_keyframe_1,0.0
73,3.035045623779297,4.693877696990967,5.137125845067203e-05,0.045125074684619904,25.90599250793457,shuffled_corrected,4.693877696990967,0.758544921875,0.28088876605033875,dataset_4_keyframe_1,0.0
74,2.955841541290283,4.526871681213379,2.8228761948412284e-05,0.0419108085334301,25.46498680114746,shuffled_corrected,4.526871681213379,0.7231079339981079,0.25872373580932617,dataset_4_keyframe_1,0.0
75,2.961885690689087,4.53156042098999,2.3396811229758896e-05,0.04405111074447632,24.55950355529785,shuffled_corrected,4.53156042098999,0.6861816644668579,0.2642064690589905,dataset_4_keyframe_1,0.0
76,3.1294355392456055,4.899960517883301,3.0517578125e-05,0.051503755152225494,25.060897827148438,shuffled_corrected,4.899960517883301,0.6357421875,0.2788824737071991,dataset_4_keyframe_1,0.0
77,3.056818723678589,4.801597595214844,2.390543704677839e-05,0.046861015260219574,25.569564819335938,shuffled_corrected,4.801597595214844,0.688732922077179,0.273384153842926,dataset_4_keyframe_1,0.0
78,3.1420960426330566,4.9515700340271,2.5177003408316523e-05,0.0499471053481102,26.274152755737305,shuffled_corrected,4.9515700340271,0.7079223990440369,0.28599175810813904,dataset_4_keyframe_1,0.0
79,3.0157105922698975,4.755123615264893,2.8737387765431777e-05,0.046014152467250824,25.53072166442871,shuffled_corrected,4.755123615264893,0.7041260004043579,0.27017197012901306,dataset_4_keyframe_1,0.0
80,2.8411307334899902,4.437151908874512,3.3315023756586015e-05,0.04097849875688553,24.211503982543945,shuffled_corrected,4.437151908874512,0.685168445110321,0.24671819806098938,dataset_4_keyframe_1,0.0
81,2.8397789001464844,4.393913745880127,3.0517578125e-05,0.04230804741382599,23.185089111328125,shuffled_corrected,4.393913745880127,0.6326904296875,0.2469598352909088,dataset_4_keyframe_1,0.0
82,2.81795597076416,4.332769393920898,3.4077962482115254e-05,0.04027862846851349,23.780227661132812,shuffled_corrected,4.332769393920898,0.6788086295127869,0.24416951835155487,dataset_4_keyframe_1,0.0
83,2.867701768875122,4.510438919067383,2.6702882678364404e-05,0.04049631953239441,25.223712921142578,shuffled_corrected,4.510438919067383,0.704882800579071,0.2404901534318924,dataset_4_keyframe_1,0.0
84,2.7484676837921143,4.2648515701293945,3.662109520519152e-05,0.03884633630514145,24.160364151000977,shuffled_corrected,4.2648515701293945,0.7571777701377869,0.24928513169288635,dataset_4_keyframe_1,0.0
85,2.8425047397613525,4.399842262268066,3.10262075799983e-05,0.039785515516996384,24.524715423583984,shuffled_corrected,4.399842262268066,0.695629894733429,0.2449389547109604,dataset_4_keyframe_1,0.0
86,2.7637226581573486,4.213717937469482,3.153483339701779e-05,0.03776601329445839,23.677764892578125,shuffled_corrected,4.213717937469482,0.680004894733429,0.2333497554063797,dataset_4_keyframe_1,0.0
87,2.792221784591675,4.262104511260986,3.280639793956652e-05,0.0357666052877903,25.254817962646484,shuffled_corrected,4.262104511260986,0.7272095084190369,0.2322000116109848,dataset_4_keyframe_1,0.0
88,2.8377208709716797,4.326150894165039,3.178914630552754e-05,0.040635935962200165,23.81103515625,shuffled_corrected,4.326150894165039,0.6734253168106079,0.24734902381896973,dataset_4_keyframe_1,0.0
89,2.7679104804992676,4.192881107330322,2.7974447220913135e-05,0.03458252176642418,24.537466049194336,shuffled_corrected,4.192881107330322,0.695239245891571,0.22592328488826752,dataset_4_keyframe_1,0.0
90,2.697706699371338,4.137733459472656,3.382364957360551e-05,0.03582509607076645,23.490869522094727,shuffled_corrected,4.137733459472656,0.6953125,0.23096831142902374,dataset_4_keyframe_1,0.0
91,2.7623562812805176,4.193878173828125,2.9500326490961015e-05,0.036248017102479935,24.170278549194336,shuffled_corrected,4.193878173828125,0.68646240234375,0.22861766815185547,dataset_4_keyframe_1,0.0
92,2.6850454807281494,4.099199295043945,3.534953066264279e-05,0.034905243664979935,23.46222686767578,shuffled_corrected,4.099199295043945,0.684924304485321,0.22609472274780273,dataset_4_keyframe_1,0.0
93,2.740711212158203,4.14091157913208,2.6194255042355508e-05,0.033645376563072205,24.476255416870117,shuffled_corrected,4.14091157913208,0.6921631097793579,0.22070422768592834,dataset_4_keyframe_1,0.0
94,2.6933579444885254,4.122692584991455,3.458659193711355e-05,0.037979383021593094,22.29543113708496,shuffled_corrected,4.122692584991455,0.6267456412315369,0.23153100907802582,dataset_4_keyframe_1,0.0
95,2.5743257999420166,3.9898574352264404,4.399617682793178e-05,0.03454234078526497,22.640140533447266,shuffled_corrected,3.9898574352264404,0.723254382610321,0.22913490235805511,dataset_4_keyframe_1,0.0
96,2.778714656829834,4.194288730621338,2.085368032567203e-05,0.03522339090704918,24.380342483520508,shuffled_corrected,4.194288730621338,0.671887218952179,0.22578521072864532,dataset_4_keyframe_1,0.0
97,2.6588222980499268,4.052462577819824,3.280639793956652e-05,0.035347241908311844,22.76397705078125,shuffled_corrected,4.052462577819824,0.6499267816543579,0.22283516824245453,dataset_4_keyframe_1,0.0
98,2.5143697261810303,3.92152738571167,5.0354006816633046e-05,0.033958692103624344,22.28718376159668,shuffled_corrected,3.92152738571167,0.739794909954071,0.22666387259960175,dataset_4_keyframe_1,0.0
99,2.698931932449341,4.06053352355957,2.8228761948412284e-05,0.032392632216215134,24.159011840820312,shuffled_corrected,4.06053352355957,0.6844848990440369,0.21442608535289764,dataset_4_keyframe_1,0.0
100,2.654559373855591,4.032286643981934,3.48409048456233e-05,0.035414889454841614,22.653005599975586,shuffled_corrected,4.032286643981934,0.648205578327179,0.22224567830562592,dataset_4_keyframe_1,0.0
101,2.659900665283203,4.039193153381348,2.772013431240339e-05,0.03432261198759079,23.12139320373535,shuffled_corrected,4.039193153381348,0.664050281047821,0.22138014435768127,dataset_4_keyframe_1,0.0
102,2.688420295715332,4.066049098968506,2.7974447220913135e-05,0.03382466733455658,23.616674423217773,shuffled_corrected,4.066049098968506,0.68011474609375,0.22100763022899628,dataset_4_keyframe_1,0.0
103,2.6284124851226807,4.026952266693115,3.636678229668178e-05,0.03430328518152237,23.062435150146484,shuffled_corrected,4.026952266693115,0.7013794183731079,0.22556447982788086,dataset_4_keyframe_1,0.0
104,2.7283997535705566,4.1223602294921875,2.7211508495383896e-05,0.034506481140851974,24.189905166625977,shuffled_corrected,4.1223602294921875,0.683154284954071,0.22160504758358002,dataset_4_keyframe_1,0.0
105,2.7024450302124023,4.088802337646484,3.280639793956652e-05,0.03454640880227089,23.734088897705078,shuffled_corrected,4.088802337646484,0.6701416373252869,0.21950934827327728,dataset_4_keyframe_1,0.0
106,2.7316925525665283,4.13551664352417,2.7974447220913135e-05,0.03599167242646217,23.6373291015625,shuffled_corrected,4.13551664352417,0.658276379108429,0.22321467101573944,dataset_4_keyframe_1,0.0
107,2.780837297439575,4.2202324867248535,2.848307485692203e-05,0.038284558802843094,23.25480842590332,shuffled_corrected,4.2202324867248535,0.6299072504043579,0.2351013869047165,dataset_4_keyframe_1,0.0
108,2.8005824089050293,4.258662700653076,2.848307485692203e-05,0.04070333018898964,22.644882202148438,shuffled_corrected,4.258662700653076,0.5994018912315369,0.24114064872264862,dataset_4_keyframe_1,0.0
109,2.7443981170654297,4.182547092437744,3.0263267035479657e-05,0.038149263709783554,22.992029190063477,shuffled_corrected,4.182547092437744,0.631665050983429,0.2337878793478012,dataset_4_keyframe_1,0.0
110,2.749563217163086,4.181098937988281,3.077189467148855e-05,0.03747507929801941,23.228544235229492,shuffled_corrected,4.181098937988281,0.648999035358429,0.23400907218456268,dataset_4_keyframe_1,0.0
111,2.648195505142212,4.042939186096191,3.5858156479662284e-05,0.035453543066978455,22.626262664794922,shuffled_corrected,4.042939186096191,0.655566394329071,0.22495436668395996,dataset_4_keyframe_1,0.0
112,2.6636440753936768,4.052426815032959,3.306071084807627e-05,0.03526102751493454,22.752025604248047,shuffled_corrected,4.052426815032959,0.650830090045929,0.22301630675792694,dataset_4_keyframe_1,0.0
113,2.6805458068847656,4.071819305419922,3.534953066264279e-05,0.03622843697667122,22.578271865844727,shuffled_corrected,4.071819305419922,0.6329590082168579,0.22509895265102386,dataset_4_keyframe_1,0.0
114,2.69513201713562,4.095056533813477,3.992716665379703e-05,0.03774109110236168,22.033313751220703,shuffled_corrected,4.095056533813477,0.602673351764679,0.22833271324634552,dataset_4_keyframe_1,0.0
115,2.696229934692383,4.089001655578613,3.382364957360551e-05,0.03618215024471283,22.763294219970703,shuffled_corrected,4.089001655578613,0.633618175983429,0.2237211912870407,dataset_4_keyframe_1,0.0
116,2.753235101699829,4.163198471069336,3.077189467148855e-05,0.03642425686120987,23.742355346679688,shuffled_corrected,4.163198471069336,0.666552722454071,0.22578871250152588,dataset_4_keyframe_1,0.0
117,2.7701573371887207,4.17927360534668,2.466837759129703e-05,0.036144766956567764,24.075410842895508,shuffled_corrected,4.17927360534668,0.6822509765625,0.22823409736156464,dataset_4_keyframe_1,0.0
118,2.773531675338745,4.181536674499512,2.975463939947076e-05,0.03537954017519951,24.388412475585938,shuffled_corrected,4.181536674499512,0.691723644733429,0.2267417460680008,dataset_4_keyframe_1,0.0
119,2.7580413818359375,4.210409164428711,3.077189467148855e-05,0.037346143275499344,23.692230224609375,shuffled_corrected,4.210409164428711,0.705639660358429,0.24127797782421112,dataset_4_keyframe_1,0.0
120,2.6111817359924316,4.044418811798096,4.069010537932627e-05,0.036357372999191284,22.48602867126465,shuffled_corrected,4.044418811798096,0.697375476360321,0.23321533203125,dataset_4_keyframe_1,0.0
121,2.749711275100708,4.158044815063477,2.9500326490961015e-05,0.03584950789809227,23.917530059814453,shuffled_corrected,4.158044815063477,0.690014660358429,0.22808969020843506,dataset_4_keyframe_1,0.0
122,2.752427816390991,4.177237033843994,3.077189467148855e-05,0.03724314644932747,23.579782485961914,shuffled_corrected,4.177237033843994,0.666271984577179,0.23096375167369843,dataset_4_keyframe_1,0.0
123,2.7350246906280518,4.163280963897705,3.10262075799983e-05,0.03783417120575905,23.111648559570312,shuffled_corrected,4.163280963897705,0.656750500202179,0.23101508617401123,dataset_4_keyframe_1,0.0
124,2.8174073696136475,4.2634663581848145,2.4159749955288135e-05,0.036095939576625824,24.874052047729492,shuffled_corrected,4.2634663581848145,0.690417468547821,0.2273811399936676,dataset_4_keyframe_1,0.0
125,2.7226762771606445,4.2068305015563965,3.534953066264279e-05,0.03919016569852829,23.121734619140625,shuffled_corrected,4.2068305015563965,0.688159167766571,0.24172106385231018,dataset_4_keyframe_1,0.0
126,2.716184616088867,4.22597599029541,6.332397606456652e-05,0.03840484842658043,23.4478816986084,shuffled_corrected,4.22597599029541,0.7285522818565369,0.24606171250343323,dataset_4_keyframe_1,0.0
127,2.835015058517456,4.329472541809082,3.1280520488508046e-05,0.040177155286073685,23.792823791503906,shuffled_corrected,4.329472541809082,0.6475586295127869,0.24079370498657227,dataset_4_keyframe_1,0.0
0,2.8591370582580566,4.467774391174316,3.611246938817203e-05,0.04066569358110428,25.26714515686035,prev_current,4.467774391174316,0.8287597894668579,0.26156529784202576,dataset_4_keyframe_1,0.0
1,2.9697160720825195,4.713272571563721,0.00010147095599677414,0.039999138563871384,26.432270050048828,prev_current,4.713272571563721,0.828808605670929,0.26354724168777466,dataset_4_keyframe_1,4.467768669128418
2,2.872215509414673,4.476475715637207,6.230672443052754e-05,0.03729604184627533,25.229576110839844,prev_current,4.476475715637207,0.828906238079071,0.2553038001060486,dataset_4_keyframe_1,4.713266849517822
3,2.884411096572876,4.48938512802124,7.756551349302754e-05,0.037452444434165955,25.318084716796875,prev_current,4.48938512802124,0.828625500202179,0.25619253516197205,dataset_4_keyframe_1,4.476471424102783
4,2.9741671085357666,4.673032283782959,5.620321098831482e-05,0.04041900858283043,26.410341262817383,prev_current,4.673032283782959,0.828625500202179,0.264924019575119,dataset_4_keyframe_1,4.4893798828125
5,2.933773994445801,4.579545497894287,7.069906132528558e-05,0.03856557235121727,25.830856323242188,prev_current,4.579545497894287,0.82806396484375,0.26176130771636963,dataset_4_keyframe_1,4.673027038574219
6,2.9027156829833984,4.523229122161865,6.383260188158602e-05,0.03831431269645691,25.506166458129883,prev_current,4.523229122161865,0.829052746295929,0.2597291171550751,dataset_4_keyframe_1,4.579541206359863
7,2.8665342330932617,4.485133171081543,7.120768714230508e-05,0.037500254809856415,25.30457305908203,prev_current,4.485133171081543,0.8282837271690369,0.25708505511283875,dataset_4_keyframe_1,4.523224353790283
8,2.8112127780914307,4.415232181549072,5.747477553086355e-05,0.03672383725643158,24.912378311157227,prev_current,4.415232181549072,0.8255249261856079,0.2521427273750305,dataset_4_keyframe_1,4.485128402709961
9,2.7923226356506348,4.4164886474609375,8.188883657567203e-05,0.035962171852588654,24.917997360229492,prev_current,4.4164886474609375,0.822033703327179,0.2500404417514801,dataset_4_keyframe_1,4.415227890014648
10,2.737215042114258,4.333763122558594,7.197062222985551e-05,0.034811656922101974,24.44319725036621,prev_current,4.333763122558594,0.8202148675918579,0.24511776864528656,dataset_4_keyframe_1,4.4164838790893555
11,2.7911860942840576,4.3992109298706055,6.91731838742271e-05,0.036238353699445724,24.80684471130371,prev_current,4.3992109298706055,0.816650390625,0.25012683868408203,dataset_4_keyframe_1,4.33375883102417
12,2.640650987625122,4.1589131355285645,6.663004751317203e-05,0.03246256709098816,23.430744171142578,prev_current,4.1589131355285645,0.8147827386856079,0.2357487976551056,dataset_4_keyframe_1,4.399206161499023
13,2.6982150077819824,4.238358974456787,6.866455078125e-05,0.03343098983168602,23.883975982666016,prev_current,4.238358974456787,0.813854992389679,0.24202485382556915,dataset_4_keyframe_1,4.158908843994141
14,2.772012948989868,4.344001770019531,6.993611896177754e-05,0.035289257764816284,24.440330505371094,prev_current,4.344001770019531,0.8106933832168579,0.2485128492116928,dataset_4_keyframe_1,4.238354682922363
15,2.7279937267303467,4.283000946044922,6.078084697946906e-05,0.034162141382694244,24.08677101135254,prev_current,4.283000946044922,0.8097900748252869,0.24469724297523499,dataset_4_keyframe_1,4.343997478485107
16,2.668991804122925,4.192178726196289,6.612142169615254e-05,0.03271738812327385,23.573421478271484,prev_current,4.192178726196289,0.807263195514679,0.2393292486667633,dataset_4_keyframe_1,4.282996654510498
17,2.777010202407837,4.361624240875244,6.663004751317203e-05,0.035558320581912994,24.5122127532959,prev_current,4.361624240875244,0.803820788860321,0.24909813702106476,dataset_4_keyframe_1,4.192174911499023
18,2.799259662628174,4.401227951049805,6.96818096912466e-05,0.036015067249536514,24.711030960083008,prev_current,4.401227951049805,0.802734375,0.25088271498680115,dataset_4_keyframe_1,4.36161994934082
19,2.743939161300659,4.308661937713623,6.383260188158602e-05,0.034937795251607895,24.18899917602539,prev_current,4.308661937713623,0.8035888671875,0.24578022956848145,dataset_4_keyframe_1,4.401224136352539
20,2.7857394218444824,4.362537860870361,7.120768714230508e-05,0.036029309034347534,24.493303298950195,prev_current,4.362537860870361,0.802600085735321,0.24973896145820618,dataset_4_keyframe_1,4.308657169342041
21,2.69115948677063,4.222123146057129,5.77290884393733e-05,0.03336792066693306,23.69657325744629,prev_current,4.222123146057129,0.8017578125,0.24058499932289124,dataset_4_keyframe_1,4.3625335693359375
22,2.7404186725616455,4.311800956726074,5.7983401347883046e-05,0.035259246826171875,24.219083786010742,prev_current,4.311800956726074,0.799853503704071,0.24561236798763275,dataset_4_keyframe_1,4.222118377685547
23,2.757777452468872,4.337185382843018,7.781983003951609e-05,0.035163626074790955,24.33340072631836,prev_current,4.337185382843018,0.797253429889679,0.24729768931865692,dataset_4_keyframe_1,4.311796188354492
24,2.5937018394470215,4.087963581085205,5.9763595345430076e-05,0.0312601737678051,22.941936492919922,prev_current,4.087963581085205,0.7911743521690369,0.23180733621120453,dataset_4_keyframe_1,4.3371806144714355
25,2.6441798210144043,4.162955284118652,8.188883657567203e-05,0.032612867653369904,23.367504119873047,prev_current,4.162955284118652,0.785449206829071,0.23693613708019257,dataset_4_keyframe_1,4.087959289550781
26,2.6383492946624756,4.173981666564941,8.087158494163305e-05,0.032683566212654114,23.391651153564453,prev_current,4.173981666564941,0.777880847454071,0.23643270134925842,dataset_4_keyframe_1,4.1629509925842285
27,2.6003241539001465,4.1328206062316895,7.222493877634406e-05,0.031844839453697205,23.176904678344727,prev_current,4.1328206062316895,0.77056884765625,0.2326340228319168,dataset_4_keyframe_1,4.173976898193359
28,2.5533206462860107,4.075573921203613,7.807413931004703e-05,0.031201936304569244,22.857423782348633,prev_current,4.075573921203613,0.764355480670929,0.22890649735927582,dataset_4_keyframe_1,4.132815837860107
29,2.5113837718963623,4.014266014099121,8.44319729367271e-05,0.030686698853969574,22.49005126953125,prev_current,4.014266014099121,0.7568603754043579,0.22482739388942719,dataset_4_keyframe_1,4.0755696296691895
30,2.394850254058838,3.848966360092163,8.519490802427754e-05,0.027288565412163734,21.56951332092285,prev_current,3.848966360092163,0.749523937702179,0.2139674872159958,dataset_4_keyframe_1,4.014261245727539
31,2.3935000896453857,3.848332166671753,8.926392183639109e-05,0.027951305732131004,21.579206466674805,prev_current,3.848332166671753,0.74444580078125,0.21480286121368408,dataset_4_keyframe_1,3.84896183013916
32,2.4613168239593506,3.9732894897460938,9.409587073605508e-05,0.030312348157167435,22.29796028137207,prev_current,3.9732894897460938,0.7358765006065369,0.21979761123657227,dataset_4_keyframe_1,3.84832763671875
33,2.3591809272766113,3.826373815536499,8.977254765341058e-05,0.02732747606933117,21.456605911254883,prev_current,3.826373815536499,0.727648913860321,0.20969854295253754,dataset_4_keyframe_1,3.973284959793091
34,2.3551127910614014,3.8347129821777344,0.00010452271089889109,0.027644604444503784,21.53214454650879,prev_current,3.8347129821777344,0.7203613519668579,0.2100255787372589,dataset_4_keyframe_1,3.826369285583496
35,2.354886054992676,3.8170599937438965,8.977254765341058e-05,0.02732544019818306,21.39314079284668,prev_current,3.8170599937438965,0.7247681021690369,0.20949070155620575,dataset_4_keyframe_1,3.8347084522247314
36,2.395540475845337,3.8573057651519775,6.91731838742271e-05,0.02809957042336464,21.628087997436523,prev_current,3.8573057651519775,0.733081042766571,0.21357746422290802,dataset_4_keyframe_1,3.8170554637908936
37,2.3540985584259033,3.7818052768707275,7.629395258845761e-05,0.026376089081168175,21.208982467651367,prev_current,3.7818052768707275,0.7403931021690369,0.20954342186450958,dataset_4_keyframe_1,3.8573012351989746
38,2.352904796600342,3.771042585372925,7.400513277389109e-05,0.02610626444220543,21.16474151611328,prev_current,3.771042585372925,0.748034656047821,0.21000723540782928,dataset_4_keyframe_1,3.7818007469177246
39,2.4513752460479736,3.899207353591919,7.476806786144152e-05,0.028554027900099754,21.859912872314453,prev_current,3.899207353591919,0.756298840045929,0.21904651820659637,dataset_4_keyframe_1,3.7710378170013428
40,2.6222610473632812,4.150436878204346,7.400513277389109e-05,0.032634228467941284,23.272579193115234,prev_current,4.150436878204346,0.766223132610321,0.23424997925758362,dataset_4_keyframe_1,3.899202585220337
41,2.6209897994995117,4.14042854309082,7.222493877634406e-05,0.03248545527458191,23.202043533325195,prev_current,4.14042854309082,0.769457995891571,0.23375900089740753,dataset_4_keyframe_1,4.150432586669922
42,2.620539426803589,4.128836631774902,6.103515625e-05,0.032446037977933884,23.149181365966797,prev_current,4.128836631774902,0.7731079459190369,0.23258094489574432,dataset_4_keyframe_1,4.1404242515563965
43,2.6718878746032715,4.2019734382629395,8.366903057321906e-05,0.03306477889418602,23.554475784301758,prev_current,4.2019734382629395,0.777941882610321,0.23818545043468475,dataset_4_keyframe_1,4.12883186340332
44,2.6500463485717773,4.163057327270508,5.7983401347883046e-05,0.03285013884305954,23.34880828857422,prev_current,4.163057327270508,0.782604992389679,0.23533348739147186,dataset_4_keyframe_1,4.201968669891357
45,2.642076253890991,4.144364356994629,6.866455078125e-05,0.03264211118221283,23.268272399902344,prev_current,4.144364356994629,0.78619384765625,0.234686017036438,dataset_4_keyframe_1,4.163052558898926
46,2.7308578491210938,4.269242286682129,6.4849853515625e-05,0.03460235893726349,23.949739456176758,prev_current,4.269242286682129,0.7916626334190369,0.24293649196624756,dataset_4_keyframe_1,4.144359111785889
47,2.754042625427246,4.308382511138916,6.91731838742271e-05,0.034522756934165955,24.198482513427734,prev_current,4.308382511138916,0.7978515625,0.2443782389163971,dataset_4_keyframe_1,4.269237041473389
48,2.7868566513061523,4.3537445068359375,7.68025784054771e-05,0.03493703529238701,24.468523025512695,prev_current,4.3537445068359375,0.8000732660293579,0.24756203591823578,dataset_4_keyframe_1,4.308377742767334
49,2.8549740314483643,4.457655906677246,5.594889444182627e-05,0.03631210699677467,25.063365936279297,prev_current,4.457655906677246,0.8064819574356079,0.25396257638931274,dataset_4_keyframe_1,4.353739261627197
50,2.8894999027252197,4.520647048950195,6.15437893429771e-05,0.038205720484256744,25.43809700012207,prev_current,4.520647048950195,0.807373046875,0.25666117668151855,dataset_4_keyframe_1,4.457650661468506
51,2.82966685295105,4.417181491851807,5.6711836805334315e-05,0.03658345714211464,24.841535568237305,prev_current,4.417181491851807,0.8111328482627869,0.25160881876945496,dataset_4_keyframe_1,4.520641803741455
52,2.759840250015259,4.30033016204834,6.58671124256216e-05,0.03508555144071579,24.215553283691406,prev_current,4.30033016204834,0.8125244379043579,0.24502868950366974,dataset_4_keyframe_1,4.417176246643066
53,2.7604148387908936,4.300559997558594,6.561279587913305e-05,0.03501434624195099,24.22547149658203,prev_current,4.300559997558594,0.81304931640625,0.2458939552307129,dataset_4_keyframe_1,4.3003249168396
54,2.7902157306671143,4.35560941696167,6.408691842807457e-05,0.03605041652917862,24.562231063842773,prev_current,4.35560941696167,0.8158813714981079,0.24872973561286926,dataset_4_keyframe_1,4.3005547523498535
55,2.727464199066162,4.263336181640625,6.942749314475805e-05,0.03513234481215477,24.04668617248535,prev_current,4.263336181640625,0.818127453327179,0.2428167313337326,dataset_4_keyframe_1,4.355604648590088
56,3.070323944091797,4.774203300476074,7.934570749057457e-05,0.0408376082777977,26.953330993652344,prev_current,4.774203300476074,0.8201050162315369,0.27606621384620667,dataset_4_keyframe_1,4.263331413269043
57,2.996858835220337,4.667282581329346,4.196167355985381e-05,0.039795685559511185,26.29647445678711,prev_current,4.667282581329346,0.8220459222793579,0.2671090066432953,dataset_4_keyframe_1,4.774198532104492
58,2.9218506813049316,4.547217845916748,4.4759115553461015e-05,0.03839772567152977,25.647201538085938,prev_current,4.547217845916748,0.82391357421875,0.26074567437171936,dataset_4_keyframe_1,4.667277812957764
59,2.936196804046631,4.562377452850342,5.9763595345430076e-05,0.038740795105695724,25.73548698425293,prev_current,4.562377452850342,0.8254638910293579,0.2617827355861664,dataset_4_keyframe_1,4.547213077545166
60,2.919147491455078,4.536497116088867,7.29878811398521e-05,0.038490552455186844,25.58987045288086,prev_current,4.536497116088867,0.8262695670127869,0.2600304186344147,dataset_4_keyframe_1,4.562372207641602
61,2.8994650840759277,4.506209373474121,7.807413931004703e-05,0.03821919858455658,25.432388305664062,prev_current,4.506209373474121,0.828320324420929,0.2583974003791809,dataset_4_keyframe_1,4.536491870880127
62,2.9869019985198975,4.6602277755737305,0.00010986328561557457,0.03950348123908043,26.29954719543457,prev_current,4.6602277755737305,0.8294922113418579,0.2671787440776825,dataset_4_keyframe_1,4.506204128265381
63,3.0175960063934326,4.7033538818359375,6.713867333019152e-05,0.040133412927389145,26.529136657714844,prev_current,4.7033538818359375,0.8305420279502869,0.27045607566833496,dataset_4_keyframe_1,4.66022253036499
64,3.083326816558838,4.798874855041504,8.087158494163305e-05,0.0420888289809227,27.05528450012207,prev_current,4.798874855041504,0.8291992545127869,0.2764018177986145,dataset_4_keyframe_1,4.7033491134643555
65,3.1131293773651123,4.8606462478637695,6.179809861350805e-05,0.04360046610236168,27.395923614501953,prev_current,4.8606462478637695,0.8304809927940369,0.27910372614860535,dataset_4_keyframe_1,4.798870086669922
66,3.053391695022583,4.768587589263916,6.256104097701609e-05,0.041480258107185364,26.878856658935547,prev_current,4.768587589263916,0.831921398639679,0.27304062247276306,dataset_4_keyframe_1,4.860641956329346
67,3.0088744163513184,4.698140621185303,7.29878811398521e-05,0.040191397070884705,26.503278732299805,prev_current,4.698140621185303,0.832141101360321,0.2686958909034729,dataset_4_keyframe_1,4.768582820892334
68,3.0165672302246094,4.699245452880859,7.146199641283602e-05,0.04017181694507599,26.513797760009766,prev_current,4.699245452880859,0.8319336175918579,0.26980701088905334,dataset_4_keyframe_1,4.698136329650879
69,3.0579488277435303,4.766698360443115,7.146199641283602e-05,0.04128545522689819,26.89461898803711,prev_current,4.766698360443115,0.8322387933731079,0.27365773916244507,dataset_4_keyframe_1,4.699240684509277
70,2.987192392349243,4.6483917236328125,6.332397606456652e-05,0.03937073051929474,26.209163665771484,prev_current,4.6483917236328125,0.8311523795127869,0.266658216714859,dataset_4_keyframe_1,4.766694068908691
71,3.0119073390960693,4.709428310394287,8.646647620480508e-05,0.040253959596157074,26.58781623840332,prev_current,4.709428310394287,0.830578625202179,0.2691892981529236,dataset_4_keyframe_1,4.6483869552612305
72,3.0422258377075195,4.742722511291504,6.96818096912466e-05,0.041281383484601974,26.723562240600586,prev_current,4.742722511291504,0.8295044302940369,0.27238431572914124,dataset_4_keyframe_1,4.709423542022705
73,3.005037546157837,4.6774725914001465,7.858276512706652e-05,0.040321096777915955,26.34601402282715,prev_current,4.6774725914001465,0.8287109732627869,0.2689254581928253,dataset_4_keyframe_1,4.742717742919922
74,2.8731586933135986,4.48628044128418,5.9763595345430076e-05,0.0374094657599926,25.305505752563477,prev_current,4.48628044128418,0.828369140625,0.25635936856269836,dataset_4_keyframe_1,4.6774678230285645
75,2.868812084197998,4.4661712646484375,6.383260188158602e-05,0.03779220953583717,25.18534278869629,prev_current,4.4661712646484375,0.82745361328125,0.2564263939857483,dataset_4_keyframe_1,4.486275672912598
76,2.994501829147339,4.773685932159424,9.078979928744957e-05,0.041898857802152634,26.970827102661133,prev_current,4.773685932159424,0.8271728754043579,0.26788240671157837,dataset_4_keyframe_1,4.4661664962768555
77,2.964982509613037,4.73452615737915,7.120768714230508e-05,0.0414784774184227,26.699975967407227,prev_current,4.73452615737915,0.8260498046875,0.2648029029369354,dataset_4_keyframe_1,4.773680686950684
78,3.0678513050079346,4.885416507720947,7.858276512706652e-05,0.04340973123908043,27.569625854492188,prev_current,4.885416507720947,0.825927734375,0.2746477425098419,dataset_4_keyframe_1,4.73452091217041
79,2.9319584369659424,4.6889119148254395,6.53584866086021e-05,0.04077428579330444,26.419918060302734,prev_current,4.6889119148254395,0.8251709342002869,0.26183441281318665,dataset_4_keyframe_1,4.885411739349365
80,2.72489070892334,4.3529582023620605,7.197062222985551e-05,0.036044057458639145,24.551151275634766,prev_current,4.3529582023620605,0.8248047232627869,0.24336199462413788,dataset_4_keyframe_1,4.688907623291016
81,2.692291259765625,4.269519329071045,8.697510202182457e-05,0.03476562723517418,24.09437370300293,prev_current,4.269519329071045,0.82427978515625,0.2410716563463211,dataset_4_keyframe_1,4.352953910827637
82,2.6991126537323,4.243697643280029,0.00010274251690134406,0.034733839333057404,23.938997268676758,prev_current,4.243697643280029,0.8234497308731079,0.241756871342659,dataset_4_keyframe_1,4.269514560699463
83,2.7250330448150635,4.398042678833008,9.028117347043008e-05,0.036880750209093094,24.846412658691406,prev_current,4.398042678833008,0.82122802734375,0.2438226044178009,dataset_4_keyframe_1,4.2436933517456055
84,2.7177000045776367,4.26959228515625,0.00010147095599677414,0.03470967710018158,24.052160263061523,prev_current,4.26959228515625,0.82147216796875,0.2436736822128296,dataset_4_keyframe_1,4.398037910461426
85,2.727911949157715,4.318488121032715,7.247925532283261e-05,0.0354512557387352,24.33498764038086,prev_current,4.318488121032715,0.819323718547821,0.24507199227809906,dataset_4_keyframe_1,4.269587993621826
86,2.6195855140686035,4.109033584594727,8.163452730514109e-05,0.03275451809167862,23.132831573486328,prev_current,4.109033584594727,0.817614734172821,0.2346905916929245,dataset_4_keyframe_1,4.318483829498291
87,2.658531427383423,4.160037994384766,8.519490802427754e-05,0.03363952785730362,23.440412521362305,prev_current,4.160037994384766,0.815136730670929,0.23852434754371643,dataset_4_keyframe_1,4.109029293060303
88,2.719709873199463,4.245810508728027,6.866455078125e-05,0.03552144393324852,23.898845672607422,prev_current,4.245810508728027,0.8149780631065369,0.24488578736782074,dataset_4_keyframe_1,4.1600341796875
89,2.589473009109497,4.066387176513672,6.637573824264109e-05,0.03201141580939293,22.876054763793945,prev_current,4.066387176513672,0.811328113079071,0.2324514389038086,dataset_4_keyframe_1,4.245806694030762
90,2.578155994415283,4.058894157409668,6.993611896177754e-05,0.03225148841738701,22.85943031311035,prev_current,4.058894157409668,0.810717761516571,0.23180070519447327,dataset_4_keyframe_1,4.066383361816406
91,2.589832067489624,4.073441982269287,9.994507126975805e-05,0.032423149794340134,22.944787979125977,prev_current,4.073441982269287,0.8084473013877869,0.23293130099773407,dataset_4_keyframe_1,4.058890342712402
92,2.537980556488037,3.9953246116638184,8.850097947288305e-05,0.03097330965101719,22.507173538208008,prev_current,3.9953246116638184,0.8060669302940369,0.2283199280500412,dataset_4_keyframe_1,4.073437690734863
93,2.5328757762908936,3.9885060787200928,0.0001073201565304771,0.03097890317440033,22.458187103271484,prev_current,3.9885060787200928,0.802722156047821,0.22790081799030304,dataset_4_keyframe_1,3.9953207969665527
94,2.531595468521118,4.003596305847168,9.078979928744957e-05,0.03107503429055214,22.556989669799805,prev_current,4.003596305847168,0.8022827506065369,0.22806201875209808,dataset_4_keyframe_1,3.988502264022827
95,2.5144827365875244,3.975458860397339,0.00011367798288119957,0.031198376789689064,22.37582015991211,prev_current,3.975458860397339,0.8002075552940369,0.2268359214067459,dataset_4_keyframe_1,4.003592491149902
96,2.5673508644104004,4.04270601272583,0.00011622111924225464,0.031964369118213654,22.763317108154297,prev_current,4.04270601272583,0.7983642816543579,0.23171544075012207,dataset_4_keyframe_1,3.975454807281494
97,2.4762990474700928,3.925825834274292,8.595785038778558e-05,0.02979126200079918,22.11764907836914,prev_current,3.925825834274292,0.79638671875,0.22261753678321838,dataset_4_keyframe_1,4.0427021980285645
98,2.480404853820801,3.923891067504883,9.689331636764109e-05,0.02981974370777607,22.106340408325195,prev_current,3.923891067504883,0.796496570110321,0.22298696637153625,dataset_4_keyframe_1,3.9258220195770264
99,2.460613489151001,3.8858120441436768,9.663899982115254e-05,0.02923685871064663,21.86882781982422,prev_current,3.8858120441436768,0.796582043170929,0.22150173783302307,dataset_4_keyframe_1,3.923887252807617
100,2.478841781616211,3.914301633834839,0.00010325114271836355,0.02964223362505436,22.043228149414062,prev_current,3.914301633834839,0.7943969964981079,0.22331486642360687,dataset_4_keyframe_1,3.885808229446411
101,2.476139545440674,3.914346933364868,9.841919381869957e-05,0.02981415018439293,22.03663444519043,prev_current,3.914346933364868,0.795520007610321,0.22286072373390198,dataset_4_keyframe_1,3.9142978191375732
102,2.491452693939209,3.9396793842315674,0.00010172526526730508,0.03034312091767788,22.180286407470703,prev_current,3.9396793842315674,0.794677734375,0.224407359957695,dataset_4_keyframe_1,3.9143433570861816
103,2.5056984424591064,3.9657137393951416,0.00010833740816451609,0.03061167523264885,22.32765007019043,prev_current,3.9657137393951416,0.79388427734375,0.225660040974617,dataset_4_keyframe_1,3.939675807952881
104,2.511192560195923,3.9778425693511963,9.358724491903558e-05,0.030446626245975494,22.39041519165039,prev_current,3.9778425693511963,0.793383777141571,0.22648659348487854,dataset_4_keyframe_1,3.965710163116455
105,2.4781970977783203,3.936042308807373,8.188883657567203e-05,0.030352022498846054,22.15972137451172,prev_current,3.936042308807373,0.793042004108429,0.2233022302389145,dataset_4_keyframe_1,3.9778389930725098
106,2.511434555053711,3.9799728393554688,0.0001035054592648521,0.030984245240688324,22.40277862548828,prev_current,3.9799728393554688,0.7924438714981079,0.22662125527858734,dataset_4_keyframe_1,3.9360387325286865
107,2.5935163497924805,4.097117900848389,0.00010096232290379703,0.032219696789979935,23.04352569580078,prev_current,4.097117900848389,0.792980968952179,0.23329882323741913,dataset_4_keyframe_1,3.9799692630767822
108,2.61287522315979,4.129680633544922,9.943644545273855e-05,0.032334648072719574,23.20343017578125,prev_current,4.129680633544922,0.7930908203125,0.2350272685289383,dataset_4_keyframe_1,4.097114562988281
109,2.562487840652466,4.065189361572266,9.435018728254363e-05,0.03142039105296135,22.853187561035156,prev_current,4.065189361572266,0.7951416373252869,0.23054423928260803,dataset_4_keyframe_1,4.1296772956848145
110,2.57694149017334,4.075471878051758,8.850097947288305e-05,0.031879935413599014,22.9105224609375,prev_current,4.075471878051758,0.7952514886856079,0.23187699913978577,dataset_4_keyframe_1,4.065186023712158
111,2.486800193786621,3.946979284286499,8.468628220725805e-05,0.03017883375287056,22.200069427490234,prev_current,3.946979284286499,0.795886218547821,0.2231527864933014,dataset_4_keyframe_1,4.07546854019165
112,2.476736307144165,3.9327948093414307,9.282430255552754e-05,0.030063631013035774,22.117582321166992,prev_current,3.9327948093414307,0.7984863519668579,0.2229062169790268,dataset_4_keyframe_1,3.9469757080078125
113,2.491987705230713,3.9452526569366455,9.841919381869957e-05,0.030004121363162994,22.178165435791016,prev_current,3.9452526569366455,0.799365222454071,0.2239818572998047,dataset_4_keyframe_1,3.9327914714813232
114,2.497107744216919,3.9531235694885254,9.740194218466058e-05,0.030224865302443504,22.23122787475586,prev_current,3.9531235694885254,0.80108642578125,0.22468069195747375,dataset_4_keyframe_1,3.945249080657959
115,2.4996776580810547,3.9551236629486084,9.58760647336021e-05,0.030291495844721794,22.237762451171875,prev_current,3.9551236629486084,0.802978515625,0.22436971962451935,dataset_4_keyframe_1,3.953119993209839
116,2.5511834621429443,4.024364471435547,0.00010604858834994957,0.031453706324100494,22.61870574951172,prev_current,4.024364471435547,0.8055176138877869,0.22951240837574005,dataset_4_keyframe_1,3.955120086669922
117,2.5805160999298096,4.057452201843262,8.621215965831652e-05,0.031635794788599014,22.80029296875,prev_current,4.057452201843262,0.8079468011856079,0.23161111772060394,dataset_4_keyframe_1,4.024361610412598
118,2.5754270553588867,4.049398899078369,9.104411583393812e-05,0.0315144881606102,22.771984100341797,prev_current,4.049398899078369,0.8079833984375,0.23151789605617523,dataset_4_keyframe_1,4.057448863983154
119,2.6577067375183105,4.162517070770264,9.333292837254703e-05,0.032974500209093094,23.394214630126953,prev_current,4.162517070770264,0.8105224967002869,0.23902951180934906,dataset_4_keyframe_1,4.049395561218262
120,2.542832612991333,4.014709949493408,7.095337059581652e-05,0.030910493806004524,22.558128356933594,prev_current,4.014709949493408,0.8107056021690369,0.22733579576015472,dataset_4_keyframe_1,4.1625142097473145
121,2.5682339668273926,4.041475296020508,0.00010884603398153558,0.031553398817777634,22.736942291259766,prev_current,4.041475296020508,0.81268310546875,0.23060713708400726,dataset_4_keyframe_1,4.014706611633301
122,2.5802862644195557,4.062277317047119,0.00011189778888365254,0.031805168837308884,22.84284782409668,prev_current,4.062277317047119,0.8131958246231079,0.2312336415052414,dataset_4_keyframe_1,4.0414719581604
123,2.5764355659484863,4.060692310333252,9.129842510446906e-05,0.03187154233455658,22.828624725341797,prev_current,4.060692310333252,0.81256103515625,0.23084373772144318,dataset_4_keyframe_1,4.062273979187012
124,2.6109213829040527,4.121054649353027,0.00010604858834994957,0.03274180367588997,23.186031341552734,prev_current,4.121054649353027,0.8129028677940369,0.23301975429058075,dataset_4_keyframe_1,4.0606889724731445
125,2.6368706226348877,4.161370754241943,0.00010884603398153558,0.033235423266887665,23.405860900878906,prev_current,4.161370754241943,0.81365966796875,0.23530946671962738,dataset_4_keyframe_1,4.12105131149292
126,2.6711220741271973,4.209184169769287,0.00010579427907941863,0.03404897078871727,23.68010711669922,prev_current,4.209184169769287,0.81292724609375,0.2377709597349167,dataset_4_keyframe_1,4.161366939544678
127,2.6898043155670166,4.23278284072876,9.892781963571906e-05,0.03418375924229622,23.808931350708008,prev_current,4.23278284072876,0.8120483756065369,0.2388930320739746,dataset_4_keyframe_1,4.2091803550720215
0,2.8591370582580566,4.467774391174316,3.611246938817203e-05,0.04066569358110428,25.26714515686035,zero_prev,4.467774391174316,0.8287597894668579,0.26156529784202576,dataset_4_keyframe_1,0.0
1,3.5357227325439453,5.099490642547607,3.229777212254703e-05,0.06243337318301201,20.579418182373047,zero_prev,5.099490642547607,0.828808605670929,0.2605558931827545,dataset_4_keyframe_1,4.467768669128418
2,2.6227972507476807,3.6811933517456055,3.8909915019758046e-05,0.022463735193014145,19.627519607543945,zero_prev,3.6811933517456055,0.828906238079071,0.1983390748500824,dataset_4_keyframe_1,5.09948205947876
3,2.997513771057129,4.251502990722656,2.390543704677839e-05,0.04102884978055954,19.699251174926758,zero_prev,4.251502990722656,0.828625500202179,0.22913873195648193,dataset_4_keyframe_1,3.6811845302581787
4,2.9468860626220703,4.225864887237549,4.0944418287836015e-05,0.038763683289289474,20.561128616333008,zero_prev,4.225864887237549,0.828625500202179,0.22411024570465088,dataset_4_keyframe_1,4.251494884490967
5,2.934281587600708,4.157168865203857,5.645752389682457e-05,0.0383809432387352,20.08712387084961,zero_prev,4.157168865203857,0.82806396484375,0.22482739388942719,dataset_4_keyframe_1,4.225855827331543
6,2.8884761333465576,4.094541549682617,4.501342846197076e-05,0.036119844764471054,19.826263427734375,zero_prev,4.094541549682617,0.829052746295929,0.22178378701210022,dataset_4_keyframe_1,4.15716028213501
7,2.8569254875183105,4.064244747161865,5.2897139539709315e-05,0.03487447276711464,19.661697387695312,zero_prev,4.064244747161865,0.8282837271690369,0.21944980323314667,dataset_4_keyframe_1,4.094533920288086
8,2.796053647994995,3.9874749183654785,6.383260188158602e-05,0.032345838844776154,19.352977752685547,zero_prev,3.9874749183654785,0.8255249261856079,0.21516238152980804,dataset_4_keyframe_1,4.064236640930176
9,2.7874574661254883,4.013075828552246,5.1116945542162284e-05,0.0321909599006176,19.368825912475586,zero_prev,4.013075828552246,0.822033703327179,0.21490822732448578,dataset_4_keyframe_1,3.987467050552368
10,2.724726676940918,3.915985584259033,6.663004751317203e-05,0.029574332758784294,18.99744415283203,zero_prev,3.915985584259033,0.8202148675918579,0.21002602577209473,dataset_4_keyframe_1,4.013067245483398
11,2.8084793090820312,4.0174174308776855,4.8573812819086015e-05,0.03315887600183487,19.273937225341797,zero_prev,4.0174174308776855,0.816650390625,0.21627187728881836,dataset_4_keyframe_1,3.915977716445923
12,2.599961280822754,3.7154653072357178,5.722046262235381e-05,0.02569427713751793,18.203250885009766,zero_prev,3.7154653072357178,0.8147827386856079,0.2004878968000412,dataset_4_keyframe_1,4.017409801483154
13,2.724830150604248,3.8859856128692627,5.950927879894152e-05,0.03013458475470543,18.551891326904297,zero_prev,3.8859856128692627,0.813854992389679,0.20990018546581268,dataset_4_keyframe_1,3.7154579162597656
14,2.7743844985961914,3.9442899227142334,4.933675518259406e-05,0.032257843762636185,18.988203048706055,zero_prev,3.9442899227142334,0.8106933832168579,0.21420326828956604,dataset_4_keyframe_1,3.8859782218933105
15,2.7149264812469482,3.8691768646240234,5.4931642807787284e-05,0.029964448884129524,18.707805633544922,zero_prev,3.8691768646240234,0.8097900748252869,0.21045218408107758,dataset_4_keyframe_1,3.944282293319702
16,2.657846689224243,3.783942699432373,6.612142169615254e-05,0.02764434926211834,18.308488845825195,zero_prev,3.783942699432373,0.807263195514679,0.20611682534217834,dataset_4_keyframe_1,3.8691694736480713
17,2.804786205291748,4.000992774963379,6.53584866086021e-05,0.03403015434741974,19.04839515686035,zero_prev,4.000992774963379,0.803820788860321,0.21685118973255157,dataset_4_keyframe_1,3.783935308456421
18,2.7904582023620605,3.981675863265991,6.4849853515625e-05,0.033284254372119904,19.20188331604004,zero_prev,3.981675863265991,0.802734375,0.21644511818885803,dataset_4_keyframe_1,4.000985622406006
19,2.730886697769165,3.8889288902282715,5.9763595345430076e-05,0.030818432569503784,18.7929630279541,zero_prev,3.8889288902282715,0.8035888671875,0.21211543679237366,dataset_4_keyframe_1,3.98166823387146
20,2.7974586486816406,3.9705307483673096,4.323323810240254e-05,0.033913932740688324,19.026508331298828,zero_prev,3.9705307483673096,0.802600085735321,0.21665994822978973,dataset_4_keyframe_1,3.8889212608337402
21,2.6606321334838867,3.7905092239379883,4.24702993768733e-05,0.027685293927788734,18.415502548217773,zero_prev,3.7905092239379883,0.8017578125,0.20675916969776154,dataset_4_keyframe_1,3.9705235958099365
22,2.7625412940979004,3.9480443000793457,4.323323810240254e-05,0.031471509486436844,18.829269409179688,zero_prev,3.9480443000793457,0.799853503704071,0.21424253284931183,dataset_4_keyframe_1,3.790501594543457
23,2.7518112659454346,3.9282119274139404,4.221598646836355e-05,0.031342316418886185,18.922462463378906,zero_prev,3.9282119274139404,0.797253429889679,0.21436603367328644,dataset_4_keyframe_1,3.9480364322662354
24,2.5596108436584473,3.660435438156128,5.187988426769152e-05,0.024502310901880264,17.839275360107422,zero_prev,3.660435438156128,0.7911743521690369,0.19946052134037018,dataset_4_keyframe_1,3.92820405960083
25,2.6682052612304688,3.8180387020111084,5.77290884393733e-05,0.029447175562381744,18.17108154296875,zero_prev,3.8180387020111084,0.785449206829071,0.20700278878211975,dataset_4_keyframe_1,3.6604278087615967
26,2.6252641677856445,3.7718656063079834,6.15437893429771e-05,0.02803293988108635,18.19526481628418,zero_prev,3.7718656063079834,0.777880847454071,0.20461256802082062,dataset_4_keyframe_1,3.8180315494537354
27,2.595027208328247,3.7475383281707764,6.739298987668008e-05,0.02734019048511982,18.03262710571289,zero_prev,3.7475383281707764,0.77056884765625,0.20191942155361176,dataset_4_keyframe_1,3.7718584537506104
28,2.544557809829712,3.688331127166748,7.883708167355508e-05,0.02593892626464367,17.783283233642578,zero_prev,3.688331127166748,0.764355480670929,0.19831418991088867,dataset_4_keyframe_1,3.747530698776245
29,2.5018057823181152,3.6289546489715576,8.799235365586355e-05,0.02491963841021061,17.500404357910156,zero_prev,3.6289546489715576,0.7568603754043579,0.19512830674648285,dataset_4_keyframe_1,3.688323736190796
30,2.3717615604400635,3.4646825790405273,6.510417006211355e-05,0.019874827936291695,16.792383193969727,zero_prev,3.4646825790405273,0.749523937702179,0.18496985733509064,dataset_4_keyframe_1,3.6289474964141846
31,2.402543544769287,3.506065845489502,8.138021075865254e-05,0.022642264142632484,16.79677391052246,zero_prev,3.506065845489502,0.74444580078125,0.1875067502260208,dataset_4_keyframe_1,3.464675188064575
32,2.475741147994995,3.637338399887085,7.451375859091058e-05,0.02508850209414959,17.369726181030273,zero_prev,3.637338399887085,0.7358765006065369,0.1924728900194168,dataset_4_keyframe_1,3.506058692932129
33,2.3348946571350098,3.444026470184326,8.519490802427754e-05,0.02059733122587204,16.7220458984375,zero_prev,3.444026470184326,0.727648913860321,0.181524395942688,dataset_4_keyframe_1,3.637331247329712
34,2.3696234226226807,3.5127768516540527,7.654826185898855e-05,0.023405203595757484,16.786157608032227,zero_prev,3.5127768516540527,0.7203613519668579,0.18413209915161133,dataset_4_keyframe_1,3.444018840789795
35,2.355818271636963,3.4778671264648438,7.553101022494957e-05,0.0212478656321764,16.685333251953125,zero_prev,3.4778671264648438,0.7247681021690369,0.18297742307186127,dataset_4_keyframe_1,3.5127694606781006
36,2.415781259536743,3.540626049041748,7.832845585653558e-05,0.02364298701286316,16.86207389831543,zero_prev,3.540626049041748,0.733081042766571,0.18708716332912445,dataset_4_keyframe_1,3.4778594970703125
37,2.346390962600708,3.4321212768554688,6.53584866086021e-05,0.019622040912508965,16.530616760253906,zero_prev,3.4321212768554688,0.7403931021690369,0.18234284222126007,dataset_4_keyframe_1,3.540618658065796
38,2.367042064666748,3.45094895362854,6.58671124256216e-05,0.01950785331428051,16.49374008178711,zero_prev,3.45094895362854,0.748034656047821,0.18371494114398956,dataset_4_keyframe_1,3.4321136474609375
39,2.478469133377075,3.5875790119171143,6.739298987668008e-05,0.023523204028606415,17.037532806396484,zero_prev,3.5875790119171143,0.756298840045929,0.19214574992656708,dataset_4_keyframe_1,3.4509410858154297
40,2.6632397174835205,3.8348464965820312,5.518595571629703e-05,0.03024648129940033,18.127138137817383,zero_prev,3.8348464965820312,0.766223132610321,0.20594120025634766,dataset_4_keyframe_1,3.587571620941162
41,2.6089251041412354,3.7455413341522217,5.4931642807787284e-05,0.02787933498620987,18.071653366088867,zero_prev,3.7455413341522217,0.769457995891571,0.20298515260219574,dataset_4_keyframe_1,3.834839105606079
42,2.6295957565307617,3.7687501907348633,6.637573824264109e-05,0.02846730686724186,18.041259765625,zero_prev,3.7687501907348633,0.7731079459190369,0.2031818926334381,dataset_4_keyframe_1,3.7455337047576904
43,2.6869025230407715,3.8434159755706787,5.722046262235381e-05,0.03004811704158783,18.35095977783203,zero_prev,3.8434159755706787,0.777941882610321,0.2081894874572754,dataset_4_keyframe_1,3.768742322921753
44,2.645787000656128,3.7807788848876953,5.900065298192203e-05,0.02847697027027607,18.196226119995117,zero_prev,3.7807788848876953,0.782604992389679,0.2045731395483017,dataset_4_keyframe_1,3.8434078693389893
45,2.6484529972076416,3.778209686279297,6.281535024754703e-05,0.02814839780330658,18.13257598876953,zero_prev,3.778209686279297,0.78619384765625,0.2040570080280304,dataset_4_keyframe_1,3.780770778656006
46,2.755383014678955,3.9199609756469727,5.696614971384406e-05,0.032489269971847534,18.663055419921875,zero_prev,3.9199609756469727,0.7916626334190369,0.2125319242477417,dataset_4_keyframe_1,3.7782015800476074
47,2.759488105773926,3.93209171295166,4.679362245951779e-05,0.032121531665325165,18.858306884765625,zero_prev,3.93209171295166,0.7978515625,0.21216557919979095,dataset_4_keyframe_1,3.919952630996704
48,2.80281138420105,3.983248472213745,5.1116945542162284e-05,0.03411865234375,19.06598663330078,zero_prev,3.983248472213745,0.8000732660293579,0.2154863178730011,dataset_4_keyframe_1,3.9320831298828125
49,2.874373435974121,4.086630344390869,4.2724612285383046e-05,0.036810558289289474,19.521631240844727,zero_prev,4.086630344390869,0.8064819574356079,0.22033624351024628,dataset_4_keyframe_1,3.9832398891448975
50,2.898198127746582,4.129134654998779,5.6711836805334315e-05,0.037617750465869904,19.814783096313477,zero_prev,4.129134654998779,0.807373046875,0.22224175930023193,dataset_4_keyframe_1,4.08662223815918
51,2.821836471557617,4.008849620819092,4.552205791696906e-05,0.03402964398264885,19.341907501220703,zero_prev,4.008849620819092,0.8111328482627869,0.21666787564754486,dataset_4_keyframe_1,4.129126071929932
52,2.7553768157958984,3.903831958770752,6.357829261105508e-05,0.031469475477933884,18.85188102722168,zero_prev,3.903831958770752,0.8125244379043579,0.2110673487186432,dataset_4_keyframe_1,4.008841037750244
53,2.7690815925598145,3.925250768661499,5.645752389682457e-05,0.031893666833639145,18.858484268188477,zero_prev,3.925250768661499,0.81304931640625,0.21232810616493225,dataset_4_keyframe_1,3.9038233757019043
54,2.8004534244537354,3.9770827293395996,7.197062222985551e-05,0.033058423548936844,19.11262321472168,zero_prev,3.9770827293395996,0.8158813714981079,0.2142372578382492,dataset_4_keyframe_1,3.9252421855926514
55,2.7121529579162598,3.8532562255859375,4.8573812819086015e-05,0.030354056507349014,18.704484939575195,zero_prev,3.8532562255859375,0.818127453327179,0.2073507308959961,dataset_4_keyframe_1,3.977074384689331
56,3.1567277908325195,4.462884426116943,3.1280520488508046e-05,0.047444410622119904,20.948684692382812,zero_prev,4.462884426116943,0.8201050162315369,0.24142657220363617,dataset_4_keyframe_1,3.853247880935669
57,2.93855357170105,4.16084098815918,3.8909915019758046e-05,0.038854219019412994,20.45677947998047,zero_prev,4.16084098815918,0.8220459222793579,0.2252746820449829,dataset_4_keyframe_1,4.462875843048096
58,2.9209911823272705,4.13395881652832,4.145304410485551e-05,0.037767283618450165,19.94852066040039,zero_prev,4.13395881652832,0.82391357421875,0.22398929297924042,dataset_4_keyframe_1,4.160832405090332
59,2.9319703578948975,4.146340847015381,5.162557135918178e-05,0.038324229419231415,20.031295776367188,zero_prev,4.146340847015381,0.8254638910293579,0.22432580590248108,dataset_4_keyframe_1,4.133950233459473
60,2.913191795349121,4.1193437576293945,6.128947279648855e-05,0.037509411573410034,19.914762496948242,zero_prev,4.1193437576293945,0.8262695670127869,0.22311091423034668,dataset_4_keyframe_1,4.146332263946533
61,2.893850564956665,4.092407703399658,6.91731838742271e-05,0.036422476172447205,19.789674758911133,zero_prev,4.092407703399658,0.828320324420929,0.2212620973587036,dataset_4_keyframe_1,4.119335174560547
62,3.005615472793579,4.270918846130371,4.603068373398855e-05,0.04152170941233635,20.45319175720215,zero_prev,4.270918846130371,0.8294922113418579,0.23004522919654846,dataset_4_keyframe_1,4.0923991203308105
63,3.0094518661499023,4.26155948638916,4.8573812819086015e-05,0.04167734831571579,20.6197509765625,zero_prev,4.26155948638916,0.8305420279502869,0.2306210845708847,dataset_4_keyframe_1,4.270910739898682
64,3.0963945388793945,4.376901149749756,4.196167355985381e-05,0.044935356825590134,21.023311614990234,zero_prev,4.376901149749756,0.8291992545127869,0.23742495477199554,dataset_4_keyframe_1,4.2615509033203125
65,3.1073737144470215,4.414515018463135,4.450480264495127e-05,0.04549458995461464,21.286460876464844,zero_prev,4.414515018463135,0.8304809927940369,0.238239124417305,dataset_4_keyframe_1,4.376893043518066
66,3.031386375427246,4.305693626403809,4.8573812819086015e-05,0.04247945547103882,20.89849853515625,zero_prev,4.305693626403809,0.831921398639679,0.23271404206752777,dataset_4_keyframe_1,4.4145073890686035
67,3.0017483234405518,4.261463642120361,5.518595571629703e-05,0.04114431142807007,20.603775024414062,zero_prev,4.261463642120361,0.832141101360321,0.22946469485759735,dataset_4_keyframe_1,4.305685520172119
68,3.013942003250122,4.265217304229736,5.0354006816633046e-05,0.041948191821575165,20.609973907470703,zero_prev,4.265217304229736,0.8319336175918579,0.2307397574186325,dataset_4_keyframe_1,4.261455535888672
69,3.0620124340057373,4.340732097625732,4.297892519389279e-05,0.043767042458057404,20.906463623046875,zero_prev,4.340732097625732,0.8322387933731079,0.23419415950775146,dataset_4_keyframe_1,4.265209674835205
70,2.9615442752838135,4.188391208648682,4.5267745008459315e-05,0.03951975703239441,20.38225555419922,zero_prev,4.188391208648682,0.8311523795127869,0.22690048813819885,dataset_4_keyframe_1,4.340723991394043
71,3.0232648849487305,4.304990768432617,4.831949991057627e-05,0.0424957312643528,20.67194175720215,zero_prev,4.304990768432617,0.830578625202179,0.23128044605255127,dataset_4_keyframe_1,4.188383102416992
72,3.0369834899902344,4.302690029144287,5.1116945542162284e-05,0.042738597840070724,20.775598526000977,zero_prev,4.302690029144287,0.8295044302940369,0.23298029601573944,dataset_4_keyframe_1,4.304983139038086
73,2.9900457859039307,4.231691837310791,6.103515625e-05,0.04107717052102089,20.480937957763672,zero_prev,4.231691837310791,0.8287109732627869,0.2297692596912384,dataset_4_keyframe_1,4.302681922912598
74,2.8398540019989014,4.037980079650879,4.24702993768733e-05,0.03441111370921135,19.674928665161133,zero_prev,4.037980079650879,0.828369140625,0.21809236705303192,dataset_4_keyframe_1,4.23168420791626
75,2.875579833984375,4.068731784820557,5.645752389682457e-05,0.03510691598057747,19.588977813720703,zero_prev,4.068731784820557,0.82745361328125,0.2204086035490036,dataset_4_keyframe_1,4.037972450256348
76,3.016977548599243,4.414394378662109,4.577637082547881e-05,0.043203990906476974,20.9816951751709,zero_prev,4.414394378662109,0.8271728754043579,0.23086829483509064,dataset_4_keyframe_1,4.068724155426025
77,2.9448025226593018,4.26568078994751,5.39143911737483e-05,0.03956146538257599,20.766258239746094,zero_prev,4.26568078994751,0.8260498046875,0.2265215367078781,dataset_4_keyframe_1,4.4143853187561035
78,3.093228816986084,4.484774112701416,4.501342846197076e-05,0.045967865735292435,21.44389533996582,zero_prev,4.484774112701416,0.825927734375,0.23720471560955048,dataset_4_keyframe_1,4.265671730041504
79,2.885683298110962,4.199454307556152,4.3487551010912284e-05,0.037384290248155594,20.5384578704834,zero_prev,4.199454307556152,0.8251709342002869,0.221964031457901,dataset_4_keyframe_1,4.48476505279541
80,2.689152717590332,3.9018990993499756,6.179809861350805e-05,0.02929789386689663,19.087556838989258,zero_prev,3.9018990993499756,0.8248047232627869,0.2075258046388626,dataset_4_keyframe_1,4.199445724487305
81,2.695077657699585,3.8762598037719727,8.748372783884406e-05,0.029275769367814064,18.7236270904541,zero_prev,3.8762598037719727,0.82427978515625,0.20749108493328094,dataset_4_keyframe_1,3.9018912315368652
82,2.6947076320648193,3.839679479598999,6.713867333019152e-05,0.028280895203351974,18.602705001831055,zero_prev,3.839679479598999,0.8234497308731079,0.20717333257198334,dataset_4_keyframe_1,3.8762521743774414
83,2.728235960006714,4.039816856384277,5.823771425639279e-05,0.031407423317432404,19.322612762451172,zero_prev,4.039816856384277,0.82122802734375,0.20966187119483948,dataset_4_keyframe_1,3.839672088623047
84,2.7135467529296875,3.846310615539551,4.755656118504703e-05,0.028496552258729935,18.688615798950195,zero_prev,3.846310615539551,0.82147216796875,0.20918241143226624,dataset_4_keyframe_1,4.03980827331543
85,2.7258846759796143,3.940603494644165,5.645752389682457e-05,0.03087463602423668,18.90305519104004,zero_prev,3.940603494644165,0.819323718547821,0.21016822755336761,dataset_4_keyframe_1,3.8463034629821777
86,2.5901496410369873,3.675546169281006,9.104411583393812e-05,0.025479381904006004,17.976959228515625,zero_prev,3.675546169281006,0.817614734172821,0.20027874410152435,dataset_4_keyframe_1,3.940596103668213
87,2.675243616104126,3.8054378032684326,5.315145244821906e-05,0.0275090541690588,18.219158172607422,zero_prev,3.8054378032684326,0.815136730670929,0.20649483799934387,dataset_4_keyframe_1,3.675539255142212
88,2.721653461456299,3.8546509742736816,6.637573824264109e-05,0.029405469074845314,18.565282821655273,zero_prev,3.8546509742736816,0.8149780631065369,0.21033839881420135,dataset_4_keyframe_1,3.8054306507110596
89,2.5563483238220215,3.6509029865264893,5.315145244821906e-05,0.02463124692440033,17.77434730529785,zero_prev,3.6509029865264893,0.811328113079071,0.19801092147827148,dataset_4_keyframe_1,3.854644298553467
90,2.583223342895508,3.687603712081909,6.96818096912466e-05,0.02545420452952385,17.762563705444336,zero_prev,3.687603712081909,0.810717761516571,0.19986723363399506,dataset_4_keyframe_1,3.6508960723876953
91,2.5878539085388184,3.6924550533294678,7.400513277389109e-05,0.025416312739253044,17.82576560974121,zero_prev,3.6924550533294678,0.8084473013877869,0.19982896745204926,dataset_4_keyframe_1,3.6875967979431152
92,2.5232667922973633,3.6004834175109863,6.408691842807457e-05,0.023710379377007484,17.48320198059082,zero_prev,3.6004834175109863,0.8060669302940369,0.19561822712421417,dataset_4_keyframe_1,3.692448616027832
93,2.5330936908721924,3.6162073612213135,6.993611896177754e-05,0.024131013080477715,17.448488235473633,zero_prev,3.6162073612213135,0.802722156047821,0.1962428092956543,dataset_4_keyframe_1,3.6004769802093506
94,2.527721881866455,3.6298816204071045,7.603963604196906e-05,0.024050140753388405,17.51974868774414,zero_prev,3.6298816204071045,0.8022827506065369,0.1954205185174942,dataset_4_keyframe_1,3.6162009239196777
95,2.507913589477539,3.592272996902466,6.332397606456652e-05,0.023610688745975494,17.382078170776367,zero_prev,3.592272996902466,0.8002075552940369,0.19475047290325165,dataset_4_keyframe_1,3.6298749446868896
96,2.5782787799835205,3.678734540939331,6.612142169615254e-05,0.02527262456715107,17.678010940551758,zero_prev,3.678734540939331,0.7983642816543579,0.20000191032886505,dataset_4_keyframe_1,3.59226655960083
97,2.448244333267212,3.52111554145813,5.747477553086355e-05,0.02216695249080658,17.171630859375,zero_prev,3.52111554145813,0.79638671875,0.18992851674556732,dataset_4_keyframe_1,3.6787281036376953
98,2.4865307807922363,3.5613455772399902,7.425944204442203e-05,0.02332153357565403,17.165952682495117,zero_prev,3.5613455772399902,0.796496570110321,0.19250427186489105,dataset_4_keyframe_1,3.521109104156494
99,2.4462392330169678,3.4997518062591553,8.392334711970761e-05,0.022426098585128784,16.98224449157715,zero_prev,3.4997518062591553,0.796582043170929,0.18967659771442413,dataset_4_keyframe_1,3.5613391399383545
100,2.480628490447998,3.5507092475891113,8.799235365586355e-05,0.023111725226044655,17.11558723449707,zero_prev,3.5507092475891113,0.7943969964981079,0.19221501052379608,dataset_4_keyframe_1,3.4997458457946777
101,2.467869520187378,3.5345370769500732,6.256104097701609e-05,0.022916922345757484,17.10995864868164,zero_prev,3.5345370769500732,0.795520007610321,0.19095619022846222,dataset_4_keyframe_1,3.5507025718688965
102,2.4898860454559326,3.5663766860961914,5.544026862480678e-05,0.02348683774471283,17.221900939941406,zero_prev,3.5663766860961914,0.794677734375,0.19292722642421722,dataset_4_keyframe_1,3.5345308780670166
103,2.502289056777954,3.5867819786071777,6.15437893429771e-05,0.02341105230152607,17.332155227661133,zero_prev,3.5867819786071777,0.79388427734375,0.19382400810718536,dataset_4_keyframe_1,3.5663704872131348
104,2.5042853355407715,3.59277081489563,6.53584866086021e-05,0.02420705370604992,17.376264572143555,zero_prev,3.59277081489563,0.793383777141571,0.19446466863155365,dataset_4_keyframe_1,3.586775779724121
105,2.4639437198638916,3.5457468032836914,6.459554424509406e-05,0.022926077246665955,17.197484970092773,zero_prev,3.5457468032836914,0.793042004108429,0.1913161724805832,dataset_4_keyframe_1,3.5927648544311523
106,2.5158066749572754,3.6067395210266113,7.247925532283261e-05,0.02411143109202385,17.386926651000977,zero_prev,3.6067395210266113,0.7924438714981079,0.1951802670955658,dataset_4_keyframe_1,3.5457406044006348
107,2.600499391555786,3.7207744121551514,6.459554424509406e-05,0.02726338803768158,17.886295318603516,zero_prev,3.7207744121551514,0.792980968952179,0.2010704129934311,dataset_4_keyframe_1,3.6067333221435547
108,2.6031973361968994,3.727316379547119,6.0526534070959315e-05,0.02845815196633339,18.009601593017578,zero_prev,3.727316379547119,0.7930908203125,0.20182295143604279,dataset_4_keyframe_1,3.720768451690674
109,2.5423920154571533,3.654226303100586,7.451375859091058e-05,0.026543427258729935,17.727781295776367,zero_prev,3.654226303100586,0.7951416373252869,0.19667372107505798,dataset_4_keyframe_1,3.7273101806640625
110,2.5754284858703613,3.6867237091064453,7.629395258845761e-05,0.0263595599681139,17.777400970458984,zero_prev,3.6867237091064453,0.7952514886856079,0.1988869309425354,dataset_4_keyframe_1,3.6542203426361084
111,2.454220771789551,3.5295228958129883,6.15437893429771e-05,0.0227915458381176,17.22292709350586,zero_prev,3.5295228958129883,0.795886218547821,0.18960420787334442,dataset_4_keyframe_1,3.6867177486419678
112,2.4743812084198,3.5545127391815186,7.34965069568716e-05,0.023206330835819244,17.155555725097656,zero_prev,3.5545127391815186,0.7984863519668579,0.19116955995559692,dataset_4_keyframe_1,3.5295169353485107
113,2.4808034896850586,3.5532796382904053,7.34965069568716e-05,0.02302449755370617,17.20763397216797,zero_prev,3.5532796382904053,0.799365222454071,0.191551074385643,dataset_4_keyframe_1,3.554506778717041
114,2.488790988922119,3.566138744354248,6.91731838742271e-05,0.02351633831858635,17.243621826171875,zero_prev,3.566138744354248,0.80108642578125,0.19209904968738556,dataset_4_keyframe_1,3.553273916244507
115,2.488868236541748,3.5656898021698,6.993611896177754e-05,0.02356211468577385,17.253681182861328,zero_prev,3.5656898021698,0.802978515625,0.1915833204984665,dataset_4_keyframe_1,3.5661330223083496
116,2.553100109100342,3.644712209701538,5.518595571629703e-05,0.025040945038199425,17.542314529418945,zero_prev,3.644712209701538,0.8055176138877869,0.19632649421691895,dataset_4_keyframe_1,3.5656838417053223
117,2.5707998275756836,3.658930778503418,7.909139094408602e-05,0.025404613465070724,17.685850143432617,zero_prev,3.658930778503418,0.8079468011856079,0.197229266166687,dataset_4_keyframe_1,3.6447067260742188
118,2.56256365776062,3.64755916595459,4.679362245951779e-05,0.025115204975008965,17.667640686035156,zero_prev,3.64755916595459,0.8079833984375,0.19764111936092377,dataset_4_keyframe_1,3.6589250564575195
119,2.664801836013794,3.781966209411621,5.849202716490254e-05,0.02918955683708191,18.147968292236328,zero_prev,3.781966209411621,0.8105224967002869,0.20416632294654846,dataset_4_keyframe_1,3.6475536823272705
120,2.4974443912506104,3.5796148777008057,5.544026862480678e-05,0.023556774482131004,17.497554779052734,zero_prev,3.5796148777008057,0.8107056021690369,0.1917279213666916,dataset_4_keyframe_1,3.7819607257843018
121,2.5759389400482178,3.665522575378418,6.078084697946906e-05,0.025814058259129524,17.63904571533203,zero_prev,3.665522575378418,0.81268310546875,0.19740638136863708,dataset_4_keyframe_1,3.5796091556549072
122,2.56559681892395,3.6567535400390625,7.654826185898855e-05,0.025584667921066284,17.720500946044922,zero_prev,3.6567535400390625,0.8131958246231079,0.19627420604228973,dataset_4_keyframe_1,3.6655170917510986
123,2.5661940574645996,3.6625816822052,7.069906132528558e-05,0.02616831660270691,17.717025756835938,zero_prev,3.6625816822052,0.81256103515625,0.19633598625659943,dataset_4_keyframe_1,3.6567485332489014
124,2.609863519668579,3.7364730834960938,6.434122769860551e-05,0.027124788612127304,18.003095626831055,zero_prev,3.7364730834960938,0.8129028677940369,0.19896166026592255,dataset_4_keyframe_1,3.662576198577881
125,2.6281561851501465,3.759085178375244,6.91731838742271e-05,0.027750907465815544,18.179973602294922,zero_prev,3.759085178375244,0.81365966796875,0.20073528587818146,dataset_4_keyframe_1,3.7364673614501953
126,2.6683478355407715,3.8163771629333496,6.256104097701609e-05,0.02862701565027237,18.411022186279297,zero_prev,3.8163771629333496,0.81292724609375,0.20381636917591095,dataset_4_keyframe_1,3.7590789794921875
127,2.683830499649048,3.835561513900757,6.383260188158602e-05,0.029108939692378044,18.52164649963379,zero_prev,3.835561513900757,0.8120483756065369,0.2045453041791916,dataset_4_keyframe_1,3.816370725631714
0,2.8591370582580566,4.467774391174316,3.611246938817203e-05,0.04066569358110428,25.26714515686035,all_reliable,4.467774391174316,1.0,0.26156529784202576,dataset_4_keyframe_1,0.0
1,2.9330251216888428,4.677276611328125,6.434122769860551e-05,0.04089203104376793,25.87206268310547,all_reliable,4.677276611328125,1.0,0.2656407654285431,dataset_4_keyframe_1,4.353293418884277
2,2.8503053188323975,4.453182697296143,6.230672443052754e-05,0.03654022514820099,25.507959365844727,all_reliable,4.453182697296143,1.0,0.24962182343006134,dataset_4_keyframe_1,4.5750579833984375
3,2.852743148803711,4.464407920837402,5.9763595345430076e-05,0.0378265418112278,25.046680450439453,all_reliable,4.464407920837402,1.0,0.2565571069717407,dataset_4_keyframe_1,4.345078468322754
4,2.937303304672241,4.626338958740234,5.594889444182627e-05,0.04094594717025757,25.831157684326172,all_reliable,4.626338958740234,1.0,0.26402637362480164,dataset_4_keyframe_1,4.366093158721924
5,2.898477077484131,4.535159111022949,6.815592496423051e-05,0.03777872771024704,25.82288360595703,all_reliable,4.535159111022949,1.0,0.25667038559913635,dataset_4_keyframe_1,4.495701789855957
6,2.872300386428833,4.498599052429199,6.383260188158602e-05,0.03817596659064293,25.371803283691406,all_reliable,4.498599052429199,1.0,0.2579581141471863,dataset_4_keyframe_1,4.399248123168945
7,2.8360819816589355,4.456691265106201,7.171631295932457e-05,0.03698934242129326,25.128990173339844,all_reliable,4.456691265106201,1.0,0.25438499450683594,dataset_4_keyframe_1,4.3668293952941895
8,2.7856428623199463,4.389072418212891,7.502238440793008e-05,0.035879772156476974,24.812294006347656,all_reliable,4.389072418212891,1.0,0.24939914047718048,dataset_4_keyframe_1,4.330180644989014
9,2.766407012939453,4.392923355102539,6.764729914721102e-05,0.035714469850063324,24.692779541015625,all_reliable,4.392923355102539,1.0,0.24810419976711273,dataset_4_keyframe_1,4.273383617401123
10,2.7136025428771973,4.311851501464844,6.739298987668008e-05,0.034343719482421875,24.368982315063477,all_reliable,4.311851501464844,1.0,0.24230265617370605,dataset_4_keyframe_1,4.267003536224365
11,2.757620096206665,4.371969699859619,6.841024151071906e-05,0.03707275539636612,24.408428192138672,all_reliable,4.371969699859619,1.0,0.25024399161338806,dataset_4_keyframe_1,4.1848602294921875
12,2.6202163696289062,4.139606952667236,8.290608820971102e-05,0.031556956470012665,23.716588973999023,all_reliable,4.139606952667236,1.0,0.22845332324504852,dataset_4_keyframe_1,4.242852687835693
13,2.683278799057007,4.235651016235352,6.078084697946906e-05,0.035252638161182404,23.564411163330078,all_reliable,4.235651016235352,1.0,0.24425680935382843,dataset_4_keyframe_1,4.051877498626709
14,2.7309420108795166,4.2955098152160645,6.4849853515625e-05,0.03553975746035576,24.03987693786621,all_reliable,4.2955098152160645,1.0,0.24777212738990784,dataset_4_keyframe_1,4.121379375457764
15,2.7014381885528564,4.253584861755371,7.858276512706652e-05,0.03306783363223076,24.044334411621094,all_reliable,4.253584861755371,1.0,0.24116705358028412,dataset_4_keyframe_1,4.195353984832764
16,2.650343894958496,4.175743579864502,6.408691842807457e-05,0.03243153914809227,23.597675323486328,all_reliable,4.175743579864502,1.0,0.23672877252101898,dataset_4_keyframe_1,4.152010917663574
17,2.7445850372314453,4.331302642822266,5.925496589043178e-05,0.03717092052102089,23.980621337890625,all_reliable,4.331302642822266,1.0,0.251842737197876,dataset_4_keyframe_1,4.064503192901611
18,2.76065731048584,4.350067615509033,6.790161569369957e-05,0.035635124891996384,24.443117141723633,all_reliable,4.350067615509033,1.0,0.2492717057466507,dataset_4_keyframe_1,4.209475517272949
19,2.718289852142334,4.280059337615967,5.366007826523855e-05,0.03349050134420395,24.182233810424805,all_reliable,4.280059337615967,1.0,0.2431277334690094,dataset_4_keyframe_1,4.232772350311279
20,2.757038116455078,4.33651876449585,6.230672443052754e-05,0.036850232630968094,24.196929931640625,all_reliable,4.33651876449585,1.0,0.2501834034919739,dataset_4_keyframe_1,4.180063247680664
21,2.6625804901123047,4.190996170043945,5.8746340073412284e-05,0.030374910682439804,23.814985275268555,all_reliable,4.190996170043945,1.0,0.2349366992712021,dataset_4_keyframe_1,4.227851390838623
22,2.70829176902771,4.282171249389648,5.6711836805334315e-05,0.036178335547447205,23.848119735717773,all_reliable,4.282171249389648,1.0,0.24620421230793,dataset_4_keyframe_1,4.083032608032227
23,2.712820529937744,4.283809661865234,6.434122769860551e-05,0.03458353877067566,24.08867835998535,all_reliable,4.283809661865234,1.0,0.24421007931232452,dataset_4_keyframe_1,4.161959171295166
24,2.5671887397766113,4.062353610992432,7.324219041038305e-05,0.02887217327952385,23.252954483032227,all_reliable,4.062353610992432,1.0,0.22386693954467773,dataset_4_keyframe_1,4.1638641357421875
25,2.6112353801727295,4.142683982849121,7.197062222985551e-05,0.03418884426355362,22.985435485839844,all_reliable,4.142683982849121,1.0,0.23783552646636963,dataset_4_keyframe_1,3.949857234954834
26,2.59035062789917,4.114808559417725,7.476806786144152e-05,0.032062530517578125,23.15618324279785,all_reliable,4.114808559417725,1.0,0.23245029151439667,dataset_4_keyframe_1,4.023719787597656
27,2.5633296966552734,4.095788955688477,7.68025784054771e-05,0.03132782131433487,23.07515525817871,all_reliable,4.095788955688477,1.0,0.22873730957508087,dataset_4_keyframe_1,4.008311748504639
28,2.514843225479126,4.03616189956665,7.553101022494957e-05,0.03060862421989441,22.75133514404297,all_reliable,4.03616189956665,1.0,0.2249002307653427,dataset_4_keyframe_1,3.978520393371582
29,2.4737966060638428,3.975273847579956,8.239746239269152e-05,0.0301615409553051,22.375303268432617,all_reliable,3.975273847579956,1.0,0.22124002873897552,dataset_4_keyframe_1,3.9103622436523438
30,2.376077651977539,3.834674596786499,8.341472130268812e-05,0.026312511414289474,21.758739471435547,all_reliable,3.834674596786499,1.0,0.2096756547689438,dataset_4_keyframe_1,3.871363639831543
31,2.3675644397735596,3.82973313331604,8.010864985408261e-05,0.02959747426211834,21.39493179321289,all_reliable,3.82973313331604,1.0,0.21439795196056366,dataset_4_keyframe_1,3.735274314880371
32,2.418360948562622,3.9274191856384277,7.756551349302754e-05,0.030481722205877304,21.849533081054688,all_reliable,3.9274191856384277,1.0,0.21983754634857178,dataset_4_keyframe_1,3.7124953269958496
33,2.331991672515869,3.7958474159240723,8.951823110692203e-05,0.025734202936291695,21.597328186035156,all_reliable,3.7958474159240723,1.0,0.20411041378974915,dataset_4_keyframe_1,3.8224833011627197
34,2.3319308757781982,3.8201398849487305,9.053549001691863e-05,0.02879028394818306,21.333215713500977,all_reliable,3.8201398849487305,1.0,0.21015827357769012,dataset_4_keyframe_1,3.6897165775299072
35,2.3298487663269043,3.7859911918640137,7.756551349302754e-05,0.02719981037080288,21.260244369506836,all_reliable,3.7859911918640137,1.0,0.20320717990398407,dataset_4_keyframe_1,3.7126553058624268
36,2.3477978706359863,3.8004181385040283,9.841919381869957e-05,0.02843272127211094,21.33245086669922,all_reliable,3.8004181385040283,1.0,0.21023204922676086,dataset_4_keyframe_1,3.6600310802459717
37,2.320464611053467,3.7417049407958984,0.00013910929556004703,0.025363415479660034,21.20803451538086,all_reliable,3.7417049407958984,1.0,0.20412932336330414,dataset_4_keyframe_1,3.7043075561523438
38,2.3210699558258057,3.738862991333008,0.00012054444232489914,0.026215871796011925,21.02272605895996,all_reliable,3.738862991333008,1.0,0.2074572592973709,dataset_4_keyframe_1,3.6490366458892822
39,2.4078595638275146,3.8541438579559326,9.841919381869957e-05,0.029973603785037994,21.440324783325195,all_reliable,3.8541438579559326,1.0,0.21848750114440918,dataset_4_keyframe_1,3.6441404819488525
40,2.581657648086548,4.108984470367432,7.909139094408602e-05,0.03410441428422928,22.654346466064453,all_reliable,4.108984470367432,1.0,0.2360960990190506,dataset_4_keyframe_1,3.7600231170654297
41,2.5720231533050537,4.080333709716797,8.773804438533261e-05,0.030984753742814064,23.027978897094727,all_reliable,4.080333709716797,1.0,0.22892282903194427,dataset_4_keyframe_1,3.9869606494903564
42,2.581364154815674,4.087998867034912,8.188883657567203e-05,0.03179982677102089,22.956859588623047,all_reliable,4.087998867034912,1.0,0.22936783730983734,dataset_4_keyframe_1,3.980889320373535
43,2.623532295227051,4.148312091827393,5.645752389682457e-05,0.03288930281996727,23.16645622253418,all_reliable,4.148312091827393,1.0,0.235787495970726,dataset_4_keyframe_1,3.977548599243164
44,2.607224225997925,4.113497734069824,6.357829261105508e-05,0.03085530735552311,23.221757888793945,all_reliable,4.113497734069824,1.0,0.23074565827846527,dataset_4_keyframe_1,4.041014671325684
45,2.6000189781188965,4.096987724304199,7.400513277389109e-05,0.032030489295721054,23.058778762817383,all_reliable,4.096987724304199,1.0,0.23196978867053986,dataset_4_keyframe_1,3.9954771995544434
46,2.6824347972869873,4.214149475097656,6.0526534070959315e-05,0.0351664237678051,23.481761932373047,all_reliable,4.214149475097656,1.0,0.2422161102294922,dataset_4_keyframe_1,3.992546796798706
47,2.7095537185668945,4.2525177001953125,6.790161569369957e-05,0.03373820334672928,23.929929733276367,all_reliable,4.2525177001953125,1.0,0.24111035466194153,dataset_4_keyframe_1,4.11868953704834
48,2.740402936935425,4.299217700958252,5.4931642807787284e-05,0.03497009351849556,24.126604080200195,all_reliable,4.299217700958252,1.0,0.24531801044940948,dataset_4_keyframe_1,4.131361961364746
49,2.8121933937072754,4.406402587890625,5.315145244821906e-05,0.036578115075826645,24.684085845947266,all_reliable,4.406402587890625,1.0,0.25198692083358765,dataset_4_keyframe_1,4.204617500305176
50,2.838475227355957,4.459021091461182,4.4759115553461015e-05,0.03784077987074852,25.059368133544922,all_reliable,4.459021091461182,1.0,0.2539657950401306,dataset_4_keyframe_1,4.278626918792725
51,2.7927451133728027,4.373917102813721,5.569458153331652e-05,0.03549906611442566,24.84632682800293,all_reliable,4.373917102813721,1.0,0.24636374413967133,dataset_4_keyframe_1,4.344248294830322
52,2.7306108474731445,4.268594741821289,6.306966679403558e-05,0.034057874232530594,24.223939895629883,all_reliable,4.268594741821289,1.0,0.24203768372535706,dataset_4_keyframe_1,4.251223087310791
53,2.7264671325683594,4.264520168304443,7.069906132528558e-05,0.034683991223573685,24.01292610168457,all_reliable,4.264520168304443,1.0,0.24434137344360352,dataset_4_keyframe_1,4.156100273132324
54,2.753713846206665,4.31666374206543,5.747477553086355e-05,0.03625030815601349,24.242971420288086,all_reliable,4.31666374206543,1.0,0.24805139005184174,dataset_4_keyframe_1,4.152353286743164
55,2.6995134353637695,4.232943058013916,8.188883657567203e-05,0.03222707286477089,24.05035400390625,all_reliable,4.232943058013916,1.0,0.2387472242116928,dataset_4_keyframe_1,4.203216552734375
56,3.0364885330200195,4.756102085113525,3.941854083677754e-05,0.044743094593286514,25.762805938720703,all_reliable,4.756102085113525,1.0,0.2857186496257782,dataset_4_keyframe_1,4.1280317306518555
57,2.9546988010406494,4.6016764640808105,4.781087409355678e-05,0.03578440472483635,26.387157440185547,all_reliable,4.6016764640808105,1.0,0.25773316621780396,dataset_4_keyframe_1,4.667377948760986
58,2.910133123397827,4.545199394226074,5.849202716490254e-05,0.037880707532167435,25.717092514038086,all_reliable,4.545199394226074,1.0,0.25900131464004517,dataset_4_keyframe_1,4.505212783813477
59,2.9069697856903076,4.5325822830200195,5.7983401347883046e-05,0.0390472449362278,25.521587371826172,all_reliable,4.5325822830200195,1.0,0.2605656683444977,dataset_4_keyframe_1,4.446389198303223
60,2.900689125061035,4.517877101898193,8.290608820971102e-05,0.0379892997443676,25.55864715576172,all_reliable,4.517877101898193,1.0,0.2569378912448883,dataset_4_keyframe_1,4.462631702423096
61,2.8686723709106445,4.473215579986572,8.087158494163305e-05,0.037942253053188324,25.27450942993164,all_reliable,4.473215579986572,1.0,0.2558984160423279,dataset_4_keyframe_1,4.394075870513916
62,2.955767869949341,4.632052421569824,6.891886732773855e-05,0.04078623652458191,25.777793884277344,all_reliable,4.632052421569824,1.0,0.2681468725204468,dataset_4_keyframe_1,4.363300800323486
63,2.9812493324279785,4.660608768463135,6.179809861350805e-05,0.040089674293994904,26.207157135009766,all_reliable,4.660608768463135,1.0,0.2685512602329254,dataset_4_keyframe_1,4.5077362060546875
64,3.0523436069488525,4.772160053253174,5.467732989927754e-05,0.042941540479660034,26.61320686340332,all_reliable,4.772160053253174,1.0,0.27717089653015137,dataset_4_keyframe_1,4.533502578735352
65,3.076315402984619,4.8253493309021,5.264282663119957e-05,0.04285329580307007,27.033281326293945,all_reliable,4.8253493309021,1.0,0.276918888092041,dataset_4_keyframe_1,4.631105422973633
66,3.02169132232666,4.73286247253418,6.357829261105508e-05,0.03986664116382599,26.903331756591797,all_reliable,4.73286247253418,1.0,0.26751208305358887,dataset_4_keyframe_1,4.709011077880859
67,2.9809751510620117,4.672512054443359,7.705688767600805e-05,0.03999176248908043,26.434226989746094,all_reliable,4.672512054443359,1.0,0.2658274173736572,dataset_4_keyframe_1,4.617359638214111
68,2.98443865776062,4.669759750366211,6.612142169615254e-05,0.040146131068468094,26.30807876586914,all_reliable,4.669759750366211,1.0,0.2680639922618866,dataset_4_keyframe_1,4.57186222076416
69,3.019920587539673,4.728497505187988,5.849202716490254e-05,0.041401419788599014,26.537349700927734,all_reliable,4.728497505187988,1.0,0.2725636661052704,dataset_4_keyframe_1,4.560022354125977
70,2.954594373703003,4.611827850341797,7.527669367846102e-05,0.038487501442432404,26.240407943725586,all_reliable,4.611827850341797,1.0,0.261456161737442,dataset_4_keyframe_1,4.613494396209717
71,2.9810049533843994,4.682929992675781,6.58671124256216e-05,0.04092102125287056,26.20857810974121,all_reliable,4.682929992675781,1.0,0.2691633403301239,dataset_4_keyframe_1,4.500950336456299
72,3.0038840770721436,4.700758457183838,6.713867333019152e-05,0.04120229184627533,26.464988708496094,all_reliable,4.700758457183838,1.0,0.26992708444595337,dataset_4_keyframe_1,4.572640895843506
73,2.9730517864227295,4.645629405975342,7.425944204442203e-05,0.03963826596736908,26.269790649414062,all_reliable,4.645629405975342,1.0,0.26536354422569275,dataset_4_keyframe_1,4.590230464935303
74,2.8557844161987305,4.4730658531188965,7.451375859091058e-05,0.034888461232185364,25.488773345947266,all_reliable,4.4730658531188965,1.0,0.25061866641044617,dataset_4_keyframe_1,4.537847518920898
75,2.8451595306396484,4.449695110321045,6.0526534070959315e-05,0.03841451182961464,25.010053634643555,all_reliable,4.449695110321045,1.0,0.25603818893432617,dataset_4_keyframe_1,4.364293098449707
76,2.951507806777954,4.731396198272705,7.197062222985551e-05,0.040796153247356415,26.09749984741211,all_reliable,4.731396198272705,1.0,0.26784926652908325,dataset_4_keyframe_1,4.341361045837402
77,2.9254097938537598,4.6695942878723145,7.29878811398521e-05,0.041043348610401154,26.549962997436523,all_reliable,4.6695942878723145,1.0,0.2601592540740967,dataset_4_keyframe_1,4.609580993652344
78,3.02844500541687,4.850515365600586,5.2388510084711015e-05,0.044516246765851974,27.01141357421875,all_reliable,4.850515365600586,1.0,0.2761593461036682,dataset_4_keyframe_1,4.551663875579834
79,2.9019410610198975,4.653332710266113,7.807413931004703e-05,0.037077080458402634,26.625858306884766,all_reliable,4.653332710266113,1.0,0.253092497587204,dataset_4_keyframe_1,4.733176231384277
80,2.7200546264648438,4.356529712677002,8.672078547533602e-05,0.033774059265851974,25.04469108581543,all_reliable,4.356529712677002,1.0,0.2364749163389206,dataset_4_keyframe_1,4.536652565002441
81,2.6736879348754883,4.263535022735596,6.891886732773855e-05,0.03546397015452385,24.052595138549805,all_reliable,4.263535022735596,1.0,0.24049334228038788,dataset_4_keyframe_1,4.2539143562316895
82,2.6670548915863037,4.216576099395752,7.578531949548051e-05,0.035493217408657074,23.803773880004883,all_reliable,4.216576099395752,1.0,0.23973043262958527,dataset_4_keyframe_1,4.163981914520264
83,2.6936047077178955,4.3684000968933105,8.697510202182457e-05,0.03543243557214737,24.33235740661621,all_reliable,4.3684000968933105,1.0,0.24155807495117188,dataset_4_keyframe_1,4.123568058013916
84,2.693652391433716,4.254856109619141,9.435018728254363e-05,0.035746004432439804,24.155508041381836,all_reliable,4.254856109619141,1.0,0.24088099598884583,dataset_4_keyframe_1,4.264124393463135
85,2.6987688541412354,4.304618835449219,7.781983003951609e-05,0.034223176538944244,24.04347038269043,all_reliable,4.304618835449219,1.0,0.24286702275276184,dataset_4_keyframe_1,4.162326335906982
86,2.604689359664917,4.099273681640625,8.850097947288305e-05,0.031777702271938324,23.426233291625977,all_reliable,4.099273681640625,1.0,0.22912970185279846,dataset_4_keyframe_1,4.213287353515625
87,2.632636070251465,4.147398948669434,9.943644545273855e-05,0.034129079431295395,23.151098251342773,all_reliable,4.147398948669434,1.0,0.23904283344745636,dataset_4_keyframe_1,4.007686614990234
88,2.6801044940948486,4.202842712402344,7.629395258845761e-05,0.03591868281364441,23.532230377197266,all_reliable,4.202842712402344,1.0,0.24303407967090607,dataset_4_keyframe_1,4.054093837738037
89,2.567676067352295,4.044992446899414,9.078979928744957e-05,0.030531058087944984,23.058298110961914,all_reliable,4.044992446899414,1.0,0.22499290108680725,dataset_4_keyframe_1,4.0982232093811035
90,2.5554592609405518,4.040535926818848,7.247925532283261e-05,0.03251902386546135,22.6763858795166,all_reliable,4.040535926818848,1.0,0.23110432922840118,dataset_4_keyframe_1,3.9508588314056396
91,2.555968761444092,4.04069185256958,8.697510202182457e-05,0.03243815153837204,22.695192337036133,all_reliable,4.04069185256958,1.0,0.23085717856884003,dataset_4_keyframe_1,3.94158673286438
92,2.5080301761627197,3.9647114276885986,8.138021075865254e-05,0.030040234327316284,22.491092681884766,all_reliable,3.9647114276885986,1.0,0.22397108376026154,dataset_4_keyframe_1,3.945472240447998
93,2.507680892944336,3.9694435596466064,0.00010045369708677754,0.031332146376371384,22.26032829284668,all_reliable,3.9694435596466064,1.0,0.22640953958034515,dataset_4_keyframe_1,3.8698465824127197
94,2.5001795291900635,3.972752332687378,9.63846905506216e-05,0.030844880267977715,22.33164405822754,all_reliable,3.972752332687378,1.0,0.22550590336322784,dataset_4_keyframe_1,3.8799586296081543
95,2.4867045879364014,3.94822096824646,9.028117347043008e-05,0.03123220056295395,22.241106033325195,all_reliable,3.94822096824646,1.0,0.22423143684864044,dataset_4_keyframe_1,3.8793039321899414
96,2.535005807876587,4.014963626861572,8.799235365586355e-05,0.032894134521484375,22.420391082763672,all_reliable,4.014963626861572,1.0,0.231181338429451,dataset_4_keyframe_1,3.859633684158325
97,2.4555985927581787,3.9061362743377686,9.562174818711355e-05,0.02871755138039589,22.184688568115234,all_reliable,3.9061362743377686,1.0,0.21735124289989471,dataset_4_keyframe_1,3.9298529624938965
98,2.4636659622192383,3.915156126022339,9.435018728254363e-05,0.03053283877670765,21.94495964050293,all_reliable,3.915156126022339,1.0,0.22318656742572784,dataset_4_keyframe_1,3.829226016998291
99,2.435767650604248,3.862135887145996,9.485881309956312e-05,0.029320526868104935,21.7904109954834,all_reliable,3.862135887145996,1.0,0.21864008903503418,dataset_4_keyframe_1,3.8333675861358643
100,2.4516348838806152,3.890698194503784,9.384155418956652e-05,0.029977673664689064,21.80632972717285,all_reliable,3.890698194503784,1.0,0.22226186096668243,dataset_4_keyframe_1,3.7764759063720703
101,2.442770004272461,3.8786749839782715,0.00010172526526730508,0.02947642095386982,21.838836669921875,all_reliable,3.8786749839782715,1.0,0.22037778794765472,dataset_4_keyframe_1,3.7976584434509277
102,2.462218761444092,3.9092652797698975,9.562174818711355e-05,0.030432384461164474,21.969743728637695,all_reliable,3.9092652797698975,1.0,0.22277724742889404,dataset_4_keyframe_1,3.798879861831665
103,2.474256992340088,3.931874990463257,9.409587073605508e-05,0.03052113950252533,22.09991455078125,all_reliable,3.931874990463257,1.0,0.2237311452627182,dataset_4_keyframe_1,3.824610710144043
104,2.4784157276153564,3.9421119689941406,8.544922457076609e-05,0.030256908386945724,22.18682098388672,all_reliable,3.9421119689941406,1.0,0.22428683936595917,dataset_4_keyframe_1,3.8410274982452393
105,2.4493277072906494,3.9057326316833496,0.00010503133671591058,0.028856152668595314,22.066701889038086,all_reliable,3.9057326316833496,1.0,0.22018757462501526,dataset_4_keyframe_1,3.8513970375061035
106,2.479572057723999,3.9482028484344482,8.722941856831312e-05,0.03128967434167862,22.13494300842285,all_reliable,3.9482028484344482,1.0,0.2259591668844223,dataset_4_keyframe_1,3.814457893371582
107,2.5551042556762695,4.056717872619629,7.069906132528558e-05,0.03303172066807747,22.59592056274414,all_reliable,4.056717872619629,1.0,0.2339368611574173,dataset_4_keyframe_1,3.8507864475250244
108,2.578967332839966,4.0908522605896,8.850097947288305e-05,0.032133739441633224,22.963443756103516,all_reliable,4.0908522605896,1.0,0.2327222377061844,dataset_4_keyframe_1,3.9736785888671875
109,2.53909969329834,4.03986930847168,8.366903057321906e-05,0.031144462525844574,22.801095962524414,all_reliable,4.03986930847168,1.0,0.22762909531593323,dataset_4_keyframe_1,4.003415584564209
110,2.5501554012298584,4.050408840179443,8.316040475619957e-05,0.03259481117129326,22.71880340576172,all_reliable,4.050408840179443,1.0,0.23137600719928741,dataset_4_keyframe_1,3.9503135681152344
111,2.4644951820373535,3.923024892807007,7.476806786144152e-05,0.02893676981329918,22.30164909362793,all_reliable,3.923024892807007,1.0,0.21874801814556122,dataset_4_keyframe_1,3.9590747356414795
112,2.455012083053589,3.9123289585113525,8.519490802427754e-05,0.030147045850753784,21.988727569580078,all_reliable,3.9123289585113525,1.0,0.22282595932483673,dataset_4_keyframe_1,3.835574150085449
113,2.4620282649993896,3.91233229637146,8.544922457076609e-05,0.029743196442723274,22.003215789794922,all_reliable,3.91233229637146,1.0,0.22311542928218842,dataset_4_keyframe_1,3.8258979320526123
114,2.467036247253418,3.921818733215332,8.722941856831312e-05,0.03030649945139885,22.03407859802246,all_reliable,3.921818733215332,1.0,0.22340349853038788,dataset_4_keyframe_1,3.826617956161499
115,2.468977928161621,3.9226338863372803,0.0001035054592648521,0.03008321300148964,22.05497932434082,all_reliable,3.9226338863372803,1.0,0.22290003299713135,dataset_4_keyframe_1,3.82959246635437
116,2.5136353969573975,3.9845173358917236,7.73112042224966e-05,0.031689200550317764,22.269624710083008,all_reliable,3.9845173358917236,1.0,0.22963228821754456,dataset_4_keyframe_1,3.8220374584198
117,2.541245698928833,4.012606143951416,8.799235365586355e-05,0.031832125037908554,22.528478622436523,all_reliable,4.012606143951416,1.0,0.23081961274147034,dataset_4_keyframe_1,3.887862205505371
118,2.5408318042755127,4.011360168457031,8.621215965831652e-05,0.031251780688762665,22.597681045532227,all_reliable,4.011360168457031,1.0,0.23006577789783478,dataset_4_keyframe_1,3.912531852722168
119,2.617445468902588,4.120072364807129,7.34965069568716e-05,0.033685050904750824,22.965192794799805,all_reliable,4.120072364807129,1.0,0.23999737203121185,dataset_4_keyframe_1,3.912874698638916
120,2.5146608352661133,3.9782943725585938,7.73112042224966e-05,0.028917187824845314,22.68802261352539,all_reliable,3.9782943725585938,1.0,0.22119641304016113,dataset_4_keyframe_1,4.015501976013184
121,2.5404393672943115,4.013427734375,8.82466702023521e-05,0.03210551291704178,22.50117301940918,all_reliable,4.013427734375,1.0,0.2315611094236374,dataset_4_keyframe_1,3.8841466903686523
122,2.542004346847534,4.01552152633667,8.722941856831312e-05,0.031708527356386185,22.646663665771484,all_reliable,4.01552152633667,1.0,0.22924800217151642,dataset_4_keyframe_1,3.915189266204834
123,2.542144298553467,4.019260883331299,9.485881309956312e-05,0.030967459082603455,22.6782283782959,all_reliable,4.019260883331299,1.0,0.2287263423204422,dataset_4_keyframe_1,3.916874408721924
124,2.5778074264526367,4.082466125488281,9.511312237009406e-05,0.032560478895902634,22.92288589477539,all_reliable,4.082466125488281,1.0,0.23222601413726807,dataset_4_keyframe_1,3.928330421447754
125,2.6022844314575195,4.116953372955322,9.155274165095761e-05,0.033109795302152634,23.187841415405273,all_reliable,4.116953372955322,1.0,0.23443551361560822,dataset_4_keyframe_1,3.9972925186157227
126,2.6266984939575195,4.158351421356201,9.20613674679771e-05,0.033996839076280594,23.353330612182617,all_reliable,4.158351421356201,1.0,0.2375241070985794,dataset_4_keyframe_1,4.003086566925049
127,2.647080183029175,4.184566974639893,0.00010121663945028558,0.03391062468290329,23.52598762512207,all_reliable,4.184566974639893,1.0,0.23794975876808167,dataset_4_keyframe_1,4.054837226867676
0,3.000537157058716,4.5841064453125,2.5685629225336015e-05,0.039777375757694244,26.260751724243164,full,4.5841064453125,0.9161621332168579,0.28115561604499817,dataset_7_keyframe_4,0.0
1,2.9959568977355957,4.648962020874023,6.53584866086021e-05,0.03821258619427681,26.179407119750977,full,4.648962020874023,0.87994384765625,0.2734306752681732,dataset_7_keyframe_4,4.4840779304504395
2,2.997598648071289,4.632304668426514,6.179809861350805e-05,0.038596346974372864,26.294742584228516,full,4.632304668426514,0.872119128704071,0.27302634716033936,dataset_7_keyframe_4,4.58146333694458
3,3.0049233436584473,4.6457977294921875,5.264282663119957e-05,0.038653820753097534,26.357637405395508,full,4.6457977294921875,0.8748535513877869,0.2728719413280487,dataset_7_keyframe_4,4.554719924926758
4,3.0173656940460205,4.6644086837768555,5.39143911737483e-05,0.03902639076113701,26.450101852416992,full,4.6644086837768555,0.876147449016571,0.274032324552536,dataset_7_keyframe_4,4.565157890319824
5,3.030313730239868,4.683628082275391,5.00996939081233e-05,0.03923746943473816,26.571516036987305,full,4.683628082275391,0.873217761516571,0.274389386177063,dataset_7_keyframe_4,4.580427646636963
6,3.039839744567871,4.696633338928223,5.442301699076779e-05,0.03927561640739441,26.661893844604492,full,4.696633338928223,0.868725597858429,0.27434247732162476,dataset_7_keyframe_4,4.5915679931640625
7,3.0601439476013184,4.726415157318115,4.8573812819086015e-05,0.03986206278204918,26.816211700439453,full,4.726415157318115,0.86151123046875,0.27480578422546387,dataset_7_keyframe_4,4.615870952606201
8,3.0850164890289307,4.763319969177246,3.86556021112483e-05,0.04051590338349342,27.003620147705078,full,4.763319969177246,0.8542847037315369,0.27669382095336914,dataset_7_keyframe_4,4.636066436767578
9,3.09944224357605,4.782676696777344,6.281535024754703e-05,0.040398407727479935,27.156784057617188,full,4.782676696777344,0.85443115234375,0.2766927182674408,dataset_7_keyframe_4,4.6729960441589355
10,3.1207683086395264,4.814267635345459,3.560384357115254e-05,0.041006725281476974,27.33677101135254,full,4.814267635345459,0.8399658203125,0.2765439450740814,dataset_7_keyframe_4,4.684147357940674
11,3.142076253890991,4.843746662139893,3.840128920273855e-05,0.04146932065486908,27.494667053222656,full,4.843746662139893,0.8367065787315369,0.27703845500946045,dataset_7_keyframe_4,4.719400405883789
12,3.1592607498168945,4.871222019195557,4.119873119634576e-05,0.041661836206912994,27.661991119384766,full,4.871222019195557,0.8238769769668579,0.2767259180545807,dataset_7_keyframe_4,4.735019683837891
13,3.180025577545166,4.899932861328125,3.7892659747740254e-05,0.04238942638039589,27.817195892333984,full,4.899932861328125,0.820910632610321,0.2775150239467621,dataset_7_keyframe_4,4.763965129852295
14,3.195004463195801,4.923645496368408,3.458659193711355e-05,0.04277318716049194,27.97087287902832,full,4.923645496368408,0.812548816204071,0.2772081792354584,dataset_7_keyframe_4,4.789224624633789
15,3.211712598800659,4.947591781616211,3.662109520519152e-05,0.04302927851676941,28.104103088378906,full,4.947591781616211,0.8009887933731079,0.27699407935142517,dataset_7_keyframe_4,4.804634094238281
16,3.229316473007202,4.9733428955078125,3.10262075799983e-05,0.04358520731329918,28.216201782226562,full,4.9733428955078125,0.794201672077179,0.2780783772468567,dataset_7_keyframe_4,4.825324535369873
17,3.248623847961426,5.001595973968506,3.1280520488508046e-05,0.044068656861782074,28.37179946899414,full,5.001595973968506,0.7878051996231079,0.2783125042915344,dataset_7_keyframe_4,4.852853775024414
18,3.264894723892212,5.023988246917725,2.7465821403893642e-05,0.04436442255973816,28.494308471679688,full,5.023988246917725,0.7802490592002869,0.2787526249885559,dataset_7_keyframe_4,4.865217208862305
19,3.2828166484832764,5.051254749298096,2.543131631682627e-05,0.04487050697207451,28.6578426361084,full,5.051254749298096,0.7671753168106079,0.2790828049182892,dataset_7_keyframe_4,4.885250568389893
20,3.3026719093322754,5.0834736824035645,2.772013431240339e-05,0.045456696301698685,28.801252365112305,full,5.0834736824035645,0.7536865472793579,0.27977949380874634,dataset_7_keyframe_4,4.8901686668396
21,3.336771011352539,5.133343696594238,2.772013431240339e-05,0.04627634957432747,29.079917907714844,full,5.133343696594238,0.7467041015625,0.2818971574306488,dataset_7_keyframe_4,4.942842483520508
22,3.3425183296203613,5.144969940185547,2.975463939947076e-05,0.04630483314394951,29.143596649169922,full,5.144969940185547,0.7507568597793579,0.28370019793510437,dataset_7_keyframe_4,4.9594645500183105
23,3.348482131958008,5.153753757476807,3.356933666509576e-05,0.04645920172333717,29.162723541259766,full,5.153753757476807,0.75830078125,0.28537777066230774,dataset_7_keyframe_4,4.91997766494751
24,3.3512511253356934,5.158105850219727,3.229777212254703e-05,0.04629669338464737,29.260021209716797,full,5.158105850219727,0.747631847858429,0.28536614775657654,dataset_7_keyframe_4,4.957353115081787
25,3.3494482040405273,5.16044807434082,2.7211508495383896e-05,0.04643046483397484,29.165424346923828,full,5.16044807434082,0.78472900390625,0.2880006432533264,dataset_7_keyframe_4,4.9182963371276855
26,3.352085590362549,5.160029411315918,3.000895412696991e-05,0.04609222710132599,29.233867645263672,full,5.160029411315918,0.784289538860321,0.28659993410110474,dataset_7_keyframe_4,4.945511341094971
27,3.3583569526672363,5.171473979949951,2.7974447220913135e-05,0.0460662879049778,29.305938720703125,full,5.171473979949951,0.783459484577179,0.28680282831192017,dataset_7_keyframe_4,4.960446834564209
28,3.363999128341675,5.178282260894775,3.10262075799983e-05,0.04623057320713997,29.339771270751953,full,5.178282260894775,0.7825073599815369,0.2875771224498749,dataset_7_keyframe_4,4.976122856140137
29,3.374039888381958,5.191036224365234,2.772013431240339e-05,0.046081800013780594,29.529870986938477,full,5.191036224365234,0.766674816608429,0.2841556966304779,dataset_7_keyframe_4,5.044674396514893
30,3.3312125205993652,5.14684534072876,3.840128920273855e-05,0.04522959515452385,29.19901466369629,full,5.14684534072876,0.766674816608429,0.2840641140937805,dataset_7_keyframe_4,4.99418830871582
31,3.293848991394043,5.117202281951904,4.24702993768733e-05,0.044671885669231415,28.992416381835938,full,5.117202281951904,0.7472290396690369,0.27951574325561523,dataset_7_keyframe_4,4.965592861175537
32,3.2574350833892822,5.084437847137451,4.170736065134406e-05,0.04396922141313553,28.847196578979492,full,5.084437847137451,0.741992175579071,0.275393009185791,dataset_7_keyframe_4,4.931360721588135
33,3.204881429672241,5.034070014953613,4.297892519389279e-05,0.043305207043886185,28.527957916259766,full,5.034070014953613,0.7293701171875,0.2723168730735779,dataset_7_keyframe_4,4.867026329040527
34,3.165350914001465,4.992713928222656,4.959106809110381e-05,0.042434439063072205,28.39720916748047,full,4.992713928222656,0.7136597037315369,0.2669619917869568,dataset_7_keyframe_4,4.845451354980469
35,3.1161444187164307,4.944150924682617,5.340576535672881e-05,0.04178110882639885,28.05221939086914,full,4.944150924682617,0.728381335735321,0.264723539352417,dataset_7_keyframe_4,4.7563676834106445
36,3.0849218368530273,4.916155815124512,5.340576535672881e-05,0.04152298346161842,27.87641143798828,full,4.916155815124512,0.7201782464981079,0.2615310847759247,dataset_7_keyframe_4,4.741542339324951
37,3.0390615463256836,4.869281768798828,4.984538099961355e-05,0.040547437965869904,27.683021545410156,full,4.869281768798828,0.69451904296875,0.25508806109428406,dataset_7_keyframe_4,4.737074375152588
38,2.9861981868743896,4.817942142486572,4.882812936557457e-05,0.03993174433708191,27.320568084716797,full,4.817942142486572,0.69384765625,0.2542237937450409,dataset_7_keyframe_4,4.657355785369873
39,2.937354803085327,4.768333435058594,6.510417006211355e-05,0.03920440748333931,27.03968048095703,full,4.768333435058594,0.6839355826377869,0.2510417103767395,dataset_7_keyframe_4,4.61992073059082
40,2.8721113204956055,4.6923136711120605,6.357829261105508e-05,0.03799057379364967,26.686412811279297,full,4.6923136711120605,0.6770386099815369,0.24452157318592072,dataset_7_keyframe_4,4.571771144866943
41,2.8232815265655518,4.64179801940918,5.39143911737483e-05,0.037292227149009705,26.326383590698242,full,4.64179801940918,0.6636596918106079,0.242303729057312,dataset_7_keyframe_4,4.5048909187316895
42,2.755619525909424,4.565876007080078,5.900065298192203e-05,0.036225128918886185,25.869104385375977,full,4.565876007080078,0.659924328327179,0.23735594749450684,dataset_7_keyframe_4,4.4450860023498535
43,2.6955456733703613,4.496554374694824,5.900065298192203e-05,0.03524475172162056,25.49559211730957,full,4.496554374694824,0.6563354730606079,0.23299656808376312,dataset_7_keyframe_4,4.387521743774414
44,2.634469509124756,4.428437232971191,6.256104097701609e-05,0.03421224281191826,25.110836029052734,full,4.428437232971191,0.651135265827179,0.22940734028816223,dataset_7_keyframe_4,4.32121467590332
45,2.6039140224456787,4.398489952087402,9.663899982115254e-05,0.03393605723977089,24.889341354370117,full,4.398489952087402,0.648815929889679,0.2288898527622223,dataset_7_keyframe_4,4.26765251159668
46,2.5771849155426025,4.36694860458374,6.179809861350805e-05,0.033477529883384705,24.72898292541504,full,4.36694860458374,0.642773449420929,0.22683759033679962,dataset_7_keyframe_4,4.254827976226807
47,2.5358328819274902,4.313773155212402,7.629395258845761e-05,0.032707471400499344,24.4803524017334,full,4.313773155212402,0.6424804925918579,0.22316770255565643,dataset_7_keyframe_4,4.207903861999512
48,2.5027971267700195,4.277263164520264,7.324219041038305e-05,0.032400768250226974,24.26921272277832,full,4.277263164520264,0.640698254108429,0.2211541384458542,dataset_7_keyframe_4,4.162232875823975
49,2.4793028831481934,4.249284267425537,7.451375859091058e-05,0.03182678297162056,24.105852127075195,full,4.249284267425537,0.63726806640625,0.21924033761024475,dataset_7_keyframe_4,4.137029647827148
50,2.4581072330474854,4.231675624847412,8.290608820971102e-05,0.03166859969496727,23.97458267211914,full,4.231675624847412,0.6329345703125,0.21750931441783905,dataset_7_keyframe_4,4.1231231689453125
51,2.436728000640869,4.204657554626465,7.476806786144152e-05,0.031345877796411514,23.814088821411133,full,4.204657554626465,0.630126953125,0.21664462983608246,dataset_7_keyframe_4,4.109650135040283
52,2.3823931217193604,4.135269641876221,6.866455078125e-05,0.0304819755256176,23.41912078857422,full,4.135269641876221,0.6204833984375,0.21195264160633087,dataset_7_keyframe_4,4.054296970367432
53,2.331559419631958,4.069477558135986,7.044474477879703e-05,0.029715221375226974,23.056306838989258,full,4.069477558135986,0.614392101764679,0.20776621997356415,dataset_7_keyframe_4,3.9893476963043213
54,2.3015758991241455,4.0362443923950195,8.087158494163305e-05,0.029356639832258224,22.881927490234375,full,4.0362443923950195,0.6125244498252869,0.20488600432872772,dataset_7_keyframe_4,3.9534120559692383
55,2.2537097930908203,3.9757447242736816,6.230672443052754e-05,0.02860463596880436,22.505901336669922,full,3.9757447242736816,0.5974975824356079,0.20081590116024017,dataset_7_keyframe_4,3.8992626667022705
56,2.2161102294921875,3.930896759033203,7.654826185898855e-05,0.02816162258386612,22.21642303466797,full,3.930896759033203,0.594470202922821,0.19826923310756683,dataset_7_keyframe_4,3.850675582885742
57,2.188253879547119,3.893272638320923,8.11259014881216e-05,0.02774048037827015,21.975610733032227,full,3.893272638320923,0.5911865234375,0.19671615958213806,dataset_7_keyframe_4,3.812129497528076
58,2.1462621688842773,3.834439992904663,6.53584866086021e-05,0.02715708501636982,21.681011199951172,full,3.834439992904663,0.5887451171875,0.1929769366979599,dataset_7_keyframe_4,3.771792411804199
59,2.1233973503112793,3.807346820831299,6.0526534070959315e-05,0.02684580534696579,21.521133422851562,full,3.807346820831299,0.5909668207168579,0.19178858399391174,dataset_7_keyframe_4,3.7256882190704346
60,2.0975072383880615,3.772470712661743,7.146199641283602e-05,0.02638244815170765,21.350656509399414,full,3.772470712661743,0.5882202386856079,0.1893036663532257,dataset_7_keyframe_4,3.7117249965667725
61,2.072786331176758,3.7402827739715576,6.96818096912466e-05,0.026080070063471794,21.159822463989258,full,3.7402827739715576,0.5851684808731079,0.1874123513698578,dataset_7_keyframe_4,3.676414728164673
62,2.042171001434326,3.6971638202667236,8.06172756711021e-05,0.02568664774298668,20.92976188659668,full,3.6971638202667236,0.5840210318565369,0.18449583649635315,dataset_7_keyframe_4,3.6355504989624023
63,2.01821231842041,3.6712498664855957,7.883708167355508e-05,0.02531077153980732,20.77839469909668,full,3.6712498664855957,0.5766235589981079,0.18260277807712555,dataset_7_keyframe_4,3.603459119796753
64,1.9837833642959595,3.6235103607177734,0.00010197958181379363,0.02481943927705288,20.56100845336914,full,3.6235103607177734,0.571154773235321,0.17881327867507935,dataset_7_keyframe_4,3.5714271068573
65,1.9585425853729248,3.5963432788848877,0.00011825562251033261,0.02460022084414959,20.360754013061523,full,3.5963432788848877,0.5677734613418579,0.17793408036231995,dataset_7_keyframe_4,3.528146743774414
66,1.9296919107437134,3.555999279022217,7.883708167355508e-05,0.024151867255568504,20.17574691772461,full,3.555999279022217,0.566271960735321,0.1755114495754242,dataset_7_keyframe_4,3.493582248687744
67,1.9167782068252563,3.540353775024414,6.764729914721102e-05,0.024108633399009705,20.0515079498291,full,3.540353775024414,0.5549560785293579,0.17510971426963806,dataset_7_keyframe_4,3.4624688625335693
68,1.897672414779663,3.514228582382202,6.91731838742271e-05,0.023663077503442764,19.897493362426758,full,3.514228582382202,0.5576416254043579,0.17363391816616058,dataset_7_keyframe_4,3.450676441192627
69,1.882904052734375,3.494619131088257,6.815592496423051e-05,0.023498281836509705,19.80902862548828,full,3.494619131088257,0.5522705316543579,0.17161481082439423,dataset_7_keyframe_4,3.4306752681732178
70,1.8729571104049683,3.4826343059539795,0.00011901855759788305,0.02351888082921505,19.654603958129883,full,3.4826343059539795,0.5527099967002869,0.1727263331413269,dataset_7_keyframe_4,3.398099660873413
71,1.845093846321106,3.4392619132995605,8.850097947288305e-05,0.022767893970012665,19.519941329956055,full,3.4392619132995605,0.54901123046875,0.16874171793460846,dataset_7_keyframe_4,3.3937156200408936
72,1.8333771228790283,3.4266977310180664,7.171631295932457e-05,0.02311045490205288,19.328454971313477,full,3.4266977310180664,0.547070324420929,0.16861169040203094,dataset_7_keyframe_4,3.353286027908325
73,1.8076612949371338,3.385434627532959,7.934570749057457e-05,0.02211608923971653,19.165218353271484,full,3.385434627532959,0.5510010123252869,0.16647350788116455,dataset_7_keyframe_4,3.3342885971069336
74,1.7820765972137451,3.3473634719848633,8.773804438533261e-05,0.02184956893324852,18.942874908447266,full,3.3473634719848633,0.5481323599815369,0.16428379714488983,dataset_7_keyframe_4,3.293905019760132
75,1.7683541774749756,3.3300516605377197,8.163452730514109e-05,0.021816764026880264,18.837594985961914,full,3.3300516605377197,0.557788074016571,0.16420693695545197,dataset_7_keyframe_4,3.264730930328369
76,1.7521228790283203,3.3068642616271973,8.672078547533602e-05,0.02150014415383339,18.718915939331055,full,3.3068642616271973,0.552929699420929,0.162433460354805,dataset_7_keyframe_4,3.2516629695892334
77,1.726283073425293,3.2671358585357666,8.697510202182457e-05,0.02078247256577015,18.492103576660156,full,3.2671358585357666,0.5403076410293579,0.1598121076822281,dataset_7_keyframe_4,3.2207517623901367
78,1.7183125019073486,3.257786273956299,9.867351036518812e-05,0.02094065397977829,18.402677536010742,full,3.257786273956299,0.5460205078125,0.16017836332321167,dataset_7_keyframe_4,3.2005844116210938
79,1.6927132606506348,3.220069646835327,0.00012563070049509406,0.02032013051211834,18.246129989624023,full,3.220069646835327,0.542309582233429,0.15735729038715363,dataset_7_keyframe_4,3.187098979949951
80,1.656338095664978,3.1676595211029053,0.0001001993878162466,0.019559480249881744,17.955520629882812,full,3.1676595211029053,0.530810534954071,0.15338745713233948,dataset_7_keyframe_4,3.142080068588257
81,1.639966368675232,3.1451756954193115,8.672078547533602e-05,0.01953531987965107,17.799665451049805,full,3.1451756954193115,0.533215343952179,0.15301655232906342,dataset_7_keyframe_4,3.1015431880950928
82,1.623766303062439,3.1209115982055664,9.307861910201609e-05,0.019148001447319984,17.668102264404297,full,3.1209115982055664,0.53106689453125,0.15126971900463104,dataset_7_keyframe_4,3.081705331802368
83,1.586402416229248,3.069084405899048,9.613037400413305e-05,0.01844635047018528,17.384231567382812,full,3.069084405899048,0.526354968547821,0.1484568864107132,dataset_7_keyframe_4,3.033682107925415
84,1.549790620803833,3.0195274353027344,0.00010299683344783261,0.017789460718631744,17.11673355102539,full,3.0195274353027344,0.520397961139679,0.14491452276706696,dataset_7_keyframe_4,2.9899628162384033
85,1.5257118940353394,2.988661050796509,9.994507126975805e-05,0.01750539243221283,16.913314819335938,full,2.988661050796509,0.51336669921875,0.14340291917324066,dataset_7_keyframe_4,2.955528497695923
86,1.4936896562576294,2.9466443061828613,0.00010604858834994957,0.016889700666069984,16.702543258666992,full,2.9466443061828613,0.5058227777481079,0.1403423398733139,dataset_7_keyframe_4,2.924402952194214
87,1.4710882902145386,2.922668218612671,0.0001373291015625,0.01680959202349186,16.53753662109375,full,2.922668218612671,0.5024048089981079,0.13930253684520721,dataset_7_keyframe_4,2.8848273754119873
88,1.4426794052124023,2.88521146774292,0.00010910035052802414,0.016186270862817764,16.35304069519043,full,2.88521146774292,0.49714356660842896,0.1363966315984726,dataset_7_keyframe_4,2.863346815109253
89,1.4155821800231934,2.852313995361328,0.00011469523451523855,0.01588643528521061,16.159940719604492,full,2.852313995361328,0.4883666932582855,0.13437631726264954,dataset_7_keyframe_4,2.8217098712921143
90,1.395453691482544,2.83134388923645,8.519490802427754e-05,0.015626272186636925,16.008716583251953,full,2.83134388923645,0.4794921875,0.13292856514453888,dataset_7_keyframe_4,2.7960221767425537
91,1.365133285522461,2.791551351547241,8.087158494163305e-05,0.015006002970039845,15.83719253540039,full,2.791551351547241,0.4693237245082855,0.12958145141601562,dataset_7_keyframe_4,2.7775661945343018
92,1.3411073684692383,2.76464581489563,9.307861910201609e-05,0.014884949661791325,15.642885208129883,full,2.76464581489563,0.46116945147514343,0.12802211940288544,dataset_7_keyframe_4,2.7359933853149414
93,1.313246488571167,2.73227858543396,7.832845585653558e-05,0.014632416889071465,15.445515632629395,full,2.73227858543396,0.45765382051467896,0.1262976974248886,dataset_7_keyframe_4,2.6929423809051514
94,1.285984992980957,2.693943738937378,8.519490802427754e-05,0.014008586294949055,15.267037391662598,full,2.693943738937378,0.4467407166957855,0.12339168041944504,dataset_7_keyframe_4,2.6716606616973877
95,1.2626768350601196,2.671975612640381,6.764729914721102e-05,0.01405105646699667,15.080607414245605,full,2.671975612640381,0.44127199053764343,0.12230511009693146,dataset_7_keyframe_4,2.624119520187378
96,1.2358007431030273,2.632836103439331,8.82466702023521e-05,0.01328633725643158,14.907642364501953,full,2.632836103439331,0.43452149629592896,0.11931922286748886,dataset_7_keyframe_4,2.6040964126586914
97,1.2187093496322632,2.617603063583374,6.866455078125e-05,0.01349461916834116,14.766350746154785,full,2.617603063583374,0.4254394471645355,0.11853541433811188,dataset_7_keyframe_4,2.5673635005950928
98,1.1891252994537354,2.567991256713867,7.807413931004703e-05,0.01251729391515255,14.560455322265625,full,2.567991256713867,0.42083740234375,0.11510918289422989,dataset_7_keyframe_4,2.5510313510894775
99,1.1781662702560425,2.5630099773406982,7.476806786144152e-05,0.013061015866696835,14.419819831848145,full,2.5630099773406982,0.4162841737270355,0.11534769833087921,dataset_7_keyframe_4,2.501150608062744
100,1.1522797346115112,2.5189409255981445,7.781983003951609e-05,0.01205291785299778,14.273763656616211,full,2.5189409255981445,0.41029053926467896,0.1117609515786171,dataset_7_keyframe_4,2.504596471786499
101,1.1391276121139526,2.5105957984924316,7.578531949548051e-05,0.012511699460446835,14.141180992126465,full,2.5105957984924316,0.40367433428764343,0.11117517948150635,dataset_7_keyframe_4,2.4617080688476562
102,1.1155461072921753,2.470921754837036,9.155274165095761e-05,0.011620331555604935,13.993033409118652,full,2.470921754837036,0.396240234375,0.10822661966085434,dataset_7_keyframe_4,2.461892604827881
103,1.0970302820205688,2.4537670612335205,8.239746239269152e-05,0.011908977292478085,13.857400894165039,full,2.4537670612335205,0.3854003846645355,0.10675644874572754,dataset_7_keyframe_4,2.4234235286712646
104,1.0796207189559937,2.4295167922973633,8.773804438533261e-05,0.011385600082576275,13.705159187316895,full,2.4295167922973633,0.3787841796875,0.10549070686101913,dataset_7_keyframe_4,2.4010977745056152
105,1.0522174835205078,2.3850033283233643,0.00010325114271836355,0.01075668353587389,13.494611740112305,full,2.3850033283233643,0.3733886778354645,0.10252492874860764,dataset_7_keyframe_4,2.3790948390960693
106,1.0421016216278076,2.3791377544403076,7.654826185898855e-05,0.01120681781321764,13.376269340515137,full,2.3791377544403076,0.3686157166957855,0.10267988592386246,dataset_7_keyframe_4,2.3328399658203125
107,1.0150132179260254,2.330127716064453,9.58760647336021e-05,0.010163117200136185,13.21035099029541,full,2.330127716064453,0.36334228515625,0.09908212721347809,dataset_7_keyframe_4,2.3295514583587646
108,1.0024118423461914,2.3201403617858887,8.341472130268812e-05,0.010643514804542065,13.07248592376709,full,2.3201403617858887,0.35966798663139343,0.09906567633152008,dataset_7_keyframe_4,2.280097723007202
109,0.9854961633682251,2.2943437099456787,8.138021075865254e-05,0.010119629092514515,12.962231636047363,full,2.2943437099456787,0.3526611328125,0.09729690849781036,dataset_7_keyframe_4,2.2735002040863037
110,0.9662313461303711,2.270671844482422,8.010864985408261e-05,0.009982299990952015,12.837945938110352,full,2.270671844482422,0.3477416932582855,0.09537052363157272,dataset_7_keyframe_4,2.2429137229919434
111,0.9559729695320129,2.2647340297698975,8.138021075865254e-05,0.010249328799545765,12.755969047546387,full,2.2647340297698975,0.3412231504917145,0.095037080347538,dataset_7_keyframe_4,2.2172014713287354
112,0.9352201819419861,2.230801582336426,8.44319729367271e-05,0.009385427460074425,12.65847396850586,full,2.230801582336426,0.3299316465854645,0.09198601543903351,dataset_7_keyframe_4,2.2279748916625977
113,0.9276334643363953,2.2371163368225098,6.357829261105508e-05,0.010134125128388405,12.564874649047852,full,2.2371163368225098,0.3272949159145355,0.09297581017017365,dataset_7_keyframe_4,2.178403854370117
114,0.9084008932113647,2.2097997665405273,8.570353384129703e-05,0.00939814280718565,12.497644424438477,full,2.2097997665405273,0.31898194551467896,0.09053283929824829,dataset_7_keyframe_4,2.1860225200653076
115,0.8944579362869263,2.193174362182617,7.324219041038305e-05,0.00947240274399519,12.37560749053955,full,2.193174362182617,0.3109985291957855,0.08933772891759872,dataset_7_keyframe_4,2.158679962158203
116,0.8879434466362,2.194458484649658,5.849202716490254e-05,0.00966618862003088,12.324983596801758,full,2.194458484649658,0.3023681640625,0.08961445838212967,dataset_7_keyframe_4,2.1398420333862305
117,0.8733941316604614,2.1680705547332764,5.187988426769152e-05,0.009011587128043175,12.271659851074219,full,2.1680705547332764,0.30328369140625,0.08720768988132477,dataset_7_keyframe_4,2.155144691467285
118,0.8680174350738525,2.160172939300537,0.00010223389108432457,0.00916264858096838,12.184494972229004,full,2.160172939300537,0.29997560381889343,0.08711879700422287,dataset_7_keyframe_4,2.1351895332336426
119,0.8603848218917847,2.153120756149292,6.001790825393982e-05,0.009181467816233635,12.136418342590332,full,2.153120756149292,0.2983642518520355,0.08675850927829742,dataset_7_keyframe_4,2.117536783218384
120,0.8491482734680176,2.14060378074646,7.781983003951609e-05,0.009149933233857155,12.05451774597168,full,2.14060378074646,0.29119873046875,0.08600383251905441,dataset_7_keyframe_4,2.093851327896118
121,0.8308937549591064,2.110888719558716,7.324219041038305e-05,0.008638255298137665,11.955657005310059,full,2.110888719558716,0.2851318418979645,0.0832584872841835,dataset_7_keyframe_4,2.0990028381347656
122,0.8297554850578308,2.1133222579956055,4.170736065134406e-05,0.008875020779669285,11.918906211853027,full,2.1133222579956055,0.282958984375,0.08355098217725754,dataset_7_keyframe_4,2.084866762161255
123,0.8249562978744507,2.111407518386841,6.58671124256216e-05,0.00885594729334116,11.891858100891113,full,2.111407518386841,0.2791748046875,0.08336933702230453,dataset_7_keyframe_4,2.076328754425049
124,0.8152046203613281,2.093234062194824,6.637573824264109e-05,0.008500417694449425,11.84293270111084,full,2.093234062194824,0.27714845538139343,0.0819118544459343,dataset_7_keyframe_4,2.0801026821136475
125,0.8037360310554504,2.078760862350464,7.095337059581652e-05,0.00854390487074852,11.719618797302246,full,2.078760862350464,0.27178955078125,0.08125348389148712,dataset_7_keyframe_4,2.0427639484405518
126,0.8077817559242249,2.0929765701293945,5.442301699076779e-05,0.008759054355323315,11.762866020202637,full,2.0929765701293945,0.2686401307582855,0.08187250047922134,dataset_7_keyframe_4,2.044527769088745
127,0.8035367727279663,2.0899763107299805,8.468628220725805e-05,0.008616892620921135,11.765435218811035,full,2.0899763107299805,0.2667236328125,0.08116926997900009,dataset_7_keyframe_4,2.057231903076172
0,3.000537157058716,4.5841064453125,2.5685629225336015e-05,0.039777375757694244,26.260751724243164,zero_state,4.5841064453125,0.9161621332168579,0.28115561604499817,dataset_7_keyframe_4,0.0
1,3.0032408237457275,4.59337043762207,3.255208503105678e-05,0.04056956246495247,26.179407119750977,zero_state,4.59337043762207,0.87994384765625,0.2841135859489441,dataset_7_keyframe_4,0.0
2,3.0142946243286133,4.608364105224609,3.4077962482115254e-05,0.04084167629480362,26.294742584228516,zero_state,4.608364105224609,0.872119128704071,0.28391599655151367,dataset_7_keyframe_4,0.0
3,3.022132635116577,4.6206746101379395,3.4077962482115254e-05,0.04084676504135132,26.357637405395508,zero_state,4.6206746101379395,0.8748535513877869,0.2839694023132324,dataset_7_keyframe_4,0.0
4,3.0351314544677734,4.63994836807251,3.840128920273855e-05,0.041083019226789474,26.450101852416992,zero_state,4.63994836807251,0.876147449016571,0.2851414084434509,dataset_7_keyframe_4,0.0
5,3.049102544784546,4.660820484161377,3.662109520519152e-05,0.041372429579496384,26.571516036987305,zero_state,4.660820484161377,0.873217761516571,0.2856086194515228,dataset_7_keyframe_4,0.0
6,3.058980941772461,4.673982620239258,3.306071084807627e-05,0.04150594398379326,26.661893844604492,zero_state,4.673982620239258,0.868725597858429,0.2856334149837494,dataset_7_keyframe_4,0.0
7,3.0797767639160156,4.704782009124756,4.552205791696906e-05,0.04199371486902237,26.816211700439453,zero_state,4.704782009124756,0.86151123046875,0.2860472798347473,dataset_7_keyframe_4,0.0
8,3.105604410171509,4.743098258972168,4.831949991057627e-05,0.04261881858110428,27.003620147705078,zero_state,4.743098258972168,0.8542847037315369,0.2880612015724182,dataset_7_keyframe_4,0.0
9,3.121929168701172,4.7654571533203125,3.840128920273855e-05,0.04258067160844803,27.156784057617188,zero_state,4.7654571533203125,0.85443115234375,0.28836819529533386,dataset_7_keyframe_4,0.0
10,3.1426069736480713,4.7946014404296875,4.933675518259406e-05,0.04311015084385872,27.33677101135254,zero_state,4.7946014404296875,0.8399658203125,0.2880914509296417,dataset_7_keyframe_4,0.0
11,3.165299654006958,4.827551364898682,4.781087409355678e-05,0.043683119118213654,27.494667053222656,zero_state,4.827551364898682,0.8367065787315369,0.2887178659439087,dataset_7_keyframe_4,0.0
12,3.1835875511169434,4.8558197021484375,4.069010537932627e-05,0.043842826038599014,27.661991119384766,zero_state,4.8558197021484375,0.8238769769668579,0.28850582242012024,dataset_7_keyframe_4,0.0
13,3.205406665802002,4.88651180267334,3.534953066264279e-05,0.04444478452205658,27.817195892333984,zero_state,4.88651180267334,0.820910632610321,0.28940996527671814,dataset_7_keyframe_4,0.0
14,3.22192120552063,4.911650657653809,4.933675518259406e-05,0.044972486793994904,27.97087287902832,zero_state,4.911650657653809,0.812548816204071,0.2892913520336151,dataset_7_keyframe_4,0.0
15,3.2395412921905518,4.937005043029785,3.7129721022211015e-05,0.045180514454841614,28.104103088378906,zero_state,4.937005043029785,0.8009887933731079,0.28911247849464417,dataset_7_keyframe_4,0.0
16,3.2582485675811768,4.964364051818848,3.4077962482115254e-05,0.04570974037051201,28.216201782226562,zero_state,4.964364051818848,0.794201672077179,0.29020747542381287,dataset_7_keyframe_4,0.0
17,3.2786035537719727,4.994497776031494,3.4077962482115254e-05,0.046179965138435364,28.37179946899414,zero_state,4.994497776031494,0.7878051996231079,0.2905287444591522,dataset_7_keyframe_4,0.0
18,3.295576333999634,5.016935348510742,3.229777212254703e-05,0.046440381556749344,28.494308471679688,zero_state,5.016935348510742,0.7802490592002869,0.2910139858722687,dataset_7_keyframe_4,0.0
19,3.314527750015259,5.0457940101623535,3.229777212254703e-05,0.04707896336913109,28.6578426361084,zero_state,5.0457940101623535,0.7671753168106079,0.29148706793785095,dataset_7_keyframe_4,0.0
20,3.3337323665618896,5.077177047729492,3.178914630552754e-05,0.04759776219725609,28.801252365112305,zero_state,5.077177047729492,0.7536865472793579,0.2923203408718109,dataset_7_keyframe_4,0.0
21,3.3678038120269775,5.127785682678223,3.077189467148855e-05,0.04852498695254326,29.079917907714844,zero_state,5.127785682678223,0.7467041015625,0.29470396041870117,dataset_7_keyframe_4,0.0
22,3.3737449645996094,5.139043807983398,2.772013431240339e-05,0.04843546822667122,29.143596649169922,zero_state,5.139043807983398,0.7507568597793579,0.2966320514678955,dataset_7_keyframe_4,0.0
23,3.3799777030944824,5.148273944854736,2.7211508495383896e-05,0.048713941127061844,29.162723541259766,zero_state,5.148273944854736,0.75830078125,0.29836368560791016,dataset_7_keyframe_4,0.0
24,3.3840267658233643,5.154993534088135,2.4159749955288135e-05,0.04855804517865181,29.260021209716797,zero_state,5.154993534088135,0.747631847858429,0.29863888025283813,dataset_7_keyframe_4,0.0
25,3.3808228969573975,5.155165195465088,2.9500326490961015e-05,0.04870809242129326,29.165424346923828,zero_state,5.155165195465088,0.78472900390625,0.30099746584892273,dataset_7_keyframe_4,0.0
26,3.3843727111816406,5.156126499176025,2.8991700673941523e-05,0.04848022758960724,29.233867645263672,zero_state,5.156126499176025,0.784289538860321,0.299940288066864,dataset_7_keyframe_4,0.0
27,3.390880584716797,5.167566776275635,2.6194255042355508e-05,0.04855143651366234,29.305938720703125,zero_state,5.167566776275635,0.783459484577179,0.30003640055656433,dataset_7_keyframe_4,0.0
28,3.3978593349456787,5.178218364715576,2.8991700673941523e-05,0.048761751502752304,29.339771270751953,zero_state,5.178218364715576,0.7825073599815369,0.30085813999176025,dataset_7_keyframe_4,0.0
29,3.406222105026245,5.187991619110107,3.2043459214037284e-05,0.048644259572029114,29.529870986938477,zero_state,5.187991619110107,0.766674816608429,0.2976321876049042,dataset_7_keyframe_4,0.0
30,3.3621318340301514,5.142223358154297,2.543131631682627e-05,0.04768931493163109,29.19901466369629,zero_state,5.142223358154297,0.766674816608429,0.2969962954521179,dataset_7_keyframe_4,0.0
31,3.3233556747436523,5.109292030334473,3.458659193711355e-05,0.04689433053135872,28.992416381835938,zero_state,5.109292030334473,0.7472290396690369,0.29238563776016235,dataset_7_keyframe_4,0.0
32,3.2872157096862793,5.076319217681885,4.552205791696906e-05,0.046347301453351974,28.847196578979492,zero_state,5.076319217681885,0.741992175579071,0.2882547676563263,dataset_7_keyframe_4,0.0
33,3.233288288116455,5.025829315185547,3.763834683923051e-05,0.045550793409347534,28.527957916259766,zero_state,5.025829315185547,0.7293701171875,0.28475624322891235,dataset_7_keyframe_4,0.0
34,3.194873809814453,4.985584259033203,3.534953066264279e-05,0.04476827383041382,28.39720916748047,zero_state,4.985584259033203,0.7136597037315369,0.2796171307563782,dataset_7_keyframe_4,0.0
35,3.1451070308685303,4.938687801361084,3.280639793956652e-05,0.044099681079387665,28.05221939086914,zero_state,4.938687801361084,0.728381335735321,0.2767467796802521,dataset_7_keyframe_4,0.0
36,3.1144847869873047,4.913082122802734,3.306071084807627e-05,0.04376526176929474,27.87641143798828,zero_state,4.913082122802734,0.7201782464981079,0.27352070808410645,dataset_7_keyframe_4,0.0
37,3.0678794384002686,4.863415241241455,3.611246938817203e-05,0.042882539331912994,27.683021545410156,zero_state,4.863415241241455,0.69451904296875,0.2668934762477875,dataset_7_keyframe_4,0.0
38,3.0154457092285156,4.814976215362549,3.382364957360551e-05,0.04216385260224342,27.320568084716797,zero_state,4.814976215362549,0.69384765625,0.26550570130348206,dataset_7_keyframe_4,0.0
39,2.9682528972625732,4.768698215484619,3.178914630552754e-05,0.04139252007007599,27.03968048095703,zero_state,4.768698215484619,0.6839355826377869,0.2625311017036438,dataset_7_keyframe_4,0.0
40,2.9013750553131104,4.688886642456055,3.7129721022211015e-05,0.040138501673936844,26.686412811279297,zero_state,4.688886642456055,0.6770386099815369,0.2557753026485443,dataset_7_keyframe_4,0.0
41,2.8520565032958984,4.638801574707031,3.48409048456233e-05,0.039378613233566284,26.326383590698242,zero_state,4.638801574707031,0.6636596918106079,0.2531091272830963,dataset_7_keyframe_4,0.0
42,2.7830886840820312,4.563004016876221,3.7892659747740254e-05,0.03828328475356102,25.869104385375977,zero_state,4.563004016876221,0.659924328327179,0.24802231788635254,dataset_7_keyframe_4,0.0
43,2.7218689918518066,4.490086078643799,3.86556021112483e-05,0.03719380870461464,25.49559211730957,zero_state,4.490086078643799,0.6563354730606079,0.24333666265010834,dataset_7_keyframe_4,0.0
44,2.6603705883026123,4.423209190368652,3.636678229668178e-05,0.03632863610982895,25.110836029052734,zero_state,4.423209190368652,0.651135265827179,0.23937097191810608,dataset_7_keyframe_4,0.0
45,2.6304147243499756,4.394381999969482,3.7129721022211015e-05,0.03595174476504326,24.889341354370117,zero_state,4.394381999969482,0.648815929889679,0.23865842819213867,dataset_7_keyframe_4,0.0
46,2.6043238639831543,4.364388465881348,3.814697629422881e-05,0.03555959090590477,24.72898292541504,zero_state,4.364388465881348,0.642773449420929,0.23667488992214203,dataset_7_keyframe_4,0.0
47,2.5612590312957764,4.307288646697998,4.170736065134406e-05,0.03480275720357895,24.4803524017334,zero_state,4.307288646697998,0.6424804925918579,0.23275284469127655,dataset_7_keyframe_4,0.0
48,2.5273139476776123,4.269968032836914,3.763834683923051e-05,0.034328460693359375,24.26921272277832,zero_state,4.269968032836914,0.640698254108429,0.23039913177490234,dataset_7_keyframe_4,0.0
49,2.504826307296753,4.244077205657959,3.458659193711355e-05,0.033834077417850494,24.105852127075195,zero_state,4.244077205657959,0.63726806640625,0.22859226167201996,dataset_7_keyframe_4,0.0
50,2.482548236846924,4.225386142730713,4.221598646836355e-05,0.03365733101963997,23.97458267211914,zero_state,4.225386142730713,0.6329345703125,0.2265809327363968,dataset_7_keyframe_4,0.0
51,2.4613091945648193,4.199023723602295,4.170736065134406e-05,0.03327687829732895,23.814088821411133,zero_state,4.199023723602295,0.630126953125,0.22570562362670898,dataset_7_keyframe_4,0.0
52,2.4057161808013916,4.127577781677246,3.5858156479662284e-05,0.032345328480005264,23.41912078857422,zero_state,4.127577781677246,0.6204833984375,0.2207709401845932,dataset_7_keyframe_4,0.0
53,2.354492664337158,4.061425685882568,3.941854083677754e-05,0.0316823348402977,23.056306838989258,zero_state,4.061425685882568,0.614392101764679,0.21629853546619415,dataset_7_keyframe_4,0.0
54,2.3225018978118896,4.025732040405273,3.941854083677754e-05,0.031280517578125,22.881927490234375,zero_state,4.025732040405273,0.6125244498252869,0.2130880355834961,dataset_7_keyframe_4,0.0
55,2.2734289169311523,3.964096784591675,4.425048973644152e-05,0.030360668897628784,22.505901336669922,zero_state,3.964096784591675,0.5974975824356079,0.20896343886852264,dataset_7_keyframe_4,0.0
56,2.235865592956543,3.918640613555908,4.043579247081652e-05,0.02992401272058487,22.21642303466797,zero_state,3.918640613555908,0.594470202922821,0.20622773468494415,dataset_7_keyframe_4,0.0
57,2.2085959911346436,3.883631706237793,3.814697629422881e-05,0.02955932728946209,21.975610733032227,zero_state,3.883631706237793,0.5911865234375,0.2045976221561432,dataset_7_keyframe_4,0.0
58,2.1663730144500732,3.824435234069824,3.7129721022211015e-05,0.0289382953196764,21.681011199951172,zero_state,3.824435234069824,0.5887451171875,0.20074836909770966,dataset_7_keyframe_4,0.0
59,2.1440303325653076,3.798426628112793,4.374186391942203e-05,0.028637442737817764,21.521133422851562,zero_state,3.798426628112793,0.5909668207168579,0.19933286309242249,dataset_7_keyframe_4,0.0
60,2.117518901824951,3.7641689777374268,4.043579247081652e-05,0.028301749378442764,21.350656509399414,zero_state,3.7641689777374268,0.5882202386856079,0.19676585495471954,dataset_7_keyframe_4,0.0
61,2.0919394493103027,3.7297210693359375,3.763834683923051e-05,0.027897391468286514,21.159822463989258,zero_state,3.7297210693359375,0.5851684808731079,0.1946723908185959,dataset_7_keyframe_4,0.0
62,2.0598835945129395,3.6847903728485107,3.560384357115254e-05,0.02747751958668232,20.92976188659668,zero_state,3.6847903728485107,0.5840210318565369,0.191548690199852,dataset_7_keyframe_4,0.0
63,2.036153554916382,3.6595845222473145,4.679362245951779e-05,0.02708231657743454,20.77839469909668,zero_state,3.6595845222473145,0.5766235589981079,0.18949972093105316,dataset_7_keyframe_4,0.0
64,2.0009605884552,3.609905242919922,3.5858156479662284e-05,0.026587169617414474,20.56100845336914,zero_state,3.609905242919922,0.571154773235321,0.18577243387699127,dataset_7_keyframe_4,0.0
65,1.9760072231292725,3.584041118621826,4.0944418287836015e-05,0.02623240277171135,20.360754013061523,zero_state,3.584041118621826,0.5677734613418579,0.18455949425697327,dataset_7_keyframe_4,0.0
66,1.9482760429382324,3.5457088947296143,4.374186391942203e-05,0.02590281330049038,20.17574691772461,zero_state,3.5457088947296143,0.566271960735321,0.18230128288269043,dataset_7_keyframe_4,0.0
67,1.9354569911956787,3.5304532051086426,4.119873119634576e-05,0.02581431157886982,20.0515079498291,zero_state,3.5304532051086426,0.5549560785293579,0.18159650266170502,dataset_7_keyframe_4,0.0
68,1.9163788557052612,3.506366491317749,3.916422792826779e-05,0.025573477149009705,19.897493362426758,zero_state,3.506366491317749,0.5576416254043579,0.180073544383049,dataset_7_keyframe_4,0.0
69,1.9006825685501099,3.4832866191864014,3.916422792826779e-05,0.02529042772948742,19.80902862548828,zero_state,3.4832866191864014,0.5522705316543579,0.17796428501605988,dataset_7_keyframe_4,0.0
70,1.8906797170639038,3.47341251373291,3.9672853745287284e-05,0.02517954632639885,19.654603958129883,zero_state,3.47341251373291,0.5527099967002869,0.17886380851268768,dataset_7_keyframe_4,0.0
71,1.8635598421096802,3.4294307231903076,3.814697629422881e-05,0.0246988944709301,19.519941329956055,zero_state,3.4294307231903076,0.54901123046875,0.17519958317279816,dataset_7_keyframe_4,0.0
72,1.8485854864120483,3.4136343002319336,4.501342846197076e-05,0.024651845917105675,19.328454971313477,zero_state,3.4136343002319336,0.547070324420929,0.17440637946128845,dataset_7_keyframe_4,0.0
73,1.825002670288086,3.3745012283325195,4.196167355985381e-05,0.024120841175317764,19.165218353271484,zero_state,3.3745012283325195,0.5510010123252869,0.1726989597082138,dataset_7_keyframe_4,0.0
74,1.7969774007797241,3.3324458599090576,4.374186391942203e-05,0.023685457184910774,18.942874908447266,zero_state,3.3324458599090576,0.5481323599815369,0.16997933387756348,dataset_7_keyframe_4,0.0
75,1.784291386604309,3.3177490234375,3.941854083677754e-05,0.02359161525964737,18.837594985961914,zero_state,3.3177490234375,0.557788074016571,0.16989363729953766,dataset_7_keyframe_4,0.0
76,1.7673569917678833,3.2932229042053223,4.5267745008459315e-05,0.02322387881577015,18.718915939331055,zero_state,3.2932229042053223,0.552929699420929,0.16809388995170593,dataset_7_keyframe_4,0.0
77,1.7410508394241333,3.252812385559082,3.86556021112483e-05,0.02279205434024334,18.492103576660156,zero_state,3.252812385559082,0.5403076410293579,0.16536276042461395,dataset_7_keyframe_4,0.0
78,1.7334668636322021,3.2449917793273926,3.916422792826779e-05,0.022811636328697205,18.402677536010742,zero_state,3.2449917793273926,0.5460205078125,0.16556763648986816,dataset_7_keyframe_4,0.0
79,1.707200050354004,3.206677198410034,4.297892519389279e-05,0.02241109311580658,18.246129989624023,zero_state,3.206677198410034,0.542309582233429,0.16272881627082825,dataset_7_keyframe_4,0.0
80,1.6694610118865967,3.150360584259033,5.1116945542162284e-05,0.021850841119885445,17.955520629882812,zero_state,3.150360584259033,0.530810534954071,0.15847232937812805,dataset_7_keyframe_4,0.0
81,1.6540032625198364,3.1302683353424072,3.7892659747740254e-05,0.021682485938072205,17.799665451049805,zero_state,3.1302683353424072,0.533215343952179,0.1580277979373932,dataset_7_keyframe_4,0.0
82,1.637972354888916,3.1074984073638916,3.9672853745287284e-05,0.02145640179514885,17.668102264404297,zero_state,3.1074984073638916,0.53106689453125,0.15630324184894562,dataset_7_keyframe_4,0.0
83,1.6001173257827759,3.054537773132324,3.636678229668178e-05,0.020973969250917435,17.384231567382812,zero_state,3.054537773132324,0.526354968547821,0.1533358246088028,dataset_7_keyframe_4,0.0
84,1.5628007650375366,3.0037453174591064,3.941854083677754e-05,0.0204722099006176,17.11673355102539,zero_state,3.0037453174591064,0.520397961139679,0.14965204894542694,dataset_7_keyframe_4,0.0
85,1.538906455039978,2.974247455596924,3.611246938817203e-05,0.02021230198442936,16.913314819335938,zero_state,2.974247455596924,0.51336669921875,0.147893026471138,dataset_7_keyframe_4,0.0
86,1.5068215131759644,2.9323301315307617,4.145304410485551e-05,0.01980845257639885,16.702543258666992,zero_state,2.9323301315307617,0.5058227777481079,0.14474304020404816,dataset_7_keyframe_4,0.0
87,1.484040379524231,2.9094512462615967,4.221598646836355e-05,0.01956176944077015,16.53753662109375,zero_state,2.9094512462615967,0.5024048089981079,0.14351926743984222,dataset_7_keyframe_4,0.0
88,1.4556686878204346,2.8725221157073975,3.941854083677754e-05,0.01917978934943676,16.35304069519043,zero_state,2.8725221157073975,0.49714356660842896,0.14059653878211975,dataset_7_keyframe_4,0.0
89,1.4280866384506226,2.838361978530884,3.48409048456233e-05,0.018804678693413734,16.159940719604492,zero_state,2.838361978530884,0.4883666932582855,0.13835632801055908,dataset_7_keyframe_4,0.0
90,1.4079324007034302,2.8190743923187256,4.196167355985381e-05,0.01855621486902237,16.008716583251953,zero_state,2.8190743923187256,0.4794921875,0.1367858499288559,dataset_7_keyframe_4,0.0
91,1.3776413202285767,2.778810501098633,3.763834683923051e-05,0.018030039966106415,15.83719253540039,zero_state,2.778810501098633,0.4693237245082855,0.13341093063354492,dataset_7_keyframe_4,0.0
92,1.3530828952789307,2.7518579959869385,3.992716665379703e-05,0.017804211005568504,15.642885208129883,zero_state,2.7518579959869385,0.46116945147514343,0.13158059120178223,dataset_7_keyframe_4,0.0
93,1.3255572319030762,2.7208826541900635,3.86556021112483e-05,0.01756083220243454,15.445515632629395,zero_state,2.7208826541900635,0.45765382051467896,0.1297961324453354,dataset_7_keyframe_4,0.0
94,1.2982516288757324,2.682013750076294,3.280639793956652e-05,0.017022959887981415,15.267037391662598,zero_state,2.682013750076294,0.4467407166957855,0.1269112229347229,dataset_7_keyframe_4,0.0
95,1.2743514776229858,2.660489559173584,4.755656118504703e-05,0.01688944548368454,15.080607414245605,zero_state,2.660489559173584,0.44127199053764343,0.12545660138130188,dataset_7_keyframe_4,0.0
96,1.2481157779693604,2.62217378616333,3.48409048456233e-05,0.016430919989943504,14.907642364501953,zero_state,2.62217378616333,0.43452149629592896,0.1226581260561943,dataset_7_keyframe_4,0.0
97,1.2304871082305908,2.6063156127929688,3.941854083677754e-05,0.01624654233455658,14.766350746154785,zero_state,2.6063156127929688,0.4254394471645355,0.12157656252384186,dataset_7_keyframe_4,0.0
98,1.2015376091003418,2.557783842086792,3.356933666509576e-05,0.015722403302788734,14.560455322265625,zero_state,2.557783842086792,0.42083740234375,0.11826086044311523,dataset_7_keyframe_4,0.0
99,1.189173936843872,2.5514588356018066,4.984538099961355e-05,0.015749359503388405,14.419819831848145,zero_state,2.5514588356018066,0.4162841737270355,0.11800582706928253,dataset_7_keyframe_4,0.0
100,1.1645182371139526,2.509561061859131,3.5858156479662284e-05,0.015153758227825165,14.273763656616211,zero_state,2.509561061859131,0.41029053926467896,0.11481492966413498,dataset_7_keyframe_4,0.0
101,1.1496264934539795,2.498392343521118,5.213419717620127e-05,0.0151252755895257,14.141180992126465,zero_state,2.498392343521118,0.40367433428764343,0.11371350288391113,dataset_7_keyframe_4,0.0
102,1.127282977104187,2.460991859436035,3.356933666509576e-05,0.014627075754106045,13.993033409118652,zero_state,2.460991859436035,0.396240234375,0.1109776720404625,dataset_7_keyframe_4,0.0
103,1.1065584421157837,2.440260887145996,3.814697629422881e-05,0.014427694492042065,13.857400894165039,zero_state,2.440260887145996,0.3854003846645355,0.1091347262263298,dataset_7_keyframe_4,0.0
104,1.0899635553359985,2.4186952114105225,4.145304410485551e-05,0.01424967497587204,13.705159187316895,zero_state,2.4186952114105225,0.3787841796875,0.10797158628702164,dataset_7_keyframe_4,0.0
105,1.0623648166656494,2.372272253036499,3.356933666509576e-05,0.01368382852524519,13.494611740112305,zero_state,2.372272253036499,0.3733886778354645,0.10499615967273712,dataset_7_keyframe_4,0.0
106,1.051619291305542,2.3668291568756104,5.2388510084711015e-05,0.01372985914349556,13.376269340515137,zero_state,2.3668291568756104,0.3686157166957855,0.10486316680908203,dataset_7_keyframe_4,0.0
107,1.025864601135254,2.3199853897094727,3.255208503105678e-05,0.01308848150074482,13.21035099029541,zero_state,2.3199853897094727,0.36334228515625,0.10152236372232437,dataset_7_keyframe_4,0.0
108,1.0117260217666626,2.3074748516082764,4.3487551010912284e-05,0.013147990219295025,13.07248592376709,zero_state,2.3074748516082764,0.35966798663139343,0.10102821886539459,dataset_7_keyframe_4,0.0
109,0.996041476726532,2.2852861881256104,3.0517578125e-05,0.0128084821626544,12.962231636047363,zero_state,2.2852861881256104,0.3526611328125,0.09945632517337799,dataset_7_keyframe_4,0.0
110,0.9758878350257874,2.2591590881347656,3.916422792826779e-05,0.01253280695527792,12.837945938110352,zero_state,2.2591590881347656,0.3477416932582855,0.09731990098953247,dataset_7_keyframe_4,0.0
111,0.9656371474266052,2.255246877670288,4.399617682793178e-05,0.012519328854978085,12.755969047546387,zero_state,2.255246877670288,0.3412231504917145,0.09693878144025803,dataset_7_keyframe_4,0.0
112,0.9451925754547119,2.2206881046295166,3.458659193711355e-05,0.012055969797074795,12.65847396850586,zero_state,2.2206881046295166,0.3299316465854645,0.09397844225168228,dataset_7_keyframe_4,0.0
113,0.9362263083457947,2.225992441177368,4.196167355985381e-05,0.012209066189825535,12.564874649047852,zero_state,2.225992441177368,0.3272949159145355,0.09452294558286667,dataset_7_keyframe_4,0.0
114,0.9191354513168335,2.203188896179199,3.0517578125e-05,0.01177698839455843,12.497644424438477,zero_state,2.203188896179199,0.31898194551467896,0.09249391406774521,dataset_7_keyframe_4,0.0
115,0.9037086963653564,2.182379722595215,3.534953066264279e-05,0.011588796973228455,12.37560749053955,zero_state,2.182379722595215,0.3109985291957855,0.09096905589103699,dataset_7_keyframe_4,0.0
116,0.897986114025116,2.1878061294555664,4.018147956230678e-05,0.011627960950136185,12.324983596801758,zero_state,2.1878061294555664,0.3023681640625,0.09118439257144928,dataset_7_keyframe_4,0.0
117,0.8838697671890259,2.1611578464508057,2.975463939947076e-05,0.011209107004106045,12.271659851074219,zero_state,2.1611578464508057,0.30328369140625,0.08897759765386581,dataset_7_keyframe_4,0.0
118,0.8770548701286316,2.1491904258728027,3.153483339701779e-05,0.011169943027198315,12.184494972229004,zero_state,2.1491904258728027,0.29997560381889343,0.08849449455738068,dataset_7_keyframe_4,0.0
119,0.870097279548645,2.145186185836792,3.662109520519152e-05,0.01116104144603014,12.136418342590332,zero_state,2.145186185836792,0.2983642518520355,0.0881909728050232,dataset_7_keyframe_4,0.0
120,0.8594237565994263,2.133881092071533,3.4077962482115254e-05,0.010994721204042435,12.05451774597168,zero_state,2.133881092071533,0.29119873046875,0.08752503246068954,dataset_7_keyframe_4,0.0
121,0.8406575322151184,2.1026813983917236,2.6702882678364404e-05,0.01061655767261982,11.955657005310059,zero_state,2.1026813983917236,0.2851318418979645,0.0847788006067276,dataset_7_keyframe_4,0.0
122,0.838927149772644,2.104382038116455,2.6702882678364404e-05,0.010536194778978825,11.918906211853027,zero_state,2.104382038116455,0.282958984375,0.08480210602283478,dataset_7_keyframe_4,0.0
123,0.8345338702201843,2.104567289352417,2.8228761948412284e-05,0.010622406378388405,11.891858100891113,zero_state,2.104567289352417,0.2791748046875,0.08466815948486328,dataset_7_keyframe_4,0.0
124,0.8250467777252197,2.0861001014709473,2.2888185412739404e-05,0.010369873605668545,11.84293270111084,zero_state,2.0861001014709473,0.27714845538139343,0.08329979330301285,dataset_7_keyframe_4,0.0
125,0.8130103945732117,2.0699498653411865,2.924601358245127e-05,0.01023686770349741,11.719618797302246,zero_state,2.0699498653411865,0.27178955078125,0.08242574334144592,dataset_7_keyframe_4,0.0
126,0.8175379633903503,2.0871760845184326,2.975463939947076e-05,0.010386912152171135,11.762866020202637,zero_state,2.0871760845184326,0.2686401307582855,0.08311928808689117,dataset_7_keyframe_4,0.0
127,0.8132625818252563,2.0838849544525146,2.6702882678364404e-05,0.01027628593146801,11.765435218811035,zero_state,2.0838849544525146,0.2667236328125,0.08247493952512741,dataset_7_keyframe_4,0.0
0,3.000537157058716,4.5841064453125,2.5685629225336015e-05,0.039777375757694244,26.260751724243164,random_state,4.5841064453125,0.9161621332168579,0.28115561604499817,dataset_7_keyframe_4,0.0
1,3.01529860496521,4.6171417236328125,3.077189467148855e-05,0.04165395349264145,26.179407119750977,random_state,4.6171417236328125,0.87994384765625,0.2840522229671478,dataset_7_keyframe_4,3.0959179401397705
2,3.0257725715637207,4.630374431610107,2.543131631682627e-05,0.041853081434965134,26.294742584228516,random_state,4.630374431610107,0.872119128704071,0.2836665213108063,dataset_7_keyframe_4,3.1636321544647217
3,3.0334081649780273,4.641598224639893,3.178914630552754e-05,0.04178136587142944,26.357637405395508,random_state,4.641598224639893,0.8748535513877869,0.2839178442955017,dataset_7_keyframe_4,2.958178758621216
4,3.046704053878784,4.66137170791626,3.077189467148855e-05,0.042074333876371384,26.450101852416992,random_state,4.66137170791626,0.876147449016571,0.2851097583770752,dataset_7_keyframe_4,2.9843409061431885
5,3.061575412750244,4.682844161987305,2.4414064682787284e-05,0.04246928170323372,26.571516036987305,random_state,4.682844161987305,0.873217761516571,0.2855624258518219,dataset_7_keyframe_4,3.0746686458587646
6,3.070601224899292,4.695530414581299,2.6448569769854657e-05,0.04252014309167862,26.661893844604492,random_state,4.695530414581299,0.868725597858429,0.28572091460227966,dataset_7_keyframe_4,2.9091804027557373
7,3.092754364013672,4.72833776473999,2.314249832124915e-05,0.042960867285728455,26.816211700439453,random_state,4.72833776473999,0.86151123046875,0.2859674394130707,dataset_7_keyframe_4,3.102313995361328
8,3.117563486099243,4.765189170837402,2.4414064682787284e-05,0.04369201883673668,27.003620147705078,random_state,4.765189170837402,0.8542847037315369,0.2879668176174164,dataset_7_keyframe_4,3.00199818611145
9,3.1343040466308594,4.787869930267334,2.6448569769854657e-05,0.04370473325252533,27.156784057617188,random_state,4.787869930267334,0.85443115234375,0.28796711564064026,dataset_7_keyframe_4,3.1919119358062744
10,3.155062437057495,4.816473007202148,2.975463939947076e-05,0.044054415076971054,27.33677101135254,random_state,4.816473007202148,0.8399658203125,0.28782638907432556,dataset_7_keyframe_4,3.0815505981445312
11,3.1806697845458984,4.854781627655029,2.2633872504229657e-05,0.044644929468631744,27.494667053222656,random_state,4.854781627655029,0.8367065787315369,0.2886354923248291,dataset_7_keyframe_4,3.2311885356903076
12,3.1976685523986816,4.880263805389404,2.1362306142691523e-05,0.04483642801642418,27.661991119384766,random_state,4.880263805389404,0.8238769769668579,0.2883678078651428,dataset_7_keyframe_4,3.1200969219207764
13,3.220238208770752,4.912292957305908,2.6194255042355508e-05,0.04526977613568306,27.817195892333984,random_state,4.912292957305908,0.820910632610321,0.28909435868263245,dataset_7_keyframe_4,3.307406425476074
14,3.2381913661956787,4.939279556274414,2.2633872504229657e-05,0.045665234327316284,27.97087287902832,random_state,4.939279556274414,0.812548816204071,0.28898951411247253,dataset_7_keyframe_4,3.2823731899261475
15,3.2554385662078857,4.963200092315674,2.4922690499806777e-05,0.04596201702952385,28.104103088378906,random_state,4.963200092315674,0.8009887933731079,0.2887069284915924,dataset_7_keyframe_4,3.3068549633026123
16,3.2760097980499268,4.994190692901611,2.466837759129703e-05,0.04652150720357895,28.216201782226562,random_state,4.994190692901611,0.794201672077179,0.2899182438850403,dataset_7_keyframe_4,3.369472026824951
17,3.2970163822174072,5.0251569747924805,2.695719558687415e-05,0.04701182246208191,28.37179946899414,random_state,5.0251569747924805,0.7878051996231079,0.2903299331665039,dataset_7_keyframe_4,3.440183162689209
18,3.3150362968444824,5.0487871170043945,2.3651124138268642e-05,0.047333527356386185,28.494308471679688,random_state,5.0487871170043945,0.7802490592002869,0.2908817231655121,dataset_7_keyframe_4,3.3924665451049805
19,3.3335492610931396,5.077235221862793,2.161661905120127e-05,0.04797668755054474,28.6578426361084,random_state,5.077235221862793,0.7671753168106079,0.2911469638347626,dataset_7_keyframe_4,3.451666831970215
20,3.3516335487365723,5.1067705154418945,2.3651124138268642e-05,0.04836476966738701,28.801252365112305,random_state,5.1067705154418945,0.7536865472793579,0.2919687330722809,dataset_7_keyframe_4,3.339003801345825
21,3.387711524963379,5.159152984619141,2.466837759129703e-05,0.04935735464096069,29.079917907714844,random_state,5.159152984619141,0.7467041015625,0.2943752706050873,dataset_7_keyframe_4,3.5179433822631836
22,3.391331434249878,5.16675329208374,2.314249832124915e-05,0.049227144569158554,29.143596649169922,random_state,5.16675329208374,0.7507568597793579,0.2960904538631439,dataset_7_keyframe_4,3.4330897331237793
23,3.394007682800293,5.170413494110107,2.1107993234181777e-05,0.049458060413599014,29.162723541259766,random_state,5.170413494110107,0.75830078125,0.29793059825897217,dataset_7_keyframe_4,3.1379313468933105
24,3.4014110565185547,5.184645175933838,2.314249832124915e-05,0.0495351180434227,29.260021209716797,random_state,5.184645175933838,0.747631847858429,0.2982671856880188,dataset_7_keyframe_4,3.3947744369506836
25,3.3923239707946777,5.174376010894775,2.085368032567203e-05,0.049355316907167435,29.165424346923828,random_state,5.174376010894775,0.78472900390625,0.3007980287075043,dataset_7_keyframe_4,2.7897064685821533
26,3.397477388381958,5.177609920501709,2.6448569769854657e-05,0.049191031605005264,29.233867645263672,random_state,5.177609920501709,0.784289538860321,0.2997211813926697,dataset_7_keyframe_4,2.980095386505127
27,3.4080827236175537,5.195662498474121,2.7465821403893642e-05,0.04948679730296135,29.305938720703125,random_state,5.195662498474121,0.783459484577179,0.29992589354515076,dataset_7_keyframe_4,3.2139084339141846
28,3.413177728652954,5.203201770782471,3.0263267035479657e-05,0.049618788063526154,29.339771270751953,random_state,5.203201770782471,0.7825073599815369,0.3002908229827881,dataset_7_keyframe_4,3.3044984340667725
29,3.4290566444396973,5.224949836730957,1.9073488147114404e-05,0.049765780568122864,29.529870986938477,random_state,5.224949836730957,0.766674816608429,0.29706916213035583,dataset_7_keyframe_4,3.7918541431427
30,3.382810354232788,5.175980567932129,2.212524486822076e-05,0.048612724989652634,29.19901466369629,random_state,5.175980567932129,0.766674816608429,0.29655036330223083,dataset_7_keyframe_4,3.697556734085083
31,3.3479623794555664,5.143208026885986,2.9500326490961015e-05,0.0478312186896801,28.992416381835938,random_state,5.143208026885986,0.7472290396690369,0.2922154366970062,dataset_7_keyframe_4,3.4897139072418213
32,3.321367025375366,5.109624862670898,3.1280520488508046e-05,0.04723307490348816,28.847196578979492,random_state,5.109624862670898,0.741992175579071,0.28839197754859924,dataset_7_keyframe_4,3.552560329437256
33,3.273498773574829,5.060145378112793,3.000895412696991e-05,0.04638087376952171,28.527957916259766,random_state,5.060145378112793,0.7293701171875,0.28544530272483826,dataset_7_keyframe_4,3.3048300743103027
34,3.24125337600708,5.020611763000488,3.178914630552754e-05,0.045539602637290955,28.39720916748047,random_state,5.020611763000488,0.7136597037315369,0.28021442890167236,dataset_7_keyframe_4,3.5451812744140625
35,3.1960058212280273,4.966236591339111,2.848307485692203e-05,0.04467315971851349,28.05221939086914,random_state,4.966236591339111,0.728381335735321,0.2780897319316864,dataset_7_keyframe_4,2.873126268386841
36,3.173884153366089,4.944237232208252,3.10262075799983e-05,0.044378917664289474,27.87641143798828,random_state,4.944237232208252,0.7201782464981079,0.2753268778324127,dataset_7_keyframe_4,2.9531707763671875
37,3.140230417251587,4.902719020843506,3.5858156479662284e-05,0.04355163872241974,27.683021545410156,random_state,4.902719020843506,0.69451904296875,0.26874014735221863,dataset_7_keyframe_4,3.4515631198883057
38,3.0848138332366943,4.848817348480225,3.458659193711355e-05,0.042810313403606415,27.320568084716797,random_state,4.848817348480225,0.69384765625,0.2674504816532135,dataset_7_keyframe_4,3.1399033069610596
39,3.0480406284332275,4.80593204498291,3.458659193711355e-05,0.04200363531708717,27.03968048095703,random_state,4.80593204498291,0.6839355826377869,0.2647223472595215,dataset_7_keyframe_4,3.1995861530303955
40,2.986903429031372,4.726022720336914,3.662109520519152e-05,0.040769197046756744,26.686412811279297,random_state,4.726022720336914,0.6770386099815369,0.25832700729370117,dataset_7_keyframe_4,3.1483523845672607
41,2.9508495330810547,4.678625106811523,3.636678229668178e-05,0.03991495817899704,26.326383590698242,random_state,4.678625106811523,0.6636596918106079,0.2562713325023651,dataset_7_keyframe_4,3.2093441486358643
42,2.891160726547241,4.602583408355713,4.0944418287836015e-05,0.03876851499080658,25.869104385375977,random_state,4.602583408355713,0.659924328327179,0.2518024742603302,dataset_7_keyframe_4,3.0686261653900146
43,2.830082416534424,4.526741027832031,3.687540811370127e-05,0.03764699399471283,25.49559211730957,random_state,4.526741027832031,0.6563354730606079,0.24690952897071838,dataset_7_keyframe_4,2.9868323802948
44,2.778433322906494,4.4645771980285645,3.687540811370127e-05,0.036795809864997864,25.110836029052734,random_state,4.4645771980285645,0.651135265827179,0.24353976547718048,dataset_7_keyframe_4,2.9454915523529053
45,2.7542130947113037,4.436318874359131,3.534953066264279e-05,0.0364685095846653,24.889341354370117,random_state,4.436318874359131,0.648815929889679,0.24303996562957764,dataset_7_keyframe_4,3.022808790206909
46,2.740286350250244,4.409045696258545,3.5858156479662284e-05,0.03602396696805954,24.72898292541504,random_state,4.409045696258545,0.642773449420929,0.24165065586566925,dataset_7_keyframe_4,3.0506949424743652
47,2.6823203563690186,4.34330940246582,3.9672853745287284e-05,0.03517863154411316,24.4803524017334,random_state,4.34330940246582,0.6424804925918579,0.2369016706943512,dataset_7_keyframe_4,2.911254405975342
48,2.645353317260742,4.305087566375732,4.450480264495127e-05,0.034717559814453125,24.26921272277832,random_state,4.305087566375732,0.640698254108429,0.23448863625526428,dataset_7_keyframe_4,2.821970224380493
49,2.6306681632995605,4.282627582550049,4.196167355985381e-05,0.03427734598517418,24.105852127075195,random_state,4.282627582550049,0.63726806640625,0.23301663994789124,dataset_7_keyframe_4,2.8467557430267334
50,2.612018585205078,4.264157772064209,4.069010537932627e-05,0.03403117135167122,23.97458267211914,random_state,4.264157772064209,0.6329345703125,0.23114800453186035,dataset_7_keyframe_4,2.893873453140259
51,2.601651668548584,4.240664958953857,4.297892519389279e-05,0.033687591552734375,23.814088821411133,random_state,4.240664958953857,0.630126953125,0.2307833731174469,dataset_7_keyframe_4,2.8612453937530518
52,2.5423004627227783,4.167782306671143,4.2724612285383046e-05,0.03274688869714737,23.41912078857422,random_state,4.167782306671143,0.6204833984375,0.22579637169837952,dataset_7_keyframe_4,2.789658546447754
53,2.49985408782959,4.1035847663879395,5.137125845067203e-05,0.031995393335819244,23.056306838989258,random_state,4.1035847663879395,0.614392101764679,0.2217392921447754,dataset_7_keyframe_4,2.775078058242798
54,2.4669129848480225,4.064765453338623,4.577637082547881e-05,0.031509656459093094,22.881927490234375,random_state,4.064765453338623,0.6125244498252869,0.21838591992855072,dataset_7_keyframe_4,2.6869401931762695
55,2.4248998165130615,4.005781173706055,4.882812936557457e-05,0.03061574511229992,22.505901336669922,random_state,4.005781173706055,0.5974975824356079,0.21467816829681396,dataset_7_keyframe_4,2.6386313438415527
56,2.381765127182007,3.9576940536499023,5.467732989927754e-05,0.03014679066836834,22.21642303466797,random_state,3.9576940536499023,0.594470202922821,0.21156488358974457,dataset_7_keyframe_4,2.6372673511505127
57,2.359668016433716,3.92348575592041,5.2388510084711015e-05,0.029743704944849014,21.975610733032227,random_state,3.92348575592041,0.5911865234375,0.2102343589067459,dataset_7_keyframe_4,2.631098508834839
58,2.322012186050415,3.865783452987671,4.882812936557457e-05,0.02907511591911316,21.681011199951172,random_state,3.865783452987671,0.5887451171875,0.20631518959999084,dataset_7_keyframe_4,2.635803461074829
59,2.3048131465911865,3.8395957946777344,5.264282663119957e-05,0.0288518276065588,21.521133422851562,random_state,3.8395957946777344,0.5909668207168579,0.20518386363983154,dataset_7_keyframe_4,2.5493946075439453
60,2.2855849266052246,3.806964635848999,4.6539309551008046e-05,0.02842915989458561,21.350656509399414,random_state,3.806964635848999,0.5882202386856079,0.20317493379116058,dataset_7_keyframe_4,2.5776774883270264
61,2.251610279083252,3.769819498062134,5.137125845067203e-05,0.028006745502352715,21.159822463989258,random_state,3.769819498062134,0.5851684808731079,0.20042777061462402,dataset_7_keyframe_4,2.5729172229766846
62,2.2041962146759033,3.7200191020965576,6.4849853515625e-05,0.02754516713321209,20.92976188659668,random_state,3.7200191020965576,0.5840210318565369,0.19637778401374817,dataset_7_keyframe_4,2.3960700035095215
63,2.1871883869171143,3.6990487575531006,5.9763595345430076e-05,0.02720235288143158,20.77839469909668,random_state,3.6990487575531006,0.5766235589981079,0.19467955827713013,dataset_7_keyframe_4,2.4523024559020996
64,2.148791551589966,3.646056652069092,6.434122769860551e-05,0.02672780491411686,20.56100845336914,random_state,3.646056652069092,0.571154773235321,0.19106216728687286,dataset_7_keyframe_4,2.3409996032714844
65,2.1221091747283936,3.619046211242676,6.027222116244957e-05,0.026362866163253784,20.360754013061523,random_state,3.619046211242676,0.5677734613418579,0.18936696648597717,dataset_7_keyframe_4,2.4096038341522217
66,2.096229314804077,3.5807125568389893,5.950927879894152e-05,0.025937654078006744,20.17574691772461,random_state,3.5807125568389893,0.566271960735321,0.18743033707141876,dataset_7_keyframe_4,2.3553428649902344
67,2.0935707092285156,3.5680177211761475,6.256104097701609e-05,0.02587738260626793,20.0515079498291,random_state,3.5680177211761475,0.5549560785293579,0.1871701031923294,dataset_7_keyframe_4,2.4069647789001465
68,2.0787031650543213,3.5444765090942383,6.306966679403558e-05,0.025611624121665955,19.897493362426758,random_state,3.5444765090942383,0.5576416254043579,0.1857844889163971,dataset_7_keyframe_4,2.3900198936462402
69,2.0837483406066895,3.5264854431152344,5.6711836805334315e-05,0.02530772052705288,19.80902862548828,random_state,3.5264854431152344,0.5522705316543579,0.18498443067073822,dataset_7_keyframe_4,2.351612091064453
70,2.057929277420044,3.5134575366973877,5.7983401347883046e-05,0.025212353095412254,19.654603958129883,random_state,3.5134575366973877,0.5527099967002869,0.18488477170467377,dataset_7_keyframe_4,2.4200048446655273
71,2.03603458404541,3.4710612297058105,6.103515625e-05,0.02471720427274704,19.519941329956055,random_state,3.4710612297058105,0.54901123046875,0.18137384951114655,dataset_7_keyframe_4,2.34704327583313
72,2.017259120941162,3.4538376331329346,5.9763595345430076e-05,0.02471720427274704,19.328454971313477,random_state,3.4538376331329346,0.547070324420929,0.18050698935985565,dataset_7_keyframe_4,2.2900936603546143
73,1.992422342300415,3.4137706756591797,6.408691842807457e-05,0.024161022156476974,19.165218353271484,random_state,3.4137706756591797,0.5510010123252869,0.1787884682416916,dataset_7_keyframe_4,2.275113582611084
74,1.961013913154602,3.3706719875335693,6.001790825393982e-05,0.023810578510165215,18.942874908447266,random_state,3.3706719875335693,0.5481323599815369,0.17588257789611816,dataset_7_keyframe_4,2.221320390701294
75,1.950437307357788,3.3534302711486816,6.510417006211355e-05,0.023651886731386185,18.837594985961914,random_state,3.3534302711486816,0.557788074016571,0.17596693336963654,dataset_7_keyframe_4,2.0411295890808105
76,1.9489920139312744,3.333491802215576,6.001790825393982e-05,0.02332051657140255,18.718915939331055,random_state,3.333491802215576,0.552929699420929,0.17473365366458893,dataset_7_keyframe_4,2.198441743850708
77,1.9119876623153687,3.2923946380615234,6.942749314475805e-05,0.022890983149409294,18.492103576660156,random_state,3.2923946380615234,0.5403076410293579,0.1715761125087738,dataset_7_keyframe_4,2.2109713554382324
78,1.9150654077529907,3.2867870330810547,6.764729914721102e-05,0.022936759516596794,18.402677536010742,random_state,3.2867870330810547,0.5460205078125,0.17249099910259247,dataset_7_keyframe_4,2.1516895294189453
79,1.8917334079742432,3.2483623027801514,6.866455078125e-05,0.022446950897574425,18.246129989624023,random_state,3.2483623027801514,0.542309582233429,0.16954733431339264,dataset_7_keyframe_4,2.1889822483062744
80,1.8409967422485352,3.1886918544769287,6.739298987668008e-05,0.021752167493104935,17.955520629882812,random_state,3.1886918544769287,0.530810534954071,0.16452787816524506,dataset_7_keyframe_4,2.1806671619415283
81,1.8382266759872437,3.1714577674865723,6.408691842807457e-05,0.021636201068758965,17.799665451049805,random_state,3.1714577674865723,0.533215343952179,0.16484017670154572,dataset_7_keyframe_4,2.1559436321258545
82,1.8198286294937134,3.1477668285369873,6.001790825393982e-05,0.021340180188417435,17.668102264404297,random_state,3.1477668285369873,0.53106689453125,0.1626950055360794,dataset_7_keyframe_4,2.1001996994018555
83,1.7756739854812622,3.092844009399414,6.663004751317203e-05,0.020770009607076645,17.384231567382812,random_state,3.092844009399414,0.526354968547821,0.15944240987300873,dataset_7_keyframe_4,2.054080009460449
84,1.738007664680481,3.043149709701538,7.807413931004703e-05,0.02025146596133709,17.11673355102539,random_state,3.043149709701538,0.520397961139679,0.15594768524169922,dataset_7_keyframe_4,1.998781442642212
85,1.7148704528808594,3.0131916999816895,7.654826185898855e-05,0.019938914105296135,16.913314819335938,random_state,3.0131916999816895,0.51336669921875,0.15411941707134247,dataset_7_keyframe_4,2.065553665161133
86,1.6956583261489868,2.976181745529175,7.832845585653558e-05,0.01949615590274334,16.702543258666992,random_state,2.976181745529175,0.5058227777481079,0.15147408843040466,dataset_7_keyframe_4,2.120175361633301
87,1.6726858615875244,2.950319766998291,8.366903057321906e-05,0.01932729221880436,16.53753662109375,random_state,2.950319766998291,0.5024048089981079,0.15024761855602264,dataset_7_keyframe_4,1.9890058040618896
88,1.623745083808899,2.9070186614990234,8.748372783884406e-05,0.01888682134449482,16.35304069519043,random_state,2.9070186614990234,0.49714356660842896,0.14608263969421387,dataset_7_keyframe_4,1.9092928171157837
89,1.6021169424057007,2.8739819526672363,8.11259014881216e-05,0.018446605652570724,16.159940719604492,random_state,2.8739819526672363,0.4883666932582855,0.14418475329875946,dataset_7_keyframe_4,1.8593344688415527
90,1.5695451498031616,2.851808547973633,9.358724491903558e-05,0.018243154510855675,16.008716583251953,random_state,2.851808547973633,0.4794921875,0.14162178337574005,dataset_7_keyframe_4,1.9008785486221313
91,1.544700264930725,2.8149397373199463,9.867351036518812e-05,0.01770477369427681,15.83719253540039,random_state,2.8149397373199463,0.4693237245082855,0.1386832594871521,dataset_7_keyframe_4,1.9105606079101562
92,1.5148119926452637,2.7848117351531982,9.409587073605508e-05,0.017454784363508224,15.642885208129883,random_state,2.7848117351531982,0.46116945147514343,0.1365356743335724,dataset_7_keyframe_4,1.8697879314422607
93,1.5093028545379639,2.757732629776001,9.511312237009406e-05,0.017366282641887665,15.445515632629395,random_state,2.757732629776001,0.45765382051467896,0.13608567416667938,dataset_7_keyframe_4,1.70831298828125
94,1.4773801565170288,2.7187275886535645,9.485881309956312e-05,0.016709646210074425,15.267037391662598,random_state,2.7187275886535645,0.4467407166957855,0.13287614285945892,dataset_7_keyframe_4,1.753649353981018
95,1.4752416610717773,2.701237678527832,9.129842510446906e-05,0.01658732257783413,15.080607414245605,random_state,2.701237678527832,0.44127199053764343,0.13255248963832855,dataset_7_keyframe_4,1.7396601438522339
96,1.4389768838882446,2.6602766513824463,9.96907619992271e-05,0.016115570440888405,14.907642364501953,random_state,2.6602766513824463,0.43452149629592896,0.12902890145778656,dataset_7_keyframe_4,1.6895825862884521
97,1.4192596673965454,2.6426820755004883,9.892781963571906e-05,0.016024017706513405,14.766350746154785,random_state,2.6426820755004883,0.4254394471645355,0.12782089412212372,dataset_7_keyframe_4,1.645788311958313
98,1.385323405265808,2.593655824661255,0.00010833740816451609,0.015326437540352345,14.560455322265625,random_state,2.593655824661255,0.42083740234375,0.1240764781832695,dataset_7_keyframe_4,1.6596965789794922
99,1.3550955057144165,2.581064462661743,0.00010757446580100805,0.015532431192696095,14.419819831848145,random_state,2.581064462661743,0.4162841737270355,0.12300805002450943,dataset_7_keyframe_4,1.503405213356018
100,1.3328100442886353,2.5413928031921387,0.00011647542851278558,0.01482137106359005,14.273763656616211,random_state,2.5413928031921387,0.41029053926467896,0.11969554424285889,dataset_7_keyframe_4,1.636805772781372
101,1.3310253620147705,2.5353989601135254,0.00010808309161802754,0.014861298725008965,14.141180992126465,random_state,2.5353989601135254,0.40367433428764343,0.11940019577741623,dataset_7_keyframe_4,1.640284538269043
102,1.3144245147705078,2.5003809928894043,0.00010045369708677754,0.01418736856430769,13.993033409118652,random_state,2.5003809928894043,0.396240234375,0.11692067235708237,dataset_7_keyframe_4,1.794715166091919
103,1.314972996711731,2.4846694469451904,0.00010553996253293008,0.014075725339353085,13.857400894165039,random_state,2.4846694469451904,0.3854003846645355,0.11594916880130768,dataset_7_keyframe_4,1.8289273977279663
104,1.27488112449646,2.4548134803771973,0.00011698405432980508,0.01393686980009079,13.705159187316895,random_state,2.4548134803771973,0.3787841796875,0.11357381194829941,dataset_7_keyframe_4,1.6388267278671265
105,1.2436012029647827,2.4084277153015137,0.00011622111924225464,0.013331349939107895,13.494611740112305,random_state,2.4084277153015137,0.3733886778354645,0.11051758378744125,dataset_7_keyframe_4,1.6364190578460693
106,1.2341922521591187,2.4017579555511475,0.00011316935706418008,0.01336313970386982,13.376269340515137,random_state,2.4017579555511475,0.3686157166957855,0.11031892150640488,dataset_7_keyframe_4,1.5859845876693726
107,1.2116786241531372,2.3578004837036133,0.00011774699669331312,0.012696584686636925,13.21035099029541,random_state,2.3578004837036133,0.36334228515625,0.1071748360991478,dataset_7_keyframe_4,1.610495924949646
108,1.1987415552139282,2.344019651412964,0.0001279195275856182,0.01283925399184227,13.07248592376709,random_state,2.344019651412964,0.35966798663139343,0.10675070434808731,dataset_7_keyframe_4,1.5361453294754028
109,1.2042245864868164,2.3290297985076904,0.00012334188795648515,0.012451172806322575,12.962231636047363,random_state,2.3290297985076904,0.3526611328125,0.10620567947626114,dataset_7_keyframe_4,1.6506648063659668
110,1.163785696029663,2.2954165935516357,0.0001235961972270161,0.012229666113853455,12.837945938110352,random_state,2.2954165935516357,0.3477416932582855,0.10284723341464996,dataset_7_keyframe_4,1.4789390563964844
111,1.1859233379364014,2.2999086380004883,0.00011266073124716058,0.01229527872055769,12.755969047546387,random_state,2.2999086380004883,0.3412231504917145,0.1041770800948143,dataset_7_keyframe_4,1.605648159980774
112,1.1874629259109497,2.2761926651000977,0.00011316935706418008,0.011613719165325165,12.65847396850586,random_state,2.2761926651000977,0.3299316465854645,0.10239012539386749,dataset_7_keyframe_4,1.84977126121521
113,1.1669660806655884,2.2753002643585205,0.00012461344886105508,0.01205266360193491,12.564874649047852,random_state,2.2753002643585205,0.3272949159145355,0.10224590450525284,dataset_7_keyframe_4,1.6562590599060059
114,1.1036028861999512,2.2395176887512207,0.00013478597975336015,0.011558533646166325,12.497644424438477,random_state,2.2395176887512207,0.31898194551467896,0.09769541025161743,dataset_7_keyframe_4,1.4761910438537598
115,1.142688274383545,2.2342772483825684,0.00011698405432980508,0.01136423833668232,12.37560749053955,random_state,2.2342772483825684,0.3109985291957855,0.09898482263088226,dataset_7_keyframe_4,1.663163185119629
116,1.08808171749115,2.223353385925293,0.0001302083401242271,0.011439514346420765,12.324983596801758,random_state,2.223353385925293,0.3023681640625,0.0966373085975647,dataset_7_keyframe_4,1.4974416494369507
117,1.0769110918045044,2.1974589824676514,0.00013580323138739914,0.01100056990981102,12.271659851074219,random_state,2.1974589824676514,0.30328369140625,0.0945160984992981,dataset_7_keyframe_4,1.4612181186676025
118,1.0785324573516846,2.1900222301483154,0.00013198853412177414,0.010935974307358265,12.184494972229004,random_state,2.1900222301483154,0.29997560381889343,0.09446767717599869,dataset_7_keyframe_4,1.5199823379516602
119,1.0618387460708618,2.1809096336364746,0.0001421610650140792,0.01099344901740551,12.136418342590332,random_state,2.1809096336364746,0.2983642518520355,0.0935092493891716,dataset_7_keyframe_4,1.4140502214431763
120,1.058545470237732,2.1727750301361084,0.00013860067701898515,0.01089121587574482,12.05451774597168,random_state,2.1727750301361084,0.29119873046875,0.09338495880365372,dataset_7_keyframe_4,1.411521315574646
121,1.0348639488220215,2.1406829357147217,0.00013910929556004703,0.0104281110689044,11.955657005310059,random_state,2.1406829357147217,0.2851318418979645,0.09033527225255966,dataset_7_keyframe_4,1.4586976766586304
122,1.0428144931793213,2.1468963623046875,0.00013910929556004703,0.010392761789262295,11.918906211853027,random_state,2.1468963623046875,0.282958984375,0.09072209894657135,dataset_7_keyframe_4,1.5553278923034668
123,1.0549544095993042,2.1495206356048584,0.0001187642483273521,0.01044311560690403,11.891858100891113,random_state,2.1495206356048584,0.2791748046875,0.09142300486564636,dataset_7_keyframe_4,1.5674422979354858
124,1.048232078552246,2.1336851119995117,0.00011774699669331312,0.010178121738135815,11.84293270111084,random_state,2.1336851119995117,0.27714845538139343,0.09030162543058395,dataset_7_keyframe_4,1.5944358110427856
125,0.9901912212371826,2.102942705154419,0.00014775594172533602,0.01011428888887167,11.719618797302246,random_state,2.102942705154419,0.27178955078125,0.08704979717731476,dataset_7_keyframe_4,1.3316575288772583
126,1.0077682733535767,2.1240594387054443,0.0001508077111793682,0.01024551410228014,11.762866020202637,random_state,2.1240594387054443,0.2686401307582855,0.08835424482822418,dataset_7_keyframe_4,1.4117182493209839
127,1.0146793127059937,2.123699188232422,0.0001421610650140792,0.01015141885727644,11.765435218811035,random_state,2.123699188232422,0.2667236328125,0.08833438158035278,dataset_7_keyframe_4,1.4580271244049072
0,3.000537157058716,4.5841064453125,2.5685629225336015e-05,0.039777375757694244,26.260751724243164,shuffled_corrected,4.5841064453125,0.9161621332168579,0.28115561604499817,dataset_7_keyframe_4,0.0
1,3.0319297313690186,4.632735252380371,3.992716665379703e-05,0.04113362729549408,26.417457580566406,shuffled_corrected,4.632735252380371,0.8642944693565369,0.2833954393863678,dataset_7_keyframe_4,0.0
2,3.037294626235962,4.640328884124756,3.8909915019758046e-05,0.04127248376607895,26.50225830078125,shuffled_corrected,4.640328884124756,0.868664562702179,0.28314948081970215,dataset_7_keyframe_4,0.0
3,3.049286127090454,4.658925533294678,6.357829261105508e-05,0.041613008826971054,26.55879020690918,shuffled_corrected,4.658925533294678,0.8528808951377869,0.28357407450675964,dataset_7_keyframe_4,0.0
4,3.062972068786621,4.679430961608887,6.459554424509406e-05,0.04187393561005592,26.6735897064209,shuffled_corrected,4.679430961608887,0.852673351764679,0.2845068871974945,dataset_7_keyframe_4,0.0
5,3.078500986099243,4.703024864196777,6.688436405966058e-05,0.04241180792450905,26.73346710205078,shuffled_corrected,4.703024864196777,0.8460449576377869,0.28607994318008423,dataset_7_keyframe_4,0.0
6,3.0893962383270264,4.7188849449157715,9.943644545273855e-05,0.042471569031476974,26.88319206237793,shuffled_corrected,4.7188849449157715,0.8427368402481079,0.2851462960243225,dataset_7_keyframe_4,0.0
7,3.109752893447876,4.747418403625488,7.171631295932457e-05,0.0429128035902977,27.03032875061035,shuffled_corrected,4.747418403625488,0.837536633014679,0.2858037054538727,dataset_7_keyframe_4,0.0
8,3.1315274238586426,4.78143310546875,2.7465821403893642e-05,0.04414469748735428,27.082904815673828,shuffled_corrected,4.78143310546875,0.833386242389679,0.28919824957847595,dataset_7_keyframe_4,0.0
9,3.1544289588928223,4.8149189949035645,6.53584866086021e-05,0.043907422572374344,27.348424911499023,shuffled_corrected,4.8149189949035645,0.826489269733429,0.28853198885917664,dataset_7_keyframe_4,0.0
10,3.173210859298706,4.841475963592529,2.7465821403893642e-05,0.04478810727596283,27.454504013061523,shuffled_corrected,4.841475963592529,0.819592297077179,0.28930503129959106,dataset_7_keyframe_4,0.0
11,3.192345380783081,4.8709187507629395,2.1870931959711015e-05,0.045952100306749344,27.504663467407227,shuffled_corrected,4.8709187507629395,0.814135730266571,0.29070672392845154,dataset_7_keyframe_4,0.0
12,3.222353219985962,4.911804676055908,3.48409048456233e-05,0.045379385352134705,27.897369384765625,shuffled_corrected,4.911804676055908,0.8056274652481079,0.28942054510116577,dataset_7_keyframe_4,0.0
13,3.2388393878936768,4.936702728271484,2.8228761948412284e-05,0.046167757362127304,27.982873916625977,shuffled_corrected,4.936702728271484,0.799072265625,0.2904464304447174,dataset_7_keyframe_4,0.0
14,3.2650134563446045,4.974693775177002,3.840128920273855e-05,0.04620260000228882,28.245445251464844,shuffled_corrected,4.974693775177002,0.788561999797821,0.2899199426174164,dataset_7_keyframe_4,0.0
15,3.264301300048828,4.977558135986328,1.9582113964133896e-05,0.04811656102538109,27.874300003051758,shuffled_corrected,4.977558135986328,0.7915893793106079,0.29317137598991394,dataset_7_keyframe_4,0.0
16,3.293403148651123,5.016791820526123,1.9073488147114404e-05,0.04746628180146217,28.334487915039062,shuffled_corrected,5.016791820526123,0.778674304485321,0.29139629006385803,dataset_7_keyframe_4,0.0
17,3.3010566234588623,5.031331539154053,1.9836426872643642e-05,0.0489298515021801,28.174114227294922,shuffled_corrected,5.031331539154053,0.778820812702179,0.2933962941169739,dataset_7_keyframe_4,0.0
18,3.3458869457244873,5.089595794677734,3.4077962482115254e-05,0.04783529043197632,28.852832794189453,shuffled_corrected,5.089595794677734,0.754382312297821,0.29090967774391174,dataset_7_keyframe_4,0.0
19,3.357191562652588,5.108378887176514,2.1107993234181777e-05,0.04842173680663109,28.90564727783203,shuffled_corrected,5.108378887176514,0.7507568597793579,0.2916922867298126,dataset_7_keyframe_4,0.0
20,3.3628087043762207,5.125307083129883,2.2888185412739404e-05,0.05057805776596069,28.62863540649414,shuffled_corrected,5.125307083129883,0.764660656452179,0.2958470582962036,dataset_7_keyframe_4,0.0
21,3.4191489219665527,5.200938701629639,3.4077962482115254e-05,0.05001373589038849,29.389785766601562,shuffled_corrected,5.200938701629639,0.7298828363418579,0.2948078215122223,dataset_7_keyframe_4,0.0
22,3.393007516860962,5.175022125244141,2.3396811229758896e-05,0.05200093984603882,28.746891021728516,shuffled_corrected,5.175022125244141,0.769152820110321,0.3009091019630432,dataset_7_keyframe_4,0.0
23,3.441359043121338,5.234993934631348,2.593994213384576e-05,0.05087941884994507,29.459211349487305,shuffled_corrected,5.234993934631348,0.729748547077179,0.2980322539806366,dataset_7_keyframe_4,0.0
24,3.413351058959961,5.201674938201904,1.8564860511105508e-05,0.05140788108110428,29.101848602294922,shuffled_corrected,5.201674938201904,0.762561023235321,0.30127325654029846,dataset_7_keyframe_4,0.0
25,3.46378493309021,5.264950275421143,2.5177003408316523e-05,0.05107269436120987,29.71286964416504,shuffled_corrected,5.264950275421143,0.72119140625,0.29783204197883606,dataset_7_keyframe_4,0.0
26,3.4641072750091553,5.262833595275879,2.7465821403893642e-05,0.05072174221277237,29.80109977722168,shuffled_corrected,5.262833595275879,0.7221435904502869,0.29685747623443604,dataset_7_keyframe_4,0.0
27,3.411675214767456,5.203352451324463,2.1362306142691523e-05,0.05203857645392418,28.994600296020508,shuffled_corrected,5.203352451324463,0.76959228515625,0.30278444290161133,dataset_7_keyframe_4,0.0
28,3.457503318786621,5.255640983581543,2.3396811229758896e-05,0.049925997853279114,29.941221237182617,shuffled_corrected,5.255640983581543,0.7342529296875,0.2957634925842285,dataset_7_keyframe_4,0.0
29,3.45735502243042,5.2534284591674805,2.4159749955288135e-05,0.05075022578239441,29.685707092285156,shuffled_corrected,5.2534284591674805,0.711560070514679,0.294707328081131,dataset_7_keyframe_4,0.0
30,3.4206347465515137,5.208065032958984,2.314249832124915e-05,0.05034993588924408,29.317819595336914,shuffled_corrected,5.208065032958984,0.7203735709190369,0.2940530478954315,dataset_7_keyframe_4,0.0
31,3.366056442260742,5.138880252838135,2.161661905120127e-05,0.050217948853969574,28.77619171142578,shuffled_corrected,5.138880252838135,0.743847668170929,0.293596088886261,dataset_7_keyframe_4,0.0
32,3.404043674468994,5.180115699768066,2.695719558687415e-05,0.048187002539634705,29.639314651489258,shuffled_corrected,5.180115699768066,0.6993164420127869,0.28399720788002014,dataset_7_keyframe_4,0.0
33,3.3166565895080566,5.075828552246094,2.7974447220913135e-05,0.049126945436000824,28.415939331054688,shuffled_corrected,5.075828552246094,0.7347778677940369,0.28779321908950806,dataset_7_keyframe_4,0.0
34,3.2949867248535156,5.044809818267822,2.5685629225336015e-05,0.048410799354314804,28.294803619384766,shuffled_corrected,5.044809818267822,0.7253051996231079,0.2838500142097473,dataset_7_keyframe_4,0.0
35,3.3404488563537598,5.091724395751953,2.466837759129703e-05,0.04629974439740181,29.283565521240234,shuffled_corrected,5.091724395751953,0.671630859375,0.2722461521625519,dataset_7_keyframe_4,0.0
36,3.2270638942718506,5.014200210571289,3.941854083677754e-05,0.045040640980005264,28.739700317382812,shuffled_corrected,5.014200210571289,0.6690673828125,0.269375205039978,dataset_7_keyframe_4,0.0
37,3.2870304584503174,5.013484477996826,2.975463939947076e-05,0.04464238882064819,28.902063369750977,shuffled_corrected,5.013484477996826,0.655627429485321,0.26389381289482117,dataset_7_keyframe_4,0.0
38,3.173551559448242,4.937310695648193,4.221598646836355e-05,0.04360046610236168,28.401012420654297,shuffled_corrected,4.937310695648193,0.6487060785293579,0.2615475356578827,dataset_7_keyframe_4,0.0
39,3.2221903800964355,4.925908088684082,3.2043459214037284e-05,0.043182119727134705,28.43675422668457,shuffled_corrected,4.925908088684082,0.6438354849815369,0.25860491394996643,dataset_7_keyframe_4,0.0
40,3.188342332839966,4.868877410888672,2.314249832124915e-05,0.0418650321662426,28.33690071105957,shuffled_corrected,4.868877410888672,0.63641357421875,0.25211071968078613,dataset_7_keyframe_4,0.0
41,3.0808920860290527,4.735889911651611,2.8228761948412284e-05,0.041970063000917435,27.02977180480957,shuffled_corrected,4.735889911651611,0.67132568359375,0.2558274269104004,dataset_7_keyframe_4,0.0
42,2.891281843185425,4.650809288024902,3.636678229668178e-05,0.039139557629823685,26.776897430419922,shuffled_corrected,4.650809288024902,0.6220947504043579,0.2422553151845932,dataset_7_keyframe_4,0.0
43,3.0012121200561523,4.615450382232666,2.7211508495383896e-05,0.03984222561120987,26.507665634155273,shuffled_corrected,4.615450382232666,0.65679931640625,0.24748216569423676,dataset_7_keyframe_4,0.0
44,3.041595697402954,4.647299289703369,2.5685629225336015e-05,0.037851206958293915,27.419185638427734,shuffled_corrected,4.647299289703369,0.609814465045929,0.23510661721229553,dataset_7_keyframe_4,0.0
45,2.989694833755493,4.585476875305176,3.3315023756586015e-05,0.037859346717596054,26.762786865234375,shuffled_corrected,4.585476875305176,0.6225830316543579,0.23656253516674042,dataset_7_keyframe_4,0.0
46,2.9751269817352295,4.562502861022949,2.4922690499806777e-05,0.037192028015851974,26.723529815673828,shuffled_corrected,4.562502861022949,0.61383056640625,0.2334747165441513,dataset_7_keyframe_4,0.0
47,2.9545390605926514,4.553292274475098,3.738403393072076e-05,0.036921948194503784,26.85077667236328,shuffled_corrected,4.553292274475098,0.59124755859375,0.22953489422798157,dataset_7_keyframe_4,0.0
48,2.9088847637176514,4.465314865112305,2.848307485692203e-05,0.03693593665957451,26.041105270385742,shuffled_corrected,4.465314865112305,0.629748523235321,0.23356203734874725,dataset_7_keyframe_4,0.0
49,2.5621860027313232,4.300397872924805,3.840128920273855e-05,0.034429680556058884,24.671119689941406,shuffled_corrected,4.300397872924805,0.6028808951377869,0.22362832725048065,dataset_7_keyframe_4,0.0
50,2.5638692378997803,4.2918620109558105,3.738403393072076e-05,0.03423868864774704,24.6701602935791,shuffled_corrected,4.2918620109558105,0.5953735709190369,0.221514031291008,dataset_7_keyframe_4,0.0
51,2.835235118865967,4.365998268127441,3.255208503105678e-05,0.03592732921242714,25.42644500732422,shuffled_corrected,4.365998268127441,0.6249634027481079,0.22941899299621582,dataset_7_keyframe_4,0.0
52,2.8700735569000244,4.3893022537231445,2.975463939947076e-05,0.03317464515566826,26.256996154785156,shuffled_corrected,4.3893022537231445,0.585949718952179,0.21556778252124786,dataset_7_keyframe_4,0.0
53,2.4292421340942383,4.123055934906006,4.2724612285383046e-05,0.032055921852588654,23.761133193969727,shuffled_corrected,4.123055934906006,0.5812134146690369,0.2105749100446701,dataset_7_keyframe_4,0.0
54,2.777963876724243,4.316826820373535,4.170736065134406e-05,0.033323924988508224,25.764808654785156,shuffled_corrected,4.316826820373535,0.557019054889679,0.21134701371192932,dataset_7_keyframe_4,0.0
55,2.815765857696533,4.290117263793945,2.6702882678364404e-05,0.03153127059340477,25.968223571777344,shuffled_corrected,4.290117263793945,0.565966784954071,0.20620699226856232,dataset_7_keyframe_4,0.0
56,2.790374994277954,4.2487053871154785,3.0263267035479657e-05,0.03071645274758339,25.806976318359375,shuffled_corrected,4.2487053871154785,0.5614990592002869,0.2027042657136917,dataset_7_keyframe_4,0.0
57,2.704399585723877,4.19434118270874,4.043579247081652e-05,0.03125152736902237,25.28575325012207,shuffled_corrected,4.19434118270874,0.542102038860321,0.20112192630767822,dataset_7_keyframe_4,0.0
58,2.314566135406494,3.930159330368042,3.916422792826779e-05,0.029271190986037254,22.975322723388672,shuffled_corrected,3.930159330368042,0.552734375,0.194270059466362,dataset_7_keyframe_4,0.0
59,2.6880152225494385,4.099429130554199,2.924601358245127e-05,0.02937825582921505,24.799461364746094,shuffled_corrected,4.099429130554199,0.565905749797821,0.19785304367542267,dataset_7_keyframe_4,0.0
60,2.343945264816284,3.917226791381836,3.916422792826779e-05,0.028569795191287994,23.139860153198242,shuffled_corrected,3.917226791381836,0.5423340201377869,0.19051943719387054,dataset_7_keyframe_4,0.0
61,2.696509838104248,4.094928741455078,2.772013431240339e-05,0.028173066675662994,25.17373275756836,shuffled_corrected,4.094928741455078,0.5461670160293579,0.19028499722480774,dataset_7_keyframe_4,0.0
62,2.6023597717285156,3.9739022254943848,3.5095217754133046e-05,0.028861746191978455,23.999954223632812,shuffled_corrected,3.9739022254943848,0.571240246295929,0.19545593857765198,dataset_7_keyframe_4,0.0
63,2.0729167461395264,3.690887928009033,3.814697629422881e-05,0.02730051800608635,21.205490112304688,shuffled_corrected,3.690887928009033,0.553820788860321,0.18597041070461273,dataset_7_keyframe_4,0.0
64,2.0899953842163086,3.682098865509033,3.9672853745287284e-05,0.026840973645448685,21.347957611083984,shuffled_corrected,3.682098865509033,0.541027843952179,0.18253856897354126,dataset_7_keyframe_4,0.0
65,2.0419704914093018,3.637204170227051,4.323323810240254e-05,0.026442719623446465,20.96369743347168,shuffled_corrected,3.637204170227051,0.54095458984375,0.18121671676635742,dataset_7_keyframe_4,0.0
66,2.5223679542541504,3.8531711101531982,3.992716665379703e-05,0.02721710316836834,23.411767959594727,shuffled_corrected,3.8531711101531982,0.5541748404502869,0.18791984021663666,dataset_7_keyframe_4,0.0
67,2.5872011184692383,3.9237515926361084,2.6702882678364404e-05,0.02642161212861538,24.18094825744629,shuffled_corrected,3.9237515926361084,0.5277466177940369,0.1805415004491806,dataset_7_keyframe_4,0.0
68,2.452505111694336,3.869511604309082,4.145304410485551e-05,0.026578523218631744,23.666305541992188,shuffled_corrected,3.869511604309082,0.504077136516571,0.1777009814977646,dataset_7_keyframe_4,0.0
69,1.9640158414840698,3.533020496368408,4.170736065134406e-05,0.025458527728915215,20.38196563720703,shuffled_corrected,3.533020496368408,0.527355968952179,0.1745772659778595,dataset_7_keyframe_4,0.0
70,2.602712631225586,3.9315245151519775,2.4159749955288135e-05,0.02605743519961834,24.541542053222656,shuffled_corrected,3.9315245151519775,0.5118408203125,0.17612050473690033,dataset_7_keyframe_4,0.0
71,1.950778841972351,3.4950320720672607,4.24702993768733e-05,0.024817658588290215,20.274898529052734,shuffled_corrected,3.4950320720672607,0.521594226360321,0.1712319254875183,dataset_7_keyframe_4,0.0
72,2.501633405685425,3.853140354156494,4.069010537932627e-05,0.025837963446974754,23.941532135009766,shuffled_corrected,3.853140354156494,0.5,0.17313699424266815,dataset_7_keyframe_4,0.0
73,2.468614339828491,3.7455222606658936,3.4332275390625e-05,0.02500254474580288,23.18084716796875,shuffled_corrected,3.7455222606658936,0.53558349609375,0.1760365217924118,dataset_7_keyframe_4,0.0
74,1.9219775199890137,3.4291789531707764,4.24702993768733e-05,0.02358144335448742,20.049449920654297,shuffled_corrected,3.4291789531707764,0.515026867389679,0.16637980937957764,dataset_7_keyframe_4,0.0
75,2.152681827545166,3.5797462463378906,3.458659193711355e-05,0.02312774769961834,21.78972816467285,shuffled_corrected,3.5797462463378906,0.5052856802940369,0.16526389122009277,dataset_7_keyframe_4,0.0
76,2.4553511142730713,3.7732625007629395,4.119873119634576e-05,0.02470398135483265,23.62972068786621,shuffled_corrected,3.7732625007629395,0.49333497881889343,0.16718626022338867,dataset_7_keyframe_4,0.0
77,2.5130672454833984,3.778470039367676,3.1280520488508046e-05,0.02411397360265255,23.942594528198242,shuffled_corrected,3.778470039367676,0.4966186583042145,0.1642802655696869,dataset_7_keyframe_4,0.0
78,2.491412878036499,3.749786138534546,2.9500326490961015e-05,0.023556265980005264,23.727262496948242,shuffled_corrected,3.749786138534546,0.502795398235321,0.16317284107208252,dataset_7_keyframe_4,0.0
79,2.478746175765991,3.728213310241699,2.924601358245127e-05,0.023242952302098274,23.636682510375977,shuffled_corrected,3.728213310241699,0.4996337890625,0.16145078837871552,dataset_7_keyframe_4,0.0
80,2.4738688468933105,3.710754156112671,3.077189467148855e-05,0.02312927320599556,23.685632705688477,shuffled_corrected,3.710754156112671,0.48741456866264343,0.15849542617797852,dataset_7_keyframe_4,0.0
81,2.388033628463745,3.655524969100952,4.24702993768733e-05,0.02309214323759079,23.18936538696289,shuffled_corrected,3.655524969100952,0.47648927569389343,0.1568453311920166,dataset_7_keyframe_4,0.0
82,2.061692237854004,3.4150359630584717,3.7892659747740254e-05,0.020733898505568504,21.167400360107422,shuffled_corrected,3.4150359630584717,0.48472902178764343,0.15209807455539703,dataset_7_keyframe_4,0.0
83,1.7969106435775757,3.199965238571167,4.018147956230678e-05,0.01973826251924038,19.16304588317871,shuffled_corrected,3.199965238571167,0.4885497987270355,0.14866803586483002,dataset_7_keyframe_4,0.0
84,1.5999945402145386,3.03196120262146,4.501342846197076e-05,0.020467886701226234,17.4955997467041,shuffled_corrected,3.03196120262146,0.5018066763877869,0.14738957583904266,dataset_7_keyframe_4,0.0
85,2.3850796222686768,3.56675386428833,3.000895412696991e-05,0.020993297919631004,22.929515838623047,shuffled_corrected,3.56675386428833,0.47203370928764343,0.1475006639957428,dataset_7_keyframe_4,0.0
86,1.9654760360717773,3.2709743976593018,4.399617682793178e-05,0.019108328968286514,20.46751594543457,shuffled_corrected,3.2709743976593018,0.46245118975639343,0.14189422130584717,dataset_7_keyframe_4,0.0
87,1.5913021564483643,2.9799554347991943,3.458659193711355e-05,0.018911490216851234,17.460927963256836,shuffled_corrected,2.9799554347991943,0.4745727479457855,0.14046792685985565,dataset_7_keyframe_4,0.0
88,2.3781180381774902,3.5434136390686035,3.7129721022211015e-05,0.020902762189507484,23.025543212890625,shuffled_corrected,3.5434136390686035,0.4454101622104645,0.14264413714408875,dataset_7_keyframe_4,0.0
89,1.6880371570587158,3.02431058883667,4.3487551010912284e-05,0.01721954345703125,18.35697364807129,shuffled_corrected,3.02431058883667,0.451171875,0.13510429859161377,dataset_7_keyframe_4,0.0
90,2.303901195526123,3.435302972793579,4.069010537932627e-05,0.01980641856789589,22.212711334228516,shuffled_corrected,3.435302972793579,0.44627687335014343,0.14075227081775665,dataset_7_keyframe_4,0.0
91,1.700937032699585,3.007669448852539,4.221598646836355e-05,0.016724904999136925,18.447763442993164,shuffled_corrected,3.007669448852539,0.4351806640625,0.13145117461681366,dataset_7_keyframe_4,0.0
92,2.2946722507476807,3.414130687713623,3.153483339701779e-05,0.019244639202952385,22.181060791015625,shuffled_corrected,3.414130687713623,0.42860108613967896,0.13616572320461273,dataset_7_keyframe_4,0.0
93,1.5841410160064697,2.8993892669677734,4.603068373398855e-05,0.015966035425662994,17.53495216369629,shuffled_corrected,2.8993892669677734,0.4234252870082855,0.1275717169046402,dataset_7_keyframe_4,0.0
94,2.285602331161499,3.42427396774292,4.450480264495127e-05,0.02002817951142788,22.374923706054688,shuffled_corrected,3.42427396774292,0.39349365234375,0.1327517032623291,dataset_7_keyframe_4,0.0
95,1.3480942249298096,2.7082629203796387,3.687540811370127e-05,0.01679280772805214,15.607295036315918,shuffled_corrected,2.7082629203796387,0.41596680879592896,0.12367304414510727,dataset_7_keyframe_4,0.0
96,1.686471700668335,2.9394116401672363,3.916422792826779e-05,0.01533126924186945,18.37810516357422,shuffled_corrected,2.9394116401672363,0.3995727598667145,0.12230830639600754,dataset_7_keyframe_4,0.0
97,2.305039167404175,3.4116315841674805,3.0263267035479657e-05,0.019369762390851974,22.47034454345703,shuffled_corrected,3.4116315841674805,0.378662109375,0.12843066453933716,dataset_7_keyframe_4,0.0
98,1.2382138967514038,2.5846850872039795,3.916422792826779e-05,0.01557718962430954,14.87250804901123,shuffled_corrected,2.5846850872039795,0.3996337950229645,0.11594827473163605,dataset_7_keyframe_4,0.0
99,1.524367094039917,2.784637451171875,4.3487551010912284e-05,0.014375814236700535,17.06732749938965,shuffled_corrected,2.784637451171875,0.3832763731479645,0.11704080551862717,dataset_7_keyframe_4,0.0
100,1.863167405128479,3.0461511611938477,4.323323810240254e-05,0.01553853414952755,19.69097137451172,shuffled_corrected,3.0461511611938477,0.36610108613967896,0.1171715036034584,dataset_7_keyframe_4,0.0
101,2.266103744506836,3.3472328186035156,3.229777212254703e-05,0.01807047612965107,22.194686889648438,shuffled_corrected,3.3472328186035156,0.36077880859375,0.12140076607465744,dataset_7_keyframe_4,0.0
102,2.096428871154785,3.1195383071899414,3.636678229668178e-05,0.01575114019215107,20.59807014465332,shuffled_corrected,3.1195383071899414,0.38121339678764343,0.12306898087263107,dataset_7_keyframe_4,0.0
103,1.2908180952072144,2.560044527053833,3.4077962482115254e-05,0.01382039487361908,15.099695205688477,shuffled_corrected,2.560044527053833,0.36494141817092896,0.11001862585544586,dataset_7_keyframe_4,0.0
104,1.4476572275161743,2.6641077995300293,4.069010537932627e-05,0.01301371306180954,16.40131187438965,shuffled_corrected,2.6641077995300293,0.3563232421875,0.10932066291570663,dataset_7_keyframe_4,0.0
105,1.5678802728652954,2.7470757961273193,4.3487551010912284e-05,0.012940471060574055,17.40952491760254,shuffled_corrected,2.7470757961273193,0.34526368975639343,0.10779523104429245,dataset_7_keyframe_4,0.0
106,1.759609341621399,2.9157094955444336,4.704793536802754e-05,0.01410319097340107,18.92940902709961,shuffled_corrected,2.9157094955444336,0.33453369140625,0.10916829109191895,dataset_7_keyframe_4,0.0
107,1.9606304168701172,3.0743236541748047,4.933675518259406e-05,0.015862783417105675,20.24745750427246,shuffled_corrected,3.0743236541748047,0.3201538026332855,0.10954683274030685,dataset_7_keyframe_4,0.0
108,2.1489033699035645,3.2227671146392822,5.264282663119957e-05,0.0173187255859375,21.434293746948242,shuffled_corrected,3.2227671146392822,0.3111816346645355,0.11228429526090622,dataset_7_keyframe_4,0.0
109,2.222012996673584,3.261322021484375,3.7892659747740254e-05,0.0172526054084301,21.876827239990234,shuffled_corrected,3.261322021484375,0.3110595643520355,0.11191099882125854,dataset_7_keyframe_4,0.0
110,2.2138171195983887,3.2479026317596436,3.9672853745287284e-05,0.016827140003442764,21.838369369506836,shuffled_corrected,3.2479026317596436,0.30909425020217896,0.11031635105609894,dataset_7_keyframe_4,0.0
111,2.209324836730957,3.241617441177368,3.7892659747740254e-05,0.0165964774787426,21.780330657958984,shuffled_corrected,3.241617441177368,0.30451661348342896,0.10969215631484985,dataset_7_keyframe_4,0.0
112,2.203549861907959,3.229624032974243,3.840128920273855e-05,0.01650034636259079,21.764772415161133,shuffled_corrected,3.229624032974243,0.29743653535842896,0.10815947502851486,dataset_7_keyframe_4,0.0
113,2.211643695831299,3.2442798614501953,3.9672853745287284e-05,0.01690572127699852,21.797014236450195,shuffled_corrected,3.2442798614501953,0.28782960772514343,0.1092548593878746,dataset_7_keyframe_4,0.0
114,2.1252105236053467,3.179813861846924,5.162557135918178e-05,0.01654866710305214,21.2552547454834,shuffled_corrected,3.179813861846924,0.27753907442092896,0.10676505416631699,dataset_7_keyframe_4,0.0
115,1.932582139968872,3.022409439086914,4.755656118504703e-05,0.01504999864846468,20.01526641845703,shuffled_corrected,3.022409439086914,0.2741332948207855,0.10264015197753906,dataset_7_keyframe_4,0.0
116,1.7170984745025635,2.8351094722747803,5.0354006816633046e-05,0.01310450304299593,18.57787322998047,shuffled_corrected,2.8351094722747803,0.2755981385707855,0.09962575137615204,dataset_7_keyframe_4,0.0
117,1.5105758905410767,2.6392123699188232,4.069010537932627e-05,0.01140289381146431,16.95071792602539,shuffled_corrected,2.6392123699188232,0.27821046113967896,0.0959676057100296,dataset_7_keyframe_4,0.0
118,1.3663456439971924,2.5053658485412598,4.425048973644152e-05,0.010689036920666695,15.752165794372559,shuffled_corrected,2.5053658485412598,0.2781982421875,0.09394363313913345,dataset_7_keyframe_4,0.0
119,1.188826084136963,2.360395669937134,3.611246938817203e-05,0.010584767907857895,14.283870697021484,shuffled_corrected,2.360395669937134,0.27978515625,0.09186950325965881,dataset_7_keyframe_4,0.0
120,0.983039915561676,2.2175092697143555,3.000895412696991e-05,0.01106694620102644,12.831724166870117,shuffled_corrected,2.2175092697143555,0.27440187335014343,0.08775679022073746,dataset_7_keyframe_4,0.0
121,1.9999351501464844,2.9516255855560303,4.323323810240254e-05,0.012957509607076645,19.93547248840332,shuffled_corrected,2.9516255855560303,0.27653810381889343,0.10428645461797714,dataset_7_keyframe_4,0.0
122,2.170196056365967,3.1771397590637207,3.687540811370127e-05,0.015426128171384335,21.512460708618164,shuffled_corrected,3.1771397590637207,0.25726318359375,0.1013229638338089,dataset_7_keyframe_4,0.0
123,1.7637747526168823,2.857612133026123,5.0354006816633046e-05,0.013147735968232155,18.895946502685547,shuffled_corrected,2.857612133026123,0.2515625059604645,0.09597118943929672,dataset_7_keyframe_4,0.0
124,1.3821624517440796,2.505722761154175,4.831949991057627e-05,0.010416158474981785,15.942031860351562,shuffled_corrected,2.505722761154175,0.2566772401332855,0.09037258476018906,dataset_7_keyframe_4,0.0
125,1.0682073831558228,2.247089385986328,4.018147956230678e-05,0.009920502081513405,13.472848892211914,shuffled_corrected,2.247089385986328,0.25718995928764343,0.08517473191022873,dataset_7_keyframe_4,0.0
126,0.830093264579773,2.0954842567443848,3.280639793956652e-05,0.010286713019013405,11.9308500289917,shuffled_corrected,2.0954842567443848,0.26007080078125,0.08153357356786728,dataset_7_keyframe_4,0.0
127,2.1765668392181396,3.1854472160339355,3.636678229668178e-05,0.015880584716796875,21.553979873657227,shuffled_corrected,3.1854472160339355,0.24033203721046448,0.1011190190911293,dataset_7_keyframe_4,0.0
0,3.000537157058716,4.5841064453125,2.5685629225336015e-05,0.039777375757694244,26.260751724243164,prev_current,4.5841064453125,0.9161621332168579,0.28115561604499817,dataset_7_keyframe_4,0.0
1,3.0090949535369873,4.663854598999023,8.850097947288305e-05,0.0376790389418602,26.380558013916016,prev_current,4.663854598999023,0.9140869379043579,0.2709670662879944,dataset_7_keyframe_4,4.584102153778076
2,3.0079689025878906,4.6453986167907715,6.91731838742271e-05,0.03818206861615181,26.460554122924805,prev_current,4.6453986167907715,0.912792980670929,0.27124258875846863,dataset_7_keyframe_4,4.663850784301758
3,3.0175468921661377,4.660581111907959,7.985433330759406e-05,0.038182832300662994,26.560340881347656,prev_current,4.660581111907959,0.908764660358429,0.27092206478118896,dataset_7_keyframe_4,4.645394802093506
4,3.031905174255371,4.681474208831787,7.451375859091058e-05,0.03861338645219803,26.678361892700195,prev_current,4.681474208831787,0.907336413860321,0.2719130516052246,dataset_7_keyframe_4,4.660576820373535
5,3.048799753189087,4.706675052642822,6.866455078125e-05,0.03892720863223076,26.81736946105957,prev_current,4.706675052642822,0.90447998046875,0.2725335657596588,dataset_7_keyframe_4,4.681469917297363
6,3.05655837059021,4.71798849105835,7.705688767600805e-05,0.0390828475356102,26.891427993774414,prev_current,4.71798849105835,0.901196300983429,0.2722425162792206,dataset_7_keyframe_4,4.706670761108398
7,3.0756750106811523,4.744261264801025,7.832845585653558e-05,0.039490003138780594,27.034385681152344,prev_current,4.744261264801025,0.8966308832168579,0.2729435861110687,dataset_7_keyframe_4,4.717983722686768
8,3.1018753051757812,4.783470630645752,8.519490802427754e-05,0.04000956565141678,27.249589920043945,prev_current,4.783470630645752,0.8942505121231079,0.27489787340164185,dataset_7_keyframe_4,4.744256019592285
9,3.1195459365844727,4.808760166168213,8.138021075865254e-05,0.04038442298769951,27.391725540161133,prev_current,4.808760166168213,0.889453113079071,0.2755667269229889,dataset_7_keyframe_4,4.783465385437012
10,3.1390066146850586,4.836423397064209,6.866455078125e-05,0.0406646765768528,27.553272247314453,prev_current,4.836423397064209,0.882739245891571,0.2751612365245819,dataset_7_keyframe_4,4.8087544441223145
11,3.1612699031829834,4.86879301071167,6.001790825393982e-05,0.04121093824505806,27.738515853881836,prev_current,4.86879301071167,0.87738037109375,0.27561426162719727,dataset_7_keyframe_4,4.836417198181152
12,3.1798081398010254,4.896656513214111,5.442301699076779e-05,0.041548412293195724,27.893661499023438,prev_current,4.896656513214111,0.8711304068565369,0.275994211435318,dataset_7_keyframe_4,4.868786811828613
13,3.2043066024780273,4.931576728820801,5.7983401347883046e-05,0.042270153760910034,28.072406768798828,prev_current,4.931576728820801,0.8646240234375,0.2767380177974701,dataset_7_keyframe_4,4.8966498374938965
14,3.2205028533935547,4.956180572509766,5.7983401347883046e-05,0.042684685438871384,28.23027229309082,prev_current,4.956180572509766,0.8585449457168579,0.27701622247695923,dataset_7_keyframe_4,4.931570053100586
15,3.2403347492218018,4.984035491943359,5.315145244821906e-05,0.04311981424689293,28.353456497192383,prev_current,4.984035491943359,0.8508667349815369,0.27761945128440857,dataset_7_keyframe_4,4.956172943115234
16,3.2572500705718994,5.008265018463135,4.501342846197076e-05,0.04365082085132599,28.480180740356445,prev_current,5.008265018463135,0.8449341058731079,0.2783416211605072,dataset_7_keyframe_4,4.984027862548828
17,3.2761826515197754,5.035947322845459,4.2724612285383046e-05,0.04410655051469803,28.626628875732422,prev_current,5.035947322845459,0.839343249797821,0.27885815501213074,dataset_7_keyframe_4,5.0082573890686035
18,3.2954535484313965,5.063277244567871,3.4332275390625e-05,0.044447582215070724,28.79001808166504,prev_current,5.063277244567871,0.834826648235321,0.27973881363868713,dataset_7_keyframe_4,5.0359392166137695
19,3.3119025230407715,5.088572025299072,4.704793536802754e-05,0.044941969215869904,28.917539596557617,prev_current,5.088572025299072,0.8297363519668579,0.28086191415786743,dataset_7_keyframe_4,5.063269138336182
20,3.338055372238159,5.129110813140869,3.814697629422881e-05,0.04554189369082451,29.155670166015625,prev_current,5.129110813140869,0.827075183391571,0.2817738950252533,dataset_7_keyframe_4,5.088563442230225
21,3.3643698692321777,5.170257091522217,3.86556021112483e-05,0.04643503949046135,29.386850357055664,prev_current,5.170257091522217,0.828173816204071,0.28392714262008667,dataset_7_keyframe_4,5.1291022300720215
22,3.3739771842956543,5.184760570526123,3.0517578125e-05,0.04644724726676941,29.486833572387695,prev_current,5.184760570526123,0.8306640982627869,0.28454190492630005,dataset_7_keyframe_4,5.170248985290527
23,3.3837599754333496,5.201696395874023,3.48409048456233e-05,0.04673106223344803,29.5931396484375,prev_current,5.201696395874023,0.8352295160293579,0.28551074862480164,dataset_7_keyframe_4,5.184752464294434
24,3.3831260204315186,5.198934078216553,3.255208503105678e-05,0.04644953832030296,29.627090454101562,prev_current,5.198934078216553,0.83697509765625,0.28472110629081726,dataset_7_keyframe_4,5.201687812805176
25,3.3913776874542236,5.213265419006348,3.5858156479662284e-05,0.04670003429055214,29.70917510986328,prev_current,5.213265419006348,0.8396240472793579,0.28597474098205566,dataset_7_keyframe_4,5.198925495147705
26,3.3873705863952637,5.2059550285339355,2.8991700673941523e-05,0.046280164271593094,29.695011138916016,prev_current,5.2059550285339355,0.8406616449356079,0.2853074073791504,dataset_7_keyframe_4,5.2132568359375
27,3.3887977600097656,5.20845365524292,3.3315023756586015e-05,0.046238455921411514,29.724773406982422,prev_current,5.20845365524292,0.8411011099815369,0.2851943373680115,dataset_7_keyframe_4,5.205946445465088
28,3.3897268772125244,5.211791038513184,3.5095217754133046e-05,0.04621582105755806,29.737104415893555,prev_current,5.211791038513184,0.8411499261856079,0.28540855646133423,dataset_7_keyframe_4,5.208445072174072
29,3.376852035522461,5.194328308105469,4.196167355985381e-05,0.04566243663430214,29.652809143066406,prev_current,5.194328308105469,0.8395019769668579,0.28458866477012634,dataset_7_keyframe_4,5.211782455444336
30,3.3521292209625244,5.168756484985352,4.2724612285383046e-05,0.045244600623846054,29.48497772216797,prev_current,5.168756484985352,0.829455554485321,0.2822013795375824,dataset_7_keyframe_4,5.194319725036621
31,3.3148484230041504,5.133499622344971,4.018147956230678e-05,0.04457372426986694,29.282712936401367,prev_current,5.133499622344971,0.8179687857627869,0.27823278307914734,dataset_7_keyframe_4,5.168747901916504
32,3.2859838008880615,5.112299919128418,5.086263263365254e-05,0.044134270399808884,29.17331314086914,prev_current,5.112299919128418,0.80914306640625,0.2749488651752472,dataset_7_keyframe_4,5.133491039276123
33,3.2429776191711426,5.071086406707764,5.8746340073412284e-05,0.04344482719898224,28.928272247314453,prev_current,5.071086406707764,0.797290027141571,0.27147603034973145,dataset_7_keyframe_4,5.11229133605957
34,3.202977418899536,5.034977912902832,5.594889444182627e-05,0.042692314833402634,28.712648391723633,prev_current,5.034977912902832,0.787646472454071,0.267158567905426,dataset_7_keyframe_4,5.071077823638916
35,3.162952184677124,4.997961521148682,6.179809861350805e-05,0.04214783012866974,28.51338005065918,prev_current,4.997961521148682,0.7773193717002869,0.26390036940574646,dataset_7_keyframe_4,5.034968852996826
36,3.118637800216675,4.952487945556641,6.128947279648855e-05,0.04143676906824112,28.247982025146484,prev_current,4.952487945556641,0.769580066204071,0.2601136267185211,dataset_7_keyframe_4,4.997952938079834
37,3.0685133934020996,4.900428771972656,8.672078547533602e-05,0.04062703624367714,27.915298461914062,prev_current,4.900428771972656,0.758471667766571,0.25622493028640747,dataset_7_keyframe_4,4.952479362487793
38,3.0212783813476562,4.854831695556641,7.095337059581652e-05,0.039945222437381744,27.658395767211914,prev_current,4.854831695556641,0.7506958246231079,0.25377243757247925,dataset_7_keyframe_4,4.900420188903809
39,2.9681789875030518,4.800654888153076,8.468628220725805e-05,0.03911896049976349,27.32637596130371,prev_current,4.800654888153076,0.7425293326377869,0.2501390874385834,dataset_7_keyframe_4,4.854823589324951
40,2.8990414142608643,4.7192912101745605,7.909139094408602e-05,0.037811025977134705,26.886165618896484,prev_current,4.7192912101745605,0.7320801019668579,0.2446737140417099,dataset_7_keyframe_4,4.800646781921387
41,2.8451321125030518,4.661809921264648,8.163452730514109e-05,0.036996714770793915,26.559858322143555,prev_current,4.661809921264648,0.72320556640625,0.24067573249340057,dataset_7_keyframe_4,4.719283103942871
42,2.7813754081726074,4.590376377105713,7.909139094408602e-05,0.035989128053188324,26.12568473815918,prev_current,4.590376377105713,0.712878406047821,0.23631596565246582,dataset_7_keyframe_4,4.661802291870117
43,2.718944549560547,4.518644332885742,7.654826185898855e-05,0.03497111052274704,25.712390899658203,prev_current,4.518644332885742,0.7059326171875,0.23265008628368378,dataset_7_keyframe_4,4.59036922454834
44,2.657771348953247,4.451376438140869,7.629395258845761e-05,0.034014638513326645,25.317604064941406,prev_current,4.451376438140869,0.696667492389679,0.2288496494293213,dataset_7_keyframe_4,4.518637657165527
45,2.6265177726745605,4.42134428024292,8.646647620480508e-05,0.033588919788599014,25.164030075073242,prev_current,4.42134428024292,0.6926513910293579,0.22777783870697021,dataset_7_keyframe_4,4.451369762420654
46,2.5931074619293213,4.38292932510376,8.977254765341058e-05,0.033113352954387665,24.938474655151367,prev_current,4.38292932510376,0.6885986328125,0.22570692002773285,dataset_7_keyframe_4,4.421338081359863
47,2.558478355407715,4.340880870819092,8.188883657567203e-05,0.03247884288430214,24.702613830566406,prev_current,4.340880870819092,0.6841675043106079,0.22313936054706573,dataset_7_keyframe_4,4.382923126220703
48,2.5270493030548096,4.305948257446289,8.519490802427754e-05,0.032109834253787994,24.4981746673584,prev_current,4.305948257446289,0.6805419921875,0.22128497064113617,dataset_7_keyframe_4,4.340874671936035
49,2.4987990856170654,4.272151947021484,7.044474477879703e-05,0.03158467635512352,24.317276000976562,prev_current,4.272151947021484,0.6757446527481079,0.2188088744878769,dataset_7_keyframe_4,4.305943012237549
50,2.4732086658477783,4.24627685546875,7.425944204442203e-05,0.031242117285728455,24.168190002441406,prev_current,4.24627685546875,0.671801745891571,0.21684399247169495,dataset_7_keyframe_4,4.272146224975586
51,2.4453251361846924,4.211212635040283,7.705688767600805e-05,0.03085073083639145,23.976633071899414,prev_current,4.211212635040283,0.6689087152481079,0.21522481739521027,dataset_7_keyframe_4,4.24627161026001
52,2.394860029220581,4.146551132202148,6.281535024754703e-05,0.030104320496320724,23.556791305541992,prev_current,4.146551132202148,0.6606689691543579,0.21111340820789337,dataset_7_keyframe_4,4.211207389831543
53,2.3455231189727783,4.0825300216674805,7.120768714230508e-05,0.029316458851099014,23.201982498168945,prev_current,4.0825300216674805,0.6529541015625,0.206834077835083,dataset_7_keyframe_4,4.146545886993408
54,2.3185696601867676,4.054518699645996,8.44319729367271e-05,0.028985852375626564,23.049070358276367,prev_current,4.054518699645996,0.6494507193565369,0.2058282196521759,dataset_7_keyframe_4,4.082525253295898
55,2.272124767303467,3.9948506355285645,6.96818096912466e-05,0.02831980586051941,22.68972396850586,prev_current,3.9948506355285645,0.6414551138877869,0.20135632157325745,dataset_7_keyframe_4,4.054513454437256
56,2.2289907932281494,3.939835548400879,7.425944204442203e-05,0.0277074184268713,22.38725471496582,prev_current,3.939835548400879,0.63616943359375,0.19831149280071259,dataset_7_keyframe_4,3.994845390319824
57,2.1951284408569336,3.8967883586883545,8.570353384129703e-05,0.02730306051671505,22.1370849609375,prev_current,3.8967883586883545,0.63177490234375,0.19549909234046936,dataset_7_keyframe_4,3.9398305416107178
58,2.156032085418701,3.843151807785034,8.06172756711021e-05,0.026696015149354935,21.838716506958008,prev_current,3.843151807785034,0.6264282464981079,0.1924692690372467,dataset_7_keyframe_4,3.8967835903167725
59,2.131120204925537,3.812433958053589,7.705688767600805e-05,0.026403047144412994,21.68459701538086,prev_current,3.812433958053589,0.623400866985321,0.19062967598438263,dataset_7_keyframe_4,3.843147039413452
60,2.104377269744873,3.777894973754883,8.290608820971102e-05,0.02603454701602459,21.474040985107422,prev_current,3.777894973754883,0.619824230670929,0.18861675262451172,dataset_7_keyframe_4,3.812429189682007
61,2.07918119430542,3.7427327632904053,7.960002403706312e-05,0.025684358552098274,21.276269912719727,prev_current,3.7427327632904053,0.6166138052940369,0.18668387830257416,dataset_7_keyframe_4,3.7778899669647217
62,2.0531725883483887,3.7093381881713867,8.163452730514109e-05,0.02533010020852089,21.07210350036621,prev_current,3.7093381881713867,0.613330066204071,0.18470479547977448,dataset_7_keyframe_4,3.7427284717559814
63,2.030186176300049,3.6824278831481934,7.222493877634406e-05,0.02500508725643158,20.925201416015625,prev_current,3.6824278831481934,0.6082763671875,0.18276138603687286,dataset_7_keyframe_4,3.709333896636963
64,1.998477816581726,3.640636920928955,6.91731838742271e-05,0.02455037645995617,20.674654006958008,prev_current,3.640636920928955,0.602795422077179,0.18021242320537567,dataset_7_keyframe_4,3.6824238300323486
65,1.9731074571609497,3.6106228828430176,8.697510202182457e-05,0.024289704859256744,20.507305145263672,prev_current,3.6106228828430176,0.5985962152481079,0.17837229371070862,dataset_7_keyframe_4,3.6406326293945312
66,1.9452799558639526,3.574800729751587,7.883708167355508e-05,0.02390950731933117,20.30130958557129,prev_current,3.574800729751587,0.593273937702179,0.17614272236824036,dataset_7_keyframe_4,3.610618829727173
67,1.9279707670211792,3.5530667304992676,8.366903057321906e-05,0.02368113398551941,20.168716430664062,prev_current,3.5530667304992676,0.589428722858429,0.1748664379119873,dataset_7_keyframe_4,3.574796676635742
68,1.9074065685272217,3.5254194736480713,8.366903057321906e-05,0.02337951771914959,19.998477935791016,prev_current,3.5254194736480713,0.5875000357627869,0.17369191348552704,dataset_7_keyframe_4,3.553062677383423
69,1.8926246166229248,3.5053305625915527,6.942749314475805e-05,0.02324523963034153,19.894027709960938,prev_current,3.5053305625915527,0.5848022699356079,0.17219136655330658,dataset_7_keyframe_4,3.5254158973693848
70,1.8818279504776,3.491882562637329,8.341472130268812e-05,0.023079682141542435,19.825313568115234,prev_current,3.491882562637329,0.5839599967002869,0.17163677513599396,dataset_7_keyframe_4,3.505326509475708
71,1.8554236888885498,3.450932502746582,7.451375859091058e-05,0.022697195410728455,19.588529586791992,prev_current,3.450932502746582,0.5807129144668579,0.16936913132667542,dataset_7_keyframe_4,3.4918787479400635
72,1.8412588834762573,3.432330846786499,7.120768714230508e-05,0.02257181890308857,19.482126235961914,prev_current,3.432330846786499,0.5809082388877869,0.16850417852401733,dataset_7_keyframe_4,3.4509289264678955
73,1.8183114528656006,3.396117925643921,8.11259014881216e-05,0.022051239386200905,19.269245147705078,prev_current,3.396117925643921,0.5790771842002869,0.1668376475572586,dataset_7_keyframe_4,3.4323270320892334
74,1.796714425086975,3.363952159881592,7.756551349302754e-05,0.021728262305259705,19.06953239440918,prev_current,3.363952159881592,0.577380359172821,0.16565962135791779,dataset_7_keyframe_4,3.3961143493652344
75,1.7825300693511963,3.345695972442627,7.375081622740254e-05,0.021559398621320724,18.97903823852539,prev_current,3.345695972442627,0.57550048828125,0.16446414589881897,dataset_7_keyframe_4,3.3639490604400635
76,1.7663849592208862,3.324073076248169,7.095337059581652e-05,0.021316783502697945,18.844430923461914,prev_current,3.324073076248169,0.573559582233429,0.16348467767238617,dataset_7_keyframe_4,3.3456926345825195
77,1.735591173171997,3.2758188247680664,8.44319729367271e-05,0.020736441016197205,18.56963539123535,prev_current,3.2758188247680664,0.5697998404502869,0.16055290400981903,dataset_7_keyframe_4,3.3240697383880615
78,1.725757122039795,3.2636544704437256,8.010864985408261e-05,0.02059224620461464,18.508670806884766,prev_current,3.2636544704437256,0.569018542766571,0.16011469066143036,dataset_7_keyframe_4,3.275815486907959
79,1.702634334564209,3.231503486633301,8.087158494163305e-05,0.020285798236727715,18.320329666137695,prev_current,3.231503486633301,0.565417468547821,0.15821269154548645,dataset_7_keyframe_4,3.2636513710021973
80,1.6656506061553955,3.1765196323394775,9.384155418956652e-05,0.019564565271139145,17.999984741210938,prev_current,3.1765196323394775,0.559374988079071,0.15490856766700745,dataset_7_keyframe_4,3.2315001487731934
81,1.6488112211227417,3.1532585620880127,8.799235365586355e-05,0.01935373991727829,17.877473831176758,prev_current,3.1532585620880127,0.555773913860321,0.1532924622297287,dataset_7_keyframe_4,3.1765167713165283
82,1.633316159248352,3.1313247680664062,8.570353384129703e-05,0.019057974219322205,17.74614715576172,prev_current,3.1313247680664062,0.5524658560752869,0.15185724198818207,dataset_7_keyframe_4,3.1532554626464844
83,1.5998181104660034,3.0839409828186035,8.773804438533261e-05,0.01853536069393158,17.471147537231445,prev_current,3.0839409828186035,0.5464844107627869,0.14922350645065308,dataset_7_keyframe_4,3.131321907043457
84,1.564374566078186,3.0363354682922363,9.58760647336021e-05,0.017932893708348274,17.192550659179688,prev_current,3.0363354682922363,0.539379894733429,0.14628827571868896,dataset_7_keyframe_4,3.0839381217956543
85,1.5340561866760254,2.9967315196990967,9.129842510446906e-05,0.0174713134765625,16.963153839111328,prev_current,2.9967315196990967,0.53253173828125,0.1438250094652176,dataset_7_keyframe_4,3.036332845687866
86,1.5042543411254883,2.957733631134033,9.333292837254703e-05,0.01692352443933487,16.740631103515625,prev_current,2.957733631134033,0.5254272818565369,0.1412777304649353,dataset_7_keyframe_4,2.9967288970947266
87,1.4819166660308838,2.9344868659973145,9.613037400413305e-05,0.016634877771139145,16.61484146118164,prev_current,2.9344868659973145,0.518322765827179,0.13956961035728455,dataset_7_keyframe_4,2.957731008529663
88,1.4526408910751343,2.89725399017334,8.392334711970761e-05,0.016166942194104195,16.393339157104492,prev_current,2.89725399017334,0.5109009146690369,0.13709376752376556,dataset_7_keyframe_4,2.9344842433929443
89,1.4265834093093872,2.864621162414551,8.799235365586355e-05,0.0157470703125,16.214981079101562,prev_current,2.864621162414551,0.5022217035293579,0.13480103015899658,dataset_7_keyframe_4,2.897251605987549
90,1.4055836200714111,2.8426268100738525,8.188883657567203e-05,0.015540060587227345,16.07754135131836,prev_current,2.8426268100738525,0.49486085772514343,0.1332160085439682,dataset_7_keyframe_4,2.8646187782287598
91,1.3752660751342773,2.8027524948120117,8.188883657567203e-05,0.015015412122011185,15.850456237792969,prev_current,2.8027524948120117,0.48597413301467896,0.13044612109661102,dataset_7_keyframe_4,2.8426246643066406
92,1.350795030593872,2.7749640941619873,8.44319729367271e-05,0.014747620560228825,15.681696891784668,prev_current,2.7749640941619873,0.4776611328125,0.12862490117549896,dataset_7_keyframe_4,2.8027503490448
93,1.3260257244110107,2.7470743656158447,7.044474477879703e-05,0.014465078711509705,15.534456253051758,prev_current,2.7470743656158447,0.4693237245082855,0.12648311257362366,dataset_7_keyframe_4,2.7749619483947754
94,1.2969608306884766,2.7071421146392822,6.637573824264109e-05,0.014039866626262665,15.298707008361816,prev_current,2.7071421146392822,0.46101075410842896,0.12402140349149704,dataset_7_keyframe_4,2.747072458267212
95,1.2751317024230957,2.6852710247039795,6.815592496423051e-05,0.01382777001708746,15.185187339782715,prev_current,2.6852710247039795,0.4532470703125,0.12224803119897842,dataset_7_keyframe_4,2.7071402072906494
96,1.2483383417129517,2.649240493774414,7.400513277389109e-05,0.0133399972692132,14.972330093383789,prev_current,2.649240493774414,0.44544678926467896,0.1199260950088501,dataset_7_keyframe_4,2.6852691173553467
97,1.2293672561645508,2.6292858123779297,6.764729914721102e-05,0.01325810793787241,14.862202644348145,prev_current,2.6292858123779297,0.4380859434604645,0.11843004077672958,dataset_7_keyframe_4,2.6492385864257812
98,1.199311375617981,2.582346200942993,6.790161569369957e-05,0.01267039030790329,14.597633361816406,prev_current,2.582346200942993,0.43077394366264343,0.11564977467060089,dataset_7_keyframe_4,2.629284143447876
99,1.1876152753829956,2.573899745941162,6.866455078125e-05,0.012720235623419285,14.548404693603516,prev_current,2.573899745941162,0.4248413145542145,0.11481662094593048,dataset_7_keyframe_4,2.5823442935943604
100,1.161065697669983,2.532369375228882,6.993611896177754e-05,0.012222290970385075,14.315837860107422,prev_current,2.532369375228882,0.41865235567092896,0.1123146042227745,dataset_7_keyframe_4,2.57389760017395
101,1.1478451490402222,2.5211353302001953,6.510417006211355e-05,0.01217982079833746,14.246370315551758,prev_current,2.5211353302001953,0.41179201006889343,0.11119163036346436,dataset_7_keyframe_4,2.532367467880249
102,1.122719645500183,2.4810922145843506,6.790161569369957e-05,0.011736806482076645,14.019214630126953,prev_current,2.4810922145843506,0.4054931700229645,0.10891125351190567,dataset_7_keyframe_4,2.5211334228515625
103,1.1073901653289795,2.466236114501953,5.747477553086355e-05,0.011643473990261555,13.931798934936523,prev_current,2.466236114501953,0.39813232421875,0.10769496113061905,dataset_7_keyframe_4,2.4810903072357178
104,1.0858501195907593,2.4357872009277344,6.001790825393982e-05,0.0113283796235919,13.7654447555542,prev_current,2.4357872009277344,0.39228516817092896,0.10592814534902573,dataset_7_keyframe_4,2.4662342071533203
105,1.06023371219635,2.3944597244262695,6.993611896177754e-05,0.01081771869212389,13.519956588745117,prev_current,2.3944597244262695,0.38557130098342896,0.10362141579389572,dataset_7_keyframe_4,2.4357852935791016
106,1.0489925146102905,2.385402202606201,7.019043550826609e-05,0.01083806436508894,13.48267650604248,prev_current,2.385402202606201,0.38035890460014343,0.10268688201904297,dataset_7_keyframe_4,2.394458055496216
107,1.0232508182525635,2.341542959213257,6.306966679403558e-05,0.010339101776480675,13.223471641540527,prev_current,2.341542959213257,0.3744140565395355,0.10022572427988052,dataset_7_keyframe_4,2.3854002952575684
108,1.01128351688385,2.3308982849121094,6.128947279648855e-05,0.010355123318731785,13.165352821350098,prev_current,2.3308982849121094,0.36811524629592896,0.09941084682941437,dataset_7_keyframe_4,2.341541290283203
109,0.9935927987098694,2.305729866027832,6.713867333019152e-05,0.01012318953871727,13.015022277832031,prev_current,2.305729866027832,0.36201173067092896,0.09782235324382782,dataset_7_keyframe_4,2.3308966159820557
110,0.9779517650604248,2.2869906425476074,6.4849853515625e-05,0.00991032924503088,12.90729808807373,prev_current,2.2869906425476074,0.3550048768520355,0.0963553786277771,dataset_7_keyframe_4,2.3057281970977783
111,0.9665185809135437,2.280008316040039,6.281535024754703e-05,0.009987386874854565,12.870712280273438,prev_current,2.280008316040039,0.34825441241264343,0.09544754028320312,dataset_7_keyframe_4,2.2869889736175537
112,0.9425930380821228,2.240739583969116,6.764729914721102e-05,0.00948257464915514,12.645210266113281,prev_current,2.240739583969116,0.34147951006889343,0.09322046488523483,dataset_7_keyframe_4,2.2800066471099854
113,0.9380279183387756,2.2516403198242188,5.823771425639279e-05,0.00980072095990181,12.70263671875,prev_current,2.2516403198242188,0.33503419160842896,0.09313806146383286,dataset_7_keyframe_4,2.2407379150390625
114,0.9181015491485596,2.2238123416900635,5.722046262235381e-05,0.00943679828196764,12.549029350280762,prev_current,2.2238123416900635,0.32740479707717896,0.0912138819694519,dataset_7_keyframe_4,2.251638650894165
115,0.9026796221733093,2.203960657119751,6.256104097701609e-05,0.00932973250746727,12.437832832336426,prev_current,2.203960657119751,0.32042238116264343,0.08972179889678955,dataset_7_keyframe_4,2.2238106727600098
116,0.8939870595932007,2.2017693519592285,5.315145244821906e-05,0.00935262069106102,12.431602478027344,prev_current,2.2017693519592285,0.31451416015625,0.08920219540596008,dataset_7_keyframe_4,2.2039589881896973
117,0.8788203597068787,2.1761043071746826,4.781087409355678e-05,0.00909322127699852,12.297879219055176,prev_current,2.1761043071746826,0.3112548887729645,0.08767285197973251,dataset_7_keyframe_4,2.201767683029175
118,0.8710959553718567,2.1627554893493652,4.984538099961355e-05,0.009018199518322945,12.219042778015137,prev_current,2.1627554893493652,0.30816650390625,0.08723309636116028,dataset_7_keyframe_4,2.176102638244629
119,0.8665651082992554,2.1623196601867676,4.806518700206652e-05,0.00898386724293232,12.223065376281738,prev_current,2.1623196601867676,0.30512696504592896,0.08674551546573639,dataset_7_keyframe_4,2.1627542972564697
120,0.8570436239242554,2.1526288986206055,5.823771425639279e-05,0.00896911695599556,12.146078109741211,prev_current,2.1526288986206055,0.2997802793979645,0.08595417439937592,dataset_7_keyframe_4,2.162317991256714
121,0.838132917881012,2.1208982467651367,5.39143911737483e-05,0.008674876764416695,11.972832679748535,prev_current,2.1208982467651367,0.2937866151332855,0.08411171287298203,dataset_7_keyframe_4,2.15262770652771
122,0.8325075507164001,2.1157431602478027,5.620321098831482e-05,0.008654022589325905,11.96157169342041,prev_current,2.1157431602478027,0.2907470762729645,0.08345761150121689,dataset_7_keyframe_4,2.120896816253662
123,0.8295783400535583,2.118218183517456,5.137125845067203e-05,0.008677165023982525,11.964929580688477,prev_current,2.118218183517456,0.2881713807582855,0.0835447832942009,dataset_7_keyframe_4,2.115741729736328
124,0.818397581577301,2.098078727722168,4.603068373398855e-05,0.00848312396556139,11.858502388000488,prev_current,2.098078727722168,0.2849365174770355,0.08210786432027817,dataset_7_keyframe_4,2.1182165145874023
125,0.8105250000953674,2.08821964263916,5.137125845067203e-05,0.008430736139416695,11.793213844299316,prev_current,2.08821964263916,0.2802978456020355,0.08147037029266357,dataset_7_keyframe_4,2.0980772972106934
126,0.8117154240608215,2.0981554985046387,5.213419717620127e-05,0.008554077707231045,11.852086067199707,prev_current,2.0981554985046387,0.2777954041957855,0.08166276663541794,dataset_7_keyframe_4,2.0882179737091064
127,0.8071795701980591,2.094421625137329,4.3487551010912284e-05,0.00851313304156065,11.83495807647705,prev_current,2.094421625137329,0.2761596739292145,0.0811878964304924,dataset_7_keyframe_4,2.098153829574585
0,3.000537157058716,4.5841064453125,2.5685629225336015e-05,0.039777375757694244,26.260751724243164,zero_prev,4.5841064453125,0.9161621332168579,0.28115561604499817,dataset_7_keyframe_4,0.0
1,3.593919515609741,5.02226448059082,6.688436405966058e-05,0.06098226085305214,20.395709991455078,zero_prev,5.02226448059082,0.9140869379043579,0.2550007700920105,dataset_7_keyframe_4,4.584102153778076
2,2.717352867126465,3.7711784839630127,2.5177003408316523e-05,0.026419322937726974,20.470373153686523,zero_prev,3.7711784839630127,0.912792980670929,0.19608481228351593,dataset_7_keyframe_4,5.0222578048706055
3,3.1016359329223633,4.33820915222168,2.161661905120127e-05,0.044517774134874344,20.568872451782227,zero_prev,4.33820915222168,0.908764660358429,0.22864218056201935,dataset_7_keyframe_4,3.771170139312744
4,2.9541175365448,4.131520748138428,4.425048973644152e-05,0.03829040750861168,20.665468215942383,zero_prev,4.131520748138428,0.907336413860321,0.21639831364154816,dataset_7_keyframe_4,4.338200569152832
5,3.0402350425720215,4.252218723297119,2.975463939947076e-05,0.041819002479314804,20.783763885498047,zero_prev,4.252218723297119,0.90447998046875,0.22320310771465302,dataset_7_keyframe_4,4.131511688232422
6,3.0208914279937744,4.227372169494629,4.9082442274084315e-05,0.04093068838119507,20.862966537475586,zero_prev,4.227372169494629,0.901196300983429,0.22108550369739532,dataset_7_keyframe_4,4.252209663391113
7,3.060276985168457,4.282924175262451,3.611246938817203e-05,0.04229355230927467,20.995059967041016,zero_prev,4.282924175262451,0.8966308832168579,0.22373032569885254,dataset_7_keyframe_4,4.227362632751465
8,3.0856971740722656,4.317878723144531,3.763834683923051e-05,0.043187715113162994,21.168365478515625,zero_prev,4.317878723144531,0.8942505121231079,0.22562280297279358,dataset_7_keyframe_4,4.282914638519287
9,3.1039154529571533,4.3469767570495605,3.534953066264279e-05,0.04402974620461464,21.298175811767578,zero_prev,4.3469767570495605,0.889453113079071,0.22747258841991425,dataset_7_keyframe_4,4.317868232727051
10,3.130851984024048,4.385761260986328,3.840128920273855e-05,0.04479421302676201,21.45962142944336,zero_prev,4.385761260986328,0.882739245891571,0.22824501991271973,dataset_7_keyframe_4,4.34696626663208
11,3.1601402759552,4.427976131439209,3.382364957360551e-05,0.045661166310310364,21.628395080566406,zero_prev,4.427976131439209,0.87738037109375,0.23008981347084045,dataset_7_keyframe_4,4.3857502937316895
12,3.182330369949341,4.463052272796631,2.975463939947076e-05,0.046453606337308884,21.778825759887695,zero_prev,4.463052272796631,0.8711304068565369,0.23177504539489746,dataset_7_keyframe_4,4.427964210510254
13,3.2138783931732178,4.50874662399292,2.7211508495383896e-05,0.04750315472483635,21.94495964050293,zero_prev,4.50874662399292,0.8646240234375,0.23418226838111877,dataset_7_keyframe_4,4.463039875030518
14,3.2380473613739014,4.546291828155518,3.3315023756586015e-05,0.048241425305604935,22.091230392456055,zero_prev,4.546291828155518,0.8585449457168579,0.2357429563999176,dataset_7_keyframe_4,4.508733749389648
15,3.263355016708374,4.581881046295166,3.0517578125e-05,0.049175772815942764,22.214046478271484,zero_prev,4.581881046295166,0.8508667349815369,0.23819474875926971,dataset_7_keyframe_4,4.546278476715088
16,3.2871150970458984,4.6166791915893555,3.0263267035479657e-05,0.049980420619249344,22.336597442626953,zero_prev,4.6166791915893555,0.8449341058731079,0.24037781357765198,dataset_7_keyframe_4,4.581867218017578
17,3.3113293647766113,4.653792381286621,2.6194255042355508e-05,0.05091171711683273,22.471086502075195,zero_prev,4.653792381286621,0.839343249797821,0.24274511635303497,dataset_7_keyframe_4,4.616664886474609
18,3.335172414779663,4.688405513763428,2.6702882678364404e-05,0.05192642658948898,22.613967895507812,zero_prev,4.688405513763428,0.834826648235321,0.24416303634643555,dataset_7_keyframe_4,4.653777599334717
19,3.3577349185943604,4.7227463722229,2.7974447220913135e-05,0.052824657410383224,22.73240089416504,zero_prev,4.7227463722229,0.8297363519668579,0.24647723138332367,dataset_7_keyframe_4,4.688390254974365
20,3.391026020050049,4.772413730621338,2.314249832124915e-05,0.05408554524183273,22.93358612060547,zero_prev,4.772413730621338,0.827075183391571,0.24814744293689728,dataset_7_keyframe_4,4.72273063659668
21,3.4199657440185547,4.815216541290283,2.466837759129703e-05,0.055451713502407074,23.115385055541992,zero_prev,4.815216541290283,0.828173816204071,0.24977485835552216,dataset_7_keyframe_4,4.772398471832275
22,3.4265055656433105,4.824314594268799,2.772013431240339e-05,0.05559921637177467,23.18028450012207,zero_prev,4.824314594268799,0.8306640982627869,0.24901239573955536,dataset_7_keyframe_4,4.8152008056640625
23,3.4306373596191406,4.8338847160339355,2.695719558687415e-05,0.05579223856329918,23.25969123840332,zero_prev,4.8338847160339355,0.8352295160293579,0.24791021645069122,dataset_7_keyframe_4,4.82429838180542
24,3.424726724624634,4.825094223022461,2.543131631682627e-05,0.05552419275045395,23.285608291625977,zero_prev,4.825094223022461,0.83697509765625,0.2465595304965973,dataset_7_keyframe_4,4.833869457244873
25,3.4344685077667236,4.841447830200195,2.8991700673941523e-05,0.055971529334783554,23.34103775024414,zero_prev,4.841447830200195,0.8396240472793579,0.2466048300266266,dataset_7_keyframe_4,4.82507848739624
26,3.425265073776245,4.82776403427124,2.924601358245127e-05,0.05564473941922188,23.332536697387695,zero_prev,4.82776403427124,0.8406616449356079,0.24571481347084045,dataset_7_keyframe_4,4.841432094573975
27,3.4234042167663574,4.831435203552246,2.7974447220913135e-05,0.05536855384707451,23.358245849609375,zero_prev,4.831435203552246,0.8411011099815369,0.24474762380123138,dataset_7_keyframe_4,4.8277482986450195
28,3.4238100051879883,4.833313465118408,3.255208503105678e-05,0.05546519160270691,23.36518096923828,zero_prev,4.833313465118408,0.8411499261856079,0.24513021111488342,dataset_7_keyframe_4,4.831418991088867
29,3.4108431339263916,4.8157877922058105,2.7465821403893642e-05,0.05502929911017418,23.293306350708008,zero_prev,4.8157877922058105,0.8395019769668579,0.24399428069591522,dataset_7_keyframe_4,4.833298206329346
30,3.3893556594848633,4.7969069480896,3.229777212254703e-05,0.05449320748448372,23.167112350463867,zero_prev,4.7969069480896,0.829455554485321,0.24266691505908966,dataset_7_keyframe_4,4.815772533416748
31,3.3542659282684326,4.768347263336182,2.6702882678364404e-05,0.05359446629881859,23.02063751220703,zero_prev,4.768347263336182,0.8179687857627869,0.23998169600963593,dataset_7_keyframe_4,4.796891689300537
32,3.324434757232666,4.749104022979736,3.382364957360551e-05,0.05307159572839737,22.948776245117188,zero_prev,4.749104022979736,0.80914306640625,0.23769743740558624,dataset_7_keyframe_4,4.768332004547119
33,3.28706431388855,4.722302436828613,3.611246938817203e-05,0.05230255424976349,22.760658264160156,zero_prev,4.722302436828613,0.797290027141571,0.23531167209148407,dataset_7_keyframe_4,4.749088287353516
34,3.2427985668182373,4.684898853302002,5.213419717620127e-05,0.05141449347138405,22.60816192626953,zero_prev,4.684898853302002,0.787646472454071,0.23174791038036346,dataset_7_keyframe_4,4.722286701202393
35,3.206568717956543,4.6588544845581055,5.2388510084711015e-05,0.05082092434167862,22.45730972290039,zero_prev,4.6588544845581055,0.7773193717002869,0.2289336770772934,dataset_7_keyframe_4,4.684883117675781
36,3.1617870330810547,4.614871501922607,7.324219041038305e-05,0.0497538261115551,22.24950408935547,zero_prev,4.614871501922607,0.769580066204071,0.22589664161205292,dataset_7_keyframe_4,4.658838748931885
37,3.107377052307129,4.5614423751831055,5.8746340073412284e-05,0.048646293580532074,21.99018669128418,zero_prev,4.5614423751831055,0.758471667766571,0.22236083447933197,dataset_7_keyframe_4,4.614855766296387
38,3.0625696182250977,4.520931720733643,7.502238440793008e-05,0.04779408872127533,21.769895553588867,zero_prev,4.520931720733643,0.7506958246231079,0.22002296149730682,dataset_7_keyframe_4,4.561427116394043
39,3.0040249824523926,4.45935583114624,7.146199641283602e-05,0.046432241797447205,21.498674392700195,zero_prev,4.45935583114624,0.7425293326377869,0.2163955271244049,dataset_7_keyframe_4,4.5209174156188965
40,2.932384729385376,4.381490230560303,7.120768714230508e-05,0.044568128883838654,21.15500259399414,zero_prev,4.381490230560303,0.7320801019668579,0.21158604323863983,dataset_7_keyframe_4,4.459341526031494
41,2.8794875144958496,4.329369068145752,7.29878811398521e-05,0.0432739295065403,20.887914657592773,zero_prev,4.329369068145752,0.72320556640625,0.2078929990530014,dataset_7_keyframe_4,4.381476402282715
42,2.809342384338379,4.249815940856934,7.425944204442203e-05,0.04157104715704918,20.535259246826172,zero_prev,4.249815940856934,0.712878406047821,0.20369265973567963,dataset_7_keyframe_4,4.329355716705322
43,2.7451112270355225,4.178354263305664,7.68025784054771e-05,0.04005813971161842,20.180152893066406,zero_prev,4.178354263305664,0.7059326171875,0.2001412957906723,dataset_7_keyframe_4,4.249803066253662
44,2.681264877319336,4.108737945556641,8.138021075865254e-05,0.03857269510626793,19.85382652282715,zero_prev,4.108737945556641,0.696667492389679,0.19658112525939941,dataset_7_keyframe_4,4.178341865539551
45,2.6480801105499268,4.0753607749938965,8.417765639023855e-05,0.03793029859662056,19.713760375976562,zero_prev,4.0753607749938965,0.6926513910293579,0.19516253471374512,dataset_7_keyframe_4,4.108726501464844
46,2.60905122756958,4.029604911804199,7.807413931004703e-05,0.03701934963464737,19.5219783782959,zero_prev,4.029604911804199,0.6885986328125,0.19320571422576904,dataset_7_keyframe_4,4.0753493309021
47,2.574350118637085,3.988896608352661,7.324219041038305e-05,0.03618240728974342,19.331850051879883,zero_prev,3.988896608352661,0.6841675043106079,0.19081555306911469,dataset_7_keyframe_4,4.029593467712402
48,2.5415830612182617,3.951638698577881,7.120768714230508e-05,0.035490673035383224,19.15556526184082,zero_prev,3.951638698577881,0.6805419921875,0.18865898251533508,dataset_7_keyframe_4,3.9888858795166016
49,2.511639356613159,3.9189798831939697,7.146199641283602e-05,0.034557342529296875,19.014589309692383,zero_prev,3.9189798831939697,0.6757446527481079,0.1867932379245758,dataset_7_keyframe_4,3.9516279697418213
50,2.486891508102417,3.895885705947876,6.281535024754703e-05,0.034144848585128784,18.889604568481445,zero_prev,3.895885705947876,0.671801745891571,0.18466944992542267,dataset_7_keyframe_4,3.9189696311950684
51,2.4555323123931885,3.8563568592071533,6.561279587913305e-05,0.033325452357530594,18.72867202758789,zero_prev,3.8563568592071533,0.6689087152481079,0.182949498295784,dataset_7_keyframe_4,3.8958756923675537
52,2.4000306129455566,3.791278600692749,7.019043550826609e-05,0.03168945387005806,18.394433975219727,zero_prev,3.791278600692749,0.6606689691543579,0.1790768951177597,dataset_7_keyframe_4,3.856346607208252
53,2.350802421569824,3.7316606044769287,7.171631295932457e-05,0.030621085315942764,18.11537742614746,zero_prev,3.7316606044769287,0.6529541015625,0.175324484705925,dataset_7_keyframe_4,3.791268825531006
54,2.327544689178467,3.7086822986602783,6.53584866086021e-05,0.03003031574189663,17.982437133789062,zero_prev,3.7086822986602783,0.6494507193565369,0.17442600429058075,dataset_7_keyframe_4,3.7316510677337646
55,2.2751476764678955,3.643355131149292,7.222493877634406e-05,0.028577424585819244,17.70250701904297,zero_prev,3.643355131149292,0.6414551138877869,0.17088381946086884,dataset_7_keyframe_4,3.7086732387542725
56,2.232618570327759,3.5928688049316406,6.790161569369957e-05,0.02757568471133709,17.456989288330078,zero_prev,3.5928688049316406,0.63616943359375,0.1680825799703598,dataset_7_keyframe_4,3.643345832824707
57,2.1978089809417725,3.5505778789520264,8.722941856831312e-05,0.026618195697665215,17.258342742919922,zero_prev,3.5505778789520264,0.63177490234375,0.16575303673744202,dataset_7_keyframe_4,3.592860221862793
58,2.1574854850769043,3.499321699142456,7.527669367846102e-05,0.02558593824505806,17.019283294677734,zero_prev,3.499321699142456,0.6264282464981079,0.16313453018665314,dataset_7_keyframe_4,3.5505692958831787
59,2.136509895324707,3.4761998653411865,6.815592496423051e-05,0.025199128314852715,16.89267921447754,zero_prev,3.4761998653411865,0.623400866985321,0.16151027381420135,dataset_7_keyframe_4,3.4993131160736084
60,2.1052818298339844,3.4347429275512695,7.120768714230508e-05,0.02434692531824112,16.722803115844727,zero_prev,3.4347429275512695,0.619824230670929,0.1594744771718979,dataset_7_keyframe_4,3.476191520690918
61,2.08038067817688,3.402961015701294,6.510417006211355e-05,0.02380778081715107,16.5596981048584,zero_prev,3.402961015701294,0.6166138052940369,0.15813930332660675,dataset_7_keyframe_4,3.434734582901001
62,2.051381826400757,3.366206645965576,7.044474477879703e-05,0.023161062970757484,16.395540237426758,zero_prev,3.366206645965576,0.613330066204071,0.15607881546020508,dataset_7_keyframe_4,3.4029526710510254
63,2.029207229614258,3.3430275917053223,6.103515625e-05,0.022711437195539474,16.278900146484375,zero_prev,3.3430275917053223,0.6082763671875,0.15444207191467285,dataset_7_keyframe_4,3.366198778152466
64,1.9955564737319946,3.300597667694092,6.739298987668008e-05,0.02206064946949482,16.08103370666504,zero_prev,3.300597667694092,0.602795422077179,0.15231472253799438,dataset_7_keyframe_4,3.343019962310791
65,1.9720978736877441,3.2758498191833496,7.222493877634406e-05,0.02171630971133709,15.942541122436523,zero_prev,3.2758498191833496,0.5985962152481079,0.15061362087726593,dataset_7_keyframe_4,3.3005905151367188
66,1.941529393196106,3.237375497817993,6.713867333019152e-05,0.0209935512393713,15.779960632324219,zero_prev,3.237375497817993,0.593273937702179,0.14866603910923004,dataset_7_keyframe_4,3.2758424282073975
67,1.9257160425186157,3.2210493087768555,6.332397606456652e-05,0.02060292661190033,15.674985885620117,zero_prev,3.2210493087768555,0.589428722858429,0.14767014980316162,dataset_7_keyframe_4,3.237368106842041
68,1.9037514925003052,3.190908432006836,7.069906132528558e-05,0.02008107677102089,15.53337574005127,zero_prev,3.190908432006836,0.5875000357627869,0.1465364247560501,dataset_7_keyframe_4,3.2210423946380615
69,1.8880524635314941,3.1711180210113525,6.001790825393982e-05,0.01975199393928051,15.453817367553711,zero_prev,3.1711180210113525,0.5848022699356079,0.14530566334724426,dataset_7_keyframe_4,3.190901517868042
70,1.8789119720458984,3.1615588665008545,6.0526534070959315e-05,0.01954854466021061,15.39567756652832,zero_prev,3.1615588665008545,0.5839599967002869,0.1446084976196289,dataset_7_keyframe_4,3.1711111068725586
71,1.848408818244934,3.1167714595794678,8.036295912461355e-05,0.01874389685690403,15.208152770996094,zero_prev,3.1167714595794678,0.5807129144668579,0.14245672523975372,dataset_7_keyframe_4,3.1615517139434814
72,1.8356530666351318,3.1005780696868896,6.128947279648855e-05,0.01850077323615551,15.116072654724121,zero_prev,3.1005780696868896,0.5809082388877869,0.14153361320495605,dataset_7_keyframe_4,3.116764783859253
73,1.8094240427017212,3.0592570304870605,6.53584866086021e-05,0.01770172268152237,14.943360328674316,zero_prev,3.0592570304870605,0.5790771842002869,0.13996346294879913,dataset_7_keyframe_4,3.100571870803833
74,1.785686731338501,3.026562213897705,6.891886732773855e-05,0.017142996191978455,14.771610260009766,zero_prev,3.026562213897705,0.577380359172821,0.13870593905448914,dataset_7_keyframe_4,3.059250593185425
75,1.77171790599823,3.007969617843628,8.087158494163305e-05,0.016739146783947945,14.703195571899414,zero_prev,3.007969617843628,0.57550048828125,0.13788306713104248,dataset_7_keyframe_4,3.0265562534332275
76,1.7559196949005127,2.9873557090759277,7.781983003951609e-05,0.01648356206715107,14.590356826782227,zero_prev,2.9873557090759277,0.573559582233429,0.13685084879398346,dataset_7_keyframe_4,3.0079636573791504
77,1.7207202911376953,2.934583902359009,7.044474477879703e-05,0.015503184869885445,14.378629684448242,zero_prev,2.934583902359009,0.5697998404502869,0.13423281908035278,dataset_7_keyframe_4,2.9873499870300293
78,1.7151707410812378,2.9306440353393555,7.095337059581652e-05,0.015517680905759335,14.323874473571777,zero_prev,2.9306440353393555,0.569018542766571,0.13382644951343536,dataset_7_keyframe_4,2.9345781803131104
79,1.688293695449829,2.892331123352051,6.764729914721102e-05,0.01489028986543417,14.170997619628906,zero_prev,2.892331123352051,0.565417468547821,0.131844624876976,dataset_7_keyframe_4,2.930638313293457
80,1.6495901346206665,2.84013032913208,6.790161569369957e-05,0.013926188461482525,13.922642707824707,zero_prev,2.84013032913208,0.559374988079071,0.12911884486675262,dataset_7_keyframe_4,2.8923254013061523
81,1.636519193649292,2.8251664638519287,7.756551349302754e-05,0.01379064004868269,13.82916259765625,zero_prev,2.8251664638519287,0.555773913860321,0.12834906578063965,dataset_7_keyframe_4,2.8401248455047607
82,1.6202540397644043,2.8038814067840576,7.019043550826609e-05,0.013343811966478825,13.727734565734863,zero_prev,2.8038814067840576,0.5524658560752869,0.12699900567531586,dataset_7_keyframe_4,2.8251609802246094
83,1.586865782737732,2.7595324516296387,6.815592496423051e-05,0.01261596754193306,13.505387306213379,zero_prev,2.7595324516296387,0.5464844107627869,0.12467881292104721,dataset_7_keyframe_4,2.8038761615753174
84,1.5500460863113403,2.712635040283203,7.807413931004703e-05,0.01192957628518343,13.283390998840332,zero_prev,2.712635040283203,0.539379894733429,0.12219422310590744,dataset_7_keyframe_4,2.7595274448394775
85,1.5210676193237305,2.676917552947998,8.290608820971102e-05,0.011454773135483265,13.103777885437012,zero_prev,2.676917552947998,0.53253173828125,0.120114266872406,dataset_7_keyframe_4,2.712630033493042
86,1.4911017417907715,2.640745162963867,7.120768714230508e-05,0.0108858747407794,12.926544189453125,zero_prev,2.640745162963867,0.5254272818565369,0.11790646612644196,dataset_7_keyframe_4,2.676913022994995
87,1.4699809551239014,2.6224217414855957,8.316040475619957e-05,0.0108922328799963,12.825539588928223,zero_prev,2.6224217414855957,0.518322765827179,0.11654849350452423,dataset_7_keyframe_4,2.6407406330108643
88,1.4395816326141357,2.5845768451690674,7.909139094408602e-05,0.01019821222871542,12.652032852172852,zero_prev,2.5845768451690674,0.5109009146690369,0.11421468108892441,dataset_7_keyframe_4,2.622417449951172
89,1.4147275686264038,2.5579898357391357,8.900960528990254e-05,0.01001714076846838,12.515071868896484,zero_prev,2.5579898357391357,0.5022217035293579,0.11248016357421875,dataset_7_keyframe_4,2.5845727920532227
90,1.394781470298767,2.54067325592041,7.705688767600805e-05,0.009920756332576275,12.409293174743652,zero_prev,2.54067325592041,0.49486085772514343,0.11116156727075577,dataset_7_keyframe_4,2.557985544204712
91,1.3623982667922974,2.499559164047241,9.002685692394152e-05,0.00928293913602829,12.230974197387695,zero_prev,2.499559164047241,0.48597413301467896,0.10890324413776398,dataset_7_keyframe_4,2.5406692028045654
92,1.3403726816177368,2.4794280529022217,8.392334711970761e-05,0.00919164065271616,12.098423957824707,zero_prev,2.4794280529022217,0.4776611328125,0.10755244642496109,dataset_7_keyframe_4,2.4995551109313965
93,1.3159412145614624,2.453645944595337,8.519490802427754e-05,0.008861287496984005,11.980996131896973,zero_prev,2.453645944595337,0.4693237245082855,0.10574133694171906,dataset_7_keyframe_4,2.479424238204956
94,1.2841277122497559,2.4123315811157227,6.815592496423051e-05,0.008362325839698315,11.799535751342773,zero_prev,2.4123315811157227,0.46101075410842896,0.10358371585607529,dataset_7_keyframe_4,2.4536423683166504
95,1.266666293144226,2.400742292404175,7.222493877634406e-05,0.00851160753518343,11.70693588256836,zero_prev,2.400742292404175,0.4532470703125,0.10221662372350693,dataset_7_keyframe_4,2.412328004837036
96,1.2356411218643188,2.358370065689087,8.290608820971102e-05,0.007785034365952015,11.542390823364258,zero_prev,2.358370065689087,0.44544678926467896,0.1001705676317215,dataset_7_keyframe_4,2.4007389545440674
97,1.2199450731277466,2.3468778133392334,7.960002403706312e-05,0.00797017477452755,11.456073760986328,zero_prev,2.3468778133392334,0.4380859434604645,0.09906577318906784,dataset_7_keyframe_4,2.3583667278289795
98,1.1864430904388428,2.2971925735473633,7.654826185898855e-05,0.007122294511646032,11.255255699157715,zero_prev,2.2971925735473633,0.43077394366264343,0.09668049216270447,dataset_7_keyframe_4,2.346874237060547
99,1.1808152198791504,2.3012337684631348,6.942749314475805e-05,0.007427724543958902,11.213824272155762,zero_prev,2.3012337684631348,0.4248413145542145,0.09663637727499008,dataset_7_keyframe_4,2.2971889972686768
100,1.1483709812164307,2.251145124435425,7.807413931004703e-05,0.00667470321059227,11.034843444824219,zero_prev,2.251145124435425,0.41865235567092896,0.09422871470451355,dataset_7_keyframe_4,2.3012304306030273
101,1.141297459602356,2.254033327102661,6.866455078125e-05,0.006915283389389515,10.9821195602417,zero_prev,2.254033327102661,0.41179201006889343,0.09382068365812302,dataset_7_keyframe_4,2.2511417865753174
102,1.1107956171035767,2.206022262573242,7.120768714230508e-05,0.006342570297420025,10.806009292602539,zero_prev,2.206022262573242,0.4054931700229645,0.09167026728391647,dataset_7_keyframe_4,2.2540299892425537
103,1.1018270254135132,2.206008195877075,6.510417006211355e-05,0.006522878538817167,10.73784065246582,zero_prev,2.206008195877075,0.39813232421875,0.09092386066913605,dataset_7_keyframe_4,2.2060189247131348
104,1.0754324197769165,2.1677465438842773,5.6711836805334315e-05,0.0060513815842568874,10.608156204223633,zero_prev,2.1677465438842773,0.39228516817092896,0.08903112262487411,dataset_7_keyframe_4,2.2060048580169678
105,1.0496368408203125,2.128950357437134,6.408691842807457e-05,0.00551528949290514,10.417826652526855,zero_prev,2.128950357437134,0.38557130098342896,0.08747188001871109,dataset_7_keyframe_4,2.167743444442749
106,1.0423614978790283,2.129683017730713,6.15437893429771e-05,0.005702972877770662,10.387535095214844,zero_prev,2.129683017730713,0.38035890460014343,0.08677311986684799,dataset_7_keyframe_4,2.1289470195770264
107,1.0113292932510376,2.0789501667022705,6.103515625e-05,0.005077362526208162,10.189226150512695,zero_prev,2.0789501667022705,0.3744140565395355,0.08448266237974167,dataset_7_keyframe_4,2.1296799182891846
108,1.0065478086471558,2.0841023921966553,6.637573824264109e-05,0.00532506313174963,10.144726753234863,zero_prev,2.0841023921966553,0.36811524629592896,0.08435269445180893,dataset_7_keyframe_4,2.0789473056793213
109,0.9847328662872314,2.0517935752868652,6.230672443052754e-05,0.0049680075608193874,10.02810001373291,zero_prev,2.0517935752868652,0.36201173067092896,0.08291300386190414,dataset_7_keyframe_4,2.084099531173706
110,0.9717312455177307,2.041630744934082,6.001790825393982e-05,0.005091095343232155,9.950376510620117,zero_prev,2.041630744934082,0.3550048768520355,0.08183165639638901,dataset_7_keyframe_4,2.051790475845337
111,0.961256206035614,2.0372142791748047,6.230672443052754e-05,0.0051930746994912624,9.920133590698242,zero_prev,2.0372142791748047,0.34825441241264343,0.0809640884399414,dataset_7_keyframe_4,2.041627883911133
112,0.9338778853416443,1.9938595294952393,5.645752389682457e-05,0.0046669007278978825,9.745185852050781,zero_prev,1.9938595294952393,0.34147951006889343,0.0790528878569603,dataset_7_keyframe_4,2.0372114181518555
113,0.9362410306930542,2.0190846920013428,6.993611896177754e-05,0.005298614967614412,9.786959648132324,zero_prev,2.0190846920013428,0.33503419160842896,0.07936166971921921,dataset_7_keyframe_4,1.99385666847229
114,0.910287082195282,1.9800437688827515,5.925496589043178e-05,0.00486602820456028,9.6756591796875,zero_prev,1.9800437688827515,0.32740479707717896,0.07737940549850464,dataset_7_keyframe_4,2.0190820693969727
115,0.8982863426208496,1.97117280960083,5.9763595345430076e-05,0.0050712586380541325,9.592772483825684,zero_prev,1.97117280960083,0.32042238116264343,0.07655896991491318,dataset_7_keyframe_4,1.9800410270690918
116,0.8906579613685608,1.970900535583496,5.594889444182627e-05,0.005261230748146772,9.585220336914062,zero_prev,1.970900535583496,0.31451416015625,0.07607217878103256,dataset_7_keyframe_4,1.9711699485778809
117,0.8711653351783752,1.9370355606079102,5.594889444182627e-05,0.00482915248721838,9.485161781311035,zero_prev,1.9370355606079102,0.3112548887729645,0.074794240295887,dataset_7_keyframe_4,1.9708977937698364
118,0.8666932582855225,1.9331378936767578,4.933675518259406e-05,0.00492070522159338,9.42430591583252,zero_prev,1.9331378936767578,0.30816650390625,0.0747143030166626,dataset_7_keyframe_4,1.93703293800354
119,0.8629553914070129,1.93451726436615,5.137125845067203e-05,0.004959615413099527,9.428478240966797,zero_prev,1.93451726436615,0.30512696504592896,0.07434698939323425,dataset_7_keyframe_4,1.9331352710723877
120,0.8533996939659119,1.9256497621536255,5.722046262235381e-05,0.005069733131676912,9.368569374084473,zero_prev,1.9256497621536255,0.2997802793979645,0.07357992976903915,dataset_7_keyframe_4,1.9345145225524902
121,0.8334315419197083,1.8941383361816406,4.323323810240254e-05,0.0046785990707576275,9.235422134399414,zero_prev,1.8941383361816406,0.2937866151332855,0.07215338200330734,dataset_7_keyframe_4,1.9256471395492554
122,0.8301491737365723,1.896153450012207,4.374186391942203e-05,0.0048843384720385075,9.233515739440918,zero_prev,1.896153450012207,0.2907470762729645,0.0720083937048912,dataset_7_keyframe_4,1.8941357135772705
123,0.8269208073616028,1.897547721862793,5.086263263365254e-05,0.00493443850427866,9.232447624206543,zero_prev,1.897547721862793,0.2881713807582855,0.07189783453941345,dataset_7_keyframe_4,1.8961507081985474
124,0.813703715801239,1.8738957643508911,4.4759115553461015e-05,0.004748789593577385,9.156645774841309,zero_prev,1.8738957643508911,0.2849365174770355,0.07065501064062119,dataset_7_keyframe_4,1.8975450992584229
125,0.8102155327796936,1.8771311044692993,5.467732989927754e-05,0.00498784426599741,9.109111785888672,zero_prev,1.8771311044692993,0.2802978456020355,0.07043462246656418,dataset_7_keyframe_4,1.8738930225372314
126,0.8107035756111145,1.8837964534759521,4.603068373398855e-05,0.005085500422865152,9.154718399047852,zero_prev,1.8837964534759521,0.2777954041957855,0.07079943269491196,dataset_7_keyframe_4,1.8771283626556396
127,0.8050159811973572,1.8779877424240112,4.9082442274084315e-05,0.00505752582103014,9.140424728393555,zero_prev,1.8779877424240112,0.2761596739292145,0.07019147276878357,dataset_7_keyframe_4,1.883793592453003
0,3.000537157058716,4.5841064453125,2.5685629225336015e-05,0.039777375757694244,26.260751724243164,all_reliable,4.5841064453125,1.0,0.28115561604499817,dataset_7_keyframe_4,0.0
1,2.9959568977355957,4.648962020874023,6.53584866086021e-05,0.03821258619427681,26.179407119750977,all_reliable,4.648962020874023,1.0,0.2734306752681732,dataset_7_keyframe_4,4.4840779304504395
2,2.997598648071289,4.632304668426514,6.179809861350805e-05,0.038596346974372864,26.294742584228516,all_reliable,4.632304668426514,1.0,0.27302634716033936,dataset_7_keyframe_4,4.58146333694458
3,3.0049233436584473,4.6457977294921875,5.264282663119957e-05,0.038653820753097534,26.357637405395508,all_reliable,4.6457977294921875,1.0,0.2728719413280487,dataset_7_keyframe_4,4.554719924926758
4,3.0173656940460205,4.6644086837768555,5.39143911737483e-05,0.03902639076113701,26.450101852416992,all_reliable,4.6644086837768555,1.0,0.274032324552536,dataset_7_keyframe_4,4.565157890319824
5,3.030313730239868,4.683628082275391,5.00996939081233e-05,0.03923746943473816,26.571516036987305,all_reliable,4.683628082275391,1.0,0.274389386177063,dataset_7_keyframe_4,4.580427646636963
6,3.039839744567871,4.696633338928223,5.442301699076779e-05,0.03927561640739441,26.661893844604492,all_reliable,4.696633338928223,1.0,0.27434247732162476,dataset_7_keyframe_4,4.5915679931640625
7,3.0601439476013184,4.726415157318115,4.8573812819086015e-05,0.03986206278204918,26.816211700439453,all_reliable,4.726415157318115,1.0,0.27480578422546387,dataset_7_keyframe_4,4.615870952606201
8,3.0850164890289307,4.763319969177246,3.86556021112483e-05,0.04051590338349342,27.003620147705078,all_reliable,4.763319969177246,1.0,0.27669382095336914,dataset_7_keyframe_4,4.636066436767578
9,3.09944224357605,4.782676696777344,6.281535024754703e-05,0.040398407727479935,27.156784057617188,all_reliable,4.782676696777344,1.0,0.2766927182674408,dataset_7_keyframe_4,4.6729960441589355
10,3.1207683086395264,4.814267635345459,3.560384357115254e-05,0.041006725281476974,27.33677101135254,all_reliable,4.814267635345459,1.0,0.2765439450740814,dataset_7_keyframe_4,4.684147357940674
11,3.142076253890991,4.843746662139893,3.840128920273855e-05,0.04146932065486908,27.494667053222656,all_reliable,4.843746662139893,1.0,0.27703845500946045,dataset_7_keyframe_4,4.719400405883789
12,3.1592607498168945,4.871222019195557,4.119873119634576e-05,0.041661836206912994,27.661991119384766,all_reliable,4.871222019195557,1.0,0.2767259180545807,dataset_7_keyframe_4,4.735019683837891
13,3.180025577545166,4.899932861328125,3.7892659747740254e-05,0.04238942638039589,27.817195892333984,all_reliable,4.899932861328125,1.0,0.2775150239467621,dataset_7_keyframe_4,4.763965129852295
14,3.195004463195801,4.923645496368408,3.458659193711355e-05,0.04277318716049194,27.97087287902832,all_reliable,4.923645496368408,1.0,0.2772081792354584,dataset_7_keyframe_4,4.789224624633789
15,3.211712598800659,4.947591781616211,3.662109520519152e-05,0.04302927851676941,28.104103088378906,all_reliable,4.947591781616211,1.0,0.27699407935142517,dataset_7_keyframe_4,4.804634094238281
16,3.229316473007202,4.9733428955078125,3.10262075799983e-05,0.04358520731329918,28.216201782226562,all_reliable,4.9733428955078125,1.0,0.2780783772468567,dataset_7_keyframe_4,4.825324535369873
17,3.248623847961426,5.001595973968506,3.1280520488508046e-05,0.044068656861782074,28.37179946899414,all_reliable,5.001595973968506,1.0,0.2783125042915344,dataset_7_keyframe_4,4.852853775024414
18,3.264894723892212,5.023988246917725,2.7465821403893642e-05,0.04436442255973816,28.494308471679688,all_reliable,5.023988246917725,1.0,0.2787526249885559,dataset_7_keyframe_4,4.865217208862305
19,3.2828166484832764,5.051254749298096,2.543131631682627e-05,0.04487050697207451,28.6578426361084,all_reliable,5.051254749298096,1.0,0.2790828049182892,dataset_7_keyframe_4,4.885250568389893
20,3.3026719093322754,5.0834736824035645,2.772013431240339e-05,0.045456696301698685,28.801252365112305,all_reliable,5.0834736824035645,1.0,0.27977949380874634,dataset_7_keyframe_4,4.8901686668396
21,3.336771011352539,5.133343696594238,2.772013431240339e-05,0.04627634957432747,29.079917907714844,all_reliable,5.133343696594238,1.0,0.2818971574306488,dataset_7_keyframe_4,4.942842483520508
22,3.3425183296203613,5.144969940185547,2.975463939947076e-05,0.04630483314394951,29.143596649169922,all_reliable,5.144969940185547,1.0,0.28370019793510437,dataset_7_keyframe_4,4.9594645500183105
23,3.348482131958008,5.153753757476807,3.356933666509576e-05,0.04645920172333717,29.162723541259766,all_reliable,5.153753757476807,1.0,0.28537777066230774,dataset_7_keyframe_4,4.91997766494751
24,3.3512511253356934,5.158105850219727,3.229777212254703e-05,0.04629669338464737,29.260021209716797,all_reliable,5.158105850219727,1.0,0.28536614775657654,dataset_7_keyframe_4,4.957353115081787
25,3.3494482040405273,5.16044807434082,2.7211508495383896e-05,0.04643046483397484,29.165424346923828,all_reliable,5.16044807434082,1.0,0.2880006432533264,dataset_7_keyframe_4,4.9182963371276855
26,3.352085590362549,5.160029411315918,3.000895412696991e-05,0.04609222710132599,29.233867645263672,all_reliable,5.160029411315918,1.0,0.28659993410110474,dataset_7_keyframe_4,4.945511341094971
27,3.3583569526672363,5.171473979949951,2.7974447220913135e-05,0.0460662879049778,29.305938720703125,all_reliable,5.171473979949951,1.0,0.28680282831192017,dataset_7_keyframe_4,4.960446834564209
28,3.363999128341675,5.178282260894775,3.10262075799983e-05,0.04623057320713997,29.339771270751953,all_reliable,5.178282260894775,1.0,0.2875771224498749,dataset_7_keyframe_4,4.976122856140137
29,3.374039888381958,5.191036224365234,2.772013431240339e-05,0.046081800013780594,29.529870986938477,all_reliable,5.191036224365234,1.0,0.2841556966304779,dataset_7_keyframe_4,5.044674396514893
30,3.3312125205993652,5.14684534072876,3.840128920273855e-05,0.04522959515452385,29.19901466369629,all_reliable,5.14684534072876,1.0,0.2840641140937805,dataset_7_keyframe_4,4.99418830871582
31,3.293848991394043,5.117202281951904,4.24702993768733e-05,0.044671885669231415,28.992416381835938,all_reliable,5.117202281951904,1.0,0.27951574325561523,dataset_7_keyframe_4,4.965592861175537
32,3.2574350833892822,5.084437847137451,4.170736065134406e-05,0.04396922141313553,28.847196578979492,all_reliable,5.084437847137451,1.0,0.275393009185791,dataset_7_keyframe_4,4.931360721588135
33,3.204881429672241,5.034070014953613,4.297892519389279e-05,0.043305207043886185,28.527957916259766,all_reliable,5.034070014953613,1.0,0.2723168730735779,dataset_7_keyframe_4,4.867026329040527
34,3.165350914001465,4.992713928222656,4.959106809110381e-05,0.042434439063072205,28.39720916748047,all_reliable,4.992713928222656,1.0,0.2669619917869568,dataset_7_keyframe_4,4.845451354980469
35,3.1161444187164307,4.944150924682617,5.340576535672881e-05,0.04178110882639885,28.05221939086914,all_reliable,4.944150924682617,1.0,0.264723539352417,dataset_7_keyframe_4,4.7563676834106445
36,3.0849218368530273,4.916155815124512,5.340576535672881e-05,0.04152298346161842,27.87641143798828,all_reliable,4.916155815124512,1.0,0.2615310847759247,dataset_7_keyframe_4,4.741542339324951
37,3.0390615463256836,4.869281768798828,4.984538099961355e-05,0.040547437965869904,27.683021545410156,all_reliable,4.869281768798828,1.0,0.25508806109428406,dataset_7_keyframe_4,4.737074375152588
38,2.9861981868743896,4.817942142486572,4.882812936557457e-05,0.03993174433708191,27.320568084716797,all_reliable,4.817942142486572,1.0,0.2542237937450409,dataset_7_keyframe_4,4.657355785369873
39,2.937354803085327,4.768333435058594,6.510417006211355e-05,0.03920440748333931,27.03968048095703,all_reliable,4.768333435058594,1.0,0.2510417103767395,dataset_7_keyframe_4,4.61992073059082
40,2.8721113204956055,4.6923136711120605,6.357829261105508e-05,0.03799057379364967,26.686412811279297,all_reliable,4.6923136711120605,1.0,0.24452157318592072,dataset_7_keyframe_4,4.571771144866943
41,2.8232815265655518,4.64179801940918,5.39143911737483e-05,0.037292227149009705,26.326383590698242,all_reliable,4.64179801940918,1.0,0.242303729057312,dataset_7_keyframe_4,4.5048909187316895
42,2.755619525909424,4.565876007080078,5.900065298192203e-05,0.036225128918886185,25.869104385375977,all_reliable,4.565876007080078,1.0,0.23735594749450684,dataset_7_keyframe_4,4.4450860023498535
43,2.6955456733703613,4.496554374694824,5.900065298192203e-05,0.03524475172162056,25.49559211730957,all_reliable,4.496554374694824,1.0,0.23299656808376312,dataset_7_keyframe_4,4.387521743774414
44,2.634469509124756,4.428437232971191,6.256104097701609e-05,0.03421224281191826,25.110836029052734,all_reliable,4.428437232971191,1.0,0.22940734028816223,dataset_7_keyframe_4,4.32121467590332
45,2.6039140224456787,4.398489952087402,9.663899982115254e-05,0.03393605723977089,24.889341354370117,all_reliable,4.398489952087402,1.0,0.2288898527622223,dataset_7_keyframe_4,4.26765251159668
46,2.5771849155426025,4.36694860458374,6.179809861350805e-05,0.033477529883384705,24.72898292541504,all_reliable,4.36694860458374,1.0,0.22683759033679962,dataset_7_keyframe_4,4.254827976226807
47,2.5358328819274902,4.313773155212402,7.629395258845761e-05,0.032707471400499344,24.4803524017334,all_reliable,4.313773155212402,1.0,0.22316770255565643,dataset_7_keyframe_4,4.207903861999512
48,2.5027971267700195,4.277263164520264,7.324219041038305e-05,0.032400768250226974,24.26921272277832,all_reliable,4.277263164520264,1.0,0.2211541384458542,dataset_7_keyframe_4,4.162232875823975
49,2.4793028831481934,4.249284267425537,7.451375859091058e-05,0.03182678297162056,24.105852127075195,all_reliable,4.249284267425537,1.0,0.21924033761024475,dataset_7_keyframe_4,4.137029647827148
50,2.4581072330474854,4.231675624847412,8.290608820971102e-05,0.03166859969496727,23.97458267211914,all_reliable,4.231675624847412,1.0,0.21750931441783905,dataset_7_keyframe_4,4.1231231689453125
51,2.436728000640869,4.204657554626465,7.476806786144152e-05,0.031345877796411514,23.814088821411133,all_reliable,4.204657554626465,1.0,0.21664462983608246,dataset_7_keyframe_4,4.109650135040283
52,2.3823931217193604,4.135269641876221,6.866455078125e-05,0.0304819755256176,23.41912078857422,all_reliable,4.135269641876221,1.0,0.21195264160633087,dataset_7_keyframe_4,4.054296970367432
53,2.331559419631958,4.069477558135986,7.044474477879703e-05,0.029715221375226974,23.056306838989258,all_reliable,4.069477558135986,1.0,0.20776621997356415,dataset_7_keyframe_4,3.9893476963043213
54,2.3015758991241455,4.0362443923950195,8.087158494163305e-05,0.029356639832258224,22.881927490234375,all_reliable,4.0362443923950195,1.0,0.20488600432872772,dataset_7_keyframe_4,3.9534120559692383
55,2.2537097930908203,3.9757447242736816,6.230672443052754e-05,0.02860463596880436,22.505901336669922,all_reliable,3.9757447242736816,1.0,0.20081590116024017,dataset_7_keyframe_4,3.8992626667022705
56,2.2161102294921875,3.930896759033203,7.654826185898855e-05,0.02816162258386612,22.21642303466797,all_reliable,3.930896759033203,1.0,0.19826923310756683,dataset_7_keyframe_4,3.850675582885742
57,2.188253879547119,3.893272638320923,8.11259014881216e-05,0.02774048037827015,21.975610733032227,all_reliable,3.893272638320923,1.0,0.19671615958213806,dataset_7_keyframe_4,3.812129497528076
58,2.1462621688842773,3.834439992904663,6.53584866086021e-05,0.02715708501636982,21.681011199951172,all_reliable,3.834439992904663,1.0,0.1929769366979599,dataset_7_keyframe_4,3.771792411804199
59,2.1233973503112793,3.807346820831299,6.0526534070959315e-05,0.02684580534696579,21.521133422851562,all_reliable,3.807346820831299,1.0,0.19178858399391174,dataset_7_keyframe_4,3.7256882190704346
60,2.0975072383880615,3.772470712661743,7.146199641283602e-05,0.02638244815170765,21.350656509399414,all_reliable,3.772470712661743,1.0,0.1893036663532257,dataset_7_keyframe_4,3.7117249965667725
61,2.072786331176758,3.7402827739715576,6.96818096912466e-05,0.026080070063471794,21.159822463989258,all_reliable,3.7402827739715576,1.0,0.1874123513698578,dataset_7_keyframe_4,3.676414728164673
62,2.042171001434326,3.6971638202667236,8.06172756711021e-05,0.02568664774298668,20.92976188659668,all_reliable,3.6971638202667236,1.0,0.18449583649635315,dataset_7_keyframe_4,3.6355504989624023
63,2.01821231842041,3.6712498664855957,7.883708167355508e-05,0.02531077153980732,20.77839469909668,all_reliable,3.6712498664855957,1.0,0.18260277807712555,dataset_7_keyframe_4,3.603459119796753
64,1.9837833642959595,3.6235103607177734,0.00010197958181379363,0.02481943927705288,20.56100845336914,all_reliable,3.6235103607177734,1.0,0.17881327867507935,dataset_7_keyframe_4,3.5714271068573
65,1.9585425853729248,3.5963432788848877,0.00011825562251033261,0.02460022084414959,20.360754013061523,all_reliable,3.5963432788848877,1.0,0.17793408036231995,dataset_7_keyframe_4,3.528146743774414
66,1.9296919107437134,3.555999279022217,7.883708167355508e-05,0.024151867255568504,20.17574691772461,all_reliable,3.555999279022217,1.0,0.1755114495754242,dataset_7_keyframe_4,3.493582248687744
67,1.9167782068252563,3.540353775024414,6.764729914721102e-05,0.024108633399009705,20.0515079498291,all_reliable,3.540353775024414,1.0,0.17510971426963806,dataset_7_keyframe_4,3.4624688625335693
68,1.897672414779663,3.514228582382202,6.91731838742271e-05,0.023663077503442764,19.897493362426758,all_reliable,3.514228582382202,1.0,0.17363391816616058,dataset_7_keyframe_4,3.450676441192627
69,1.882904052734375,3.494619131088257,6.815592496423051e-05,0.023498281836509705,19.80902862548828,all_reliable,3.494619131088257,1.0,0.17161481082439423,dataset_7_keyframe_4,3.4306752681732178
70,1.8729571104049683,3.4826343059539795,0.00011901855759788305,0.02351888082921505,19.654603958129883,all_reliable,3.4826343059539795,1.0,0.1727263331413269,dataset_7_keyframe_4,3.398099660873413
71,1.845093846321106,3.4392619132995605,8.850097947288305e-05,0.022767893970012665,19.519941329956055,all_reliable,3.4392619132995605,1.0,0.16874171793460846,dataset_7_keyframe_4,3.3937156200408936
72,1.8333771228790283,3.4266977310180664,7.171631295932457e-05,0.02311045490205288,19.328454971313477,all_reliable,3.4266977310180664,1.0,0.16861169040203094,dataset_7_keyframe_4,3.353286027908325
73,1.8076612949371338,3.385434627532959,7.934570749057457e-05,0.02211608923971653,19.165218353271484,all_reliable,3.385434627532959,1.0,0.16647350788116455,dataset_7_keyframe_4,3.3342885971069336
74,1.7820765972137451,3.3473634719848633,8.773804438533261e-05,0.02184956893324852,18.942874908447266,all_reliable,3.3473634719848633,1.0,0.16428379714488983,dataset_7_keyframe_4,3.293905019760132
75,1.7683541774749756,3.3300516605377197,8.163452730514109e-05,0.021816764026880264,18.837594985961914,all_reliable,3.3300516605377197,1.0,0.16420693695545197,dataset_7_keyframe_4,3.264730930328369
76,1.7521228790283203,3.3068642616271973,8.672078547533602e-05,0.02150014415383339,18.718915939331055,all_reliable,3.3068642616271973,1.0,0.162433460354805,dataset_7_keyframe_4,3.2516629695892334
77,1.726283073425293,3.2671358585357666,8.697510202182457e-05,0.02078247256577015,18.492103576660156,all_reliable,3.2671358585357666,1.0,0.1598121076822281,dataset_7_keyframe_4,3.2207517623901367
78,1.7183125019073486,3.257786273956299,9.867351036518812e-05,0.02094065397977829,18.402677536010742,all_reliable,3.257786273956299,1.0,0.16017836332321167,dataset_7_keyframe_4,3.2005844116210938
79,1.6927132606506348,3.220069646835327,0.00012563070049509406,0.02032013051211834,18.246129989624023,all_reliable,3.220069646835327,1.0,0.15735729038715363,dataset_7_keyframe_4,3.187098979949951
80,1.656338095664978,3.1676595211029053,0.0001001993878162466,0.019559480249881744,17.955520629882812,all_reliable,3.1676595211029053,1.0,0.15338745713233948,dataset_7_keyframe_4,3.142080068588257
81,1.639966368675232,3.1451756954193115,8.672078547533602e-05,0.01953531987965107,17.799665451049805,all_reliable,3.1451756954193115,1.0,0.15301655232906342,dataset_7_keyframe_4,3.1015431880950928
82,1.623766303062439,3.1209115982055664,9.307861910201609e-05,0.019148001447319984,17.668102264404297,all_reliable,3.1209115982055664,1.0,0.15126971900463104,dataset_7_keyframe_4,3.081705331802368
83,1.586402416229248,3.069084405899048,9.613037400413305e-05,0.01844635047018528,17.384231567382812,all_reliable,3.069084405899048,1.0,0.1484568864107132,dataset_7_keyframe_4,3.033682107925415
84,1.549790620803833,3.0195274353027344,0.00010299683344783261,0.017789460718631744,17.11673355102539,all_reliable,3.0195274353027344,1.0,0.14491452276706696,dataset_7_keyframe_4,2.9899628162384033
85,1.5257118940353394,2.988661050796509,9.994507126975805e-05,0.01750539243221283,16.913314819335938,all_reliable,2.988661050796509,1.0,0.14340291917324066,dataset_7_keyframe_4,2.955528497695923
86,1.4936896562576294,2.9466443061828613,0.00010604858834994957,0.016889700666069984,16.702543258666992,all_reliable,2.9466443061828613,1.0,0.1403423398733139,dataset_7_keyframe_4,2.924402952194214
87,1.4710882902145386,2.922668218612671,0.0001373291015625,0.01680959202349186,16.53753662109375,all_reliable,2.922668218612671,1.0,0.13930253684520721,dataset_7_keyframe_4,2.8848273754119873
88,1.4426794052124023,2.88521146774292,0.00010910035052802414,0.016186270862817764,16.35304069519043,all_reliable,2.88521146774292,1.0,0.1363966315984726,dataset_7_keyframe_4,2.863346815109253
89,1.4155821800231934,2.852313995361328,0.00011469523451523855,0.01588643528521061,16.159940719604492,all_reliable,2.852313995361328,1.0,0.13437631726264954,dataset_7_keyframe_4,2.8217098712921143
90,1.395453691482544,2.83134388923645,8.519490802427754e-05,0.015626272186636925,16.008716583251953,all_reliable,2.83134388923645,1.0,0.13292856514453888,dataset_7_keyframe_4,2.7960221767425537
91,1.365133285522461,2.791551351547241,8.087158494163305e-05,0.015006002970039845,15.83719253540039,all_reliable,2.791551351547241,1.0,0.12958145141601562,dataset_7_keyframe_4,2.7775661945343018
92,1.3411073684692383,2.76464581489563,9.307861910201609e-05,0.014884949661791325,15.642885208129883,all_reliable,2.76464581489563,1.0,0.12802211940288544,dataset_7_keyframe_4,2.7359933853149414
93,1.313246488571167,2.73227858543396,7.832845585653558e-05,0.014632416889071465,15.445515632629395,all_reliable,2.73227858543396,1.0,0.1262976974248886,dataset_7_keyframe_4,2.6929423809051514
94,1.285984992980957,2.693943738937378,8.519490802427754e-05,0.014008586294949055,15.267037391662598,all_reliable,2.693943738937378,1.0,0.12339168041944504,dataset_7_keyframe_4,2.6716606616973877
95,1.2626768350601196,2.671975612640381,6.764729914721102e-05,0.01405105646699667,15.080607414245605,all_reliable,2.671975612640381,1.0,0.12230511009693146,dataset_7_keyframe_4,2.624119520187378
96,1.2358007431030273,2.632836103439331,8.82466702023521e-05,0.01328633725643158,14.907642364501953,all_reliable,2.632836103439331,1.0,0.11931922286748886,dataset_7_keyframe_4,2.6040964126586914
97,1.2187093496322632,2.617603063583374,6.866455078125e-05,0.01349461916834116,14.766350746154785,all_reliable,2.617603063583374,1.0,0.11853541433811188,dataset_7_keyframe_4,2.5673635005950928
98,1.1891252994537354,2.567991256713867,7.807413931004703e-05,0.01251729391515255,14.560455322265625,all_reliable,2.567991256713867,1.0,0.11510918289422989,dataset_7_keyframe_4,2.5510313510894775
99,1.1781662702560425,2.5630099773406982,7.476806786144152e-05,0.013061015866696835,14.419819831848145,all_reliable,2.5630099773406982,1.0,0.11534769833087921,dataset_7_keyframe_4,2.501150608062744
100,1.1522797346115112,2.5189409255981445,7.781983003951609e-05,0.01205291785299778,14.273763656616211,all_reliable,2.5189409255981445,1.0,0.1117609515786171,dataset_7_keyframe_4,2.504596471786499
101,1.1391276121139526,2.5105957984924316,7.578531949548051e-05,0.012511699460446835,14.141180992126465,all_reliable,2.5105957984924316,1.0,0.11117517948150635,dataset_7_keyframe_4,2.4617080688476562
102,1.1155461072921753,2.470921754837036,9.155274165095761e-05,0.011620331555604935,13.993033409118652,all_reliable,2.470921754837036,1.0,0.10822661966085434,dataset_7_keyframe_4,2.461892604827881
103,1.0970302820205688,2.4537670612335205,8.239746239269152e-05,0.011908977292478085,13.857400894165039,all_reliable,2.4537670612335205,1.0,0.10675644874572754,dataset_7_keyframe_4,2.4234235286712646
104,1.0796207189559937,2.4295167922973633,8.773804438533261e-05,0.011385600082576275,13.705159187316895,all_reliable,2.4295167922973633,1.0,0.10549070686101913,dataset_7_keyframe_4,2.4010977745056152
105,1.0522174835205078,2.3850033283233643,0.00010325114271836355,0.01075668353587389,13.494611740112305,all_reliable,2.3850033283233643,1.0,0.10252492874860764,dataset_7_keyframe_4,2.3790948390960693
106,1.0421016216278076,2.3791377544403076,7.654826185898855e-05,0.01120681781321764,13.376269340515137,all_reliable,2.3791377544403076,1.0,0.10267988592386246,dataset_7_keyframe_4,2.3328399658203125
107,1.0150132179260254,2.330127716064453,9.58760647336021e-05,0.010163117200136185,13.21035099029541,all_reliable,2.330127716064453,1.0,0.09908212721347809,dataset_7_keyframe_4,2.3295514583587646
108,1.0024118423461914,2.3201403617858887,8.341472130268812e-05,0.010643514804542065,13.07248592376709,all_reliable,2.3201403617858887,1.0,0.09906567633152008,dataset_7_keyframe_4,2.280097723007202
109,0.9854961633682251,2.2943437099456787,8.138021075865254e-05,0.010119629092514515,12.962231636047363,all_reliable,2.2943437099456787,1.0,0.09729690849781036,dataset_7_keyframe_4,2.2735002040863037
110,0.9662313461303711,2.270671844482422,8.010864985408261e-05,0.009982299990952015,12.837945938110352,all_reliable,2.270671844482422,1.0,0.09537052363157272,dataset_7_keyframe_4,2.2429137229919434
111,0.9559729695320129,2.2647340297698975,8.138021075865254e-05,0.010249328799545765,12.755969047546387,all_reliable,2.2647340297698975,1.0,0.095037080347538,dataset_7_keyframe_4,2.2172014713287354
112,0.9352201819419861,2.230801582336426,8.44319729367271e-05,0.009385427460074425,12.65847396850586,all_reliable,2.230801582336426,1.0,0.09198601543903351,dataset_7_keyframe_4,2.2279748916625977
113,0.9276334643363953,2.2371163368225098,6.357829261105508e-05,0.010134125128388405,12.564874649047852,all_reliable,2.2371163368225098,1.0,0.09297581017017365,dataset_7_keyframe_4,2.178403854370117
114,0.9084008932113647,2.2097997665405273,8.570353384129703e-05,0.00939814280718565,12.497644424438477,all_reliable,2.2097997665405273,1.0,0.09053283929824829,dataset_7_keyframe_4,2.1860225200653076
115,0.8944579362869263,2.193174362182617,7.324219041038305e-05,0.00947240274399519,12.37560749053955,all_reliable,2.193174362182617,1.0,0.08933772891759872,dataset_7_keyframe_4,2.158679962158203
116,0.8879434466362,2.194458484649658,5.849202716490254e-05,0.00966618862003088,12.324983596801758,all_reliable,2.194458484649658,1.0,0.08961445838212967,dataset_7_keyframe_4,2.1398420333862305
117,0.8733941316604614,2.1680705547332764,5.187988426769152e-05,0.009011587128043175,12.271659851074219,all_reliable,2.1680705547332764,1.0,0.08720768988132477,dataset_7_keyframe_4,2.155144691467285
118,0.8680174350738525,2.160172939300537,0.00010223389108432457,0.00916264858096838,12.184494972229004,all_reliable,2.160172939300537,1.0,0.08711879700422287,dataset_7_keyframe_4,2.1351895332336426
119,0.8603848218917847,2.153120756149292,6.001790825393982e-05,0.009181467816233635,12.136418342590332,all_reliable,2.153120756149292,1.0,0.08675850927829742,dataset_7_keyframe_4,2.117536783218384
120,0.8491482734680176,2.14060378074646,7.781983003951609e-05,0.009149933233857155,12.05451774597168,all_reliable,2.14060378074646,1.0,0.08600383251905441,dataset_7_keyframe_4,2.093851327896118
121,0.8308937549591064,2.110888719558716,7.324219041038305e-05,0.008638255298137665,11.955657005310059,all_reliable,2.110888719558716,1.0,0.0832584872841835,dataset_7_keyframe_4,2.0990028381347656
122,0.8297554850578308,2.1133222579956055,4.170736065134406e-05,0.008875020779669285,11.918906211853027,all_reliable,2.1133222579956055,1.0,0.08355098217725754,dataset_7_keyframe_4,2.084866762161255
123,0.8249562978744507,2.111407518386841,6.58671124256216e-05,0.00885594729334116,11.891858100891113,all_reliable,2.111407518386841,1.0,0.08336933702230453,dataset_7_keyframe_4,2.076328754425049
124,0.8152046203613281,2.093234062194824,6.637573824264109e-05,0.008500417694449425,11.84293270111084,all_reliable,2.093234062194824,1.0,0.0819118544459343,dataset_7_keyframe_4,2.0801026821136475
125,0.8037360310554504,2.078760862350464,7.095337059581652e-05,0.00854390487074852,11.719618797302246,all_reliable,2.078760862350464,1.0,0.08125348389148712,dataset_7_keyframe_4,2.0427639484405518
126,0.8077817559242249,2.0929765701293945,5.442301699076779e-05,0.008759054355323315,11.762866020202637,all_reliable,2.0929765701293945,1.0,0.08187250047922134,dataset_7_keyframe_4,2.044527769088745
127,0.8035367727279663,2.0899763107299805,8.468628220725805e-05,0.008616892620921135,11.765435218811035,all_reliable,2.0899763107299805,1.0,0.08116926997900009,dataset_7_keyframe_4,2.057231903076172
0,3.9035067558288574,6.028398513793945,2.1107993234181777e-05,0.07066752761602402,33.93973922729492,full,6.028398513793945,0.834216296672821,0.36117488145828247,dataset_2_keyframe_4,0.0
1,3.904935598373413,6.111208438873291,3.153483339701779e-05,0.06971970200538635,34.05924606323242,full,6.111208438873291,0.780871570110321,0.34823527932167053,dataset_2_keyframe_4,5.9705939292907715
2,3.8718466758728027,6.038415431976318,7.197062222985551e-05,0.06876347959041595,33.961727142333984,full,6.038415431976318,0.7795654535293579,0.34647080302238464,dataset_2_keyframe_4,5.993393898010254
3,3.8392415046691895,6.003827095031738,5.39143911737483e-05,0.06840871274471283,33.69662857055664,full,6.003827095031738,0.794787585735321,0.3478966951370239,dataset_2_keyframe_4,5.833207130432129
4,3.8309547901153564,5.994637966156006,5.060831972514279e-05,0.068267822265625,33.64655685424805,full,5.994637966156006,0.803332507610321,0.34695133566856384,dataset_2_keyframe_4,5.815858364105225
5,3.8348429203033447,5.986226558685303,3.611246938817203e-05,0.06802063435316086,33.606422424316406,full,5.986226558685303,0.797045886516571,0.3470621705055237,dataset_2_keyframe_4,5.818979263305664
6,3.826878547668457,5.97420597076416,4.0944418287836015e-05,0.06759592890739441,33.55561447143555,full,5.97420597076416,0.794995129108429,0.3460402488708496,dataset_2_keyframe_4,5.812127113342285
7,3.807577610015869,5.949942111968994,3.458659193711355e-05,0.0669097900390625,33.424652099609375,full,5.949942111968994,0.7903808951377869,0.3433389663696289,dataset_2_keyframe_4,5.800570964813232
8,3.8117246627807617,5.948101043701172,5.4168704082258046e-05,0.06686808913946152,33.37440490722656,full,5.948101043701172,0.7828369140625,0.3433542847633362,dataset_2_keyframe_4,5.7890095710754395
9,3.78590989112854,5.910974502563477,4.552205791696906e-05,0.0658775344491005,33.20895004272461,full,5.910974502563477,0.7808837890625,0.3408164978027344,dataset_2_keyframe_4,5.7562432289123535
10,3.7678890228271484,5.886387825012207,3.941854083677754e-05,0.06530431658029556,33.026092529296875,full,5.886387825012207,0.773999035358429,0.33891960978507996,dataset_2_keyframe_4,5.72983980178833
11,3.745727777481079,5.854011535644531,3.178914630552754e-05,0.06488749384880066,32.86000061035156,full,5.854011535644531,0.7724243402481079,0.33726391196250916,dataset_2_keyframe_4,5.7011518478393555
12,3.7135069370269775,5.809993267059326,3.840128920273855e-05,0.06389465928077698,32.623268127441406,full,5.809993267059326,0.774182140827179,0.3353491425514221,dataset_2_keyframe_4,5.6592698097229
13,3.6753854751586914,5.773437976837158,3.738403393072076e-05,0.06329956650733948,32.37754821777344,full,5.773437976837158,0.7479248046875,0.3296477496623993,dataset_2_keyframe_4,5.6240434646606445
14,3.626749277114868,5.715132236480713,4.425048973644152e-05,0.0620066374540329,32.10166549682617,full,5.715132236480713,0.758984386920929,0.3265204131603241,dataset_2_keyframe_4,5.5864129066467285
15,3.5676496028900146,5.652904987335205,4.831949991057627e-05,0.060528822243213654,31.69363021850586,full,5.652904987335205,0.7278076410293579,0.31888866424560547,dataset_2_keyframe_4,5.519989490509033
16,3.4847617149353027,5.5605244636535645,5.187988426769152e-05,0.058516696095466614,31.255178451538086,full,5.5605244636535645,0.723095715045929,0.3136518597602844,dataset_2_keyframe_4,5.455616474151611
17,3.4165165424346924,5.489858627319336,5.6711836805334315e-05,0.05685043707489967,30.8159236907959,full,5.489858627319336,0.714611828327179,0.3093028962612152,dataset_2_keyframe_4,5.366661548614502
18,3.3376736640930176,5.402664661407471,6.459554424509406e-05,0.05487264320254326,30.37037467956543,full,5.402664661407471,0.700305163860321,0.30138882994651794,dataset_2_keyframe_4,5.297020435333252
19,3.2573163509368896,5.319672584533691,6.790161569369957e-05,0.052999626845121384,29.896764755249023,full,5.319672584533691,0.687915027141571,0.2946336269378662,dataset_2_keyframe_4,5.21823263168335
20,3.1782948970794678,5.235285758972168,6.53584866086021e-05,0.05089874565601349,29.371883392333984,full,5.235285758972168,0.673779308795929,0.28750553727149963,dataset_2_keyframe_4,5.132638931274414
21,3.0853614807128906,5.135044097900391,6.866455078125e-05,0.04862925410270691,28.825550079345703,full,5.135044097900391,0.6575927734375,0.27953407168388367,dataset_2_keyframe_4,5.047091007232666
22,2.9905457496643066,5.026079177856445,8.138021075865254e-05,0.045984651893377304,28.238677978515625,full,5.026079177856445,0.6447510123252869,0.27248644828796387,dataset_2_keyframe_4,4.94633150100708
23,2.884983539581299,4.910374164581299,9.562174818711355e-05,0.0435384139418602,27.60643768310547,full,4.910374164581299,0.635180652141571,0.2637512683868408,dataset_2_keyframe_4,4.831153869628906
24,2.7783896923065186,4.7857513427734375,0.00010197958181379363,0.0410512313246727,26.909969329833984,full,4.7857513427734375,0.6264892816543579,0.25496724247932434,dataset_2_keyframe_4,4.7188401222229
25,2.6644842624664307,4.652003288269043,9.231567673850805e-05,0.03803151473402977,26.15222930908203,full,4.652003288269043,0.615405261516571,0.24551263451576233,dataset_2_keyframe_4,4.5996527671813965
26,2.550724506378174,4.513311862945557,9.435018728254363e-05,0.035059865564107895,25.39280128479004,full,4.513311862945557,0.5932861566543579,0.2352510541677475,dataset_2_keyframe_4,4.46401309967041
27,2.4460537433624268,4.384618282318115,9.63846905506216e-05,0.033234916627407074,24.648143768310547,full,4.384618282318115,0.585583508014679,0.22755269706249237,dataset_2_keyframe_4,4.33344030380249
28,2.335603952407837,4.246880531311035,9.867351036518812e-05,0.030725862830877304,23.888200759887695,full,4.246880531311035,0.5738281607627869,0.21781675517559052,dataset_2_keyframe_4,4.210585117340088
29,2.22666597366333,4.107043743133545,9.791056800168008e-05,0.02825520932674408,23.106903076171875,full,4.107043743133545,0.557690441608429,0.20789623260498047,dataset_2_keyframe_4,4.082345008850098
30,2.120342969894409,3.96855092048645,0.00011037191143259406,0.02666676975786686,22.321826934814453,full,3.96855092048645,0.544567883014679,0.1990584433078766,dataset_2_keyframe_4,3.951422691345215
31,2.0263147354125977,3.839053153991699,0.00010172526526730508,0.02548930048942566,21.5804500579834,full,3.839053153991699,0.5302490592002869,0.19083712995052338,dataset_2_keyframe_4,3.8207309246063232
32,1.9404654502868652,3.7213528156280518,0.0001149495510617271,0.02440592646598816,20.889732360839844,full,3.7213528156280518,0.5161499381065369,0.18350589275360107,dataset_2_keyframe_4,3.6949453353881836
33,1.8610353469848633,3.6074235439300537,0.00011138916306663305,0.023460643365979195,20.252214431762695,full,3.6074235439300537,0.5032715201377869,0.17686641216278076,dataset_2_keyframe_4,3.586958646774292
34,1.7863543033599854,3.4998373985290527,0.00010833740816451609,0.022457124665379524,19.647706985473633,full,3.4998373985290527,0.4925781190395355,0.1697724312543869,dataset_2_keyframe_4,3.4825971126556396
35,1.7178020477294922,3.3993277549743652,0.00011952719069086015,0.02161814458668232,19.087175369262695,full,3.3993277549743652,0.48304444551467896,0.1634024679660797,dataset_2_keyframe_4,3.385913372039795
36,1.6566439867019653,3.3117170333862305,0.00010248820763081312,0.02084147185087204,18.582429885864258,full,3.3117170333862305,0.4757446348667145,0.15813837945461273,dataset_2_keyframe_4,3.292745351791382
37,1.607101321220398,3.2346432209014893,0.00010579427907941863,0.020096080377697945,18.130207061767578,full,3.2346432209014893,0.4687744081020355,0.15463979542255402,dataset_2_keyframe_4,3.202634334564209
38,1.5639123916625977,3.1656832695007324,0.0001230875786859542,0.019258880987763405,17.753767013549805,full,3.1656832695007324,0.4620727598667145,0.15064629912376404,dataset_2_keyframe_4,3.1376945972442627
39,1.5257006883621216,3.1090874671936035,0.0001073201565304771,0.0187149066478014,17.4122257232666,full,3.1090874671936035,0.457763671875,0.14724916219711304,dataset_2_keyframe_4,3.079555034637451
40,1.4907019138336182,3.0543055534362793,0.00010248820763081312,0.018203482031822205,17.10405731201172,full,3.0543055534362793,0.45274659991264343,0.14400386810302734,dataset_2_keyframe_4,3.0267138481140137
41,1.4632267951965332,3.0078392028808594,0.0001388549862895161,0.017757926136255264,16.852746963500977,full,3.0078392028808594,0.4515747129917145,0.14200983941555023,dataset_2_keyframe_4,2.97426438331604
42,1.43051016330719,2.951761484146118,9.358724491903558e-05,0.016950735822319984,16.525707244873047,full,2.951761484146118,0.44146728515625,0.1387588232755661,dataset_2_keyframe_4,2.9152514934539795
43,1.3923683166503906,2.8895981311798096,0.00011774699669331312,0.01626739650964737,16.20088005065918,full,2.8895981311798096,0.43687745928764343,0.13531669974327087,dataset_2_keyframe_4,2.8635897636413574
44,1.3790074586868286,2.864980697631836,0.00014775594172533602,0.016264598816633224,16.032621383666992,full,2.864980697631836,0.44013673067092896,0.13394607603549957,dataset_2_keyframe_4,2.8280155658721924
45,1.3713245391845703,2.8526463508605957,0.00013656617375090718,0.01613057591021061,15.956753730773926,full,2.8526463508605957,0.43995362520217896,0.13338875770568848,dataset_2_keyframe_4,2.814607858657837
46,1.3623830080032349,2.8338639736175537,0.00013224284339230508,0.01614329032599926,15.870835304260254,full,2.8338639736175537,0.4338012635707855,0.13104330003261566,dataset_2_keyframe_4,2.8055503368377686
47,1.3468763828277588,2.812694787979126,0.00017420451331418008,0.015755463391542435,15.783132553100586,full,2.812694787979126,0.43983155488967896,0.13088218867778778,dataset_2_keyframe_4,2.771756172180176
48,1.350027322769165,2.8132221698760986,0.0001235961972270161,0.01592051237821579,15.769392013549805,full,2.8132221698760986,0.4344116151332855,0.12991850078105927,dataset_2_keyframe_4,2.7764081954956055
49,1.3466155529022217,2.8074991703033447,0.0001927693811012432,0.015722911804914474,15.765079498291016,full,2.8074991703033447,0.4364990293979645,0.13030360639095306,dataset_2_keyframe_4,2.7762796878814697
50,1.342100739479065,2.7979166507720947,0.0001536051568109542,0.015761058777570724,15.687440872192383,full,2.7979166507720947,0.4313110411167145,0.12939386069774628,dataset_2_keyframe_4,2.752943277359009
51,1.3354332447052002,2.7894303798675537,0.00014877320791129023,0.01563364826142788,15.672259330749512,full,2.7894303798675537,0.4405151307582855,0.12996642291545868,dataset_2_keyframe_4,2.7454607486724854
52,1.3411449193954468,2.7978029251098633,0.00015589396934956312,0.015649668872356415,15.698075294494629,full,2.7978029251098633,0.4441284239292145,0.1306353658437729,dataset_2_keyframe_4,2.746284246444702
53,1.3442655801773071,2.8018622398376465,0.0001274108944926411,0.015802765265107155,15.737311363220215,full,2.8018622398376465,0.4420410096645355,0.13078193366527557,dataset_2_keyframe_4,2.7616896629333496
54,1.3458364009857178,2.8060481548309326,0.00013580323138739914,0.015827178955078125,15.75740909576416,full,2.8060481548309326,0.4439453184604645,0.1312270313501358,dataset_2_keyframe_4,2.7598624229431152
55,1.3526540994644165,2.814763307571411,0.00014368693518918008,0.01586049422621727,15.812003135681152,full,2.814763307571411,0.44573974609375,0.13194231688976288,dataset_2_keyframe_4,2.7656781673431396
56,1.3566218614578247,2.8212151527404785,0.00012461344886105508,0.015997061505913734,15.860025405883789,full,2.8212151527404785,0.4480224549770355,0.13242968916893005,dataset_2_keyframe_4,2.773630380630493
57,1.360749363899231,2.8288803100585938,0.00015258790517691523,0.016026053577661514,15.9061279296875,full,2.8288803100585938,0.44841310381889343,0.13281476497650146,dataset_2_keyframe_4,2.7816174030303955
58,1.3641307353973389,2.836669683456421,0.00014623007155023515,0.016138967126607895,15.94678020477295,full,2.836669683456421,0.44752198457717896,0.1330329328775406,dataset_2_keyframe_4,2.7884533405303955
59,1.3700954914093018,2.8484530448913574,0.00012130737741244957,0.01628824882209301,16.015066146850586,full,2.8484530448913574,0.4487670958042145,0.13390885293483734,dataset_2_keyframe_4,2.7986655235290527
60,1.372633457183838,2.8549270629882812,0.00013682048302143812,0.01629893109202385,16.076444625854492,full,2.8549270629882812,0.4481201171875,0.1335449516773224,dataset_2_keyframe_4,2.8198516368865967
61,1.3798028230667114,2.870980739593506,0.00013300578575581312,0.0166473388671875,16.129247665405273,full,2.870980739593506,0.4434448182582855,0.1345842480659485,dataset_2_keyframe_4,2.820134401321411
62,1.3819646835327148,2.8787271976470947,0.00017852784367278218,0.01667734794318676,16.176589965820312,full,2.8787271976470947,0.4398559629917145,0.13500547409057617,dataset_2_keyframe_4,2.8244669437408447
63,1.374580979347229,2.8744208812713623,0.00017623901658225805,0.01647644117474556,16.1837215423584,full,2.8744208812713623,0.44300538301467896,0.13433901965618134,dataset_2_keyframe_4,2.833916664123535
64,1.370889663696289,2.876887559890747,0.00012385050649754703,0.01658172719180584,16.190635681152344,full,2.876887559890747,0.44182130694389343,0.13397400081157684,dataset_2_keyframe_4,2.8361101150512695
65,1.3714686632156372,2.8821206092834473,0.00013580323138739914,0.016633860766887665,16.226505279541016,full,2.8821206092834473,0.4385986328125,0.1333618313074112,dataset_2_keyframe_4,2.859389305114746
66,1.3664144277572632,2.8775272369384766,0.00014470418682321906,0.016598258167505264,16.16912269592285,full,2.8775272369384766,0.43522951006889343,0.13395535945892334,dataset_2_keyframe_4,2.841916561126709
67,1.357466220855713,2.8679490089416504,0.00019353232346475124,0.01648661307990551,16.125629425048828,full,2.8679490089416504,0.4319091737270355,0.1329522281885147,dataset_2_keyframe_4,2.835087299346924
68,1.351292610168457,2.8617422580718994,0.0001764933404047042,0.01650594174861908,16.064159393310547,full,2.8617422580718994,0.4300293028354645,0.13300371170043945,dataset_2_keyframe_4,2.8181204795837402
69,1.3375649452209473,2.8460886478424072,0.00025838217698037624,0.016165416687726974,16.01325798034668,full,2.8460886478424072,0.42852783203125,0.13130556046962738,dataset_2_keyframe_4,2.8154842853546143
70,1.329419732093811,2.837317705154419,0.0001813252893043682,0.01611989364027977,15.937262535095215,full,2.837317705154419,0.4278198182582855,0.1311444342136383,dataset_2_keyframe_4,2.7936482429504395
71,1.321205973625183,2.825779676437378,0.00021438600379042327,0.0159581508487463,15.882570266723633,full,2.825779676437378,0.4256958067417145,0.13028541207313538,dataset_2_keyframe_4,2.7882683277130127
72,1.3129936456680298,2.8155677318573,0.0001775105920387432,0.015874482691287994,15.817708015441895,full,2.8155677318573,0.42442628741264343,0.12952803075313568,dataset_2_keyframe_4,2.7754616737365723
73,1.30452561378479,2.8021509647369385,0.00016632080951239914,0.015754446387290955,15.750736236572266,full,2.8021509647369385,0.4246582090854645,0.1289975643157959,dataset_2_keyframe_4,2.7676584720611572
74,1.2956587076187134,2.7889275550842285,0.00016301474533975124,0.0155614223331213,15.673828125,full,2.7889275550842285,0.424560546875,0.12815681099891663,dataset_2_keyframe_4,2.7545931339263916
75,1.2891584634780884,2.779406785964966,0.00013860067701898515,0.01546071469783783,15.613616943359375,full,2.779406785964966,0.42253419756889343,0.12743395566940308,dataset_2_keyframe_4,2.7447524070739746
76,1.2835793495178223,2.7692456245422363,0.00015487671771552414,0.01539128739386797,15.54851245880127,full,2.7692456245422363,0.4212280213832855,0.1267339289188385,dataset_2_keyframe_4,2.733675003051758
77,1.2791650295257568,2.762877941131592,0.00012181600322946906,0.015403239987790585,15.508151054382324,full,2.762877941131592,0.4197143614292145,0.1262354701757431,dataset_2_keyframe_4,2.725686550140381
78,1.2695327997207642,2.749852418899536,0.0001607259182492271,0.01518656499683857,15.455523490905762,full,2.749852418899536,0.41900634765625,0.1252070814371109,dataset_2_keyframe_4,2.7203662395477295
79,1.2687534093856812,2.7473080158233643,0.0001274108944926411,0.01524912565946579,15.430277824401855,full,2.7473080158233643,0.41912841796875,0.1255582571029663,dataset_2_keyframe_4,2.7067017555236816
80,1.2674939632415771,2.743839979171753,0.00012893677921965718,0.015174612402915955,15.412984848022461,full,2.743839979171753,0.41851806640625,0.1255430430173874,dataset_2_keyframe_4,2.7073676586151123
81,1.2666715383529663,2.743648052215576,0.00011240642197662964,0.01517003495246172,15.412435531616211,full,2.743648052215576,0.41853028535842896,0.1254631131887436,dataset_2_keyframe_4,2.7067642211914062
82,1.2712873220443726,2.748335599899292,0.00011672974505927414,0.0151926688849926,15.4352445602417,full,2.748335599899292,0.41888427734375,0.12608155608177185,dataset_2_keyframe_4,2.704990863800049
83,1.2695260047912598,2.7464702129364014,0.00015589396934956312,0.01514841802418232,15.436182975769043,full,2.7464702129364014,0.41937255859375,0.1259915679693222,dataset_2_keyframe_4,2.704817056655884
84,1.2756739854812622,2.757349729537964,0.00011418660869821906,0.015412394888699055,15.486542701721191,full,2.757349729537964,0.41975098848342896,0.1267118752002716,dataset_2_keyframe_4,2.7143099308013916
85,1.2816444635391235,2.7717952728271484,0.00012003581650787964,0.015555827878415585,15.560487747192383,full,2.7717952728271484,0.4201904237270355,0.12719587981700897,dataset_2_keyframe_4,2.723970413208008
86,1.2896339893341064,2.7870407104492188,0.00013631184992846102,0.01570485532283783,15.653376579284668,full,2.7870407104492188,0.417236328125,0.1276709884405136,dataset_2_keyframe_4,2.7355504035949707
87,1.294479489326477,2.7971014976501465,0.00011037191143259406,0.015861257910728455,15.708359718322754,full,2.7971014976501465,0.42359620332717896,0.12870970368385315,dataset_2_keyframe_4,2.7488503456115723
88,1.3004534244537354,2.813150405883789,0.00011367798288119957,0.01612803153693676,15.80482006072998,full,2.813150405883789,0.42210695147514343,0.128998801112175,dataset_2_keyframe_4,2.760770320892334
89,1.3091530799865723,2.8264453411102295,0.00010579427907941863,0.016156770288944244,15.875138282775879,full,2.8264453411102295,0.42442628741264343,0.12982963025569916,dataset_2_keyframe_4,2.776111125946045
90,1.3139336109161377,2.8377952575683594,0.0001116434796131216,0.016257986426353455,15.946094512939453,full,2.8377952575683594,0.4254150390625,0.13006554543972015,dataset_2_keyframe_4,2.799464225769043
91,1.3196302652359009,2.8492321968078613,0.00011571248614927754,0.01648051105439663,15.997920989990234,full,2.8492321968078613,0.4255615174770355,0.1306457370519638,dataset_2_keyframe_4,2.807478904724121
92,1.3210574388504028,2.8526175022125244,0.00012079875159543008,0.016434988006949425,16.027236938476562,full,2.8526175022125244,0.42296144366264343,0.13013367354869843,dataset_2_keyframe_4,2.823105812072754
93,1.3201231956481934,2.853031873703003,0.00011444092524470761,0.01646728627383709,16.03239631652832,full,2.853031873703003,0.42498779296875,0.1305585652589798,dataset_2_keyframe_4,2.820707082748413
94,1.3235687017440796,2.856724500656128,0.00011011760216206312,0.01649627834558487,16.04891586303711,full,2.856724500656128,0.42320558428764343,0.1306399554014206,dataset_2_keyframe_4,2.8260765075683594
95,1.3214869499206543,2.8555023670196533,0.00010070801363326609,0.016543325036764145,16.04302215576172,full,2.8555023670196533,0.4224853515625,0.13048706948757172,dataset_2_keyframe_4,2.828908681869507
96,1.3209236860275269,2.8560848236083984,0.00011367798288119957,0.016471609473228455,16.052194595336914,full,2.8560848236083984,0.42253419756889343,0.13009651005268097,dataset_2_keyframe_4,2.8282225131988525
97,1.3214702606201172,2.8551175594329834,0.0001241048303199932,0.01646219938993454,16.036113739013672,full,2.8551175594329834,0.42231446504592896,0.1305994689464569,dataset_2_keyframe_4,2.821000814437866
98,1.3162035942077637,2.8493704795837402,0.00013326009502634406,0.016386669129133224,16.017837524414062,full,2.8493704795837402,0.42186281085014343,0.13008064031600952,dataset_2_keyframe_4,2.813732862472534
99,1.3163458108901978,2.848078966140747,9.511312237009406e-05,0.0164311733096838,16.007511138916016,full,2.848078966140747,0.42222902178764343,0.13023748993873596,dataset_2_keyframe_4,2.8096678256988525
100,1.312662959098816,2.8468105792999268,0.00012079875159543008,0.016425833106040955,16.000802993774414,full,2.8468105792999268,0.4209960997104645,0.12966664135456085,dataset_2_keyframe_4,2.8090291023254395
101,1.3077192306518555,2.8421716690063477,0.00010553996253293008,0.01634775847196579,16.00138282775879,full,2.8421716690063477,0.41999512910842896,0.12849359214305878,dataset_2_keyframe_4,2.812154531478882
102,1.3086657524108887,2.844306230545044,0.00010452271089889109,0.01643829420208931,15.988430976867676,full,2.844306230545044,0.41828614473342896,0.12901471555233002,dataset_2_keyframe_4,2.8065595626831055
103,1.309309720993042,2.845407247543335,0.00014851888408884406,0.01647339016199112,15.992647171020508,full,2.845407247543335,0.4185546934604645,0.12936750054359436,dataset_2_keyframe_4,2.8062899112701416
104,1.306159496307373,2.842479944229126,0.00010528565326239914,0.01641540601849556,15.97379207611084,full,2.842479944229126,0.4174560606479645,0.12942881882190704,dataset_2_keyframe_4,2.798218250274658
105,1.3046796321868896,2.843775749206543,0.0001235961972270161,0.016434988006949425,15.993034362792969,full,2.843775749206543,0.41743165254592896,0.1293376237154007,dataset_2_keyframe_4,2.8004229068756104
106,1.3067165613174438,2.8496830463409424,0.00012461344886105508,0.016468048095703125,16.028141021728516,full,2.8496830463409424,0.4163818359375,0.12952764332294464,dataset_2_keyframe_4,2.806239604949951
107,1.3054485321044922,2.853158950805664,0.0001111348537961021,0.01654052734375,16.046443939208984,full,2.853158950805664,0.4158691465854645,0.129301056265831,dataset_2_keyframe_4,2.8106894493103027
108,1.304763913154602,2.8576200008392334,0.00011647542851278558,0.016620635986328125,16.064374923706055,full,2.8576200008392334,0.41386720538139343,0.12934927642345428,dataset_2_keyframe_4,2.8130486011505127
109,1.3112043142318726,2.868645191192627,0.0001279195275856182,0.016796112060546875,16.113079071044922,full,2.868645191192627,0.4095703065395355,0.1301838755607605,dataset_2_keyframe_4,2.815587282180786
110,1.3095653057098389,2.871342420578003,0.00012029012577841058,0.016777293756604195,16.14905548095703,full,2.871342420578003,0.4087890684604645,0.13015194237232208,dataset_2_keyframe_4,2.821648359298706
111,1.3110768795013428,2.8766090869903564,0.00011520386033225805,0.01683400571346283,16.185909271240234,full,2.8766090869903564,0.4085937440395355,0.13011044263839722,dataset_2_keyframe_4,2.8270413875579834
112,1.3121212720870972,2.8857290744781494,0.00010757446580100805,0.01690063625574112,16.22442626953125,full,2.8857290744781494,0.4089599549770355,0.13034355640411377,dataset_2_keyframe_4,2.8353748321533203
113,1.3161869049072266,2.8951427936553955,0.00011774699669331312,0.01698252372443676,16.279071807861328,full,2.8951427936553955,0.409423828125,0.13087265193462372,dataset_2_keyframe_4,2.8440380096435547
114,1.3207063674926758,2.905691385269165,0.00010579427907941863,0.017104849219322205,16.340911865234375,full,2.905691385269165,0.41009521484375,0.13110187649726868,dataset_2_keyframe_4,2.856320858001709
115,1.3291685581207275,2.9190962314605713,0.00010604858834994957,0.017167918384075165,16.39812469482422,full,2.9190962314605713,0.4095703065395355,0.1319885104894638,dataset_2_keyframe_4,2.8664960861206055
116,1.3339242935180664,2.9292781352996826,0.00011850993178086355,0.017385102808475494,16.452098846435547,full,2.9292781352996826,0.40983888506889343,0.13240085542201996,dataset_2_keyframe_4,2.879176139831543
117,1.3359019756317139,2.9344213008880615,0.00011571248614927754,0.01742604747414589,16.50580406188965,full,2.9344213008880615,0.4104370176792145,0.1323789656162262,dataset_2_keyframe_4,2.892054796218872
118,1.3362385034561157,2.938042163848877,0.00010833740816451609,0.017454784363508224,16.534244537353516,full,2.938042163848877,0.41258546710014343,0.13207130134105682,dataset_2_keyframe_4,2.894251823425293
119,1.3447606563568115,2.9499542713165283,0.00010859172471100464,0.01767578162252903,16.57513999938965,full,2.9499542713165283,0.41534423828125,0.1333286613225937,dataset_2_keyframe_4,2.90093994140625
120,1.3562579154968262,2.9683146476745605,0.00010553996253293008,0.01783599890768528,16.655946731567383,full,2.9683146476745605,0.41651612520217896,0.13453511893749237,dataset_2_keyframe_4,2.9123997688293457
121,1.3626835346221924,2.980659246444702,0.00010833740816451609,0.017965953797101974,16.73957633972168,full,2.980659246444702,0.4161376953125,0.13501685857772827,dataset_2_keyframe_4,2.9288249015808105
122,1.3709204196929932,2.9941086769104004,0.0001073201565304771,0.018119558691978455,16.819278717041016,full,2.9941086769104004,0.41712647676467896,0.1357124298810959,dataset_2_keyframe_4,2.9421334266662598
123,1.3822507858276367,3.0144670009613037,9.791056800168008e-05,0.018359120935201645,16.95691680908203,full,3.0144670009613037,0.41981202363967896,0.13599030673503876,dataset_2_keyframe_4,2.969146966934204
124,1.3996987342834473,3.0432136058807373,9.002685692394152e-05,0.018664296716451645,17.097639083862305,full,3.0432136058807373,0.42364501953125,0.13794885575771332,dataset_2_keyframe_4,2.9875802993774414
125,1.4145917892456055,3.0683484077453613,8.265177893918008e-05,0.0189590472728014,17.2503604888916,full,3.0683484077453613,0.4249633848667145,0.13890686631202698,dataset_2_keyframe_4,3.0220813751220703
126,1.4298961162567139,3.092026948928833,0.0001274108944926411,0.019151052460074425,17.38996696472168,full,3.092026948928833,0.4217163026332855,0.1400882452726364,dataset_2_keyframe_4,3.037220001220703
127,1.4293524026870728,3.092909336090088,0.00013300578575581312,0.019147492945194244,17.435184478759766,full,3.092909336090088,0.4264160096645355,0.1392654925584793,dataset_2_keyframe_4,3.05841326713562
0,3.9035067558288574,6.028398513793945,2.1107993234181777e-05,0.07066752761602402,33.93973922729492,zero_state,6.028398513793945,0.834216296672821,0.36117488145828247,dataset_2_keyframe_4,0.0
1,3.9248902797698975,6.0558905601501465,2.4414064682787284e-05,0.0704546645283699,34.05924606323242,zero_state,6.0558905601501465,0.780871570110321,0.36119696497917175,dataset_2_keyframe_4,0.0
2,3.9048006534576416,6.030289649963379,2.593994213384576e-05,0.06995341181755066,33.961727142333984,zero_state,6.030289649963379,0.7795654535293579,0.35987257957458496,dataset_2_keyframe_4,0.0
3,3.8718791007995605,5.987685203552246,2.4159749955288135e-05,0.06952794641256332,33.69662857055664,zero_state,5.987685203552246,0.794787585735321,0.36132389307022095,dataset_2_keyframe_4,0.0
4,3.8644955158233643,5.982141971588135,2.8228761948412284e-05,0.06938629597425461,33.64655685424805,zero_state,5.982141971588135,0.803332507610321,0.3607270419597626,dataset_2_keyframe_4,0.0
5,3.867703914642334,5.97081995010376,2.695719558687415e-05,0.06913655996322632,33.606422424316406,zero_state,5.97081995010376,0.797045886516571,0.36059433221817017,dataset_2_keyframe_4,0.0
6,3.8597054481506348,5.957523822784424,2.5685629225336015e-05,0.06859512627124786,33.55561447143555,zero_state,5.957523822784424,0.794995129108429,0.3593013882637024,dataset_2_keyframe_4,0.0
7,3.8390603065490723,5.932122707366943,2.772013431240339e-05,0.06789016723632812,33.424652099609375,zero_state,5.932122707366943,0.7903808951377869,0.3564724624156952,dataset_2_keyframe_4,0.0
8,3.843367576599121,5.931583881378174,2.8991700673941523e-05,0.06788483262062073,33.37440490722656,zero_state,5.931583881378174,0.7828369140625,0.35665959119796753,dataset_2_keyframe_4,0.0
9,3.81992244720459,5.897464752197266,2.593994213384576e-05,0.06694082170724869,33.20895004272461,zero_state,5.897464752197266,0.7808837890625,0.3541652262210846,dataset_2_keyframe_4,0.0
10,3.8018574714660645,5.87328577041626,2.8991700673941523e-05,0.06630121916532516,33.026092529296875,zero_state,5.87328577041626,0.773999035358429,0.35186848044395447,dataset_2_keyframe_4,0.0
11,3.78031587600708,5.839702606201172,2.695719558687415e-05,0.06590525805950165,32.86000061035156,zero_state,5.839702606201172,0.7724243402481079,0.34999361634254456,dataset_2_keyframe_4,0.0
12,3.750229835510254,5.800106525421143,2.8991700673941523e-05,0.06489614397287369,32.623268127441406,zero_state,5.800106525421143,0.774182140827179,0.3479946255683899,dataset_2_keyframe_4,0.0
13,3.706342935562134,5.755711078643799,3.356933666509576e-05,0.06382344663143158,32.37754821777344,zero_state,5.755711078643799,0.7479248046875,0.3418738543987274,dataset_2_keyframe_4,0.0
14,3.660259246826172,5.700170993804932,3.229777212254703e-05,0.06268259882926941,32.10166549682617,zero_state,5.700170993804932,0.758984386920929,0.33865782618522644,dataset_2_keyframe_4,0.0
15,3.5928895473480225,5.6271538734436035,3.4332275390625e-05,0.060678865760564804,31.69363021850586,zero_state,5.6271538734436035,0.7278076410293579,0.33062586188316345,dataset_2_keyframe_4,0.0
16,3.5190889835357666,5.5484619140625,3.382364957360551e-05,0.058899182826280594,31.255178451538086,zero_state,5.5484619140625,0.723095715045929,0.32541635632514954,dataset_2_keyframe_4,0.0
17,3.451627492904663,5.479215145111084,3.5858156479662284e-05,0.057140860706567764,30.8159236907959,zero_state,5.479215145111084,0.714611828327179,0.3204595744609833,dataset_2_keyframe_4,0.0
18,3.371800422668457,5.390747547149658,3.814697629422881e-05,0.05492808297276497,30.37037467956543,zero_state,5.390747547149658,0.700305163860321,0.3124227225780487,dataset_2_keyframe_4,0.0
19,3.290252923965454,5.307506084442139,4.145304410485551e-05,0.052990980446338654,29.896764755249023,zero_state,5.307506084442139,0.687915027141571,0.3051327168941498,dataset_2_keyframe_4,0.0
20,3.2094101905822754,5.222158432006836,3.9672853745287284e-05,0.051344554871320724,29.371883392333984,zero_state,5.222158432006836,0.673779308795929,0.2976125478744507,dataset_2_keyframe_4,0.0
21,3.1154415607452393,5.12109899520874,4.3487551010912284e-05,0.0494791679084301,28.825550079345703,zero_state,5.12109899520874,0.6575927734375,0.2891022861003876,dataset_2_keyframe_4,0.0
22,3.0203537940979004,5.012722015380859,3.916422792826779e-05,0.047318268567323685,28.238677978515625,zero_state,5.012722015380859,0.6447510123252869,0.28167834877967834,dataset_2_keyframe_4,0.0
23,2.9147682189941406,4.8976731300354,4.069010537932627e-05,0.044920098036527634,27.60643768310547,zero_state,4.8976731300354,0.635180652141571,0.27256742119789124,dataset_2_keyframe_4,0.0
24,2.8071799278259277,4.771919250488281,4.882812936557457e-05,0.042432915419340134,26.909969329833984,zero_state,4.771919250488281,0.6264892816543579,0.2632862329483032,dataset_2_keyframe_4,0.0
25,2.690922737121582,4.6349568367004395,4.323323810240254e-05,0.03930104896426201,26.15222930908203,zero_state,4.6349568367004395,0.615405261516571,0.25321269035339355,dataset_2_keyframe_4,0.0
26,2.574763298034668,4.493337154388428,4.196167355985381e-05,0.035865023732185364,25.39280128479004,zero_state,4.493337154388428,0.5932861566543579,0.2425604611635208,dataset_2_keyframe_4,0.0
27,2.4720706939697266,4.371383190155029,4.399617682793178e-05,0.034034986048936844,24.648143768310547,zero_state,4.371383190155029,0.585583508014679,0.2345607578754425,dataset_2_keyframe_4,0.0
28,2.3594489097595215,4.229856014251709,4.24702993768733e-05,0.03119252622127533,23.888200759887695,zero_state,4.229856014251709,0.5738281607627869,0.22428059577941895,dataset_2_keyframe_4,0.0
29,2.2484989166259766,4.086912631988525,4.043579247081652e-05,0.02863362804055214,23.106903076171875,zero_state,4.086912631988525,0.557690441608429,0.21400026977062225,dataset_2_keyframe_4,0.0
30,2.140315532684326,3.9477415084838867,4.3487551010912284e-05,0.02730865590274334,22.321826934814453,zero_state,3.9477415084838867,0.544567883014679,0.2047412395477295,dataset_2_keyframe_4,0.0
31,2.0451292991638184,3.8172965049743652,4.3487551010912284e-05,0.026123810559511185,21.5804500579834,zero_state,3.8172965049743652,0.5302490592002869,0.19609183073043823,dataset_2_keyframe_4,0.0
32,1.958970546722412,3.701181650161743,4.577637082547881e-05,0.025159964337944984,20.889732360839844,zero_state,3.701181650161743,0.5161499381065369,0.18848058581352234,dataset_2_keyframe_4,0.0
33,1.879582166671753,3.5902111530303955,4.0944418287836015e-05,0.02432047575712204,20.252214431762695,zero_state,3.5902111530303955,0.5032715201377869,0.1816408783197403,dataset_2_keyframe_4,0.0
34,1.8037189245224,3.4812734127044678,4.5267745008459315e-05,0.0234324149787426,19.647706985473633,zero_state,3.4812734127044678,0.4925781190395355,0.17428766191005707,dataset_2_keyframe_4,0.0
35,1.7334184646606445,3.379697322845459,4.806518700206652e-05,0.02266744151711464,19.087175369262695,zero_state,3.379697322845459,0.48304444551467896,0.16759096086025238,dataset_2_keyframe_4,0.0
36,1.672145128250122,3.2925002574920654,4.4759115553461015e-05,0.02205556258559227,18.582429885864258,zero_state,3.2925002574920654,0.4757446348667145,0.16216641664505005,dataset_2_keyframe_4,0.0
37,1.6232249736785889,3.2177958488464355,4.24702993768733e-05,0.021602632477879524,18.130207061767578,zero_state,3.2177958488464355,0.4687744081020355,0.15849338471889496,dataset_2_keyframe_4,0.0
38,1.5802804231643677,3.1509933471679688,4.196167355985381e-05,0.02109425887465477,17.753767013549805,zero_state,3.1509933471679688,0.4620727598667145,0.15442030131816864,dataset_2_keyframe_4,0.0
39,1.5407928228378296,3.0930581092834473,4.170736065134406e-05,0.02079366147518158,17.4122257232666,zero_state,3.0930581092834473,0.457763671875,0.150739386677742,dataset_2_keyframe_4,0.0
40,1.5049662590026855,3.0377440452575684,4.6539309551008046e-05,0.02034912258386612,17.10405731201172,zero_state,3.0377440452575684,0.45274659991264343,0.14743255078792572,dataset_2_keyframe_4,0.0
41,1.4781521558761597,2.992441415786743,4.9082442274084315e-05,0.02003428153693676,16.852746963500977,zero_state,2.992441415786743,0.4515747129917145,0.14532570540905,dataset_2_keyframe_4,0.0
42,1.4451086521148682,2.9371957778930664,4.0944418287836015e-05,0.01950124278664589,16.525707244873047,zero_state,2.9371957778930664,0.44146728515625,0.14203369617462158,dataset_2_keyframe_4,0.0
43,1.4073083400726318,2.877469062805176,4.5267745008459315e-05,0.01904958114027977,16.20088005065918,zero_state,2.877469062805176,0.43687745928764343,0.13849011063575745,dataset_2_keyframe_4,0.0
44,1.3926421403884888,2.850862979888916,4.679362245951779e-05,0.018909964710474014,16.032621383666992,zero_state,2.850862979888916,0.44013673067092896,0.13696730136871338,dataset_2_keyframe_4,0.0
45,1.385046124458313,2.8383772373199463,4.323323810240254e-05,0.018835704773664474,15.956753730773926,zero_state,2.8383772373199463,0.43995362520217896,0.13639283180236816,dataset_2_keyframe_4,0.0
46,1.3734744787216187,2.8165597915649414,5.518595571629703e-05,0.018751272931694984,15.870835304260254,zero_state,2.8165597915649414,0.4338012635707855,0.13414934277534485,dataset_2_keyframe_4,0.0
47,1.360911250114441,2.7999236583709717,4.4759115553461015e-05,0.018561046570539474,15.783132553100586,zero_state,2.7999236583709717,0.43983155488967896,0.13406066596508026,dataset_2_keyframe_4,0.0
48,1.3608711957931519,2.7954211235046387,5.4168704082258046e-05,0.01855112798511982,15.769392013549805,zero_state,2.7954211235046387,0.4344116151332855,0.13295193016529083,dataset_2_keyframe_4,0.0
49,1.359908103942871,2.7939810752868652,5.137125845067203e-05,0.018488820642232895,15.765079498291016,zero_state,2.7939810752868652,0.4364990293979645,0.13342973589897156,dataset_2_keyframe_4,0.0
50,1.3524878025054932,2.779940128326416,5.518595571629703e-05,0.01840108260512352,15.687440872192383,zero_state,2.779940128326416,0.4313110411167145,0.13252168893814087,dataset_2_keyframe_4,0.0
51,1.3493690490722656,2.7768967151641846,4.552205791696906e-05,0.018412018194794655,15.672259330749512,zero_state,2.7768967151641846,0.4405151307582855,0.13323542475700378,dataset_2_keyframe_4,0.0
52,1.3541568517684937,2.783534526824951,5.060831972514279e-05,0.01854349859058857,15.698075294494629,zero_state,2.783534526824951,0.4441284239292145,0.13371498882770538,dataset_2_keyframe_4,0.0
53,1.3575305938720703,2.787665605545044,4.8573812819086015e-05,0.01836954802274704,15.737311363220215,zero_state,2.787665605545044,0.4420410096645355,0.13383963704109192,dataset_2_keyframe_4,0.0
54,1.3592538833618164,2.7920281887054443,5.2897139539709315e-05,0.018583934754133224,15.75740909576416,zero_state,2.7920281887054443,0.4439453184604645,0.1343117356300354,dataset_2_keyframe_4,0.0
55,1.3666406869888306,2.801792621612549,4.959106809110381e-05,0.018603261560201645,15.812003135681152,zero_state,2.801792621612549,0.44573974609375,0.13510964810848236,dataset_2_keyframe_4,0.0
56,1.3710054159164429,2.809474229812622,4.9082442274084315e-05,0.018703462556004524,15.860025405883789,zero_state,2.809474229812622,0.4480224549770355,0.13557961583137512,dataset_2_keyframe_4,0.0
57,1.3751882314682007,2.8168368339538574,5.060831972514279e-05,0.01871795766055584,15.9061279296875,zero_state,2.8168368339538574,0.44841310381889343,0.13595335185527802,dataset_2_keyframe_4,0.0
58,1.3779010772705078,2.823657274246216,4.603068373398855e-05,0.018738048151135445,15.94678020477295,zero_state,2.823657274246216,0.44752198457717896,0.1361628770828247,dataset_2_keyframe_4,0.0
59,1.3844188451766968,2.8363964557647705,4.552205791696906e-05,0.01890767551958561,16.015066146850586,zero_state,2.8363964557647705,0.4487670958042145,0.13713055849075317,dataset_2_keyframe_4,0.0
60,1.386579990386963,2.8423726558685303,4.2724612285383046e-05,0.018877411261200905,16.076444625854492,zero_state,2.8423726558685303,0.4481201171875,0.13675592839717865,dataset_2_keyframe_4,0.0
61,1.3925855159759521,2.8567795753479004,4.5267745008459315e-05,0.018980154767632484,16.129247665405273,zero_state,2.8567795753479004,0.4434448182582855,0.13772454857826233,dataset_2_keyframe_4,0.0
62,1.3960175514221191,2.86767578125,4.679362245951779e-05,0.019081879407167435,16.176589965820312,zero_state,2.86767578125,0.4398559629917145,0.13841040432453156,dataset_2_keyframe_4,0.0
63,1.38905930519104,2.865015745162964,4.882812936557457e-05,0.018923696130514145,16.1837215423584,zero_state,2.865015745162964,0.44300538301467896,0.13767679035663605,dataset_2_keyframe_4,0.0
64,1.3843443393707275,2.8632314205169678,4.552205791696906e-05,0.01894480548799038,16.190635681152344,zero_state,2.8632314205169678,0.44182130694389343,0.13715015351772308,dataset_2_keyframe_4,0.0
65,1.384220838546753,2.868436336517334,3.941854083677754e-05,0.01895192638039589,16.226505279541016,zero_state,2.868436336517334,0.4385986328125,0.13651998341083527,dataset_2_keyframe_4,0.0
66,1.3796186447143555,2.86422061920166,3.916422792826779e-05,0.01887614093720913,16.16912269592285,zero_state,2.86422061920166,0.43522951006889343,0.13704222440719604,dataset_2_keyframe_4,0.0
67,1.3709354400634766,2.8561670780181885,3.763834683923051e-05,0.018765514716506004,16.125629425048828,zero_state,2.8561670780181885,0.4319091737270355,0.13611610233783722,dataset_2_keyframe_4,0.0
68,1.36403489112854,2.848156690597534,4.145304410485551e-05,0.01870015636086464,16.064159393310547,zero_state,2.848156690597534,0.4300293028354645,0.13601981103420258,dataset_2_keyframe_4,0.0
69,1.3509410619735718,2.8346927165985107,4.679362245951779e-05,0.0185826625674963,16.01325798034668,zero_state,2.8346927165985107,0.42852783203125,0.13443006575107574,dataset_2_keyframe_4,0.0
70,1.3423740863800049,2.8244967460632324,4.196167355985381e-05,0.01848195493221283,15.937262535095215,zero_state,2.8244967460632324,0.4278198182582855,0.1341490000486374,dataset_2_keyframe_4,0.0
71,1.3345426321029663,2.8136308193206787,3.738403393072076e-05,0.018350474536418915,15.882570266723633,zero_state,2.8136308193206787,0.4256958067417145,0.1333058476448059,dataset_2_keyframe_4,0.0
72,1.3262642621994019,2.802764892578125,3.5095217754133046e-05,0.018289439380168915,15.817708015441895,zero_state,2.802764892578125,0.42442628741264343,0.13251924514770508,dataset_2_keyframe_4,0.0
73,1.3174245357513428,2.788849115371704,3.840128920273855e-05,0.01814422756433487,15.750736236572266,zero_state,2.788849115371704,0.4246582090854645,0.1319078952074051,dataset_2_keyframe_4,0.0
74,1.3081108331680298,2.774707555770874,4.119873119634576e-05,0.01807454600930214,15.673828125,zero_state,2.774707555770874,0.424560546875,0.1309313029050827,dataset_2_keyframe_4,0.0
75,1.3010152578353882,2.763690710067749,3.611246938817203e-05,0.017848968505859375,15.613616943359375,zero_state,2.763690710067749,0.42253419756889343,0.13019254803657532,dataset_2_keyframe_4,0.0
76,1.2952553033828735,2.753471851348877,3.86556021112483e-05,0.017855072394013405,15.54851245880127,zero_state,2.753471851348877,0.4212280213832855,0.1295401006937027,dataset_2_keyframe_4,0.0
77,1.2904107570648193,2.746697187423706,3.86556021112483e-05,0.01773529127240181,15.508151054382324,zero_state,2.746697187423706,0.4197143614292145,0.12907713651657104,dataset_2_keyframe_4,0.0
78,1.2807033061981201,2.733245372772217,3.738403393072076e-05,0.017696380615234375,15.455523490905762,zero_state,2.733245372772217,0.41900634765625,0.12800021469593048,dataset_2_keyframe_4,0.0
79,1.2805522680282593,2.73189115524292,3.9672853745287284e-05,0.01770324818789959,15.430277824401855,zero_state,2.73189115524292,0.41912841796875,0.12842099368572235,dataset_2_keyframe_4,0.0
80,1.2794698476791382,2.729018449783325,4.4759115553461015e-05,0.017673492431640625,15.412984848022461,zero_state,2.729018449783325,0.41851806640625,0.12830959260463715,dataset_2_keyframe_4,0.0
81,1.2783821821212769,2.728473663330078,3.560384357115254e-05,0.01767222210764885,15.412435531616211,zero_state,2.728473663330078,0.41853028535842896,0.12823998928070068,dataset_2_keyframe_4,0.0
82,1.2832072973251343,2.7337646484375,3.7129721022211015e-05,0.01767323911190033,15.4352445602417,zero_state,2.7337646484375,0.41888427734375,0.12892349064350128,dataset_2_keyframe_4,0.0
83,1.281543254852295,2.732454538345337,3.1280520488508046e-05,0.01767730712890625,15.436182975769043,zero_state,2.732454538345337,0.41937255859375,0.12878195941448212,dataset_2_keyframe_4,0.0
84,1.2877895832061768,2.743767261505127,4.2724612285383046e-05,0.017881521955132484,15.486542701721191,zero_state,2.743767261505127,0.41975098848342896,0.1294969767332077,dataset_2_keyframe_4,0.0
85,1.2936886548995972,2.758141040802002,4.399617682793178e-05,0.01801757887005806,15.560487747192383,zero_state,2.758141040802002,0.4201904237270355,0.12997911870479584,dataset_2_keyframe_4,0.0
86,1.302195429801941,2.7739417552948,3.9672853745287284e-05,0.01806081272661686,15.653376579284668,zero_state,2.7739417552948,0.417236328125,0.1306617259979248,dataset_2_keyframe_4,0.0
87,1.3068902492523193,2.7849838733673096,4.2724612285383046e-05,0.01826985739171505,15.708359718322754,zero_state,2.7849838733673096,0.42359620332717896,0.13156087696552277,dataset_2_keyframe_4,0.0
88,1.3131784200668335,2.799694299697876,3.8909915019758046e-05,0.01831461675465107,15.80482006072998,zero_state,2.799694299697876,0.42210695147514343,0.1318897157907486,dataset_2_keyframe_4,0.0
89,1.3215477466583252,2.8134186267852783,3.840128920273855e-05,0.018422700464725494,15.875138282775879,zero_state,2.8134186267852783,0.42442628741264343,0.1328292042016983,dataset_2_keyframe_4,0.0
90,1.3257553577423096,2.8229124546051025,3.814697629422881e-05,0.018495433032512665,15.946094512939453,zero_state,2.8229124546051025,0.4254150390625,0.13292847573757172,dataset_2_keyframe_4,0.0
91,1.331001877784729,2.833390951156616,3.86556021112483e-05,0.01854756847023964,15.997920989990234,zero_state,2.833390951156616,0.4255615174770355,0.133480504155159,dataset_2_keyframe_4,0.0
92,1.3318092823028564,2.8356680870056152,3.5858156479662284e-05,0.01854400709271431,16.027236938476562,zero_state,2.8356680870056152,0.42296144366264343,0.1330527514219284,dataset_2_keyframe_4,0.0
93,1.3315672874450684,2.835777759552002,3.992716665379703e-05,0.018545279279351234,16.03239631652832,zero_state,2.835777759552002,0.42498779296875,0.13345609605312347,dataset_2_keyframe_4,0.0
94,1.3347504138946533,2.839650869369507,4.3487551010912284e-05,0.0185775775462389,16.04891586303711,zero_state,2.839650869369507,0.42320558428764343,0.13356585800647736,dataset_2_keyframe_4,0.0
95,1.3323707580566406,2.837514638900757,4.297892519389279e-05,0.0185521449893713,16.04302215576172,zero_state,2.837514638900757,0.4224853515625,0.13333596289157867,dataset_2_keyframe_4,0.0
96,1.3318970203399658,2.8388328552246094,4.043579247081652e-05,0.01856180839240551,16.052194595336914,zero_state,2.8388328552246094,0.42253419756889343,0.13304074108600616,dataset_2_keyframe_4,0.0
97,1.3327840566635132,2.837718963623047,4.196167355985381e-05,0.018502045422792435,16.036113739013672,zero_state,2.837718963623047,0.42231446504592896,0.133555606007576,dataset_2_keyframe_4,0.0
98,1.3277392387390137,2.832963228225708,3.763834683923051e-05,0.01846415363252163,16.017837524414062,zero_state,2.832963228225708,0.42186281085014343,0.1330837458372116,dataset_2_keyframe_4,0.0
99,1.3279458284378052,2.831526756286621,3.814697629422881e-05,0.018450673669576645,16.007511138916016,zero_state,2.831526756286621,0.42222902178764343,0.13325443863868713,dataset_2_keyframe_4,0.0
100,1.3235646486282349,2.829282522201538,3.611246938817203e-05,0.018456777557730675,16.000802993774414,zero_state,2.829282522201538,0.4209960997104645,0.13257525861263275,dataset_2_keyframe_4,0.0
101,1.318367838859558,2.8238024711608887,3.941854083677754e-05,0.01831105723977089,16.00138282775879,zero_state,2.8238024711608887,0.41999512910842896,0.13154065608978271,dataset_2_keyframe_4,0.0
102,1.3191529512405396,2.8257429599761963,3.560384357115254e-05,0.01833089254796505,15.988430976867676,zero_state,2.8257429599761963,0.41828614473342896,0.13196997344493866,dataset_2_keyframe_4,0.0
103,1.320418119430542,2.8279776573181152,3.662109520519152e-05,0.018332673236727715,15.992647171020508,zero_state,2.8279776573181152,0.4185546934604645,0.13235126435756683,dataset_2_keyframe_4,0.0
104,1.3174678087234497,2.8259027004241943,3.8909915019758046e-05,0.018287405371665955,15.97379207611084,zero_state,2.8259027004241943,0.4174560606479645,0.1323729306459427,dataset_2_keyframe_4,0.0
105,1.3162341117858887,2.8279666900634766,4.552205791696906e-05,0.01830342784523964,15.993034362792969,zero_state,2.8279666900634766,0.41743165254592896,0.1322944015264511,dataset_2_keyframe_4,0.0
106,1.318379282951355,2.8340682983398438,3.178914630552754e-05,0.018283335492014885,16.028141021728516,zero_state,2.8340682983398438,0.4163818359375,0.13249757885932922,dataset_2_keyframe_4,0.0
107,1.3165454864501953,2.836501121520996,2.975463939947076e-05,0.018276216462254524,16.046443939208984,zero_state,2.836501121520996,0.4158691465854645,0.1321766972541809,dataset_2_keyframe_4,0.0
108,1.3160781860351562,2.8409602642059326,3.5095217754133046e-05,0.01828867755830288,16.064374923706055,zero_state,2.8409602642059326,0.41386720538139343,0.1322650909423828,dataset_2_keyframe_4,0.0
109,1.3231194019317627,2.853652238845825,3.814697629422881e-05,0.018371837213635445,16.113079071044922,zero_state,2.853652238845825,0.4095703065395355,0.13318787515163422,dataset_2_keyframe_4,0.0
110,1.3220551013946533,2.859198808670044,3.382364957360551e-05,0.018405916169285774,16.14905548095703,zero_state,2.859198808670044,0.4087890684604645,0.13322262465953827,dataset_2_keyframe_4,0.0
111,1.323465347290039,2.863391876220703,3.814697629422881e-05,0.018402863293886185,16.185909271240234,zero_state,2.863391876220703,0.4085937440395355,0.13317173719406128,dataset_2_keyframe_4,0.0
112,1.3241841793060303,2.871572256088257,3.0263267035479657e-05,0.01842549815773964,16.22442626953125,zero_state,2.871572256088257,0.4089599549770355,0.13328257203102112,dataset_2_keyframe_4,0.0
113,1.3284900188446045,2.8816752433776855,3.814697629422881e-05,0.018475597724318504,16.279071807861328,zero_state,2.8816752433776855,0.409423828125,0.133935809135437,dataset_2_keyframe_4,0.0
114,1.3328791856765747,2.89172625541687,3.229777212254703e-05,0.01857554167509079,16.340911865234375,zero_state,2.89172625541687,0.41009521484375,0.13413190841674805,dataset_2_keyframe_4,0.0
115,1.3412097692489624,2.9049465656280518,3.5858156479662284e-05,0.01864471472799778,16.39812469482422,zero_state,2.9049465656280518,0.4095703065395355,0.1350281983613968,dataset_2_keyframe_4,0.0
116,1.3460946083068848,2.9159016609191895,3.814697629422881e-05,0.01876373402774334,16.452098846435547,zero_state,2.9159016609191895,0.40983888506889343,0.13543982803821564,dataset_2_keyframe_4,0.0
117,1.3484787940979004,2.920868158340454,3.534953066264279e-05,0.01879933848977089,16.50580406188965,zero_state,2.920868158340454,0.4104370176792145,0.1354442834854126,dataset_2_keyframe_4,0.0
118,1.3480076789855957,2.921919107437134,3.356933666509576e-05,0.01876220852136612,16.534244537353516,zero_state,2.921919107437134,0.41258546710014343,0.13508786261081696,dataset_2_keyframe_4,0.0
119,1.3561043739318848,2.9331626892089844,3.4332275390625e-05,0.01891530491411686,16.57513999938965,zero_state,2.9331626892089844,0.41534423828125,0.13629797101020813,dataset_2_keyframe_4,0.0
120,1.368018627166748,2.9522719383239746,3.7892659747740254e-05,0.0190556850284338,16.655946731567383,zero_state,2.9522719383239746,0.41651612520217896,0.137590691447258,dataset_2_keyframe_4,0.0
121,1.3752100467681885,2.9661552906036377,4.196167355985381e-05,0.019196320325136185,16.73957633972168,zero_state,2.9661552906036377,0.4161376953125,0.13816089928150177,dataset_2_keyframe_4,0.0
122,1.3834975957870483,2.979945659637451,3.611246938817203e-05,0.01927083358168602,16.819278717041016,zero_state,2.979945659637451,0.41712647676467896,0.13889801502227783,dataset_2_keyframe_4,0.0
123,1.3935656547546387,2.997267007827759,3.306071084807627e-05,0.01935933530330658,16.95691680908203,zero_state,2.997267007827759,0.41981202363967896,0.13913629949092865,dataset_2_keyframe_4,0.0
124,1.4115726947784424,3.0264129638671875,3.382364957360551e-05,0.01957550086081028,17.097639083862305,zero_state,3.0264129638671875,0.42364501953125,0.1412092000246048,dataset_2_keyframe_4,0.0
125,1.426072120666504,3.0509095191955566,3.840128920273855e-05,0.01979065127670765,17.2503604888916,zero_state,3.0509095191955566,0.4249633848667145,0.1422068178653717,dataset_2_keyframe_4,0.0
126,1.4413645267486572,3.0739316940307617,3.814697629422881e-05,0.01990000531077385,17.38996696472168,zero_state,3.0739316940307617,0.4217163026332855,0.14351239800453186,dataset_2_keyframe_4,0.0
127,1.4404233694076538,3.0738871097564697,3.4077962482115254e-05,0.019827526062726974,17.435184478759766,zero_state,3.0738871097564697,0.4264160096645355,0.1426571011543274,dataset_2_keyframe_4,0.0
0,3.9035067558288574,6.028398513793945,2.1107993234181777e-05,0.07066752761602402,33.93973922729492,random_state,6.028398513793945,0.834216296672821,0.36117488145828247,dataset_2_keyframe_4,0.0
1,3.9902172088623047,6.130081653594971,2.059936559817288e-05,0.07070287317037582,34.05924606323242,random_state,6.130081653594971,0.780871570110321,0.36140599846839905,dataset_2_keyframe_4,5.626015663146973
2,3.9596707820892334,6.088037967681885,1.8564860511105508e-05,0.07014058530330658,33.961727142333984,random_state,6.088037967681885,0.7795654535293579,0.3600485026836395,dataset_2_keyframe_4,5.152329444885254
3,3.904308319091797,6.016373634338379,2.2888185412739404e-05,0.06953100115060806,33.69662857055664,random_state,6.016373634338379,0.794787585735321,0.3620530068874359,dataset_2_keyframe_4,3.3985462188720703
4,3.8933682441711426,6.007492542266846,2.314249832124915e-05,0.0693359375,33.64655685424805,random_state,6.007492542266846,0.803332507610321,0.36132797598838806,dataset_2_keyframe_4,3.3291306495666504
5,3.9045956134796143,6.005463600158691,2.1107993234181777e-05,0.06917598098516464,33.606422424316406,random_state,6.005463600158691,0.797045886516571,0.36137279868125916,dataset_2_keyframe_4,3.748944044113159
6,3.8973429203033447,5.996868133544922,2.4922690499806777e-05,0.06866887956857681,33.55561447143555,random_state,5.996868133544922,0.794995129108429,0.35999777913093567,dataset_2_keyframe_4,4.010520935058594
7,3.8783912658691406,5.970224380493164,2.009073978115339e-05,0.06781260669231415,33.424652099609375,random_state,5.970224380493164,0.7903808951377869,0.35686659812927246,dataset_2_keyframe_4,4.044633388519287
8,3.8812639713287354,5.971379280090332,2.6194255042355508e-05,0.06798680871725082,33.37440490722656,random_state,5.971379280090332,0.7828369140625,0.3570825755596161,dataset_2_keyframe_4,4.032574653625488
9,3.8536648750305176,5.930513381958008,2.4414064682787284e-05,0.06695887446403503,33.20895004272461,random_state,5.930513381958008,0.7808837890625,0.3542652726173401,dataset_2_keyframe_4,3.877133846282959
10,3.8413245677948,5.908731937408447,1.52587890625e-05,0.06644999235868454,33.026092529296875,random_state,5.908731937408447,0.773999035358429,0.3523571193218231,dataset_2_keyframe_4,3.940622568130493
11,3.8232810497283936,5.879631042480469,2.6448569769854657e-05,0.06591670215129852,32.86000061035156,random_state,5.879631042480469,0.7724243402481079,0.35104677081108093,dataset_2_keyframe_4,3.9011480808258057
12,3.7900283336639404,5.837944030761719,2.390543704677839e-05,0.06491877883672714,32.623268127441406,random_state,5.837944030761719,0.774182140827179,0.3486585319042206,dataset_2_keyframe_4,3.8757035732269287
13,3.7494711875915527,5.791407585144043,2.2633872504229657e-05,0.06391474604606628,32.37754821777344,random_state,5.791407585144043,0.7479248046875,0.3426927924156189,dataset_2_keyframe_4,3.866469621658325
14,3.7111613750457764,5.740434169769287,2.314249832124915e-05,0.06285654753446579,32.10166549682617,random_state,5.740434169769287,0.758984386920929,0.3400687575340271,dataset_2_keyframe_4,3.8374478816986084
15,3.646946907043457,5.663105487823486,2.5685629225336015e-05,0.06090902164578438,31.69363021850586,random_state,5.663105487823486,0.7278076410293579,0.33197447657585144,dataset_2_keyframe_4,3.7860159873962402
16,3.5841193199157715,5.588344573974609,2.8991700673941523e-05,0.059138745069503784,31.255178451538086,random_state,5.588344573974609,0.723095715045929,0.32732102274894714,dataset_2_keyframe_4,3.7563798427581787
17,3.525866746902466,5.51976203918457,3.3315023756586015e-05,0.05750223994255066,30.8159236907959,random_state,5.51976203918457,0.714611828327179,0.3226291835308075,dataset_2_keyframe_4,3.700303792953491
18,3.456162929534912,5.434451580047607,2.924601358245127e-05,0.055550895631313324,30.37037467956543,random_state,5.434451580047607,0.700305163860321,0.31523704528808594,dataset_2_keyframe_4,3.6428563594818115
19,3.384467601776123,5.349339485168457,3.3315023756586015e-05,0.05356394872069359,29.896764755249023,random_state,5.349339485168457,0.687915027141571,0.30852919816970825,dataset_2_keyframe_4,3.590564012527466
20,3.3181326389312744,5.265970706939697,3.0263267035479657e-05,0.0516560897231102,29.371883392333984,random_state,5.265970706939697,0.673779308795929,0.3014325797557831,dataset_2_keyframe_4,3.5467400550842285
21,3.2333617210388184,5.163976669311523,3.560384357115254e-05,0.04949468374252319,28.825550079345703,random_state,5.163976669311523,0.6575927734375,0.29354915022850037,dataset_2_keyframe_4,3.477169990539551
22,3.145944595336914,5.055315017700195,4.704793536802754e-05,0.04716390371322632,28.238677978515625,random_state,5.055315017700195,0.6447510123252869,0.28623366355895996,dataset_2_keyframe_4,3.4098198413848877
23,3.0487022399902344,4.939708709716797,4.119873119634576e-05,0.044725801795721054,27.60643768310547,random_state,4.939708709716797,0.635180652141571,0.277480810880661,dataset_2_keyframe_4,3.3227100372314453
24,2.9528610706329346,4.81728982925415,4.196167355985381e-05,0.042132824659347534,26.909969329833984,random_state,4.81728982925415,0.6264892816543579,0.2689313590526581,dataset_2_keyframe_4,3.244072675704956
25,2.8477272987365723,4.6803998947143555,4.450480264495127e-05,0.03930511698126793,26.15222930908203,random_state,4.6803998947143555,0.615405261516571,0.2592988610267639,dataset_2_keyframe_4,3.1678707599639893
26,2.7373552322387695,4.539019584655762,4.603068373398855e-05,0.036425527185201645,25.39280128479004,random_state,4.539019584655762,0.5932861566543579,0.24892976880073547,dataset_2_keyframe_4,3.0630593299865723
27,2.6460044384002686,4.418994426727295,5.645752389682457e-05,0.03445129469037056,24.648143768310547,random_state,4.418994426727295,0.585583508014679,0.24146917462348938,dataset_2_keyframe_4,2.9822778701782227
28,2.5404787063598633,4.274589538574219,5.4931642807787284e-05,0.03224080428481102,23.888200759887695,random_state,4.274589538574219,0.5738281607627869,0.23123939335346222,dataset_2_keyframe_4,2.896700143814087
29,2.434504747390747,4.133148193359375,6.0526534070959315e-05,0.03047231212258339,23.106903076171875,random_state,4.133148193359375,0.557690441608429,0.22113505005836487,dataset_2_keyframe_4,2.79982328414917
30,2.33143949508667,3.994802951812744,6.408691842807457e-05,0.0288467425853014,22.321826934814453,random_state,3.994802951812744,0.544567883014679,0.2120724767446518,dataset_2_keyframe_4,2.708176374435425
31,2.2377541065216064,3.8627490997314453,6.357829261105508e-05,0.02736816555261612,21.5804500579834,random_state,3.8627490997314453,0.5302490592002869,0.20333683490753174,dataset_2_keyframe_4,2.6105711460113525
32,2.15507173538208,3.7459542751312256,7.171631295932457e-05,0.02609049528837204,20.889732360839844,random_state,3.7459542751312256,0.5161499381065369,0.19576148688793182,dataset_2_keyframe_4,2.5250213146209717
33,2.0766093730926514,3.6355135440826416,6.96818096912466e-05,0.025001272559165955,20.252214431762695,random_state,3.6355135440826416,0.5032715201377869,0.18907086551189423,dataset_2_keyframe_4,2.4540252685546875
34,2.0040440559387207,3.5260372161865234,7.68025784054771e-05,0.023907726630568504,19.647706985473633,random_state,3.5260372161865234,0.4925781190395355,0.18195703625679016,dataset_2_keyframe_4,2.384748935699463
35,1.9328395128250122,3.424243211746216,7.73112042224966e-05,0.022940827533602715,19.087175369262695,random_state,3.424243211746216,0.48304444551467896,0.1748141050338745,dataset_2_keyframe_4,2.3152213096618652
36,1.8723773956298828,3.336583137512207,7.756551349302754e-05,0.022151948884129524,18.582429885864258,random_state,3.336583137512207,0.4757446348667145,0.1696992814540863,dataset_2_keyframe_4,2.248115062713623
37,1.821833610534668,3.262482166290283,7.324219041038305e-05,0.02152303233742714,18.130207061767578,random_state,3.262482166290283,0.4687744081020355,0.16575978696346283,dataset_2_keyframe_4,2.1935694217681885
38,1.7793374061584473,3.194040536880493,8.239746239269152e-05,0.020935313776135445,17.753767013549805,random_state,3.194040536880493,0.4620727598667145,0.16151343286037445,dataset_2_keyframe_4,2.1399717330932617
39,1.745664358139038,3.138184070587158,8.138021075865254e-05,0.020527904853224754,17.4122257232666,random_state,3.138184070587158,0.457763671875,0.15807285904884338,dataset_2_keyframe_4,2.1283187866210938
40,1.715943694114685,3.0821399688720703,7.29878811398521e-05,0.02006225660443306,17.10405731201172,random_state,3.0821399688720703,0.45274659991264343,0.15505409240722656,dataset_2_keyframe_4,2.111137628555298
41,1.6639864444732666,3.031252145767212,9.104411583393812e-05,0.019688162952661514,16.852746963500977,random_state,3.031252145767212,0.4515747129917145,0.15173979103565216,dataset_2_keyframe_4,2.0090065002441406
42,1.6352026462554932,2.977191209793091,9.841919381869957e-05,0.01913554035127163,16.525707244873047,random_state,2.977191209793091,0.44146728515625,0.1486143320798874,dataset_2_keyframe_4,1.9901118278503418
43,1.5988311767578125,2.916814088821411,9.485881309956312e-05,0.01863403432071209,16.20088005065918,random_state,2.916814088821411,0.43687745928764343,0.14502285420894623,dataset_2_keyframe_4,1.955277681350708
44,1.581117868423462,2.8914530277252197,8.239746239269152e-05,0.018520357087254524,16.032621383666992,random_state,2.8914530277252197,0.44013673067092896,0.14337441325187683,dataset_2_keyframe_4,1.9471263885498047
45,1.5922858715057373,2.884788990020752,8.417765639023855e-05,0.01849568821489811,15.956753730773926,random_state,2.884788990020752,0.43995362520217896,0.14370040595531464,dataset_2_keyframe_4,2.0027613639831543
46,1.575295090675354,2.859846591949463,8.087158494163305e-05,0.01839192770421505,15.870835304260254,random_state,2.859846591949463,0.4338012635707855,0.14120709896087646,dataset_2_keyframe_4,1.9544379711151123
47,1.5323690176010132,2.8308775424957275,0.00010096232290379703,0.018220774829387665,15.783132553100586,random_state,2.8308775424957275,0.43983155488967896,0.1394534707069397,dataset_2_keyframe_4,1.663899540901184
48,1.5481868982315063,2.834169387817383,9.155274165095761e-05,0.01816101185977459,15.769392013549805,random_state,2.834169387817383,0.4344116151332855,0.13933821022510529,dataset_2_keyframe_4,1.9025580883026123
49,1.5910159349441528,2.8499960899353027,8.595785038778558e-05,0.017888642847537994,15.765079498291016,random_state,2.8499960899353027,0.4364990293979645,0.14202751219272614,dataset_2_keyframe_4,2.2799205780029297
50,1.5317111015319824,2.814706325531006,9.25699932849966e-05,0.01797994039952755,15.687440872192383,random_state,2.814706325531006,0.4313110411167145,0.138556107878685,dataset_2_keyframe_4,1.7547781467437744
51,1.5059690475463867,2.8047447204589844,9.053549001691863e-05,0.018077341839671135,15.672259330749512,random_state,2.8047447204589844,0.4405151307582855,0.13798049092292786,dataset_2_keyframe_4,1.5489014387130737
52,1.5245774984359741,2.8155887126922607,0.00010045369708677754,0.018132274970412254,15.698075294494629,random_state,2.8155887126922607,0.4441284239292145,0.13918368518352509,dataset_2_keyframe_4,1.6418108940124512
53,1.549336314201355,2.8280420303344727,9.307861910201609e-05,0.0179672259837389,15.737311363220215,random_state,2.8280420303344727,0.4420410096645355,0.14036980271339417,dataset_2_keyframe_4,1.9047297239303589
54,1.5405452251434326,2.828099012374878,8.748372783884406e-05,0.018018851056694984,15.75740909576416,random_state,2.828099012374878,0.4439453184604645,0.14035354554653168,dataset_2_keyframe_4,1.8596248626708984
55,1.557557225227356,2.8411014080047607,8.544922457076609e-05,0.01813608966767788,15.812003135681152,random_state,2.8411014080047607,0.44573974609375,0.14175276458263397,dataset_2_keyframe_4,1.8667495250701904
56,1.5533305406570435,2.8456954956054688,9.740194218466058e-05,0.018282318487763405,15.860025405883789,random_state,2.8456954956054688,0.4480224549770355,0.14161577820777893,dataset_2_keyframe_4,1.8516120910644531
57,1.561714768409729,2.854614019393921,9.689331636764109e-05,0.018308259546756744,15.9061279296875,random_state,2.854614019393921,0.44841310381889343,0.14229464530944824,dataset_2_keyframe_4,1.877486228942871
58,1.5786082744598389,2.866652488708496,8.621215965831652e-05,0.01834971271455288,15.94678020477295,random_state,2.866652488708496,0.44752198457717896,0.1431516706943512,dataset_2_keyframe_4,1.9441776275634766
59,1.5747567415237427,2.875053644180298,8.900960528990254e-05,0.018465932458639145,16.015066146850586,random_state,2.875053644180298,0.4487670958042145,0.14351044595241547,dataset_2_keyframe_4,1.9104892015457153
60,1.570144534111023,2.879775047302246,8.417765639023855e-05,0.018451182171702385,16.076444625854492,random_state,2.879775047302246,0.4481201171875,0.14277803897857666,dataset_2_keyframe_4,1.9443082809448242
61,1.5755189657211304,2.8938636779785156,9.892781963571906e-05,0.01866404339671135,16.129247665405273,random_state,2.8938636779785156,0.4434448182582855,0.14397218823432922,dataset_2_keyframe_4,1.9054533243179321
62,1.5783953666687012,2.9052274227142334,9.20613674679771e-05,0.01875305362045765,16.176589965820312,random_state,2.9052274227142334,0.4398559629917145,0.14454174041748047,dataset_2_keyframe_4,1.9431774616241455
63,1.5747547149658203,2.9021384716033936,8.82466702023521e-05,0.01857198216021061,16.1837215423584,random_state,2.9021384716033936,0.44300538301467896,0.143834188580513,dataset_2_keyframe_4,1.867774486541748
64,1.5914722681045532,2.9092822074890137,8.748372783884406e-05,0.018513236194849014,16.190635681152344,random_state,2.9092822074890137,0.44182130694389343,0.14435134828090668,dataset_2_keyframe_4,2.119894504547119
65,1.6296072006225586,2.9296534061431885,7.781983003951609e-05,0.01842193678021431,16.226505279541016,random_state,2.9296534061431885,0.4385986328125,0.14561592042446136,dataset_2_keyframe_4,2.4893686771392822
66,1.6163620948791504,2.9179177284240723,7.095337059581652e-05,0.01843465305864811,16.16912269592285,random_state,2.9179177284240723,0.43522951006889343,0.14588236808776855,dataset_2_keyframe_4,2.2668328285217285
67,1.6057664155960083,2.909327268600464,7.756551349302754e-05,0.018353018909692764,16.125629425048828,random_state,2.909327268600464,0.4319091737270355,0.14474745094776154,dataset_2_keyframe_4,2.2556710243225098
68,1.5865497589111328,2.8948776721954346,7.34965069568716e-05,0.018370820209383965,16.064159393310547,random_state,2.8948776721954346,0.4300293028354645,0.143910214304924,dataset_2_keyframe_4,2.063950777053833
69,1.5759204626083374,2.8825786113739014,8.265177893918008e-05,0.018242646008729935,16.01325798034668,random_state,2.8825786113739014,0.42852783203125,0.14272506535053253,dataset_2_keyframe_4,2.0044853687286377
70,1.552115559577942,2.8665952682495117,8.290608820971102e-05,0.018158214166760445,15.937262535095215,random_state,2.8665952682495117,0.4278198182582855,0.14151570200920105,dataset_2_keyframe_4,1.9077091217041016
71,1.5388344526290894,2.8557701110839844,9.816488454816863e-05,0.01798401027917862,15.882570266723633,random_state,2.8557701110839844,0.4256958067417145,0.1403498500585556,dataset_2_keyframe_4,1.9154021739959717
72,1.5265823602676392,2.8437259197235107,9.435018728254363e-05,0.01789550855755806,15.817708015441895,random_state,2.8437259197235107,0.42442628741264343,0.13935410976409912,dataset_2_keyframe_4,1.8898816108703613
73,1.521039366722107,2.829820394515991,8.49405987537466e-05,0.01776326633989811,15.750736236572266,random_state,2.829820394515991,0.4246582090854645,0.1388799399137497,dataset_2_keyframe_4,1.9033071994781494
74,1.506128191947937,2.8144853115081787,0.00010197958181379363,0.017700958997011185,15.673828125,random_state,2.8144853115081787,0.424560546875,0.13751521706581116,dataset_2_keyframe_4,1.8679478168487549
75,1.497737169265747,2.8023529052734375,9.765625873114914e-05,0.017532603815197945,15.613616943359375,random_state,2.8023529052734375,0.42253419756889343,0.13682997226715088,dataset_2_keyframe_4,1.866380214691162
76,1.493880033493042,2.791691780090332,9.63846905506216e-05,0.017447154968976974,15.54851245880127,random_state,2.791691780090332,0.4212280213832855,0.13606418669223785,dataset_2_keyframe_4,1.8612741231918335
77,1.4918596744537354,2.7867798805236816,9.918213618220761e-05,0.01739705540239811,15.508151054382324,random_state,2.7867798805236816,0.4197143614292145,0.13596946001052856,dataset_2_keyframe_4,1.8643147945404053
78,1.485635757446289,2.7750587463378906,9.511312237009406e-05,0.017326610162854195,15.455523490905762,random_state,2.7750587463378906,0.41900634765625,0.1350991576910019,dataset_2_keyframe_4,1.8791779279708862
79,1.4757206439971924,2.770153284072876,9.562174818711355e-05,0.01733195036649704,15.430277824401855,random_state,2.770153284072876,0.41912841796875,0.13480959832668304,dataset_2_keyframe_4,1.8383684158325195
80,1.4739677906036377,2.766423463821411,0.00010299683344783261,0.01731007918715477,15.412984848022461,random_state,2.766423463821411,0.41851806640625,0.13460245728492737,dataset_2_keyframe_4,1.8365569114685059
81,1.4650124311447144,2.7640035152435303,9.841919381869957e-05,0.01734720915555954,15.412435531616211,random_state,2.7640035152435303,0.41853028535842896,0.13427212834358215,dataset_2_keyframe_4,1.804456114768982
82,1.4699667692184448,2.7693252563476562,0.00011088053724961355,0.017338817939162254,15.4352445602417,random_state,2.7693252563476562,0.41888427734375,0.1346312314271927,dataset_2_keyframe_4,1.7948496341705322
83,1.4541820287704468,2.7644331455230713,9.740194218466058e-05,0.017242178320884705,15.436182975769043,random_state,2.7644331455230713,0.41937255859375,0.1340053379535675,dataset_2_keyframe_4,1.7504786252975464
84,1.4814677238464355,2.7824909687042236,9.562174818711355e-05,0.017445120960474014,15.486542701721191,random_state,2.7824909687042236,0.41975098848342896,0.13585223257541656,dataset_2_keyframe_4,1.8858330249786377
85,1.4893903732299805,2.7963380813598633,9.536743891658261e-05,0.017640432342886925,15.560487747192383,random_state,2.7963380813598633,0.4201904237270355,0.13655386865139008,dataset_2_keyframe_4,1.8412586450576782
86,1.5028084516525269,2.813169002532959,9.358724491903558e-05,0.017661795020103455,15.653376579284668,random_state,2.813169002532959,0.417236328125,0.13740547001361847,dataset_2_keyframe_4,1.8628811836242676
87,1.5047855377197266,2.8223066329956055,9.918213618220761e-05,0.01782124862074852,15.708359718322754,random_state,2.8223066329956055,0.42359620332717896,0.13812804222106934,dataset_2_keyframe_4,1.8346734046936035
88,1.499252438545227,2.833220958709717,0.00010579427907941863,0.01788381114602089,15.80482006072998,random_state,2.833220958709717,0.42210695147514343,0.13777880370616913,dataset_2_keyframe_4,1.8441691398620605
89,1.5228122472763062,2.852207660675049,8.773804438533261e-05,0.0181045550853014,15.875138282775879,random_state,2.852207660675049,0.42442628741264343,0.13956265151500702,dataset_2_keyframe_4,1.8604545593261719
90,1.535016417503357,2.864398241043091,9.104411583393812e-05,0.01814982108771801,15.946094512939453,random_state,2.864398241043091,0.4254150390625,0.1398995965719223,dataset_2_keyframe_4,1.9208450317382812
91,1.5390207767486572,2.875976085662842,9.536743891658261e-05,0.018220774829387665,15.997920989990234,random_state,2.875976085662842,0.4255615174770355,0.14062407612800598,dataset_2_keyframe_4,1.9319647550582886
92,1.53316330909729,2.874589204788208,9.892781963571906e-05,0.01811014860868454,16.027236938476562,random_state,2.874589204788208,0.42296144366264343,0.1396862119436264,dataset_2_keyframe_4,1.991001844406128
93,1.534397006034851,2.8764405250549316,8.900960528990254e-05,0.018143972381949425,16.03239631652832,random_state,2.8764405250549316,0.42498779296875,0.14035849273204803,dataset_2_keyframe_4,1.9399733543395996
94,1.5324769020080566,2.880188465118408,9.613037400413305e-05,0.018106333911418915,16.04891586303711,random_state,2.880188465118408,0.42320558428764343,0.14009301364421844,dataset_2_keyframe_4,2.0106472969055176
95,1.533637285232544,2.87839412689209,8.926392183639109e-05,0.01807810552418232,16.04302215576172,random_state,2.87839412689209,0.4224853515625,0.1400507688522339,dataset_2_keyframe_4,2.0344960689544678
96,1.5270259380340576,2.8787477016448975,9.791056800168008e-05,0.01812083087861538,16.052194595336914,random_state,2.8787477016448975,0.42253419756889343,0.1393059343099594,dataset_2_keyframe_4,1.9813580513000488
97,1.5277529954910278,2.8760619163513184,9.384155418956652e-05,0.01805470883846283,16.036113739013672,random_state,2.8760619163513184,0.42231446504592896,0.13997779786586761,dataset_2_keyframe_4,1.923892617225647
98,1.5503629446029663,2.879096508026123,9.485881309956312e-05,0.018036143854260445,16.017837524414062,random_state,2.879096508026123,0.42186281085014343,0.14089332520961761,dataset_2_keyframe_4,2.000325918197632
99,1.5484830141067505,2.8767685890197754,8.977254765341058e-05,0.01802978664636612,16.007511138916016,random_state,2.8767685890197754,0.42222902178764343,0.14113730192184448,dataset_2_keyframe_4,1.98106050491333
100,1.5385760068893433,2.8721227645874023,9.613037400413305e-05,0.018029531463980675,16.000802993774414,random_state,2.8721227645874023,0.4209960997104645,0.13980798423290253,dataset_2_keyframe_4,1.9523651599884033
101,1.5419989824295044,2.8698408603668213,8.138021075865254e-05,0.01792500913143158,16.00138282775879,random_state,2.8698408603668213,0.41999512910842896,0.1393740475177765,dataset_2_keyframe_4,1.9795050621032715
102,1.5398962497711182,2.870403528213501,8.366903057321906e-05,0.01798197440803051,15.988430976867676,random_state,2.870403528213501,0.41828614473342896,0.13990271091461182,dataset_2_keyframe_4,1.9604792594909668
103,1.527358889579773,2.868722915649414,9.460449655307457e-05,0.01796925999224186,15.992647171020508,random_state,2.868722915649414,0.4185546934604645,0.1393691599369049,dataset_2_keyframe_4,1.920301079750061
104,1.524664044380188,2.866623878479004,9.613037400413305e-05,0.01790924184024334,15.97379207611084,random_state,2.866623878479004,0.4174560606479645,0.13930049538612366,dataset_2_keyframe_4,1.8905391693115234
105,1.5269516706466675,2.868851900100708,9.943644545273855e-05,0.01795298419892788,15.993034362792969,random_state,2.868851900100708,0.41743165254592896,0.13960181176662445,dataset_2_keyframe_4,1.9048435688018799
106,1.534321665763855,2.876805543899536,9.511312237009406e-05,0.017941031605005264,16.028141021728516,random_state,2.876805543899536,0.4163818359375,0.13994263112545013,dataset_2_keyframe_4,1.9272767305374146
107,1.5332547426223755,2.880033254623413,8.595785038778558e-05,0.01793009601533413,16.046443939208984,random_state,2.880033254623413,0.4158691465854645,0.13986694812774658,dataset_2_keyframe_4,1.913406252861023
108,1.5267441272735596,2.8813045024871826,9.25699932849966e-05,0.01796824298799038,16.064374923706055,random_state,2.8813045024871826,0.41386720538139343,0.13957913219928741,dataset_2_keyframe_4,1.9102340936660767
109,1.5629242658615112,2.905613899230957,8.799235365586355e-05,0.018106842413544655,16.113079071044922,random_state,2.905613899230957,0.4095703065395355,0.1420907974243164,dataset_2_keyframe_4,2.0279836654663086
110,1.532713532447815,2.8994991779327393,9.104411583393812e-05,0.01812388189136982,16.14905548095703,random_state,2.8994991779327393,0.4087890684604645,0.1402442455291748,dataset_2_keyframe_4,1.8825310468673706
111,1.5256712436676025,2.901118516921997,9.714762563817203e-05,0.018108878284692764,16.185909271240234,random_state,2.901118516921997,0.4085937440395355,0.1397763043642044,dataset_2_keyframe_4,1.901430606842041
112,1.5325918197631836,2.9112541675567627,9.765625873114914e-05,0.01819407194852829,16.22442626953125,random_state,2.9112541675567627,0.4089599549770355,0.14027655124664307,dataset_2_keyframe_4,1.9257198572158813
113,1.5462403297424316,2.9239795207977295,9.384155418956652e-05,0.018271638080477715,16.279071807861328,random_state,2.9239795207977295,0.409423828125,0.14157143235206604,dataset_2_keyframe_4,1.9526671171188354
114,1.554492473602295,2.9367024898529053,8.850097947288305e-05,0.018376415595412254,16.340911865234375,random_state,2.9367024898529053,0.41009521484375,0.14180099964141846,dataset_2_keyframe_4,1.993673324584961
115,1.5617321729660034,2.946882724761963,8.265177893918008e-05,0.018513236194849014,16.39812469482422,random_state,2.946882724761963,0.4095703065395355,0.14258398115634918,dataset_2_keyframe_4,1.989320158958435
116,1.5612417459487915,2.9572808742523193,8.82466702023521e-05,0.018644969910383224,16.452098846435547,random_state,2.9572808742523193,0.40983888506889343,0.1428784728050232,dataset_2_keyframe_4,1.9850168228149414
117,1.5756914615631104,2.9658517837524414,8.799235365586355e-05,0.01866963878273964,16.50580406188965,random_state,2.9658517837524414,0.4104370176792145,0.14344631135463715,dataset_2_keyframe_4,2.0305614471435547
118,1.5734786987304688,2.965920925140381,9.129842510446906e-05,0.01863454282283783,16.534244537353516,random_state,2.965920925140381,0.41258546710014343,0.14291664958000183,dataset_2_keyframe_4,1.9983315467834473
119,1.5753707885742188,2.9762463569641113,9.435018728254363e-05,0.01884460635483265,16.57513999938965,random_state,2.9762463569641113,0.41534423828125,0.1437889039516449,dataset_2_keyframe_4,1.9678603410720825
120,1.5843615531921387,2.9938440322875977,9.25699932849966e-05,0.018998464569449425,16.655946731567383,random_state,2.9938440322875977,0.41651612520217896,0.14510278403759003,dataset_2_keyframe_4,1.9533618688583374
121,1.5883854627609253,3.0071871280670166,9.511312237009406e-05,0.019137319177389145,16.73957633972168,random_state,3.0071871280670166,0.4161376953125,0.1455671638250351,dataset_2_keyframe_4,1.9444513320922852
122,1.6036098003387451,3.023794651031494,9.053549001691863e-05,0.019232941791415215,16.819278717041016,random_state,3.023794651031494,0.41712647676467896,0.14655669033527374,dataset_2_keyframe_4,1.9816211462020874
123,1.6126549243927002,3.0405311584472656,8.951823110692203e-05,0.01932067982852459,16.95691680908203,random_state,3.0405311584472656,0.41981202363967896,0.14673234522342682,dataset_2_keyframe_4,2.0200507640838623
124,1.636080265045166,3.070838212966919,8.417765639023855e-05,0.019564565271139145,17.097639083862305,random_state,3.070838212966919,0.42364501953125,0.1492188274860382,dataset_2_keyframe_4,2.036104440689087
125,1.6506736278533936,3.0959255695343018,8.82466702023521e-05,0.01977996900677681,17.2503604888916,random_state,3.0959255695343018,0.4249633848667145,0.1503477841615677,dataset_2_keyframe_4,2.0930910110473633
126,1.6651800870895386,3.1182684898376465,9.028117347043008e-05,0.01992594450712204,17.38996696472168,random_state,3.1182684898376465,0.4217163026332855,0.15148420631885529,dataset_2_keyframe_4,2.0715525150299072
127,1.669492483139038,3.1195805072784424,8.519490802427754e-05,0.019950613379478455,17.435184478759766,random_state,3.1195805072784424,0.4264160096645355,0.15106503665447235,dataset_2_keyframe_4,2.0258779525756836
0,3.9035067558288574,6.028398513793945,2.1107993234181777e-05,0.07066752761602402,33.93973922729492,shuffled_corrected,6.028398513793945,0.834216296672821,0.36117488145828247,dataset_2_keyframe_4,0.0
1,3.940617799758911,6.078832149505615,2.390543704677839e-05,0.07084579765796661,34.17687225341797,shuffled_corrected,6.078832149505615,0.783935546875,0.3614255487918854,dataset_2_keyframe_4,0.0
2,3.937556266784668,6.076748847961426,3.000895412696991e-05,0.0708262175321579,34.21244812011719,shuffled_corrected,6.076748847961426,0.783459484577179,0.3603914678096771,dataset_2_keyframe_4,0.0
3,3.9569408893585205,6.093127727508545,2.4414064682787284e-05,0.07112707197666168,34.18376541137695,shuffled_corrected,6.093127727508545,0.769274890422821,0.3628579080104828,dataset_2_keyframe_4,0.0
4,3.9488158226013184,6.080476760864258,1.9836426872643642e-05,0.0708821639418602,34.18048858642578,shuffled_corrected,6.080476760864258,0.770373523235321,0.36118823289871216,dataset_2_keyframe_4,0.0
5,3.956339120864868,6.077842712402344,2.212524486822076e-05,0.0708669051527977,34.09260559082031,shuffled_corrected,6.077842712402344,0.764111340045929,0.3613334596157074,dataset_2_keyframe_4,0.0
6,3.936074733734131,6.056787014007568,2.0345052689663135e-05,0.07022272795438766,34.08852767944336,shuffled_corrected,6.056787014007568,0.770214855670929,0.35980790853500366,dataset_2_keyframe_4,0.0
7,3.9183688163757324,6.030994415283203,2.5177003408316523e-05,0.06952184438705444,33.991676330566406,shuffled_corrected,6.030994415283203,0.768237292766571,0.35749131441116333,dataset_2_keyframe_4,0.0
8,3.939239025115967,6.04498291015625,2.314249832124915e-05,0.06984787434339523,33.96896743774414,shuffled_corrected,6.04498291015625,0.7574707269668579,0.35660648345947266,dataset_2_keyframe_4,0.0
9,3.8997890949249268,5.992880821228027,2.4159749955288135e-05,0.06844177842140198,33.7811393737793,shuffled_corrected,5.992880821228027,0.7598633170127869,0.35412469506263733,dataset_2_keyframe_4,0.0
10,3.8942155838012695,5.977889537811279,1.8819173419615254e-05,0.06808421015739441,33.70176696777344,shuffled_corrected,5.977889537811279,0.7527832388877869,0.3515269458293915,dataset_2_keyframe_4,0.0
11,3.8960375785827637,5.973618984222412,1.9582113964133896e-05,0.06803945451974869,33.69388961791992,shuffled_corrected,5.973618984222412,0.745007336139679,0.3488050699234009,dataset_2_keyframe_4,0.0
12,3.8488104343414307,5.909727573394775,2.3396811229758896e-05,0.06659622490406036,33.27082443237305,shuffled_corrected,5.909727573394775,0.7439941763877869,0.3478173017501831,dataset_2_keyframe_4,0.0
13,3.828094005584717,5.875732898712158,2.543131631682627e-05,0.06585311889648438,33.163509368896484,shuffled_corrected,5.875732898712158,0.731372058391571,0.34130504727363586,dataset_2_keyframe_4,0.0
14,3.786353826522827,5.8263773918151855,2.2633872504229657e-05,0.06472931057214737,32.82066345214844,shuffled_corrected,5.8263773918151855,0.7297607660293579,0.340331494808197,dataset_2_keyframe_4,0.0
15,3.797480821609497,5.809324741363525,2.2633872504229657e-05,0.06399866938591003,32.921234130859375,shuffled_corrected,5.809324741363525,0.7017822265625,0.3291500210762024,dataset_2_keyframe_4,0.0
16,3.7245635986328125,5.718585968017578,2.2633872504229657e-05,0.061749525368213654,32.44021987915039,shuffled_corrected,5.718585968017578,0.6984009146690369,0.3251197338104248,dataset_2_keyframe_4,0.0
17,3.7161366939544678,5.686586380004883,2.3651124138268642e-05,0.06076253578066826,32.47658920288086,shuffled_corrected,5.686586380004883,0.684680163860321,0.31841084361076355,dataset_2_keyframe_4,0.0
18,3.5180721282958984,5.514514446258545,3.1280520488508046e-05,0.057097118347883224,31.182952880859375,shuffled_corrected,5.514514446258545,0.68170166015625,0.3124173581600189,dataset_2_keyframe_4,0.0
19,3.5155463218688965,5.468037128448486,2.7974447220913135e-05,0.05580342933535576,31.147382736206055,shuffled_corrected,5.468037128448486,0.66644287109375,0.3045322895050049,dataset_2_keyframe_4,0.0
20,3.570096969604492,5.463959217071533,1.9836426872643642e-05,0.054999034851789474,31.57384490966797,shuffled_corrected,5.463959217071533,0.6444091796875,0.29620227217674255,dataset_2_keyframe_4,0.0
21,3.2764933109283447,5.241437911987305,4.0944418287836015e-05,0.051231641322374344,29.70413589477539,shuffled_corrected,5.241437911987305,0.6420532464981079,0.28917786478996277,dataset_2_keyframe_4,0.0
22,3.47414493560791,5.3117289543151855,2.924601358245127e-05,0.050379183143377304,31.03262710571289,shuffled_corrected,5.3117289543151855,0.61614990234375,0.2812907099723816,dataset_2_keyframe_4,0.0
23,3.2077715396881104,5.09184455871582,4.221598646836355e-05,0.047070059925317764,29.230134963989258,shuffled_corrected,5.09184455871582,0.6086670160293579,0.272357314825058,dataset_2_keyframe_4,0.0
24,3.3334062099456787,5.102060317993164,2.4159749955288135e-05,0.04483744502067566,30.005359649658203,shuffled_corrected,5.102060317993164,0.587512195110321,0.26416683197021484,dataset_2_keyframe_4,0.0
25,2.953597068786621,4.810227394104004,4.221598646836355e-05,0.04017028957605362,27.688961029052734,shuffled_corrected,4.810227394104004,0.58148193359375,0.25202712416648865,dataset_2_keyframe_4,0.0
26,2.8425064086914062,4.675689220428467,3.941854083677754e-05,0.03605270758271217,27.006378173828125,shuffled_corrected,4.675689220428467,0.566760241985321,0.2416090965270996,dataset_2_keyframe_4,0.0
27,3.1386964321136475,4.788335800170898,2.6702882678364404e-05,0.037537895143032074,29.01049041748047,shuffled_corrected,4.788335800170898,0.54669189453125,0.23398934304714203,dataset_2_keyframe_4,0.0
28,2.516479015350342,4.344205856323242,3.992716665379703e-05,0.031642913818359375,24.949235916137695,shuffled_corrected,4.344205856323242,0.547680675983429,0.22255349159240723,dataset_2_keyframe_4,0.0
29,2.6975128650665283,4.377080917358398,4.704793536802754e-05,0.03209737315773964,26.01611328125,shuffled_corrected,4.377080917358398,0.515978991985321,0.21212653815746307,dataset_2_keyframe_4,0.0
30,2.8322296142578125,4.3909077644348145,3.7129721022211015e-05,0.032015230506658554,26.809232711791992,shuffled_corrected,4.3909077644348145,0.5013183951377869,0.20611415803432465,dataset_2_keyframe_4,0.0
31,2.8847551345825195,4.371573448181152,2.8737387765431777e-05,0.030696362257003784,27.463268280029297,shuffled_corrected,4.371573448181152,0.4927124083042145,0.19792458415031433,dataset_2_keyframe_4,0.0
32,2.2777161598205566,3.914076089859009,4.119873119634576e-05,0.026771292090415955,23.31191062927246,shuffled_corrected,3.914076089859009,0.48524171113967896,0.18451276421546936,dataset_2_keyframe_4,0.0
33,2.7943904399871826,4.2174906730651855,3.178914630552754e-05,0.02648925967514515,27.05647087097168,shuffled_corrected,4.2174906730651855,0.47412109375,0.18269816040992737,dataset_2_keyframe_4,0.0
34,2.7542076110839844,4.147075653076172,2.975463939947076e-05,0.02507578581571579,26.8011417388916,shuffled_corrected,4.147075653076172,0.46527099609375,0.17624495923519135,dataset_2_keyframe_4,0.0
35,2.1500072479248047,3.667931079864502,4.170736065134406e-05,0.02299296110868454,22.39838409423828,shuffled_corrected,3.667931079864502,0.45330810546875,0.16504819691181183,dataset_2_keyframe_4,0.0
36,1.7419538497924805,3.3428404331207275,4.831949991057627e-05,0.02212219312787056,19.338220596313477,shuffled_corrected,3.3428404331207275,0.4718994200229645,0.15944862365722656,dataset_2_keyframe_4,0.0
37,2.14251446723938,3.585557460784912,5.0354006816633046e-05,0.019555410370230675,22.331830978393555,shuffled_corrected,3.585557460784912,0.43525391817092896,0.15550069510936737,dataset_2_keyframe_4,0.0
38,1.6809337139129639,3.221215009689331,5.620321098831482e-05,0.02060190960764885,18.872312545776367,shuffled_corrected,3.221215009689331,0.4565185606479645,0.14989762008190155,dataset_2_keyframe_4,0.0
39,2.2523109912872314,3.6145458221435547,4.145304410485551e-05,0.01945037953555584,23.03695297241211,shuffled_corrected,3.6145458221435547,0.42034912109375,0.14969134330749512,dataset_2_keyframe_4,0.0
40,2.017423152923584,3.4136860370635986,4.297892519389279e-05,0.01732126995921135,21.472660064697266,shuffled_corrected,3.4136860370635986,0.42290040850639343,0.14437197148799896,dataset_2_keyframe_4,0.0
41,2.580825090408325,3.8460533618927,4.145304410485551e-05,0.02162068709731102,25.67658042907715,shuffled_corrected,3.8460533618927,0.42680665850639343,0.14756932854652405,dataset_2_keyframe_4,0.0
42,1.4619032144546509,2.9470553398132324,4.425048973644152e-05,0.019123079255223274,16.935054779052734,shuffled_corrected,2.9470553398132324,0.4436401426792145,0.13753603398799896,dataset_2_keyframe_4,0.0
43,2.541276216506958,3.7787702083587646,3.992716665379703e-05,0.02098541334271431,25.426923751831055,shuffled_corrected,3.7787702083587646,0.4182372987270355,0.14054663479328156,dataset_2_keyframe_4,0.0
44,1.9512442350387573,3.2832634449005127,4.704793536802754e-05,0.016188304871320724,21.003162384033203,shuffled_corrected,3.2832634449005127,0.40960693359375,0.13370755314826965,dataset_2_keyframe_4,0.0
45,2.4054067134857178,3.6341757774353027,4.297892519389279e-05,0.019934846088290215,24.08225440979004,shuffled_corrected,3.6341757774353027,0.4068847596645355,0.13862274587154388,dataset_2_keyframe_4,0.0
46,2.332212448120117,3.571045398712158,4.374186391942203e-05,0.019293976947665215,23.570796966552734,shuffled_corrected,3.571045398712158,0.4051879942417145,0.1373523771762848,dataset_2_keyframe_4,0.0
47,1.6229292154312134,2.9975321292877197,4.4759115553461015e-05,0.01375274732708931,18.505657196044922,shuffled_corrected,2.9975321292877197,0.4275878965854645,0.12914752960205078,dataset_2_keyframe_4,0.0
48,2.499434471130371,3.7088422775268555,3.229777212254703e-05,0.02042439952492714,24.96919822692871,shuffled_corrected,3.7088422775268555,0.41319581866264343,0.138022780418396,dataset_2_keyframe_4,0.0
49,1.4124692678451538,2.844799757003784,5.086263263365254e-05,0.01898752897977829,15.913575172424316,shuffled_corrected,2.844799757003784,0.412353515625,0.13359062373638153,dataset_2_keyframe_4,0.0
50,1.444281816482544,2.859673023223877,7.781983003951609e-05,0.01890716701745987,15.939123153686523,shuffled_corrected,2.859673023223877,0.3980346620082855,0.13335666060447693,dataset_2_keyframe_4,0.0
51,2.5125763416290283,3.7280263900756836,3.4077962482115254e-05,0.02031758800148964,25.307371139526367,shuffled_corrected,3.7280263900756836,0.41828614473342896,0.13774216175079346,dataset_2_keyframe_4,0.0
52,2.1290359497070312,3.3940811157226562,4.0944418287836015e-05,0.017134858295321465,22.330703735351562,shuffled_corrected,3.3940811157226562,0.41484376788139343,0.1338731348514557,dataset_2_keyframe_4,0.0
53,1.422560214996338,2.846041679382324,6.001790825393982e-05,0.018926749005913734,15.863421440124512,shuffled_corrected,2.846041679382324,0.4074462950229645,0.13373956084251404,dataset_2_keyframe_4,0.0
54,1.629354476928711,2.9887008666992188,6.4849853515625e-05,0.016753897070884705,17.865604400634766,shuffled_corrected,2.9887008666992188,0.40172120928764343,0.13129690289497375,dataset_2_keyframe_4,0.0
55,1.9266374111175537,3.2367091178894043,4.3487551010912284e-05,0.0157877616584301,20.90618324279785,shuffled_corrected,3.2367091178894043,0.4266601502895355,0.13276943564414978,dataset_2_keyframe_4,0.0
56,1.9312803745269775,3.2443013191223145,4.221598646836355e-05,0.01585998572409153,20.930248260498047,shuffled_corrected,3.2443013191223145,0.42811280488967896,0.1335451900959015,dataset_2_keyframe_4,0.0
57,1.6791589260101318,3.0362389087677,7.095337059581652e-05,0.01802063174545765,17.958864212036133,shuffled_corrected,3.0362389087677,0.3870605528354645,0.13360126316547394,dataset_2_keyframe_4,0.0
58,1.5020241737365723,2.920947790145874,6.891886732773855e-05,0.01940307766199112,16.02117919921875,shuffled_corrected,2.920947790145874,0.3821044862270355,0.13627107441425323,dataset_2_keyframe_4,0.0
59,2.4340505599975586,3.654186248779297,3.738403393072076e-05,0.019858552142977715,24.43358039855957,shuffled_corrected,3.654186248779297,0.4199462831020355,0.14142177999019623,dataset_2_keyframe_4,0.0
60,1.5956720113754272,2.9959306716918945,5.645752389682457e-05,0.01966908946633339,16.189735412597656,shuffled_corrected,2.9959306716918945,0.3480468690395355,0.1382472962141037,dataset_2_keyframe_4,0.0
61,2.064748764038086,3.373216152191162,4.9082442274084315e-05,0.017243195325136185,21.856155395507812,shuffled_corrected,3.373216152191162,0.42650148272514343,0.1389240026473999,dataset_2_keyframe_4,0.0
62,2.538285493850708,3.7656500339508057,3.2043459214037284e-05,0.02090352401137352,25.313121795654297,shuffled_corrected,3.7656500339508057,0.4173950254917145,0.14419837296009064,dataset_2_keyframe_4,0.0
63,1.4376204013824463,2.9026458263397217,8.11259014881216e-05,0.019384512677788734,16.226375579833984,shuffled_corrected,2.9026458263397217,0.41795656085014343,0.13767647743225098,dataset_2_keyframe_4,0.0
64,1.4769911766052246,2.931811809539795,6.91731838742271e-05,0.019634248688817024,16.189035415649414,shuffled_corrected,2.931811809539795,0.3979125916957855,0.1380922794342041,dataset_2_keyframe_4,0.0
65,1.4440786838531494,2.9069907665252686,9.892781963571906e-05,0.01937968097627163,16.21684455871582,shuffled_corrected,2.9069907665252686,0.40959474444389343,0.1370668262243271,dataset_2_keyframe_4,0.0
66,2.554124116897583,3.7869462966918945,3.611246938817203e-05,0.02098592184484005,25.502485275268555,shuffled_corrected,3.7869462966918945,0.4125122129917145,0.143927201628685,dataset_2_keyframe_4,0.0
67,2.3432750701904297,3.5940768718719482,4.450480264495127e-05,0.019589997828006744,23.698686599731445,shuffled_corrected,3.5940768718719482,0.40611574053764343,0.1427447497844696,dataset_2_keyframe_4,0.0
68,1.7209175825119019,3.1003494262695312,4.450480264495127e-05,0.019805146381258965,17.161483764648438,shuffled_corrected,3.1003494262695312,0.31846925616264343,0.1378934681415558,dataset_2_keyframe_4,0.0
69,1.3900060653686523,2.857558250427246,3.8909915019758046e-05,0.01879069022834301,16.1560001373291,shuffled_corrected,2.857558250427246,0.41535645723342896,0.13394883275032043,dataset_2_keyframe_4,0.0
70,1.9991534948349,3.3153326511383057,4.018147956230678e-05,0.017624665051698685,21.02278709411621,shuffled_corrected,3.3153326511383057,0.386962890625,0.13744671642780304,dataset_2_keyframe_4,0.0
71,1.3933533430099487,2.8488926887512207,4.170736065134406e-05,0.01866200938820839,16.09819793701172,shuffled_corrected,2.8488926887512207,0.406494140625,0.1325712651014328,dataset_2_keyframe_4,0.0
72,1.7615910768508911,3.1094837188720703,8.672078547533602e-05,0.020505016669631004,17.991498947143555,shuffled_corrected,3.1094837188720703,0.32733154296875,0.1343011111021042,dataset_2_keyframe_4,0.0
73,2.527743101119995,3.73907732963562,2.7974447220913135e-05,0.02091573178768158,25.116294860839844,shuffled_corrected,3.73907732963562,0.3935790956020355,0.1408846378326416,dataset_2_keyframe_4,0.0
74,1.401552438735962,2.8368048667907715,4.62849966424983e-05,0.018527986481785774,15.973590850830078,shuffled_corrected,2.8368048667907715,0.3928588926792145,0.13110367953777313,dataset_2_keyframe_4,0.0
75,1.602365493774414,2.9805808067321777,5.264282663119957e-05,0.01901906356215477,15.979361534118652,shuffled_corrected,2.9805808067321777,0.3031249940395355,0.13351452350616455,dataset_2_keyframe_4,0.0
76,1.7494558095932007,3.0795109272003174,0.00010121663945028558,0.019888561218976974,17.869470596313477,shuffled_corrected,3.0795109272003174,0.3216552734375,0.1325521320104599,dataset_2_keyframe_4,0.0
77,1.984887719154358,3.2757816314697266,4.5267745008459315e-05,0.0173009242862463,20.860788345336914,shuffled_corrected,3.2757816314697266,0.3733154237270355,0.13426260650157928,dataset_2_keyframe_4,0.0
78,2.1544017791748047,3.4153687953948975,4.704793536802754e-05,0.018231457099318504,22.30626678466797,shuffled_corrected,3.4153687953948975,0.38117676973342896,0.13569629192352295,dataset_2_keyframe_4,0.0
79,2.1541967391967773,3.413506269454956,4.882812936557457e-05,0.01824340969324112,22.300800323486328,shuffled_corrected,3.413506269454956,0.3802123963832855,0.13542485237121582,dataset_2_keyframe_4,0.0
80,1.9874160289764404,3.2698683738708496,4.603068373398855e-05,0.01734263263642788,20.823530197143555,shuffled_corrected,3.2698683738708496,0.36839601397514343,0.13351979851722717,dataset_2_keyframe_4,0.0
81,1.7528291940689087,3.070742130279541,9.104411583393812e-05,0.019801585003733635,17.808391571044922,shuffled_corrected,3.070742130279541,0.31336671113967896,0.13150791823863983,dataset_2_keyframe_4,0.0
82,1.6089266538619995,2.9696309566497803,5.1116945542162284e-05,0.01884613186120987,15.894973754882812,shuffled_corrected,2.9696309566497803,0.29228517413139343,0.1323208063840866,dataset_2_keyframe_4,0.0
83,1.4056297540664673,2.8191006183624268,4.781087409355678e-05,0.018155163154006004,15.859756469726562,shuffled_corrected,2.8191006183624268,0.37916260957717896,0.12944990396499634,dataset_2_keyframe_4,0.0
84,1.2953476905822754,2.7524144649505615,4.145304410485551e-05,0.017987824976444244,15.527704238891602,shuffled_corrected,2.7524144649505615,0.41033935546875,0.12807433307170868,dataset_2_keyframe_4,0.0
85,2.2133407592773438,3.469294786453247,4.806518700206652e-05,0.018914032727479935,22.6730899810791,shuffled_corrected,3.469294786453247,0.37950441241264343,0.1378328502178192,dataset_2_keyframe_4,0.0
86,1.6091172695159912,2.994123697280884,4.959106809110381e-05,0.019161226227879524,15.96153450012207,shuffled_corrected,2.994123697280884,0.2986816465854645,0.1343887895345688,dataset_2_keyframe_4,0.0
87,1.3415206670761108,2.818747043609619,9.562174818711355e-05,0.01861165463924408,15.716758728027344,shuffled_corrected,2.818747043609619,0.39934083819389343,0.13146434724330902,dataset_2_keyframe_4,0.0
88,2.0360541343688965,3.3394482135772705,4.704793536802754e-05,0.018379975110292435,21.016193389892578,shuffled_corrected,3.3394482135772705,0.36250001192092896,0.138320192694664,dataset_2_keyframe_4,0.0
89,1.4325733184814453,2.892805576324463,5.747477553086355e-05,0.018903352320194244,16.150514602661133,shuffled_corrected,2.892805576324463,0.38389894366264343,0.13365726172924042,dataset_2_keyframe_4,0.0
90,2.4218287467956543,3.6596615314483643,4.043579247081652e-05,0.0206375140696764,24.163097381591797,shuffled_corrected,3.6596615314483643,0.38642579317092896,0.14325730502605438,dataset_2_keyframe_4,0.0
91,1.4862730503082275,2.9431650638580322,5.8746340073412284e-05,0.01929372176527977,16.185218811035156,shuffled_corrected,2.9431650638580322,0.3668456971645355,0.1360163688659668,dataset_2_keyframe_4,0.0
92,2.3611810207366943,3.615898847579956,3.941854083677754e-05,0.02034454420208931,23.712841033935547,shuffled_corrected,3.615898847579956,0.3847289979457855,0.14329349994659424,dataset_2_keyframe_4,0.0
93,1.4115126132965088,2.9003663063049316,6.027222116244957e-05,0.019049836322665215,16.135936737060547,shuffled_corrected,2.9003663063049316,0.3895507752895355,0.13456100225448608,dataset_2_keyframe_4,0.0
94,1.8726215362548828,3.2198195457458496,5.6711836805334315e-05,0.021541088819503784,18.783113479614258,shuffled_corrected,3.2198195457458496,0.3178955018520355,0.13824664056301117,dataset_2_keyframe_4,0.0
95,1.348780632019043,2.859889030456543,4.7302248276537284e-05,0.0187810268253088,16.08814811706543,shuffled_corrected,2.859889030456543,0.41376954317092896,0.1336706429719925,dataset_2_keyframe_4,0.0
96,1.5266096591949463,2.977776050567627,4.62849966424983e-05,0.0194371547549963,16.178205490112305,shuffled_corrected,2.977776050567627,0.35040283203125,0.13722164928913116,dataset_2_keyframe_4,0.0
97,2.0286026000976562,3.3483235836029053,4.374186391942203e-05,0.01899668388068676,20.71901512145996,shuffled_corrected,3.3483235836029053,0.3517700135707855,0.1403103619813919,dataset_2_keyframe_4,0.0
98,1.3425830602645874,2.852930784225464,3.916422792826779e-05,0.018651073798537254,16.10628318786621,shuffled_corrected,2.852930784225464,0.4139770567417145,0.13264815509319305,dataset_2_keyframe_4,0.0
99,1.424859642982483,2.910416841506958,6.128947279648855e-05,0.0190353412181139,16.138883590698242,shuffled_corrected,2.910416841506958,0.3822998106479645,0.13475680351257324,dataset_2_keyframe_4,0.0
100,1.692152976989746,3.0958242416381836,4.399617682793178e-05,0.019786326214671135,16.25582504272461,shuffled_corrected,3.0958242416381836,0.27849122881889343,0.13826730847358704,dataset_2_keyframe_4,0.0
101,2.1448721885681152,3.444413900375366,4.755656118504703e-05,0.01924743689596653,21.900325775146484,shuffled_corrected,3.444413900375366,0.36564943194389343,0.14179973304271698,dataset_2_keyframe_4,0.0
102,2.5727810859680176,3.8077809810638428,2.975463939947076e-05,0.021732840687036514,25.512805938720703,shuffled_corrected,3.8077809810638428,0.387939453125,0.14536860585212708,dataset_2_keyframe_4,0.0
103,1.3843061923980713,2.8858845233917236,8.010864985408261e-05,0.018854014575481415,16.0471248626709,shuffled_corrected,2.8858845233917236,0.39018556475639343,0.1335843801498413,dataset_2_keyframe_4,0.0
104,1.4423803091049194,2.9316184520721436,4.959106809110381e-05,0.01908976398408413,16.04725456237793,shuffled_corrected,2.9316184520721436,0.36644288897514343,0.1350596696138382,dataset_2_keyframe_4,0.0
105,1.51752507686615,2.9743738174438477,4.577637082547881e-05,0.0192184466868639,16.219371795654297,shuffled_corrected,2.9743738174438477,0.3500732481479645,0.1369851678609848,dataset_2_keyframe_4,0.0
106,1.6530345678329468,3.0768814086914062,4.781087409355678e-05,0.01960550993680954,16.18639373779297,shuffled_corrected,3.0768814086914062,0.2888427674770355,0.1381121724843979,dataset_2_keyframe_4,0.0
107,1.7707462310791016,3.1619479656219482,4.501342846197076e-05,0.019788870587944984,16.794841766357422,shuffled_corrected,3.1619479656219482,0.26173096895217896,0.1384315937757492,dataset_2_keyframe_4,0.0
108,1.865889549255371,3.2273597717285156,8.06172756711021e-05,0.022606151178479195,18.206859588623047,shuffled_corrected,3.2273597717285156,0.2859130799770355,0.1389228105545044,dataset_2_keyframe_4,0.0
109,2.0072314739227295,3.343522787094116,4.62849966424983e-05,0.02190195769071579,20.02115821838379,shuffled_corrected,3.343522787094116,0.3175048828125,0.1410232037305832,dataset_2_keyframe_4,0.0
110,2.1056928634643555,3.429389476776123,3.8909915019758046e-05,0.02011311985552311,21.212984085083008,shuffled_corrected,3.429389476776123,0.33868408203125,0.14320139586925507,dataset_2_keyframe_4,0.0
111,2.1456480026245117,3.4646377563476562,5.1116945542162284e-05,0.020241547375917435,21.631305694580078,shuffled_corrected,3.4646377563476562,0.3439575135707855,0.1441015899181366,dataset_2_keyframe_4,0.0
112,2.1120500564575195,3.441889762878418,4.425048973644152e-05,0.020582327619194984,21.252897262573242,shuffled_corrected,3.441889762878418,0.33653566241264343,0.1437666267156601,dataset_2_keyframe_4,0.0
113,2.0227582454681396,3.374901056289673,5.1116945542162284e-05,0.022677360102534294,20.11223030090332,shuffled_corrected,3.374901056289673,0.3138671815395355,0.14262588322162628,dataset_2_keyframe_4,0.0
114,1.8929085731506348,3.280571222305298,8.570353384129703e-05,0.02317708544433117,18.363115310668945,shuffled_corrected,3.280571222305298,0.2809814512729645,0.1413346230983734,dataset_2_keyframe_4,0.0
115,1.8147715330123901,3.238736152648926,4.501342846197076e-05,0.020387522876262665,17.009065628051758,shuffled_corrected,3.238736152648926,0.2530151307582855,0.141845703125,dataset_2_keyframe_4,0.0
116,1.7034199237823486,3.172093152999878,4.62849966424983e-05,0.020369213074445724,16.458803176879883,shuffled_corrected,3.172093152999878,0.2781005799770355,0.14170955121517181,dataset_2_keyframe_4,0.0
117,1.5742274522781372,3.083183526992798,4.145304410485551e-05,0.02005869708955288,16.54315185546875,shuffled_corrected,3.083183526992798,0.3385376036167145,0.14142294228076935,dataset_2_keyframe_4,0.0
118,1.5077545642852783,3.0524282455444336,4.069010537932627e-05,0.019942983984947205,16.408361434936523,shuffled_corrected,3.0524282455444336,0.35009765625,0.13954021036624908,dataset_2_keyframe_4,0.0
119,1.4626775979995728,3.0239274501800537,4.3487551010912284e-05,0.019851431250572205,16.44355010986328,shuffled_corrected,3.0239274501800537,0.37067872285842896,0.13947807252407074,dataset_2_keyframe_4,0.0
120,1.4047452211380005,2.991731643676758,6.332397606456652e-05,0.01966146007180214,16.53507423400879,shuffled_corrected,2.991731643676758,0.3953857421875,0.13912871479988098,dataset_2_keyframe_4,0.0
121,2.6259400844573975,3.9054923057556152,2.8991700673941523e-05,0.023421987891197205,25.82097816467285,shuffled_corrected,3.9054923057556152,0.3803955018520355,0.15286646783351898,dataset_2_keyframe_4,0.0
122,2.2280266284942627,3.583165168762207,4.679362245951779e-05,0.02179514616727829,22.300846099853516,shuffled_corrected,3.583165168762207,0.35163575410842896,0.15008826553821564,dataset_2_keyframe_4,0.0
123,1.8184444904327393,3.3059346675872803,5.1116945542162284e-05,0.02167002484202385,16.872163772583008,shuffled_corrected,3.3059346675872803,0.2594848573207855,0.1473342478275299,dataset_2_keyframe_4,0.0
124,1.5637187957763672,3.1504592895507812,4.323323810240254e-05,0.020934296771883965,16.863876342773438,shuffled_corrected,3.1504592895507812,0.35966798663139343,0.14625786244869232,dataset_2_keyframe_4,0.0
125,1.5001198053359985,3.1199381351470947,3.10262075799983e-05,0.020793916657567024,16.917743682861328,shuffled_corrected,3.1199381351470947,0.38670656085014343,0.14627309143543243,dataset_2_keyframe_4,0.0
126,1.4717060327529907,3.1189818382263184,9.282430255552754e-05,0.020665742456912994,17.35154151916504,shuffled_corrected,3.1189818382263184,0.40864259004592896,0.1460510939359665,dataset_2_keyframe_4,0.0
127,2.1790151596069336,3.589473009109497,5.086263263365254e-05,0.02503102831542492,21.425588607788086,shuffled_corrected,3.589473009109497,0.3344970643520355,0.15523508191108704,dataset_2_keyframe_4,0.0
0,3.9035067558288574,6.028398513793945,2.1107993234181777e-05,0.07066752761602402,33.93973922729492,prev_current,6.028398513793945,0.834216296672821,0.36117488145828247,dataset_2_keyframe_4,0.0
1,3.8917808532714844,6.088866710662842,3.255208503105678e-05,0.07002817839384079,34.00092315673828,prev_current,6.088866710662842,0.8366943597793579,0.3495829105377197,dataset_2_keyframe_4,6.0283894538879395
2,3.875821828842163,6.049638748168945,7.68025784054771e-05,0.06965866684913635,34.023372650146484,prev_current,6.049638748168945,0.8356079459190369,0.34776803851127625,dataset_2_keyframe_4,6.088858127593994
3,3.8792366981506348,6.054012775421143,8.290608820971102e-05,0.06968409568071365,34.04012680053711,prev_current,6.054012775421143,0.8375244140625,0.3486092686653137,dataset_2_keyframe_4,6.049631118774414
4,3.8715837001800537,6.0421857833862305,7.73112042224966e-05,0.06937917321920395,33.97962188720703,prev_current,6.0421857833862305,0.836840808391571,0.3475392460823059,dataset_2_keyframe_4,6.054004669189453
5,3.867605447769165,6.026630878448486,8.697510202182457e-05,0.06921183317899704,33.8841667175293,prev_current,6.026630878448486,0.83721923828125,0.3478190004825592,dataset_2_keyframe_4,6.042177677154541
6,3.862197160720825,6.018130302429199,9.333292837254703e-05,0.06888911128044128,33.82568359375,prev_current,6.018130302429199,0.836047351360321,0.3467346727848053,dataset_2_keyframe_4,6.026622772216797
7,3.8445961475372314,5.995304584503174,9.460449655307457e-05,0.06832987815141678,33.69991683959961,prev_current,5.995304584503174,0.834057629108429,0.34436437487602234,dataset_2_keyframe_4,6.018122673034668
8,3.8398704528808594,5.9819440841674805,8.44319729367271e-05,0.06788533926010132,33.600807189941406,prev_current,5.9819440841674805,0.831921398639679,0.3443804383277893,dataset_2_keyframe_4,5.995296478271484
9,3.8233888149261475,5.956516265869141,9.460449655307457e-05,0.06721191853284836,33.44038009643555,prev_current,5.956516265869141,0.828540027141571,0.34294912219047546,dataset_2_keyframe_4,5.981935501098633
10,3.8001868724823,5.9261908531188965,0.00011240642197662964,0.06650085747241974,33.23130798339844,prev_current,5.9261908531188965,0.82366943359375,0.34057292342185974,dataset_2_keyframe_4,5.956508159637451
11,3.78764271736145,5.906976222991943,0.00010986328561557457,0.06632690876722336,33.0948371887207,prev_current,5.906976222991943,0.820507824420929,0.340198814868927,dataset_2_keyframe_4,5.926182746887207
12,3.75968599319458,5.867879867553711,9.918213618220761e-05,0.06528803706169128,32.85466766357422,prev_current,5.867879867553711,0.815014660358429,0.33798280358314514,dataset_2_keyframe_4,5.906967639923096
13,3.715165853500366,5.818131446838379,0.00011698405432980508,0.06448415666818619,32.54449462890625,prev_current,5.818131446838379,0.805004894733429,0.33394041657447815,dataset_2_keyframe_4,5.8678717613220215
14,3.6753854751586914,5.774618148803711,0.0001192728741443716,0.06341960281133652,32.33328628540039,prev_current,5.774618148803711,0.8010498285293579,0.33034831285476685,dataset_2_keyframe_4,5.8181233406066895
15,3.606569528579712,5.694502353668213,0.0001241048303199932,0.06154709309339523,31.7996768951416,prev_current,5.694502353668213,0.7828125357627869,0.323739618062973,dataset_2_keyframe_4,5.7746100425720215
16,3.538184404373169,5.618927478790283,0.00012156169395893812,0.05989634618163109,31.385637283325195,prev_current,5.618927478790283,0.7717651724815369,0.3196011483669281,dataset_2_keyframe_4,5.694494247436523
17,3.4656317234039307,5.543309211730957,0.00013631184992846102,0.05816904827952385,30.949918746948242,prev_current,5.543309211730957,0.7607055902481079,0.3135926425457001,dataset_2_keyframe_4,5.618919372558594
18,3.388902425765991,5.458587646484375,0.00015055338735692203,0.056178539991378784,30.479463577270508,prev_current,5.458587646484375,0.7483276724815369,0.30661627650260925,dataset_2_keyframe_4,5.543301105499268
19,3.3076841831207275,5.372757434844971,0.00015207927208393812,0.05401662364602089,29.98023796081543,prev_current,5.372757434844971,0.7344726920127869,0.300010621547699,dataset_2_keyframe_4,5.4585795402526855
20,3.222740888595581,5.280264377593994,0.00015945435734465718,0.051710259169340134,29.43685531616211,prev_current,5.280264377593994,0.719165027141571,0.2925952970981598,dataset_2_keyframe_4,5.3727498054504395
21,3.129775285720825,5.178879261016846,0.00015589396934956312,0.049235790967941284,28.883224487304688,prev_current,5.178879261016846,0.7049560546875,0.2847357988357544,dataset_2_keyframe_4,5.280256748199463
22,3.0380935668945312,5.077688694000244,0.00015055338735692203,0.046951550990343094,28.311017990112305,prev_current,5.077688694000244,0.6910156607627869,0.2776055335998535,dataset_2_keyframe_4,5.1788716316223145
23,2.93515944480896,4.9613871574401855,0.00013478597975336015,0.044628653675317764,27.673070907592773,prev_current,4.9613871574401855,0.6767578125,0.26886287331581116,dataset_2_keyframe_4,5.077681541442871
24,2.824909210205078,4.831335544586182,0.000125885009765625,0.04207509756088257,26.952373504638672,prev_current,4.831335544586182,0.661181628704071,0.2594439685344696,dataset_2_keyframe_4,4.961380481719971
25,2.709090232849121,4.692026615142822,0.00011800130596384406,0.0387420691549778,26.18365478515625,prev_current,4.692026615142822,0.644787609577179,0.2498585283756256,dataset_2_keyframe_4,4.831329345703125
26,2.594369411468506,4.554412364959717,0.00011825562251033261,0.03599599376320839,25.41673469543457,prev_current,4.554412364959717,0.6290039420127869,0.2401471585035324,dataset_2_keyframe_4,4.692020416259766
27,2.4840006828308105,4.420006275177002,0.0001187642483273521,0.033998362720012665,24.67751693725586,prev_current,4.420006275177002,0.6142212152481079,0.23098865151405334,dataset_2_keyframe_4,4.554407119750977
28,2.3736464977264404,4.282266616821289,0.0001312255917582661,0.031954701989889145,23.904287338256836,prev_current,4.282266616821289,0.59710693359375,0.2216913253068924,dataset_2_keyframe_4,4.420001029968262
29,2.2610504627227783,4.137895584106445,0.00011596680269576609,0.029370881617069244,23.106801986694336,prev_current,4.137895584106445,0.580981433391571,0.21212255954742432,dataset_2_keyframe_4,4.282261371612549
30,2.1527981758117676,3.997446298599243,0.00011393229942768812,0.02692820318043232,22.337942123413086,prev_current,3.997446298599243,0.5662841796875,0.20344839990139008,dataset_2_keyframe_4,4.137890815734863
31,2.053462505340576,3.8638083934783936,0.00011418660869821906,0.02562357671558857,21.58492088317871,prev_current,3.8638083934783936,0.5513672232627869,0.19449082016944885,dataset_2_keyframe_4,3.9974420070648193
32,1.9602129459381104,3.73822021484375,0.00011749268014682457,0.02451171912252903,20.908159255981445,prev_current,3.73822021484375,0.5381225943565369,0.18595929443836212,dataset_2_keyframe_4,3.8638041019439697
33,1.8778297901153564,3.6229071617126465,0.00011520386033225805,0.023528290912508965,20.25457191467285,prev_current,3.6229071617126465,0.525988757610321,0.1791844666004181,dataset_2_keyframe_4,3.7382164001464844
34,1.8028613328933716,3.515491485595703,0.00011088053724961355,0.0225601214915514,19.655893325805664,prev_current,3.515491485595703,0.51470947265625,0.1725412905216217,dataset_2_keyframe_4,3.62290358543396
35,1.735219955444336,3.417081594467163,0.00010528565326239914,0.02175801619887352,19.105392456054688,prev_current,3.417081594467163,0.504321277141571,0.16666962206363678,dataset_2_keyframe_4,3.515488386154175
36,1.6723551750183105,3.32688570022583,0.00010325114271836355,0.02099253423511982,18.612810134887695,prev_current,3.32688570022583,0.4950317442417145,0.1608230620622635,dataset_2_keyframe_4,3.4170784950256348
37,1.620497465133667,3.249079704284668,0.00010426839435240254,0.02027689665555954,18.171079635620117,prev_current,3.249079704284668,0.48753663897514343,0.15657977759838104,dataset_2_keyframe_4,3.3268826007843018
38,1.574998140335083,3.1791765689849854,0.00010096232290379703,0.019517263397574425,17.78630828857422,prev_current,3.1791765689849854,0.4802490174770355,0.1520911008119583,dataset_2_keyframe_4,3.2490766048431396
39,1.5365278720855713,3.121093988418579,0.00010553996253293008,0.018889619037508965,17.458881378173828,prev_current,3.121093988418579,0.47478029131889343,0.14872390031814575,dataset_2_keyframe_4,3.179173707962036
40,1.5028712749481201,3.067613363265991,0.00010223389108432457,0.01832478865981102,17.157756805419922,prev_current,3.067613363265991,0.47016602754592896,0.14571818709373474,dataset_2_keyframe_4,3.121090888977051
41,1.4773763418197632,3.0254647731781006,9.689331636764109e-05,0.017835237085819244,16.91684341430664,prev_current,3.0254647731781006,0.46623536944389343,0.14367596805095673,dataset_2_keyframe_4,3.067610502243042
42,1.436431884765625,2.959764242172241,8.646647620480508e-05,0.017130788415670395,16.554019927978516,prev_current,2.959764242172241,0.4605346620082855,0.13934288918972015,dataset_2_keyframe_4,3.0254616737365723
43,1.4009771347045898,2.9018263816833496,9.485881309956312e-05,0.016473643481731415,16.234085083007812,prev_current,2.9018263816833496,0.45610353350639343,0.13612347841262817,dataset_2_keyframe_4,2.959761381149292
44,1.389953374862671,2.880398988723755,9.663899982115254e-05,0.01628519780933857,16.106983184814453,prev_current,2.880398988723755,0.45490723848342896,0.1350969523191452,dataset_2_keyframe_4,2.9018237590789795
45,1.3817808628082275,2.8663113117218018,9.740194218466058e-05,0.01612447202205658,16.022891998291016,prev_current,2.8663113117218018,0.45476076006889343,0.13418364524841309,dataset_2_keyframe_4,2.8803963661193848
46,1.3793634176254272,2.8567895889282227,9.689331636764109e-05,0.016083018854260445,15.945206642150879,prev_current,2.8567895889282227,0.4532470703125,0.13395428657531738,dataset_2_keyframe_4,2.8663086891174316
47,1.3697227239608765,2.84238862991333,0.00011316935706418008,0.01586863212287426,15.883611679077148,prev_current,2.84238862991333,0.4522460997104645,0.13287054002285004,dataset_2_keyframe_4,2.8567872047424316
48,1.3681933879852295,2.83703351020813,9.816488454816863e-05,0.01587626151740551,15.844099998474121,prev_current,2.83703351020813,0.4520263671875,0.13272419571876526,dataset_2_keyframe_4,2.84238600730896
49,1.3628588914871216,2.8309590816497803,0.00010808309161802754,0.01578572764992714,15.831363677978516,prev_current,2.8309590816497803,0.45203858613967896,0.13244108855724335,dataset_2_keyframe_4,2.8370308876037598
50,1.360865831375122,2.822733163833618,0.00011622111924225464,0.01568552665412426,15.79003620147705,prev_current,2.822733163833618,0.45244142413139343,0.1321338266134262,dataset_2_keyframe_4,2.8309569358825684
51,1.3582675457000732,2.8196935653686523,0.00012029012577841058,0.015695953741669655,15.782408714294434,prev_current,2.8196935653686523,0.45283204317092896,0.13201315701007843,dataset_2_keyframe_4,2.822730779647827
52,1.358290672302246,2.8197522163391113,0.00011088053724961355,0.015641022473573685,15.79069709777832,prev_current,2.8197522163391113,0.4537353515625,0.13188958168029785,dataset_2_keyframe_4,2.8196914196014404
53,1.3611042499542236,2.8229799270629883,0.00010223389108432457,0.015798697248101234,15.810548782348633,prev_current,2.8229799270629883,0.45441895723342896,0.13214537501335144,dataset_2_keyframe_4,2.8197498321533203
54,1.3639278411865234,2.8285865783691406,0.00011418660869821906,0.01584777981042862,15.844996452331543,prev_current,2.8285865783691406,0.45561525225639343,0.13248717784881592,dataset_2_keyframe_4,2.8229777812957764
55,1.369789481163025,2.837183952331543,0.00011571248614927754,0.01588592678308487,15.895724296569824,prev_current,2.837183952331543,0.45697021484375,0.13295601308345795,dataset_2_keyframe_4,2.8285844326019287
56,1.3736608028411865,2.843601942062378,0.00010630290489643812,0.015961965546011925,15.941739082336426,prev_current,2.843601942062378,0.4578857421875,0.1334165632724762,dataset_2_keyframe_4,2.83718204498291
57,1.3779237270355225,2.851269483566284,0.00011088053724961355,0.016094718128442764,15.979933738708496,prev_current,2.851269483566284,0.4580322206020355,0.1337800770998001,dataset_2_keyframe_4,2.843600034713745
58,1.3808180093765259,2.8586246967315674,0.0001001993878162466,0.0161234550178051,16.027185440063477,prev_current,2.8586246967315674,0.45930176973342896,0.13399209082126617,dataset_2_keyframe_4,2.8512675762176514
59,1.3866019248962402,2.8701963424682617,0.00010375976853538305,0.01624196395277977,16.094558715820312,prev_current,2.8701963424682617,0.4601196348667145,0.13471412658691406,dataset_2_keyframe_4,2.8586227893829346
60,1.3872321844100952,2.872859239578247,9.20613674679771e-05,0.0162913016974926,16.115249633789062,prev_current,2.872859239578247,0.4588867127895355,0.13470201194286346,dataset_2_keyframe_4,2.870194435119629
61,1.398079514503479,2.892453193664551,9.918213618220761e-05,0.016585541889071465,16.198945999145508,prev_current,2.892453193664551,0.45848390460014343,0.13574588298797607,dataset_2_keyframe_4,2.8728573322296143
62,1.3990540504455566,2.9012389183044434,0.00010223389108432457,0.016659293323755264,16.254610061645508,prev_current,2.9012389183044434,0.4571289122104645,0.13590988516807556,dataset_2_keyframe_4,2.892451286315918
63,1.3894973993301392,2.895388126373291,0.00010935465979855508,0.016548920422792435,16.242597579956055,prev_current,2.895388126373291,0.4553588926792145,0.13548985123634338,dataset_2_keyframe_4,2.9012372493743896
64,1.383104920387268,2.8918466567993164,0.00010426839435240254,0.0165659599006176,16.234554290771484,prev_current,2.8918466567993164,0.4533935487270355,0.13508549332618713,dataset_2_keyframe_4,2.895386219024658
65,1.3753948211669922,2.8853297233581543,0.00010197958181379363,0.01650034636259079,16.20781707763672,prev_current,2.8853297233581543,0.4507812559604645,0.13419844210147858,dataset_2_keyframe_4,2.891845226287842
66,1.3742772340774536,2.8871867656707764,9.053549001691863e-05,0.0165227260440588,16.209388732910156,prev_current,2.8871867656707764,0.44963380694389343,0.13462014496326447,dataset_2_keyframe_4,2.8853280544281006
67,1.3641276359558105,2.8771443367004395,9.58760647336021e-05,0.01642049290239811,16.149110794067383,prev_current,2.8771443367004395,0.4463867247104645,0.1337527632713318,dataset_2_keyframe_4,2.8871850967407227
68,1.361012578010559,2.875218629837036,8.926392183639109e-05,0.016466522589325905,16.119260787963867,prev_current,2.875218629837036,0.44384765625,0.13378308713436127,dataset_2_keyframe_4,2.8771426677703857
69,1.3472834825515747,2.8598666191101074,9.282430255552754e-05,0.016224926337599754,16.049699783325195,prev_current,2.8598666191101074,0.44078370928764343,0.132414311170578,dataset_2_keyframe_4,2.8752169609069824
70,1.3397568464279175,2.8516921997070312,8.951823110692203e-05,0.016162363812327385,15.99634838104248,prev_current,2.8516921997070312,0.4388794004917145,0.13184687495231628,dataset_2_keyframe_4,2.859865188598633
71,1.3292466402053833,2.8364157676696777,8.010864985408261e-05,0.01596018485724926,15.9248046875,prev_current,2.8364157676696777,0.43653565645217896,0.13089129328727722,dataset_2_keyframe_4,2.8516907691955566
72,1.3208253383636475,2.8252925872802734,9.028117347043008e-05,0.015863291919231415,15.86683177947998,prev_current,2.8252925872802734,0.4349731504917145,0.12984316051006317,dataset_2_keyframe_4,2.836414337158203
73,1.3127052783966064,2.812833309173584,8.11259014881216e-05,0.015681711956858635,15.801875114440918,prev_current,2.812833309173584,0.43348389863967896,0.1291530877351761,dataset_2_keyframe_4,2.825291156768799
74,1.3048259019851685,2.800992965698242,8.44319729367271e-05,0.01557464711368084,15.731194496154785,prev_current,2.800992965698242,0.4321533143520355,0.12857387959957123,dataset_2_keyframe_4,2.8128318786621094
75,1.2986443042755127,2.7918241024017334,9.358724491903558e-05,0.01544469315558672,15.672574043273926,prev_current,2.7918241024017334,0.43077394366264343,0.12785866856575012,dataset_2_keyframe_4,2.8009915351867676
76,1.2936288118362427,2.7825090885162354,8.87552960193716e-05,0.015359497629106045,15.61870002746582,prev_current,2.7825090885162354,0.4300170838832855,0.1273198425769806,dataset_2_keyframe_4,2.791822671890259
77,1.2900358438491821,2.7777469158172607,8.900960528990254e-05,0.015321096405386925,15.581090927124023,prev_current,2.7777469158172607,0.42900392413139343,0.1271430253982544,dataset_2_keyframe_4,2.78250789642334
78,1.2809242010116577,2.765181541442871,8.417765639023855e-05,0.01518554799258709,15.522812843322754,prev_current,2.765181541442871,0.42808839678764343,0.12629756331443787,dataset_2_keyframe_4,2.7777459621429443
79,1.2790218591690063,2.762237787246704,9.409587073605508e-05,0.01514714676886797,15.506169319152832,prev_current,2.762237787246704,0.4277099668979645,0.12615811824798584,dataset_2_keyframe_4,2.7651803493499756
80,1.2768232822418213,2.7582123279571533,7.985433330759406e-05,0.01513341348618269,15.480960845947266,prev_current,2.7582123279571533,0.42755126953125,0.12590335309505463,dataset_2_keyframe_4,2.7622365951538086
81,1.2756597995758057,2.7568235397338867,9.180705092148855e-05,0.01508916262537241,15.480599403381348,prev_current,2.7568235397338867,0.42755126953125,0.12599210441112518,dataset_2_keyframe_4,2.758211135864258
82,1.2797170877456665,2.7622768878936768,7.603963604196906e-05,0.0151341762393713,15.510056495666504,prev_current,2.7622768878936768,0.42790529131889343,0.12626336514949799,dataset_2_keyframe_4,2.7568225860595703
83,1.279473066329956,2.761812686920166,8.138021075865254e-05,0.015153249725699425,15.505599021911621,prev_current,2.761812686920166,0.427978515625,0.12634138762950897,dataset_2_keyframe_4,2.7622759342193604
84,1.283874750137329,2.770070791244507,8.926392183639109e-05,0.015291595831513405,15.550276756286621,prev_current,2.770070791244507,0.42829591035842896,0.1269235610961914,dataset_2_keyframe_4,2.7618114948272705
85,1.29225492477417,2.7874534130096436,9.663899982115254e-05,0.015496318228542805,15.636024475097656,prev_current,2.7874534130096436,0.42875978350639343,0.12748196721076965,dataset_2_keyframe_4,2.7700698375701904
86,1.2984174489974976,2.801165819168091,9.231567673850805e-05,0.015601095743477345,15.725353240966797,prev_current,2.801165819168091,0.4288574159145355,0.12811271846294403,dataset_2_keyframe_4,2.787452459335327
87,1.3054667711257935,2.814549446105957,8.82466702023521e-05,0.01584320142865181,15.795586585998535,prev_current,2.814549446105957,0.430419921875,0.12913000583648682,dataset_2_keyframe_4,2.8011646270751953
88,1.3118172883987427,2.8291451930999756,8.951823110692203e-05,0.016015371307730675,15.885055541992188,prev_current,2.8291451930999756,0.43065187335014343,0.12965011596679688,dataset_2_keyframe_4,2.8145484924316406
89,1.318437099456787,2.8409132957458496,8.341472130268812e-05,0.01608632504940033,15.956036567687988,prev_current,2.8409132957458496,0.4313720762729645,0.12999136745929718,dataset_2_keyframe_4,2.82914400100708
90,1.323340892791748,2.8503525257110596,7.858276512706652e-05,0.01617329940199852,16.00459861755371,prev_current,2.8503525257110596,0.43206787109375,0.13069283962249756,dataset_2_keyframe_4,2.840912103652954
91,1.3285133838653564,2.8611104488372803,7.629395258845761e-05,0.01637319102883339,16.059978485107422,prev_current,2.8611104488372803,0.43256837129592896,0.13097812235355377,dataset_2_keyframe_4,2.850351333618164
92,1.3291525840759277,2.862863302230835,7.400513277389109e-05,0.016369376331567764,16.072938919067383,prev_current,2.862863302230835,0.43232423067092896,0.13090649247169495,dataset_2_keyframe_4,2.861109495162964
93,1.3305044174194336,2.866999626159668,7.527669367846102e-05,0.016403961926698685,16.095157623291016,prev_current,2.866999626159668,0.4326538145542145,0.13141299784183502,dataset_2_keyframe_4,2.8628621101379395
94,1.33101224899292,2.867171287536621,7.019043550826609e-05,0.01644439809024334,16.08917808532715,prev_current,2.867171287536621,0.4317993223667145,0.13132193684577942,dataset_2_keyframe_4,2.8669989109039307
95,1.3287811279296875,2.8650026321411133,7.476806786144152e-05,0.016432445496320724,16.091644287109375,prev_current,2.8650026321411133,0.43199464678764343,0.13098345696926117,dataset_2_keyframe_4,2.8671700954437256
96,1.3280304670333862,2.865817070007324,7.069906132528558e-05,0.016365814954042435,16.098642349243164,prev_current,2.865817070007324,0.4318603575229645,0.13069060444831848,dataset_2_keyframe_4,2.865001678466797
97,1.3308032751083374,2.8681108951568604,8.290608820971102e-05,0.01644541509449482,16.103857040405273,prev_current,2.8681108951568604,0.4319091737270355,0.13112466037273407,dataset_2_keyframe_4,2.865816116333008
98,1.3268640041351318,2.864163875579834,8.341472130268812e-05,0.016400910913944244,16.086023330688477,prev_current,2.864163875579834,0.4312744140625,0.1306915581226349,dataset_2_keyframe_4,2.868109941482544
99,1.3274208307266235,2.864304780960083,7.527669367846102e-05,0.016388194635510445,16.07904624938965,prev_current,2.864304780960083,0.4308227598667145,0.13076789677143097,dataset_2_keyframe_4,2.8641629219055176
100,1.3251897096633911,2.8639562129974365,7.629395258845761e-05,0.016350047662854195,16.0798282623291,prev_current,2.8639562129974365,0.4305419921875,0.13067173957824707,dataset_2_keyframe_4,2.8643035888671875
101,1.3210151195526123,2.8601086139678955,8.951823110692203e-05,0.01634979248046875,16.068689346313477,prev_current,2.8601086139678955,0.42908936738967896,0.12971435487270355,dataset_2_keyframe_4,2.86395525932312
102,1.32113516330719,2.861510992050171,8.646647620480508e-05,0.016380056738853455,16.071975708007812,prev_current,2.861510992050171,0.4288330078125,0.13004012405872345,dataset_2_keyframe_4,2.860107660293579
103,1.3209593296051025,2.861870527267456,7.807413931004703e-05,0.016421254724264145,16.069189071655273,prev_current,2.861870527267456,0.4278930723667145,0.13006408512592316,dataset_2_keyframe_4,2.8615100383758545
104,1.3189992904663086,2.861065626144409,8.570353384129703e-05,0.016391754150390625,16.062198638916016,prev_current,2.861065626144409,0.42686769366264343,0.1299809217453003,dataset_2_keyframe_4,2.8618695735931396
105,1.316293716430664,2.8613717555999756,8.49405987537466e-05,0.016416678205132484,16.067907333374023,prev_current,2.8613717555999756,0.42584228515625,0.12970410287380219,dataset_2_keyframe_4,2.8610646724700928
106,1.318190336227417,2.867403745651245,7.960002403706312e-05,0.0164642333984375,16.102886199951172,prev_current,2.867403745651245,0.4250854551792145,0.12999264895915985,dataset_2_keyframe_4,2.8613710403442383
107,1.3182811737060547,2.8721494674682617,8.850097947288305e-05,0.016513824462890625,16.125633239746094,prev_current,2.8721494674682617,0.423828125,0.12988999485969543,dataset_2_keyframe_4,2.867403030395508
108,1.3156540393829346,2.872694730758667,8.239746239269152e-05,0.01655985601246357,16.135669708251953,prev_current,2.872694730758667,0.42242431640625,0.12962643802165985,dataset_2_keyframe_4,2.872148275375366
109,1.3196805715560913,2.8831470012664795,8.570353384129703e-05,0.016684724017977715,16.190988540649414,prev_current,2.8831470012664795,0.42180177569389343,0.13035528361797333,dataset_2_keyframe_4,2.872694253921509
110,1.319657802581787,2.889505624771118,7.654826185898855e-05,0.01675313338637352,16.22533416748047,prev_current,2.889505624771118,0.4211669862270355,0.13052895665168762,dataset_2_keyframe_4,2.883146286010742
111,1.3210749626159668,2.894080400466919,8.138021075865254e-05,0.01677195355296135,16.254423141479492,prev_current,2.894080400466919,0.4197143614292145,0.1304137408733368,dataset_2_keyframe_4,2.88950514793396
112,1.321269154548645,2.9001686573028564,8.036295912461355e-05,0.016847992315888405,16.300460815429688,prev_current,2.9001686573028564,0.4193115234375,0.13049684464931488,dataset_2_keyframe_4,2.8940796852111816
113,1.3261771202087402,2.911566734313965,7.222493877634406e-05,0.01693013682961464,16.36351776123047,prev_current,2.911566734313965,0.41949462890625,0.13113749027252197,dataset_2_keyframe_4,2.900167942047119
114,1.3290027379989624,2.9194884300231934,8.138021075865254e-05,0.01707611232995987,16.40869903564453,prev_current,2.9194884300231934,0.41978761553764343,0.13130801916122437,dataset_2_keyframe_4,2.9115660190582275
115,1.336055040359497,2.9316301345825195,8.087158494163305e-05,0.01717071607708931,16.465002059936523,prev_current,2.9316301345825195,0.41954347491264343,0.13200366497039795,dataset_2_keyframe_4,2.919487476348877
116,1.3401285409927368,2.9405770301818848,8.010864985408261e-05,0.017331188544631004,16.521093368530273,prev_current,2.9405770301818848,0.4203735291957855,0.13235023617744446,dataset_2_keyframe_4,2.931629180908203
117,1.3443000316619873,2.9494235515594482,7.909139094408602e-05,0.01741943508386612,16.563261032104492,prev_current,2.9494235515594482,0.4208007752895355,0.13272957503795624,dataset_2_keyframe_4,2.9405760765075684
118,1.346455454826355,2.953920364379883,7.34965069568716e-05,0.0174687709659338,16.603179931640625,prev_current,2.953920364379883,0.42083740234375,0.13264481723308563,dataset_2_keyframe_4,2.9494223594665527
119,1.3557864427566528,2.9665095806121826,7.858276512706652e-05,0.017627716064453125,16.659767150878906,prev_current,2.9665095806121826,0.4225830137729645,0.1338104009628296,dataset_2_keyframe_4,2.9539194107055664
120,1.3654074668884277,2.981987237930298,7.960002403706312e-05,0.017742667347192764,16.74739646911621,prev_current,2.981987237930298,0.42376708984375,0.13458597660064697,dataset_2_keyframe_4,2.966508626937866
121,1.3712135553359985,2.994009494781494,7.29878811398521e-05,0.017883555963635445,16.82520866394043,prev_current,2.994009494781494,0.42518311738967896,0.13501711189746857,dataset_2_keyframe_4,2.9819862842559814
122,1.3793323040008545,3.008125066757202,7.400513277389109e-05,0.018041230738162994,16.902841567993164,prev_current,3.008125066757202,0.42645263671875,0.1356595754623413,dataset_2_keyframe_4,2.9940085411071777
123,1.3945428133010864,3.033071756362915,7.73112042224966e-05,0.018331147730350494,17.044355392456055,prev_current,3.033071756362915,0.42930909991264343,0.13698294758796692,dataset_2_keyframe_4,3.0081241130828857
124,1.412366509437561,3.06132173538208,7.069906132528558e-05,0.018634798005223274,17.194255828857422,prev_current,3.06132173538208,0.4320312440395355,0.13878130912780762,dataset_2_keyframe_4,3.0330708026885986
125,1.425862431526184,3.0851736068725586,6.764729914721102e-05,0.01892954669892788,17.321699142456055,prev_current,3.0851736068725586,0.4341186583042145,0.14001046121120453,dataset_2_keyframe_4,3.0613205432891846
126,1.445682168006897,3.1154942512512207,8.188883657567203e-05,0.019232433289289474,17.48283576965332,prev_current,3.1154942512512207,0.43634033203125,0.14160588383674622,dataset_2_keyframe_4,3.085172414779663
127,1.4487968683242798,3.120704174041748,7.222493877634406e-05,0.01923573948442936,17.509632110595703,prev_current,3.120704174041748,0.4364868104457855,0.14210215210914612,dataset_2_keyframe_4,3.115493059158325
0,3.9035067558288574,6.028398513793945,2.1107993234181777e-05,0.07066752761602402,33.93973922729492,zero_prev,6.028398513793945,0.834216296672821,0.36117488145828247,dataset_2_keyframe_4,0.0
1,4.622652530670166,6.569955825805664,5.00996939081233e-05,0.10841115564107895,26.493408203125,zero_prev,6.569955825805664,0.8366943597793579,0.33691203594207764,dataset_2_keyframe_4,6.0283894538879395
2,3.5538971424102783,5.038554668426514,3.153483339701779e-05,0.06378581374883652,26.520076751708984,zero_prev,5.038554668426514,0.8356079459190369,0.26582297682762146,dataset_2_keyframe_4,6.569943904876709
3,4.008991241455078,5.706828594207764,2.314249832124915e-05,0.07776261121034622,26.523815155029297,zero_prev,5.706828594207764,0.8375244140625,0.3039122521877289,dataset_2_keyframe_4,5.038540363311768
4,3.7959494590759277,5.406012535095215,5.213419717620127e-05,0.07252248376607895,26.4849796295166,zero_prev,5.406012535095215,0.836840808391571,0.28669437766075134,dataset_2_keyframe_4,5.706815719604492
5,3.876286506652832,5.5083417892456055,2.3396811229758896e-05,0.07436778396368027,26.405654907226562,zero_prev,5.5083417892456055,0.83721923828125,0.2941296100616455,dataset_2_keyframe_4,5.405998706817627
6,3.832777976989746,5.451338768005371,2.9500326490961015e-05,0.07318064570426941,26.368236541748047,zero_prev,5.451338768005371,0.836047351360321,0.2903902530670166,dataset_2_keyframe_4,5.508327960968018
7,3.831082344055176,5.4506049156188965,2.543131631682627e-05,0.0730542540550232,26.276317596435547,zero_prev,5.4506049156188965,0.834057629108429,0.28986483812332153,dataset_2_keyframe_4,5.451325416564941
8,3.8254854679107666,5.440359592437744,2.8228761948412284e-05,0.07282944023609161,26.207714080810547,zero_prev,5.440359592437744,0.831921398639679,0.29037922620773315,dataset_2_keyframe_4,5.450592041015625
9,3.8107824325561523,5.4181389808654785,2.314249832124915e-05,0.0724133849143982,26.087875366210938,zero_prev,5.4181389808654785,0.828540027141571,0.2895342707633972,dataset_2_keyframe_4,5.440345764160156
10,3.79075288772583,5.395200729370117,2.5685629225336015e-05,0.07185287773609161,25.92938995361328,zero_prev,5.395200729370117,0.82366943359375,0.28863248229026794,dataset_2_keyframe_4,5.418125629425049
11,3.7779879570007324,5.375838279724121,3.306071084807627e-05,0.07139816880226135,25.814159393310547,zero_prev,5.375838279724121,0.820507824420929,0.28851938247680664,dataset_2_keyframe_4,5.3951873779296875
12,3.7492504119873047,5.338436603546143,2.4922690499806777e-05,0.07061793655157089,25.626672744750977,zero_prev,5.338436603546143,0.815014660358429,0.2874443233013153,dataset_2_keyframe_4,5.375824928283691
13,3.7106902599334717,5.302150249481201,2.7974447220913135e-05,0.06956838071346283,25.37883949279785,zero_prev,5.302150249481201,0.805004894733429,0.2843596935272217,dataset_2_keyframe_4,5.338423252105713
14,3.660416841506958,5.2404866218566895,3.178914630552754e-05,0.06843211501836777,25.213762283325195,zero_prev,5.2404866218566895,0.8010498285293579,0.28111696243286133,dataset_2_keyframe_4,5.30213737487793
15,3.6002447605133057,5.185417652130127,3.840128920273855e-05,0.06682027876377106,24.806373596191406,zero_prev,5.185417652130127,0.7828125357627869,0.2764951288700104,dataset_2_keyframe_4,5.240473747253418
16,3.526768684387207,5.107804775238037,5.060831972514279e-05,0.06528650969266891,24.475732803344727,zero_prev,5.107804775238037,0.7717651724815369,0.2735314965248108,dataset_2_keyframe_4,5.185405254364014
17,3.4567203521728516,5.039666175842285,5.137125845067203e-05,0.06371282041072845,24.128034591674805,zero_prev,5.039666175842285,0.7607055902481079,0.2689812183380127,dataset_2_keyframe_4,5.107791900634766
18,3.3777337074279785,4.958513259887695,6.58671124256216e-05,0.06181971728801727,23.76226234436035,zero_prev,4.958513259887695,0.7483276724815369,0.26304224133491516,dataset_2_keyframe_4,5.039653778076172
19,3.2958545684814453,4.8788323402404785,6.688436405966058e-05,0.060069531202316284,23.365819931030273,zero_prev,4.8788323402404785,0.7344726920127869,0.25686198472976685,dataset_2_keyframe_4,4.958500862121582
20,3.210460662841797,4.794551849365234,8.544922457076609e-05,0.05814972147345543,22.943885803222656,zero_prev,4.794551849365234,0.719165027141571,0.25092601776123047,dataset_2_keyframe_4,4.878820419311523
21,3.1177546977996826,4.701954364776611,7.832845585653558e-05,0.05611979588866234,22.510143280029297,zero_prev,4.701954364776611,0.7049560546875,0.24418099224567413,dataset_2_keyframe_4,4.7945404052734375
22,3.023590326309204,4.602644443511963,8.672078547533602e-05,0.05388158559799194,22.0472412109375,zero_prev,4.602644443511963,0.6910156607627869,0.2378499060869217,dataset_2_keyframe_4,4.701941967010498
23,2.916656970977783,4.486415863037109,9.20613674679771e-05,0.051231130957603455,21.537887573242188,zero_prev,4.486415863037109,0.6767578125,0.22954204678535461,dataset_2_keyframe_4,4.602632999420166
24,2.8055381774902344,4.364436149597168,9.663899982115254e-05,0.048332978039979935,20.9608211517334,zero_prev,4.364436149597168,0.661181628704071,0.2214014083147049,dataset_2_keyframe_4,4.486404895782471
25,2.6880221366882324,4.230016708374023,0.00010045369708677754,0.04491831734776497,20.346349716186523,zero_prev,4.230016708374023,0.644787609577179,0.2124427855014801,dataset_2_keyframe_4,4.3644256591796875
26,2.569936513900757,4.094549179077148,0.00010960897634504363,0.04121679067611694,19.731563568115234,zero_prev,4.094549179077148,0.6290039420127869,0.20371070504188538,dataset_2_keyframe_4,4.230006217956543
27,2.459733247756958,3.9674503803253174,0.00010757446580100805,0.038648225367069244,19.1425838470459,zero_prev,3.9674503803253174,0.6142212152481079,0.19591517746448517,dataset_2_keyframe_4,4.094540119171143
28,2.345244884490967,3.8337931632995605,0.00011138916306663305,0.03622487559914589,18.532133102416992,zero_prev,3.8337931632995605,0.59710693359375,0.18761023879051208,dataset_2_keyframe_4,3.9674417972564697
29,2.2326502799987793,3.6982905864715576,0.00011291504779364914,0.033819835633039474,17.900222778320312,zero_prev,3.6982905864715576,0.580981433391571,0.17916403710842133,dataset_2_keyframe_4,3.833785057067871
30,2.1228654384613037,3.564161539077759,0.00012181600322946906,0.03150228038430214,17.277130126953125,zero_prev,3.564161539077759,0.5662841796875,0.1711740344762802,dataset_2_keyframe_4,3.6982827186584473
31,2.022552013397217,3.4358954429626465,0.00012079875159543008,0.02923482470214367,16.692026138305664,zero_prev,3.4358954429626465,0.5513672232627869,0.1637706607580185,dataset_2_keyframe_4,3.564154624938965
32,1.9302200078964233,3.32289719581604,0.00012868245539721102,0.02717997319996357,16.161727905273438,zero_prev,3.32289719581604,0.5381225943565369,0.15626394748687744,dataset_2_keyframe_4,3.4358887672424316
33,1.847153663635254,3.213405132293701,0.0001502990780863911,0.02501220814883709,15.64452838897705,zero_prev,3.213405132293701,0.525988757610321,0.15045122802257538,dataset_2_keyframe_4,3.3228909969329834
34,1.773724913597107,3.1175076961517334,0.00012334188795648515,0.023008475080132484,15.180268287658691,zero_prev,3.1175076961517334,0.51470947265625,0.1446923464536667,dataset_2_keyframe_4,3.2133994102478027
35,1.7064383029937744,3.0269062519073486,0.0001192728741443716,0.020499421283602715,14.748373031616211,zero_prev,3.0269062519073486,0.504321277141571,0.139759823679924,dataset_2_keyframe_4,3.117502212524414
36,1.6442545652389526,2.9453861713409424,0.00011698405432980508,0.017873384058475494,14.362415313720703,zero_prev,2.9453861713409424,0.4950317442417145,0.13473568856716156,dataset_2_keyframe_4,3.0269007682800293
37,1.5945758819580078,2.877460241317749,0.00012893677921965718,0.016342926770448685,14.015615463256836,zero_prev,2.877460241317749,0.48753663897514343,0.1312955915927887,dataset_2_keyframe_4,2.945380926132202
38,1.549165964126587,2.8162243366241455,0.00011571248614927754,0.01464360672980547,13.721312522888184,zero_prev,2.8162243366241455,0.4802490174770355,0.12787030637264252,dataset_2_keyframe_4,2.877455234527588
39,1.5133389234542847,2.766969680786133,0.0001241048303199932,0.01301345881074667,13.464351654052734,zero_prev,2.766969680786133,0.47478029131889343,0.12511926889419556,dataset_2_keyframe_4,2.8162195682525635
40,1.4784343242645264,2.7156968116760254,0.0001225789455929771,0.01223322656005621,13.225598335266113,zero_prev,2.7156968116760254,0.47016602754592896,0.12265675514936447,dataset_2_keyframe_4,2.7669646739959717
41,1.4537441730499268,2.67961049079895,0.00010426839435240254,0.01170781534165144,13.037883758544922,zero_prev,2.67961049079895,0.46623536944389343,0.12080420553684235,dataset_2_keyframe_4,2.7156922817230225
42,1.411062479019165,2.61594557762146,0.00012130737741244957,0.010874176397919655,12.759289741516113,zero_prev,2.61594557762146,0.4605346620082855,0.11708996444940567,dataset_2_keyframe_4,2.679605722427368
43,1.3793485164642334,2.5695977210998535,0.00011850993178086355,0.01011301763355732,12.508646965026855,zero_prev,2.5695977210998535,0.45610353350639343,0.11455428600311279,dataset_2_keyframe_4,2.615941047668457
44,1.3711965084075928,2.556042432785034,0.0001345316704828292,0.009918468073010445,12.411369323730469,zero_prev,2.556042432785034,0.45490723848342896,0.11405854672193527,dataset_2_keyframe_4,2.5695934295654297
45,1.3631691932678223,2.543370008468628,0.00010859172471100464,0.009826661087572575,12.345452308654785,zero_prev,2.543370008468628,0.45476076006889343,0.11290128529071808,dataset_2_keyframe_4,2.5560379028320312
46,1.3652371168136597,2.545133352279663,9.384155418956652e-05,0.00978571642190218,12.282193183898926,zero_prev,2.545133352279663,0.4532470703125,0.11294108629226685,dataset_2_keyframe_4,2.543365955352783
47,1.3536497354507446,2.5260212421417236,0.00011469523451523855,0.0094884242862463,12.235503196716309,zero_prev,2.5260212421417236,0.4522460997104645,0.1117187961935997,dataset_2_keyframe_4,2.5451295375823975
48,1.3560259342193604,2.530738592147827,0.00010172526526730508,0.009605408646166325,12.19972038269043,zero_prev,2.530738592147827,0.4520263671875,0.11173173040151596,dataset_2_keyframe_4,2.526017189025879
49,1.3457281589508057,2.5123353004455566,0.00012715658522211015,0.00936660822480917,12.189855575561523,zero_prev,2.5123353004455566,0.45203858613967896,0.11140386015176773,dataset_2_keyframe_4,2.5307347774505615
50,1.3478362560272217,2.5144717693328857,0.00010986328561557457,0.00938186701387167,12.154836654663086,zero_prev,2.5144717693328857,0.45244142413139343,0.11081571877002716,dataset_2_keyframe_4,2.512331485748291
51,1.3411579132080078,2.5021815299987793,0.00011062622797908261,0.009186554700136185,12.146370887756348,zero_prev,2.5021815299987793,0.45283204317092896,0.11068754643201828,dataset_2_keyframe_4,2.514468193054199
52,1.3429113626480103,2.5052785873413086,0.00012817383685614914,0.00926005095243454,12.153566360473633,zero_prev,2.5052785873413086,0.4537353515625,0.11060451716184616,dataset_2_keyframe_4,2.502178192138672
53,1.345267415046692,2.5073206424713135,0.00010375976853538305,0.0093510951846838,12.170926094055176,zero_prev,2.5073206424713135,0.45441895723342896,0.11066293716430664,dataset_2_keyframe_4,2.505275249481201
54,1.3481849431991577,2.511665105819702,0.00011189778888365254,0.009294128976762295,12.19183349609375,zero_prev,2.511665105819702,0.45561525225639343,0.11086910218000412,dataset_2_keyframe_4,2.507317304611206
55,1.3530584573745728,2.5192348957061768,0.00011571248614927754,0.009461975656449795,12.233901977539062,zero_prev,2.5192348957061768,0.45697021484375,0.11133413761854172,dataset_2_keyframe_4,2.511662006378174
56,1.3578046560287476,2.5254764556884766,0.00011825562251033261,0.00949554517865181,12.26661205291748,zero_prev,2.5254764556884766,0.4578857421875,0.11158990859985352,dataset_2_keyframe_4,2.5192315578460693
57,1.361316204071045,2.530925989151001,0.00011596680269576609,0.009555053897202015,12.299139022827148,zero_prev,2.530925989151001,0.4580322206020355,0.11203842610120773,dataset_2_keyframe_4,2.5254733562469482
58,1.3641140460968018,2.5379161834716797,9.460449655307457e-05,0.00965830497443676,12.336660385131836,zero_prev,2.5379161834716797,0.45930176973342896,0.11195099353790283,dataset_2_keyframe_4,2.5309226512908936
59,1.3701329231262207,2.5481925010681152,9.282430255552754e-05,0.00978673342615366,12.386937141418457,zero_prev,2.5481925010681152,0.4601196348667145,0.11238676309585571,dataset_2_keyframe_4,2.5379130840301514
60,1.369132399559021,2.547346830368042,0.00010833740816451609,0.009853108786046505,12.404074668884277,zero_prev,2.547346830368042,0.4588867127895355,0.11236782371997833,dataset_2_keyframe_4,2.548189640045166
61,1.3868677616119385,2.582021951675415,0.00010986328561557457,0.01045583188533783,12.465978622436523,zero_prev,2.582021951675415,0.45848390460014343,0.11353790760040283,dataset_2_keyframe_4,2.5473439693450928
62,1.3836625814437866,2.579928159713745,0.00010986328561557457,0.01044286135584116,12.512409210205078,zero_prev,2.579928159713745,0.4571289122104645,0.11349733173847198,dataset_2_keyframe_4,2.582019090652466
63,1.3698220252990723,2.5638234615325928,9.613037400413305e-05,0.010338847525417805,12.500242233276367,zero_prev,2.5638234615325928,0.4553588926792145,0.11296360939741135,dataset_2_keyframe_4,2.579925537109375
64,1.3655037879943848,2.5645699501037598,0.00010655721416696906,0.010425059124827385,12.493258476257324,zero_prev,2.5645699501037598,0.4533935487270355,0.1126304417848587,dataset_2_keyframe_4,2.5638206005096436
65,1.3553714752197266,2.5538480281829834,9.180705092148855e-05,0.010340881533920765,12.47292423248291,zero_prev,2.5538480281829834,0.4507812559604645,0.11178088188171387,dataset_2_keyframe_4,2.5645673274993896
66,1.3545138835906982,2.556701898574829,0.00011622111924225464,0.01035080011934042,12.470418930053711,zero_prev,2.556701898574829,0.44963380694389343,0.11200487613677979,dataset_2_keyframe_4,2.5538454055786133
67,1.343024730682373,2.5441439151763916,0.00010147095599677414,0.010331726633012295,12.424598693847656,zero_prev,2.5441439151763916,0.4463867247104645,0.11144755035638809,dataset_2_keyframe_4,2.556699275970459
68,1.3415136337280273,2.5459237098693848,0.00010655721416696906,0.0103645334020257,12.401727676391602,zero_prev,2.5459237098693848,0.44384765625,0.11163979023694992,dataset_2_keyframe_4,2.5441415309906006
69,1.3247333765029907,2.5252058506011963,0.00010045369708677754,0.01017710380256176,12.34689998626709,zero_prev,2.5252058506011963,0.44078370928764343,0.10991408675909042,dataset_2_keyframe_4,2.5459210872650146
70,1.3198060989379883,2.522221803665161,0.00010045369708677754,0.010187022387981415,12.303723335266113,zero_prev,2.522221803665161,0.4388794004917145,0.10982908308506012,dataset_2_keyframe_4,2.525203227996826
71,1.3081706762313843,2.5063462257385254,0.00011647542851278558,0.010011292062699795,12.250822067260742,zero_prev,2.5063462257385254,0.43653565645217896,0.10902171581983566,dataset_2_keyframe_4,2.522219181060791
72,1.300744652748108,2.4981608390808105,0.00010274251690134406,0.009982299990952015,12.204995155334473,zero_prev,2.4981608390808105,0.4349731504917145,0.10804863274097443,dataset_2_keyframe_4,2.5063436031341553
73,1.2915832996368408,2.483999729156494,0.00011266073124716058,0.00978800468146801,12.154921531677246,zero_prev,2.483999729156494,0.43348389863967896,0.10746648162603378,dataset_2_keyframe_4,2.4981584548950195
74,1.2846217155456543,2.474287748336792,0.00010274251690134406,0.009668986313045025,12.09611701965332,zero_prev,2.474287748336792,0.4321533143520355,0.10703960806131363,dataset_2_keyframe_4,2.4839975833892822
75,1.2780561447143555,2.465564727783203,8.621215965831652e-05,0.0095799770206213,12.055621147155762,zero_prev,2.465564727783203,0.43077394366264343,0.10652285814285278,dataset_2_keyframe_4,2.47428560256958
76,1.2743726968765259,2.459233283996582,0.00011011760216206312,0.009500885382294655,12.012215614318848,zero_prev,2.459233283996582,0.4300170838832855,0.10611768066883087,dataset_2_keyframe_4,2.465562582015991
77,1.2705696821212769,2.454299211502075,9.25699932849966e-05,0.009445191361010075,11.982060432434082,zero_prev,2.454299211502075,0.42900392413139343,0.10600113868713379,dataset_2_keyframe_4,2.45923113822937
78,1.2607367038726807,2.4406023025512695,0.00011469523451523855,0.009263357147574425,11.934554100036621,zero_prev,2.4406023025512695,0.42808839678764343,0.10500431060791016,dataset_2_keyframe_4,2.4542973041534424
79,1.259607195854187,2.439838171005249,9.20613674679771e-05,0.00927658099681139,11.920578956604004,zero_prev,2.439838171005249,0.4277099668979645,0.1050836592912674,dataset_2_keyframe_4,2.440600633621216
80,1.2573291063308716,2.435694932937622,9.002685692394152e-05,0.00920791644603014,11.898702621459961,zero_prev,2.435694932937622,0.42755126953125,0.1047460064291954,dataset_2_keyframe_4,2.439836263656616
81,1.2569941282272339,2.4352786540985107,9.689331636764109e-05,0.009288279339671135,11.897440910339355,zero_prev,2.4352786540985107,0.42755126953125,0.10484527796506882,dataset_2_keyframe_4,2.4356932640075684
82,1.2599999904632568,2.439075469970703,9.25699932849966e-05,0.009307862259447575,11.92280387878418,zero_prev,2.439075469970703,0.42790529131889343,0.10506343096494675,dataset_2_keyframe_4,2.435276985168457
83,1.2600945234298706,2.4391188621520996,8.44319729367271e-05,0.00926768034696579,11.91755485534668,zero_prev,2.4391188621520996,0.427978515625,0.10504832118749619,dataset_2_keyframe_4,2.4390738010406494
84,1.265229344367981,2.4479105472564697,8.138021075865254e-05,0.00939661730080843,11.952704429626465,zero_prev,2.4479105472564697,0.42829591035842896,0.1056562066078186,dataset_2_keyframe_4,2.439117193222046
85,1.2748922109603882,2.4664466381073,9.409587073605508e-05,0.009675090201199055,12.021479606628418,zero_prev,2.4664466381073,0.42875978350639343,0.10622687637805939,dataset_2_keyframe_4,2.447908878326416
86,1.280769944190979,2.478837728500366,8.544922457076609e-05,0.009898122400045395,12.09459400177002,zero_prev,2.478837728500366,0.4288574159145355,0.10666578263044357,dataset_2_keyframe_4,2.466444969177246
87,1.287254810333252,2.4893991947174072,7.807413931004703e-05,0.01001383550465107,12.143683433532715,zero_prev,2.4893991947174072,0.430419921875,0.1075642853975296,dataset_2_keyframe_4,2.4788358211517334
88,1.292823314666748,2.5007922649383545,7.883708167355508e-05,0.01025238074362278,12.211929321289062,zero_prev,2.5007922649383545,0.43065187335014343,0.10786747932434082,dataset_2_keyframe_4,2.4893972873687744
89,1.2992054224014282,2.5112104415893555,8.570353384129703e-05,0.010392253287136555,12.268664360046387,zero_prev,2.5112104415893555,0.4313720762729645,0.10812405496835709,dataset_2_keyframe_4,2.500790596008301
90,1.3039343357086182,2.5202808380126953,8.468628220725805e-05,0.010537720285356045,12.304134368896484,zero_prev,2.5202808380126953,0.43206787109375,0.10871749371290207,dataset_2_keyframe_4,2.5112087726593018
91,1.3083288669586182,2.527900218963623,6.53584866086021e-05,0.01055603101849556,12.349756240844727,zero_prev,2.527900218963623,0.43256837129592896,0.10893092304468155,dataset_2_keyframe_4,2.5202789306640625
92,1.308485746383667,2.5279247760772705,8.392334711970761e-05,0.010567729361355305,12.35977840423584,zero_prev,2.5279247760772705,0.43232423067092896,0.10877344757318497,dataset_2_keyframe_4,2.5278983116149902
93,1.3103587627410889,2.5327634811401367,8.06172756711021e-05,0.010698954574763775,12.372955322265625,zero_prev,2.5327634811401367,0.4326538145542145,0.10913266986608505,dataset_2_keyframe_4,2.5279228687286377
94,1.3101754188537598,2.5316524505615234,8.06172756711021e-05,0.01071599405258894,12.372069358825684,zero_prev,2.5316524505615234,0.4317993223667145,0.10913145542144775,dataset_2_keyframe_4,2.532761812210083
95,1.3090344667434692,2.531301736831665,7.781983003951609e-05,0.01067047193646431,12.369322776794434,zero_prev,2.531301736831665,0.43199464678764343,0.10886798053979874,dataset_2_keyframe_4,2.5316505432128906
96,1.3076289892196655,2.5301051139831543,6.993611896177754e-05,0.010651398450136185,12.377289772033691,zero_prev,2.5301051139831543,0.4318603575229645,0.10853572189807892,dataset_2_keyframe_4,2.5312998294830322
97,1.3106845617294312,2.533616781234741,8.341472130268812e-05,0.010681153275072575,12.381552696228027,zero_prev,2.533616781234741,0.4319091737270355,0.1089823767542839,dataset_2_keyframe_4,2.5301034450531006
98,1.3073617219924927,2.5303285121917725,7.756551349302754e-05,0.01067886408418417,12.367775917053223,zero_prev,2.5303285121917725,0.4312744140625,0.10856868326663971,dataset_2_keyframe_4,2.5336153507232666
99,1.307579517364502,2.5301308631896973,8.163452730514109e-05,0.01064097136259079,12.360943794250488,zero_prev,2.5301308631896973,0.4308227598667145,0.10873432457447052,dataset_2_keyframe_4,2.5303268432617188
100,1.306276798248291,2.5304384231567383,7.527669367846102e-05,0.010676829144358635,12.359064102172852,zero_prev,2.5304384231567383,0.4305419921875,0.10842563956975937,dataset_2_keyframe_4,2.5301289558410645
101,1.3017182350158691,2.526723623275757,8.672078547533602e-05,0.01067962683737278,12.3523588180542,zero_prev,2.526723623275757,0.42908936738967896,0.10768427699804306,dataset_2_keyframe_4,2.5304367542266846
102,1.3026930093765259,2.5291318893432617,8.392334711970761e-05,0.010661570355296135,12.353157043457031,zero_prev,2.5291318893432617,0.4288330078125,0.10787029564380646,dataset_2_keyframe_4,2.5267221927642822
103,1.3023498058319092,2.52929949760437,8.977254765341058e-05,0.010689036920666695,12.350520133972168,zero_prev,2.52929949760437,0.4278930723667145,0.10805215686559677,dataset_2_keyframe_4,2.529130220413208
104,1.3000450134277344,2.5278537273406982,9.511312237009406e-05,0.010734813287854195,12.345471382141113,zero_prev,2.5278537273406982,0.42686769366264343,0.10779624432325363,dataset_2_keyframe_4,2.5292980670928955
105,1.2975859642028809,2.527500867843628,8.595785038778558e-05,0.010697937570512295,12.347661972045898,zero_prev,2.527500867843628,0.42584228515625,0.10755522549152374,dataset_2_keyframe_4,2.5278522968292236
106,1.3000000715255737,2.5336897373199463,7.807413931004703e-05,0.01084696501493454,12.373261451721191,zero_prev,2.5336897373199463,0.4250854551792145,0.10789308696985245,dataset_2_keyframe_4,2.5274994373321533
107,1.2992610931396484,2.5366876125335693,8.850097947288305e-05,0.01084772776812315,12.391565322875977,zero_prev,2.5366876125335693,0.423828125,0.10773857682943344,dataset_2_keyframe_4,2.5336880683898926
108,1.297145128250122,2.537541151046753,8.010864985408261e-05,0.010971324518322945,12.398571968078613,zero_prev,2.537541151046753,0.42242431640625,0.10757892578840256,dataset_2_keyframe_4,2.5366861820220947
109,1.3017160892486572,2.5493457317352295,7.883708167355508e-05,0.011239878833293915,12.443617820739746,zero_prev,2.5493457317352295,0.42180177569389343,0.10823199898004532,dataset_2_keyframe_4,2.5375399589538574
110,1.3004376888275146,2.5520551204681396,6.637573824264109e-05,0.011248525232076645,12.465473175048828,zero_prev,2.5520551204681396,0.4211669862270355,0.10824296623468399,dataset_2_keyframe_4,2.549344301223755
111,1.3016363382339478,2.556157112121582,6.993611896177754e-05,0.01133600901812315,12.493691444396973,zero_prev,2.556157112121582,0.4197143614292145,0.10835166275501251,dataset_2_keyframe_4,2.552053689956665
112,1.303088903427124,2.5642032623291016,6.841024151071906e-05,0.011520132422447205,12.528576850891113,zero_prev,2.5642032623291016,0.4193115234375,0.10840995609760284,dataset_2_keyframe_4,2.5561556816101074
113,1.3077958822250366,2.5738015174865723,6.434122769860551e-05,0.0115877790376544,12.573762893676758,zero_prev,2.5738015174865723,0.41949462890625,0.10896477848291397,dataset_2_keyframe_4,2.564202070236206
114,1.3103135824203491,2.5798161029815674,7.044474477879703e-05,0.01167068537324667,12.609845161437988,zero_prev,2.5798161029815674,0.41978761553764343,0.10889541357755661,dataset_2_keyframe_4,2.5738000869750977
115,1.317545771598816,2.5929038524627686,6.96818096912466e-05,0.011873627081513405,12.658529281616211,zero_prev,2.5929038524627686,0.41954347491264343,0.10965386778116226,dataset_2_keyframe_4,2.5798146724700928
116,1.3222585916519165,2.6015477180480957,6.179809861350805e-05,0.012003072537481785,12.699196815490723,zero_prev,2.6015477180480957,0.4203735291957855,0.11006547510623932,dataset_2_keyframe_4,2.592902183532715
117,1.3254426717758179,2.6077351570129395,6.891886732773855e-05,0.012131755240261555,12.734156608581543,zero_prev,2.6077351570129395,0.4208007752895355,0.11040357500314713,dataset_2_keyframe_4,2.601546287536621
118,1.328946590423584,2.6159157752990723,6.96818096912466e-05,0.01224238146096468,12.769948959350586,zero_prev,2.6159157752990723,0.42083740234375,0.11027317494153976,dataset_2_keyframe_4,2.607733726501465
119,1.3378467559814453,2.6259875297546387,8.010864985408261e-05,0.0123634347692132,12.810006141662598,zero_prev,2.6259875297546387,0.4225830137729645,0.11117775738239288,dataset_2_keyframe_4,2.6159141063690186
120,1.3476005792617798,2.6419410705566406,6.713867333019152e-05,0.01250152662396431,12.881815910339355,zero_prev,2.6419410705566406,0.42376708984375,0.11210093647241592,dataset_2_keyframe_4,2.625985860824585
121,1.3534823656082153,2.652142286300659,7.222493877634406e-05,0.0126317348331213,12.939912796020508,zero_prev,2.652142286300659,0.42518311738967896,0.11225413531064987,dataset_2_keyframe_4,2.641939401626587
122,1.3617326021194458,2.665142297744751,6.815592496423051e-05,0.0128211984410882,13.001530647277832,zero_prev,2.665142297744751,0.42645263671875,0.1131204143166542,dataset_2_keyframe_4,2.6521408557891846
123,1.3785306215286255,2.6915764808654785,7.222493877634406e-05,0.01306508481502533,13.10981559753418,zero_prev,2.6915764808654785,0.42930909991264343,0.11402066051959991,dataset_2_keyframe_4,2.6651406288146973
124,1.3954602479934692,2.716111898422241,6.866455078125e-05,0.013368225656449795,13.228007316589355,zero_prev,2.716111898422241,0.4320312440395355,0.11574286222457886,dataset_2_keyframe_4,2.691575050354004
125,1.4095408916473389,2.739506959915161,6.4849853515625e-05,0.01362406462430954,13.327049255371094,zero_prev,2.739506959915161,0.4341186583042145,0.11660327017307281,dataset_2_keyframe_4,2.7161102294921875
126,1.43238365650177,2.7753078937530518,7.756551349302754e-05,0.01410954911261797,13.4564790725708,zero_prev,2.7753078937530518,0.43634033203125,0.11844684183597565,dataset_2_keyframe_4,2.7395052909851074
127,1.433634877204895,2.773042917251587,8.06172756711021e-05,0.014152527786791325,13.477723121643066,zero_prev,2.773042917251587,0.4364868104457855,0.11859432607889175,dataset_2_keyframe_4,2.775305986404419
0,3.9035067558288574,6.028398513793945,2.1107993234181777e-05,0.07066752761602402,33.93973922729492,all_reliable,6.028398513793945,1.0,0.36117488145828247,dataset_2_keyframe_4,0.0
1,3.904935598373413,6.111208438873291,3.153483339701779e-05,0.06971970200538635,34.05924606323242,all_reliable,6.111208438873291,1.0,0.34823527932167053,dataset_2_keyframe_4,5.9705939292907715
2,3.8718466758728027,6.038415431976318,7.197062222985551e-05,0.06876347959041595,33.961727142333984,all_reliable,6.038415431976318,1.0,0.34647080302238464,dataset_2_keyframe_4,5.993393898010254
3,3.8392415046691895,6.003827095031738,5.39143911737483e-05,0.06840871274471283,33.69662857055664,all_reliable,6.003827095031738,1.0,0.3478966951370239,dataset_2_keyframe_4,5.833207130432129
4,3.8309547901153564,5.994637966156006,5.060831972514279e-05,0.068267822265625,33.64655685424805,all_reliable,5.994637966156006,1.0,0.34695133566856384,dataset_2_keyframe_4,5.815858364105225
5,3.8348429203033447,5.986226558685303,3.611246938817203e-05,0.06802063435316086,33.606422424316406,all_reliable,5.986226558685303,1.0,0.3470621705055237,dataset_2_keyframe_4,5.818979263305664
6,3.826878547668457,5.97420597076416,4.0944418287836015e-05,0.06759592890739441,33.55561447143555,all_reliable,5.97420597076416,1.0,0.3460402488708496,dataset_2_keyframe_4,5.812127113342285
7,3.807577610015869,5.949942111968994,3.458659193711355e-05,0.0669097900390625,33.424652099609375,all_reliable,5.949942111968994,1.0,0.3433389663696289,dataset_2_keyframe_4,5.800570964813232
8,3.8117246627807617,5.948101043701172,5.4168704082258046e-05,0.06686808913946152,33.37440490722656,all_reliable,5.948101043701172,1.0,0.3433542847633362,dataset_2_keyframe_4,5.7890095710754395
9,3.78590989112854,5.910974502563477,4.552205791696906e-05,0.0658775344491005,33.20895004272461,all_reliable,5.910974502563477,1.0,0.3408164978027344,dataset_2_keyframe_4,5.7562432289123535
10,3.7678890228271484,5.886387825012207,3.941854083677754e-05,0.06530431658029556,33.026092529296875,all_reliable,5.886387825012207,1.0,0.33891960978507996,dataset_2_keyframe_4,5.72983980178833
11,3.745727777481079,5.854011535644531,3.178914630552754e-05,0.06488749384880066,32.86000061035156,all_reliable,5.854011535644531,1.0,0.33726391196250916,dataset_2_keyframe_4,5.7011518478393555
12,3.7135069370269775,5.809993267059326,3.840128920273855e-05,0.06389465928077698,32.623268127441406,all_reliable,5.809993267059326,1.0,0.3353491425514221,dataset_2_keyframe_4,5.6592698097229
13,3.6753854751586914,5.773437976837158,3.738403393072076e-05,0.06329956650733948,32.37754821777344,all_reliable,5.773437976837158,1.0,0.3296477496623993,dataset_2_keyframe_4,5.6240434646606445
14,3.626749277114868,5.715132236480713,4.425048973644152e-05,0.0620066374540329,32.10166549682617,all_reliable,5.715132236480713,1.0,0.3265204131603241,dataset_2_keyframe_4,5.5864129066467285
15,3.5676496028900146,5.652904987335205,4.831949991057627e-05,0.060528822243213654,31.69363021850586,all_reliable,5.652904987335205,1.0,0.31888866424560547,dataset_2_keyframe_4,5.519989490509033
16,3.4847617149353027,5.5605244636535645,5.187988426769152e-05,0.058516696095466614,31.255178451538086,all_reliable,5.5605244636535645,1.0,0.3136518597602844,dataset_2_keyframe_4,5.455616474151611
17,3.4165165424346924,5.489858627319336,5.6711836805334315e-05,0.05685043707489967,30.8159236907959,all_reliable,5.489858627319336,1.0,0.3093028962612152,dataset_2_keyframe_4,5.366661548614502
18,3.3376736640930176,5.402664661407471,6.459554424509406e-05,0.05487264320254326,30.37037467956543,all_reliable,5.402664661407471,1.0,0.30138882994651794,dataset_2_keyframe_4,5.297020435333252
19,3.2573163509368896,5.319672584533691,6.790161569369957e-05,0.052999626845121384,29.896764755249023,all_reliable,5.319672584533691,1.0,0.2946336269378662,dataset_2_keyframe_4,5.21823263168335
20,3.1782948970794678,5.235285758972168,6.53584866086021e-05,0.05089874565601349,29.371883392333984,all_reliable,5.235285758972168,1.0,0.28750553727149963,dataset_2_keyframe_4,5.132638931274414
21,3.0853614807128906,5.135044097900391,6.866455078125e-05,0.04862925410270691,28.825550079345703,all_reliable,5.135044097900391,1.0,0.27953407168388367,dataset_2_keyframe_4,5.047091007232666
22,2.9905457496643066,5.026079177856445,8.138021075865254e-05,0.045984651893377304,28.238677978515625,all_reliable,5.026079177856445,1.0,0.27248644828796387,dataset_2_keyframe_4,4.94633150100708
23,2.884983539581299,4.910374164581299,9.562174818711355e-05,0.0435384139418602,27.60643768310547,all_reliable,4.910374164581299,1.0,0.2637512683868408,dataset_2_keyframe_4,4.831153869628906
24,2.7783896923065186,4.7857513427734375,0.00010197958181379363,0.0410512313246727,26.909969329833984,all_reliable,4.7857513427734375,1.0,0.25496724247932434,dataset_2_keyframe_4,4.7188401222229
25,2.6644842624664307,4.652003288269043,9.231567673850805e-05,0.03803151473402977,26.15222930908203,all_reliable,4.652003288269043,1.0,0.24551263451576233,dataset_2_keyframe_4,4.5996527671813965
26,2.550724506378174,4.513311862945557,9.435018728254363e-05,0.035059865564107895,25.39280128479004,all_reliable,4.513311862945557,1.0,0.2352510541677475,dataset_2_keyframe_4,4.46401309967041
27,2.4460537433624268,4.384618282318115,9.63846905506216e-05,0.033234916627407074,24.648143768310547,all_reliable,4.384618282318115,1.0,0.22755269706249237,dataset_2_keyframe_4,4.33344030380249
28,2.335603952407837,4.246880531311035,9.867351036518812e-05,0.030725862830877304,23.888200759887695,all_reliable,4.246880531311035,1.0,0.21781675517559052,dataset_2_keyframe_4,4.210585117340088
29,2.22666597366333,4.107043743133545,9.791056800168008e-05,0.02825520932674408,23.106903076171875,all_reliable,4.107043743133545,1.0,0.20789623260498047,dataset_2_keyframe_4,4.082345008850098
30,2.120342969894409,3.96855092048645,0.00011037191143259406,0.02666676975786686,22.321826934814453,all_reliable,3.96855092048645,1.0,0.1990584433078766,dataset_2_keyframe_4,3.951422691345215
31,2.0263147354125977,3.839053153991699,0.00010172526526730508,0.02548930048942566,21.5804500579834,all_reliable,3.839053153991699,1.0,0.19083712995052338,dataset_2_keyframe_4,3.8207309246063232
32,1.9404654502868652,3.7213528156280518,0.0001149495510617271,0.02440592646598816,20.889732360839844,all_reliable,3.7213528156280518,1.0,0.18350589275360107,dataset_2_keyframe_4,3.6949453353881836
33,1.8610353469848633,3.6074235439300537,0.00011138916306663305,0.023460643365979195,20.252214431762695,all_reliable,3.6074235439300537,1.0,0.17686641216278076,dataset_2_keyframe_4,3.586958646774292
34,1.7863543033599854,3.4998373985290527,0.00010833740816451609,0.022457124665379524,19.647706985473633,all_reliable,3.4998373985290527,1.0,0.1697724312543869,dataset_2_keyframe_4,3.4825971126556396
35,1.7178020477294922,3.3993277549743652,0.00011952719069086015,0.02161814458668232,19.087175369262695,all_reliable,3.3993277549743652,1.0,0.1634024679660797,dataset_2_keyframe_4,3.385913372039795
36,1.6566439867019653,3.3117170333862305,0.00010248820763081312,0.02084147185087204,18.582429885864258,all_reliable,3.3117170333862305,1.0,0.15813837945461273,dataset_2_keyframe_4,3.292745351791382
37,1.607101321220398,3.2346432209014893,0.00010579427907941863,0.020096080377697945,18.130207061767578,all_reliable,3.2346432209014893,1.0,0.15463979542255402,dataset_2_keyframe_4,3.202634334564209
38,1.5639123916625977,3.1656832695007324,0.0001230875786859542,0.019258880987763405,17.753767013549805,all_reliable,3.1656832695007324,1.0,0.15064629912376404,dataset_2_keyframe_4,3.1376945972442627
39,1.5257006883621216,3.1090874671936035,0.0001073201565304771,0.0187149066478014,17.4122257232666,all_reliable,3.1090874671936035,1.0,0.14724916219711304,dataset_2_keyframe_4,3.079555034637451
40,1.4907019138336182,3.0543055534362793,0.00010248820763081312,0.018203482031822205,17.10405731201172,all_reliable,3.0543055534362793,1.0,0.14400386810302734,dataset_2_keyframe_4,3.0267138481140137
41,1.4632267951965332,3.0078392028808594,0.0001388549862895161,0.017757926136255264,16.852746963500977,all_reliable,3.0078392028808594,1.0,0.14200983941555023,dataset_2_keyframe_4,2.97426438331604
42,1.43051016330719,2.951761484146118,9.358724491903558e-05,0.016950735822319984,16.525707244873047,all_reliable,2.951761484146118,1.0,0.1387588232755661,dataset_2_keyframe_4,2.9152514934539795
43,1.3923683166503906,2.8895981311798096,0.00011774699669331312,0.01626739650964737,16.20088005065918,all_reliable,2.8895981311798096,1.0,0.13531669974327087,dataset_2_keyframe_4,2.8635897636413574
44,1.3790074586868286,2.864980697631836,0.00014775594172533602,0.016264598816633224,16.032621383666992,all_reliable,2.864980697631836,1.0,0.13394607603549957,dataset_2_keyframe_4,2.8280155658721924
45,1.3713245391845703,2.8526463508605957,0.00013656617375090718,0.01613057591021061,15.956753730773926,all_reliable,2.8526463508605957,1.0,0.13338875770568848,dataset_2_keyframe_4,2.814607858657837
46,1.3623830080032349,2.8338639736175537,0.00013224284339230508,0.01614329032599926,15.870835304260254,all_reliable,2.8338639736175537,1.0,0.13104330003261566,dataset_2_keyframe_4,2.8055503368377686
47,1.3468763828277588,2.812694787979126,0.00017420451331418008,0.015755463391542435,15.783132553100586,all_reliable,2.812694787979126,1.0,0.13088218867778778,dataset_2_keyframe_4,2.771756172180176
48,1.350027322769165,2.8132221698760986,0.0001235961972270161,0.01592051237821579,15.769392013549805,all_reliable,2.8132221698760986,1.0,0.12991850078105927,dataset_2_keyframe_4,2.7764081954956055
49,1.3466155529022217,2.8074991703033447,0.0001927693811012432,0.015722911804914474,15.765079498291016,all_reliable,2.8074991703033447,1.0,0.13030360639095306,dataset_2_keyframe_4,2.7762796878814697
50,1.342100739479065,2.7979166507720947,0.0001536051568109542,0.015761058777570724,15.687440872192383,all_reliable,2.7979166507720947,1.0,0.12939386069774628,dataset_2_keyframe_4,2.752943277359009
51,1.3354332447052002,2.7894303798675537,0.00014877320791129023,0.01563364826142788,15.672259330749512,all_reliable,2.7894303798675537,1.0,0.12996642291545868,dataset_2_keyframe_4,2.7454607486724854
52,1.3411449193954468,2.7978029251098633,0.00015589396934956312,0.015649668872356415,15.698075294494629,all_reliable,2.7978029251098633,1.0,0.1306353658437729,dataset_2_keyframe_4,2.746284246444702
53,1.3442655801773071,2.8018622398376465,0.0001274108944926411,0.015802765265107155,15.737311363220215,all_reliable,2.8018622398376465,1.0,0.13078193366527557,dataset_2_keyframe_4,2.7616896629333496
54,1.3458364009857178,2.8060481548309326,0.00013580323138739914,0.015827178955078125,15.75740909576416,all_reliable,2.8060481548309326,1.0,0.1312270313501358,dataset_2_keyframe_4,2.7598624229431152
55,1.3526540994644165,2.814763307571411,0.00014368693518918008,0.01586049422621727,15.812003135681152,all_reliable,2.814763307571411,1.0,0.13194231688976288,dataset_2_keyframe_4,2.7656781673431396
56,1.3566218614578247,2.8212151527404785,0.00012461344886105508,0.015997061505913734,15.860025405883789,all_reliable,2.8212151527404785,1.0,0.13242968916893005,dataset_2_keyframe_4,2.773630380630493
57,1.360749363899231,2.8288803100585938,0.00015258790517691523,0.016026053577661514,15.9061279296875,all_reliable,2.8288803100585938,1.0,0.13281476497650146,dataset_2_keyframe_4,2.7816174030303955
58,1.3641307353973389,2.836669683456421,0.00014623007155023515,0.016138967126607895,15.94678020477295,all_reliable,2.836669683456421,1.0,0.1330329328775406,dataset_2_keyframe_4,2.7884533405303955
59,1.3700954914093018,2.8484530448913574,0.00012130737741244957,0.01628824882209301,16.015066146850586,all_reliable,2.8484530448913574,1.0,0.13390885293483734,dataset_2_keyframe_4,2.7986655235290527
60,1.372633457183838,2.8549270629882812,0.00013682048302143812,0.01629893109202385,16.076444625854492,all_reliable,2.8549270629882812,1.0,0.1335449516773224,dataset_2_keyframe_4,2.8198516368865967
61,1.3798028230667114,2.870980739593506,0.00013300578575581312,0.0166473388671875,16.129247665405273,all_reliable,2.870980739593506,1.0,0.1345842480659485,dataset_2_keyframe_4,2.820134401321411
62,1.3819646835327148,2.8787271976470947,0.00017852784367278218,0.01667734794318676,16.176589965820312,all_reliable,2.8787271976470947,1.0,0.13500547409057617,dataset_2_keyframe_4,2.8244669437408447
63,1.374580979347229,2.8744208812713623,0.00017623901658225805,0.01647644117474556,16.1837215423584,all_reliable,2.8744208812713623,1.0,0.13433901965618134,dataset_2_keyframe_4,2.833916664123535
64,1.370889663696289,2.876887559890747,0.00012385050649754703,0.01658172719180584,16.190635681152344,all_reliable,2.876887559890747,1.0,0.13397400081157684,dataset_2_keyframe_4,2.8361101150512695
65,1.3714686632156372,2.8821206092834473,0.00013580323138739914,0.016633860766887665,16.226505279541016,all_reliable,2.8821206092834473,1.0,0.1333618313074112,dataset_2_keyframe_4,2.859389305114746
66,1.3664144277572632,2.8775272369384766,0.00014470418682321906,0.016598258167505264,16.16912269592285,all_reliable,2.8775272369384766,1.0,0.13395535945892334,dataset_2_keyframe_4,2.841916561126709
67,1.357466220855713,2.8679490089416504,0.00019353232346475124,0.01648661307990551,16.125629425048828,all_reliable,2.8679490089416504,1.0,0.1329522281885147,dataset_2_keyframe_4,2.835087299346924
68,1.351292610168457,2.8617422580718994,0.0001764933404047042,0.01650594174861908,16.064159393310547,all_reliable,2.8617422580718994,1.0,0.13300371170043945,dataset_2_keyframe_4,2.8181204795837402
69,1.3375649452209473,2.8460886478424072,0.00025838217698037624,0.016165416687726974,16.01325798034668,all_reliable,2.8460886478424072,1.0,0.13130556046962738,dataset_2_keyframe_4,2.8154842853546143
70,1.329419732093811,2.837317705154419,0.0001813252893043682,0.01611989364027977,15.937262535095215,all_reliable,2.837317705154419,1.0,0.1311444342136383,dataset_2_keyframe_4,2.7936482429504395
71,1.321205973625183,2.825779676437378,0.00021438600379042327,0.0159581508487463,15.882570266723633,all_reliable,2.825779676437378,1.0,0.13028541207313538,dataset_2_keyframe_4,2.7882683277130127
72,1.3129936456680298,2.8155677318573,0.0001775105920387432,0.015874482691287994,15.817708015441895,all_reliable,2.8155677318573,1.0,0.12952803075313568,dataset_2_keyframe_4,2.7754616737365723
73,1.30452561378479,2.8021509647369385,0.00016632080951239914,0.015754446387290955,15.750736236572266,all_reliable,2.8021509647369385,1.0,0.1289975643157959,dataset_2_keyframe_4,2.7676584720611572
74,1.2956587076187134,2.7889275550842285,0.00016301474533975124,0.0155614223331213,15.673828125,all_reliable,2.7889275550842285,1.0,0.12815681099891663,dataset_2_keyframe_4,2.7545931339263916
75,1.2891584634780884,2.779406785964966,0.00013860067701898515,0.01546071469783783,15.613616943359375,all_reliable,2.779406785964966,1.0,0.12743395566940308,dataset_2_keyframe_4,2.7447524070739746
76,1.2835793495178223,2.7692456245422363,0.00015487671771552414,0.01539128739386797,15.54851245880127,all_reliable,2.7692456245422363,1.0,0.1267339289188385,dataset_2_keyframe_4,2.733675003051758
77,1.2791650295257568,2.762877941131592,0.00012181600322946906,0.015403239987790585,15.508151054382324,all_reliable,2.762877941131592,1.0,0.1262354701757431,dataset_2_keyframe_4,2.725686550140381
78,1.2695327997207642,2.749852418899536,0.0001607259182492271,0.01518656499683857,15.455523490905762,all_reliable,2.749852418899536,1.0,0.1252070814371109,dataset_2_keyframe_4,2.7203662395477295
79,1.2687534093856812,2.7473080158233643,0.0001274108944926411,0.01524912565946579,15.430277824401855,all_reliable,2.7473080158233643,1.0,0.1255582571029663,dataset_2_keyframe_4,2.7067017555236816
80,1.2674939632415771,2.743839979171753,0.00012893677921965718,0.015174612402915955,15.412984848022461,all_reliable,2.743839979171753,1.0,0.1255430430173874,dataset_2_keyframe_4,2.7073676586151123
81,1.2666715383529663,2.743648052215576,0.00011240642197662964,0.01517003495246172,15.412435531616211,all_reliable,2.743648052215576,1.0,0.1254631131887436,dataset_2_keyframe_4,2.7067642211914062
82,1.2712873220443726,2.748335599899292,0.00011672974505927414,0.0151926688849926,15.4352445602417,all_reliable,2.748335599899292,1.0,0.12608155608177185,dataset_2_keyframe_4,2.704990863800049
83,1.2695260047912598,2.7464702129364014,0.00015589396934956312,0.01514841802418232,15.436182975769043,all_reliable,2.7464702129364014,1.0,0.1259915679693222,dataset_2_keyframe_4,2.704817056655884
84,1.2756739854812622,2.757349729537964,0.00011418660869821906,0.015412394888699055,15.486542701721191,all_reliable,2.757349729537964,1.0,0.1267118752002716,dataset_2_keyframe_4,2.7143099308013916
85,1.2816444635391235,2.7717952728271484,0.00012003581650787964,0.015555827878415585,15.560487747192383,all_reliable,2.7717952728271484,1.0,0.12719587981700897,dataset_2_keyframe_4,2.723970413208008
86,1.2896339893341064,2.7870407104492188,0.00013631184992846102,0.01570485532283783,15.653376579284668,all_reliable,2.7870407104492188,1.0,0.1276709884405136,dataset_2_keyframe_4,2.7355504035949707
87,1.294479489326477,2.7971014976501465,0.00011037191143259406,0.015861257910728455,15.708359718322754,all_reliable,2.7971014976501465,1.0,0.12870970368385315,dataset_2_keyframe_4,2.7488503456115723
88,1.3004534244537354,2.813150405883789,0.00011367798288119957,0.01612803153693676,15.80482006072998,all_reliable,2.813150405883789,1.0,0.128998801112175,dataset_2_keyframe_4,2.760770320892334
89,1.3091530799865723,2.8264453411102295,0.00010579427907941863,0.016156770288944244,15.875138282775879,all_reliable,2.8264453411102295,1.0,0.12982963025569916,dataset_2_keyframe_4,2.776111125946045
90,1.3139336109161377,2.8377952575683594,0.0001116434796131216,0.016257986426353455,15.946094512939453,all_reliable,2.8377952575683594,1.0,0.13006554543972015,dataset_2_keyframe_4,2.799464225769043
91,1.3196302652359009,2.8492321968078613,0.00011571248614927754,0.01648051105439663,15.997920989990234,all_reliable,2.8492321968078613,1.0,0.1306457370519638,dataset_2_keyframe_4,2.807478904724121
92,1.3210574388504028,2.8526175022125244,0.00012079875159543008,0.016434988006949425,16.027236938476562,all_reliable,2.8526175022125244,1.0,0.13013367354869843,dataset_2_keyframe_4,2.823105812072754
93,1.3201231956481934,2.853031873703003,0.00011444092524470761,0.01646728627383709,16.03239631652832,all_reliable,2.853031873703003,1.0,0.1305585652589798,dataset_2_keyframe_4,2.820707082748413
94,1.3235687017440796,2.856724500656128,0.00011011760216206312,0.01649627834558487,16.04891586303711,all_reliable,2.856724500656128,1.0,0.1306399554014206,dataset_2_keyframe_4,2.8260765075683594
95,1.3214869499206543,2.8555023670196533,0.00010070801363326609,0.016543325036764145,16.04302215576172,all_reliable,2.8555023670196533,1.0,0.13048706948757172,dataset_2_keyframe_4,2.828908681869507
96,1.3209236860275269,2.8560848236083984,0.00011367798288119957,0.016471609473228455,16.052194595336914,all_reliable,2.8560848236083984,1.0,0.13009651005268097,dataset_2_keyframe_4,2.8282225131988525
97,1.3214702606201172,2.8551175594329834,0.0001241048303199932,0.01646219938993454,16.036113739013672,all_reliable,2.8551175594329834,1.0,0.1305994689464569,dataset_2_keyframe_4,2.821000814437866
98,1.3162035942077637,2.8493704795837402,0.00013326009502634406,0.016386669129133224,16.017837524414062,all_reliable,2.8493704795837402,1.0,0.13008064031600952,dataset_2_keyframe_4,2.813732862472534
99,1.3163458108901978,2.848078966140747,9.511312237009406e-05,0.0164311733096838,16.007511138916016,all_reliable,2.848078966140747,1.0,0.13023748993873596,dataset_2_keyframe_4,2.8096678256988525
100,1.312662959098816,2.8468105792999268,0.00012079875159543008,0.016425833106040955,16.000802993774414,all_reliable,2.8468105792999268,1.0,0.12966664135456085,dataset_2_keyframe_4,2.8090291023254395
101,1.3077192306518555,2.8421716690063477,0.00010553996253293008,0.01634775847196579,16.00138282775879,all_reliable,2.8421716690063477,1.0,0.12849359214305878,dataset_2_keyframe_4,2.812154531478882
102,1.3086657524108887,2.844306230545044,0.00010452271089889109,0.01643829420208931,15.988430976867676,all_reliable,2.844306230545044,1.0,0.12901471555233002,dataset_2_keyframe_4,2.8065595626831055
103,1.309309720993042,2.845407247543335,0.00014851888408884406,0.01647339016199112,15.992647171020508,all_reliable,2.845407247543335,1.0,0.12936750054359436,dataset_2_keyframe_4,2.8062899112701416
104,1.306159496307373,2.842479944229126,0.00010528565326239914,0.01641540601849556,15.97379207611084,all_reliable,2.842479944229126,1.0,0.12942881882190704,dataset_2_keyframe_4,2.798218250274658
105,1.3046796321868896,2.843775749206543,0.0001235961972270161,0.016434988006949425,15.993034362792969,all_reliable,2.843775749206543,1.0,0.1293376237154007,dataset_2_keyframe_4,2.8004229068756104
106,1.3067165613174438,2.8496830463409424,0.00012461344886105508,0.016468048095703125,16.028141021728516,all_reliable,2.8496830463409424,1.0,0.12952764332294464,dataset_2_keyframe_4,2.806239604949951
107,1.3054485321044922,2.853158950805664,0.0001111348537961021,0.01654052734375,16.046443939208984,all_reliable,2.853158950805664,1.0,0.129301056265831,dataset_2_keyframe_4,2.8106894493103027
108,1.304763913154602,2.8576200008392334,0.00011647542851278558,0.016620635986328125,16.064374923706055,all_reliable,2.8576200008392334,1.0,0.12934927642345428,dataset_2_keyframe_4,2.8130486011505127
109,1.3112043142318726,2.868645191192627,0.0001279195275856182,0.016796112060546875,16.113079071044922,all_reliable,2.868645191192627,1.0,0.1301838755607605,dataset_2_keyframe_4,2.815587282180786
110,1.3095653057098389,2.871342420578003,0.00012029012577841058,0.016777293756604195,16.14905548095703,all_reliable,2.871342420578003,1.0,0.13015194237232208,dataset_2_keyframe_4,2.821648359298706
111,1.3110768795013428,2.8766090869903564,0.00011520386033225805,0.01683400571346283,16.185909271240234,all_reliable,2.8766090869903564,1.0,0.13011044263839722,dataset_2_keyframe_4,2.8270413875579834
112,1.3121212720870972,2.8857290744781494,0.00010757446580100805,0.01690063625574112,16.22442626953125,all_reliable,2.8857290744781494,1.0,0.13034355640411377,dataset_2_keyframe_4,2.8353748321533203
113,1.3161869049072266,2.8951427936553955,0.00011774699669331312,0.01698252372443676,16.279071807861328,all_reliable,2.8951427936553955,1.0,0.13087265193462372,dataset_2_keyframe_4,2.8440380096435547
114,1.3207063674926758,2.905691385269165,0.00010579427907941863,0.017104849219322205,16.340911865234375,all_reliable,2.905691385269165,1.0,0.13110187649726868,dataset_2_keyframe_4,2.856320858001709
115,1.3291685581207275,2.9190962314605713,0.00010604858834994957,0.017167918384075165,16.39812469482422,all_reliable,2.9190962314605713,1.0,0.1319885104894638,dataset_2_keyframe_4,2.8664960861206055
116,1.3339242935180664,2.9292781352996826,0.00011850993178086355,0.017385102808475494,16.452098846435547,all_reliable,2.9292781352996826,1.0,0.13240085542201996,dataset_2_keyframe_4,2.879176139831543
117,1.3359019756317139,2.9344213008880615,0.00011571248614927754,0.01742604747414589,16.50580406188965,all_reliable,2.9344213008880615,1.0,0.1323789656162262,dataset_2_keyframe_4,2.892054796218872
118,1.3362385034561157,2.938042163848877,0.00010833740816451609,0.017454784363508224,16.534244537353516,all_reliable,2.938042163848877,1.0,0.13207130134105682,dataset_2_keyframe_4,2.894251823425293
119,1.3447606563568115,2.9499542713165283,0.00010859172471100464,0.01767578162252903,16.57513999938965,all_reliable,2.9499542713165283,1.0,0.1333286613225937,dataset_2_keyframe_4,2.90093994140625
120,1.3562579154968262,2.9683146476745605,0.00010553996253293008,0.01783599890768528,16.655946731567383,all_reliable,2.9683146476745605,1.0,0.13453511893749237,dataset_2_keyframe_4,2.9123997688293457
121,1.3626835346221924,2.980659246444702,0.00010833740816451609,0.017965953797101974,16.73957633972168,all_reliable,2.980659246444702,1.0,0.13501685857772827,dataset_2_keyframe_4,2.9288249015808105
122,1.3709204196929932,2.9941086769104004,0.0001073201565304771,0.018119558691978455,16.819278717041016,all_reliable,2.9941086769104004,1.0,0.1357124298810959,dataset_2_keyframe_4,2.9421334266662598
123,1.3822507858276367,3.0144670009613037,9.791056800168008e-05,0.018359120935201645,16.95691680908203,all_reliable,3.0144670009613037,1.0,0.13599030673503876,dataset_2_keyframe_4,2.969146966934204
124,1.3996987342834473,3.0432136058807373,9.002685692394152e-05,0.018664296716451645,17.097639083862305,all_reliable,3.0432136058807373,1.0,0.13794885575771332,dataset_2_keyframe_4,2.9875802993774414
125,1.4145917892456055,3.0683484077453613,8.265177893918008e-05,0.0189590472728014,17.2503604888916,all_reliable,3.0683484077453613,1.0,0.13890686631202698,dataset_2_keyframe_4,3.0220813751220703
126,1.4298961162567139,3.092026948928833,0.0001274108944926411,0.019151052460074425,17.38996696472168,all_reliable,3.092026948928833,1.0,0.1400882452726364,dataset_2_keyframe_4,3.037220001220703
127,1.4293524026870728,3.092909336090088,0.00013300578575581312,0.019147492945194244,17.435184478759766,all_reliable,3.092909336090088,1.0,0.1392654925584793,dataset_2_keyframe_4,3.05841326713562
0,2.9532365798950195,4.73926305770874,7.019043550826609e-05,0.04328511655330658,27.139156341552734,full,4.73926305770874,0.91796875,0.2827789783477783,dataset_3_keyframe_2,0.0
1,2.9253387451171875,4.780828952789307,3.738403393072076e-05,0.042431388050317764,26.92539405822754,full,4.780828952789307,0.882275402545929,0.27192947268486023,dataset_3_keyframe_2,4.6622843742370605
2,2.8885278701782227,4.709532260894775,4.297892519389279e-05,0.04160359874367714,26.714426040649414,full,4.709532260894775,0.889050304889679,0.26961031556129456,dataset_3_keyframe_2,4.70286226272583
3,2.8544745445251465,4.665029525756836,4.882812936557457e-05,0.040484875440597534,26.468095779418945,full,4.665029525756836,0.880566418170929,0.2653913199901581,dataset_3_keyframe_2,4.637353897094727
4,2.814462423324585,4.609989643096924,3.9672853745287284e-05,0.03938904032111168,26.112998962402344,full,4.609989643096924,0.8726806640625,0.26236531138420105,dataset_3_keyframe_2,4.577403545379639
5,2.7790324687957764,4.5565338134765625,5.315145244821906e-05,0.038461051881313324,25.773950576782227,full,4.5565338134765625,0.864001452922821,0.25915610790252686,dataset_3_keyframe_2,4.5143656730651855
6,2.7657980918884277,4.539994239807129,5.264282663119957e-05,0.03812256082892418,25.733318328857422,full,4.539994239807129,0.86920166015625,0.2574640214443207,dataset_3_keyframe_2,4.500150680541992
7,2.763673782348633,4.534097194671631,4.882812936557457e-05,0.038052625954151154,25.6812801361084,full,4.534097194671631,0.8742920160293579,0.2577492892742157,dataset_3_keyframe_2,4.483519554138184
8,2.7713890075683594,4.543910026550293,5.187988426769152e-05,0.03803253546357155,25.794384002685547,full,4.543910026550293,0.863781750202179,0.25606846809387207,dataset_3_keyframe_2,4.512355327606201
9,2.7568910121917725,4.527815341949463,5.086263263365254e-05,0.038020581007003784,25.660568237304688,full,4.527815341949463,0.8667969107627869,0.2566475570201874,dataset_3_keyframe_2,4.4856414794921875
10,2.749758005142212,4.521230220794678,6.357829261105508e-05,0.037793226540088654,25.624197006225586,full,4.521230220794678,0.8623413443565369,0.2556231915950775,dataset_3_keyframe_2,4.472835063934326
11,2.743046283721924,4.513649940490723,5.518595571629703e-05,0.037646230310201645,25.601463317871094,full,4.513649940490723,0.8649048209190369,0.2547595202922821,dataset_3_keyframe_2,4.471417427062988
12,2.737903594970703,4.509925365447998,4.806518700206652e-05,0.037450920790433884,25.581697463989258,full,4.509925365447998,0.8577880859375,0.25396108627319336,dataset_3_keyframe_2,4.4661149978637695
13,2.725104331970215,4.49384069442749,5.849202716490254e-05,0.03716837614774704,25.49374771118164,full,4.49384069442749,0.8559326529502869,0.2524784207344055,dataset_3_keyframe_2,4.449441909790039
14,2.717791795730591,4.486083507537842,5.39143911737483e-05,0.036931104958057404,25.422754287719727,full,4.486083507537842,0.8534302115440369,0.252206414937973,dataset_3_keyframe_2,4.43518590927124
15,2.707310199737549,4.475097179412842,5.00996939081233e-05,0.036727651953697205,25.35683250427246,full,4.475097179412842,0.849499523639679,0.2508993446826935,dataset_3_keyframe_2,4.421294212341309
16,2.7048113346099854,4.473304748535156,5.2388510084711015e-05,0.036607615649700165,25.31948471069336,full,4.473304748535156,0.8425537347793579,0.25043758749961853,dataset_3_keyframe_2,4.413793087005615
17,2.6925320625305176,4.460955619812012,6.434122769860551e-05,0.03650818020105362,25.243165969848633,full,4.460955619812012,0.834948718547821,0.24939870834350586,dataset_3_keyframe_2,4.401379585266113
18,2.6817307472229004,4.447457313537598,5.849202716490254e-05,0.03616740182042122,25.25362777709961,full,4.447457313537598,0.8409790396690369,0.2473694384098053,dataset_3_keyframe_2,4.408222198486328
19,2.6648521423339844,4.430954456329346,5.950927879894152e-05,0.03570200875401497,25.16286849975586,full,4.430954456329346,0.833300769329071,0.24565918743610382,dataset_3_keyframe_2,4.381658554077148
20,2.6467409133911133,4.415349960327148,5.823771425639279e-05,0.03545176237821579,25.026561737060547,full,4.415349960327148,0.825732409954071,0.24438805878162384,dataset_3_keyframe_2,4.3531622886657715
21,2.6261062622070312,4.395958423614502,5.187988426769152e-05,0.03509267419576645,24.973215103149414,full,4.395958423614502,0.8134399652481079,0.24133525788784027,dataset_3_keyframe_2,4.352035045623779
22,2.600980281829834,4.3675856590271,6.332397606456652e-05,0.03448282927274704,24.827342987060547,full,4.3675856590271,0.811450183391571,0.23856917023658752,dataset_3_keyframe_2,4.3227972984313965
23,2.584057331085205,4.352977752685547,6.688436405966058e-05,0.034252166748046875,24.693885803222656,full,4.352977752685547,0.8067383170127869,0.23794925212860107,dataset_3_keyframe_2,4.292271614074707
24,2.5700466632843018,4.338522911071777,6.357829261105508e-05,0.03394724801182747,24.622318267822266,full,4.338522911071777,0.798596203327179,0.23621414601802826,dataset_3_keyframe_2,4.281689167022705
25,2.546248197555542,4.314378261566162,6.561279587913305e-05,0.033490248024463654,24.478153228759766,full,4.314378261566162,0.79132080078125,0.23383326828479767,dataset_3_keyframe_2,4.251303195953369
26,2.528674364089966,4.295924186706543,6.20524151599966e-05,0.033019766211509705,24.369901657104492,full,4.295924186706543,0.7845458984375,0.2317853420972824,dataset_3_keyframe_2,4.236629962921143
27,2.515202522277832,4.281815052032471,6.001790825393982e-05,0.03278961405158043,24.284425735473633,full,4.281815052032471,0.774792492389679,0.23029258847236633,dataset_3_keyframe_2,4.216522693634033
28,2.495199680328369,4.260434150695801,6.713867333019152e-05,0.032277680933475494,24.195180892944336,full,4.260434150695801,0.7689453363418579,0.22751472890377045,dataset_3_keyframe_2,4.201540470123291
29,2.4816718101501465,4.249083042144775,5.950927879894152e-05,0.032071687281131744,24.139755249023438,full,4.249083042144775,0.7658325433731079,0.22623728215694427,dataset_3_keyframe_2,4.190498352050781
30,2.4658825397491455,4.228901386260986,6.713867333019152e-05,0.031686656177043915,24.036657333374023,full,4.228901386260986,0.7601684927940369,0.2245876044034958,dataset_3_keyframe_2,4.16757345199585
31,2.4566609859466553,4.226062297821045,6.306966679403558e-05,0.031756848096847534,23.949848175048828,full,4.226062297821045,0.7401367425918579,0.22440223395824432,dataset_3_keyframe_2,4.148332118988037
32,2.4148707389831543,4.175500869750977,6.841024151071906e-05,0.030804699286818504,23.814043045043945,full,4.175500869750977,0.729992687702179,0.21911786496639252,dataset_3_keyframe_2,4.137645721435547
33,2.4011855125427246,4.157958030700684,8.87552960193716e-05,0.03049977868795395,23.668758392333984,full,4.157958030700684,0.7341552972793579,0.21889673173427582,dataset_3_keyframe_2,4.103532314300537
34,2.361593723297119,4.107053756713867,6.0526534070959315e-05,0.0297622699290514,23.406112670898438,full,4.107053756713867,0.730480968952179,0.21493315696716309,dataset_3_keyframe_2,4.071208477020264
35,2.321044445037842,4.058135032653809,7.603963604196906e-05,0.02887878566980362,23.12008285522461,full,4.058135032653809,0.72900390625,0.2115766555070877,dataset_3_keyframe_2,4.021674633026123
36,2.298581600189209,4.0302252769470215,7.171631295932457e-05,0.028473664075136185,22.92283821105957,full,4.0302252769470215,0.725756824016571,0.20982904732227325,dataset_3_keyframe_2,3.9815313816070557
37,2.27868914604187,4.003640651702881,6.306966679403558e-05,0.02815501019358635,22.750701904296875,full,4.003640651702881,0.7205444574356079,0.2089090794324875,dataset_3_keyframe_2,3.9470064640045166
38,2.259694814682007,3.978795289993286,7.069906132528558e-05,0.02777659334242344,22.63597297668457,full,3.978795289993286,0.717456042766571,0.20701327919960022,dataset_3_keyframe_2,3.928528308868408
39,2.2380001544952393,3.9517931938171387,8.239746239269152e-05,0.027304332703351974,22.480270385742188,full,3.9517931938171387,0.7157837152481079,0.20490522682666779,dataset_3_keyframe_2,3.9045820236206055
40,2.2232158184051514,3.932215690612793,7.960002403706312e-05,0.027028148993849754,22.316661834716797,full,3.932215690612793,0.710131824016571,0.2041427344083786,dataset_3_keyframe_2,3.880112648010254
41,2.201268196105957,3.9026477336883545,7.425944204442203e-05,0.02650706097483635,22.186206817626953,full,3.9026477336883545,0.70703125,0.20174355804920197,dataset_3_keyframe_2,3.858863353729248
42,2.1796352863311768,3.8727383613586426,7.324219041038305e-05,0.026104992255568504,22.017915725708008,full,3.8727383613586426,0.7048584222793579,0.199941024184227,dataset_3_keyframe_2,3.828247308731079
43,2.1626334190368652,3.849792003631592,6.91731838742271e-05,0.02586263231933117,21.871667861938477,full,3.849792003631592,0.69989013671875,0.198415145277977,dataset_3_keyframe_2,3.8022079467773438
44,2.1422641277313232,3.8221545219421387,6.688436405966058e-05,0.025424450635910034,21.720314025878906,full,3.8221545219421387,0.697155773639679,0.19674371182918549,dataset_3_keyframe_2,3.775374412536621
45,2.127420425415039,3.8026416301727295,6.15437893429771e-05,0.02520345151424408,21.597368240356445,full,3.8026416301727295,0.6941284537315369,0.19550397992134094,dataset_3_keyframe_2,3.7485735416412354
46,2.113607406616211,3.78414249420166,7.68025784054771e-05,0.02487589605152607,21.492244720458984,full,3.78414249420166,0.688525378704071,0.19398057460784912,dataset_3_keyframe_2,3.7331924438476562
47,2.103426933288574,3.7706708908081055,6.739298987668008e-05,0.024754080921411514,21.37459945678711,full,3.7706708908081055,0.682690441608429,0.19361995160579681,dataset_3_keyframe_2,3.71526837348938
48,2.086747884750366,3.744999885559082,6.58671124256216e-05,0.024402620270848274,21.26333999633789,full,3.744999885559082,0.6852173209190369,0.19183741509914398,dataset_3_keyframe_2,3.6945407390594482
49,2.0733258724212646,3.726553440093994,6.815592496423051e-05,0.024180350825190544,21.20539093017578,full,3.726553440093994,0.6800537109375,0.18985030055046082,dataset_3_keyframe_2,3.680239677429199
50,2.064868450164795,3.7136337757110596,7.222493877634406e-05,0.023985037580132484,21.117488861083984,full,3.7136337757110596,0.6809936761856079,0.18906308710575104,dataset_3_keyframe_2,3.6633553504943848
51,2.054996967315674,3.6993465423583984,6.790161569369957e-05,0.02384541928768158,21.024267196655273,full,3.6993465423583984,0.678820788860321,0.1885286420583725,dataset_3_keyframe_2,3.645461082458496
52,2.0518462657928467,3.6964900493621826,6.332397606456652e-05,0.0238266009837389,20.974048614501953,full,3.6964900493621826,0.6764770746231079,0.18858574330806732,dataset_3_keyframe_2,3.6328954696655273
53,2.0440256595611572,3.686325788497925,7.807413931004703e-05,0.023601533845067024,20.943498611450195,full,3.686325788497925,0.675671398639679,0.1875009387731552,dataset_3_keyframe_2,3.6341612339019775
54,2.0345253944396973,3.67319393157959,6.434122769860551e-05,0.023476919159293175,20.819408416748047,full,3.67319393157959,0.664074718952179,0.1864224672317505,dataset_3_keyframe_2,3.6100337505340576
55,2.029374122619629,3.6643645763397217,6.866455078125e-05,0.02337748371064663,20.790367126464844,full,3.6643645763397217,0.6635376214981079,0.1857880800962448,dataset_3_keyframe_2,3.6073055267333984
56,2.0215981006622314,3.656775712966919,6.688436405966058e-05,0.02323710173368454,20.771804809570312,full,3.656775712966919,0.663159191608429,0.18480411171913147,dataset_3_keyframe_2,3.598402261734009
57,2.0129289627075195,3.649671792984009,6.891886732773855e-05,0.02318013645708561,20.738794326782227,full,3.649671792984009,0.664782702922821,0.184319868683815,dataset_3_keyframe_2,3.588754892349243
58,2.0089528560638428,3.644176959991455,7.095337059581652e-05,0.023083752021193504,20.71380043029785,full,3.644176959991455,0.6661743521690369,0.18396218121051788,dataset_3_keyframe_2,3.5723652839660645
59,1.986871600151062,3.62054705619812,7.29878811398521e-05,0.022844696417450905,20.592388153076172,full,3.62054705619812,0.651538074016571,0.18113277852535248,dataset_3_keyframe_2,3.5659189224243164
60,1.959624171257019,3.5929555892944336,6.561279587913305e-05,0.022482046857476234,20.45929527282715,full,3.5929555892944336,0.6420044302940369,0.17831607162952423,dataset_3_keyframe_2,3.5480096340179443
61,1.927371621131897,3.5549001693725586,7.095337059581652e-05,0.02196655422449112,20.28720474243164,full,3.5549001693725586,0.636364758014679,0.17537899315357208,dataset_3_keyframe_2,3.521101236343384
62,1.9052374362945557,3.5342092514038086,7.34965069568716e-05,0.021775055676698685,20.115575790405273,full,3.5342092514038086,0.6254639029502869,0.1740671843290329,dataset_3_keyframe_2,3.4949700832366943
63,1.871376872062683,3.489346981048584,6.332397606456652e-05,0.02125345915555954,19.887237548828125,full,3.489346981048584,0.6275879144668579,0.1712966114282608,dataset_3_keyframe_2,3.4493257999420166
64,1.8568233251571655,3.4699347019195557,6.866455078125e-05,0.0210647601634264,19.685373306274414,full,3.4699347019195557,0.62005615234375,0.17135213315486908,dataset_3_keyframe_2,3.407360792160034
65,1.839608073234558,3.447387456893921,7.425944204442203e-05,0.020769501104950905,19.637405395507812,full,3.447387456893921,0.618457019329071,0.16886688768863678,dataset_3_keyframe_2,3.4024300575256348
66,1.8238264322280884,3.427617073059082,9.841919381869957e-05,0.020553844049572945,19.472103118896484,full,3.427617073059082,0.621044933795929,0.16841855645179749,dataset_3_keyframe_2,3.368652820587158
67,1.7982865571975708,3.3999407291412354,7.146199641283602e-05,0.020140839740633965,19.30248260498047,full,3.3999407291412354,0.5981079339981079,0.1655404418706894,dataset_3_keyframe_2,3.3485910892486572
68,1.7637361288070679,3.3558976650238037,6.357829261105508e-05,0.01960805431008339,19.089561462402344,full,3.3558976650238037,0.5987182855606079,0.16265331208705902,dataset_3_keyframe_2,3.3206679821014404
69,1.7448095083236694,3.3322246074676514,6.306966679403558e-05,0.01951802708208561,18.935157775878906,full,3.3322246074676514,0.597180187702179,0.16144369542598724,dataset_3_keyframe_2,3.281371593475342
70,1.7317981719970703,3.3162193298339844,7.375081622740254e-05,0.019283805042505264,18.835872650146484,full,3.3162193298339844,0.59600830078125,0.1603533774614334,dataset_3_keyframe_2,3.263855218887329
71,1.7208408117294312,3.3045363426208496,7.527669367846102e-05,0.01917419582605362,18.76873779296875,full,3.3045363426208496,0.587841808795929,0.159062922000885,dataset_3_keyframe_2,3.2512152194976807
72,1.7069777250289917,3.288865327835083,6.383260188158602e-05,0.018954722210764885,18.67612075805664,full,3.288865327835083,0.5779785513877869,0.15735585987567902,dataset_3_keyframe_2,3.2423155307769775
73,1.6838781833648682,3.2642202377319336,6.332397606456652e-05,0.018605805933475494,18.568647384643555,full,3.2642202377319336,0.5729736685752869,0.15481849014759064,dataset_3_keyframe_2,3.2297708988189697
74,1.6590272188186646,3.230849266052246,9.231567673850805e-05,0.01827443577349186,18.42236328125,full,3.230849266052246,0.569201648235321,0.1524813175201416,dataset_3_keyframe_2,3.1945624351501465
75,1.6488628387451172,3.2199580669403076,8.290608820971102e-05,0.01823781430721283,18.302087783813477,full,3.2199580669403076,0.568041980266571,0.15243534743785858,dataset_3_keyframe_2,3.1612141132354736
76,1.6362732648849487,3.204848289489746,8.214315312216058e-05,0.0179875697940588,18.223812103271484,full,3.204848289489746,0.5634521842002869,0.15132535994052887,dataset_3_keyframe_2,3.1527318954467773
77,1.6275081634521484,3.1934261322021484,7.29878811398521e-05,0.01784006878733635,18.159191131591797,full,3.1934261322021484,0.5528320670127869,0.15026111900806427,dataset_3_keyframe_2,3.143882989883423
78,1.6139692068099976,3.1753954887390137,7.934570749057457e-05,0.017745718359947205,18.051353454589844,full,3.1753954887390137,0.5520386099815369,0.14938579499721527,dataset_3_keyframe_2,3.1325809955596924
79,1.596240520477295,3.1495540142059326,6.53584866086021e-05,0.017479198053479195,17.92756462097168,full,3.1495540142059326,0.550549328327179,0.14766429364681244,dataset_3_keyframe_2,3.105926513671875
80,1.5802102088928223,3.1265017986297607,6.612142169615254e-05,0.01720123365521431,17.79047203063965,full,3.1265017986297607,0.547497570514679,0.14610809087753296,dataset_3_keyframe_2,3.0870907306671143
81,1.5627975463867188,3.102668523788452,5.900065298192203e-05,0.016992950811982155,17.641857147216797,full,3.102668523788452,0.544921875,0.14457659423351288,dataset_3_keyframe_2,3.0567445755004883
82,1.5533262491226196,3.0896224975585938,5.7983401347883046e-05,0.01689097099006176,17.545774459838867,full,3.0896224975585938,0.53948974609375,0.14408226311206818,dataset_3_keyframe_2,3.042283058166504
83,1.5384521484375,3.066831350326538,6.815592496423051e-05,0.016634877771139145,17.445201873779297,full,3.066831350326538,0.540576159954071,0.14275573194026947,dataset_3_keyframe_2,3.025235891342163
84,1.5318090915679932,3.0562171936035156,7.29878811398521e-05,0.016591137275099754,17.360319137573242,full,3.0562171936035156,0.5353027582168579,0.14201222360134125,dataset_3_keyframe_2,3.006589412689209
85,1.517136573791504,3.0361623764038086,6.306966679403558e-05,0.01646270789206028,17.26371192932129,full,3.0361623764038086,0.5354248285293579,0.14060819149017334,dataset_3_keyframe_2,2.990701675415039
86,1.506711483001709,3.0212459564208984,6.434122769860551e-05,0.01623484306037426,17.166200637817383,full,3.0212459564208984,0.5285278558731079,0.13981512188911438,dataset_3_keyframe_2,2.9727823734283447
87,1.493984341621399,3.0050249099731445,5.849202716490254e-05,0.0161081962287426,17.082714080810547,full,3.0050249099731445,0.52789306640625,0.13882647454738617,dataset_3_keyframe_2,2.9643208980560303
88,1.4861316680908203,2.9939537048339844,6.993611896177754e-05,0.016000621020793915,17.023710250854492,full,2.9939537048339844,0.5256714224815369,0.13821828365325928,dataset_3_keyframe_2,2.9442572593688965
89,1.4821187257766724,2.9874768257141113,7.222493877634406e-05,0.015952810645103455,16.962507247924805,full,2.9874768257141113,0.524645984172821,0.13811898231506348,dataset_3_keyframe_2,2.933901309967041
90,1.4711297750473022,2.972334861755371,5.722046262235381e-05,0.0157318115234375,16.91033935546875,full,2.972334861755371,0.5237060785293579,0.13636355102062225,dataset_3_keyframe_2,2.928004026412964
91,1.463574767112732,2.9628942012786865,6.815592496423051e-05,0.015719350427389145,16.84663963317871,full,2.9628942012786865,0.519775390625,0.1358976811170578,dataset_3_keyframe_2,2.9132115840911865
92,1.4548734426498413,2.9517767429351807,5.620321098831482e-05,0.0154825858771801,16.797630310058594,full,2.9517767429351807,0.5162353515625,0.13484521210193634,dataset_3_keyframe_2,2.9114978313446045
93,1.4479016065597534,2.9441094398498535,5.696614971384406e-05,0.01541493833065033,16.74509620666504,full,2.9441094398498535,0.509960949420929,0.1340452879667282,dataset_3_keyframe_2,2.900033950805664
94,1.4391381740570068,2.932168960571289,7.197062222985551e-05,0.015289816074073315,16.674837112426758,full,2.932168960571289,0.5094971060752869,0.13330936431884766,dataset_3_keyframe_2,2.8881616592407227
95,1.4262436628341675,2.9159793853759766,6.281535024754703e-05,0.01510213315486908,16.593849182128906,full,2.9159793853759766,0.5062255859375,0.1321089118719101,dataset_3_keyframe_2,2.874279499053955
96,1.4185864925384521,2.9044835567474365,8.163452730514109e-05,0.015022787265479565,16.54076385498047,full,2.9044835567474365,0.505261242389679,0.13115529716014862,dataset_3_keyframe_2,2.8553969860076904
97,1.4053294658660889,2.8910505771636963,6.357829261105508e-05,0.01487503107637167,16.447708129882812,full,2.8910505771636963,0.4977783262729645,0.13030295073986053,dataset_3_keyframe_2,2.842691421508789
98,1.3918205499649048,2.8745853900909424,6.128947279648855e-05,0.014662934467196465,16.359949111938477,full,2.8745853900909424,0.49116212129592896,0.12867529690265656,dataset_3_keyframe_2,2.8292863368988037
99,1.3828237056732178,2.8597772121429443,6.103515625e-05,0.01464360672980547,16.260770797729492,full,2.8597772121429443,0.4908080995082855,0.12811818718910217,dataset_3_keyframe_2,2.8101871013641357
100,1.367954969406128,2.840386152267456,5.8746340073412284e-05,0.01435445249080658,16.14059066772461,full,2.840386152267456,0.48479005694389343,0.1267758458852768,dataset_3_keyframe_2,2.7908565998077393
101,1.3521353006362915,2.822896718978882,6.739298987668008e-05,0.01411234587430954,16.05913543701172,full,2.822896718978882,0.47791749238967896,0.12514179944992065,dataset_3_keyframe_2,2.7764182090759277
102,1.3482353687286377,2.8211772441864014,7.019043550826609e-05,0.01416320912539959,16.006877899169922,full,2.8211772441864014,0.4737792909145355,0.1249762549996376,dataset_3_keyframe_2,2.767636775970459
103,1.3305354118347168,2.792053699493408,6.510417006211355e-05,0.013932038098573685,15.850736618041992,full,2.792053699493408,0.4677490293979645,0.12319927662611008,dataset_3_keyframe_2,2.7470998764038086
104,1.3196842670440674,2.7810404300689697,6.408691842807457e-05,0.01379826944321394,15.78466510772705,full,2.7810404300689697,0.4635376036167145,0.12243234366178513,dataset_3_keyframe_2,2.7281084060668945
105,1.3088279962539673,2.7677338123321533,7.095337059581652e-05,0.01361643522977829,15.702948570251465,full,2.7677338123321533,0.46275636553764343,0.12176799029111862,dataset_3_keyframe_2,2.7164220809936523
106,1.2937673330307007,2.746148109436035,7.044474477879703e-05,0.01330261304974556,15.614524841308594,full,2.746148109436035,0.46223145723342896,0.12021607160568237,dataset_3_keyframe_2,2.700462818145752
107,1.2966248989105225,2.7550880908966064,5.39143911737483e-05,0.01357574574649334,15.506837844848633,full,2.7550880908966064,0.44133302569389343,0.12058744579553604,dataset_3_keyframe_2,2.6644411087036133
108,1.2731115818023682,2.722909450531006,6.459554424509406e-05,0.013139089569449425,15.502616882324219,full,2.722909450531006,0.4465698301792145,0.11831945180892944,dataset_3_keyframe_2,2.6952977180480957
109,1.2586926221847534,2.700961112976074,6.4849853515625e-05,0.012871552258729935,15.378000259399414,full,2.700961112976074,0.4454345703125,0.11672072857618332,dataset_3_keyframe_2,2.658851146697998
110,1.2492488622665405,2.688570976257324,6.739298987668008e-05,0.01274592150002718,15.302842140197754,full,2.688570976257324,0.4382690489292145,0.11605861037969589,dataset_3_keyframe_2,2.6518404483795166
111,1.243657112121582,2.6814732551574707,5.1116945542162284e-05,0.012733968906104565,15.216201782226562,full,2.6814732551574707,0.4412841796875,0.11622072756290436,dataset_3_keyframe_2,2.627776622772217
112,1.2335273027420044,2.6637282371520996,6.713867333019152e-05,0.01251831091940403,15.160533905029297,full,2.6637282371520996,0.4414428770542145,0.11457786709070206,dataset_3_keyframe_2,2.6251063346862793
113,1.2268768548965454,2.6575493812561035,5.849202716490254e-05,0.01253941934555769,15.0914888381958,full,2.6575493812561035,0.43842774629592896,0.11427922546863556,dataset_3_keyframe_2,2.6061840057373047
114,1.220642328262329,2.6526241302490234,6.663004751317203e-05,0.01247075479477644,15.058531761169434,full,2.6526241302490234,0.4327026307582855,0.11402230709791183,dataset_3_keyframe_2,2.59329891204834
115,1.2115217447280884,2.6430327892303467,6.637573824264109e-05,0.01233444269746542,15.06294059753418,full,2.6430327892303467,0.4176391661167145,0.1121831089258194,dataset_3_keyframe_2,2.607902765274048
116,1.1947938203811646,2.6163454055786133,5.823771425639279e-05,0.01205037534236908,14.920060157775879,full,2.6163454055786133,0.42304688692092896,0.11073380708694458,dataset_3_keyframe_2,2.5873489379882812
117,1.1836270093917847,2.604414463043213,6.408691842807457e-05,0.01199849508702755,14.739701271057129,full,2.604414463043213,0.40928956866264343,0.1103612408041954,dataset_3_keyframe_2,2.5409064292907715
118,1.171785831451416,2.577770233154297,9.053549001691863e-05,0.011658224277198315,14.68061351776123,full,2.577770233154297,0.4130004942417145,0.10864050686359406,dataset_3_keyframe_2,2.5526351928710938
119,1.1613901853561401,2.5629143714904785,9.384155418956652e-05,0.011657461524009705,14.569601058959961,full,2.5629143714904785,0.41912841796875,0.10859334468841553,dataset_3_keyframe_2,2.5140774250030518
120,1.163678526878357,2.5647504329681396,6.764729914721102e-05,0.011581167578697205,14.591727256774902,full,2.5647504329681396,0.41789552569389343,0.10847657173871994,dataset_3_keyframe_2,2.5178565979003906
121,1.1608349084854126,2.5575673580169678,5.620321098831482e-05,0.01151123084127903,14.535321235656738,full,2.5575673580169678,0.41619873046875,0.1083083301782608,dataset_3_keyframe_2,2.5093183517456055
122,1.1545825004577637,2.5492284297943115,6.128947279648855e-05,0.01152572687715292,14.492603302001953,full,2.5492284297943115,0.41325685381889343,0.10768105834722519,dataset_3_keyframe_2,2.5010740756988525
123,1.1489390134811401,2.539607524871826,6.91731838742271e-05,0.011436209082603455,14.466658592224121,full,2.539607524871826,0.4114746153354645,0.10689127445220947,dataset_3_keyframe_2,2.499114513397217
124,1.144532322883606,2.5348987579345703,5.747477553086355e-05,0.01139551866799593,14.407118797302246,full,2.5348987579345703,0.4041748046875,0.10672347992658615,dataset_3_keyframe_2,2.4818012714385986
125,1.1451399326324463,2.535032033920288,6.332397606456652e-05,0.011423238553106785,14.399362564086914,full,2.535032033920288,0.399658203125,0.10691430419683456,dataset_3_keyframe_2,2.4873387813568115
126,1.1376551389694214,2.5212905406951904,7.883708167355508e-05,0.011202748864889145,14.355439186096191,full,2.5212905406951904,0.4040893614292145,0.10615862905979156,dataset_3_keyframe_2,2.4853134155273438
127,1.133281946182251,2.5134286880493164,8.799235365586355e-05,0.011169434525072575,14.305098533630371,full,2.5134286880493164,0.40972900390625,0.10555800050497055,dataset_3_keyframe_2,2.4727766513824463
0,2.9532365798950195,4.73926305770874,7.019043550826609e-05,0.04328511655330658,27.139156341552734,zero_state,4.73926305770874,0.91796875,0.2827789783477783,dataset_3_keyframe_2,0.0
1,2.9299230575561523,4.7130889892578125,5.849202716490254e-05,0.04298706352710724,26.92539405822754,zero_state,4.7130889892578125,0.882275402545929,0.2822410464286804,dataset_3_keyframe_2,0.0
2,2.9011783599853516,4.673394680023193,6.58671124256216e-05,0.042258456349372864,26.714426040649414,zero_state,4.673394680023193,0.889050304889679,0.27961236238479614,dataset_3_keyframe_2,0.0
3,2.8684306144714355,4.628607273101807,6.332397606456652e-05,0.0412292517721653,26.468095779418945,zero_state,4.628607273101807,0.880566418170929,0.27562999725341797,dataset_3_keyframe_2,0.0
4,2.82844614982605,4.573280334472656,6.256104097701609e-05,0.040019482374191284,26.112998962402344,zero_state,4.573280334472656,0.8726806640625,0.27209988236427307,dataset_3_keyframe_2,0.0
5,2.793288469314575,4.521232604980469,5.467732989927754e-05,0.039083100855350494,25.773950576782227,zero_state,4.521232604980469,0.864001452922821,0.26891180872917175,dataset_3_keyframe_2,0.0
6,2.7808101177215576,4.505980014801025,6.179809861350805e-05,0.0388692244887352,25.733318328857422,zero_state,4.505980014801025,0.86920166015625,0.2672792375087738,dataset_3_keyframe_2,0.0
7,2.779113292694092,4.50211238861084,8.544922457076609e-05,0.038794200867414474,25.6812801361084,zero_state,4.50211238861084,0.8742920160293579,0.2674970328807831,dataset_3_keyframe_2,0.0
8,2.7871713638305664,4.511878967285156,7.578531949548051e-05,0.03887990489602089,25.794384002685547,zero_state,4.511878967285156,0.863781750202179,0.26601821184158325,dataset_3_keyframe_2,0.0
9,2.7718262672424316,4.49552583694458,8.087158494163305e-05,0.038750458508729935,25.660568237304688,zero_state,4.49552583694458,0.8667969107627869,0.2661992609500885,dataset_3_keyframe_2,0.0
10,2.765781879425049,4.490752696990967,6.281535024754703e-05,0.03853251412510872,25.624197006225586,zero_state,4.490752696990967,0.8623413443565369,0.26542916893959045,dataset_3_keyframe_2,0.0
11,2.7594544887542725,4.483031749725342,6.891886732773855e-05,0.03835805505514145,25.601463317871094,zero_state,4.483031749725342,0.8649048209190369,0.2646596431732178,dataset_3_keyframe_2,0.0
12,2.753868579864502,4.478750705718994,8.570353384129703e-05,0.038223523646593094,25.581697463989258,zero_state,4.478750705718994,0.8577880859375,0.263749897480011,dataset_3_keyframe_2,0.0
13,2.741238594055176,4.46333646774292,7.68025784054771e-05,0.03792368620634079,25.49374771118164,zero_state,4.46333646774292,0.8559326529502869,0.26222237944602966,dataset_3_keyframe_2,0.0
14,2.7341020107269287,4.456007480621338,7.807413931004703e-05,0.03770039975643158,25.422754287719727,zero_state,4.456007480621338,0.8534302115440369,0.2619854509830475,dataset_3_keyframe_2,0.0
15,2.7240912914276123,4.445950984954834,7.247925532283261e-05,0.03754730522632599,25.35683250427246,zero_state,4.445950984954834,0.849499523639679,0.26075586676597595,dataset_3_keyframe_2,0.0
16,2.721353769302368,4.443768501281738,7.629395258845761e-05,0.03737182915210724,25.31948471069336,zero_state,4.443768501281738,0.8425537347793579,0.2602598965167999,dataset_3_keyframe_2,0.0
17,2.7092673778533936,4.432217121124268,6.688436405966058e-05,0.03725840523838997,25.243165969848633,zero_state,4.432217121124268,0.834948718547821,0.2592373788356781,dataset_3_keyframe_2,0.0
18,2.6994783878326416,4.419907569885254,9.25699932849966e-05,0.037015028297901154,25.25362777709961,zero_state,4.419907569885254,0.8409790396690369,0.2573239803314209,dataset_3_keyframe_2,0.0
19,2.6813666820526123,4.40177583694458,7.578531949548051e-05,0.03655192255973816,25.16286849975586,zero_state,4.40177583694458,0.833300769329071,0.25533780455589294,dataset_3_keyframe_2,0.0
20,2.664149761199951,4.388343334197998,7.934570749057457e-05,0.03629150614142418,25.026561737060547,zero_state,4.388343334197998,0.825732409954071,0.25407201051712036,dataset_3_keyframe_2,0.0
21,2.643998861312866,4.368679523468018,6.357829261105508e-05,0.036049146205186844,24.973215103149414,zero_state,4.368679523468018,0.8134399652481079,0.25111880898475647,dataset_3_keyframe_2,0.0
22,2.6189863681793213,4.342040538787842,6.841024151071906e-05,0.03539123758673668,24.827342987060547,zero_state,4.342040538787842,0.811450183391571,0.24818220734596252,dataset_3_keyframe_2,0.0
23,2.602160930633545,4.327467918395996,7.527669367846102e-05,0.03511251136660576,24.693885803222656,zero_state,4.327467918395996,0.8067383170127869,0.24744896590709686,dataset_3_keyframe_2,0.0
24,2.588695764541626,4.31443452835083,7.019043550826609e-05,0.034879814833402634,24.622318267822266,zero_state,4.31443452835083,0.798596203327179,0.24589040875434875,dataset_3_keyframe_2,0.0
25,2.5644619464874268,4.289852142333984,6.815592496423051e-05,0.034391023218631744,24.478153228759766,zero_state,4.289852142333984,0.79132080078125,0.2433420717716217,dataset_3_keyframe_2,0.0
26,2.547541856765747,4.272649765014648,8.036295912461355e-05,0.033925123512744904,24.369901657104492,zero_state,4.272649765014648,0.7845458984375,0.24135661125183105,dataset_3_keyframe_2,0.0
27,2.5338680744171143,4.258741855621338,5.823771425639279e-05,0.03374583274126053,24.284425735473633,zero_state,4.258741855621338,0.774792492389679,0.23983268439769745,dataset_3_keyframe_2,0.0
28,2.514920711517334,4.239498615264893,6.713867333019152e-05,0.033266957849264145,24.195180892944336,zero_state,4.239498615264893,0.7689453363418579,0.2371131032705307,dataset_3_keyframe_2,0.0
29,2.50156831741333,4.228333950042725,6.510417006211355e-05,0.033104199916124344,24.139755249023438,zero_state,4.228333950042725,0.7658325433731079,0.2357729971408844,dataset_3_keyframe_2,0.0
30,2.4860479831695557,4.208916664123535,6.739298987668008e-05,0.032636262476444244,24.036657333374023,zero_state,4.208916664123535,0.7601684927940369,0.23415379226207733,dataset_3_keyframe_2,0.0
31,2.475637435913086,4.205236911773682,6.001790825393982e-05,0.03276672586798668,23.949848175048828,zero_state,4.205236911773682,0.7401367425918579,0.23363690078258514,dataset_3_keyframe_2,0.0
32,2.4343624114990234,4.153326034545898,5.747477553086355e-05,0.031809743493795395,23.814043045043945,zero_state,4.153326034545898,0.729992687702179,0.2285623401403427,dataset_3_keyframe_2,0.0
33,2.4187405109405518,4.135204315185547,6.815592496423051e-05,0.03150584176182747,23.668758392333984,zero_state,4.135204315185547,0.7341552972793579,0.227702334523201,dataset_3_keyframe_2,0.0
34,2.380181312561035,4.0853776931762695,6.510417006211355e-05,0.030662791803479195,23.406112670898438,zero_state,4.0853776931762695,0.730480968952179,0.2237101048231125,dataset_3_keyframe_2,0.0
35,2.339059829711914,4.036247730255127,7.120768714230508e-05,0.029858654364943504,23.12008285522461,zero_state,4.036247730255127,0.72900390625,0.2200934886932373,dataset_3_keyframe_2,0.0
36,2.3165781497955322,4.008373260498047,6.434122769860551e-05,0.02942250669002533,22.92283821105957,zero_state,4.008373260498047,0.725756824016571,0.2182263880968094,dataset_3_keyframe_2,0.0
37,2.2969486713409424,3.98264217376709,6.663004751317203e-05,0.02907002903521061,22.750701904296875,zero_state,3.98264217376709,0.7205444574356079,0.21727155148983002,dataset_3_keyframe_2,0.0
38,2.277902841567993,3.958545684814453,7.527669367846102e-05,0.028768159449100494,22.63597297668457,zero_state,3.958545684814453,0.717456042766571,0.21543386578559875,dataset_3_keyframe_2,0.0
39,2.2561285495758057,3.9310505390167236,6.764729914721102e-05,0.02824707143008709,22.480270385742188,zero_state,3.9310505390167236,0.7157837152481079,0.21307750046253204,dataset_3_keyframe_2,0.0
40,2.240920305252075,3.9114596843719482,6.510417006211355e-05,0.027924347668886185,22.316661834716797,zero_state,3.9114596843719482,0.710131824016571,0.21213936805725098,dataset_3_keyframe_2,0.0
41,2.219778299331665,3.8826916217803955,6.459554424509406e-05,0.027478791773319244,22.186206817626953,zero_state,3.8826916217803955,0.70703125,0.2098975032567978,dataset_3_keyframe_2,0.0
42,2.1975555419921875,3.8530068397521973,7.553101022494957e-05,0.02705485187470913,22.017915725708008,zero_state,3.8530068397521973,0.7048584222793579,0.20785413682460785,dataset_3_keyframe_2,0.0
43,2.1803064346313477,3.82993745803833,6.281535024754703e-05,0.026736197993159294,21.871667861938477,zero_state,3.82993745803833,0.69989013671875,0.20630398392677307,dataset_3_keyframe_2,0.0
44,2.1599478721618652,3.802441358566284,6.383260188158602e-05,0.026305390521883965,21.720314025878906,zero_state,3.802441358566284,0.697155773639679,0.20460963249206543,dataset_3_keyframe_2,0.0
45,2.1451575756073,3.783369302749634,6.15437893429771e-05,0.026054637506604195,21.597368240356445,zero_state,3.783369302749634,0.6941284537315369,0.2032213658094406,dataset_3_keyframe_2,0.0
46,2.1312687397003174,3.765031576156616,7.73112042224966e-05,0.02574869990348816,21.492244720458984,zero_state,3.765031576156616,0.688525378704071,0.20168523490428925,dataset_3_keyframe_2,0.0
47,2.1208887100219727,3.751927375793457,5.849202716490254e-05,0.0256322231143713,21.37459945678711,zero_state,3.751927375793457,0.682690441608429,0.201222762465477,dataset_3_keyframe_2,0.0
48,2.1043803691864014,3.726346731185913,7.273356459336355e-05,0.025233207270503044,21.26333999633789,zero_state,3.726346731185913,0.6852173209190369,0.1995321363210678,dataset_3_keyframe_2,0.0
49,2.0906057357788086,3.707488536834717,6.179809861350805e-05,0.02507833018898964,21.20539093017578,zero_state,3.707488536834717,0.6800537109375,0.19747798144817352,dataset_3_keyframe_2,0.0
50,2.0823850631713867,3.695624589920044,6.790161569369957e-05,0.024852754548192024,21.117488861083984,zero_state,3.695624589920044,0.6809936761856079,0.19658714532852173,dataset_3_keyframe_2,0.0
51,2.072761297225952,3.682014226913452,5.442301699076779e-05,0.02466532588005066,21.024267196655273,zero_state,3.682014226913452,0.678820788860321,0.19604437053203583,dataset_3_keyframe_2,0.0
52,2.069498062133789,3.6796629428863525,7.400513277389109e-05,0.02469177357852459,20.974048614501953,zero_state,3.6796629428863525,0.6764770746231079,0.19606482982635498,dataset_3_keyframe_2,0.0
53,2.0619430541992188,3.6697115898132324,6.942749314475805e-05,0.02448628842830658,20.943498611450195,zero_state,3.6697115898132324,0.675671398639679,0.1950836479663849,dataset_3_keyframe_2,0.0
54,2.0512163639068604,3.6546435356140137,6.179809861350805e-05,0.02429402805864811,20.819408416748047,zero_state,3.6546435356140137,0.664074718952179,0.19385920464992523,dataset_3_keyframe_2,0.0
55,2.046931266784668,3.6477222442626953,6.332397606456652e-05,0.02426961436867714,20.790367126464844,zero_state,3.6477222442626953,0.6635376214981079,0.19338497519493103,dataset_3_keyframe_2,0.0
56,2.0397872924804688,3.641101837158203,6.306966679403558e-05,0.0241038016974926,20.771804809570312,zero_state,3.641101837158203,0.663159191608429,0.19236798584461212,dataset_3_keyframe_2,0.0
57,2.0315423011779785,3.635240077972412,5.950927879894152e-05,0.024004364386200905,20.738794326782227,zero_state,3.635240077972412,0.664782702922821,0.19182586669921875,dataset_3_keyframe_2,0.0
58,2.0278408527374268,3.6301229000091553,6.001790825393982e-05,0.02392120473086834,20.71380043029785,zero_state,3.6301229000091553,0.6661743521690369,0.19137288630008698,dataset_3_keyframe_2,0.0
59,2.0044140815734863,3.6043763160705566,6.0526534070959315e-05,0.023634085431694984,20.592388153076172,zero_state,3.6043763160705566,0.651538074016571,0.1884879320859909,dataset_3_keyframe_2,0.0
60,1.9773837327957153,3.577460765838623,5.77290884393733e-05,0.023269400000572205,20.45929527282715,zero_state,3.577460765838623,0.6420044302940369,0.18551258742809296,dataset_3_keyframe_2,0.0
61,1.9449634552001953,3.539625644683838,5.645752389682457e-05,0.022705333307385445,20.28720474243164,zero_state,3.539625644683838,0.636364758014679,0.18243257701396942,dataset_3_keyframe_2,0.0
62,1.9220463037490845,3.5178611278533936,6.20524151599966e-05,0.02245381847023964,20.115575790405273,zero_state,3.5178611278533936,0.6254639029502869,0.18089500069618225,dataset_3_keyframe_2,0.0
63,1.8881415128707886,3.4726266860961914,6.15437893429771e-05,0.02187042310833931,19.887237548828125,zero_state,3.4726266860961914,0.6275879144668579,0.17807331681251526,dataset_3_keyframe_2,0.0
64,1.8728585243225098,3.453197717666626,5.4931642807787284e-05,0.021700287237763405,19.685373306274414,zero_state,3.453197717666626,0.62005615234375,0.17785070836544037,dataset_3_keyframe_2,0.0
65,1.8566951751708984,3.43192458152771,5.620321098831482e-05,0.021461233496665955,19.637405395507812,zero_state,3.43192458152771,0.618457019329071,0.1754991114139557,dataset_3_keyframe_2,0.0
66,1.8402148485183716,3.411900281906128,7.095337059581652e-05,0.021220143884420395,19.472103118896484,zero_state,3.411900281906128,0.621044933795929,0.17479021847248077,dataset_3_keyframe_2,0.0
67,1.813980221748352,3.383272647857666,5.849202716490254e-05,0.02074635960161686,19.30248260498047,zero_state,3.383272647857666,0.5981079339981079,0.1719246655702591,dataset_3_keyframe_2,0.0
68,1.7799533605575562,3.340723752975464,5.8746340073412284e-05,0.020266979932785034,19.089561462402344,zero_state,3.340723752975464,0.5987182855606079,0.1689196676015854,dataset_3_keyframe_2,0.0
69,1.7610799074172974,3.317613124847412,5.6711836805334315e-05,0.02010803297162056,18.935157775878906,zero_state,3.317613124847412,0.597180187702179,0.16753531992435455,dataset_3_keyframe_2,0.0
70,1.7481886148452759,3.3017945289611816,6.993611896177754e-05,0.019904837012290955,18.835872650146484,zero_state,3.3017945289611816,0.59600830078125,0.16641703248023987,dataset_3_keyframe_2,0.0
71,1.7369191646575928,3.2903313636779785,6.078084697946906e-05,0.019760387018322945,18.76873779296875,zero_state,3.2903313636779785,0.587841808795929,0.1650882065296173,dataset_3_keyframe_2,0.0
72,1.7232369184494019,3.275015354156494,5.060831972514279e-05,0.01954701915383339,18.67612075805664,zero_state,3.275015354156494,0.5779785513877869,0.16336940228939056,dataset_3_keyframe_2,0.0
73,1.7003819942474365,3.25093150138855,6.332397606456652e-05,0.01924031600356102,18.568647384643555,zero_state,3.25093150138855,0.5729736685752869,0.16080257296562195,dataset_3_keyframe_2,0.0
74,1.6750876903533936,3.2173826694488525,6.230672443052754e-05,0.01888936385512352,18.42236328125,zero_state,3.2173826694488525,0.569201648235321,0.1583087146282196,dataset_3_keyframe_2,0.0
75,1.664857029914856,3.2067737579345703,6.4849853515625e-05,0.018776703625917435,18.302087783813477,zero_state,3.2067737579345703,0.568041980266571,0.15806420147418976,dataset_3_keyframe_2,0.0
76,1.6525518894195557,3.1925880908966064,5.467732989927754e-05,0.018573252484202385,18.223812103271484,zero_state,3.1925880908966064,0.5634521842002869,0.15694394707679749,dataset_3_keyframe_2,0.0
77,1.6439270973205566,3.181361436843872,5.213419717620127e-05,0.018416088074445724,18.159191131591797,zero_state,3.181361436843872,0.5528320670127869,0.1558786779642105,dataset_3_keyframe_2,0.0
78,1.6300914287567139,3.162693738937378,5.569458153331652e-05,0.01828664168715477,18.051353454589844,zero_state,3.162693738937378,0.5520386099815369,0.1548406332731247,dataset_3_keyframe_2,0.0
79,1.612019658088684,3.1365671157836914,6.027222116244957e-05,0.01800944097340107,17.92756462097168,zero_state,3.1365671157836914,0.550549328327179,0.15308916568756104,dataset_3_keyframe_2,0.0
80,1.5953600406646729,3.1125526428222656,7.171631295932457e-05,0.017700450494885445,17.79047203063965,zero_state,3.1125526428222656,0.547497570514679,0.15140698850154877,dataset_3_keyframe_2,0.0
81,1.5775566101074219,3.0884745121002197,5.9763595345430076e-05,0.017464447766542435,17.641857147216797,zero_state,3.0884745121002197,0.544921875,0.1498563587665558,dataset_3_keyframe_2,0.0
82,1.5683358907699585,3.0766377449035645,5.594889444182627e-05,0.01737823523581028,17.545774459838867,zero_state,3.0766377449035645,0.53948974609375,0.14935146272182465,dataset_3_keyframe_2,0.0
83,1.5539542436599731,3.0539159774780273,5.442301699076779e-05,0.01712443120777607,17.445201873779297,zero_state,3.0539159774780273,0.540576159954071,0.1480017751455307,dataset_3_keyframe_2,0.0
84,1.5467615127563477,3.042905330657959,5.594889444182627e-05,0.01706441305577755,17.360319137573242,zero_state,3.042905330657959,0.5353027582168579,0.14723466336727142,dataset_3_keyframe_2,0.0
85,1.531787395477295,3.0227432250976562,5.366007826523855e-05,0.016882071271538734,17.26371192932129,zero_state,3.0227432250976562,0.5354248285293579,0.14572183787822723,dataset_3_keyframe_2,0.0
86,1.5220412015914917,3.009550094604492,5.340576535672881e-05,0.01668345183134079,17.166200637817383,zero_state,3.009550094604492,0.5285278558731079,0.144922137260437,dataset_3_keyframe_2,0.0
87,1.5088821649551392,2.9925105571746826,5.950927879894152e-05,0.01654052734375,17.082714080810547,zero_state,2.9925105571746826,0.52789306640625,0.14378111064434052,dataset_3_keyframe_2,0.0
88,1.5015302896499634,2.982506275177002,6.027222116244957e-05,0.01644236408174038,17.023710250854492,zero_state,2.982506275177002,0.5256714224815369,0.14317195117473602,dataset_3_keyframe_2,0.0
89,1.497340202331543,2.9762697219848633,6.15437893429771e-05,0.016399383544921875,16.962507247924805,zero_state,2.9762697219848633,0.524645984172821,0.1429784744977951,dataset_3_keyframe_2,0.0
90,1.4863137006759644,2.9602999687194824,6.739298987668008e-05,0.01616211049258709,16.91033935546875,zero_state,2.9602999687194824,0.5237060785293579,0.14131811261177063,dataset_3_keyframe_2,0.0
91,1.4781824350357056,2.9503328800201416,6.815592496423051e-05,0.016105398535728455,16.84663963317871,zero_state,2.9503328800201416,0.519775390625,0.14071716368198395,dataset_3_keyframe_2,0.0
92,1.4700332880020142,2.94053316116333,5.315145244821906e-05,0.01592814177274704,16.797630310058594,zero_state,2.94053316116333,0.5162353515625,0.13965819776058197,dataset_3_keyframe_2,0.0
93,1.463273286819458,2.932811737060547,5.366007826523855e-05,0.015872955322265625,16.74509620666504,zero_state,2.932811737060547,0.509960949420929,0.13879765570163727,dataset_3_keyframe_2,0.0
94,1.4543085098266602,2.9215803146362305,5.315145244821906e-05,0.015737153589725494,16.674837112426758,zero_state,2.9215803146362305,0.5094971060752869,0.13801759481430054,dataset_3_keyframe_2,0.0
95,1.4416351318359375,2.905505895614624,4.9082442274084315e-05,0.01551462896168232,16.593849182128906,zero_state,2.905505895614624,0.5062255859375,0.13679039478302002,dataset_3_keyframe_2,0.0
96,1.4335191249847412,2.893939256668091,7.400513277389109e-05,0.015373739413917065,16.54076385498047,zero_state,2.893939256668091,0.505261242389679,0.13575266301631927,dataset_3_keyframe_2,0.0
97,1.420485496520996,2.8803958892822266,5.213419717620127e-05,0.01524149626493454,16.447708129882812,zero_state,2.8803958892822266,0.4977783262729645,0.1348000019788742,dataset_3_keyframe_2,0.0
98,1.4073314666748047,2.865391254425049,4.933675518259406e-05,0.01502049807459116,16.359949111938477,zero_state,2.865391254425049,0.49116212129592896,0.13321788609027863,dataset_3_keyframe_2,0.0
99,1.3976829051971436,2.849482774734497,5.340576535672881e-05,0.01494089886546135,16.260770797729492,zero_state,2.849482774734497,0.4908080995082855,0.13253256678581238,dataset_3_keyframe_2,0.0
100,1.3827427625656128,2.8304367065429688,5.950927879894152e-05,0.014656067825853825,16.14059066772461,zero_state,2.8304367065429688,0.48479005694389343,0.13117650151252747,dataset_3_keyframe_2,0.0
101,1.3674919605255127,2.8142383098602295,6.001790825393982e-05,0.014451853930950165,16.05913543701172,zero_state,2.8142383098602295,0.47791749238967896,0.12942913174629211,dataset_3_keyframe_2,0.0
102,1.3628246784210205,2.8111753463745117,6.179809861350805e-05,0.01446380652487278,16.006877899169922,zero_state,2.8111753463745117,0.4737792909145355,0.12923358380794525,dataset_3_keyframe_2,0.0
103,1.3446398973464966,2.781527280807495,5.213419717620127e-05,0.01414820458739996,15.850736618041992,zero_state,2.781527280807495,0.4677490293979645,0.12751205265522003,dataset_3_keyframe_2,0.0
104,1.3339619636535645,2.771092176437378,5.900065298192203e-05,0.014038849622011185,15.78466510772705,zero_state,2.771092176437378,0.4635376036167145,0.12660954892635345,dataset_3_keyframe_2,0.0
105,1.323507308959961,2.75866961479187,4.959106809110381e-05,0.01387583464384079,15.702948570251465,zero_state,2.75866961479187,0.46275636553764343,0.12590324878692627,dataset_3_keyframe_2,0.0
106,1.308518409729004,2.736971139907837,4.959106809110381e-05,0.013582865707576275,15.614524841308594,zero_state,2.736971139907837,0.46223145723342896,0.12434007227420807,dataset_3_keyframe_2,0.0
107,1.3076547384262085,2.741612672805786,5.4168704082258046e-05,0.013740794733166695,15.506837844848633,zero_state,2.741612672805786,0.44133302569389343,0.1245923638343811,dataset_3_keyframe_2,0.0
108,1.2891113758087158,2.7173523902893066,5.1116945542162284e-05,0.01343104150146246,15.502616882324219,zero_state,2.7173523902893066,0.4465698301792145,0.12256045639514923,dataset_3_keyframe_2,0.0
109,1.2731497287750244,2.69185471534729,4.781087409355678e-05,0.013047791086137295,15.378000259399414,zero_state,2.69185471534729,0.4454345703125,0.12052407115697861,dataset_3_keyframe_2,0.0
110,1.262692928314209,2.678337574005127,5.696614971384406e-05,0.01292928121984005,15.302842140197754,zero_state,2.678337574005127,0.4382690489292145,0.11973506212234497,dataset_3_keyframe_2,0.0
111,1.2574563026428223,2.6720895767211914,5.9763595345430076e-05,0.012908427976071835,15.216201782226562,zero_state,2.6720895767211914,0.4412841796875,0.11995535343885422,dataset_3_keyframe_2,0.0
112,1.2470976114273071,2.653876304626465,6.459554424509406e-05,0.012742869555950165,15.160533905029297,zero_state,2.653876304626465,0.4414428770542145,0.11846118420362473,dataset_3_keyframe_2,0.0
113,1.2405091524124146,2.647684335708618,6.383260188158602e-05,0.012687175534665585,15.0914888381958,zero_state,2.647684335708618,0.43842774629592896,0.11795907467603683,dataset_3_keyframe_2,0.0
114,1.2354915142059326,2.6459827423095703,5.594889444182627e-05,0.012658437713980675,15.058531761169434,zero_state,2.6459827423095703,0.4327026307582855,0.11775088310241699,dataset_3_keyframe_2,0.0
115,1.2264915704727173,2.635594367980957,5.6711836805334315e-05,0.012560272589325905,15.06294059753418,zero_state,2.635594367980957,0.4176391661167145,0.11587665230035782,dataset_3_keyframe_2,0.0
116,1.208419919013977,2.608140230178833,5.39143911737483e-05,0.012214915826916695,14.920060157775879,zero_state,2.608140230178833,0.42304688692092896,0.11420269310474396,dataset_3_keyframe_2,0.0
117,1.1965347528457642,2.595278739929199,5.7983401347883046e-05,0.012110392563045025,14.739701271057129,zero_state,2.595278739929199,0.40928956866264343,0.11366134881973267,dataset_3_keyframe_2,0.0
118,1.1864449977874756,2.571678400039673,5.187988426769152e-05,0.01185328233987093,14.68061351776123,zero_state,2.571678400039673,0.4130004942417145,0.11221902817487717,dataset_3_keyframe_2,0.0
119,1.1749224662780762,2.5542078018188477,6.128947279648855e-05,0.011765798553824425,14.569601058959961,zero_state,2.5542078018188477,0.41912841796875,0.11188503354787827,dataset_3_keyframe_2,0.0
120,1.1782201528549194,2.558260440826416,5.442301699076779e-05,0.01174519956111908,14.591727256774902,zero_state,2.558260440826416,0.41789552569389343,0.11192023009061813,dataset_3_keyframe_2,0.0
121,1.1749759912490845,2.55051851272583,5.594889444182627e-05,0.0116462716832757,14.535321235656738,zero_state,2.55051851272583,0.41619873046875,0.1115921139717102,dataset_3_keyframe_2,0.0
122,1.1689703464508057,2.54245662689209,5.060831972514279e-05,0.011697388254106045,14.492603302001953,zero_state,2.54245662689209,0.41325685381889343,0.11104077100753784,dataset_3_keyframe_2,0.0
123,1.1631101369857788,2.5324013233184814,5.442301699076779e-05,0.011596426367759705,14.466658592224121,zero_state,2.5324013233184814,0.4114746153354645,0.11027004569768906,dataset_3_keyframe_2,0.0
124,1.158812165260315,2.528546094894409,5.823771425639279e-05,0.01153132226318121,14.407118797302246,zero_state,2.528546094894409,0.4041748046875,0.10996377468109131,dataset_3_keyframe_2,0.0
125,1.1594361066818237,2.5296831130981445,5.950927879894152e-05,0.011592102237045765,14.399362564086914,zero_state,2.5296831130981445,0.399658203125,0.11019837856292725,dataset_3_keyframe_2,0.0
126,1.1517552137374878,2.514894485473633,5.060831972514279e-05,0.01138153113424778,14.355439186096191,zero_state,2.514894485473633,0.4040893614292145,0.10937263071537018,dataset_3_keyframe_2,0.0
127,1.1466704607009888,2.5056278705596924,5.137125845067203e-05,0.0112826032564044,14.305098533630371,zero_state,2.5056278705596924,0.40972900390625,0.1086803451180458,dataset_3_keyframe_2,0.0
0,2.9532365798950195,4.73926305770874,7.019043550826609e-05,0.04328511655330658,27.139156341552734,random_state,4.73926305770874,0.91796875,0.2827789783477783,dataset_3_keyframe_2,0.0
1,2.9461803436279297,4.7331013679504395,3.814697629422881e-05,0.04352875053882599,26.92539405822754,random_state,4.7331013679504395,0.882275402545929,0.28240716457366943,dataset_3_keyframe_2,2.8549604415893555
2,2.9230258464813232,4.694737911224365,3.0263267035479657e-05,0.04292450100183487,26.714426040649414,random_state,4.694737911224365,0.889050304889679,0.27946949005126953,dataset_3_keyframe_2,3.037170648574829
3,2.8917782306671143,4.6522111892700195,3.662109520519152e-05,0.041874952614307404,26.468095779418945,random_state,4.6522111892700195,0.880566418170929,0.2760125696659088,dataset_3_keyframe_2,2.991140842437744
4,2.8504798412323,4.593181133270264,3.0263267035479657e-05,0.040734101086854935,26.112998962402344,random_state,4.593181133270264,0.8726806640625,0.27253076434135437,dataset_3_keyframe_2,2.853139877319336
5,2.8149771690368652,4.541882514953613,3.840128920273855e-05,0.039834849536418915,25.773950576782227,random_state,4.541882514953613,0.864001452922821,0.2693265378475189,dataset_3_keyframe_2,2.876782178878784
6,2.8074676990509033,4.528310298919678,3.5858156479662284e-05,0.039610546082258224,25.733318328857422,random_state,4.528310298919678,0.86920166015625,0.2679465413093567,dataset_3_keyframe_2,2.798943042755127
7,2.804014205932617,4.52049446105957,3.763834683923051e-05,0.039441175758838654,25.6812801361084,random_state,4.52049446105957,0.8742920160293579,0.2680639922618866,dataset_3_keyframe_2,2.6516213417053223
8,2.830768585205078,4.550300121307373,2.8228761948412284e-05,0.039803825318813324,25.794384002685547,random_state,4.550300121307373,0.863781750202179,0.26649993658065796,dataset_3_keyframe_2,3.6937437057495117
9,2.802452802658081,4.517602920532227,3.7129721022211015e-05,0.03938039392232895,25.660568237304688,random_state,4.517602920532227,0.8667969107627869,0.26660606265068054,dataset_3_keyframe_2,2.8760952949523926
10,2.795163154602051,4.5123395919799805,3.5858156479662284e-05,0.039105482399463654,25.624197006225586,random_state,4.5123395919799805,0.8623413443565369,0.2660665214061737,dataset_3_keyframe_2,2.8821775913238525
11,2.7929413318634033,4.5074872970581055,3.0517578125e-05,0.039091747254133224,25.601463317871094,random_state,4.5074872970581055,0.8649048209190369,0.26551005244255066,dataset_3_keyframe_2,2.84828782081604
12,2.7879462242126465,4.503437519073486,3.306071084807627e-05,0.0389251746237278,25.581697463989258,random_state,4.503437519073486,0.8577880859375,0.2646072804927826,dataset_3_keyframe_2,2.8822598457336426
13,2.774517774581909,4.486178398132324,4.018147956230678e-05,0.038647718727588654,25.49374771118164,random_state,4.486178398132324,0.8559326529502869,0.26293349266052246,dataset_3_keyframe_2,2.963500499725342
14,2.7698729038238525,4.482622146606445,3.48409048456233e-05,0.03846283257007599,25.422754287719727,random_state,4.482622146606445,0.8534302115440369,0.26283180713653564,dataset_3_keyframe_2,3.000791549682617
15,2.7588295936584473,4.467494010925293,3.611246938817203e-05,0.03811849281191826,25.35683250427246,random_state,4.467494010925293,0.849499523639679,0.26158931851387024,dataset_3_keyframe_2,2.8513805866241455
16,2.7577104568481445,4.46986198425293,3.840128920273855e-05,0.038153842091560364,25.31948471069336,random_state,4.46986198425293,0.8425537347793579,0.26093554496765137,dataset_3_keyframe_2,3.037544012069702
17,2.7481813430786133,4.45694637298584,3.738403393072076e-05,0.03792470321059227,25.243165969848633,random_state,4.45694637298584,0.834948718547821,0.2600104808807373,dataset_3_keyframe_2,2.9668521881103516
18,2.7404186725616455,4.447561264038086,3.636678229668178e-05,0.03779220953583717,25.25362777709961,random_state,4.447561264038086,0.8409790396690369,0.2582166790962219,dataset_3_keyframe_2,3.0540924072265625
19,2.7265408039093018,4.428279876708984,3.840128920273855e-05,0.037254590541124344,25.16286849975586,random_state,4.428279876708984,0.833300769329071,0.25659698247909546,dataset_3_keyframe_2,2.9421706199645996
20,2.709758758544922,4.4146294593811035,4.018147956230678e-05,0.03695831447839737,25.026561737060547,random_state,4.4146294593811035,0.825732409954071,0.2552797794342041,dataset_3_keyframe_2,2.9286179542541504
21,2.692640781402588,4.3940815925598145,3.7892659747740254e-05,0.03660532832145691,24.973215103149414,random_state,4.3940815925598145,0.8134399652481079,0.2524573504924774,dataset_3_keyframe_2,2.9089691638946533
22,2.673151731491089,4.367912769317627,3.356933666509576e-05,0.0359141044318676,24.827342987060547,random_state,4.367912769317627,0.811450183391571,0.24950146675109863,dataset_3_keyframe_2,2.8974239826202393
23,2.6547536849975586,4.349887847900391,4.069010537932627e-05,0.03564453125,24.693885803222656,random_state,4.349887847900391,0.8067383170127869,0.24885140359401703,dataset_3_keyframe_2,2.773930311203003
24,2.645517587661743,4.340473175048828,3.840128920273855e-05,0.03544006496667862,24.622318267822266,random_state,4.340473175048828,0.798596203327179,0.24765658378601074,dataset_3_keyframe_2,2.799757957458496
25,2.630176544189453,4.319157123565674,4.145304410485551e-05,0.035012565553188324,24.478153228759766,random_state,4.319157123565674,0.79132080078125,0.24527905881404877,dataset_3_keyframe_2,2.863401174545288
26,2.6068625450134277,4.2975263595581055,4.170736065134406e-05,0.034470878541469574,24.369901657104492,random_state,4.2975263595581055,0.7845458984375,0.24315665662288666,dataset_3_keyframe_2,2.7054405212402344
27,2.6024303436279297,4.2903852462768555,3.840128920273855e-05,0.034348297864198685,24.284425735473633,random_state,4.2903852462768555,0.774792492389679,0.2419874668121338,dataset_3_keyframe_2,2.8634114265441895
28,2.5845682621002197,4.267791748046875,4.0944418287836015e-05,0.033745069056749344,24.195180892944336,random_state,4.267791748046875,0.7689453363418579,0.23909126222133636,dataset_3_keyframe_2,2.7747604846954346
29,2.5711112022399902,4.257652759552002,4.0944418287836015e-05,0.03362935408949852,24.139755249023438,random_state,4.257652759552002,0.7658325433731079,0.23787641525268555,dataset_3_keyframe_2,2.7964065074920654
30,2.5578932762145996,4.237207889556885,3.916422792826779e-05,0.033273570239543915,24.036657333374023,random_state,4.237207889556885,0.7601684927940369,0.236393004655838,dataset_3_keyframe_2,2.7114923000335693
31,2.5518648624420166,4.235837459564209,4.170736065134406e-05,0.033250682055950165,23.949848175048828,random_state,4.235837459564209,0.7401367425918579,0.23581139743328094,dataset_3_keyframe_2,2.8112330436706543
32,2.5132176876068115,4.183520793914795,3.5858156479662284e-05,0.032440442591905594,23.814043045043945,random_state,4.183520793914795,0.729992687702179,0.2307099848985672,dataset_3_keyframe_2,2.813459634780884
33,2.50060772895813,4.16811990737915,4.018147956230678e-05,0.03216095268726349,23.668758392333984,random_state,4.16811990737915,0.7341552972793579,0.23015879094600677,dataset_3_keyframe_2,2.839128255844116
34,2.479193687438965,4.121054172515869,4.2724612285383046e-05,0.03129883110523224,23.406112670898438,random_state,4.121054172515869,0.730480968952179,0.22688522934913635,dataset_3_keyframe_2,2.898919105529785
35,2.433455228805542,4.068487167358398,4.450480264495127e-05,0.03039703518152237,23.12008285522461,random_state,4.068487167358398,0.72900390625,0.22311139106750488,dataset_3_keyframe_2,2.701845645904541
36,2.414325475692749,4.0422043800354,4.6539309551008046e-05,0.02998453937470913,22.92283821105957,random_state,4.0422043800354,0.725756824016571,0.22165392339229584,dataset_3_keyframe_2,2.654358386993408
37,2.403062343597412,4.017112731933594,5.366007826523855e-05,0.02958577685058117,22.750701904296875,random_state,4.017112731933594,0.7205444574356079,0.22099177539348602,dataset_3_keyframe_2,2.6092066764831543
38,2.3820736408233643,3.993217706680298,4.755656118504703e-05,0.029388174414634705,22.63597297668457,random_state,3.993217706680298,0.717456042766571,0.2190883606672287,dataset_3_keyframe_2,2.6857712268829346
39,2.3554487228393555,3.963920831680298,5.594889444182627e-05,0.02884877659380436,22.480270385742188,random_state,3.963920831680298,0.7157837152481079,0.2164287120103836,dataset_3_keyframe_2,2.590606689453125
40,2.3418495655059814,3.9425764083862305,4.831949991057627e-05,0.02850545383989811,22.316661834716797,random_state,3.9425764083862305,0.710131824016571,0.215437650680542,dataset_3_keyframe_2,2.6134493350982666
41,2.32517409324646,3.9153807163238525,4.62849966424983e-05,0.02807973325252533,22.186206817626953,random_state,3.9153807163238525,0.70703125,0.21351580321788788,dataset_3_keyframe_2,2.58288311958313
42,2.3011085987091064,3.884464979171753,5.1116945542162284e-05,0.027591707184910774,22.017915725708008,random_state,3.884464979171753,0.7048584222793579,0.2113124430179596,dataset_3_keyframe_2,2.5350592136383057
43,2.284412145614624,3.8605523109436035,4.781087409355678e-05,0.02735748514533043,21.871667861938477,random_state,3.8605523109436035,0.69989013671875,0.2096550017595291,dataset_3_keyframe_2,2.5481879711151123
44,2.2716033458709717,3.836878776550293,5.696614971384406e-05,0.026858268305659294,21.720314025878906,random_state,3.836878776550293,0.697155773639679,0.20862331986427307,dataset_3_keyframe_2,2.4961984157562256
45,2.2518436908721924,3.815685749053955,4.933675518259406e-05,0.026678213849663734,21.597368240356445,random_state,3.815685749053955,0.6941284537315369,0.20695939660072327,dataset_3_keyframe_2,2.4213006496429443
46,2.241509199142456,3.79757022857666,5.137125845067203e-05,0.02633260190486908,21.492244720458984,random_state,3.79757022857666,0.688525378704071,0.2054200917482376,dataset_3_keyframe_2,2.52681040763855
47,2.2365493774414062,3.785038948059082,5.4931642807787284e-05,0.02612101286649704,21.37459945678711,random_state,3.785038948059082,0.682690441608429,0.20509064197540283,dataset_3_keyframe_2,2.538914442062378
48,2.2160868644714355,3.7574963569641113,5.366007826523855e-05,0.025819651782512665,21.26333999633789,random_state,3.7574963569641113,0.6852173209190369,0.2033195048570633,dataset_3_keyframe_2,2.436129093170166
49,2.19490647315979,3.739065408706665,5.340576535672881e-05,0.02560323290526867,21.20539093017578,random_state,3.739065408706665,0.6800537109375,0.20084328949451447,dataset_3_keyframe_2,2.4819138050079346
50,2.189511299133301,3.7271134853363037,5.137125845067203e-05,0.02534027211368084,21.117488861083984,random_state,3.7271134853363037,0.6809936761856079,0.20006389915943146,dataset_3_keyframe_2,2.5064966678619385
51,2.173496723175049,3.711329221725464,5.594889444182627e-05,0.025200145319104195,21.024267196655273,random_state,3.711329221725464,0.678820788860321,0.19920019805431366,dataset_3_keyframe_2,2.4300336837768555
52,2.177755355834961,3.7122483253479004,5.696614971384406e-05,0.02527923695743084,20.974048614501953,random_state,3.7122483253479004,0.6764770746231079,0.1996198445558548,dataset_3_keyframe_2,2.4633522033691406
53,2.1806793212890625,3.7049264907836914,4.755656118504703e-05,0.02506357990205288,20.943498611450195,random_state,3.7049264907836914,0.675671398639679,0.19908559322357178,dataset_3_keyframe_2,2.523552656173706
54,2.1620426177978516,3.686601400375366,5.544026862480678e-05,0.024810029193758965,20.819408416748047,random_state,3.686601400375366,0.664074718952179,0.19752497971057892,dataset_3_keyframe_2,2.4400393962860107
55,2.1599905490875244,3.6815085411071777,5.467732989927754e-05,0.02478536032140255,20.790367126464844,random_state,3.6815085411071777,0.6635376214981079,0.19714365899562836,dataset_3_keyframe_2,2.462402105331421
56,2.150747299194336,3.672417163848877,5.722046262235381e-05,0.02460276335477829,20.771804809570312,random_state,3.672417163848877,0.663159191608429,0.19592830538749695,dataset_3_keyframe_2,2.42132306098938
57,2.1486940383911133,3.6684601306915283,5.340576535672881e-05,0.02453715167939663,20.738794326782227,random_state,3.6684601306915283,0.664782702922821,0.19565124809741974,dataset_3_keyframe_2,2.4769670963287354
58,2.140096664428711,3.6615493297576904,5.925496589043178e-05,0.02434946782886982,20.71380043029785,random_state,3.6615493297576904,0.6661743521690369,0.19506657123565674,dataset_3_keyframe_2,2.253880500793457
59,2.129427433013916,3.640000343322754,5.2388510084711015e-05,0.02411804348230362,20.592388153076172,random_state,3.640000343322754,0.651538074016571,0.19269315898418427,dataset_3_keyframe_2,2.4327104091644287
60,2.1093246936798096,3.6157827377319336,5.467732989927754e-05,0.02369842678308487,20.45929527282715,random_state,3.6157827377319336,0.6420044302940369,0.19011914730072021,dataset_3_keyframe_2,2.483940362930298
61,2.0800676345825195,3.5764458179473877,6.001790825393982e-05,0.023214468732476234,20.28720474243164,random_state,3.5764458179473877,0.636364758014679,0.18712899088859558,dataset_3_keyframe_2,2.4569694995880127
62,2.0702826976776123,3.559467077255249,6.510417006211355e-05,0.022995250299572945,20.115575790405273,random_state,3.559467077255249,0.6254639029502869,0.18622249364852905,dataset_3_keyframe_2,2.5520124435424805
63,2.0286502838134766,3.5096263885498047,6.459554424509406e-05,0.022287750616669655,19.887237548828125,random_state,3.5096263885498047,0.6275879144668579,0.18322044610977173,dataset_3_keyframe_2,2.2322306632995605
64,2.011209011077881,3.4891464710235596,6.027222116244957e-05,0.02214203029870987,19.685373306274414,random_state,3.4891464710235596,0.62005615234375,0.18278197944164276,dataset_3_keyframe_2,2.2441864013671875
65,1.9842510223388672,3.4631173610687256,5.264282663119957e-05,0.02186381071805954,19.637405395507812,random_state,3.4631173610687256,0.618457019329071,0.17956127226352692,dataset_3_keyframe_2,2.195091962814331
66,1.9696083068847656,3.442246437072754,6.128947279648855e-05,0.021575674414634705,19.472103118896484,random_state,3.442246437072754,0.621044933795929,0.17928427457809448,dataset_3_keyframe_2,2.082519292831421
67,1.9545236825942993,3.4182510375976562,6.688436405966058e-05,0.02120869979262352,19.30248260498047,random_state,3.4182510375976562,0.5981079339981079,0.17667728662490845,dataset_3_keyframe_2,2.2841134071350098
68,1.9355472326278687,3.3802504539489746,6.663004751317203e-05,0.020773570984601974,19.089561462402344,random_state,3.3802504539489746,0.5987182855606079,0.17444586753845215,dataset_3_keyframe_2,2.3057148456573486
69,1.923289179801941,3.356867551803589,5.594889444182627e-05,0.02044830471277237,18.935157775878906,random_state,3.356867551803589,0.597180187702179,0.17351053655147552,dataset_3_keyframe_2,2.204843044281006
70,1.8825472593307495,3.33260178565979,6.357829261105508e-05,0.02021891437470913,18.835872650146484,random_state,3.33260178565979,0.59600830078125,0.1709471046924591,dataset_3_keyframe_2,2.035884380340576
71,1.8731495141983032,3.323406934738159,6.96818096912466e-05,0.020108796656131744,18.76873779296875,random_state,3.323406934738159,0.587841808795929,0.16961166262626648,dataset_3_keyframe_2,2.113494634628296
72,1.8625743389129639,3.309597969055176,6.332397606456652e-05,0.019992319867014885,18.67612075805664,random_state,3.309597969055176,0.5779785513877869,0.16782937943935394,dataset_3_keyframe_2,2.217571496963501
73,1.8456510305404663,3.2860724925994873,7.247925532283261e-05,0.01963450200855732,18.568647384643555,random_state,3.2860724925994873,0.5729736685752869,0.1655919849872589,dataset_3_keyframe_2,2.2206051349639893
74,1.8431247472763062,3.258140802383423,6.128947279648855e-05,0.0192540492862463,18.42236328125,random_state,3.258140802383423,0.569201648235321,0.1644725650548935,dataset_3_keyframe_2,2.1714999675750732
75,1.7965476512908936,3.236086130142212,8.290608820971102e-05,0.019090525805950165,18.302087783813477,random_state,3.236086130142212,0.568041980266571,0.16238631308078766,dataset_3_keyframe_2,1.9120278358459473
76,1.7965233325958252,3.224397659301758,6.942749314475805e-05,0.01886545866727829,18.223812103271484,random_state,3.224397659301758,0.5634521842002869,0.16163145005702972,dataset_3_keyframe_2,2.0196123123168945
77,1.8051425218582153,3.2188563346862793,7.120768714230508e-05,0.01875101774930954,18.159191131591797,random_state,3.2188563346862793,0.5528320670127869,0.16143198311328888,dataset_3_keyframe_2,2.1594393253326416
78,1.7833524942398071,3.199082851409912,6.866455078125e-05,0.018652599304914474,18.051353454589844,random_state,3.199082851409912,0.5520386099815369,0.16007086634635925,dataset_3_keyframe_2,2.106598377227783
79,1.7700880765914917,3.1736361980438232,7.019043550826609e-05,0.018345389515161514,17.92756462097168,random_state,3.1736361980438232,0.550549328327179,0.15843959152698517,dataset_3_keyframe_2,2.1114614009857178
80,1.75448739528656,3.1490590572357178,6.612142169615254e-05,0.017993418499827385,17.79047203063965,random_state,3.1490590572357178,0.547497570514679,0.15685075521469116,dataset_3_keyframe_2,2.0816218852996826
81,1.7484859228134155,3.1278367042541504,6.332397606456652e-05,0.01776326633989811,17.641857147216797,random_state,3.1278367042541504,0.544921875,0.15592318773269653,dataset_3_keyframe_2,2.07270884513855
82,1.7304818630218506,3.1149685382843018,6.510417006211355e-05,0.017676036804914474,17.545774459838867,random_state,3.1149685382843018,0.53948974609375,0.15468323230743408,dataset_3_keyframe_2,2.071683406829834
83,1.7088626623153687,3.0888381004333496,7.34965069568716e-05,0.017445120960474014,17.445201873779297,random_state,3.0888381004333496,0.540576159954071,0.15314452350139618,dataset_3_keyframe_2,1.9892232418060303
84,1.7111166715621948,3.082944631576538,8.138021075865254e-05,0.01736094243824482,17.360319137573242,random_state,3.082944631576538,0.5353027582168579,0.1529034823179245,dataset_3_keyframe_2,2.05497670173645
85,1.6862844228744507,3.0569345951080322,7.019043550826609e-05,0.017199452966451645,17.26371192932129,random_state,3.0569345951080322,0.5354248285293579,0.15075623989105225,dataset_3_keyframe_2,1.9677587747573853
86,1.6826084852218628,3.046597957611084,7.451375859091058e-05,0.0169779472053051,17.166200637817383,random_state,3.046597957611084,0.5285278558731079,0.15031059086322784,dataset_3_keyframe_2,2.013977289199829
87,1.676210880279541,3.032183885574341,7.502238440793008e-05,0.016869863495230675,17.082714080810547,random_state,3.032183885574341,0.52789306640625,0.14961668848991394,dataset_3_keyframe_2,2.040849447250366
88,1.6722657680511475,3.020817518234253,8.163452730514109e-05,0.01674041897058487,17.023710250854492,random_state,3.020817518234253,0.5256714224815369,0.14906275272369385,dataset_3_keyframe_2,1.993715763092041
89,1.666695475578308,3.0138790607452393,7.425944204442203e-05,0.016659801825881004,16.962507247924805,random_state,3.0138790607452393,0.524645984172821,0.1487097442150116,dataset_3_keyframe_2,1.979574203491211
90,1.6527955532073975,2.9976682662963867,6.891886732773855e-05,0.016456859186291695,16.91033935546875,random_state,2.9976682662963867,0.5237060785293579,0.14676964282989502,dataset_3_keyframe_2,1.968460202217102
91,1.6306980848312378,2.983870267868042,8.11259014881216e-05,0.016375986859202385,16.84663963317871,random_state,2.983870267868042,0.519775390625,0.14569132030010223,dataset_3_keyframe_2,1.9038231372833252
92,1.637549638748169,2.9790525436401367,7.069906132528558e-05,0.01625823974609375,16.797630310058594,random_state,2.9790525436401367,0.5162353515625,0.14529775083065033,dataset_3_keyframe_2,2.008922576904297
93,1.6318963766098022,2.9717583656311035,7.451375859091058e-05,0.01615244708955288,16.74509620666504,random_state,2.9717583656311035,0.509960949420929,0.14467863738536835,dataset_3_keyframe_2,2.0128324031829834
94,1.6216645240783691,2.9602229595184326,7.960002403706312e-05,0.016040293499827385,16.674837112426758,random_state,2.9602229595184326,0.5094971060752869,0.14381347596645355,dataset_3_keyframe_2,1.988983154296875
95,1.6062358617782593,2.9419071674346924,8.951823110692203e-05,0.015803273767232895,16.593849182128906,random_state,2.9419071674346924,0.5062255859375,0.14232872426509857,dataset_3_keyframe_2,1.9338995218276978
96,1.6094377040863037,2.9341976642608643,7.476806786144152e-05,0.015686290338635445,16.54076385498047,random_state,2.9341976642608643,0.505261242389679,0.14174844324588776,dataset_3_keyframe_2,1.9470361471176147
97,1.583042860031128,2.916417121887207,9.155274165095761e-05,0.01553929690271616,16.447708129882812,random_state,2.916417121887207,0.4977783262729645,0.14020061492919922,dataset_3_keyframe_2,1.9461393356323242
98,1.5768730640411377,2.903747081756592,7.883708167355508e-05,0.01527023408561945,16.359949111938477,random_state,2.903747081756592,0.49116212129592896,0.13880039751529694,dataset_3_keyframe_2,1.942467451095581
99,1.5730266571044922,2.8888916969299316,8.290608820971102e-05,0.015215047635138035,16.260770797729492,random_state,2.8888916969299316,0.4908080995082855,0.1385967880487442,dataset_3_keyframe_2,1.8995296955108643
100,1.5620673894882202,2.8720879554748535,8.49405987537466e-05,0.014955648221075535,16.14059066772461,random_state,2.8720879554748535,0.48479005694389343,0.1374565213918686,dataset_3_keyframe_2,1.9822731018066406
101,1.5430313348770142,2.854509115219116,7.451375859091058e-05,0.01471354253590107,16.05913543701172,random_state,2.854509115219116,0.47791749238967896,0.13538393378257751,dataset_3_keyframe_2,1.9330124855041504
102,1.530024766921997,2.8474907875061035,7.858276512706652e-05,0.014711761847138405,16.006877899169922,random_state,2.8474907875061035,0.4737792909145355,0.13472111523151398,dataset_3_keyframe_2,1.8430931568145752
103,1.5144795179367065,2.820014238357544,8.341472130268812e-05,0.01443201769143343,15.850736618041992,random_state,2.820014238357544,0.4677490293979645,0.1330539435148239,dataset_3_keyframe_2,1.8763961791992188
104,1.4999290704727173,2.808549165725708,8.977254765341058e-05,0.014305115677416325,15.78466510772705,random_state,2.808549165725708,0.4635376036167145,0.1318485587835312,dataset_3_keyframe_2,1.8547614812850952
105,1.482003092765808,2.7921981811523438,8.570353384129703e-05,0.014062246307730675,15.702948570251465,random_state,2.7921981811523438,0.46275636553764343,0.13087360560894012,dataset_3_keyframe_2,1.753044843673706
106,1.4790375232696533,2.7733194828033447,9.002685692394152e-05,0.01379674393683672,15.614524841308594,random_state,2.7733194828033447,0.46223145723342896,0.1299234926700592,dataset_3_keyframe_2,1.779841661453247
107,1.4736820459365845,2.778923273086548,8.748372783884406e-05,0.013986460864543915,15.506837844848633,random_state,2.778923273086548,0.44133302569389343,0.12991879880428314,dataset_3_keyframe_2,1.8194942474365234
108,1.446629524230957,2.750627279281616,9.892781963571906e-05,0.0136909494176507,15.502616882324219,random_state,2.750627279281616,0.4465698301792145,0.127548947930336,dataset_3_keyframe_2,1.7574697732925415
109,1.454346776008606,2.7337875366210938,8.87552960193716e-05,0.013290151953697205,15.378000259399414,random_state,2.7337875366210938,0.4454345703125,0.12659184634685516,dataset_3_keyframe_2,1.9002594947814941
110,1.4582337141036987,2.723567485809326,8.341472130268812e-05,0.013221233151853085,15.302842140197754,random_state,2.723567485809326,0.4382690489292145,0.12651444971561432,dataset_3_keyframe_2,1.9735493659973145
111,1.4465516805648804,2.7142202854156494,8.900960528990254e-05,0.01312662847340107,15.216201782226562,random_state,2.7142202854156494,0.4412841796875,0.1263321042060852,dataset_3_keyframe_2,1.8758654594421387
112,1.4321871995925903,2.6956276893615723,8.951823110692203e-05,0.01301345881074667,15.160533905029297,random_state,2.6956276893615723,0.4414428770542145,0.12462072819471359,dataset_3_keyframe_2,1.8800811767578125
113,1.4062851667404175,2.683004140853882,9.918213618220761e-05,0.012962850742042065,15.0914888381958,random_state,2.683004140853882,0.43842774629592896,0.12310761213302612,dataset_3_keyframe_2,1.761614441871643
114,1.4149690866470337,2.685689926147461,8.977254765341058e-05,0.012872315011918545,15.058531761169434,random_state,2.685689926147461,0.4327026307582855,0.12365049123764038,dataset_3_keyframe_2,1.7855981588363647
115,1.4055325984954834,2.6763076782226562,8.621215965831652e-05,0.01283747423440218,15.06294059753418,random_state,2.6763076782226562,0.4176391661167145,0.12166605144739151,dataset_3_keyframe_2,1.8859800100326538
116,1.405982494354248,2.6557788848876953,8.44319729367271e-05,0.01250254362821579,14.920060157775879,random_state,2.6557788848876953,0.42304688692092896,0.12096243351697922,dataset_3_keyframe_2,2.063575506210327
117,1.3647170066833496,2.6314871311187744,0.00010808309161802754,0.01226730365306139,14.739701271057129,random_state,2.6314871311187744,0.40928956866264343,0.11890146881341934,dataset_3_keyframe_2,1.7528083324432373
118,1.3731908798217773,2.616340398788452,9.58760647336021e-05,0.012101491913199425,14.68061351776123,random_state,2.616340398788452,0.4130004942417145,0.11818146705627441,dataset_3_keyframe_2,1.9139432907104492
119,1.3476680517196655,2.5914394855499268,9.536743891658261e-05,0.01194432657212019,14.569601058959961,random_state,2.5914394855499268,0.41912841796875,0.11724159866571426,dataset_3_keyframe_2,1.7199077606201172
120,1.3496792316436768,2.5958635807037354,0.00010096232290379703,0.011996460147202015,14.591727256774902,random_state,2.5958635807037354,0.41789552569389343,0.1172393336892128,dataset_3_keyframe_2,1.7801791429519653
121,1.351464867591858,2.5894627571105957,9.460449655307457e-05,0.011871593073010445,14.535321235656738,random_state,2.5894627571105957,0.41619873046875,0.11724654585123062,dataset_3_keyframe_2,1.7619813680648804
122,1.3266782760620117,2.5756711959838867,0.00010681153071345761,0.0118904123082757,14.492603302001953,random_state,2.5756711959838867,0.41325685381889343,0.11561580002307892,dataset_3_keyframe_2,1.652180790901184
123,1.3340389728546143,2.5693657398223877,0.00010528565326239914,0.011736552231013775,14.466658592224121,random_state,2.5693657398223877,0.4114746153354645,0.11549296230077744,dataset_3_keyframe_2,1.7470225095748901
124,1.3344513177871704,2.5661871433258057,9.485881309956312e-05,0.011681366711854935,14.407118797302246,random_state,2.5661871433258057,0.4041748046875,0.11552027612924576,dataset_3_keyframe_2,1.7113032341003418
125,1.350219964981079,2.57262921333313,8.570353384129703e-05,0.011795807629823685,14.399362564086914,random_state,2.57262921333313,0.399658203125,0.11649346351623535,dataset_3_keyframe_2,1.8729643821716309
126,1.3571109771728516,2.5637402534484863,9.384155418956652e-05,0.01158472802489996,14.355439186096191,random_state,2.5637402534484863,0.4040893614292145,0.11651983112096786,dataset_3_keyframe_2,1.9158122539520264
127,1.3532872200012207,2.554758071899414,8.926392183639109e-05,0.011489360593259335,14.305098533630371,random_state,2.554758071899414,0.40972900390625,0.11578154563903809,dataset_3_keyframe_2,1.9222509860992432
0,2.9532365798950195,4.73926305770874,7.019043550826609e-05,0.04328511655330658,27.139156341552734,shuffled_corrected,4.73926305770874,0.91796875,0.2827789783477783,dataset_3_keyframe_2,0.0
1,2.945831775665283,4.72628116607666,4.984538099961355e-05,0.04299825429916382,27.121906280517578,shuffled_corrected,4.72628116607666,0.8742309808731079,0.2808839976787567,dataset_3_keyframe_2,0.0
2,2.922450304031372,4.693843364715576,6.027222116244957e-05,0.04231872782111168,26.952930450439453,shuffled_corrected,4.693843364715576,0.8719848990440369,0.2783256471157074,dataset_3_keyframe_2,0.0
3,2.8994202613830566,4.648730278015137,4.119873119634576e-05,0.04109293967485428,26.829927444458008,shuffled_corrected,4.648730278015137,0.861865222454071,0.27353936433792114,dataset_3_keyframe_2,0.0
4,2.863100290298462,4.591713905334473,5.518595571629703e-05,0.039817556738853455,26.57364273071289,shuffled_corrected,4.591713905334473,0.856677234172821,0.269042044878006,dataset_3_keyframe_2,0.0
5,2.842918634414673,4.547759532928467,3.916422792826779e-05,0.038610588759183884,26.453290939331055,shuffled_corrected,4.547759532928467,0.8502563834190369,0.2645368278026581,dataset_3_keyframe_2,0.0
6,2.809211254119873,4.52527379989624,5.747477553086355e-05,0.03852437436580658,26.16409683227539,shuffled_corrected,4.52527379989624,0.8513427972793579,0.26422661542892456,dataset_3_keyframe_2,0.0
7,2.802119731903076,4.521303176879883,5.162557135918178e-05,0.03872273862361908,26.01584815979004,shuffled_corrected,4.521303176879883,0.85198974609375,0.2649064064025879,dataset_3_keyframe_2,0.0
8,2.8285317420959473,4.53093957901001,3.992716665379703e-05,0.038250990211963654,26.35626792907715,shuffled_corrected,4.53093957901001,0.8457275629043579,0.26287755370140076,dataset_3_keyframe_2,0.0
9,2.7925009727478027,4.517014503479004,6.942749314475805e-05,0.038857270032167435,25.852859497070312,shuffled_corrected,4.517014503479004,0.8508667349815369,0.2656082212924957,dataset_3_keyframe_2,0.0
10,2.791428327560425,4.512890815734863,7.247925532283261e-05,0.038596853613853455,25.86223602294922,shuffled_corrected,4.512890815734863,0.843615710735321,0.26450973749160767,dataset_3_keyframe_2,0.0
11,2.8023149967193604,4.513062000274658,5.315145244821906e-05,0.038123831152915955,26.119935989379883,shuffled_corrected,4.513062000274658,0.838793933391571,0.2618304491043091,dataset_3_keyframe_2,0.0
12,2.7756059169769287,4.4973859786987305,6.0526534070959315e-05,0.03838755562901497,25.777950286865234,shuffled_corrected,4.4973859786987305,0.8410400748252869,0.26295706629753113,dataset_3_keyframe_2,0.0
13,2.7728068828582764,4.491143226623535,7.629395258845761e-05,0.038139089941978455,25.758033752441406,shuffled_corrected,4.491143226623535,0.8336548209190369,0.26142364740371704,dataset_3_keyframe_2,0.0
14,2.759249448776245,4.478482723236084,6.739298987668008e-05,0.03782298043370247,25.685100555419922,shuffled_corrected,4.478482723236084,0.8330444693565369,0.26039886474609375,dataset_3_keyframe_2,0.0
15,2.809501886367798,4.495025634765625,4.221598646836355e-05,0.037146762013435364,26.281347274780273,shuffled_corrected,4.495025634765625,0.8252197504043579,0.25661373138427734,dataset_3_keyframe_2,0.0
16,2.7577755451202393,4.467424392700195,8.036295912461355e-05,0.03756459802389145,25.672775268554688,shuffled_corrected,4.467424392700195,0.8227783441543579,0.2584110200405121,dataset_3_keyframe_2,0.0
17,2.778204917907715,4.472415924072266,4.2724612285383046e-05,0.03720550611615181,25.974828720092773,shuffled_corrected,4.472415924072266,0.8180786371231079,0.25597453117370605,dataset_3_keyframe_2,0.0
18,2.7220630645751953,4.442071914672852,6.612142169615254e-05,0.03704732283949852,25.482439041137695,shuffled_corrected,4.442071914672852,0.820751965045929,0.25608959794044495,dataset_3_keyframe_2,0.0
19,2.716822862625122,4.429689884185791,6.256104097701609e-05,0.03679708018898964,25.467477798461914,shuffled_corrected,4.429689884185791,0.8117431998252869,0.25393879413604736,dataset_3_keyframe_2,0.0
20,2.734400510787964,4.426765441894531,4.9082442274084315e-05,0.03667755424976349,25.580902099609375,shuffled_corrected,4.426765441894531,0.802416980266571,0.2522050738334656,dataset_3_keyframe_2,0.0
21,2.678004503250122,4.39102840423584,6.764729914721102e-05,0.03599802777171135,25.262914657592773,shuffled_corrected,4.39102840423584,0.7961181998252869,0.24976567924022675,dataset_3_keyframe_2,0.0
22,2.733243227005005,4.403494834899902,5.187988426769152e-05,0.035498812794685364,25.742067337036133,shuffled_corrected,4.403494834899902,0.7865844964981079,0.24616806209087372,dataset_3_keyframe_2,0.0
23,2.6645915508270264,4.362579345703125,5.620321098831482e-05,0.03531189262866974,25.178865432739258,shuffled_corrected,4.362579345703125,0.779956042766571,0.24557676911354065,dataset_3_keyframe_2,0.0
24,2.690904378890991,4.367529392242432,5.747477553086355e-05,0.035312652587890625,25.33434295654297,shuffled_corrected,4.367529392242432,0.774523913860321,0.2442951649427414,dataset_3_keyframe_2,0.0
25,2.6221113204956055,4.322751522064209,5.6711836805334315e-05,0.03451284021139145,24.94597625732422,shuffled_corrected,4.322751522064209,0.7652221918106079,0.2411082237958908,dataset_3_keyframe_2,0.0
26,2.601228713989258,4.302906513214111,5.340576535672881e-05,0.03403472900390625,24.84891128540039,shuffled_corrected,4.302906513214111,0.7602783441543579,0.23870401084423065,dataset_3_keyframe_2,0.0
27,2.66607928276062,4.3230390548706055,4.984538099961355e-05,0.034231822937726974,25.19977569580078,shuffled_corrected,4.3230390548706055,0.7567383050918579,0.23817677795886993,dataset_3_keyframe_2,0.0
28,2.5426065921783447,4.2595062255859375,5.467732989927754e-05,0.03313395380973816,24.549320220947266,shuffled_corrected,4.2595062255859375,0.747265636920929,0.23409317433834076,dataset_3_keyframe_2,0.0
29,2.5926027297973633,4.274905204772949,5.213419717620127e-05,0.03335927426815033,24.787418365478516,shuffled_corrected,4.274905204772949,0.7408691644668579,0.23395510017871857,dataset_3_keyframe_2,0.0
30,2.618929147720337,4.277629375457764,5.722046262235381e-05,0.03327331691980362,24.91840934753418,shuffled_corrected,4.277629375457764,0.7357544302940369,0.23250126838684082,dataset_3_keyframe_2,0.0
31,2.638314962387085,4.281759262084961,4.221598646836355e-05,0.03329010307788849,25.024911880493164,shuffled_corrected,4.281759262084961,0.735852062702179,0.23235976696014404,dataset_3_keyframe_2,0.0
32,2.5077128410339355,4.201544761657715,5.900065298192203e-05,0.032138317823410034,24.305023193359375,shuffled_corrected,4.201544761657715,0.721545398235321,0.22791193425655365,dataset_3_keyframe_2,0.0
33,2.6367504596710205,4.251814842224121,4.8573812819086015e-05,0.03231760859489441,25.161483764648438,shuffled_corrected,4.251814842224121,0.724255383014679,0.2270057201385498,dataset_3_keyframe_2,0.0
34,2.6138815879821777,4.211960792541504,4.577637082547881e-05,0.03147786483168602,25.00408363342285,shuffled_corrected,4.211960792541504,0.716870129108429,0.22356806695461273,dataset_3_keyframe_2,0.0
35,2.452497959136963,4.1024885177612305,5.849202716490254e-05,0.030110424384474754,23.910558700561523,shuffled_corrected,4.1024885177612305,0.7019287347793579,0.21910730004310608,dataset_3_keyframe_2,0.0
36,2.3644306659698486,4.044341087341309,6.332397606456652e-05,0.02942454256117344,23.406156539916992,shuffled_corrected,4.044341087341309,0.698474109172821,0.2161620408296585,dataset_3_keyframe_2,0.0
37,2.4425339698791504,4.066491603851318,4.781087409355678e-05,0.029428865760564804,23.805280685424805,shuffled_corrected,4.066491603851318,0.692700207233429,0.2155480831861496,dataset_3_keyframe_2,0.0
38,2.3422491550445557,4.003925323486328,6.357829261105508e-05,0.02872161939740181,23.232234954833984,shuffled_corrected,4.003925323486328,0.68975830078125,0.21322469413280487,dataset_3_keyframe_2,0.0
39,2.445570468902588,4.034755706787109,5.086263263365254e-05,0.0286636371165514,23.782917022705078,shuffled_corrected,4.034755706787109,0.6872802972793579,0.2120417207479477,dataset_3_keyframe_2,0.0
40,2.3921332359313965,3.993798017501831,5.4931642807787284e-05,0.028017427772283554,23.468095779418945,shuffled_corrected,3.993798017501831,0.681445300579071,0.20962472259998322,dataset_3_keyframe_2,0.0
41,2.5062084197998047,4.037627220153809,4.62849966424983e-05,0.02813568338751793,24.204605102539062,shuffled_corrected,4.037627220153809,0.68701171875,0.20925231277942657,dataset_3_keyframe_2,0.0
42,2.228405475616455,3.87996506690979,5.950927879894152e-05,0.027053579688072205,22.368249893188477,shuffled_corrected,3.87996506690979,0.6804565787315369,0.20585937798023224,dataset_3_keyframe_2,0.0
43,2.484312057495117,3.9980051517486572,4.831949991057627e-05,0.027477266266942024,24.04647445678711,shuffled_corrected,3.9980051517486572,0.6785644888877869,0.20553140342235565,dataset_3_keyframe_2,0.0
44,2.347362995147705,3.9132864475250244,5.620321098831482e-05,0.026501212269067764,23.155765533447266,shuffled_corrected,3.9132864475250244,0.66558837890625,0.20231226086616516,dataset_3_keyframe_2,0.0
45,2.422717332839966,3.938163995742798,5.696614971384406e-05,0.02663777768611908,23.553508758544922,shuffled_corrected,3.938163995742798,0.66754150390625,0.20203398168087006,dataset_3_keyframe_2,0.0
46,2.405881643295288,3.9183120727539062,5.467732989927754e-05,0.02629750780761242,23.450448989868164,shuffled_corrected,3.9183120727539062,0.663891613483429,0.20034269988536835,dataset_3_keyframe_2,0.0
47,2.2709648609161377,3.8424620628356934,6.027222116244957e-05,0.025498200207948685,22.710906982421875,shuffled_corrected,3.8424620628356934,0.65411376953125,0.1971670389175415,dataset_3_keyframe_2,0.0
48,2.4215731620788574,3.9067206382751465,4.679362245951779e-05,0.026095837354660034,23.538818359375,shuffled_corrected,3.9067206382751465,0.661694347858429,0.1986774504184723,dataset_3_keyframe_2,0.0
49,2.116507053375244,3.7344040870666504,6.20524151599966e-05,0.0250625628978014,21.49289321899414,shuffled_corrected,3.7344040870666504,0.661914050579071,0.19638732075691223,dataset_3_keyframe_2,0.0
50,2.1154580116271973,3.727195978164673,6.53584866086021e-05,0.024833934381604195,21.50314712524414,shuffled_corrected,3.727195978164673,0.6568970084190369,0.19482247531414032,dataset_3_keyframe_2,0.0
51,2.435781478881836,3.8970859050750732,4.24702993768733e-05,0.02557983621954918,23.79829978942871,shuffled_corrected,3.8970859050750732,0.6564575433731079,0.19463923573493958,dataset_3_keyframe_2,0.0
52,2.3348467350006104,3.834397792816162,5.264282663119957e-05,0.024989575147628784,23.01410484313965,shuffled_corrected,3.834397792816162,0.6496826410293579,0.19356738030910492,dataset_3_keyframe_2,0.0
53,2.0862808227539062,3.6949141025543213,6.688436405966058e-05,0.024604544043540955,21.236047744750977,shuffled_corrected,3.6949141025543213,0.6545776724815369,0.19373314082622528,dataset_3_keyframe_2,0.0
54,2.2072978019714355,3.754343271255493,6.230672443052754e-05,0.02423807978630066,22.271385192871094,shuffled_corrected,3.754343271255493,0.6392456293106079,0.1897497922182083,dataset_3_keyframe_2,0.0
55,2.278656005859375,3.7880361080169678,5.264282663119957e-05,0.02442067675292492,22.691490173339844,shuffled_corrected,3.7880361080169678,0.6411377191543579,0.18980270624160767,dataset_3_keyframe_2,0.0
56,2.2775986194610596,3.7862279415130615,4.831949991057627e-05,0.02435455471277237,22.685033798217773,shuffled_corrected,3.7862279415130615,0.638073742389679,0.1893632709980011,dataset_3_keyframe_2,0.0
57,2.203939914703369,3.7477126121520996,5.849202716490254e-05,0.02416890673339367,22.2457332611084,shuffled_corrected,3.7477126121520996,0.6317383050918579,0.1881399005651474,dataset_3_keyframe_2,0.0
58,2.067099094390869,3.6624951362609863,6.408691842807457e-05,0.024105073884129524,21.134471893310547,shuffled_corrected,3.6624951362609863,0.6368164420127869,0.18887130916118622,dataset_3_keyframe_2,0.0
59,2.355332612991333,3.813821792602539,4.450480264495127e-05,0.02480011060833931,23.11187744140625,shuffled_corrected,3.813821792602539,0.6316894888877869,0.18834273517131805,dataset_3_keyframe_2,0.0
60,2.059920072555542,3.632114887237549,5.213419717620127e-05,0.023478955030441284,21.146629333496094,shuffled_corrected,3.632114887237549,0.6208252310752869,0.18380892276763916,dataset_3_keyframe_2,0.0
61,2.2613236904144287,3.7352511882781982,5.2897139539709315e-05,0.02370859868824482,22.545974731445312,shuffled_corrected,3.7352511882781982,0.6119018793106079,0.18263739347457886,dataset_3_keyframe_2,0.0
62,2.3367254734039307,3.7599377632141113,4.3487551010912284e-05,0.023947399109601974,22.980871200561523,shuffled_corrected,3.7599377632141113,0.6136841177940369,0.1831016093492508,dataset_3_keyframe_2,0.0
63,1.941850185394287,3.514364004135132,5.620321098831482e-05,0.02229360118508339,20.280542373657227,shuffled_corrected,3.514364004135132,0.6002197265625,0.17706041038036346,dataset_3_keyframe_2,0.0
64,1.9616848230361938,3.508516311645508,5.442301699076779e-05,0.02210439182817936,20.338573455810547,shuffled_corrected,3.508516311645508,0.5941528677940369,0.17593707144260406,dataset_3_keyframe_2,0.0
65,1.9257495403289795,3.481478691101074,6.15437893429771e-05,0.021845245733857155,20.137725830078125,shuffled_corrected,3.481478691101074,0.5921630859375,0.1744232475757599,dataset_3_keyframe_2,0.0
66,2.329469919204712,3.7130672931671143,4.3487551010912284e-05,0.023072561249136925,23.060518264770508,shuffled_corrected,3.7130672931671143,0.598388671875,0.17642633616924286,dataset_3_keyframe_2,0.0
67,2.249924898147583,3.6452138423919678,5.060831972514279e-05,0.022487642243504524,22.36467170715332,shuffled_corrected,3.6452138423919678,0.582934558391571,0.17335514724254608,dataset_3_keyframe_2,0.0
68,2.030755043029785,3.4999101161956787,5.2897139539709315e-05,0.02118632197380066,20.94573211669922,shuffled_corrected,3.4999101161956787,0.5702881217002869,0.1680806279182434,dataset_3_keyframe_2,0.0
69,1.8312358856201172,3.364809513092041,4.679362245951779e-05,0.020362092182040215,19.506437301635742,shuffled_corrected,3.364809513092041,0.568774402141571,0.1654910296201706,dataset_3_keyframe_2,0.0
70,2.144871234893799,3.552185535430908,4.577637082547881e-05,0.02133077010512352,21.71856117248535,shuffled_corrected,3.552185535430908,0.5630859732627869,0.16666279733181,dataset_3_keyframe_2,0.0
71,1.83512282371521,3.3535749912261963,4.501342846197076e-05,0.02010701596736908,19.515308380126953,shuffled_corrected,3.3535749912261963,0.5591064691543579,0.16327857971191406,dataset_3_keyframe_2,0.0
72,2.059900999069214,3.4891786575317383,5.645752389682457e-05,0.020703380927443504,21.17531967163086,shuffled_corrected,3.4891786575317383,0.550537109375,0.16296184062957764,dataset_3_keyframe_2,0.0
73,2.2330727577209473,3.577204942703247,4.679362245951779e-05,0.02157898060977459,22.250349044799805,shuffled_corrected,3.577204942703247,0.557177722454071,0.16498927772045135,dataset_3_keyframe_2,0.0
74,1.8290033340454102,3.320402145385742,5.544026862480678e-05,0.01962534710764885,19.42395782470703,shuffled_corrected,3.320402145385742,0.537426769733429,0.15860532224178314,dataset_3_keyframe_2,0.0
75,1.9137167930603027,3.3647189140319824,5.137125845067203e-05,0.0198593158274889,20.023420333862305,shuffled_corrected,3.3647189140319824,0.5352417230606079,0.1579979509115219,dataset_3_keyframe_2,0.0
76,2.030071258544922,3.437246799468994,5.823771425639279e-05,0.020076753571629524,20.967294692993164,shuffled_corrected,3.437246799468994,0.532092273235321,0.15786400437355042,dataset_3_keyframe_2,0.0
77,2.097517728805542,3.4687092304229736,4.577637082547881e-05,0.02024943195283413,21.386425018310547,shuffled_corrected,3.4687092304229736,0.5306152701377869,0.15758906304836273,dataset_3_keyframe_2,0.0
78,2.132596492767334,3.479153633117676,4.933675518259406e-05,0.02032013051211834,21.582801818847656,shuffled_corrected,3.479153633117676,0.531750500202179,0.15782032907009125,dataset_3_keyframe_2,0.0
79,2.1250953674316406,3.4661128520965576,4.62849966424983e-05,0.02018127590417862,21.533519744873047,shuffled_corrected,3.4661128520965576,0.5276123285293579,0.15638303756713867,dataset_3_keyframe_2,0.0
80,2.0737693309783936,3.424494981765747,4.399617682793178e-05,0.01971282996237278,21.212167739868164,shuffled_corrected,3.424494981765747,0.520739734172821,0.153921976685524,dataset_3_keyframe_2,0.0
81,1.9915709495544434,3.3662490844726562,5.340576535672881e-05,0.01917826384305954,20.686281204223633,shuffled_corrected,3.3662490844726562,0.5145019888877869,0.15145114064216614,dataset_3_keyframe_2,0.0
82,1.8599547147750854,3.263479709625244,5.340576535672881e-05,0.01857605017721653,19.620962142944336,shuffled_corrected,3.263479709625244,0.5141968131065369,0.15000760555267334,dataset_3_keyframe_2,0.0
83,1.7603790760040283,3.191072940826416,4.959106809110381e-05,0.018018851056694984,18.90140724182129,shuffled_corrected,3.191072940826416,0.5079345703125,0.14806845784187317,dataset_3_keyframe_2,0.0
84,1.5665804147720337,3.061628818511963,5.086263263365254e-05,0.01707305945456028,17.640071868896484,shuffled_corrected,3.061628818511963,0.518115222454071,0.14550447463989258,dataset_3_keyframe_2,0.0
85,2.0929811000823975,3.3917458057403564,5.366007826523855e-05,0.01923319511115551,21.292875289916992,shuffled_corrected,3.3917458057403564,0.511608898639679,0.14989738166332245,dataset_3_keyframe_2,0.0
86,1.8213127851486206,3.2022392749786377,5.569458153331652e-05,0.017887625843286514,19.320131301879883,shuffled_corrected,3.2022392749786377,0.5024780631065369,0.1452747881412506,dataset_3_keyframe_2,0.0
87,1.565029501914978,3.034334659576416,4.577637082547881e-05,0.01660614088177681,17.642576217651367,shuffled_corrected,3.034334659576416,0.50225830078125,0.14168642461299896,dataset_3_keyframe_2,0.0
88,2.0249814987182617,3.3336081504821777,4.704793536802754e-05,0.018575796857476234,20.8619441986084,shuffled_corrected,3.3336081504821777,0.4985107481479645,0.14597371220588684,dataset_3_keyframe_2,0.0
89,1.6956182718276978,3.107703924179077,5.2897139539709315e-05,0.017083486542105675,18.465755462646484,shuffled_corrected,3.107703924179077,0.49476319551467896,0.14200280606746674,dataset_3_keyframe_2,0.0
90,2.1010687351226807,3.367450714111328,4.145304410485551e-05,0.01880086399614811,21.330541610717773,shuffled_corrected,3.367450714111328,0.501757800579071,0.14642445743083954,dataset_3_keyframe_2,0.0
91,1.7358601093292236,3.124133825302124,5.00996939081233e-05,0.017101287841796875,18.687725067138672,shuffled_corrected,3.124133825302124,0.48719483613967896,0.14142191410064697,dataset_3_keyframe_2,0.0
92,2.085073471069336,3.3495683670043945,5.264282663119957e-05,0.01866506040096283,21.219680786132812,shuffled_corrected,3.3495683670043945,0.4951171875,0.1447775661945343,dataset_3_keyframe_2,0.0
93,1.6109607219696045,3.0313689708709717,5.086263263365254e-05,0.01634674146771431,17.89785385131836,shuffled_corrected,3.0313689708709717,0.4839843809604645,0.13757754862308502,dataset_3_keyframe_2,0.0
94,1.954018235206604,3.2668237686157227,4.984538099961355e-05,0.01777954213321209,20.416574478149414,shuffled_corrected,3.2668237686157227,0.4801879823207855,0.14045371115207672,dataset_3_keyframe_2,0.0
95,1.4749988317489624,2.9370439052581787,4.5267745008459315e-05,0.015762584283947945,16.900306701660156,shuffled_corrected,2.9370439052581787,0.48444825410842896,0.1362893432378769,dataset_3_keyframe_2,0.0
96,1.7410558462142944,3.101273775100708,5.060831972514279e-05,0.01669260673224926,18.716325759887695,shuffled_corrected,3.101273775100708,0.47210693359375,0.13718605041503906,dataset_3_keyframe_2,0.0
97,1.980787992477417,3.2656896114349365,4.882812936557457e-05,0.01772918738424778,20.553598403930664,shuffled_corrected,3.2656896114349365,0.47193604707717896,0.138863667845726,dataset_3_keyframe_2,0.0
98,1.4317065477371216,2.8876359462738037,6.58671124256216e-05,0.015181224793195724,16.620288848876953,shuffled_corrected,2.8876359462738037,0.4722656309604645,0.13209597766399384,dataset_3_keyframe_2,0.0
99,1.581220030784607,2.976297616958618,5.086263263365254e-05,0.015635935589671135,17.679521560668945,shuffled_corrected,2.976297616958618,0.4617553651332855,0.13165804743766785,dataset_3_keyframe_2,0.0
100,1.7660119533538818,3.0915474891662598,5.213419717620127e-05,0.01631622388958931,18.951732635498047,shuffled_corrected,3.0915474891662598,0.4579711854457855,0.1328231245279312,dataset_3_keyframe_2,0.0
101,1.982996940612793,3.237255096435547,5.900065298192203e-05,0.01728108897805214,20.576766967773438,shuffled_corrected,3.237255096435547,0.455810546875,0.13434480130672455,dataset_3_keyframe_2,0.0
102,2.0987212657928467,3.3105931282043457,4.9082442274084315e-05,0.01770884357392788,21.538394927978516,shuffled_corrected,3.3105931282043457,0.46826171875,0.13573338091373444,dataset_3_keyframe_2,0.0
103,1.4323502779006958,2.847599744796753,4.577637082547881e-05,0.01456858403980732,16.563188552856445,shuffled_corrected,2.847599744796753,0.444091796875,0.12637531757354736,dataset_3_keyframe_2,0.0
104,1.517390489578247,2.9007985591888428,5.162557135918178e-05,0.014778138138353825,17.241371154785156,shuffled_corrected,2.9007985591888428,0.4390869140625,0.1253979504108429,dataset_3_keyframe_2,0.0
105,1.659542202949524,2.9885294437408447,4.5267745008459315e-05,0.015373993664979935,18.1481990814209,shuffled_corrected,2.9885294437408447,0.4347290098667145,0.12698249518871307,dataset_3_keyframe_2,0.0
106,1.7071630954742432,3.0102663040161133,4.806518700206652e-05,0.015481567941606045,18.49770164489746,shuffled_corrected,3.0102663040161133,0.43433839082717896,0.12650559842586517,dataset_3_keyframe_2,0.0
107,1.7686833143234253,3.0544707775115967,5.264282663119957e-05,0.015677135437726974,19.03655433654785,shuffled_corrected,3.0544707775115967,0.43255615234375,0.12616217136383057,dataset_3_keyframe_2,0.0
108,1.8505380153656006,3.11376953125,5.6711836805334315e-05,0.01601816900074482,19.70046043395996,shuffled_corrected,3.11376953125,0.428466796875,0.1262618899345398,dataset_3_keyframe_2,0.0
109,1.892609715461731,3.133798599243164,5.467732989927754e-05,0.01605173759162426,19.966876983642578,shuffled_corrected,3.133798599243164,0.4232544004917145,0.12540581822395325,dataset_3_keyframe_2,0.0
110,1.9122065305709839,3.138239860534668,5.00996939081233e-05,0.016072846949100494,20.118305206298828,shuffled_corrected,3.138239860534668,0.42570802569389343,0.1255594938993454,dataset_3_keyframe_2,0.0
111,1.9214415550231934,3.1392102241516113,4.9082442274084315e-05,0.01605529896914959,20.177453994750977,shuffled_corrected,3.1392102241516113,0.42572021484375,0.12525658309459686,dataset_3_keyframe_2,0.0
112,1.9045296907424927,3.1244421005249023,5.696614971384406e-05,0.015860749408602715,20.066110610961914,shuffled_corrected,3.1244421005249023,0.4226440489292145,0.12415412813425064,dataset_3_keyframe_2,0.0
113,1.8788549900054932,3.107846975326538,4.882812936557457e-05,0.01575419120490551,19.87129020690918,shuffled_corrected,3.107846975326538,0.41639405488967896,0.12300989776849747,dataset_3_keyframe_2,0.0
114,1.825607419013977,3.06900691986084,5.594889444182627e-05,0.01539230439811945,19.537729263305664,shuffled_corrected,3.06900691986084,0.4115234315395355,0.12154521048069,dataset_3_keyframe_2,0.0
115,1.731235384941101,2.9899163246154785,5.137125845067203e-05,0.014839427545666695,18.794551849365234,shuffled_corrected,2.9899163246154785,0.40728759765625,0.11954591423273087,dataset_3_keyframe_2,0.0
116,1.656086802482605,2.9214673042297363,4.984538099961355e-05,0.01430893037468195,18.15753173828125,shuffled_corrected,2.9214673042297363,0.4021240174770355,0.11770470440387726,dataset_3_keyframe_2,0.0
117,1.5929023027420044,2.8706088066101074,5.366007826523855e-05,0.013864644803106785,17.689170837402344,shuffled_corrected,2.8706088066101074,0.392578125,0.11543643474578857,dataset_3_keyframe_2,0.0
118,1.4392757415771484,2.7547454833984375,4.806518700206652e-05,0.013056437484920025,16.658464431762695,shuffled_corrected,2.7547454833984375,0.3901123106479645,0.11183519661426544,dataset_3_keyframe_2,0.0
119,1.3461064100265503,2.6839075088500977,4.62849966424983e-05,0.012499745935201645,15.898653984069824,shuffled_corrected,2.6839075088500977,0.38817140460014343,0.11089754104614258,dataset_3_keyframe_2,0.0
120,1.2703156471252441,2.6350138187408447,4.933675518259406e-05,0.012069194577634335,15.276676177978516,shuffled_corrected,2.6350138187408447,0.3836914002895355,0.11103184521198273,dataset_3_keyframe_2,0.0
121,2.002657175064087,3.1450283527374268,4.577637082547881e-05,0.01559931505471468,20.940462112426758,shuffled_corrected,3.1450283527374268,0.41588136553764343,0.1192159429192543,dataset_3_keyframe_2,0.0
122,1.8814260959625244,3.057924747467041,5.6711836805334315e-05,0.01491063553839922,19.926380157470703,shuffled_corrected,3.057924747467041,0.4029541015625,0.11701376736164093,dataset_3_keyframe_2,0.0
123,1.6542267799377441,2.887152671813965,5.467732989927754e-05,0.013824209570884705,18.172529220581055,shuffled_corrected,2.887152671813965,0.3937744200229645,0.11350741237401962,dataset_3_keyframe_2,0.0
124,1.45760178565979,2.7453205585479736,4.806518700206652e-05,0.01284688338637352,16.74838638305664,shuffled_corrected,2.7453205585479736,0.38557130098342896,0.10993807762861252,dataset_3_keyframe_2,0.0
125,1.3078899383544922,2.637749195098877,4.959106809110381e-05,0.01208826806396246,15.56696605682373,shuffled_corrected,2.637749195098877,0.377197265625,0.10847516357898712,dataset_3_keyframe_2,0.0
126,1.1777913570404053,2.549499988555908,4.374186391942203e-05,0.011596172116696835,14.551363945007324,shuffled_corrected,2.549499988555908,0.3911987245082855,0.1100887581706047,dataset_3_keyframe_2,0.0
127,1.8392913341522217,3.0162010192871094,5.39143911737483e-05,0.014510092325508595,19.629344940185547,shuffled_corrected,3.0162010192871094,0.39459228515625,0.11424229294061661,dataset_3_keyframe_2,0.0
0,2.9532365798950195,4.73926305770874,7.019043550826609e-05,0.04328511655330658,27.139156341552734,prev_current,4.73926305770874,0.91796875,0.2827789783477783,dataset_3_keyframe_2,0.0
1,2.932263135910034,4.784224033355713,4.196167355985381e-05,0.04241231456398964,27.0069522857666,prev_current,4.784224033355713,0.9142090082168579,0.27087798714637756,dataset_3_keyframe_2,4.739261150360107
2,2.8991806507110596,4.720265865325928,4.043579247081652e-05,0.041647087782621384,26.814884185791016,prev_current,4.720265865325928,0.911730945110321,0.2694009244441986,dataset_3_keyframe_2,4.78422212600708
3,2.8601043224334717,4.667349338531494,4.933675518259406e-05,0.04043121635913849,26.526763916015625,prev_current,4.667349338531494,0.90533447265625,0.2650037705898285,dataset_3_keyframe_2,4.720264434814453
4,2.8211848735809326,4.61078405380249,4.7302248276537284e-05,0.039354197680950165,26.184337615966797,prev_current,4.61078405380249,0.8998169302940369,0.26156383752822876,dataset_3_keyframe_2,4.667347431182861
5,2.7836620807647705,4.5558857917785645,4.7302248276537284e-05,0.03829549252986908,25.87284278869629,prev_current,4.5558857917785645,0.895129382610321,0.25787898898124695,dataset_3_keyframe_2,4.610782623291016
6,2.7752468585968018,4.545506477355957,4.831949991057627e-05,0.03813629224896431,25.819814682006836,prev_current,4.545506477355957,0.893481433391571,0.2568794786930084,dataset_3_keyframe_2,4.55588436126709
7,2.772722005844116,4.54049825668335,4.399617682793178e-05,0.03793945536017418,25.795618057250977,prev_current,4.54049825668335,0.8927856683731079,0.2565832734107971,dataset_3_keyframe_2,4.545504570007324
8,2.7703843116760254,4.538289546966553,4.399617682793178e-05,0.037901055067777634,25.784894943237305,prev_current,4.538289546966553,0.890637218952179,0.25606638193130493,dataset_3_keyframe_2,4.540496349334717
9,2.7670156955718994,4.535929203033447,4.7302248276537284e-05,0.03789469599723816,25.766305923461914,prev_current,4.535929203033447,0.888293445110321,0.255974143743515,dataset_3_keyframe_2,4.538288116455078
10,2.759464740753174,4.528353691101074,5.1116945542162284e-05,0.03774872049689293,25.72892189025879,prev_current,4.528353691101074,0.885791003704071,0.25492438673973083,dataset_3_keyframe_2,4.535927772521973
11,2.754345417022705,4.522186756134033,5.137125845067203e-05,0.037551626563072205,25.706384658813477,prev_current,4.522186756134033,0.883349597454071,0.2542428970336914,dataset_3_keyframe_2,4.528351783752441
12,2.747112512588501,4.5152459144592285,5.264282663119957e-05,0.03739166632294655,25.66843605041504,prev_current,4.5152459144592285,0.881787121295929,0.25337472558021545,dataset_3_keyframe_2,4.5221848487854
13,2.7384049892425537,4.505162239074707,6.001790825393982e-05,0.03718821331858635,25.60542869567871,prev_current,4.505162239074707,0.876879870891571,0.2521192729473114,dataset_3_keyframe_2,4.515244007110596
14,2.728726863861084,4.4931793212890625,5.39143911737483e-05,0.036889396607875824,25.545156478881836,prev_current,4.4931793212890625,0.8747925162315369,0.2513575255870819,dataset_3_keyframe_2,4.505160808563232
15,2.7187256813049316,4.482832908630371,5.747477553086355e-05,0.036648306995630264,25.493789672851562,prev_current,4.482832908630371,0.871630847454071,0.2499416321516037,dataset_3_keyframe_2,4.49317741394043
16,2.713047981262207,4.476171016693115,5.518595571629703e-05,0.03650716319680214,25.454172134399414,prev_current,4.476171016693115,0.8685058951377869,0.2492476999759674,dataset_3_keyframe_2,4.4828314781188965
17,2.7027294635772705,4.466732025146484,4.704793536802754e-05,0.036452993750572205,25.4041748046875,prev_current,4.466732025146484,0.8651123046875,0.24841323494911194,dataset_3_keyframe_2,4.476169109344482
18,2.6937263011932373,4.457139492034912,5.4168704082258046e-05,0.03618469461798668,25.353883743286133,prev_current,4.457139492034912,0.861889660358429,0.24756620824337006,dataset_3_keyframe_2,4.466730117797852
19,2.6787683963775635,4.441876411437988,5.137125845067203e-05,0.03576965630054474,25.270538330078125,prev_current,4.441876411437988,0.85638427734375,0.24561862647533417,dataset_3_keyframe_2,4.457137107849121
20,2.6577470302581787,4.4212493896484375,5.340576535672881e-05,0.035377249121665955,25.165912628173828,prev_current,4.4212493896484375,0.8492431640625,0.2435717135667801,dataset_3_keyframe_2,4.4418745040893555
21,2.63915753364563,4.4040679931640625,6.510417006211355e-05,0.035183973610401154,25.06434440612793,prev_current,4.4040679931640625,0.8423706293106079,0.2416527271270752,dataset_3_keyframe_2,4.421247482299805
22,2.6126551628112793,4.375466346740723,6.53584866086021e-05,0.03443858027458191,24.92002296447754,prev_current,4.375466346740723,0.833081066608429,0.2384328842163086,dataset_3_keyframe_2,4.40406608581543
23,2.597654342651367,4.3610758781433105,6.230672443052754e-05,0.03420766443014145,24.8460636138916,prev_current,4.3610758781433105,0.8285278677940369,0.23713968694210052,dataset_3_keyframe_2,4.37546443939209
24,2.5813100337982178,4.345094680786133,6.408691842807457e-05,0.033858492970466614,24.770952224731445,prev_current,4.345094680786133,0.822558581829071,0.2353781908750534,dataset_3_keyframe_2,4.361073970794678
25,2.558455467224121,4.321499347686768,5.950927879894152e-05,0.033501435071229935,24.618900299072266,prev_current,4.321499347686768,0.8142944574356079,0.23303857445716858,dataset_3_keyframe_2,4.3450927734375
26,2.538853645324707,4.30006217956543,6.103515625e-05,0.03294118493795395,24.52115821838379,prev_current,4.30006217956543,0.808239758014679,0.23055481910705566,dataset_3_keyframe_2,4.321496963500977
27,2.5228428840637207,4.2829813957214355,5.620321098831482e-05,0.032598115503787994,24.436861038208008,prev_current,4.2829813957214355,0.8030151724815369,0.22877036035060883,dataset_3_keyframe_2,4.300060272216797
28,2.5057761669158936,4.265253067016602,5.9763595345430076e-05,0.03221791610121727,24.337636947631836,prev_current,4.265253067016602,0.795178234577179,0.226491317152977,dataset_3_keyframe_2,4.2829790115356445
29,2.492154121398926,4.251622676849365,6.306966679403558e-05,0.031916048377752304,24.277324676513672,prev_current,4.251622676849365,0.7916504144668579,0.22541801631450653,dataset_3_keyframe_2,4.2652506828308105
30,2.4773342609405518,4.2347540855407715,6.434122769860551e-05,0.031665802001953125,24.193824768066406,prev_current,4.2347540855407715,0.785266101360321,0.2233552485704422,dataset_3_keyframe_2,4.251620292663574
31,2.462916612625122,4.223104000091553,6.891886732773855e-05,0.031507622450590134,24.108591079711914,prev_current,4.223104000091553,0.78143310546875,0.22298796474933624,dataset_3_keyframe_2,4.2347517013549805
32,2.4297213554382324,4.185692310333252,6.739298987668008e-05,0.03087565302848816,23.887361526489258,prev_current,4.185692310333252,0.7723755240440369,0.2200443297624588,dataset_3_keyframe_2,4.223101615905762
33,2.4115281105041504,4.162818431854248,6.256104097701609e-05,0.03047027811408043,23.751537322998047,prev_current,4.162818431854248,0.769274890422821,0.2186579555273056,dataset_3_keyframe_2,4.185689926147461
34,2.374662399291992,4.115818977355957,6.561279587913305e-05,0.029804231598973274,23.469924926757812,prev_current,4.115818977355957,0.761962890625,0.21561299264431,dataset_3_keyframe_2,4.162816047668457
35,2.335122585296631,4.065958499908447,5.925496589043178e-05,0.02886861376464367,23.19097137451172,prev_current,4.065958499908447,0.753552258014679,0.2121446579694748,dataset_3_keyframe_2,4.115816593170166
36,2.3099749088287354,4.035190105438232,7.629395258845761e-05,0.02843272127211094,23.02246856689453,prev_current,4.035190105438232,0.7486572265625,0.20939360558986664,dataset_3_keyframe_2,4.065955638885498
37,2.290073871612549,4.009781360626221,6.91731838742271e-05,0.02798462100327015,22.87490463256836,prev_current,4.009781360626221,0.7459961175918579,0.20823581516742706,dataset_3_keyframe_2,4.035187721252441
38,2.271739959716797,3.9866442680358887,6.790161569369957e-05,0.0277175921946764,22.734725952148438,prev_current,3.9866442680358887,0.7427002191543579,0.20706668496131897,dataset_3_keyframe_2,4.00977897644043
39,2.2491650581359863,3.957090377807617,7.476806786144152e-05,0.027133435010910034,22.564123153686523,prev_current,3.957090377807617,0.73773193359375,0.20473003387451172,dataset_3_keyframe_2,3.9866421222686768
40,2.2303173542022705,3.9310317039489746,6.637573824264109e-05,0.026852164417505264,22.407732009887695,prev_current,3.9310317039489746,0.7345825433731079,0.20323286950588226,dataset_3_keyframe_2,3.957087993621826
41,2.210737705230713,3.905012607574463,6.027222116244957e-05,0.0263951625674963,22.273454666137695,prev_current,3.905012607574463,0.730712890625,0.2015790045261383,dataset_3_keyframe_2,3.9310295581817627
42,2.1900885105133057,3.8776941299438477,5.77290884393733e-05,0.026029206812381744,22.106660842895508,prev_current,3.8776941299438477,0.7257934808731079,0.19957907497882843,dataset_3_keyframe_2,3.9050099849700928
43,2.1731009483337402,3.8534557819366455,6.612142169615254e-05,0.025677746161818504,21.974733352661133,prev_current,3.8534557819366455,0.722546398639679,0.19811700284481049,dataset_3_keyframe_2,3.8776917457580566
44,2.1539361476898193,3.828979969024658,6.357829261105508e-05,0.025300344452261925,21.83159065246582,prev_current,3.828979969024658,0.719372570514679,0.19660256803035736,dataset_3_keyframe_2,3.8534533977508545
45,2.137485980987549,3.8068594932556152,6.408691842807457e-05,0.025002798065543175,21.706287384033203,prev_current,3.8068594932556152,0.7154785394668579,0.19487391412258148,dataset_3_keyframe_2,3.828977584838867
46,2.1226298809051514,3.786118984222412,6.612142169615254e-05,0.02464498020708561,21.599193572998047,prev_current,3.786118984222412,0.7121216058731079,0.19328875839710236,dataset_3_keyframe_2,3.806857109069824
47,2.109673500061035,3.768836736679077,5.1116945542162284e-05,0.02448018454015255,21.496841430664062,prev_current,3.768836736679077,0.710693359375,0.1923770010471344,dataset_3_keyframe_2,3.786116600036621
48,2.09688138961792,3.750443696975708,5.900065298192203e-05,0.024246979504823685,21.391239166259766,prev_current,3.750443696975708,0.7082153558731079,0.1913347691297531,dataset_3_keyframe_2,3.768834352493286
49,2.0844886302948,3.733506917953491,6.230672443052754e-05,0.02401682734489441,21.29701805114746,prev_current,3.733506917953491,0.704968273639679,0.1899712085723877,dataset_3_keyframe_2,3.750441312789917
50,2.0747737884521484,3.7193827629089355,5.849202716490254e-05,0.023792268708348274,21.220121383666992,prev_current,3.7193827629089355,0.70306396484375,0.18876972794532776,dataset_3_keyframe_2,3.7335045337677
51,2.0652782917022705,3.7054789066314697,5.6711836805334315e-05,0.02360890805721283,21.147705078125,prev_current,3.7054789066314697,0.7004761099815369,0.18781648576259613,dataset_3_keyframe_2,3.7193801403045654
52,2.0611302852630615,3.700735569000244,6.0526534070959315e-05,0.023484548553824425,21.116939544677734,prev_current,3.700735569000244,0.700024425983429,0.18756268918514252,dataset_3_keyframe_2,3.7054762840270996
53,2.053621768951416,3.6910746097564697,5.7983401347883046e-05,0.023407237604260445,21.062744140625,prev_current,3.6910746097564697,0.698803722858429,0.1870007961988449,dataset_3_keyframe_2,3.700733184814453
54,2.0417563915252686,3.6739964485168457,6.230672443052754e-05,0.023168183863162994,20.966459274291992,prev_current,3.6739964485168457,0.6952270865440369,0.18541209399700165,dataset_3_keyframe_2,3.6910719871520996
55,2.037327766418457,3.6662724018096924,5.4168704082258046e-05,0.023060355335474014,20.93327522277832,prev_current,3.6662724018096924,0.6949219107627869,0.18478810787200928,dataset_3_keyframe_2,3.6739938259124756
56,2.0307371616363525,3.6605892181396484,5.900065298192203e-05,0.02296346239745617,20.908096313476562,prev_current,3.6605892181396484,0.6916870474815369,0.1841563731431961,dataset_3_keyframe_2,3.666269540786743
57,2.0251832008361816,3.6579246520996094,6.230672443052754e-05,0.022961681708693504,20.8922119140625,prev_current,3.6579246520996094,0.6875244379043579,0.1837063580751419,dataset_3_keyframe_2,3.660586357116699
58,2.0192348957061768,3.6509060859680176,6.0526534070959315e-05,0.0228195209056139,20.856597900390625,prev_current,3.6509060859680176,0.685534656047821,0.18271060287952423,dataset_3_keyframe_2,3.65792179107666
59,1.9999146461486816,3.628798246383667,5.849202716490254e-05,0.02257741428911686,20.733598709106445,prev_current,3.628798246383667,0.6793579459190369,0.18111924827098846,dataset_3_keyframe_2,3.6509029865264893
60,1.9730454683303833,3.5998122692108154,6.332397606456652e-05,0.02227681502699852,20.552955627441406,prev_current,3.5998122692108154,0.671130359172821,0.178907111287117,dataset_3_keyframe_2,3.6287951469421387
61,1.9441801309585571,3.5680267810821533,7.044474477879703e-05,0.021877290681004524,20.370655059814453,prev_current,3.5680267810821533,0.663073718547821,0.17651203274726868,dataset_3_keyframe_2,3.599809169769287
62,1.9159764051437378,3.537055730819702,6.841024151071906e-05,0.021452078595757484,20.18504524230957,prev_current,3.537055730819702,0.6562134027481079,0.17482541501522064,dataset_3_keyframe_2,3.568024158477783
63,1.8865299224853516,3.4995341300964355,6.58671124256216e-05,0.0210851039737463,19.97509765625,prev_current,3.4995341300964355,0.648815929889679,0.17199622094631195,dataset_3_keyframe_2,3.537052869796753
64,1.863990068435669,3.4708938598632812,8.06172756711021e-05,0.02076365239918232,19.795839309692383,prev_current,3.4708938598632812,0.64508056640625,0.17056918144226074,dataset_3_keyframe_2,3.4995312690734863
65,1.8504143953323364,3.4548370838165283,7.095337059581652e-05,0.02054952085018158,19.723752975463867,prev_current,3.4548370838165283,0.642041027545929,0.16919389367103577,dataset_3_keyframe_2,3.470891237258911
66,1.83476722240448,3.4346275329589844,7.629395258845761e-05,0.02032572589814663,19.59616470336914,prev_current,3.4346275329589844,0.637707531452179,0.1677751988172531,dataset_3_keyframe_2,3.454834222793579
67,1.8043992519378662,3.3978168964385986,6.713867333019152e-05,0.019812267273664474,19.385343551635742,prev_current,3.3978168964385986,0.62835693359375,0.16529563069343567,dataset_3_keyframe_2,3.4346249103546143
68,1.7750016450881958,3.3615009784698486,7.400513277389109e-05,0.019458262249827385,19.17788314819336,prev_current,3.3615009784698486,0.6214599609375,0.16280288994312286,dataset_3_keyframe_2,3.3978142738342285
69,1.7540231943130493,3.3365464210510254,5.849202716490254e-05,0.019174449145793915,19.04128646850586,prev_current,3.3365464210510254,0.6159301996231079,0.16098611056804657,dataset_3_keyframe_2,3.3614983558654785
70,1.7418092489242554,3.3218891620635986,6.866455078125e-05,0.01903076283633709,18.960010528564453,prev_current,3.3218891620635986,0.612133800983429,0.15971985459327698,dataset_3_keyframe_2,3.3365440368652344
71,1.7277178764343262,3.305283308029175,6.713867333019152e-05,0.018876394256949425,18.868743896484375,prev_current,3.305283308029175,0.607556164264679,0.15828315913677216,dataset_3_keyframe_2,3.3218867778778076
72,1.7127313613891602,3.287696361541748,7.120768714230508e-05,0.018636323511600494,18.765214920043945,prev_current,3.287696361541748,0.601574718952179,0.15672138333320618,dataset_3_keyframe_2,3.3052804470062256
73,1.6932618618011475,3.2669496536254883,6.561279587913305e-05,0.018316905945539474,18.653154373168945,prev_current,3.2669496536254883,0.595349133014679,0.15501368045806885,dataset_3_keyframe_2,3.287693738937378
74,1.6715576648712158,3.240149974822998,6.815592496423051e-05,0.0180130023509264,18.507823944091797,prev_current,3.240149974822998,0.588610827922821,0.15294304490089417,dataset_3_keyframe_2,3.266947031021118
75,1.6596903800964355,3.226106882095337,5.925496589043178e-05,0.01796569861471653,18.4206600189209,prev_current,3.226106882095337,0.5849365592002869,0.15199635922908783,dataset_3_keyframe_2,3.240147352218628
76,1.6450966596603394,3.2090327739715576,5.925496589043178e-05,0.01770273968577385,18.326236724853516,prev_current,3.2090327739715576,0.5821533203125,0.150798037648201,dataset_3_keyframe_2,3.226104259490967
77,1.6321009397506714,3.190864324569702,6.306966679403558e-05,0.017493948340415955,18.22327423095703,prev_current,3.190864324569702,0.5776611566543579,0.14954829216003418,dataset_3_keyframe_2,3.2090299129486084
78,1.6205048561096191,3.1755316257476807,6.230672443052754e-05,0.01741180568933487,18.122072219848633,prev_current,3.1755316257476807,0.5755371451377869,0.1491130292415619,dataset_3_keyframe_2,3.190861701965332
79,1.606459617614746,3.1569201946258545,4.882812936557457e-05,0.01716512069106102,18.0137996673584,prev_current,3.1569201946258545,0.57110595703125,0.14765845239162445,dataset_3_keyframe_2,3.1755292415618896
80,1.590070366859436,3.132276773452759,5.9763595345430076e-05,0.01697693020105362,17.868192672729492,prev_current,3.132276773452759,0.567761242389679,0.14616401493549347,dataset_3_keyframe_2,3.1569175720214844
81,1.5739116668701172,3.1101646423339844,5.340576535672881e-05,0.01672312431037426,17.75506019592285,prev_current,3.1101646423339844,0.5639404654502869,0.14473475515842438,dataset_3_keyframe_2,3.1322739124298096
82,1.5618418455123901,3.0926294326782227,5.620321098831482e-05,0.016517894342541695,17.65105628967285,prev_current,3.0926294326782227,0.56207275390625,0.14392755925655365,dataset_3_keyframe_2,3.1101620197296143
83,1.548902988433838,3.0737857818603516,5.518595571629703e-05,0.01636098325252533,17.5433406829834,prev_current,3.0737857818603516,0.559094250202179,0.14280663430690765,dataset_3_keyframe_2,3.0926270484924316
84,1.5382258892059326,3.0566728115081787,5.9763595345430076e-05,0.016261545941233635,17.44786262512207,prev_current,3.0566728115081787,0.5560302734375,0.14144819974899292,dataset_3_keyframe_2,3.0737833976745605
85,1.5286798477172852,3.0441880226135254,4.959106809110381e-05,0.0160954799503088,17.382503509521484,prev_current,3.0441880226135254,0.553845226764679,0.1408207267522812,dataset_3_keyframe_2,3.0566697120666504
86,1.5137499570846558,3.02345609664917,6.357829261105508e-05,0.01589355617761612,17.252979278564453,prev_current,3.02345609664917,0.5498413443565369,0.139321431517601,dataset_3_keyframe_2,3.0441854000091553
87,1.5030969381332397,3.008885622024536,5.2897139539709315e-05,0.015767162665724754,17.178861618041992,prev_current,3.008885622024536,0.5472046136856079,0.13874071836471558,dataset_3_keyframe_2,3.0234534740448
88,1.4965345859527588,3.001237392425537,5.213419717620127e-05,0.015663402155041695,17.122549057006836,prev_current,3.001237392425537,0.544238269329071,0.1380617916584015,dataset_3_keyframe_2,3.008883237838745
89,1.4900994300842285,2.992037296295166,5.187988426769152e-05,0.015601095743477345,17.07529640197754,prev_current,2.992037296295166,0.543212890625,0.13746055960655212,dataset_3_keyframe_2,3.001234769821167
90,1.4815837144851685,2.9804365634918213,5.1116945542162284e-05,0.015466309152543545,17.018524169921875,prev_current,2.9804365634918213,0.540112316608429,0.13635526597499847,dataset_3_keyframe_2,2.992034435272217
91,1.4749996662139893,2.972410202026367,5.6711836805334315e-05,0.0154215507209301,16.95745849609375,prev_current,2.972410202026367,0.5378784537315369,0.13601712882518768,dataset_3_keyframe_2,2.9804341793060303
92,1.4650006294250488,2.958710193634033,5.823771425639279e-05,0.01522623747587204,16.885061264038086,prev_current,2.958710193634033,0.534130871295929,0.1349407583475113,dataset_3_keyframe_2,2.972407341003418
93,1.4557750225067139,2.9465372562408447,5.823771425639279e-05,0.015091706067323685,16.819490432739258,prev_current,2.9465372562408447,0.5306763052940369,0.13389833271503448,dataset_3_keyframe_2,2.958707571029663
94,1.448283076286316,2.9369618892669678,5.722046262235381e-05,0.014984386041760445,16.76688003540039,prev_current,2.9369618892669678,0.52850341796875,0.1330849975347519,dataset_3_keyframe_2,2.9465346336364746
95,1.4383941888809204,2.925647497177124,5.340576535672881e-05,0.01486002653837204,16.689382553100586,prev_current,2.925647497177124,0.525097668170929,0.13244538009166718,dataset_3_keyframe_2,2.9369590282440186
96,1.4293513298034668,2.913980722427368,4.933675518259406e-05,0.014769745990633965,16.64365577697754,prev_current,2.913980722427368,0.5213379263877869,0.13122396171092987,dataset_3_keyframe_2,2.925645112991333
97,1.4174315929412842,2.9008290767669678,5.9763595345430076e-05,0.014657084830105305,16.543180465698242,prev_current,2.9008290767669678,0.517102062702179,0.13058581948280334,dataset_3_keyframe_2,2.913977861404419
98,1.4010298252105713,2.8794736862182617,5.696614971384406e-05,0.014412689954042435,16.43960952758789,prev_current,2.8794736862182617,0.510876476764679,0.1285548061132431,dataset_3_keyframe_2,2.9008264541625977
99,1.3928362131118774,2.866913080215454,5.366007826523855e-05,0.01430994737893343,16.37312889099121,prev_current,2.866913080215454,0.5087036490440369,0.1279381960630417,dataset_3_keyframe_2,2.8794708251953125
100,1.3787049055099487,2.8493459224700928,6.281535024754703e-05,0.014108022674918175,16.253276824951172,prev_current,2.8493459224700928,0.5036255121231079,0.12704959511756897,dataset_3_keyframe_2,2.866910219192505
101,1.3614352941513062,2.8290536403656006,5.747477553086355e-05,0.013871002942323685,16.142507553100586,prev_current,2.8290536403656006,0.4974609315395355,0.12513236701488495,dataset_3_keyframe_2,2.8493430614471436
102,1.3561478853225708,2.8221752643585205,5.696614971384406e-05,0.013801575638353825,16.111316680908203,prev_current,2.8221752643585205,0.49616700410842896,0.12448828667402267,dataset_3_keyframe_2,2.8290510177612305
103,1.3395626544952393,2.799100875854492,4.9082442274084315e-05,0.013658905401825905,15.971269607543945,prev_current,2.799100875854492,0.49077150225639343,0.12339543551206589,dataset_3_keyframe_2,2.8221726417541504
104,1.3286794424057007,2.786068916320801,6.103515625e-05,0.013512675650417805,15.896900177001953,prev_current,2.786068916320801,0.48704835772514343,0.12232928723096848,dataset_3_keyframe_2,2.799098253250122
105,1.3160698413848877,2.7704310417175293,6.128947279648855e-05,0.013313802890479565,15.8217191696167,prev_current,2.7704310417175293,0.4839233458042145,0.12125997990369797,dataset_3_keyframe_2,2.7860662937164307
106,1.3034907579421997,2.752761125564575,5.722046262235381e-05,0.01311314944177866,15.721961975097656,prev_current,2.752761125564575,0.4800048768520355,0.12014656513929367,dataset_3_keyframe_2,2.770428419113159
107,1.2936394214630127,2.740978956222534,5.900065298192203e-05,0.013041432946920395,15.647692680358887,prev_current,2.740978956222534,0.47712403535842896,0.11931613832712173,dataset_3_keyframe_2,2.752758502960205
108,1.2816534042358398,2.726992607116699,5.620321098831482e-05,0.012893931940197945,15.56066608428955,prev_current,2.726992607116699,0.47272950410842896,0.11850098520517349,dataset_3_keyframe_2,2.740976333618164
109,1.266778826713562,2.706507682800293,6.0526534070959315e-05,0.01262435968965292,15.435850143432617,prev_current,2.706507682800293,0.4667724668979645,0.11693613976240158,dataset_3_keyframe_2,2.726989984512329
110,1.2572911977767944,2.693641424179077,6.128947279648855e-05,0.01252517756074667,15.386015892028809,prev_current,2.693641424179077,0.4656005799770355,0.11629767715930939,dataset_3_keyframe_2,2.706505060195923
111,1.251395583152771,2.685029983520508,5.39143911737483e-05,0.012467194348573685,15.32409954071045,prev_current,2.685029983520508,0.4642089903354645,0.11586346477270126,dataset_3_keyframe_2,2.693639039993286
112,1.2422679662704468,2.670961856842041,5.467732989927754e-05,0.012306977063417435,15.257197380065918,prev_current,2.670961856842041,0.46156007051467896,0.1146744042634964,dataset_3_keyframe_2,2.6850273609161377
113,1.236281394958496,2.662714719772339,5.340576535672881e-05,0.012268067337572575,15.208023071289062,prev_current,2.662714719772339,0.4591308534145355,0.11418161541223526,dataset_3_keyframe_2,2.67095947265625
114,1.2274671792984009,2.6543374061584473,5.594889444182627e-05,0.01218109205365181,15.165359497070312,prev_current,2.6543374061584473,0.45452880859375,0.11321141570806503,dataset_3_keyframe_2,2.662712335586548
115,1.21833074092865,2.644463062286377,6.128947279648855e-05,0.012049865908920765,15.093560218811035,prev_current,2.644463062286377,0.4496826231479645,0.11243393272161484,dataset_3_keyframe_2,2.654334783554077
116,1.2038131952285767,2.6241559982299805,5.645752389682457e-05,0.01189066655933857,14.982771873474121,prev_current,2.6241559982299805,0.4454345703125,0.11119251698255539,dataset_3_keyframe_2,2.644460439682007
117,1.1877943277359009,2.6000609397888184,5.518595571629703e-05,0.01165390107780695,14.843582153320312,prev_current,2.6000609397888184,0.4410034120082855,0.1097603589296341,dataset_3_keyframe_2,2.6241533756256104
118,1.175713300704956,2.576768398284912,6.434122769860551e-05,0.011492157354950905,14.718903541564941,prev_current,2.576768398284912,0.43834230303764343,0.1086106076836586,dataset_3_keyframe_2,2.6000585556030273
119,1.1728068590164185,2.5738070011138916,5.0354006816633046e-05,0.01144180353730917,14.697749137878418,prev_current,2.5738070011138916,0.43878173828125,0.10860655456781387,dataset_3_keyframe_2,2.576765775680542
120,1.1719151735305786,2.5712273120880127,5.4931642807787284e-05,0.011392975226044655,14.680896759033203,prev_current,2.5712273120880127,0.43798828125,0.10821735858917236,dataset_3_keyframe_2,2.5738046169281006
121,1.1685340404510498,2.5629990100860596,5.086263263365254e-05,0.01129735354334116,14.628558158874512,prev_current,2.5629990100860596,0.4370361268520355,0.10806285589933395,dataset_3_keyframe_2,2.5712246894836426
122,1.1647590398788452,2.556419610977173,5.8746340073412284e-05,0.011293030343949795,14.600589752197266,prev_current,2.556419610977173,0.43586426973342896,0.10746722668409348,dataset_3_keyframe_2,2.5629963874816895
123,1.1588793992996216,2.5475614070892334,5.060831972514279e-05,0.011254883371293545,14.552627563476562,prev_current,2.5475614070892334,0.43437501788139343,0.10710339993238449,dataset_3_keyframe_2,2.5564169883728027
124,1.1514194011688232,2.5343260765075684,5.77290884393733e-05,0.011111450381577015,14.481766700744629,prev_current,2.5343260765075684,0.4320068359375,0.10643451660871506,dataset_3_keyframe_2,2.5475590229034424
125,1.1489757299423218,2.533510208129883,5.518595571629703e-05,0.011155446991324425,14.457470893859863,prev_current,2.533510208129883,0.4319702088832855,0.10653164237737656,dataset_3_keyframe_2,2.5343234539031982
126,1.1448103189468384,2.5260257720947266,5.366007826523855e-05,0.0110384626314044,14.416974067687988,prev_current,2.5260257720947266,0.43132326006889343,0.10616681724786758,dataset_3_keyframe_2,2.5335075855255127
127,1.1405408382415771,2.518066167831421,5.2388510084711015e-05,0.01096140593290329,14.366364479064941,prev_current,2.518066167831421,0.4298095703125,0.1055714413523674,dataset_3_keyframe_2,2.5260233879089355
0,2.9532365798950195,4.73926305770874,7.019043550826609e-05,0.04328511655330658,27.139156341552734,zero_prev,4.73926305770874,0.91796875,0.2827789783477783,dataset_3_keyframe_2,0.0
1,3.518167018890381,5.150052070617676,3.86556021112483e-05,0.06315435469150543,20.738740921020508,zero_prev,5.150052070617676,0.9142090082168579,0.2545680105686188,dataset_3_keyframe_2,4.739261150360107
2,2.5911190509796143,3.737210512161255,4.297892519389279e-05,0.03054402768611908,20.58587074279785,zero_prev,3.737210512161255,0.911730945110321,0.19061174988746643,dataset_3_keyframe_2,5.150049209594727
3,2.927694082260132,4.285761833190918,4.196167355985381e-05,0.04140777885913849,20.37192726135254,zero_prev,4.285761833190918,0.90533447265625,0.22149668633937836,dataset_3_keyframe_2,3.7372076511383057
4,2.722139596939087,3.9823358058929443,4.781087409355678e-05,0.036041516810655594,20.10692596435547,zero_prev,3.9823358058929443,0.8998169302940369,0.2042689174413681,dataset_3_keyframe_2,4.285758972167969
5,2.753411054611206,4.038531303405762,6.332397606456652e-05,0.03689168393611908,19.869964599609375,zero_prev,4.038531303405762,0.895129382610321,0.2076847106218338,dataset_3_keyframe_2,3.982332944869995
6,2.7228493690490723,3.996723175048828,5.086263263365254e-05,0.03612137213349342,19.837446212768555,zero_prev,3.996723175048828,0.893481433391571,0.20456920564174652,dataset_3_keyframe_2,4.038527965545654
7,2.730501174926758,4.008228778839111,7.375081622740254e-05,0.036250561475753784,19.818334579467773,zero_prev,4.008228778839111,0.8927856683731079,0.20539644360542297,dataset_3_keyframe_2,3.9967200756073
8,2.7257978916168213,4.003414154052734,5.213419717620127e-05,0.03614146262407303,19.819272994995117,zero_prev,4.003414154052734,0.890637218952179,0.2049417942762375,dataset_3_keyframe_2,4.008225440979004
9,2.7250285148620605,4.005300521850586,5.77290884393733e-05,0.03627319633960724,19.800922393798828,zero_prev,4.005300521850586,0.888293445110321,0.205046609044075,dataset_3_keyframe_2,4.003411293029785
10,2.715487241744995,3.9959588050842285,5.950927879894152e-05,0.03606211394071579,19.776981353759766,zero_prev,3.9959588050842285,0.885791003704071,0.20408184826374054,dataset_3_keyframe_2,4.0052971839904785
11,2.713620901107788,3.9962544441223145,5.340576535672881e-05,0.0359802283346653,19.765653610229492,zero_prev,3.9962544441223145,0.883349597454071,0.20394666492938995,dataset_3_keyframe_2,3.995955467224121
12,2.7065589427948,3.9914958477020264,6.15437893429771e-05,0.035835012793540955,19.739301681518555,zero_prev,3.9914958477020264,0.881787121295929,0.2031375914812088,dataset_3_keyframe_2,3.996251106262207
13,2.6981308460235596,3.9845571517944336,5.9763595345430076e-05,0.035710908472537994,19.69949722290039,zero_prev,3.9845571517944336,0.876879870891571,0.2025255709886551,dataset_3_keyframe_2,3.99149227142334
14,2.689936876296997,3.975982666015625,5.544026862480678e-05,0.035547129809856415,19.65349769592285,zero_prev,3.975982666015625,0.8747925162315369,0.202016219496727,dataset_3_keyframe_2,3.984553813934326
15,2.6802873611450195,3.9690725803375244,5.39143911737483e-05,0.03535207360982895,19.6220645904541,zero_prev,3.9690725803375244,0.871630847454071,0.2008947879076004,dataset_3_keyframe_2,3.9759790897369385
16,2.6768598556518555,3.9664978981018066,5.722046262235381e-05,0.035260267555713654,19.596454620361328,zero_prev,3.9664978981018066,0.8685058951377869,0.20071092247962952,dataset_3_keyframe_2,3.969069004058838
17,2.667818069458008,3.9606809616088867,5.315145244821906e-05,0.035167694091796875,19.55797004699707,zero_prev,3.9606809616088867,0.8651123046875,0.2000853568315506,dataset_3_keyframe_2,3.966494083404541
18,2.658731460571289,3.9514269828796387,6.001790825393982e-05,0.03497670590877533,19.523523330688477,zero_prev,3.9514269828796387,0.861889660358429,0.19951970875263214,dataset_3_keyframe_2,3.9606773853302
19,2.6463325023651123,3.943840742111206,6.357829261105508e-05,0.034797925502061844,19.468605041503906,zero_prev,3.943840742111206,0.85638427734375,0.19851131737232208,dataset_3_keyframe_2,3.951422929763794
20,2.6269843578338623,3.9306812286376953,6.103515625e-05,0.03451436385512352,19.392860412597656,zero_prev,3.9306812286376953,0.8492431640625,0.19692178070545197,dataset_3_keyframe_2,3.9438369274139404
21,2.6114253997802734,3.9200010299682617,6.128947279648855e-05,0.034230805933475494,19.321565628051758,zero_prev,3.9200010299682617,0.8423706293106079,0.19571009278297424,dataset_3_keyframe_2,3.9306771755218506
22,2.584650993347168,3.896312713623047,7.832845585653558e-05,0.03373159095644951,19.225933074951172,zero_prev,3.896312713623047,0.833081066608429,0.19323667883872986,dataset_3_keyframe_2,3.919996976852417
23,2.5744707584381104,3.89200758934021,6.866455078125e-05,0.0336507186293602,19.1704044342041,zero_prev,3.89200758934021,0.8285278677940369,0.19244754314422607,dataset_3_keyframe_2,3.896308422088623
24,2.5562779903411865,3.876037836074829,6.4849853515625e-05,0.033492282032966614,19.118680953979492,zero_prev,3.876037836074829,0.822558581829071,0.19096589088439941,dataset_3_keyframe_2,3.892003297805786
25,2.536722183227539,3.8611080646514893,7.400513277389109e-05,0.033063508570194244,19.007112503051758,zero_prev,3.8611080646514893,0.8142944574356079,0.18964295089244843,dataset_3_keyframe_2,3.8760335445404053
26,2.5154690742492676,3.8420188426971436,7.578531949548051e-05,0.03278808668255806,18.942838668823242,zero_prev,3.8420188426971436,0.808239758014679,0.18762651085853577,dataset_3_keyframe_2,3.8611032962799072
27,2.506073236465454,3.838463068008423,6.53584866086021e-05,0.032560985535383224,18.890188217163086,zero_prev,3.838463068008423,0.8030151724815369,0.1865636557340622,dataset_3_keyframe_2,3.8420140743255615
28,2.4870362281799316,3.8237569332122803,7.425944204442203e-05,0.032255303114652634,18.827960968017578,zero_prev,3.8237569332122803,0.795178234577179,0.1850021332502365,dataset_3_keyframe_2,3.8384578227996826
29,2.4789226055145264,3.8201403617858887,6.764729914721102e-05,0.03232523798942566,18.781400680541992,zero_prev,3.8201403617858887,0.7916504144668579,0.18440841138362885,dataset_3_keyframe_2,3.82375168800354
30,2.4625513553619385,3.8053078651428223,7.171631295932457e-05,0.03189900889992714,18.731937408447266,zero_prev,3.8053078651428223,0.785266101360321,0.18289649486541748,dataset_3_keyframe_2,3.8201351165771484
31,2.4513752460479736,3.797316789627075,7.095337059581652e-05,0.031984202563762665,18.655302047729492,zero_prev,3.797316789627075,0.78143310546875,0.18215282261371613,dataset_3_keyframe_2,3.805302143096924
32,2.4106812477111816,3.752340793609619,7.781983003951609e-05,0.031124625355005264,18.480030059814453,zero_prev,3.752340793609619,0.7723755240440369,0.1796652376651764,dataset_3_keyframe_2,3.797311305999756
33,2.396866798400879,3.7361137866973877,7.527669367846102e-05,0.0307693500071764,18.37560272216797,zero_prev,3.7361137866973877,0.769274890422821,0.17900022864341736,dataset_3_keyframe_2,3.7523353099823
34,2.355281114578247,3.6861562728881836,7.375081622740254e-05,0.029899343848228455,18.148698806762695,zero_prev,3.6861562728881836,0.761962890625,0.1761648952960968,dataset_3_keyframe_2,3.7361085414886475
35,2.317383289337158,3.6426637172698975,7.781983003951609e-05,0.029021963477134705,17.93759536743164,zero_prev,3.6426637172698975,0.753552258014679,0.17356446385383606,dataset_3_keyframe_2,3.6861510276794434
36,2.294489622116089,3.6193535327911377,8.036295912461355e-05,0.028549958020448685,17.81357765197754,zero_prev,3.6193535327911377,0.7486572265625,0.17159567773342133,dataset_3_keyframe_2,3.6426587104797363
37,2.2751083374023438,3.5960490703582764,6.764729914721102e-05,0.028123730793595314,17.68718910217285,zero_prev,3.5960490703582764,0.7459961175918579,0.17053993046283722,dataset_3_keyframe_2,3.6193485260009766
38,2.2542645931243896,3.569591760635376,7.247925532283261e-05,0.027680207043886185,17.57147789001465,zero_prev,3.569591760635376,0.7427002191543579,0.16935156285762787,dataset_3_keyframe_2,3.596043825149536
39,2.231721878051758,3.543328285217285,7.34965069568716e-05,0.0272165946662426,17.44461441040039,zero_prev,3.543328285217285,0.73773193359375,0.1677388995885849,dataset_3_keyframe_2,3.569586753845215
40,2.2135043144226074,3.520479679107666,7.197062222985551e-05,0.026733145117759705,17.32073402404785,zero_prev,3.520479679107666,0.7345825433731079,0.1666034758090973,dataset_3_keyframe_2,3.543323278427124
41,2.19340443611145,3.4979615211486816,6.96818096912466e-05,0.02629750780761242,17.21776580810547,zero_prev,3.4979615211486816,0.730712890625,0.16485106945037842,dataset_3_keyframe_2,3.520475149154663
42,2.1738173961639404,3.4730210304260254,6.58671124256216e-05,0.025863902643322945,17.09255027770996,zero_prev,3.4730210304260254,0.7257934808731079,0.16358499228954315,dataset_3_keyframe_2,3.4979562759399414
43,2.157275438308716,3.452841281890869,6.713867333019152e-05,0.025489553809165955,16.987531661987305,zero_prev,3.452841281890869,0.722546398639679,0.16262498497962952,dataset_3_keyframe_2,3.473015785217285
44,2.1371121406555176,3.429049253463745,6.230672443052754e-05,0.024979909881949425,16.876062393188477,zero_prev,3.429049253463745,0.719372570514679,0.16126978397369385,dataset_3_keyframe_2,3.452836275100708
45,2.1228864192962646,3.411691427230835,6.53584866086021e-05,0.0247014369815588,16.783740997314453,zero_prev,3.411691427230835,0.7154785394668579,0.1601225584745407,dataset_3_keyframe_2,3.429044008255005
46,2.108031749725342,3.393993377685547,5.747477553086355e-05,0.02430064044892788,16.704425811767578,zero_prev,3.393993377685547,0.7121216058731079,0.1587691456079483,dataset_3_keyframe_2,3.411686420440674
47,2.0952627658843994,3.3789830207824707,6.637573824264109e-05,0.024065399542450905,16.622760772705078,zero_prev,3.3789830207824707,0.710693359375,0.15791110694408417,dataset_3_keyframe_2,3.3939883708953857
48,2.082402229309082,3.3609962463378906,6.739298987668008e-05,0.02376709133386612,16.53980255126953,zero_prev,3.3609962463378906,0.7082153558731079,0.1570120006799698,dataset_3_keyframe_2,3.3789777755737305
49,2.070347309112549,3.3476614952087402,6.0526534070959315e-05,0.02350921742618084,16.471237182617188,zero_prev,3.3476614952087402,0.704968273639679,0.1562395691871643,dataset_3_keyframe_2,3.3609910011291504
50,2.06095814704895,3.337348461151123,6.688436405966058e-05,0.0232467669993639,16.420026779174805,zero_prev,3.337348461151123,0.70306396484375,0.15526573359966278,dataset_3_keyframe_2,3.34765625
51,2.0535078048706055,3.328411102294922,5.925496589043178e-05,0.023073578253388405,16.36892318725586,zero_prev,3.328411102294922,0.7004761099815369,0.15469340980052948,dataset_3_keyframe_2,3.3373429775238037
52,2.0497641563415527,3.3243675231933594,5.722046262235381e-05,0.022948965430259705,16.336498260498047,zero_prev,3.3243675231933594,0.700024425983429,0.15446095168590546,dataset_3_keyframe_2,3.3284056186676025
53,2.039832353591919,3.3114142417907715,6.510417006211355e-05,0.022753654047846794,16.29485511779785,zero_prev,3.3114142417907715,0.698803722858429,0.15377478301525116,dataset_3_keyframe_2,3.324362277984619
54,2.028937816619873,3.2989535331726074,6.128947279648855e-05,0.02251129224896431,16.228593826293945,zero_prev,3.2989535331726074,0.6952270865440369,0.15282021462917328,dataset_3_keyframe_2,3.3114089965820312
55,2.0283126831054688,3.2982070446014404,6.128947279648855e-05,0.0223312396556139,16.20823860168457,zero_prev,3.2982070446014404,0.6949219107627869,0.15254569053649902,dataset_3_keyframe_2,3.298948049545288
56,2.0229310989379883,3.296868324279785,6.434122769860551e-05,0.022326916456222534,16.194915771484375,zero_prev,3.296868324279785,0.6916870474815369,0.15200506150722504,dataset_3_keyframe_2,3.298201322555542
57,2.0183637142181396,3.2974112033843994,5.77290884393733e-05,0.022420503199100494,16.185123443603516,zero_prev,3.2974112033843994,0.6875244379043579,0.15189751982688904,dataset_3_keyframe_2,3.2968626022338867
58,2.0107250213623047,3.2898523807525635,6.942749314475805e-05,0.02222544513642788,16.163772583007812,zero_prev,3.2898523807525635,0.685534656047821,0.15088239312171936,dataset_3_keyframe_2,3.297405481338501
59,1.9919530153274536,3.2722434997558594,6.561279587913305e-05,0.02196299284696579,16.06839942932129,zero_prev,3.2722434997558594,0.6793579459190369,0.14973576366901398,dataset_3_keyframe_2,3.289846181869507
60,1.9661133289337158,3.246857166290283,7.273356459336355e-05,0.021640779450535774,15.929099082946777,zero_prev,3.246857166290283,0.671130359172821,0.14825545251369476,dataset_3_keyframe_2,3.272237539291382
61,1.9386508464813232,3.2185146808624268,7.629395258845761e-05,0.021197255700826645,15.787022590637207,zero_prev,3.2185146808624268,0.663073718547821,0.14625893533229828,dataset_3_keyframe_2,3.2468514442443848
62,1.9097886085510254,3.186939001083374,7.807413931004703e-05,0.020836131647229195,15.630163192749023,zero_prev,3.186939001083374,0.6562134027481079,0.1445319503545761,dataset_3_keyframe_2,3.218508720397949
63,1.877751350402832,3.1466734409332275,7.044474477879703e-05,0.020223237574100494,15.466580390930176,zero_prev,3.1466734409332275,0.648815929889679,0.14235292375087738,dataset_3_keyframe_2,3.1869332790374756
64,1.8568971157073975,3.1235339641571045,7.629395258845761e-05,0.019868724048137665,15.31921672821045,zero_prev,3.1235339641571045,0.64508056640625,0.14118149876594543,dataset_3_keyframe_2,3.146667718887329
65,1.8419907093048096,3.1064913272857666,7.629395258845761e-05,0.019669342786073685,15.26566219329834,zero_prev,3.1064913272857666,0.642041027545929,0.14004237949848175,dataset_3_keyframe_2,3.1235287189483643
66,1.827216386795044,3.08903169631958,7.120768714230508e-05,0.019435374066233635,15.166488647460938,zero_prev,3.08903169631958,0.637707531452179,0.13895367085933685,dataset_3_keyframe_2,3.1064858436584473
67,1.7962981462478638,3.0564520359039307,7.705688767600805e-05,0.01898091658949852,15.007601737976074,zero_prev,3.0564520359039307,0.62835693359375,0.13686160743236542,dataset_3_keyframe_2,3.0890259742736816
68,1.7682996988296509,3.025014638900757,6.841024151071906e-05,0.01846923865377903,14.843515396118164,zero_prev,3.025014638900757,0.6214599609375,0.1350511610507965,dataset_3_keyframe_2,3.0564463138580322
69,1.7468318939208984,3.0014209747314453,7.146199641283602e-05,0.01824646070599556,14.738906860351562,zero_prev,3.0014209747314453,0.6159301996231079,0.133504256606102,dataset_3_keyframe_2,3.0250089168548584
70,1.7355207204818726,2.9893903732299805,6.993611896177754e-05,0.018058523535728455,14.676056861877441,zero_prev,2.9893903732299805,0.612133800983429,0.13268649578094482,dataset_3_keyframe_2,3.001415729522705
71,1.7220101356506348,2.9761104583740234,6.561279587913305e-05,0.017806753516197205,14.612707138061523,zero_prev,2.9761104583740234,0.607556164264679,0.13156361877918243,dataset_3_keyframe_2,2.9893851280212402
72,1.7079980373382568,2.9633991718292236,7.553101022494957e-05,0.017669677734375,14.538164138793945,zero_prev,2.9633991718292236,0.601574718952179,0.13052484393119812,dataset_3_keyframe_2,2.976104974746704
73,1.6893924474716187,2.94734263420105,6.281535024754703e-05,0.017467498779296875,14.451412200927734,zero_prev,2.94734263420105,0.595349133014679,0.1291358470916748,dataset_3_keyframe_2,2.963393449783325
74,1.6662167310714722,2.9202518463134766,6.713867333019152e-05,0.017040763050317764,14.341874122619629,zero_prev,2.9202518463134766,0.588610827922821,0.12729501724243164,dataset_3_keyframe_2,2.9473369121551514
75,1.6561869382858276,2.9107561111450195,6.383260188158602e-05,0.017059581354260445,14.270208358764648,zero_prev,2.9107561111450195,0.5849365592002869,0.1269054412841797,dataset_3_keyframe_2,2.920246124267578
76,1.6399827003479004,2.8912551403045654,6.688436405966058e-05,0.01679077185690403,14.199336051940918,zero_prev,2.8912551403045654,0.5821533203125,0.12547312676906586,dataset_3_keyframe_2,2.910750389099121
77,1.6259045600891113,2.8749701976776123,5.8746340073412284e-05,0.016573842614889145,14.119455337524414,zero_prev,2.8749701976776123,0.5776611566543579,0.12463120371103287,dataset_3_keyframe_2,2.891249656677246
78,1.614815354347229,2.860579490661621,5.900065298192203e-05,0.01635538786649704,14.03073501586914,zero_prev,2.860579490661621,0.5755371451377869,0.12419209629297256,dataset_3_keyframe_2,2.8749642372131348
79,1.5995467901229858,2.8405139446258545,6.91731838742271e-05,0.016216788440942764,13.950876235961914,zero_prev,2.8405139446258545,0.57110595703125,0.12314534187316895,dataset_3_keyframe_2,2.8605740070343018
80,1.5837887525558472,2.819483995437622,6.306966679403558e-05,0.01588033139705658,13.84047794342041,zero_prev,2.819483995437622,0.567761242389679,0.1218639388680458,dataset_3_keyframe_2,2.8405086994171143
81,1.5673770904541016,2.7997028827667236,6.078084697946906e-05,0.015564220026135445,13.751338005065918,zero_prev,2.7997028827667236,0.5639404654502869,0.12066242843866348,dataset_3_keyframe_2,2.819478750228882
82,1.556355595588684,2.7842395305633545,5.4931642807787284e-05,0.01543223112821579,13.665821075439453,zero_prev,2.7842395305633545,0.56207275390625,0.11982178688049316,dataset_3_keyframe_2,2.7996973991394043
83,1.5422519445419312,2.7650840282440186,5.544026862480678e-05,0.01507161557674408,13.585619926452637,zero_prev,2.7650840282440186,0.559094250202179,0.11894511431455612,dataset_3_keyframe_2,2.784234046936035
84,1.5327401161193848,2.752779245376587,6.510417006211355e-05,0.014849345199763775,13.519463539123535,zero_prev,2.752779245376587,0.5560302734375,0.11816059798002243,dataset_3_keyframe_2,2.7650787830352783
85,1.5242791175842285,2.7439141273498535,5.9763595345430076e-05,0.014833323657512665,13.462358474731445,zero_prev,2.7439141273498535,0.553845226764679,0.11749189347028732,dataset_3_keyframe_2,2.7527737617492676
86,1.5067849159240723,2.7204315662384033,6.027222116244957e-05,0.01452967431396246,13.366250991821289,zero_prev,2.7204315662384033,0.5498413443565369,0.1162792444229126,dataset_3_keyframe_2,2.7439088821411133
87,1.4983935356140137,2.7111194133758545,5.086263263365254e-05,0.014382426626980305,13.302679061889648,zero_prev,2.7111194133758545,0.5472046136856079,0.11598541587591171,dataset_3_keyframe_2,2.720426321029663
88,1.4907578229904175,2.7023696899414062,5.747477553086355e-05,0.014337921515107155,13.263019561767578,zero_prev,2.7023696899414062,0.544238269329071,0.11537732928991318,dataset_3_keyframe_2,2.7111141681671143
89,1.4848692417144775,2.6951022148132324,5.747477553086355e-05,0.01423289068043232,13.225293159484863,zero_prev,2.6951022148132324,0.543212890625,0.11494014412164688,dataset_3_keyframe_2,2.702364444732666
90,1.4769734144210815,2.686602830886841,5.747477553086355e-05,0.014121501706540585,13.186625480651855,zero_prev,2.686602830886841,0.540112316608429,0.11422023922204971,dataset_3_keyframe_2,2.695096731185913
91,1.4710488319396973,2.679394245147705,5.7983401347883046e-05,0.01400629710406065,13.135287284851074,zero_prev,2.679394245147705,0.5378784537315369,0.11401047557592392,dataset_3_keyframe_2,2.6865973472595215
92,1.4599875211715698,2.665504217147827,6.408691842807457e-05,0.013817597180604935,13.086037635803223,zero_prev,2.665504217147827,0.534130871295929,0.11317262798547745,dataset_3_keyframe_2,2.679388999938965
93,1.452739953994751,2.6604604721069336,6.739298987668008e-05,0.01381378248333931,13.03821849822998,zero_prev,2.6604604721069336,0.5306763052940369,0.11257567256689072,dataset_3_keyframe_2,2.665498971939087
94,1.4463945627212524,2.653381824493408,5.467732989927754e-05,0.013605753891170025,13.003145217895508,zero_prev,2.653381824493408,0.52850341796875,0.11180781573057175,dataset_3_keyframe_2,2.6604549884796143
95,1.4349069595336914,2.640449047088623,5.2388510084711015e-05,0.013544718734920025,12.941167831420898,zero_prev,2.640449047088623,0.525097668170929,0.11116261780261993,dataset_3_keyframe_2,2.653376579284668
96,1.4270102977752686,2.6321043968200684,5.747477553086355e-05,0.01346435584127903,12.908366203308105,zero_prev,2.6321043968200684,0.5213379263877869,0.11043955385684967,dataset_3_keyframe_2,2.6404435634613037
97,1.4155373573303223,2.620412588119507,5.4931642807787284e-05,0.01334203127771616,12.827950477600098,zero_prev,2.620412588119507,0.517102062702179,0.10982135683298111,dataset_3_keyframe_2,2.632098913192749
98,1.397901177406311,2.6016845703125,7.069906132528558e-05,0.01312815397977829,12.760099411010742,zero_prev,2.6016845703125,0.510876476764679,0.10834614187479019,dataset_3_keyframe_2,2.6204073429107666
99,1.3935141563415527,2.5969841480255127,5.620321098831482e-05,0.013071950525045395,12.70901107788086,zero_prev,2.5969841480255127,0.5087036490440369,0.10804176330566406,dataset_3_keyframe_2,2.6016790866851807
100,1.3773852586746216,2.5775275230407715,5.7983401347883046e-05,0.012841543182730675,12.611454963684082,zero_prev,2.5775275230407715,0.5036255121231079,0.1074119359254837,dataset_3_keyframe_2,2.5969784259796143
101,1.3591455221176147,2.5567092895507812,6.434122769860551e-05,0.012557730078697205,12.530631065368652,zero_prev,2.5567092895507812,0.4974609315395355,0.10571640729904175,dataset_3_keyframe_2,2.5775222778320312
102,1.3570932149887085,2.556391716003418,6.0526534070959315e-05,0.01266199816018343,12.511428833007812,zero_prev,2.556391716003418,0.49616700410842896,0.105421282351017,dataset_3_keyframe_2,2.556704044342041
103,1.3393950462341309,2.5332062244415283,6.0526534070959315e-05,0.012331390753388405,12.395459175109863,zero_prev,2.5332062244415283,0.49077150225639343,0.10435334593057632,dataset_3_keyframe_2,2.5563862323760986
104,1.3272403478622437,2.519972085952759,5.442301699076779e-05,0.0122108468785882,12.342336654663086,zero_prev,2.519972085952759,0.48704835772514343,0.10339494049549103,dataset_3_keyframe_2,2.533200979232788
105,1.3167930841445923,2.5093491077423096,6.637573824264109e-05,0.0121345529332757,12.282087326049805,zero_prev,2.5093491077423096,0.4839233458042145,0.1025535985827446,dataset_3_keyframe_2,2.5199666023254395
106,1.3035480976104736,2.4921793937683105,6.179809861350805e-05,0.01189219206571579,12.209382057189941,zero_prev,2.4921793937683105,0.4800048768520355,0.10176391899585724,dataset_3_keyframe_2,2.5093438625335693
107,1.2944849729537964,2.4834723472595215,6.20524151599966e-05,0.01183090265840292,12.1493558883667,zero_prev,2.4834723472595215,0.47712403535842896,0.10107748955488205,dataset_3_keyframe_2,2.4921741485595703
108,1.2808091640472412,2.46651291847229,5.77290884393733e-05,0.01177673414349556,12.072678565979004,zero_prev,2.46651291847229,0.47272950410842896,0.10028170794248581,dataset_3_keyframe_2,2.4834673404693604
109,1.2637841701507568,2.4450416564941406,5.849202716490254e-05,0.01147359237074852,11.985939979553223,zero_prev,2.4450416564941406,0.4667724668979645,0.09908884763717651,dataset_3_keyframe_2,2.466507911682129
110,1.2584278583526611,2.439631938934326,6.459554424509406e-05,0.011430867947638035,11.941299438476562,zero_prev,2.439631938934326,0.4656005799770355,0.09847400337457657,dataset_3_keyframe_2,2.4450366497039795
111,1.2508528232574463,2.4283392429351807,5.77290884393733e-05,0.011262004263699055,11.892045974731445,zero_prev,2.4283392429351807,0.4642089903354645,0.09807758778333664,dataset_3_keyframe_2,2.439626932144165
112,1.2415367364883423,2.4166510105133057,5.722046262235381e-05,0.01108983438462019,11.847905158996582,zero_prev,2.4166510105133057,0.46156007051467896,0.09716081619262695,dataset_3_keyframe_2,2.4283342361450195
113,1.236404299736023,2.4109115600585938,6.128947279648855e-05,0.011088816449046135,11.80864429473877,zero_prev,2.4109115600585938,0.4591308534145355,0.09685702621936798,dataset_3_keyframe_2,2.4166460037231445
114,1.2279177904129028,2.406341314315796,5.747477553086355e-05,0.0109774274751544,11.781371116638184,zero_prev,2.406341314315796,0.45452880859375,0.09618576616048813,dataset_3_keyframe_2,2.4109065532684326
115,1.2177684307098389,2.396169900894165,6.459554424509406e-05,0.01096776407212019,11.726622581481934,zero_prev,2.396169900894165,0.4496826231479645,0.09560548514127731,dataset_3_keyframe_2,2.4063363075256348
116,1.2035584449768066,2.3767764568328857,6.15437893429771e-05,0.01065597590059042,11.64297866821289,zero_prev,2.3767764568328857,0.4454345703125,0.09458267688751221,dataset_3_keyframe_2,2.396164894104004
117,1.1871247291564941,2.3550078868865967,6.408691842807457e-05,0.0104802455753088,11.534491539001465,zero_prev,2.3550078868865967,0.4410034120082855,0.09348814934492111,dataset_3_keyframe_2,2.3767712116241455
118,1.1760648488998413,2.335035562515259,6.332397606456652e-05,0.010211181826889515,11.439668655395508,zero_prev,2.335035562515259,0.43834230303764343,0.09273137897253036,dataset_3_keyframe_2,2.3550028800964355
119,1.175450325012207,2.3356804847717285,5.569458153331652e-05,0.010208639316260815,11.418293952941895,zero_prev,2.3356804847717285,0.43878173828125,0.09255371987819672,dataset_3_keyframe_2,2.3350305557250977
120,1.171844244003296,2.3284506797790527,5.849202716490254e-05,0.010165659710764885,11.408516883850098,zero_prev,2.3284506797790527,0.43798828125,0.09219884872436523,dataset_3_keyframe_2,2.3356752395629883
121,1.1694591045379639,2.323579788208008,4.933675518259406e-05,0.010111491195857525,11.370354652404785,zero_prev,2.323579788208008,0.4370361268520355,0.09233517944812775,dataset_3_keyframe_2,2.3284459114074707
122,1.1664255857467651,2.3204925060272217,5.442301699076779e-05,0.00999272707849741,11.352778434753418,zero_prev,2.3204925060272217,0.43586426973342896,0.09200873225927353,dataset_3_keyframe_2,2.3235745429992676
123,1.1608078479766846,2.3124263286590576,5.6711836805334315e-05,0.00991668738424778,11.313904762268066,zero_prev,2.3124263286590576,0.43437501788139343,0.09147085249423981,dataset_3_keyframe_2,2.3204872608184814
124,1.1527495384216309,2.300081729888916,6.230672443052754e-05,0.009654490277171135,11.262829780578613,zero_prev,2.300081729888916,0.4320068359375,0.09101295471191406,dataset_3_keyframe_2,2.3124210834503174
125,1.1509778499603271,2.300060749053955,5.2897139539709315e-05,0.009859212674200535,11.233628273010254,zero_prev,2.300060749053955,0.4319702088832855,0.09105565398931503,dataset_3_keyframe_2,2.3000762462615967
126,1.1451245546340942,2.2876033782958984,5.442301699076779e-05,0.00961914099752903,11.202485084533691,zero_prev,2.2876033782958984,0.43132326006889343,0.09083234518766403,dataset_3_keyframe_2,2.300055503845215
127,1.1411921977996826,2.2832937240600586,5.77290884393733e-05,0.00961761549115181,11.166139602661133,zero_prev,2.2832937240600586,0.4298095703125,0.09040305763483047,dataset_3_keyframe_2,2.287598133087158
0,2.9532365798950195,4.73926305770874,7.019043550826609e-05,0.04328511655330658,27.139156341552734,all_reliable,4.73926305770874,1.0,0.2827789783477783,dataset_3_keyframe_2,0.0
1,2.9253387451171875,4.780828952789307,3.738403393072076e-05,0.042431388050317764,26.92539405822754,all_reliable,4.780828952789307,1.0,0.27192947268486023,dataset_3_keyframe_2,4.6622843742370605
2,2.8885278701782227,4.709532260894775,4.297892519389279e-05,0.04160359874367714,26.714426040649414,all_reliable,4.709532260894775,1.0,0.26961031556129456,dataset_3_keyframe_2,4.70286226272583
3,2.8544745445251465,4.665029525756836,4.882812936557457e-05,0.040484875440597534,26.468095779418945,all_reliable,4.665029525756836,1.0,0.2653913199901581,dataset_3_keyframe_2,4.637353897094727
4,2.814462423324585,4.609989643096924,3.9672853745287284e-05,0.03938904032111168,26.112998962402344,all_reliable,4.609989643096924,1.0,0.26236531138420105,dataset_3_keyframe_2,4.577403545379639
5,2.7790324687957764,4.5565338134765625,5.315145244821906e-05,0.038461051881313324,25.773950576782227,all_reliable,4.5565338134765625,1.0,0.25915610790252686,dataset_3_keyframe_2,4.5143656730651855
6,2.7657980918884277,4.539994239807129,5.264282663119957e-05,0.03812256082892418,25.733318328857422,all_reliable,4.539994239807129,1.0,0.2574640214443207,dataset_3_keyframe_2,4.500150680541992
7,2.763673782348633,4.534097194671631,4.882812936557457e-05,0.038052625954151154,25.6812801361084,all_reliable,4.534097194671631,1.0,0.2577492892742157,dataset_3_keyframe_2,4.483519554138184
8,2.7713890075683594,4.543910026550293,5.187988426769152e-05,0.03803253546357155,25.794384002685547,all_reliable,4.543910026550293,1.0,0.25606846809387207,dataset_3_keyframe_2,4.512355327606201
9,2.7568910121917725,4.527815341949463,5.086263263365254e-05,0.038020581007003784,25.660568237304688,all_reliable,4.527815341949463,1.0,0.2566475570201874,dataset_3_keyframe_2,4.4856414794921875
10,2.749758005142212,4.521230220794678,6.357829261105508e-05,0.037793226540088654,25.624197006225586,all_reliable,4.521230220794678,1.0,0.2556231915950775,dataset_3_keyframe_2,4.472835063934326
11,2.743046283721924,4.513649940490723,5.518595571629703e-05,0.037646230310201645,25.601463317871094,all_reliable,4.513649940490723,1.0,0.2547595202922821,dataset_3_keyframe_2,4.471417427062988
12,2.737903594970703,4.509925365447998,4.806518700206652e-05,0.037450920790433884,25.581697463989258,all_reliable,4.509925365447998,1.0,0.25396108627319336,dataset_3_keyframe_2,4.4661149978637695
13,2.725104331970215,4.49384069442749,5.849202716490254e-05,0.03716837614774704,25.49374771118164,all_reliable,4.49384069442749,1.0,0.2524784207344055,dataset_3_keyframe_2,4.449441909790039
14,2.717791795730591,4.486083507537842,5.39143911737483e-05,0.036931104958057404,25.422754287719727,all_reliable,4.486083507537842,1.0,0.252206414937973,dataset_3_keyframe_2,4.43518590927124
15,2.707310199737549,4.475097179412842,5.00996939081233e-05,0.036727651953697205,25.35683250427246,all_reliable,4.475097179412842,1.0,0.2508993446826935,dataset_3_keyframe_2,4.421294212341309
16,2.7048113346099854,4.473304748535156,5.2388510084711015e-05,0.036607615649700165,25.31948471069336,all_reliable,4.473304748535156,1.0,0.25043758749961853,dataset_3_keyframe_2,4.413793087005615
17,2.6925320625305176,4.460955619812012,6.434122769860551e-05,0.03650818020105362,25.243165969848633,all_reliable,4.460955619812012,1.0,0.24939870834350586,dataset_3_keyframe_2,4.401379585266113
18,2.6817307472229004,4.447457313537598,5.849202716490254e-05,0.03616740182042122,25.25362777709961,all_reliable,4.447457313537598,1.0,0.2473694384098053,dataset_3_keyframe_2,4.408222198486328
19,2.6648521423339844,4.430954456329346,5.950927879894152e-05,0.03570200875401497,25.16286849975586,all_reliable,4.430954456329346,1.0,0.24565918743610382,dataset_3_keyframe_2,4.381658554077148
20,2.6467409133911133,4.415349960327148,5.823771425639279e-05,0.03545176237821579,25.026561737060547,all_reliable,4.415349960327148,1.0,0.24438805878162384,dataset_3_keyframe_2,4.3531622886657715
21,2.6261062622070312,4.395958423614502,5.187988426769152e-05,0.03509267419576645,24.973215103149414,all_reliable,4.395958423614502,1.0,0.24133525788784027,dataset_3_keyframe_2,4.352035045623779
22,2.600980281829834,4.3675856590271,6.332397606456652e-05,0.03448282927274704,24.827342987060547,all_reliable,4.3675856590271,1.0,0.23856917023658752,dataset_3_keyframe_2,4.3227972984313965
23,2.584057331085205,4.352977752685547,6.688436405966058e-05,0.034252166748046875,24.693885803222656,all_reliable,4.352977752685547,1.0,0.23794925212860107,dataset_3_keyframe_2,4.292271614074707
24,2.5700466632843018,4.338522911071777,6.357829261105508e-05,0.03394724801182747,24.622318267822266,all_reliable,4.338522911071777,1.0,0.23621414601802826,dataset_3_keyframe_2,4.281689167022705
25,2.546248197555542,4.314378261566162,6.561279587913305e-05,0.033490248024463654,24.478153228759766,all_reliable,4.314378261566162,1.0,0.23383326828479767,dataset_3_keyframe_2,4.251303195953369
26,2.528674364089966,4.295924186706543,6.20524151599966e-05,0.033019766211509705,24.369901657104492,all_reliable,4.295924186706543,1.0,0.2317853420972824,dataset_3_keyframe_2,4.236629962921143
27,2.515202522277832,4.281815052032471,6.001790825393982e-05,0.03278961405158043,24.284425735473633,all_reliable,4.281815052032471,1.0,0.23029258847236633,dataset_3_keyframe_2,4.216522693634033
28,2.495199680328369,4.260434150695801,6.713867333019152e-05,0.032277680933475494,24.195180892944336,all_reliable,4.260434150695801,1.0,0.22751472890377045,dataset_3_keyframe_2,4.201540470123291
29,2.4816718101501465,4.249083042144775,5.950927879894152e-05,0.032071687281131744,24.139755249023438,all_reliable,4.249083042144775,1.0,0.22623728215694427,dataset_3_keyframe_2,4.190498352050781
30,2.4658825397491455,4.228901386260986,6.713867333019152e-05,0.031686656177043915,24.036657333374023,all_reliable,4.228901386260986,1.0,0.2245876044034958,dataset_3_keyframe_2,4.16757345199585
31,2.4566609859466553,4.226062297821045,6.306966679403558e-05,0.031756848096847534,23.949848175048828,all_reliable,4.226062297821045,1.0,0.22440223395824432,dataset_3_keyframe_2,4.148332118988037
32,2.4148707389831543,4.175500869750977,6.841024151071906e-05,0.030804699286818504,23.814043045043945,all_reliable,4.175500869750977,1.0,0.21911786496639252,dataset_3_keyframe_2,4.137645721435547
33,2.4011855125427246,4.157958030700684,8.87552960193716e-05,0.03049977868795395,23.668758392333984,all_reliable,4.157958030700684,1.0,0.21889673173427582,dataset_3_keyframe_2,4.103532314300537
34,2.361593723297119,4.107053756713867,6.0526534070959315e-05,0.0297622699290514,23.406112670898438,all_reliable,4.107053756713867,1.0,0.21493315696716309,dataset_3_keyframe_2,4.071208477020264
35,2.321044445037842,4.058135032653809,7.603963604196906e-05,0.02887878566980362,23.12008285522461,all_reliable,4.058135032653809,1.0,0.2115766555070877,dataset_3_keyframe_2,4.021674633026123
36,2.298581600189209,4.0302252769470215,7.171631295932457e-05,0.028473664075136185,22.92283821105957,all_reliable,4.0302252769470215,1.0,0.20982904732227325,dataset_3_keyframe_2,3.9815313816070557
37,2.27868914604187,4.003640651702881,6.306966679403558e-05,0.02815501019358635,22.750701904296875,all_reliable,4.003640651702881,1.0,0.2089090794324875,dataset_3_keyframe_2,3.9470064640045166
38,2.259694814682007,3.978795289993286,7.069906132528558e-05,0.02777659334242344,22.63597297668457,all_reliable,3.978795289993286,1.0,0.20701327919960022,dataset_3_keyframe_2,3.928528308868408
39,2.2380001544952393,3.9517931938171387,8.239746239269152e-05,0.027304332703351974,22.480270385742188,all_reliable,3.9517931938171387,1.0,0.20490522682666779,dataset_3_keyframe_2,3.9045820236206055
40,2.2232158184051514,3.932215690612793,7.960002403706312e-05,0.027028148993849754,22.316661834716797,all_reliable,3.932215690612793,1.0,0.2041427344083786,dataset_3_keyframe_2,3.880112648010254
41,2.201268196105957,3.9026477336883545,7.425944204442203e-05,0.02650706097483635,22.186206817626953,all_reliable,3.9026477336883545,1.0,0.20174355804920197,dataset_3_keyframe_2,3.858863353729248
42,2.1796352863311768,3.8727383613586426,7.324219041038305e-05,0.026104992255568504,22.017915725708008,all_reliable,3.8727383613586426,1.0,0.199941024184227,dataset_3_keyframe_2,3.828247308731079
43,2.1626334190368652,3.849792003631592,6.91731838742271e-05,0.02586263231933117,21.871667861938477,all_reliable,3.849792003631592,1.0,0.198415145277977,dataset_3_keyframe_2,3.8022079467773438
44,2.1422641277313232,3.8221545219421387,6.688436405966058e-05,0.025424450635910034,21.720314025878906,all_reliable,3.8221545219421387,1.0,0.19674371182918549,dataset_3_keyframe_2,3.775374412536621
45,2.127420425415039,3.8026416301727295,6.15437893429771e-05,0.02520345151424408,21.597368240356445,all_reliable,3.8026416301727295,1.0,0.19550397992134094,dataset_3_keyframe_2,3.7485735416412354
46,2.113607406616211,3.78414249420166,7.68025784054771e-05,0.02487589605152607,21.492244720458984,all_reliable,3.78414249420166,1.0,0.19398057460784912,dataset_3_keyframe_2,3.7331924438476562
47,2.103426933288574,3.7706708908081055,6.739298987668008e-05,0.024754080921411514,21.37459945678711,all_reliable,3.7706708908081055,1.0,0.19361995160579681,dataset_3_keyframe_2,3.71526837348938
48,2.086747884750366,3.744999885559082,6.58671124256216e-05,0.024402620270848274,21.26333999633789,all_reliable,3.744999885559082,1.0,0.19183741509914398,dataset_3_keyframe_2,3.6945407390594482
49,2.0733258724212646,3.726553440093994,6.815592496423051e-05,0.024180350825190544,21.20539093017578,all_reliable,3.726553440093994,1.0,0.18985030055046082,dataset_3_keyframe_2,3.680239677429199
50,2.064868450164795,3.7136337757110596,7.222493877634406e-05,0.023985037580132484,21.117488861083984,all_reliable,3.7136337757110596,1.0,0.18906308710575104,dataset_3_keyframe_2,3.6633553504943848
51,2.054996967315674,3.6993465423583984,6.790161569369957e-05,0.02384541928768158,21.024267196655273,all_reliable,3.6993465423583984,1.0,0.1885286420583725,dataset_3_keyframe_2,3.645461082458496
52,2.0518462657928467,3.6964900493621826,6.332397606456652e-05,0.0238266009837389,20.974048614501953,all_reliable,3.6964900493621826,1.0,0.18858574330806732,dataset_3_keyframe_2,3.6328954696655273
53,2.0440256595611572,3.686325788497925,7.807413931004703e-05,0.023601533845067024,20.943498611450195,all_reliable,3.686325788497925,1.0,0.1875009387731552,dataset_3_keyframe_2,3.6341612339019775
54,2.0345253944396973,3.67319393157959,6.434122769860551e-05,0.023476919159293175,20.819408416748047,all_reliable,3.67319393157959,1.0,0.1864224672317505,dataset_3_keyframe_2,3.6100337505340576
55,2.029374122619629,3.6643645763397217,6.866455078125e-05,0.02337748371064663,20.790367126464844,all_reliable,3.6643645763397217,1.0,0.1857880800962448,dataset_3_keyframe_2,3.6073055267333984
56,2.0215981006622314,3.656775712966919,6.688436405966058e-05,0.02323710173368454,20.771804809570312,all_reliable,3.656775712966919,1.0,0.18480411171913147,dataset_3_keyframe_2,3.598402261734009
57,2.0129289627075195,3.649671792984009,6.891886732773855e-05,0.02318013645708561,20.738794326782227,all_reliable,3.649671792984009,1.0,0.184319868683815,dataset_3_keyframe_2,3.588754892349243
58,2.0089528560638428,3.644176959991455,7.095337059581652e-05,0.023083752021193504,20.71380043029785,all_reliable,3.644176959991455,1.0,0.18396218121051788,dataset_3_keyframe_2,3.5723652839660645
59,1.986871600151062,3.62054705619812,7.29878811398521e-05,0.022844696417450905,20.592388153076172,all_reliable,3.62054705619812,1.0,0.18113277852535248,dataset_3_keyframe_2,3.5659189224243164
60,1.959624171257019,3.5929555892944336,6.561279587913305e-05,0.022482046857476234,20.45929527282715,all_reliable,3.5929555892944336,1.0,0.17831607162952423,dataset_3_keyframe_2,3.5480096340179443
61,1.927371621131897,3.5549001693725586,7.095337059581652e-05,0.02196655422449112,20.28720474243164,all_reliable,3.5549001693725586,1.0,0.17537899315357208,dataset_3_keyframe_2,3.521101236343384
62,1.9052374362945557,3.5342092514038086,7.34965069568716e-05,0.021775055676698685,20.115575790405273,all_reliable,3.5342092514038086,1.0,0.1740671843290329,dataset_3_keyframe_2,3.4949700832366943
63,1.871376872062683,3.489346981048584,6.332397606456652e-05,0.02125345915555954,19.887237548828125,all_reliable,3.489346981048584,1.0,0.1712966114282608,dataset_3_keyframe_2,3.4493257999420166
64,1.8568233251571655,3.4699347019195557,6.866455078125e-05,0.0210647601634264,19.685373306274414,all_reliable,3.4699347019195557,1.0,0.17135213315486908,dataset_3_keyframe_2,3.407360792160034
65,1.839608073234558,3.447387456893921,7.425944204442203e-05,0.020769501104950905,19.637405395507812,all_reliable,3.447387456893921,1.0,0.16886688768863678,dataset_3_keyframe_2,3.4024300575256348
66,1.8238264322280884,3.427617073059082,9.841919381869957e-05,0.020553844049572945,19.472103118896484,all_reliable,3.427617073059082,1.0,0.16841855645179749,dataset_3_keyframe_2,3.368652820587158
67,1.7982865571975708,3.3999407291412354,7.146199641283602e-05,0.020140839740633965,19.30248260498047,all_reliable,3.3999407291412354,1.0,0.1655404418706894,dataset_3_keyframe_2,3.3485910892486572
68,1.7637361288070679,3.3558976650238037,6.357829261105508e-05,0.01960805431008339,19.089561462402344,all_reliable,3.3558976650238037,1.0,0.16265331208705902,dataset_3_keyframe_2,3.3206679821014404
69,1.7448095083236694,3.3322246074676514,6.306966679403558e-05,0.01951802708208561,18.935157775878906,all_reliable,3.3322246074676514,1.0,0.16144369542598724,dataset_3_keyframe_2,3.281371593475342
70,1.7317981719970703,3.3162193298339844,7.375081622740254e-05,0.019283805042505264,18.835872650146484,all_reliable,3.3162193298339844,1.0,0.1603533774614334,dataset_3_keyframe_2,3.263855218887329
71,1.7208408117294312,3.3045363426208496,7.527669367846102e-05,0.01917419582605362,18.76873779296875,all_reliable,3.3045363426208496,1.0,0.159062922000885,dataset_3_keyframe_2,3.2512152194976807
72,1.7069777250289917,3.288865327835083,6.383260188158602e-05,0.018954722210764885,18.67612075805664,all_reliable,3.288865327835083,1.0,0.15735585987567902,dataset_3_keyframe_2,3.2423155307769775
73,1.6838781833648682,3.2642202377319336,6.332397606456652e-05,0.018605805933475494,18.568647384643555,all_reliable,3.2642202377319336,1.0,0.15481849014759064,dataset_3_keyframe_2,3.2297708988189697
74,1.6590272188186646,3.230849266052246,9.231567673850805e-05,0.01827443577349186,18.42236328125,all_reliable,3.230849266052246,1.0,0.1524813175201416,dataset_3_keyframe_2,3.1945624351501465
75,1.6488628387451172,3.2199580669403076,8.290608820971102e-05,0.01823781430721283,18.302087783813477,all_reliable,3.2199580669403076,1.0,0.15243534743785858,dataset_3_keyframe_2,3.1612141132354736
76,1.6362732648849487,3.204848289489746,8.214315312216058e-05,0.0179875697940588,18.223812103271484,all_reliable,3.204848289489746,1.0,0.15132535994052887,dataset_3_keyframe_2,3.1527318954467773
77,1.6275081634521484,3.1934261322021484,7.29878811398521e-05,0.01784006878733635,18.159191131591797,all_reliable,3.1934261322021484,1.0,0.15026111900806427,dataset_3_keyframe_2,3.143882989883423
78,1.6139692068099976,3.1753954887390137,7.934570749057457e-05,0.017745718359947205,18.051353454589844,all_reliable,3.1753954887390137,1.0,0.14938579499721527,dataset_3_keyframe_2,3.1325809955596924
79,1.596240520477295,3.1495540142059326,6.53584866086021e-05,0.017479198053479195,17.92756462097168,all_reliable,3.1495540142059326,1.0,0.14766429364681244,dataset_3_keyframe_2,3.105926513671875
80,1.5802102088928223,3.1265017986297607,6.612142169615254e-05,0.01720123365521431,17.79047203063965,all_reliable,3.1265017986297607,1.0,0.14610809087753296,dataset_3_keyframe_2,3.0870907306671143
81,1.5627975463867188,3.102668523788452,5.900065298192203e-05,0.016992950811982155,17.641857147216797,all_reliable,3.102668523788452,1.0,0.14457659423351288,dataset_3_keyframe_2,3.0567445755004883
82,1.5533262491226196,3.0896224975585938,5.7983401347883046e-05,0.01689097099006176,17.545774459838867,all_reliable,3.0896224975585938,1.0,0.14408226311206818,dataset_3_keyframe_2,3.042283058166504
83,1.5384521484375,3.066831350326538,6.815592496423051e-05,0.016634877771139145,17.445201873779297,all_reliable,3.066831350326538,1.0,0.14275573194026947,dataset_3_keyframe_2,3.025235891342163
84,1.5318090915679932,3.0562171936035156,7.29878811398521e-05,0.016591137275099754,17.360319137573242,all_reliable,3.0562171936035156,1.0,0.14201222360134125,dataset_3_keyframe_2,3.006589412689209
85,1.517136573791504,3.0361623764038086,6.306966679403558e-05,0.01646270789206028,17.26371192932129,all_reliable,3.0361623764038086,1.0,0.14060819149017334,dataset_3_keyframe_2,2.990701675415039
86,1.506711483001709,3.0212459564208984,6.434122769860551e-05,0.01623484306037426,17.166200637817383,all_reliable,3.0212459564208984,1.0,0.13981512188911438,dataset_3_keyframe_2,2.9727823734283447
87,1.493984341621399,3.0050249099731445,5.849202716490254e-05,0.0161081962287426,17.082714080810547,all_reliable,3.0050249099731445,1.0,0.13882647454738617,dataset_3_keyframe_2,2.9643208980560303
88,1.4861316680908203,2.9939537048339844,6.993611896177754e-05,0.016000621020793915,17.023710250854492,all_reliable,2.9939537048339844,1.0,0.13821828365325928,dataset_3_keyframe_2,2.9442572593688965
89,1.4821187257766724,2.9874768257141113,7.222493877634406e-05,0.015952810645103455,16.962507247924805,all_reliable,2.9874768257141113,1.0,0.13811898231506348,dataset_3_keyframe_2,2.933901309967041
90,1.4711297750473022,2.972334861755371,5.722046262235381e-05,0.0157318115234375,16.91033935546875,all_reliable,2.972334861755371,1.0,0.13636355102062225,dataset_3_keyframe_2,2.928004026412964
91,1.463574767112732,2.9628942012786865,6.815592496423051e-05,0.015719350427389145,16.84663963317871,all_reliable,2.9628942012786865,1.0,0.1358976811170578,dataset_3_keyframe_2,2.9132115840911865
92,1.4548734426498413,2.9517767429351807,5.620321098831482e-05,0.0154825858771801,16.797630310058594,all_reliable,2.9517767429351807,1.0,0.13484521210193634,dataset_3_keyframe_2,2.9114978313446045
93,1.4479016065597534,2.9441094398498535,5.696614971384406e-05,0.01541493833065033,16.74509620666504,all_reliable,2.9441094398498535,1.0,0.1340452879667282,dataset_3_keyframe_2,2.900033950805664
94,1.4391381740570068,2.932168960571289,7.197062222985551e-05,0.015289816074073315,16.674837112426758,all_reliable,2.932168960571289,1.0,0.13330936431884766,dataset_3_keyframe_2,2.8881616592407227
95,1.4262436628341675,2.9159793853759766,6.281535024754703e-05,0.01510213315486908,16.593849182128906,all_reliable,2.9159793853759766,1.0,0.1321089118719101,dataset_3_keyframe_2,2.874279499053955
96,1.4185864925384521,2.9044835567474365,8.163452730514109e-05,0.015022787265479565,16.54076385498047,all_reliable,2.9044835567474365,1.0,0.13115529716014862,dataset_3_keyframe_2,2.8553969860076904
97,1.4053294658660889,2.8910505771636963,6.357829261105508e-05,0.01487503107637167,16.447708129882812,all_reliable,2.8910505771636963,1.0,0.13030295073986053,dataset_3_keyframe_2,2.842691421508789
98,1.3918205499649048,2.8745853900909424,6.128947279648855e-05,0.014662934467196465,16.359949111938477,all_reliable,2.8745853900909424,1.0,0.12867529690265656,dataset_3_keyframe_2,2.8292863368988037
99,1.3828237056732178,2.8597772121429443,6.103515625e-05,0.01464360672980547,16.260770797729492,all_reliable,2.8597772121429443,1.0,0.12811818718910217,dataset_3_keyframe_2,2.8101871013641357
100,1.367954969406128,2.840386152267456,5.8746340073412284e-05,0.01435445249080658,16.14059066772461,all_reliable,2.840386152267456,1.0,0.1267758458852768,dataset_3_keyframe_2,2.7908565998077393
101,1.3521353006362915,2.822896718978882,6.739298987668008e-05,0.01411234587430954,16.05913543701172,all_reliable,2.822896718978882,1.0,0.12514179944992065,dataset_3_keyframe_2,2.7764182090759277
102,1.3482353687286377,2.8211772441864014,7.019043550826609e-05,0.01416320912539959,16.006877899169922,all_reliable,2.8211772441864014,1.0,0.1249762549996376,dataset_3_keyframe_2,2.767636775970459
103,1.3305354118347168,2.792053699493408,6.510417006211355e-05,0.013932038098573685,15.850736618041992,all_reliable,2.792053699493408,1.0,0.12319927662611008,dataset_3_keyframe_2,2.7470998764038086
104,1.3196842670440674,2.7810404300689697,6.408691842807457e-05,0.01379826944321394,15.78466510772705,all_reliable,2.7810404300689697,1.0,0.12243234366178513,dataset_3_keyframe_2,2.7281084060668945
105,1.3088279962539673,2.7677338123321533,7.095337059581652e-05,0.01361643522977829,15.702948570251465,all_reliable,2.7677338123321533,1.0,0.12176799029111862,dataset_3_keyframe_2,2.7164220809936523
106,1.2937673330307007,2.746148109436035,7.044474477879703e-05,0.01330261304974556,15.614524841308594,all_reliable,2.746148109436035,1.0,0.12021607160568237,dataset_3_keyframe_2,2.700462818145752
107,1.2966248989105225,2.7550880908966064,5.39143911737483e-05,0.01357574574649334,15.506837844848633,all_reliable,2.7550880908966064,1.0,0.12058744579553604,dataset_3_keyframe_2,2.6644411087036133
108,1.2731115818023682,2.722909450531006,6.459554424509406e-05,0.013139089569449425,15.502616882324219,all_reliable,2.722909450531006,1.0,0.11831945180892944,dataset_3_keyframe_2,2.6952977180480957
109,1.2586926221847534,2.700961112976074,6.4849853515625e-05,0.012871552258729935,15.378000259399414,all_reliable,2.700961112976074,1.0,0.11672072857618332,dataset_3_keyframe_2,2.658851146697998
110,1.2492488622665405,2.688570976257324,6.739298987668008e-05,0.01274592150002718,15.302842140197754,all_reliable,2.688570976257324,1.0,0.11605861037969589,dataset_3_keyframe_2,2.6518404483795166
111,1.243657112121582,2.6814732551574707,5.1116945542162284e-05,0.012733968906104565,15.216201782226562,all_reliable,2.6814732551574707,1.0,0.11622072756290436,dataset_3_keyframe_2,2.627776622772217
112,1.2335273027420044,2.6637282371520996,6.713867333019152e-05,0.01251831091940403,15.160533905029297,all_reliable,2.6637282371520996,1.0,0.11457786709070206,dataset_3_keyframe_2,2.6251063346862793
113,1.2268768548965454,2.6575493812561035,5.849202716490254e-05,0.01253941934555769,15.0914888381958,all_reliable,2.6575493812561035,1.0,0.11427922546863556,dataset_3_keyframe_2,2.6061840057373047
114,1.220642328262329,2.6526241302490234,6.663004751317203e-05,0.01247075479477644,15.058531761169434,all_reliable,2.6526241302490234,1.0,0.11402230709791183,dataset_3_keyframe_2,2.59329891204834
115,1.2115217447280884,2.6430327892303467,6.637573824264109e-05,0.01233444269746542,15.06294059753418,all_reliable,2.6430327892303467,1.0,0.1121831089258194,dataset_3_keyframe_2,2.607902765274048
116,1.1947938203811646,2.6163454055786133,5.823771425639279e-05,0.01205037534236908,14.920060157775879,all_reliable,2.6163454055786133,1.0,0.11073380708694458,dataset_3_keyframe_2,2.5873489379882812
117,1.1836270093917847,2.604414463043213,6.408691842807457e-05,0.01199849508702755,14.739701271057129,all_reliable,2.604414463043213,1.0,0.1103612408041954,dataset_3_keyframe_2,2.5409064292907715
118,1.171785831451416,2.577770233154297,9.053549001691863e-05,0.011658224277198315,14.68061351776123,all_reliable,2.577770233154297,1.0,0.10864050686359406,dataset_3_keyframe_2,2.5526351928710938
119,1.1613901853561401,2.5629143714904785,9.384155418956652e-05,0.011657461524009705,14.569601058959961,all_reliable,2.5629143714904785,1.0,0.10859334468841553,dataset_3_keyframe_2,2.5140774250030518
120,1.163678526878357,2.5647504329681396,6.764729914721102e-05,0.011581167578697205,14.591727256774902,all_reliable,2.5647504329681396,1.0,0.10847657173871994,dataset_3_keyframe_2,2.5178565979003906
121,1.1608349084854126,2.5575673580169678,5.620321098831482e-05,0.01151123084127903,14.535321235656738,all_reliable,2.5575673580169678,1.0,0.1083083301782608,dataset_3_keyframe_2,2.5093183517456055
122,1.1545825004577637,2.5492284297943115,6.128947279648855e-05,0.01152572687715292,14.492603302001953,all_reliable,2.5492284297943115,1.0,0.10768105834722519,dataset_3_keyframe_2,2.5010740756988525
123,1.1489390134811401,2.539607524871826,6.91731838742271e-05,0.011436209082603455,14.466658592224121,all_reliable,2.539607524871826,1.0,0.10689127445220947,dataset_3_keyframe_2,2.499114513397217
124,1.144532322883606,2.5348987579345703,5.747477553086355e-05,0.01139551866799593,14.407118797302246,all_reliable,2.5348987579345703,1.0,0.10672347992658615,dataset_3_keyframe_2,2.4818012714385986
125,1.1451399326324463,2.535032033920288,6.332397606456652e-05,0.011423238553106785,14.399362564086914,all_reliable,2.535032033920288,1.0,0.10691430419683456,dataset_3_keyframe_2,2.4873387813568115
126,1.1376551389694214,2.5212905406951904,7.883708167355508e-05,0.011202748864889145,14.355439186096191,all_reliable,2.5212905406951904,1.0,0.10615862905979156,dataset_3_keyframe_2,2.4853134155273438
127,1.133281946182251,2.5134286880493164,8.799235365586355e-05,0.011169434525072575,14.305098533630371,all_reliable,2.5134286880493164,1.0,0.10555800050497055,dataset_3_keyframe_2,2.4727766513824463
