config,frame_index,modified_pixel_ratio,raw_mae,refined_mae,sequence_id
raw_s2m2,0,0.0,6.060244083404541,6.060244083404541,dataset_4_keyframe_1
raw_s2m2,1,0.0,9.039661407470703,9.039661407470703,dataset_4_keyframe_1
raw_s2m2,2,0.0,6.012317657470703,6.012317657470703,dataset_4_keyframe_1
raw_s2m2,3,0.0,6.124181747436523,6.124181747436523,dataset_4_keyframe_1
raw_s2m2,4,0.0,9.188918113708496,9.188918113708496,dataset_4_keyframe_1
raw_s2m2,5,0.0,8.369651794433594,8.369651794433594,dataset_4_keyframe_1
raw_s2m2,6,0.0,7.902944564819336,7.902944564819336,dataset_4_keyframe_1
raw_s2m2,7,0.0,7.557080268859863,7.557080268859863,dataset_4_keyframe_1
raw_s2m2,8,0.0,6.627152442932129,6.627152442932129,dataset_4_keyframe_1
raw_s2m2,9,0.0,7.395853042602539,7.395853042602539,dataset_4_keyframe_1
raw_s2m2,10,0.0,6.696791172027588,6.696791172027588,dataset_4_keyframe_1
raw_s2m2,11,0.0,7.725963115692139,7.725963115692139,dataset_4_keyframe_1
raw_s2m2,12,0.0,5.421593189239502,5.421593189239502,dataset_4_keyframe_1
raw_s2m2,13,0.0,6.61635160446167,6.61635160446167,dataset_4_keyframe_1
raw_s2m2,14,0.0,8.349656105041504,8.349656105041504,dataset_4_keyframe_1
raw_s2m2,15,0.0,7.497913360595703,7.497913360595703,dataset_4_keyframe_1
raw_s2m2,16,0.0,6.6840667724609375,6.6840667724609375,dataset_4_keyframe_1
raw_s2m2,17,0.0,9.574724197387695,9.574724197387695,dataset_4_keyframe_1
raw_s2m2,18,0.0,10.442307472229004,10.442307472229004,dataset_4_keyframe_1
raw_s2m2,19,0.0,8.636974334716797,8.636974334716797,dataset_4_keyframe_1
raw_s2m2,20,0.0,9.90134048461914,9.90134048461914,dataset_4_keyframe_1
raw_s2m2,21,0.0,7.287899494171143,7.287899494171143,dataset_4_keyframe_1
raw_s2m2,22,0.0,9.060539245605469,9.060539245605469,dataset_4_keyframe_1
raw_s2m2,23,0.0,9.984447479248047,9.984447479248047,dataset_4_keyframe_1
raw_s2m2,24,0.0,5.842718124389648,5.842718124389648,dataset_4_keyframe_1
raw_s2m2,25,0.0,8.021361351013184,8.021361351013184,dataset_4_keyframe_1
raw_s2m2,26,0.0,8.711276054382324,8.711276054382324,dataset_4_keyframe_1
raw_s2m2,27,0.0,8.443680763244629,8.443680763244629,dataset_4_keyframe_1
raw_s2m2,28,0.0,8.189266204833984,8.189266204833984,dataset_4_keyframe_1
raw_s2m2,29,0.0,7.5717973709106445,7.5717973709106445,dataset_4_keyframe_1
raw_s2m2,30,0.0,5.668398380279541,5.668398380279541,dataset_4_keyframe_1
raw_s2m2,31,0.0,5.8285040855407715,5.8285040855407715,dataset_4_keyframe_1
raw_s2m2,32,0.0,8.490928649902344,8.490928649902344,dataset_4_keyframe_1
raw_s2m2,33,0.0,6.488724231719971,6.488724231719971,dataset_4_keyframe_1
raw_s2m2,34,0.0,7.346856594085693,7.346856594085693,dataset_4_keyframe_1
raw_s2m2,35,0.0,6.517982006072998,6.517982006072998,dataset_4_keyframe_1
raw_s2m2,36,0.0,6.58851432800293,6.58851432800293,dataset_4_keyframe_1
raw_s2m2,37,0.0,5.07804012298584,5.07804012298584,dataset_4_keyframe_1
raw_s2m2,38,0.0,4.883486747741699,4.883486747741699,dataset_4_keyframe_1
raw_s2m2,39,0.0,5.397870063781738,5.397870063781738,dataset_4_keyframe_1
raw_s2m2,40,0.0,8.862004280090332,8.862004280090332,dataset_4_keyframe_1
raw_s2m2,41,0.0,8.09622573852539,8.09622573852539,dataset_4_keyframe_1
raw_s2m2,42,0.0,7.71005392074585,7.71005392074585,dataset_4_keyframe_1
raw_s2m2,43,0.0,8.349702835083008,8.349702835083008,dataset_4_keyframe_1
raw_s2m2,44,0.0,7.278454303741455,7.278454303741455,dataset_4_keyframe_1
raw_s2m2,45,0.0,6.705938339233398,6.705938339233398,dataset_4_keyframe_1
raw_s2m2,46,0.0,8.463632583618164,8.463632583618164,dataset_4_keyframe_1
raw_s2m2,47,0.0,8.4061279296875,8.4061279296875,dataset_4_keyframe_1
raw_s2m2,48,0.0,8.305893898010254,8.305893898010254,dataset_4_keyframe_1
raw_s2m2,49,0.0,9.598459243774414,9.598459243774414,dataset_4_keyframe_1
raw_s2m2,50,0.0,10.562911033630371,10.562911033630371,dataset_4_keyframe_1
raw_s2m2,51,0.0,8.1808500289917,8.1808500289917,dataset_4_keyframe_1
raw_s2m2,52,0.0,5.988962173461914,5.988962173461914,dataset_4_keyframe_1
raw_s2m2,53,0.0,5.4549760818481445,5.4549760818481445,dataset_4_keyframe_1
raw_s2m2,54,0.0,5.768195152282715,5.768195152282715,dataset_4_keyframe_1
raw_s2m2,55,0.0,4.419951438903809,4.419951438903809,dataset_4_keyframe_1
raw_s2m2,56,0.0,12.995811462402344,12.995811462402344,dataset_4_keyframe_1
raw_s2m2,57,0.0,10.22692584991455,10.22692584991455,dataset_4_keyframe_1
raw_s2m2,58,0.0,8.088088035583496,8.088088035583496,dataset_4_keyframe_1
raw_s2m2,59,0.0,8.081570625305176,8.081570625305176,dataset_4_keyframe_1
raw_s2m2,60,0.0,7.700681686401367,7.700681686401367,dataset_4_keyframe_1
raw_s2m2,61,0.0,7.618461608886719,7.618461608886719,dataset_4_keyframe_1
raw_s2m2,62,0.0,9.47193431854248,9.47193431854248,dataset_4_keyframe_1
raw_s2m2,63,0.0,10.727934837341309,10.727934837341309,dataset_4_keyframe_1
raw_s2m2,64,0.0,13.034028053283691,13.034028053283691,dataset_4_keyframe_1
raw_s2m2,65,0.0,14.101887702941895,14.101887702941895,dataset_4_keyframe_1
raw_s2m2,66,0.0,11.83201789855957,11.83201789855957,dataset_4_keyframe_1
raw_s2m2,67,0.0,10.510710716247559,10.510710716247559,dataset_4_keyframe_1
raw_s2m2,68,0.0,10.725910186767578,10.725910186767578,dataset_4_keyframe_1
raw_s2m2,69,0.0,11.850449562072754,11.850449562072754,dataset_4_keyframe_1
raw_s2m2,70,0.0,9.748889923095703,9.748889923095703,dataset_4_keyframe_1
raw_s2m2,71,0.0,10.772536277770996,10.772536277770996,dataset_4_keyframe_1
raw_s2m2,72,0.0,11.700876235961914,11.700876235961914,dataset_4_keyframe_1
raw_s2m2,73,0.0,10.480977058410645,10.480977058410645,dataset_4_keyframe_1
raw_s2m2,74,0.0,6.914381504058838,6.914381504058838,dataset_4_keyframe_1
raw_s2m2,75,0.0,7.08359956741333,7.08359956741333,dataset_4_keyframe_1
raw_s2m2,76,0.0,10.684420585632324,10.684420585632324,dataset_4_keyframe_1
raw_s2m2,77,0.0,10.011382102966309,10.011382102966309,dataset_4_keyframe_1
raw_s2m2,78,0.0,12.89316177368164,12.89316177368164,dataset_4_keyframe_1
raw_s2m2,79,0.0,9.190312385559082,9.190312385559082,dataset_4_keyframe_1
raw_s2m2,80,0.0,6.780852794647217,6.780852794647217,dataset_4_keyframe_1
raw_s2m2,81,0.0,6.036298751831055,6.036298751831055,dataset_4_keyframe_1
raw_s2m2,82,0.0,4.8513288497924805,4.8513288497924805,dataset_4_keyframe_1
raw_s2m2,83,0.0,7.448764801025391,7.448764801025391,dataset_4_keyframe_1
raw_s2m2,84,0.0,5.02047872543335,5.02047872543335,dataset_4_keyframe_1
raw_s2m2,85,0.0,5.520598888397217,5.520598888397217,dataset_4_keyframe_1
raw_s2m2,86,0.0,4.758561611175537,4.758561611175537,dataset_4_keyframe_1
raw_s2m2,87,0.0,4.4748406410217285,4.4748406410217285,dataset_4_keyframe_1
raw_s2m2,88,0.0,5.1351704597473145,5.1351704597473145,dataset_4_keyframe_1
raw_s2m2,89,0.0,4.5885467529296875,4.5885467529296875,dataset_4_keyframe_1
raw_s2m2,90,0.0,4.896280765533447,4.896280765533447,dataset_4_keyframe_1
raw_s2m2,91,0.0,4.264264106750488,4.264264106750488,dataset_4_keyframe_1
raw_s2m2,92,0.0,4.618225574493408,4.618225574493408,dataset_4_keyframe_1
raw_s2m2,93,0.0,4.560856342315674,4.560856342315674,dataset_4_keyframe_1
raw_s2m2,94,0.0,5.0233154296875,5.0233154296875,dataset_4_keyframe_1
raw_s2m2,95,0.0,4.735302925109863,4.735302925109863,dataset_4_keyframe_1
raw_s2m2,96,0.0,3.842177391052246,3.842177391052246,dataset_4_keyframe_1
raw_s2m2,97,0.0,4.664228439331055,4.664228439331055,dataset_4_keyframe_1
raw_s2m2,98,0.0,4.68751335144043,4.68751335144043,dataset_4_keyframe_1
raw_s2m2,99,0.0,5.4760613441467285,5.4760613441467285,dataset_4_keyframe_1
raw_s2m2,100,0.0,4.87246561050415,4.87246561050415,dataset_4_keyframe_1
raw_s2m2,101,0.0,4.681422233581543,4.681422233581543,dataset_4_keyframe_1
raw_s2m2,102,0.0,4.518485069274902,4.518485069274902,dataset_4_keyframe_1
raw_s2m2,103,0.0,4.051941871643066,4.051941871643066,dataset_4_keyframe_1
raw_s2m2,104,0.0,4.749631881713867,4.749631881713867,dataset_4_keyframe_1
raw_s2m2,105,0.0,4.24636173248291,4.24636173248291,dataset_4_keyframe_1
raw_s2m2,106,0.0,3.687105894088745,3.687105894088745,dataset_4_keyframe_1
raw_s2m2,107,0.0,4.183923244476318,4.183923244476318,dataset_4_keyframe_1
raw_s2m2,108,0.0,4.57879114151001,4.57879114151001,dataset_4_keyframe_1
raw_s2m2,109,0.0,4.392562389373779,4.392562389373779,dataset_4_keyframe_1
raw_s2m2,110,0.0,3.8359453678131104,3.8359453678131104,dataset_4_keyframe_1
raw_s2m2,111,0.0,3.9000651836395264,3.9000651836395264,dataset_4_keyframe_1
raw_s2m2,112,0.0,4.439538955688477,4.439538955688477,dataset_4_keyframe_1
raw_s2m2,113,0.0,4.161973476409912,4.161973476409912,dataset_4_keyframe_1
raw_s2m2,114,0.0,4.078733444213867,4.078733444213867,dataset_4_keyframe_1
raw_s2m2,115,0.0,4.3919830322265625,4.3919830322265625,dataset_4_keyframe_1
raw_s2m2,116,0.0,3.6446287631988525,3.6446287631988525,dataset_4_keyframe_1
raw_s2m2,117,0.0,3.4257051944732666,3.4257051944732666,dataset_4_keyframe_1
raw_s2m2,118,0.0,3.4837772846221924,3.4837772846221924,dataset_4_keyframe_1
raw_s2m2,119,0.0,4.570660591125488,4.570660591125488,dataset_4_keyframe_1
raw_s2m2,120,0.0,4.0091047286987305,4.0091047286987305,dataset_4_keyframe_1
raw_s2m2,121,0.0,3.5968024730682373,3.5968024730682373,dataset_4_keyframe_1
raw_s2m2,122,0.0,3.52744197845459,3.52744197845459,dataset_4_keyframe_1
raw_s2m2,123,0.0,4.350011348724365,4.350011348724365,dataset_4_keyframe_1
raw_s2m2,124,0.0,3.8300347328186035,3.8300347328186035,dataset_4_keyframe_1
raw_s2m2,125,0.0,4.145031452178955,4.145031452178955,dataset_4_keyframe_1
raw_s2m2,126,0.0,4.066136360168457,4.066136360168457,dataset_4_keyframe_1
raw_s2m2,127,0.0,3.8059380054473877,3.8059380054473877,dataset_4_keyframe_1
aligned_local_faithful,0,0.3547251522541046,6.060244083404541,5.977323532104492,dataset_4_keyframe_1
aligned_local_faithful,1,0.6101979613304138,9.039661407470703,8.843963623046875,dataset_4_keyframe_1
aligned_local_faithful,2,0.3798745274543762,6.012317657470703,5.972752094268799,dataset_4_keyframe_1
aligned_local_faithful,3,0.42076575756073,6.124181747436523,6.032049655914307,dataset_4_keyframe_1
aligned_local_faithful,4,0.5020256042480469,9.188918113708496,9.01637077331543,dataset_4_keyframe_1
aligned_local_faithful,5,0.3833124339580536,8.369651794433594,8.282550811767578,dataset_4_keyframe_1
aligned_local_faithful,6,0.4406178295612335,7.902944564819336,7.811700344085693,dataset_4_keyframe_1
aligned_local_faithful,7,0.37413233518600464,7.557080268859863,7.466458320617676,dataset_4_keyframe_1
aligned_local_faithful,8,0.4214440882205963,6.627152442932129,6.556004524230957,dataset_4_keyframe_1
aligned_local_faithful,9,0.4446474015712738,7.395853042602539,7.286662578582764,dataset_4_keyframe_1
aligned_local_faithful,10,0.39055243134498596,6.696791172027588,6.6293110847473145,dataset_4_keyframe_1
aligned_local_faithful,11,0.4962182343006134,7.725963115692139,7.5882978439331055,dataset_4_keyframe_1
aligned_local_faithful,12,0.4811452329158783,5.421593189239502,5.382978439331055,dataset_4_keyframe_1
aligned_local_faithful,13,0.5003674626350403,6.61635160446167,6.509317874908447,dataset_4_keyframe_1
aligned_local_faithful,14,0.5199662446975708,8.349656105041504,8.21541690826416,dataset_4_keyframe_1
aligned_local_faithful,15,0.41391056776046753,7.497913360595703,7.449192047119141,dataset_4_keyframe_1
aligned_local_faithful,16,0.39627406001091003,6.6840667724609375,6.644993305206299,dataset_4_keyframe_1
aligned_local_faithful,17,0.547069787979126,9.574724197387695,9.398628234863281,dataset_4_keyframe_1
aligned_local_faithful,18,0.4056113064289093,10.442307472229004,10.337705612182617,dataset_4_keyframe_1
aligned_local_faithful,19,0.40127602219581604,8.636974334716797,8.601456642150879,dataset_4_keyframe_1
aligned_local_faithful,20,0.5765867233276367,9.90134048461914,9.78228759765625,dataset_4_keyframe_1
aligned_local_faithful,21,0.578014612197876,7.287899494171143,7.2708821296691895,dataset_4_keyframe_1
aligned_local_faithful,22,0.4586716294288635,9.060539245605469,8.94936752319336,dataset_4_keyframe_1
aligned_local_faithful,23,0.44588199257850647,9.984447479248047,9.89087963104248,dataset_4_keyframe_1
aligned_local_faithful,24,0.5311588644981384,5.842718124389648,5.86343240737915,dataset_4_keyframe_1
aligned_local_faithful,25,0.5066362619400024,8.021361351013184,7.9072723388671875,dataset_4_keyframe_1
aligned_local_faithful,26,0.42735859751701355,8.711276054382324,8.641865730285645,dataset_4_keyframe_1
aligned_local_faithful,27,0.4297980070114136,8.443680763244629,8.391653060913086,dataset_4_keyframe_1
aligned_local_faithful,28,0.4100070297718048,8.189266204833984,8.134464263916016,dataset_4_keyframe_1
aligned_local_faithful,29,0.3723105490207672,7.5717973709106445,7.5252580642700195,dataset_4_keyframe_1
aligned_local_faithful,30,0.5214410424232483,5.668398380279541,5.651330947875977,dataset_4_keyframe_1
aligned_local_faithful,31,0.43907517194747925,5.8285040855407715,5.7660346031188965,dataset_4_keyframe_1
aligned_local_faithful,32,0.5785545110702515,8.490928649902344,8.344992637634277,dataset_4_keyframe_1
aligned_local_faithful,33,0.48819807171821594,6.488724231719971,6.4666924476623535,dataset_4_keyframe_1
aligned_local_faithful,34,0.4714972972869873,7.346856594085693,7.271965503692627,dataset_4_keyframe_1
aligned_local_faithful,35,0.4365115463733673,6.517982006072998,6.482271671295166,dataset_4_keyframe_1
aligned_local_faithful,36,0.49267324805259705,6.58851432800293,6.5270233154296875,dataset_4_keyframe_1
aligned_local_faithful,37,0.49367713928222656,5.07804012298584,5.050292015075684,dataset_4_keyframe_1
aligned_local_faithful,38,0.4312570095062256,4.883486747741699,4.852238178253174,dataset_4_keyframe_1
aligned_local_faithful,39,0.5677415728569031,5.397870063781738,5.317454814910889,dataset_4_keyframe_1
aligned_local_faithful,40,0.7146680951118469,8.862004280090332,8.685324668884277,dataset_4_keyframe_1
aligned_local_faithful,41,0.4440936744213104,8.09622573852539,8.049373626708984,dataset_4_keyframe_1
aligned_local_faithful,42,0.3861967921257019,7.71005392074585,7.66762113571167,dataset_4_keyframe_1
aligned_local_faithful,43,0.5644369125366211,8.349702835083008,8.268521308898926,dataset_4_keyframe_1
aligned_local_faithful,44,0.5006629228591919,7.278454303741455,7.23828649520874,dataset_4_keyframe_1
aligned_local_faithful,45,0.42529305815696716,6.705938339233398,6.668245792388916,dataset_4_keyframe_1
aligned_local_faithful,46,0.5758870244026184,8.463632583618164,8.3580904006958,dataset_4_keyframe_1
aligned_local_faithful,47,0.5402998924255371,8.4061279296875,8.346080780029297,dataset_4_keyframe_1
aligned_local_faithful,48,0.5175917744636536,8.305893898010254,8.23516845703125,dataset_4_keyframe_1
aligned_local_faithful,49,0.5365159511566162,9.598459243774414,9.49167537689209,dataset_4_keyframe_1
aligned_local_faithful,50,0.5453885793685913,10.562911033630371,10.456375122070312,dataset_4_keyframe_1
aligned_local_faithful,51,0.5192330479621887,8.1808500289917,8.148563385009766,dataset_4_keyframe_1
aligned_local_faithful,52,0.4688861668109894,5.988962173461914,5.9698486328125,dataset_4_keyframe_1
aligned_local_faithful,53,0.3991442024707794,5.4549760818481445,5.410233497619629,dataset_4_keyframe_1
aligned_local_faithful,54,0.45792001485824585,5.768195152282715,5.682592391967773,dataset_4_keyframe_1
aligned_local_faithful,55,0.5050954222679138,4.419951438903809,4.380388259887695,dataset_4_keyframe_1
aligned_local_faithful,56,0.8845838904380798,12.995811462402344,12.584098815917969,dataset_4_keyframe_1
aligned_local_faithful,57,0.5892904996871948,10.22692584991455,10.181058883666992,dataset_4_keyframe_1
aligned_local_faithful,58,0.5414919853210449,8.088088035583496,8.04584789276123,dataset_4_keyframe_1
aligned_local_faithful,59,0.44367218017578125,8.081570625305176,8.00793170928955,dataset_4_keyframe_1
aligned_local_faithful,60,0.3752511441707611,7.700681686401367,7.642340660095215,dataset_4_keyframe_1
aligned_local_faithful,61,0.442731648683548,7.618461608886719,7.5500030517578125,dataset_4_keyframe_1
aligned_local_faithful,62,0.5647810101509094,9.47193431854248,9.284246444702148,dataset_4_keyframe_1
aligned_local_faithful,63,0.5021752715110779,10.727934837341309,10.576839447021484,dataset_4_keyframe_1
aligned_local_faithful,64,0.6311241388320923,13.034028053283691,12.84345817565918,dataset_4_keyframe_1
aligned_local_faithful,65,0.5034027695655823,14.101887702941895,13.954952239990234,dataset_4_keyframe_1
aligned_local_faithful,66,0.5161039233207703,11.83201789855957,11.758810997009277,dataset_4_keyframe_1
aligned_local_faithful,67,0.4085581600666046,10.510710716247559,10.417009353637695,dataset_4_keyframe_1
aligned_local_faithful,68,0.4649460017681122,10.725910186767578,10.598424911499023,dataset_4_keyframe_1
aligned_local_faithful,69,0.4896519184112549,11.850449562072754,11.687117576599121,dataset_4_keyframe_1
aligned_local_faithful,70,0.5133503675460815,9.748889923095703,9.669866561889648,dataset_4_keyframe_1
aligned_local_faithful,71,0.44855305552482605,10.772536277770996,10.620284080505371,dataset_4_keyframe_1
aligned_local_faithful,72,0.5151060223579407,11.700876235961914,11.548958778381348,dataset_4_keyframe_1
aligned_local_faithful,73,0.3671046495437622,10.480977058410645,10.393938064575195,dataset_4_keyframe_1
aligned_local_faithful,74,0.6014441251754761,6.914381504058838,6.862206935882568,dataset_4_keyframe_1
aligned_local_faithful,75,0.4077303111553192,7.08359956741333,6.975015163421631,dataset_4_keyframe_1
aligned_local_faithful,76,0.5550603866577148,10.684420585632324,10.476255416870117,dataset_4_keyframe_1
aligned_local_faithful,77,0.3662627339363098,10.011382102966309,9.901083946228027,dataset_4_keyframe_1
aligned_local_faithful,78,0.6981968283653259,12.89316177368164,12.674659729003906,dataset_4_keyframe_1
aligned_local_faithful,79,0.590801477432251,9.190312385559082,9.143753051757812,dataset_4_keyframe_1
aligned_local_faithful,80,0.5714983344078064,6.780852794647217,6.707061767578125,dataset_4_keyframe_1
aligned_local_faithful,81,0.38094037771224976,6.036298751831055,5.970600128173828,dataset_4_keyframe_1
aligned_local_faithful,82,0.45206576585769653,4.8513288497924805,4.806095123291016,dataset_4_keyframe_1
aligned_local_faithful,83,0.42983278632164,7.448764801025391,7.329075336456299,dataset_4_keyframe_1
aligned_local_faithful,84,0.5845456719398499,5.02047872543335,4.953627109527588,dataset_4_keyframe_1
aligned_local_faithful,85,0.47272753715515137,5.520598888397217,5.419704437255859,dataset_4_keyframe_1
aligned_local_faithful,86,0.432926744222641,4.758561611175537,4.701687335968018,dataset_4_keyframe_1
aligned_local_faithful,87,0.5271654725074768,4.4748406410217285,4.420792579650879,dataset_4_keyframe_1
aligned_local_faithful,88,0.473166286945343,5.1351704597473145,5.013974189758301,dataset_4_keyframe_1
aligned_local_faithful,89,0.42746448516845703,4.5885467529296875,4.5452680587768555,dataset_4_keyframe_1
aligned_local_faithful,90,0.3950522243976593,4.896280765533447,4.856441974639893,dataset_4_keyframe_1
aligned_local_faithful,91,0.4049646556377411,4.264264106750488,4.238895416259766,dataset_4_keyframe_1
aligned_local_faithful,92,0.3985885977745056,4.618225574493408,4.588967800140381,dataset_4_keyframe_1
aligned_local_faithful,93,0.35935765504837036,4.560856342315674,4.550020694732666,dataset_4_keyframe_1
aligned_local_faithful,94,0.3542291224002838,5.0233154296875,4.995000839233398,dataset_4_keyframe_1
aligned_local_faithful,95,0.44110870361328125,4.735302925109863,4.7177581787109375,dataset_4_keyframe_1
aligned_local_faithful,96,0.5216659903526306,3.842177391052246,3.80759596824646,dataset_4_keyframe_1
aligned_local_faithful,97,0.4717811346054077,4.664228439331055,4.634106636047363,dataset_4_keyframe_1
aligned_local_faithful,98,0.371484637260437,4.68751335144043,4.690933704376221,dataset_4_keyframe_1
aligned_local_faithful,99,0.38646256923675537,5.4760613441467285,5.463717460632324,dataset_4_keyframe_1
aligned_local_faithful,100,0.38101017475128174,4.87246561050415,4.87831974029541,dataset_4_keyframe_1
aligned_local_faithful,101,0.3522687256336212,4.681422233581543,4.687680721282959,dataset_4_keyframe_1
aligned_local_faithful,102,0.3647465407848358,4.518485069274902,4.510204792022705,dataset_4_keyframe_1
aligned_local_faithful,103,0.4327823519706726,4.051941871643066,4.048237323760986,dataset_4_keyframe_1
aligned_local_faithful,104,0.44381022453308105,4.749631881713867,4.7090349197387695,dataset_4_keyframe_1
aligned_local_faithful,105,0.4160637855529785,4.24636173248291,4.235288143157959,dataset_4_keyframe_1
aligned_local_faithful,106,0.4200132191181183,3.687105894088745,3.679795503616333,dataset_4_keyframe_1
aligned_local_faithful,107,0.5305952429771423,4.183923244476318,4.11020040512085,dataset_4_keyframe_1
aligned_local_faithful,108,0.408911794424057,4.57879114151001,4.511978626251221,dataset_4_keyframe_1
aligned_local_faithful,109,0.4074426591396332,4.392562389373779,4.360100746154785,dataset_4_keyframe_1
aligned_local_faithful,110,0.4530983567237854,3.8359453678131104,3.8023431301116943,dataset_4_keyframe_1
aligned_local_faithful,111,0.49223148822784424,3.9000651836395264,3.875922203063965,dataset_4_keyframe_1
aligned_local_faithful,112,0.34325504302978516,4.439538955688477,4.425812721252441,dataset_4_keyframe_1
aligned_local_faithful,113,0.373098760843277,4.161973476409912,4.1720476150512695,dataset_4_keyframe_1
aligned_local_faithful,114,0.34803810715675354,4.078733444213867,4.090147495269775,dataset_4_keyframe_1
aligned_local_faithful,115,0.3521283268928528,4.3919830322265625,4.39413595199585,dataset_4_keyframe_1
aligned_local_faithful,116,0.5033642649650574,3.6446287631988525,3.661536455154419,dataset_4_keyframe_1
aligned_local_faithful,117,0.4138123691082001,3.4257051944732666,3.412015438079834,dataset_4_keyframe_1
aligned_local_faithful,118,0.3608853220939636,3.4837772846221924,3.479792356491089,dataset_4_keyframe_1
aligned_local_faithful,119,0.5354679226875305,4.570660591125488,4.504424095153809,dataset_4_keyframe_1
aligned_local_faithful,120,0.5327420830726624,4.0091047286987305,3.9988317489624023,dataset_4_keyframe_1
aligned_local_faithful,121,0.3773488402366638,3.5968024730682373,3.614023208618164,dataset_4_keyframe_1
aligned_local_faithful,122,0.3848266899585724,3.52744197845459,3.530884027481079,dataset_4_keyframe_1
aligned_local_faithful,123,0.4245474338531494,4.350011348724365,4.311058521270752,dataset_4_keyframe_1
aligned_local_faithful,124,0.3808508515357971,3.8300347328186035,3.8076822757720947,dataset_4_keyframe_1
aligned_local_faithful,125,0.4003300666809082,4.145031452178955,4.112730503082275,dataset_4_keyframe_1
aligned_local_faithful,126,0.4359786808490753,4.066136360168457,4.0392165184021,dataset_4_keyframe_1
aligned_local_faithful,127,0.4393969178199768,3.8059380054473877,3.7881150245666504,dataset_4_keyframe_1
faithful_full,0,0.9973340034484863,6.060244083404541,5.922663688659668,dataset_4_keyframe_1
faithful_full,1,0.9979527592658997,9.039661407470703,8.85994815826416,dataset_4_keyframe_1
faithful_full,2,0.9969515800476074,6.012317657470703,5.883452415466309,dataset_4_keyframe_1
faithful_full,3,0.997245192527771,6.124181747436523,5.993805885314941,dataset_4_keyframe_1
faithful_full,4,0.9978049993515015,9.188918113708496,8.974135398864746,dataset_4_keyframe_1
faithful_full,5,0.9975233674049377,8.369651794433594,8.15717887878418,dataset_4_keyframe_1
faithful_full,6,0.9976882934570312,7.902944564819336,7.694860935211182,dataset_4_keyframe_1
faithful_full,7,0.9975683093070984,7.557080268859863,7.359315395355225,dataset_4_keyframe_1
faithful_full,8,0.9973531365394592,6.627152442932129,6.442720413208008,dataset_4_keyframe_1
faithful_full,9,0.9973419308662415,7.395853042602539,7.244248867034912,dataset_4_keyframe_1
faithful_full,10,0.9970681071281433,6.696791172027588,6.559566974639893,dataset_4_keyframe_1
faithful_full,11,0.9978923797607422,7.725963115692139,7.538499355316162,dataset_4_keyframe_1
faithful_full,12,0.9966140985488892,5.421593189239502,5.296433925628662,dataset_4_keyframe_1
faithful_full,13,0.9970751404762268,6.61635160446167,6.459335803985596,dataset_4_keyframe_1
faithful_full,14,0.9978166818618774,8.349656105041504,8.163491249084473,dataset_4_keyframe_1
faithful_full,15,0.9971660375595093,7.497913360595703,7.328435897827148,dataset_4_keyframe_1
faithful_full,16,0.9969151616096497,6.6840667724609375,6.536278247833252,dataset_4_keyframe_1
faithful_full,17,0.9975702166557312,9.574724197387695,9.37659740447998,dataset_4_keyframe_1
faithful_full,18,0.9974148273468018,10.442307472229004,10.246026992797852,dataset_4_keyframe_1
faithful_full,19,0.9979037046432495,8.636974334716797,8.456766128540039,dataset_4_keyframe_1
faithful_full,20,0.9974904656410217,9.90134048461914,9.695147514343262,dataset_4_keyframe_1
faithful_full,21,0.9976096153259277,7.287899494171143,7.1261773109436035,dataset_4_keyframe_1
faithful_full,22,0.9977717995643616,9.060539245605469,8.888679504394531,dataset_4_keyframe_1
faithful_full,23,0.997917652130127,9.984447479248047,9.811274528503418,dataset_4_keyframe_1
faithful_full,24,0.9978553056716919,5.842718124389648,5.719679832458496,dataset_4_keyframe_1
faithful_full,25,0.998508095741272,8.021361351013184,7.862713813781738,dataset_4_keyframe_1
faithful_full,26,0.9987759590148926,8.711276054382324,8.553876876831055,dataset_4_keyframe_1
faithful_full,27,0.9989227652549744,8.443680763244629,8.282048225402832,dataset_4_keyframe_1
faithful_full,28,0.9988182187080383,8.189266204833984,8.035408973693848,dataset_4_keyframe_1
faithful_full,29,0.9983870983123779,7.5717973709106445,7.416188716888428,dataset_4_keyframe_1
faithful_full,30,0.9982085227966309,5.668398380279541,5.575011253356934,dataset_4_keyframe_1
faithful_full,31,0.9981634616851807,5.8285040855407715,5.698031425476074,dataset_4_keyframe_1
faithful_full,32,0.9981918931007385,8.490928649902344,8.317721366882324,dataset_4_keyframe_1
faithful_full,33,0.9979868531227112,6.488724231719971,6.363345146179199,dataset_4_keyframe_1
faithful_full,34,0.9983223080635071,7.346856594085693,7.217582702636719,dataset_4_keyframe_1
faithful_full,35,0.9974567294120789,6.517982006072998,6.415106296539307,dataset_4_keyframe_1
faithful_full,36,0.9979851245880127,6.58851432800293,6.462279796600342,dataset_4_keyframe_1
faithful_full,37,0.9974114894866943,5.07804012298584,5.007108688354492,dataset_4_keyframe_1
faithful_full,38,0.9975031614303589,4.883486747741699,4.833262920379639,dataset_4_keyframe_1
faithful_full,39,0.9982083439826965,5.397870063781738,5.288794040679932,dataset_4_keyframe_1
faithful_full,40,0.9988529682159424,8.862004280090332,8.694409370422363,dataset_4_keyframe_1
faithful_full,41,0.9989688396453857,8.09622573852539,7.937498092651367,dataset_4_keyframe_1
faithful_full,42,0.9989421367645264,7.71005392074585,7.5677995681762695,dataset_4_keyframe_1
faithful_full,43,0.998807430267334,8.349702835083008,8.200992584228516,dataset_4_keyframe_1
faithful_full,44,0.9985961318016052,7.278454303741455,7.140153408050537,dataset_4_keyframe_1
faithful_full,45,0.9983696937561035,6.705938339233398,6.578580856323242,dataset_4_keyframe_1
faithful_full,46,0.9983038902282715,8.463632583618164,8.323863983154297,dataset_4_keyframe_1
faithful_full,47,0.9976591467857361,8.4061279296875,8.266316413879395,dataset_4_keyframe_1
faithful_full,48,0.9984132051467896,8.305893898010254,8.15258502960205,dataset_4_keyframe_1
faithful_full,49,0.9977598786354065,9.598459243774414,9.434029579162598,dataset_4_keyframe_1
faithful_full,50,0.9980496168136597,10.562911033630371,10.396628379821777,dataset_4_keyframe_1
faithful_full,51,0.9971405863761902,8.1808500289917,8.031896591186523,dataset_4_keyframe_1
faithful_full,52,0.9974610209465027,5.988962173461914,5.864018440246582,dataset_4_keyframe_1
faithful_full,53,0.9969671964645386,5.4549760818481445,5.338921070098877,dataset_4_keyframe_1
faithful_full,54,0.9973966479301453,5.768195152282715,5.619487762451172,dataset_4_keyframe_1
faithful_full,55,0.9970605969429016,4.419951438903809,4.302270889282227,dataset_4_keyframe_1
faithful_full,56,0.9979012608528137,12.995811462402344,12.727500915527344,dataset_4_keyframe_1
faithful_full,57,0.9974607229232788,10.22692584991455,10.004068374633789,dataset_4_keyframe_1
faithful_full,58,0.9975109100341797,8.088088035583496,7.905871868133545,dataset_4_keyframe_1
faithful_full,59,0.9977078437805176,8.081570625305176,7.903219223022461,dataset_4_keyframe_1
faithful_full,60,0.997606635093689,7.700681686401367,7.523839950561523,dataset_4_keyframe_1
faithful_full,61,0.9977452158927917,7.618461608886719,7.444598197937012,dataset_4_keyframe_1
faithful_full,62,0.9976601004600525,9.47193431854248,9.239192962646484,dataset_4_keyframe_1
faithful_full,63,0.9979129433631897,10.727934837341309,10.491357803344727,dataset_4_keyframe_1
faithful_full,64,0.9981009364128113,13.034028053283691,12.768962860107422,dataset_4_keyframe_1
faithful_full,65,0.9979274868965149,14.101887702941895,13.847432136535645,dataset_4_keyframe_1
faithful_full,66,0.998297929763794,11.83201789855957,11.587945938110352,dataset_4_keyframe_1
faithful_full,67,0.9976675510406494,10.510710716247559,10.272649765014648,dataset_4_keyframe_1
faithful_full,68,0.9980044364929199,10.725910186767578,10.488712310791016,dataset_4_keyframe_1
faithful_full,69,0.9980345368385315,11.850449562072754,11.596665382385254,dataset_4_keyframe_1
faithful_full,70,0.997694194316864,9.748889923095703,9.525845527648926,dataset_4_keyframe_1
faithful_full,71,0.997927725315094,10.772536277770996,10.538002967834473,dataset_4_keyframe_1
faithful_full,72,0.9974541068077087,11.700876235961914,11.463608741760254,dataset_4_keyframe_1
faithful_full,73,0.9977462887763977,10.480977058410645,10.252680778503418,dataset_4_keyframe_1
faithful_full,74,0.9971854090690613,6.914381504058838,6.730249881744385,dataset_4_keyframe_1
faithful_full,75,0.9976395964622498,7.08359956741333,6.9110612869262695,dataset_4_keyframe_1
faithful_full,76,0.9974764585494995,10.684420585632324,10.46189022064209,dataset_4_keyframe_1
faithful_full,77,0.9970001578330994,10.011382102966309,9.806007385253906,dataset_4_keyframe_1
faithful_full,78,0.9976943135261536,12.89316177368164,12.643641471862793,dataset_4_keyframe_1
faithful_full,79,0.9974703192710876,9.190312385559082,9.00044059753418,dataset_4_keyframe_1
faithful_full,80,0.9963444471359253,6.780852794647217,6.747478485107422,dataset_4_keyframe_1
faithful_full,81,0.996475338935852,6.036298751831055,5.982234001159668,dataset_4_keyframe_1
faithful_full,82,0.9972426891326904,4.8513288497924805,4.786305904388428,dataset_4_keyframe_1
faithful_full,83,0.996685266494751,7.448764801025391,7.410161972045898,dataset_4_keyframe_1
faithful_full,84,0.9966416358947754,5.02047872543335,4.9275221824646,dataset_4_keyframe_1
faithful_full,85,0.9971691966056824,5.520598888397217,5.461541175842285,dataset_4_keyframe_1
faithful_full,86,0.9957300424575806,4.758561611175537,4.76077127456665,dataset_4_keyframe_1
faithful_full,87,0.9968551993370056,4.4748406410217285,4.4578986167907715,dataset_4_keyframe_1
faithful_full,88,0.9970343112945557,5.1351704597473145,5.064517974853516,dataset_4_keyframe_1
faithful_full,89,0.9951251745223999,4.5885467529296875,4.6320929527282715,dataset_4_keyframe_1
faithful_full,90,0.9966422319412231,4.896280765533447,4.92441463470459,dataset_4_keyframe_1
faithful_full,91,0.9963459372520447,4.264264106750488,4.266343116760254,dataset_4_keyframe_1
faithful_full,92,0.996123194694519,4.618225574493408,4.655544281005859,dataset_4_keyframe_1
faithful_full,93,0.9963503479957581,4.560856342315674,4.599749565124512,dataset_4_keyframe_1
faithful_full,94,0.9963939189910889,5.0233154296875,5.070267200469971,dataset_4_keyframe_1
faithful_full,95,0.9965829253196716,4.735302925109863,4.771632194519043,dataset_4_keyframe_1
faithful_full,96,0.9971254467964172,3.842177391052246,3.8520095348358154,dataset_4_keyframe_1
faithful_full,97,0.9958614706993103,4.664228439331055,4.74842643737793,dataset_4_keyframe_1
faithful_full,98,0.9969195127487183,4.68751335144043,4.773539066314697,dataset_4_keyframe_1
faithful_full,99,0.9963988065719604,5.4760613441467285,5.538771152496338,dataset_4_keyframe_1
faithful_full,100,0.9964964389801025,4.87246561050415,4.921695709228516,dataset_4_keyframe_1
faithful_full,101,0.997053861618042,4.681422233581543,4.764630317687988,dataset_4_keyframe_1
faithful_full,102,0.9966359734535217,4.518485069274902,4.557281017303467,dataset_4_keyframe_1
faithful_full,103,0.9968171119689941,4.051941871643066,4.085971832275391,dataset_4_keyframe_1
faithful_full,104,0.9967843890190125,4.749631881713867,4.746644020080566,dataset_4_keyframe_1
faithful_full,105,0.9965981841087341,4.24636173248291,4.294866561889648,dataset_4_keyframe_1
faithful_full,106,0.9969499111175537,3.687105894088745,3.707366943359375,dataset_4_keyframe_1
faithful_full,107,0.9977062344551086,4.183923244476318,4.127096176147461,dataset_4_keyframe_1
faithful_full,108,0.9972294569015503,4.57879114151001,4.504723072052002,dataset_4_keyframe_1
faithful_full,109,0.997205913066864,4.392562389373779,4.354740619659424,dataset_4_keyframe_1
faithful_full,110,0.997636079788208,3.8359453678131104,3.8041372299194336,dataset_4_keyframe_1
faithful_full,111,0.9964723587036133,3.9000651836395264,3.9383530616760254,dataset_4_keyframe_1
faithful_full,112,0.9964838027954102,4.439538955688477,4.469445705413818,dataset_4_keyframe_1
faithful_full,113,0.9966251254081726,4.161973476409912,4.216758728027344,dataset_4_keyframe_1
faithful_full,114,0.9967695474624634,4.078733444213867,4.129456996917725,dataset_4_keyframe_1
faithful_full,115,0.9966555237770081,4.3919830322265625,4.438754558563232,dataset_4_keyframe_1
faithful_full,116,0.9969691634178162,3.6446287631988525,3.6799190044403076,dataset_4_keyframe_1
faithful_full,117,0.9970991015434265,3.4257051944732666,3.4530699253082275,dataset_4_keyframe_1
faithful_full,118,0.9970237016677856,3.4837772846221924,3.525958776473999,dataset_4_keyframe_1
faithful_full,119,0.9975451231002808,4.570660591125488,4.55297327041626,dataset_4_keyframe_1
faithful_full,120,0.9940975308418274,4.0091047286987305,4.071759223937988,dataset_4_keyframe_1
faithful_full,121,0.9969207644462585,3.5968024730682373,3.6523287296295166,dataset_4_keyframe_1
faithful_full,122,0.9972229599952698,3.52744197845459,3.5619916915893555,dataset_4_keyframe_1
faithful_full,123,0.9969202876091003,4.350011348724365,4.335996150970459,dataset_4_keyframe_1
faithful_full,124,0.9970417618751526,3.8300347328186035,3.818596839904785,dataset_4_keyframe_1
faithful_full,125,0.9969544410705566,4.145031452178955,4.1479997634887695,dataset_4_keyframe_1
faithful_full,126,0.9974923133850098,4.066136360168457,4.059736251831055,dataset_4_keyframe_1
faithful_full,127,0.9977601766586304,3.8059380054473877,3.8388278484344482,dataset_4_keyframe_1
faithful_state_reset,0,0.9973340034484863,6.060244083404541,5.922663688659668,dataset_4_keyframe_1
faithful_state_reset,1,0.9983209371566772,9.039661407470703,8.853373527526855,dataset_4_keyframe_1
faithful_state_reset,2,0.9979677200317383,6.012317657470703,5.876023292541504,dataset_4_keyframe_1
faithful_state_reset,3,0.9978345036506653,6.124181747436523,5.990224838256836,dataset_4_keyframe_1
faithful_state_reset,4,0.9983648061752319,9.188918113708496,8.965505599975586,dataset_4_keyframe_1
faithful_state_reset,5,0.997995138168335,8.369651794433594,8.14681339263916,dataset_4_keyframe_1
faithful_state_reset,6,0.9980858564376831,7.902944564819336,7.6869797706604,dataset_4_keyframe_1
faithful_state_reset,7,0.9981135725975037,7.557080268859863,7.351308345794678,dataset_4_keyframe_1
faithful_state_reset,8,0.9979445934295654,6.627152442932129,6.435081481933594,dataset_4_keyframe_1
faithful_state_reset,9,0.9978022575378418,7.395853042602539,7.238736629486084,dataset_4_keyframe_1
faithful_state_reset,10,0.9975294470787048,6.696791172027588,6.55294942855835,dataset_4_keyframe_1
faithful_state_reset,11,0.9982660412788391,7.725963115692139,7.531637668609619,dataset_4_keyframe_1
faithful_state_reset,12,0.9973182678222656,5.421593189239502,5.2909088134765625,dataset_4_keyframe_1
faithful_state_reset,13,0.9975701570510864,6.61635160446167,6.454408168792725,dataset_4_keyframe_1
faithful_state_reset,14,0.9982081651687622,8.349656105041504,8.154943466186523,dataset_4_keyframe_1
faithful_state_reset,15,0.9978443384170532,7.497913360595703,7.321137428283691,dataset_4_keyframe_1
faithful_state_reset,16,0.9974898099899292,6.6840667724609375,6.530740261077881,dataset_4_keyframe_1
faithful_state_reset,17,0.9981928467750549,9.574724197387695,9.36983871459961,dataset_4_keyframe_1
faithful_state_reset,18,0.9981903433799744,10.442307472229004,10.236564636230469,dataset_4_keyframe_1
faithful_state_reset,19,0.9982986450195312,8.636974334716797,8.449234008789062,dataset_4_keyframe_1
faithful_state_reset,20,0.9980379939079285,9.90134048461914,9.688284873962402,dataset_4_keyframe_1
faithful_state_reset,21,0.9982338547706604,7.287899494171143,7.1184306144714355,dataset_4_keyframe_1
faithful_state_reset,22,0.9981838464736938,9.060539245605469,8.883700370788574,dataset_4_keyframe_1
faithful_state_reset,23,0.9981932044029236,9.984447479248047,9.803553581237793,dataset_4_keyframe_1
faithful_state_reset,24,0.9983336329460144,5.842718124389648,5.713482856750488,dataset_4_keyframe_1
faithful_state_reset,25,0.9988188743591309,8.021361351013184,7.859269618988037,dataset_4_keyframe_1
faithful_state_reset,26,0.9989956617355347,8.711276054382324,8.546220779418945,dataset_4_keyframe_1
faithful_state_reset,27,0.9992237687110901,8.443680763244629,8.275528907775879,dataset_4_keyframe_1
faithful_state_reset,28,0.9990577697753906,8.189266204833984,8.029552459716797,dataset_4_keyframe_1
faithful_state_reset,29,0.9986612796783447,7.5717973709106445,7.409907817840576,dataset_4_keyframe_1
faithful_state_reset,30,0.9987622499465942,5.668398380279541,5.57114315032959,dataset_4_keyframe_1
faithful_state_reset,31,0.9984258413314819,5.8285040855407715,5.693539142608643,dataset_4_keyframe_1
faithful_state_reset,32,0.9986563324928284,8.490928649902344,8.310508728027344,dataset_4_keyframe_1
faithful_state_reset,33,0.998456597328186,6.488724231719971,6.356926918029785,dataset_4_keyframe_1
faithful_state_reset,34,0.9988307356834412,7.346856594085693,7.213509559631348,dataset_4_keyframe_1
faithful_state_reset,35,0.9981977939605713,6.517982006072998,6.410288333892822,dataset_4_keyframe_1
faithful_state_reset,36,0.9982682466506958,6.58851432800293,6.457675457000732,dataset_4_keyframe_1
faithful_state_reset,37,0.9979720711708069,5.07804012298584,5.003905296325684,dataset_4_keyframe_1
faithful_state_reset,38,0.9980906248092651,4.883486747741699,4.831202030181885,dataset_4_keyframe_1
faithful_state_reset,39,0.9986441731452942,5.397870063781738,5.284461498260498,dataset_4_keyframe_1
faithful_state_reset,40,0.9991397261619568,8.862004280090332,8.68751335144043,dataset_4_keyframe_1
faithful_state_reset,41,0.9992861151695251,8.09622573852539,7.929124355316162,dataset_4_keyframe_1
faithful_state_reset,42,0.9991000294685364,7.71005392074585,7.562831878662109,dataset_4_keyframe_1
faithful_state_reset,43,0.9990270733833313,8.349702835083008,8.195277214050293,dataset_4_keyframe_1
faithful_state_reset,44,0.9988769292831421,7.278454303741455,7.134397029876709,dataset_4_keyframe_1
faithful_state_reset,45,0.9987733364105225,6.705938339233398,6.573556423187256,dataset_4_keyframe_1
faithful_state_reset,46,0.9987356662750244,8.463632583618164,8.318784713745117,dataset_4_keyframe_1
faithful_state_reset,47,0.9983476400375366,8.4061279296875,8.259696960449219,dataset_4_keyframe_1
faithful_state_reset,48,0.998886227607727,8.305893898010254,8.146734237670898,dataset_4_keyframe_1
faithful_state_reset,49,0.9983653426170349,9.598459243774414,9.427498817443848,dataset_4_keyframe_1
faithful_state_reset,50,0.99885094165802,10.562911033630371,10.389714241027832,dataset_4_keyframe_1
faithful_state_reset,51,0.9978629946708679,8.1808500289917,8.025041580200195,dataset_4_keyframe_1
faithful_state_reset,52,0.9981821775436401,5.988962173461914,5.859707355499268,dataset_4_keyframe_1
faithful_state_reset,53,0.997657835483551,5.4549760818481445,5.335137844085693,dataset_4_keyframe_1
faithful_state_reset,54,0.9982045888900757,5.768195152282715,5.613790988922119,dataset_4_keyframe_1
faithful_state_reset,55,0.9982244372367859,4.419951438903809,4.2970709800720215,dataset_4_keyframe_1
faithful_state_reset,56,0.9986156821250916,12.995811462402344,12.719414710998535,dataset_4_keyframe_1
faithful_state_reset,57,0.9981734752655029,10.22692584991455,9.988911628723145,dataset_4_keyframe_1
faithful_state_reset,58,0.998236894607544,8.088088035583496,7.900312900543213,dataset_4_keyframe_1
faithful_state_reset,59,0.9984028935432434,8.081570625305176,7.89677619934082,dataset_4_keyframe_1
faithful_state_reset,60,0.9980942010879517,7.700681686401367,7.516541957855225,dataset_4_keyframe_1
faithful_state_reset,61,0.9983199834823608,7.618461608886719,7.437929153442383,dataset_4_keyframe_1
faithful_state_reset,62,0.9981163144111633,9.47193431854248,9.230401992797852,dataset_4_keyframe_1
faithful_state_reset,63,0.99828040599823,10.727934837341309,10.48055362701416,dataset_4_keyframe_1
faithful_state_reset,64,0.9985131025314331,13.034028053283691,12.758444786071777,dataset_4_keyframe_1
faithful_state_reset,65,0.9983096718788147,14.101887702941895,13.836402893066406,dataset_4_keyframe_1
faithful_state_reset,66,0.9987087845802307,11.83201789855957,11.577081680297852,dataset_4_keyframe_1
faithful_state_reset,67,0.9982836842536926,10.510710716247559,10.264049530029297,dataset_4_keyframe_1
faithful_state_reset,68,0.9984299540519714,10.725910186767578,10.47962474822998,dataset_4_keyframe_1
faithful_state_reset,69,0.9985479116439819,11.850449562072754,11.586505889892578,dataset_4_keyframe_1
faithful_state_reset,70,0.998296320438385,9.748889923095703,9.51573657989502,dataset_4_keyframe_1
faithful_state_reset,71,0.9985449910163879,10.772536277770996,10.529974937438965,dataset_4_keyframe_1
faithful_state_reset,72,0.9981457591056824,11.700876235961914,11.453756332397461,dataset_4_keyframe_1
faithful_state_reset,73,0.9985122084617615,10.480977058410645,10.242951393127441,dataset_4_keyframe_1
faithful_state_reset,74,0.9979958534240723,6.914381504058838,6.722545623779297,dataset_4_keyframe_1
faithful_state_reset,75,0.9981116652488708,7.08359956741333,6.905328750610352,dataset_4_keyframe_1
faithful_state_reset,76,0.9982438683509827,10.684420585632324,10.453166961669922,dataset_4_keyframe_1
faithful_state_reset,77,0.9980050325393677,10.011382102966309,9.795653343200684,dataset_4_keyframe_1
faithful_state_reset,78,0.9983594417572021,12.89316177368164,12.634889602661133,dataset_4_keyframe_1
faithful_state_reset,79,0.9982543587684631,9.190312385559082,8.990344047546387,dataset_4_keyframe_1
faithful_state_reset,80,0.9970844388008118,6.780852794647217,6.7458977699279785,dataset_4_keyframe_1
faithful_state_reset,81,0.997097373008728,6.036298751831055,5.979437828063965,dataset_4_keyframe_1
faithful_state_reset,82,0.9978950023651123,4.8513288497924805,4.783559322357178,dataset_4_keyframe_1
faithful_state_reset,83,0.9975325465202332,7.448764801025391,7.409648418426514,dataset_4_keyframe_1
faithful_state_reset,84,0.9975332021713257,5.02047872543335,4.921470642089844,dataset_4_keyframe_1
faithful_state_reset,85,0.9978694915771484,5.520598888397217,5.460634231567383,dataset_4_keyframe_1
faithful_state_reset,86,0.9971035718917847,4.758561611175537,4.760915756225586,dataset_4_keyframe_1
faithful_state_reset,87,0.9972894787788391,4.4748406410217285,4.456716537475586,dataset_4_keyframe_1
faithful_state_reset,88,0.9975734949111938,5.1351704597473145,5.061542510986328,dataset_4_keyframe_1
faithful_state_reset,89,0.9970058798789978,4.5885467529296875,4.634523868560791,dataset_4_keyframe_1
faithful_state_reset,90,0.9973499178886414,4.896280765533447,4.924472808837891,dataset_4_keyframe_1
faithful_state_reset,91,0.9972519278526306,4.264264106750488,4.266189098358154,dataset_4_keyframe_1
faithful_state_reset,92,0.9970166683197021,4.618225574493408,4.657862663269043,dataset_4_keyframe_1
faithful_state_reset,93,0.9971563220024109,4.560856342315674,4.600858688354492,dataset_4_keyframe_1
faithful_state_reset,94,0.9970786571502686,5.0233154296875,5.072649955749512,dataset_4_keyframe_1
faithful_state_reset,95,0.997330367565155,4.735302925109863,4.7730488777160645,dataset_4_keyframe_1
faithful_state_reset,96,0.9977523684501648,3.842177391052246,3.8525335788726807,dataset_4_keyframe_1
faithful_state_reset,97,0.9971489906311035,4.664228439331055,4.7537384033203125,dataset_4_keyframe_1
faithful_state_reset,98,0.9973793029785156,4.68751335144043,4.7762651443481445,dataset_4_keyframe_1
faithful_state_reset,99,0.9972723126411438,5.4760613441467285,5.542147159576416,dataset_4_keyframe_1
faithful_state_reset,100,0.9970649480819702,4.87246561050415,4.923349380493164,dataset_4_keyframe_1
faithful_state_reset,101,0.9975295662879944,4.681422233581543,4.768466949462891,dataset_4_keyframe_1
faithful_state_reset,102,0.9973732829093933,4.518485069274902,4.5589799880981445,dataset_4_keyframe_1
faithful_state_reset,103,0.9974321722984314,4.051941871643066,4.087264537811279,dataset_4_keyframe_1
faithful_state_reset,104,0.9974767565727234,4.749631881713867,4.746907711029053,dataset_4_keyframe_1
faithful_state_reset,105,0.9974139928817749,4.24636173248291,4.296871185302734,dataset_4_keyframe_1
faithful_state_reset,106,0.9976431131362915,3.687105894088745,3.708272933959961,dataset_4_keyframe_1
faithful_state_reset,107,0.9982912540435791,4.183923244476318,4.124697685241699,dataset_4_keyframe_1
faithful_state_reset,108,0.9976604580879211,4.57879114151001,4.501297473907471,dataset_4_keyframe_1
faithful_state_reset,109,0.9978660345077515,4.392562389373779,4.353448390960693,dataset_4_keyframe_1
faithful_state_reset,110,0.9977895617485046,3.8359453678131104,3.802900791168213,dataset_4_keyframe_1
faithful_state_reset,111,0.9973772764205933,3.9000651836395264,3.9409401416778564,dataset_4_keyframe_1
faithful_state_reset,112,0.996911883354187,4.439538955688477,4.470029354095459,dataset_4_keyframe_1
faithful_state_reset,113,0.9970985054969788,4.161973476409912,4.219216823577881,dataset_4_keyframe_1
faithful_state_reset,114,0.9974856972694397,4.078733444213867,4.131989479064941,dataset_4_keyframe_1
faithful_state_reset,115,0.9971420168876648,4.3919830322265625,4.4410905838012695,dataset_4_keyframe_1
faithful_state_reset,116,0.9974692463874817,3.6446287631988525,3.681345224380493,dataset_4_keyframe_1
faithful_state_reset,117,0.9976581335067749,3.4257051944732666,3.4545230865478516,dataset_4_keyframe_1
faithful_state_reset,118,0.9978546500205994,3.4837772846221924,3.527804374694824,dataset_4_keyframe_1
faithful_state_reset,119,0.9978463053703308,4.570660591125488,4.5526933670043945,dataset_4_keyframe_1
faithful_state_reset,120,0.9968379735946655,4.0091047286987305,4.076327323913574,dataset_4_keyframe_1
faithful_state_reset,121,0.9975065588951111,3.5968024730682373,3.654200792312622,dataset_4_keyframe_1
faithful_state_reset,122,0.9979584813117981,3.52744197845459,3.5642268657684326,dataset_4_keyframe_1
faithful_state_reset,123,0.9977014660835266,4.350011348724365,4.336219787597656,dataset_4_keyframe_1
faithful_state_reset,124,0.9973120093345642,3.8300347328186035,3.8184564113616943,dataset_4_keyframe_1
faithful_state_reset,125,0.9977796077728271,4.145031452178955,4.148292541503906,dataset_4_keyframe_1
faithful_state_reset,126,0.998002827167511,4.066136360168457,4.0593390464782715,dataset_4_keyframe_1
faithful_state_reset,127,0.9983013272285461,3.8059380054473877,3.8402822017669678,dataset_4_keyframe_1
faithful_shuffled_existing,0,0.9973340034484863,6.060244083404541,5.922663688659668,dataset_4_keyframe_1
faithful_shuffled_existing,1,0.9972605109214783,9.039661407470703,8.860367774963379,dataset_4_keyframe_1
faithful_shuffled_existing,2,0.9962593913078308,6.012317657470703,5.8839521408081055,dataset_4_keyframe_1
faithful_shuffled_existing,3,0.996523380279541,6.124181747436523,5.993555068969727,dataset_4_keyframe_1
faithful_shuffled_existing,4,0.9969505667686462,9.188918113708496,8.976049423217773,dataset_4_keyframe_1
faithful_shuffled_existing,5,0.9967420697212219,8.369651794433594,8.152121543884277,dataset_4_keyframe_1
faithful_shuffled_existing,6,0.9968048930168152,7.902944564819336,7.697120666503906,dataset_4_keyframe_1
faithful_shuffled_existing,7,0.9965071678161621,7.557080268859863,7.363807201385498,dataset_4_keyframe_1
faithful_shuffled_existing,8,0.99600750207901,6.627152442932129,6.445596694946289,dataset_4_keyframe_1
faithful_shuffled_existing,9,0.9958272576332092,7.395853042602539,7.246982097625732,dataset_4_keyframe_1
faithful_shuffled_existing,10,0.9954012036323547,6.696791172027588,6.561161994934082,dataset_4_keyframe_1
faithful_shuffled_existing,11,0.9959043264389038,7.725963115692139,7.5415358543396,dataset_4_keyframe_1
faithful_shuffled_existing,12,0.9954005479812622,5.421593189239502,5.298983573913574,dataset_4_keyframe_1
faithful_shuffled_existing,13,0.9958452582359314,6.61635160446167,6.461763858795166,dataset_4_keyframe_1
faithful_shuffled_existing,14,0.9966722726821899,8.349656105041504,8.165007591247559,dataset_4_keyframe_1
faithful_shuffled_existing,15,0.9961711168289185,7.497913360595703,7.32790470123291,dataset_4_keyframe_1
faithful_shuffled_existing,16,0.9958717823028564,6.6840667724609375,6.538661003112793,dataset_4_keyframe_1
faithful_shuffled_existing,17,0.9966590404510498,9.574724197387695,9.381983757019043,dataset_4_keyframe_1
faithful_shuffled_existing,18,0.9970954656600952,10.442307472229004,10.244507789611816,dataset_4_keyframe_1
faithful_shuffled_existing,19,0.9966884255409241,8.636974334716797,8.457389831542969,dataset_4_keyframe_1
faithful_shuffled_existing,20,0.9964866638183594,9.90134048461914,9.701315879821777,dataset_4_keyframe_1
faithful_shuffled_existing,21,0.9963306784629822,7.287899494171143,7.127716064453125,dataset_4_keyframe_1
faithful_shuffled_existing,22,0.9961845874786377,9.060539245605469,8.893121719360352,dataset_4_keyframe_1
faithful_shuffled_existing,23,0.9961414933204651,9.984447479248047,9.814043998718262,dataset_4_keyframe_1
faithful_shuffled_existing,24,0.9954638481140137,5.842718124389648,5.72006368637085,dataset_4_keyframe_1
faithful_shuffled_existing,25,0.996580958366394,8.021361351013184,7.870020866394043,dataset_4_keyframe_1
faithful_shuffled_existing,26,0.9966417551040649,8.711276054382324,8.553221702575684,dataset_4_keyframe_1
faithful_shuffled_existing,27,0.9972118735313416,8.443680763244629,8.286916732788086,dataset_4_keyframe_1
faithful_shuffled_existing,28,0.9973329901695251,8.189266204833984,8.036014556884766,dataset_4_keyframe_1
faithful_shuffled_existing,29,0.9943066239356995,7.5717973709106445,7.42169189453125,dataset_4_keyframe_1
faithful_shuffled_existing,30,0.9935832023620605,5.668398380279541,5.5773162841796875,dataset_4_keyframe_1
faithful_shuffled_existing,31,0.9957366585731506,5.8285040855407715,5.704680442810059,dataset_4_keyframe_1
faithful_shuffled_existing,32,0.9962344169616699,8.490928649902344,8.320660591125488,dataset_4_keyframe_1
faithful_shuffled_existing,33,0.995755672454834,6.488724231719971,6.366211891174316,dataset_4_keyframe_1
faithful_shuffled_existing,34,0.9963058233261108,7.346856594085693,7.222860336303711,dataset_4_keyframe_1
faithful_shuffled_existing,35,0.9959914088249207,6.517982006072998,6.416683197021484,dataset_4_keyframe_1
faithful_shuffled_existing,36,0.9970027208328247,6.58851432800293,6.462216377258301,dataset_4_keyframe_1
faithful_shuffled_existing,37,0.9947075843811035,5.07804012298584,5.0070719718933105,dataset_4_keyframe_1
faithful_shuffled_existing,38,0.9952675104141235,4.883486747741699,4.834194183349609,dataset_4_keyframe_1
faithful_shuffled_existing,39,0.9937374591827393,5.397870063781738,5.293272495269775,dataset_4_keyframe_1
faithful_shuffled_existing,40,0.9973235130310059,8.862004280090332,8.69705581665039,dataset_4_keyframe_1
faithful_shuffled_existing,41,0.9966843724250793,8.09622573852539,7.942054748535156,dataset_4_keyframe_1
faithful_shuffled_existing,42,0.9978526830673218,7.71005392074585,7.565272808074951,dataset_4_keyframe_1
faithful_shuffled_existing,43,0.9969872236251831,8.349702835083008,8.20899772644043,dataset_4_keyframe_1
faithful_shuffled_existing,44,0.9970675706863403,7.278454303741455,7.140145778656006,dataset_4_keyframe_1
faithful_shuffled_existing,45,0.9941774606704712,6.705938339233398,6.582119941711426,dataset_4_keyframe_1
faithful_shuffled_existing,46,0.99503493309021,8.463632583618164,8.328690528869629,dataset_4_keyframe_1
faithful_shuffled_existing,47,0.9974296689033508,8.4061279296875,8.263526916503906,dataset_4_keyframe_1
faithful_shuffled_existing,48,0.9959110021591187,8.305893898010254,8.15607738494873,dataset_4_keyframe_1
faithful_shuffled_existing,49,0.9973814487457275,9.598459243774414,9.436468124389648,dataset_4_keyframe_1
faithful_shuffled_existing,50,0.9971877932548523,10.562911033630371,10.394341468811035,dataset_4_keyframe_1
faithful_shuffled_existing,51,0.9959968328475952,8.1808500289917,8.031915664672852,dataset_4_keyframe_1
faithful_shuffled_existing,52,0.9952525496482849,5.988962173461914,5.86478853225708,dataset_4_keyframe_1
faithful_shuffled_existing,53,0.9958862066268921,5.4549760818481445,5.344258785247803,dataset_4_keyframe_1
faithful_shuffled_existing,54,0.9967383146286011,5.768195152282715,5.618880748748779,dataset_4_keyframe_1
faithful_shuffled_existing,55,0.9945986866950989,4.419951438903809,4.3061370849609375,dataset_4_keyframe_1
faithful_shuffled_existing,56,0.9974249005317688,12.995811462402344,12.733962059020996,dataset_4_keyframe_1
faithful_shuffled_existing,57,0.9972973465919495,10.22692584991455,9.998700141906738,dataset_4_keyframe_1
faithful_shuffled_existing,58,0.9954663515090942,8.088088035583496,7.911962985992432,dataset_4_keyframe_1
faithful_shuffled_existing,59,0.9953712821006775,8.081570625305176,7.903095245361328,dataset_4_keyframe_1
faithful_shuffled_existing,60,0.9968088865280151,7.700681686401367,7.524065971374512,dataset_4_keyframe_1
faithful_shuffled_existing,61,0.9950777888298035,7.618461608886719,7.447167873382568,dataset_4_keyframe_1
faithful_shuffled_existing,62,0.9966888427734375,9.47193431854248,9.244236946105957,dataset_4_keyframe_1
faithful_shuffled_existing,63,0.9970163702964783,10.727934837341309,10.494967460632324,dataset_4_keyframe_1
faithful_shuffled_existing,64,0.9967612624168396,13.034028053283691,12.773399353027344,dataset_4_keyframe_1
faithful_shuffled_existing,65,0.9972072839736938,14.101887702941895,13.846612930297852,dataset_4_keyframe_1
faithful_shuffled_existing,66,0.9977256655693054,11.83201789855957,11.5839204788208,dataset_4_keyframe_1
faithful_shuffled_existing,67,0.9955844879150391,10.510710716247559,10.273429870605469,dataset_4_keyframe_1
faithful_shuffled_existing,68,0.9960969686508179,10.725910186767578,10.486547470092773,dataset_4_keyframe_1
faithful_shuffled_existing,69,0.9952036738395691,11.850449562072754,11.609341621398926,dataset_4_keyframe_1
faithful_shuffled_existing,70,0.9969451427459717,9.748889923095703,9.519654273986816,dataset_4_keyframe_1
faithful_shuffled_existing,71,0.9949735999107361,10.772536277770996,10.548460006713867,dataset_4_keyframe_1
faithful_shuffled_existing,72,0.9963651299476624,11.700876235961914,11.458441734313965,dataset_4_keyframe_1
faithful_shuffled_existing,73,0.9956545829772949,10.480977058410645,10.256667137145996,dataset_4_keyframe_1
faithful_shuffled_existing,74,0.9965516924858093,6.914381504058838,6.730988502502441,dataset_4_keyframe_1
faithful_shuffled_existing,75,0.9960610866546631,7.08359956741333,6.912747859954834,dataset_4_keyframe_1
faithful_shuffled_existing,76,0.9961335062980652,10.684420585632324,10.46375846862793,dataset_4_keyframe_1
faithful_shuffled_existing,77,0.9953007102012634,10.011382102966309,9.809306144714355,dataset_4_keyframe_1
faithful_shuffled_existing,78,0.9950635433197021,12.89316177368164,12.645417213439941,dataset_4_keyframe_1
faithful_shuffled_existing,79,0.9951477646827698,9.190312385559082,8.998310089111328,dataset_4_keyframe_1
faithful_shuffled_existing,80,0.9940060377120972,6.780852794647217,6.748140811920166,dataset_4_keyframe_1
faithful_shuffled_existing,81,0.9943280220031738,6.036298751831055,5.983129024505615,dataset_4_keyframe_1
faithful_shuffled_existing,82,0.9934625029563904,4.8513288497924805,4.78817081451416,dataset_4_keyframe_1
faithful_shuffled_existing,83,0.9930880665779114,7.448764801025391,7.412303447723389,dataset_4_keyframe_1
faithful_shuffled_existing,84,0.9959135055541992,5.02047872543335,4.929601669311523,dataset_4_keyframe_1
faithful_shuffled_existing,85,0.9935934543609619,5.520598888397217,5.462850570678711,dataset_4_keyframe_1
faithful_shuffled_existing,86,0.9911465048789978,4.758561611175537,4.760231018066406,dataset_4_keyframe_1
faithful_shuffled_existing,87,0.9943243265151978,4.4748406410217285,4.458678245544434,dataset_4_keyframe_1
faithful_shuffled_existing,88,0.9963452816009521,5.1351704597473145,5.0665178298950195,dataset_4_keyframe_1
faithful_shuffled_existing,89,0.9844427108764648,4.5885467529296875,4.6271162033081055,dataset_4_keyframe_1
faithful_shuffled_existing,90,0.9936158061027527,4.896280765533447,4.9237518310546875,dataset_4_keyframe_1
faithful_shuffled_existing,91,0.9938847422599792,4.264264106750488,4.263144016265869,dataset_4_keyframe_1
faithful_shuffled_existing,92,0.9935335516929626,4.618225574493408,4.652841091156006,dataset_4_keyframe_1
faithful_shuffled_existing,93,0.9919707179069519,4.560856342315674,4.592833042144775,dataset_4_keyframe_1
faithful_shuffled_existing,94,0.995663583278656,5.0233154296875,5.072354793548584,dataset_4_keyframe_1
faithful_shuffled_existing,95,0.9909843802452087,4.735302925109863,4.770601749420166,dataset_4_keyframe_1
faithful_shuffled_existing,96,0.9949237108230591,3.842177391052246,3.850231409072876,dataset_4_keyframe_1
faithful_shuffled_existing,97,0.9942213296890259,4.664228439331055,4.746312141418457,dataset_4_keyframe_1
faithful_shuffled_existing,98,0.9926589131355286,4.68751335144043,4.772119522094727,dataset_4_keyframe_1
faithful_shuffled_existing,99,0.9925064444541931,5.4760613441467285,5.530271053314209,dataset_4_keyframe_1
faithful_shuffled_existing,100,0.9946370720863342,4.87246561050415,4.920289516448975,dataset_4_keyframe_1
faithful_shuffled_existing,101,0.9923890829086304,4.681422233581543,4.759007453918457,dataset_4_keyframe_1
faithful_shuffled_existing,102,0.992933988571167,4.518485069274902,4.551912307739258,dataset_4_keyframe_1
faithful_shuffled_existing,103,0.9944952726364136,4.051941871643066,4.083541393280029,dataset_4_keyframe_1
faithful_shuffled_existing,104,0.9920608401298523,4.749631881713867,4.745472431182861,dataset_4_keyframe_1
faithful_shuffled_existing,105,0.9928423762321472,4.24636173248291,4.290420055389404,dataset_4_keyframe_1
faithful_shuffled_existing,106,0.9936225414276123,3.687105894088745,3.70283579826355,dataset_4_keyframe_1
faithful_shuffled_existing,107,0.9962284564971924,4.183923244476318,4.127453804016113,dataset_4_keyframe_1
faithful_shuffled_existing,108,0.9951669573783875,4.57879114151001,4.502594947814941,dataset_4_keyframe_1
faithful_shuffled_existing,109,0.9933525323867798,4.392562389373779,4.352423667907715,dataset_4_keyframe_1
faithful_shuffled_existing,110,0.9954563975334167,3.8359453678131104,3.8034563064575195,dataset_4_keyframe_1
faithful_shuffled_existing,111,0.993941605091095,3.9000651836395264,3.9372808933258057,dataset_4_keyframe_1
faithful_shuffled_existing,112,0.9924478530883789,4.439538955688477,4.4644389152526855,dataset_4_keyframe_1
faithful_shuffled_existing,113,0.9936472773551941,4.161973476409912,4.213490962982178,dataset_4_keyframe_1
faithful_shuffled_existing,114,0.992594301700592,4.078733444213867,4.12579345703125,dataset_4_keyframe_1
faithful_shuffled_existing,115,0.9904226660728455,4.3919830322265625,4.433420181274414,dataset_4_keyframe_1
faithful_shuffled_existing,116,0.9923925995826721,3.6446287631988525,3.675394296646118,dataset_4_keyframe_1
faithful_shuffled_existing,117,0.9957544207572937,3.4257051944732666,3.451141119003296,dataset_4_keyframe_1
faithful_shuffled_existing,118,0.9955733418464661,3.4837772846221924,3.5239012241363525,dataset_4_keyframe_1
faithful_shuffled_existing,119,0.9965661764144897,4.570660591125488,4.552067756652832,dataset_4_keyframe_1
faithful_shuffled_existing,120,0.9942029714584351,4.0091047286987305,4.0756659507751465,dataset_4_keyframe_1
faithful_shuffled_existing,121,0.9940067529678345,3.5968024730682373,3.646690845489502,dataset_4_keyframe_1
faithful_shuffled_existing,122,0.9948661923408508,3.52744197845459,3.5609514713287354,dataset_4_keyframe_1
faithful_shuffled_existing,123,0.9916472434997559,4.350011348724365,4.334041595458984,dataset_4_keyframe_1
faithful_shuffled_existing,124,0.9931374192237854,3.8300347328186035,3.814937114715576,dataset_4_keyframe_1
faithful_shuffled_existing,125,0.9956492185592651,4.145031452178955,4.1529412269592285,dataset_4_keyframe_1
faithful_shuffled_existing,126,0.9955101609230042,4.066136360168457,4.059540748596191,dataset_4_keyframe_1
faithful_shuffled_existing,127,0.9950543642044067,3.8059380054473877,3.839245557785034,dataset_4_keyframe_1
safe_causal_bida,0,0.0,6.060244083404541,6.060244083404541,dataset_4_keyframe_1
safe_causal_bida,1,0.0,9.039661407470703,9.039661407470703,dataset_4_keyframe_1
safe_causal_bida,2,0.0,6.012317657470703,6.012317657470703,dataset_4_keyframe_1
safe_causal_bida,3,0.0,6.124181747436523,6.124181747436523,dataset_4_keyframe_1
safe_causal_bida,4,0.0,9.188918113708496,9.188918113708496,dataset_4_keyframe_1
safe_causal_bida,5,0.0,8.369651794433594,8.369651794433594,dataset_4_keyframe_1
safe_causal_bida,6,0.0,7.902944564819336,7.902944564819336,dataset_4_keyframe_1
safe_causal_bida,7,0.0,7.557080268859863,7.557080268859863,dataset_4_keyframe_1
safe_causal_bida,8,0.0,6.627152442932129,6.627152442932129,dataset_4_keyframe_1
safe_causal_bida,9,0.0,7.395853042602539,7.395853042602539,dataset_4_keyframe_1
safe_causal_bida,10,0.0,6.696791172027588,6.696791172027588,dataset_4_keyframe_1
safe_causal_bida,11,0.0,7.725963115692139,7.725963115692139,dataset_4_keyframe_1
safe_causal_bida,12,0.0,5.421593189239502,5.421593189239502,dataset_4_keyframe_1
safe_causal_bida,13,0.0,6.61635160446167,6.61635160446167,dataset_4_keyframe_1
safe_causal_bida,14,0.0,8.349656105041504,8.349656105041504,dataset_4_keyframe_1
safe_causal_bida,15,0.0,7.497913360595703,7.497913360595703,dataset_4_keyframe_1
safe_causal_bida,16,0.0,6.6840667724609375,6.6840667724609375,dataset_4_keyframe_1
safe_causal_bida,17,0.0,9.574724197387695,9.574724197387695,dataset_4_keyframe_1
safe_causal_bida,18,0.0,10.442307472229004,10.442307472229004,dataset_4_keyframe_1
safe_causal_bida,19,0.0,8.636974334716797,8.636974334716797,dataset_4_keyframe_1
safe_causal_bida,20,0.0,9.90134048461914,9.90134048461914,dataset_4_keyframe_1
safe_causal_bida,21,0.0,7.287899494171143,7.287899494171143,dataset_4_keyframe_1
safe_causal_bida,22,0.0,9.060539245605469,9.060539245605469,dataset_4_keyframe_1
safe_causal_bida,23,0.0,9.984447479248047,9.984447479248047,dataset_4_keyframe_1
safe_causal_bida,24,0.0,5.842718124389648,5.842718124389648,dataset_4_keyframe_1
safe_causal_bida,25,0.0,8.021361351013184,8.021361351013184,dataset_4_keyframe_1
safe_causal_bida,26,0.0,8.711276054382324,8.711276054382324,dataset_4_keyframe_1
safe_causal_bida,27,0.0,8.443680763244629,8.443680763244629,dataset_4_keyframe_1
safe_causal_bida,28,0.0,8.189266204833984,8.189266204833984,dataset_4_keyframe_1
safe_causal_bida,29,0.0,7.5717973709106445,7.5717973709106445,dataset_4_keyframe_1
safe_causal_bida,30,0.0,5.668398380279541,5.668398380279541,dataset_4_keyframe_1
safe_causal_bida,31,0.0,5.8285040855407715,5.8285040855407715,dataset_4_keyframe_1
safe_causal_bida,32,0.0,8.490928649902344,8.490928649902344,dataset_4_keyframe_1
safe_causal_bida,33,0.0,6.488724231719971,6.488724231719971,dataset_4_keyframe_1
safe_causal_bida,34,0.0,7.346856594085693,7.346856594085693,dataset_4_keyframe_1
safe_causal_bida,35,0.0,6.517982006072998,6.517982006072998,dataset_4_keyframe_1
safe_causal_bida,36,0.0,6.58851432800293,6.58851432800293,dataset_4_keyframe_1
safe_causal_bida,37,0.0,5.07804012298584,5.07804012298584,dataset_4_keyframe_1
safe_causal_bida,38,0.0,4.883486747741699,4.883486747741699,dataset_4_keyframe_1
safe_causal_bida,39,0.0,5.397870063781738,5.397870063781738,dataset_4_keyframe_1
safe_causal_bida,40,0.0,8.862004280090332,8.862004280090332,dataset_4_keyframe_1
safe_causal_bida,41,0.0,8.09622573852539,8.09622573852539,dataset_4_keyframe_1
safe_causal_bida,42,0.0,7.71005392074585,7.71005392074585,dataset_4_keyframe_1
safe_causal_bida,43,0.0,8.349702835083008,8.349702835083008,dataset_4_keyframe_1
safe_causal_bida,44,0.0,7.278454303741455,7.278454303741455,dataset_4_keyframe_1
safe_causal_bida,45,0.0,6.705938339233398,6.705938339233398,dataset_4_keyframe_1
safe_causal_bida,46,0.0,8.463632583618164,8.463632583618164,dataset_4_keyframe_1
safe_causal_bida,47,0.0,8.4061279296875,8.4061279296875,dataset_4_keyframe_1
safe_causal_bida,48,0.0,8.305893898010254,8.305893898010254,dataset_4_keyframe_1
safe_causal_bida,49,0.0,9.598459243774414,9.598459243774414,dataset_4_keyframe_1
safe_causal_bida,50,0.0,10.562911033630371,10.562911033630371,dataset_4_keyframe_1
safe_causal_bida,51,0.0,8.1808500289917,8.1808500289917,dataset_4_keyframe_1
safe_causal_bida,52,0.0,5.988962173461914,5.988962173461914,dataset_4_keyframe_1
safe_causal_bida,53,0.0,5.4549760818481445,5.4549760818481445,dataset_4_keyframe_1
safe_causal_bida,54,0.0,5.768195152282715,5.768195152282715,dataset_4_keyframe_1
safe_causal_bida,55,0.0,4.419951438903809,4.419951438903809,dataset_4_keyframe_1
safe_causal_bida,56,0.0,12.995811462402344,12.995811462402344,dataset_4_keyframe_1
safe_causal_bida,57,0.0,10.22692584991455,10.22692584991455,dataset_4_keyframe_1
safe_causal_bida,58,0.0,8.088088035583496,8.088088035583496,dataset_4_keyframe_1
safe_causal_bida,59,0.0,8.081570625305176,8.081570625305176,dataset_4_keyframe_1
safe_causal_bida,60,0.0,7.700681686401367,7.700681686401367,dataset_4_keyframe_1
safe_causal_bida,61,0.0,7.618461608886719,7.618461608886719,dataset_4_keyframe_1
safe_causal_bida,62,0.0,9.47193431854248,9.47193431854248,dataset_4_keyframe_1
safe_causal_bida,63,0.0,10.727934837341309,10.727934837341309,dataset_4_keyframe_1
safe_causal_bida,64,0.0,13.034028053283691,13.034028053283691,dataset_4_keyframe_1
safe_causal_bida,65,0.0,14.101887702941895,14.101887702941895,dataset_4_keyframe_1
safe_causal_bida,66,0.0,11.83201789855957,11.83201789855957,dataset_4_keyframe_1
safe_causal_bida,67,0.0,10.510710716247559,10.510710716247559,dataset_4_keyframe_1
safe_causal_bida,68,0.0,10.725910186767578,10.725910186767578,dataset_4_keyframe_1
safe_causal_bida,69,0.0,11.850449562072754,11.850449562072754,dataset_4_keyframe_1
safe_causal_bida,70,0.0,9.748889923095703,9.748889923095703,dataset_4_keyframe_1
safe_causal_bida,71,0.0,10.772536277770996,10.772536277770996,dataset_4_keyframe_1
safe_causal_bida,72,0.0,11.700876235961914,11.700876235961914,dataset_4_keyframe_1
safe_causal_bida,73,0.0,10.480977058410645,10.480977058410645,dataset_4_keyframe_1
safe_causal_bida,74,0.0,6.914381504058838,6.914381504058838,dataset_4_keyframe_1
safe_causal_bida,75,0.0,7.08359956741333,7.08359956741333,dataset_4_keyframe_1
safe_causal_bida,76,0.0,10.684420585632324,10.684420585632324,dataset_4_keyframe_1
safe_causal_bida,77,0.0,10.011382102966309,10.011382102966309,dataset_4_keyframe_1
safe_causal_bida,78,0.0,12.89316177368164,12.89316177368164,dataset_4_keyframe_1
safe_causal_bida,79,0.0,9.190312385559082,9.190312385559082,dataset_4_keyframe_1
safe_causal_bida,80,0.0,6.780852794647217,6.780852794647217,dataset_4_keyframe_1
safe_causal_bida,81,0.0,6.036298751831055,6.036298751831055,dataset_4_keyframe_1
safe_causal_bida,82,0.0,4.8513288497924805,4.8513288497924805,dataset_4_keyframe_1
safe_causal_bida,83,0.0,7.448764801025391,7.448764801025391,dataset_4_keyframe_1
safe_causal_bida,84,0.0,5.02047872543335,5.02047872543335,dataset_4_keyframe_1
safe_causal_bida,85,0.0,5.520598888397217,5.520598888397217,dataset_4_keyframe_1
safe_causal_bida,86,0.0,4.758561611175537,4.758561611175537,dataset_4_keyframe_1
safe_causal_bida,87,0.0,4.4748406410217285,4.4748406410217285,dataset_4_keyframe_1
safe_causal_bida,88,0.0,5.1351704597473145,5.1351704597473145,dataset_4_keyframe_1
safe_causal_bida,89,0.0,4.5885467529296875,4.5885467529296875,dataset_4_keyframe_1
safe_causal_bida,90,0.0,4.896280765533447,4.896280765533447,dataset_4_keyframe_1
safe_causal_bida,91,0.0,4.264264106750488,4.264264106750488,dataset_4_keyframe_1
safe_causal_bida,92,0.0,4.618225574493408,4.618225574493408,dataset_4_keyframe_1
safe_causal_bida,93,0.0,4.560856342315674,4.560856342315674,dataset_4_keyframe_1
safe_causal_bida,94,0.0,5.0233154296875,5.0233154296875,dataset_4_keyframe_1
safe_causal_bida,95,0.0,4.735302925109863,4.735302925109863,dataset_4_keyframe_1
safe_causal_bida,96,0.0,3.842177391052246,3.842177391052246,dataset_4_keyframe_1
safe_causal_bida,97,0.0,4.664228439331055,4.664228439331055,dataset_4_keyframe_1
safe_causal_bida,98,0.0,4.68751335144043,4.68751335144043,dataset_4_keyframe_1
safe_causal_bida,99,0.0,5.4760613441467285,5.4760613441467285,dataset_4_keyframe_1
safe_causal_bida,100,0.0,4.87246561050415,4.87246561050415,dataset_4_keyframe_1
safe_causal_bida,101,0.0,4.681422233581543,4.681422233581543,dataset_4_keyframe_1
safe_causal_bida,102,0.0,4.518485069274902,4.518485069274902,dataset_4_keyframe_1
safe_causal_bida,103,0.0,4.051941871643066,4.051941871643066,dataset_4_keyframe_1
safe_causal_bida,104,0.0,4.749631881713867,4.749631881713867,dataset_4_keyframe_1
safe_causal_bida,105,0.0,4.24636173248291,4.24636173248291,dataset_4_keyframe_1
safe_causal_bida,106,0.0,3.687105894088745,3.687105894088745,dataset_4_keyframe_1
safe_causal_bida,107,0.0,4.183923244476318,4.183923244476318,dataset_4_keyframe_1
safe_causal_bida,108,0.0,4.57879114151001,4.57879114151001,dataset_4_keyframe_1
safe_causal_bida,109,0.0,4.392562389373779,4.392562389373779,dataset_4_keyframe_1
safe_causal_bida,110,0.0,3.8359453678131104,3.8359453678131104,dataset_4_keyframe_1
safe_causal_bida,111,0.0,3.9000651836395264,3.9000651836395264,dataset_4_keyframe_1
safe_causal_bida,112,0.0,4.439538955688477,4.439538955688477,dataset_4_keyframe_1
safe_causal_bida,113,0.0,4.161973476409912,4.161973476409912,dataset_4_keyframe_1
safe_causal_bida,114,0.0,4.078733444213867,4.078733444213867,dataset_4_keyframe_1
safe_causal_bida,115,0.0,4.3919830322265625,4.3919830322265625,dataset_4_keyframe_1
safe_causal_bida,116,0.0,3.6446287631988525,3.6446287631988525,dataset_4_keyframe_1
safe_causal_bida,117,0.0,3.4257051944732666,3.4257051944732666,dataset_4_keyframe_1
safe_causal_bida,118,0.0,3.4837772846221924,3.4837772846221924,dataset_4_keyframe_1
safe_causal_bida,119,0.0,4.570660591125488,4.570660591125488,dataset_4_keyframe_1
safe_causal_bida,120,0.0,4.0091047286987305,4.0091047286987305,dataset_4_keyframe_1
safe_causal_bida,121,0.0,3.5968024730682373,3.5968024730682373,dataset_4_keyframe_1
safe_causal_bida,122,0.0,3.52744197845459,3.52744197845459,dataset_4_keyframe_1
safe_causal_bida,123,0.0,4.350011348724365,4.350011348724365,dataset_4_keyframe_1
safe_causal_bida,124,0.0,3.8300347328186035,3.8300347328186035,dataset_4_keyframe_1
safe_causal_bida,125,0.0,4.145031452178955,4.145031452178955,dataset_4_keyframe_1
safe_causal_bida,126,0.0,4.066136360168457,4.066136360168457,dataset_4_keyframe_1
safe_causal_bida,127,0.0,3.8059380054473877,3.8059380054473877,dataset_4_keyframe_1
raw_s2m2,0,0.0,1.029118537902832,1.029118537902832,dataset_7_keyframe_4
raw_s2m2,1,0.0,1.1174043416976929,1.1174043416976929,dataset_7_keyframe_4
raw_s2m2,2,0.0,1.3214768171310425,1.3214768171310425,dataset_7_keyframe_4
raw_s2m2,3,0.0,1.5306938886642456,1.5306938886642456,dataset_7_keyframe_4
raw_s2m2,4,0.0,1.7584645748138428,1.7584645748138428,dataset_7_keyframe_4
raw_s2m2,5,0.0,1.9344878196716309,1.9344878196716309,dataset_7_keyframe_4
raw_s2m2,6,0.0,2.0753118991851807,2.0753118991851807,dataset_7_keyframe_4
raw_s2m2,7,0.0,2.3939504623413086,2.3939504623413086,dataset_7_keyframe_4
raw_s2m2,8,0.0,2.2721688747406006,2.2721688747406006,dataset_7_keyframe_4
raw_s2m2,9,0.0,2.65393328666687,2.65393328666687,dataset_7_keyframe_4
raw_s2m2,10,0.0,2.618520498275757,2.618520498275757,dataset_7_keyframe_4
raw_s2m2,11,0.0,2.4900856018066406,2.4900856018066406,dataset_7_keyframe_4
raw_s2m2,12,0.0,2.616840124130249,2.616840124130249,dataset_7_keyframe_4
raw_s2m2,13,0.0,2.6715331077575684,2.6715331077575684,dataset_7_keyframe_4
raw_s2m2,14,0.0,2.517274856567383,2.517274856567383,dataset_7_keyframe_4
raw_s2m2,15,0.0,2.5178382396698,2.5178382396698,dataset_7_keyframe_4
raw_s2m2,16,0.0,2.422715902328491,2.422715902328491,dataset_7_keyframe_4
raw_s2m2,17,0.0,2.4405651092529297,2.4405651092529297,dataset_7_keyframe_4
raw_s2m2,18,0.0,2.3585994243621826,2.3585994243621826,dataset_7_keyframe_4
raw_s2m2,19,0.0,2.1727194786071777,2.1727194786071777,dataset_7_keyframe_4
raw_s2m2,20,0.0,1.9667561054229736,1.9667561054229736,dataset_7_keyframe_4
raw_s2m2,21,0.0,1.7600892782211304,1.7600892782211304,dataset_7_keyframe_4
raw_s2m2,22,0.0,1.8340270519256592,1.8340270519256592,dataset_7_keyframe_4
raw_s2m2,23,0.0,2.17983078956604,2.17983078956604,dataset_7_keyframe_4
raw_s2m2,24,0.0,2.213658094406128,2.213658094406128,dataset_7_keyframe_4
raw_s2m2,25,0.0,2.397921085357666,2.397921085357666,dataset_7_keyframe_4
raw_s2m2,26,0.0,2.3181967735290527,2.3181967735290527,dataset_7_keyframe_4
raw_s2m2,27,0.0,2.4811737537384033,2.4811737537384033,dataset_7_keyframe_4
raw_s2m2,28,0.0,2.5844290256500244,2.5844290256500244,dataset_7_keyframe_4
raw_s2m2,29,0.0,2.487717628479004,2.487717628479004,dataset_7_keyframe_4
raw_s2m2,30,0.0,2.5647847652435303,2.5647847652435303,dataset_7_keyframe_4
raw_s2m2,31,0.0,2.31801700592041,2.31801700592041,dataset_7_keyframe_4
raw_s2m2,32,0.0,2.390657901763916,2.390657901763916,dataset_7_keyframe_4
raw_s2m2,33,0.0,2.1823575496673584,2.1823575496673584,dataset_7_keyframe_4
raw_s2m2,34,0.0,2.2144269943237305,2.2144269943237305,dataset_7_keyframe_4
raw_s2m2,35,0.0,2.401688814163208,2.401688814163208,dataset_7_keyframe_4
raw_s2m2,36,0.0,2.2837302684783936,2.2837302684783936,dataset_7_keyframe_4
raw_s2m2,37,0.0,2.297938585281372,2.297938585281372,dataset_7_keyframe_4
raw_s2m2,38,0.0,2.584970712661743,2.584970712661743,dataset_7_keyframe_4
raw_s2m2,39,0.0,2.320559501647949,2.320559501647949,dataset_7_keyframe_4
raw_s2m2,40,0.0,2.1705119609832764,2.1705119609832764,dataset_7_keyframe_4
raw_s2m2,41,0.0,2.2509284019470215,2.2509284019470215,dataset_7_keyframe_4
raw_s2m2,42,0.0,2.0788683891296387,2.0788683891296387,dataset_7_keyframe_4
raw_s2m2,43,0.0,1.940221905708313,1.940221905708313,dataset_7_keyframe_4
raw_s2m2,44,0.0,2.139773368835449,2.139773368835449,dataset_7_keyframe_4
raw_s2m2,45,0.0,2.3534011840820312,2.3534011840820312,dataset_7_keyframe_4
raw_s2m2,46,0.0,2.0763778686523438,2.0763778686523438,dataset_7_keyframe_4
raw_s2m2,47,0.0,1.859887719154358,1.859887719154358,dataset_7_keyframe_4
raw_s2m2,48,0.0,1.9125813245773315,1.9125813245773315,dataset_7_keyframe_4
raw_s2m2,49,0.0,2.001732349395752,2.001732349395752,dataset_7_keyframe_4
raw_s2m2,50,0.0,2.198326826095581,2.198326826095581,dataset_7_keyframe_4
raw_s2m2,51,0.0,2.175427198410034,2.175427198410034,dataset_7_keyframe_4
raw_s2m2,52,0.0,1.8735870122909546,1.8735870122909546,dataset_7_keyframe_4
raw_s2m2,53,0.0,1.6585642099380493,1.6585642099380493,dataset_7_keyframe_4
raw_s2m2,54,0.0,1.887718915939331,1.887718915939331,dataset_7_keyframe_4
raw_s2m2,55,0.0,1.6907494068145752,1.6907494068145752,dataset_7_keyframe_4
raw_s2m2,56,0.0,1.6134132146835327,1.6134132146835327,dataset_7_keyframe_4
raw_s2m2,57,0.0,1.5031620264053345,1.5031620264053345,dataset_7_keyframe_4
raw_s2m2,58,0.0,1.2904855012893677,1.2904855012893677,dataset_7_keyframe_4
raw_s2m2,59,0.0,1.3052995204925537,1.3052995204925537,dataset_7_keyframe_4
raw_s2m2,60,0.0,1.214930534362793,1.214930534362793,dataset_7_keyframe_4
raw_s2m2,61,0.0,1.1895439624786377,1.1895439624786377,dataset_7_keyframe_4
raw_s2m2,62,0.0,1.1917213201522827,1.1917213201522827,dataset_7_keyframe_4
raw_s2m2,63,0.0,1.2084405422210693,1.2084405422210693,dataset_7_keyframe_4
raw_s2m2,64,0.0,1.2446999549865723,1.2446999549865723,dataset_7_keyframe_4
raw_s2m2,65,0.0,1.280381441116333,1.280381441116333,dataset_7_keyframe_4
raw_s2m2,66,0.0,1.2772042751312256,1.2772042751312256,dataset_7_keyframe_4
raw_s2m2,67,0.0,1.201360821723938,1.201360821723938,dataset_7_keyframe_4
raw_s2m2,68,0.0,1.2087103128433228,1.2087103128433228,dataset_7_keyframe_4
raw_s2m2,69,0.0,1.211150050163269,1.211150050163269,dataset_7_keyframe_4
raw_s2m2,70,0.0,1.190977931022644,1.190977931022644,dataset_7_keyframe_4
raw_s2m2,71,0.0,1.1889393329620361,1.1889393329620361,dataset_7_keyframe_4
raw_s2m2,72,0.0,1.1995309591293335,1.1995309591293335,dataset_7_keyframe_4
raw_s2m2,73,0.0,1.2454928159713745,1.2454928159713745,dataset_7_keyframe_4
raw_s2m2,74,0.0,1.2391184568405151,1.2391184568405151,dataset_7_keyframe_4
raw_s2m2,75,0.0,1.2700955867767334,1.2700955867767334,dataset_7_keyframe_4
raw_s2m2,76,0.0,1.4204862117767334,1.4204862117767334,dataset_7_keyframe_4
raw_s2m2,77,0.0,1.2310951948165894,1.2310951948165894,dataset_7_keyframe_4
raw_s2m2,78,0.0,1.3001593351364136,1.3001593351364136,dataset_7_keyframe_4
raw_s2m2,79,0.0,1.3285834789276123,1.3285834789276123,dataset_7_keyframe_4
raw_s2m2,80,0.0,1.1683294773101807,1.1683294773101807,dataset_7_keyframe_4
raw_s2m2,81,0.0,1.1671887636184692,1.1671887636184692,dataset_7_keyframe_4
raw_s2m2,82,0.0,1.19430673122406,1.19430673122406,dataset_7_keyframe_4
raw_s2m2,83,0.0,1.1914656162261963,1.1914656162261963,dataset_7_keyframe_4
raw_s2m2,84,0.0,1.2062000036239624,1.2062000036239624,dataset_7_keyframe_4
raw_s2m2,85,0.0,1.2633237838745117,1.2633237838745117,dataset_7_keyframe_4
raw_s2m2,86,0.0,1.2888652086257935,1.2888652086257935,dataset_7_keyframe_4
raw_s2m2,87,0.0,1.4540997743606567,1.4540997743606567,dataset_7_keyframe_4
raw_s2m2,88,0.0,1.3551791906356812,1.3551791906356812,dataset_7_keyframe_4
raw_s2m2,89,0.0,1.4074547290802002,1.4074547290802002,dataset_7_keyframe_4
raw_s2m2,90,0.0,1.5169181823730469,1.5169181823730469,dataset_7_keyframe_4
raw_s2m2,91,0.0,1.5100059509277344,1.5100059509277344,dataset_7_keyframe_4
raw_s2m2,92,0.0,1.54155695438385,1.54155695438385,dataset_7_keyframe_4
raw_s2m2,93,0.0,1.6457606554031372,1.6457606554031372,dataset_7_keyframe_4
raw_s2m2,94,0.0,1.587088942527771,1.587088942527771,dataset_7_keyframe_4
raw_s2m2,95,0.0,1.747248649597168,1.747248649597168,dataset_7_keyframe_4
raw_s2m2,96,0.0,1.5585144758224487,1.5585144758224487,dataset_7_keyframe_4
raw_s2m2,97,0.0,1.7429381608963013,1.7429381608963013,dataset_7_keyframe_4
raw_s2m2,98,0.0,1.4067672491073608,1.4067672491073608,dataset_7_keyframe_4
raw_s2m2,99,0.0,1.631121039390564,1.631121039390564,dataset_7_keyframe_4
raw_s2m2,100,0.0,1.3152828216552734,1.3152828216552734,dataset_7_keyframe_4
raw_s2m2,101,0.0,1.5143262147903442,1.5143262147903442,dataset_7_keyframe_4
raw_s2m2,102,0.0,1.31766939163208,1.31766939163208,dataset_7_keyframe_4
raw_s2m2,103,0.0,1.5450177192687988,1.5450177192687988,dataset_7_keyframe_4
raw_s2m2,104,0.0,1.4839471578598022,1.4839471578598022,dataset_7_keyframe_4
raw_s2m2,105,0.0,1.3665448427200317,1.3665448427200317,dataset_7_keyframe_4
raw_s2m2,106,0.0,1.4587408304214478,1.4587408304214478,dataset_7_keyframe_4
raw_s2m2,107,0.0,1.3694981336593628,1.3694981336593628,dataset_7_keyframe_4
raw_s2m2,108,0.0,1.3867679834365845,1.3867679834365845,dataset_7_keyframe_4
raw_s2m2,109,0.0,1.3998926877975464,1.3998926877975464,dataset_7_keyframe_4
raw_s2m2,110,0.0,1.4729225635528564,1.4729225635528564,dataset_7_keyframe_4
raw_s2m2,111,0.0,1.5336017608642578,1.5336017608642578,dataset_7_keyframe_4
raw_s2m2,112,0.0,1.6431641578674316,1.6431641578674316,dataset_7_keyframe_4
raw_s2m2,113,0.0,1.7168679237365723,1.7168679237365723,dataset_7_keyframe_4
raw_s2m2,114,0.0,1.5790542364120483,1.5790542364120483,dataset_7_keyframe_4
raw_s2m2,115,0.0,1.6242690086364746,1.6242690086364746,dataset_7_keyframe_4
raw_s2m2,116,0.0,1.6662683486938477,1.6662683486938477,dataset_7_keyframe_4
raw_s2m2,117,0.0,1.5401134490966797,1.5401134490966797,dataset_7_keyframe_4
raw_s2m2,118,0.0,1.5091131925582886,1.5091131925582886,dataset_7_keyframe_4
raw_s2m2,119,0.0,1.524131417274475,1.524131417274475,dataset_7_keyframe_4
raw_s2m2,120,0.0,1.5054844617843628,1.5054844617843628,dataset_7_keyframe_4
raw_s2m2,121,0.0,1.567499041557312,1.567499041557312,dataset_7_keyframe_4
raw_s2m2,122,0.0,1.5122348070144653,1.5122348070144653,dataset_7_keyframe_4
raw_s2m2,123,0.0,1.512721300125122,1.512721300125122,dataset_7_keyframe_4
raw_s2m2,124,0.0,1.5121173858642578,1.5121173858642578,dataset_7_keyframe_4
raw_s2m2,125,0.0,1.543861985206604,1.543861985206604,dataset_7_keyframe_4
raw_s2m2,126,0.0,1.5707433223724365,1.5707433223724365,dataset_7_keyframe_4
raw_s2m2,127,0.0,1.5402880907058716,1.5402880907058716,dataset_7_keyframe_4
aligned_local_faithful,0,0.30878591537475586,1.029118537902832,1.0555336475372314,dataset_7_keyframe_4
aligned_local_faithful,1,0.34798750281333923,1.1174043416976929,1.144412636756897,dataset_7_keyframe_4
aligned_local_faithful,2,0.3453648090362549,1.3214768171310425,1.354161024093628,dataset_7_keyframe_4
aligned_local_faithful,3,0.3587566912174225,1.5306938886642456,1.5722919702529907,dataset_7_keyframe_4
aligned_local_faithful,4,0.3710799515247345,1.7584645748138428,1.8015365600585938,dataset_7_keyframe_4
aligned_local_faithful,5,0.3805519938468933,1.9344878196716309,1.9809564352035522,dataset_7_keyframe_4
aligned_local_faithful,6,0.3713461458683014,2.0753118991851807,2.1304421424865723,dataset_7_keyframe_4
aligned_local_faithful,7,0.4016636908054352,2.3939504623413086,2.446380853652954,dataset_7_keyframe_4
aligned_local_faithful,8,0.4207652509212494,2.2721688747406006,2.3466081619262695,dataset_7_keyframe_4
aligned_local_faithful,9,0.41175341606140137,2.65393328666687,2.710493326187134,dataset_7_keyframe_4
aligned_local_faithful,10,0.4318665862083435,2.618520498275757,2.6896448135375977,dataset_7_keyframe_4
aligned_local_faithful,11,0.4553739130496979,2.4900856018066406,2.5680296421051025,dataset_7_keyframe_4
aligned_local_faithful,12,0.4633773863315582,2.616840124130249,2.6954550743103027,dataset_7_keyframe_4
aligned_local_faithful,13,0.4869688153266907,2.6715331077575684,2.7554826736450195,dataset_7_keyframe_4
aligned_local_faithful,14,0.5061849355697632,2.517274856567383,2.6117734909057617,dataset_7_keyframe_4
aligned_local_faithful,15,0.5259027481079102,2.5178382396698,2.6157491207122803,dataset_7_keyframe_4
aligned_local_faithful,16,0.5414999127388,2.422715902328491,2.539550542831421,dataset_7_keyframe_4
aligned_local_faithful,17,0.5510987639427185,2.4405651092529297,2.5539498329162598,dataset_7_keyframe_4
aligned_local_faithful,18,0.5674450397491455,2.3585994243621826,2.481266736984253,dataset_7_keyframe_4
aligned_local_faithful,19,0.5868004560470581,2.1727194786071777,2.321610689163208,dataset_7_keyframe_4
aligned_local_faithful,20,0.6077427268028259,1.9667561054229736,2.1039657592773438,dataset_7_keyframe_4
aligned_local_faithful,21,0.6168710589408875,1.7600892782211304,1.8648419380187988,dataset_7_keyframe_4
aligned_local_faithful,22,0.6033682227134705,1.8340270519256592,1.910328984260559,dataset_7_keyframe_4
aligned_local_faithful,23,0.598418653011322,2.17983078956604,2.2402641773223877,dataset_7_keyframe_4
aligned_local_faithful,24,0.5870633721351624,2.213658094406128,2.2745397090911865,dataset_7_keyframe_4
aligned_local_faithful,25,0.6124858260154724,2.397921085357666,2.4363532066345215,dataset_7_keyframe_4
aligned_local_faithful,26,0.5951762199401855,2.3181967735290527,2.374965190887451,dataset_7_keyframe_4
aligned_local_faithful,27,0.6005979180335999,2.4811737537384033,2.5190930366516113,dataset_7_keyframe_4
aligned_local_faithful,28,0.6055988669395447,2.5844290256500244,2.613351345062256,dataset_7_keyframe_4
aligned_local_faithful,29,0.5953149199485779,2.487717628479004,2.530412435531616,dataset_7_keyframe_4
aligned_local_faithful,30,0.6136072874069214,2.5647847652435303,2.5979883670806885,dataset_7_keyframe_4
aligned_local_faithful,31,0.6131506562232971,2.31801700592041,2.365231513977051,dataset_7_keyframe_4
aligned_local_faithful,32,0.6149053573608398,2.390657901763916,2.41211199760437,dataset_7_keyframe_4
aligned_local_faithful,33,0.6194231510162354,2.1823575496673584,2.209867477416992,dataset_7_keyframe_4
aligned_local_faithful,34,0.6126712560653687,2.2144269943237305,2.2259135246276855,dataset_7_keyframe_4
aligned_local_faithful,35,0.6288670897483826,2.401688814163208,2.3784866333007812,dataset_7_keyframe_4
aligned_local_faithful,36,0.6340968012809753,2.2837302684783936,2.260359764099121,dataset_7_keyframe_4
aligned_local_faithful,37,0.606704831123352,2.297938585281372,2.266003131866455,dataset_7_keyframe_4
aligned_local_faithful,38,0.6253963708877563,2.584970712661743,2.5156431198120117,dataset_7_keyframe_4
aligned_local_faithful,39,0.6031761765480042,2.320559501647949,2.2609879970550537,dataset_7_keyframe_4
aligned_local_faithful,40,0.5868571996688843,2.1705119609832764,2.117302656173706,dataset_7_keyframe_4
aligned_local_faithful,41,0.6001181602478027,2.2509284019470215,2.172823429107666,dataset_7_keyframe_4
aligned_local_faithful,42,0.5992568135261536,2.0788683891296387,2.0095345973968506,dataset_7_keyframe_4
aligned_local_faithful,43,0.5686667561531067,1.940221905708313,1.8731255531311035,dataset_7_keyframe_4
aligned_local_faithful,44,0.564805269241333,2.139773368835449,2.059861421585083,dataset_7_keyframe_4
aligned_local_faithful,45,0.5660886168479919,2.3534011840820312,2.2647194862365723,dataset_7_keyframe_4
aligned_local_faithful,46,0.5430243015289307,2.0763778686523438,2.0028390884399414,dataset_7_keyframe_4
aligned_local_faithful,47,0.535193681716919,1.859887719154358,1.7843230962753296,dataset_7_keyframe_4
aligned_local_faithful,48,0.529237687587738,1.9125813245773315,1.8292715549468994,dataset_7_keyframe_4
aligned_local_faithful,49,0.5154722929000854,2.001732349395752,1.9197837114334106,dataset_7_keyframe_4
aligned_local_faithful,50,0.527492105960846,2.198326826095581,2.109640121459961,dataset_7_keyframe_4
aligned_local_faithful,51,0.5148639678955078,2.175427198410034,2.09525728225708,dataset_7_keyframe_4
aligned_local_faithful,52,0.4834078550338745,1.8735870122909546,1.8029015064239502,dataset_7_keyframe_4
aligned_local_faithful,53,0.4791550040245056,1.6585642099380493,1.5884829759597778,dataset_7_keyframe_4
aligned_local_faithful,54,0.4947841167449951,1.887718915939331,1.7978168725967407,dataset_7_keyframe_4
aligned_local_faithful,55,0.468619167804718,1.6907494068145752,1.6173288822174072,dataset_7_keyframe_4
aligned_local_faithful,56,0.4664108157157898,1.6134132146835327,1.5493804216384888,dataset_7_keyframe_4
aligned_local_faithful,57,0.46239009499549866,1.5031620264053345,1.450202226638794,dataset_7_keyframe_4
aligned_local_faithful,58,0.44256290793418884,1.2904855012893677,1.2725820541381836,dataset_7_keyframe_4
aligned_local_faithful,59,0.45984843373298645,1.3052995204925537,1.2717779874801636,dataset_7_keyframe_4
aligned_local_faithful,60,0.4450724720954895,1.214930534362793,1.1978089809417725,dataset_7_keyframe_4
aligned_local_faithful,61,0.4376695156097412,1.1895439624786377,1.188198447227478,dataset_7_keyframe_4
aligned_local_faithful,62,0.4254637360572815,1.1917213201522827,1.204285740852356,dataset_7_keyframe_4
aligned_local_faithful,63,0.42915913462638855,1.2084405422210693,1.2044497728347778,dataset_7_keyframe_4
aligned_local_faithful,64,0.40914520621299744,1.2446999549865723,1.2557405233383179,dataset_7_keyframe_4
aligned_local_faithful,65,0.4204784035682678,1.280381441116333,1.2809354066848755,dataset_7_keyframe_4
aligned_local_faithful,66,0.399148166179657,1.2772042751312256,1.2813129425048828,dataset_7_keyframe_4
aligned_local_faithful,67,0.4025183320045471,1.201360821723938,1.196864366531372,dataset_7_keyframe_4
aligned_local_faithful,68,0.3923911154270172,1.2087103128433228,1.2057462930679321,dataset_7_keyframe_4
aligned_local_faithful,69,0.3888993263244629,1.211150050163269,1.1949886083602905,dataset_7_keyframe_4
aligned_local_faithful,70,0.40193989872932434,1.190977931022644,1.1684882640838623,dataset_7_keyframe_4
aligned_local_faithful,71,0.3706381916999817,1.1889393329620361,1.1679012775421143,dataset_7_keyframe_4
aligned_local_faithful,72,0.3913591504096985,1.1995309591293335,1.1729120016098022,dataset_7_keyframe_4
aligned_local_faithful,73,0.3593321740627289,1.2454928159713745,1.2252049446105957,dataset_7_keyframe_4
aligned_local_faithful,74,0.3454829752445221,1.2391184568405151,1.21588134765625,dataset_7_keyframe_4
aligned_local_faithful,75,0.34945380687713623,1.2700955867767334,1.2301578521728516,dataset_7_keyframe_4
aligned_local_faithful,76,0.33920741081237793,1.4204862117767334,1.3739780187606812,dataset_7_keyframe_4
aligned_local_faithful,77,0.3169158697128296,1.2310951948165894,1.2075515985488892,dataset_7_keyframe_4
aligned_local_faithful,78,0.3334835171699524,1.3001593351364136,1.2619502544403076,dataset_7_keyframe_4
aligned_local_faithful,79,0.3131544291973114,1.3285834789276123,1.2931302785873413,dataset_7_keyframe_4
aligned_local_faithful,80,0.2953255772590637,1.1683294773101807,1.1484636068344116,dataset_7_keyframe_4
aligned_local_faithful,81,0.3068593442440033,1.1671887636184692,1.1378774642944336,dataset_7_keyframe_4
aligned_local_faithful,82,0.31110522150993347,1.19430673122406,1.1650687456130981,dataset_7_keyframe_4
aligned_local_faithful,83,0.2954789102077484,1.1914656162261963,1.1781818866729736,dataset_7_keyframe_4
aligned_local_faithful,84,0.2871497571468353,1.2062000036239624,1.2006632089614868,dataset_7_keyframe_4
aligned_local_faithful,85,0.28297993540763855,1.2633237838745117,1.2562909126281738,dataset_7_keyframe_4
aligned_local_faithful,86,0.2731687128543854,1.2888652086257935,1.2874220609664917,dataset_7_keyframe_4
aligned_local_faithful,87,0.2817409038543701,1.4540997743606567,1.4348033666610718,dataset_7_keyframe_4
aligned_local_faithful,88,0.2724297046661377,1.3551791906356812,1.3486989736557007,dataset_7_keyframe_4
aligned_local_faithful,89,0.27081814408302307,1.4074547290802002,1.3941484689712524,dataset_7_keyframe_4
aligned_local_faithful,90,0.2805446684360504,1.5169181823730469,1.4955227375030518,dataset_7_keyframe_4
aligned_local_faithful,91,0.26161113381385803,1.5100059509277344,1.495705485343933,dataset_7_keyframe_4
aligned_local_faithful,92,0.26342958211898804,1.54155695438385,1.518825888633728,dataset_7_keyframe_4
aligned_local_faithful,93,0.27703070640563965,1.6457606554031372,1.6152328252792358,dataset_7_keyframe_4
aligned_local_faithful,94,0.2557326555252075,1.587088942527771,1.568143367767334,dataset_7_keyframe_4
aligned_local_faithful,95,0.27697280049324036,1.747248649597168,1.7090609073638916,dataset_7_keyframe_4
aligned_local_faithful,96,0.25378862023353577,1.5585144758224487,1.5359439849853516,dataset_7_keyframe_4
aligned_local_faithful,97,0.2652139961719513,1.7429381608963013,1.7036962509155273,dataset_7_keyframe_4
aligned_local_faithful,98,0.23777948319911957,1.4067672491073608,1.393096923828125,dataset_7_keyframe_4
aligned_local_faithful,99,0.2812688648700714,1.631121039390564,1.5889652967453003,dataset_7_keyframe_4
aligned_local_faithful,100,0.2376953661441803,1.3152828216552734,1.3025867938995361,dataset_7_keyframe_4
aligned_local_faithful,101,0.26744529604911804,1.5143262147903442,1.4785116910934448,dataset_7_keyframe_4
aligned_local_faithful,102,0.239328071475029,1.31766939163208,1.3053481578826904,dataset_7_keyframe_4
aligned_local_faithful,103,0.25451481342315674,1.5450177192687988,1.5098267793655396,dataset_7_keyframe_4
aligned_local_faithful,104,0.24782176315784454,1.4839471578598022,1.4644876718521118,dataset_7_keyframe_4
aligned_local_faithful,105,0.23396439850330353,1.3665448427200317,1.3682633638381958,dataset_7_keyframe_4
aligned_local_faithful,106,0.25825604796409607,1.4587408304214478,1.4406027793884277,dataset_7_keyframe_4
aligned_local_faithful,107,0.222548246383667,1.3694981336593628,1.3781201839447021,dataset_7_keyframe_4
aligned_local_faithful,108,0.2573285698890686,1.3867679834365845,1.385629653930664,dataset_7_keyframe_4
aligned_local_faithful,109,0.23195980489253998,1.3998926877975464,1.40149986743927,dataset_7_keyframe_4
aligned_local_faithful,110,0.23798225820064545,1.4729225635528564,1.4742016792297363,dataset_7_keyframe_4
aligned_local_faithful,111,0.26688632369041443,1.5336017608642578,1.5201201438903809,dataset_7_keyframe_4
aligned_local_faithful,112,0.22445841133594513,1.6431641578674316,1.645208716392517,dataset_7_keyframe_4
aligned_local_faithful,113,0.2816075384616852,1.7168679237365723,1.6938352584838867,dataset_7_keyframe_4
aligned_local_faithful,114,0.23929011821746826,1.5790542364120483,1.5707255601882935,dataset_7_keyframe_4
aligned_local_faithful,115,0.24865709245204926,1.6242690086364746,1.6120941638946533,dataset_7_keyframe_4
aligned_local_faithful,116,0.2822045385837555,1.6662683486938477,1.645585060119629,dataset_7_keyframe_4
aligned_local_faithful,117,0.2394305318593979,1.5401134490966797,1.5351712703704834,dataset_7_keyframe_4
aligned_local_faithful,118,0.24432560801506042,1.5091131925582886,1.5142918825149536,dataset_7_keyframe_4
aligned_local_faithful,119,0.2640422582626343,1.524131417274475,1.515018343925476,dataset_7_keyframe_4
aligned_local_faithful,120,0.27795425057411194,1.5054844617843628,1.4949569702148438,dataset_7_keyframe_4
aligned_local_faithful,121,0.24635392427444458,1.567499041557312,1.5683485269546509,dataset_7_keyframe_4
aligned_local_faithful,122,0.2676127254962921,1.5122348070144653,1.512932300567627,dataset_7_keyframe_4
aligned_local_faithful,123,0.2792392075061798,1.512721300125122,1.5034124851226807,dataset_7_keyframe_4
aligned_local_faithful,124,0.24518036842346191,1.5121173858642578,1.5181406736373901,dataset_7_keyframe_4
aligned_local_faithful,125,0.27676162123680115,1.543861985206604,1.554548740386963,dataset_7_keyframe_4
aligned_local_faithful,126,0.3063233196735382,1.5707433223724365,1.5636096000671387,dataset_7_keyframe_4
aligned_local_faithful,127,0.28179287910461426,1.5402880907058716,1.5429937839508057,dataset_7_keyframe_4
faithful_full,0,0.9968555569648743,1.029118537902832,1.1323935985565186,dataset_7_keyframe_4
faithful_full,1,0.9970219731330872,1.1174043416976929,1.2303136587142944,dataset_7_keyframe_4
faithful_full,2,0.9970445036888123,1.3214768171310425,1.48682701587677,dataset_7_keyframe_4
faithful_full,3,0.9972195029258728,1.5306938886642456,1.709568738937378,dataset_7_keyframe_4
faithful_full,4,0.9969460368156433,1.7584645748138428,1.9472161531448364,dataset_7_keyframe_4
faithful_full,5,0.9968283772468567,1.9344878196716309,2.122175455093384,dataset_7_keyframe_4
faithful_full,6,0.997155487537384,2.0753118991851807,2.2858521938323975,dataset_7_keyframe_4
faithful_full,7,0.9970456957817078,2.3939504623413086,2.590392827987671,dataset_7_keyframe_4
faithful_full,8,0.9973381161689758,2.2721688747406006,2.475189685821533,dataset_7_keyframe_4
faithful_full,9,0.9972826242446899,2.65393328666687,2.853339433670044,dataset_7_keyframe_4
faithful_full,10,0.9971374869346619,2.618520498275757,2.824366331100464,dataset_7_keyframe_4
faithful_full,11,0.9972591400146484,2.4900856018066406,2.697969436645508,dataset_7_keyframe_4
faithful_full,12,0.99712735414505,2.616840124130249,2.828289031982422,dataset_7_keyframe_4
faithful_full,13,0.9972328543663025,2.6715331077575684,2.887993812561035,dataset_7_keyframe_4
faithful_full,14,0.9972558617591858,2.517274856567383,2.7401068210601807,dataset_7_keyframe_4
faithful_full,15,0.997202455997467,2.5178382396698,2.7418534755706787,dataset_7_keyframe_4
faithful_full,16,0.9971105456352234,2.422715902328491,2.660876989364624,dataset_7_keyframe_4
faithful_full,17,0.9970040321350098,2.4405651092529297,2.674567937850952,dataset_7_keyframe_4
faithful_full,18,0.9966222643852234,2.3585994243621826,2.5934133529663086,dataset_7_keyframe_4
faithful_full,19,0.9969104528427124,2.1727194786071777,2.424626588821411,dataset_7_keyframe_4
faithful_full,20,0.9971367120742798,1.9667561054229736,2.207937717437744,dataset_7_keyframe_4
faithful_full,21,0.9969193935394287,1.7600892782211304,1.9558426141738892,dataset_7_keyframe_4
faithful_full,22,0.997002124786377,1.8340270519256592,1.987470269203186,dataset_7_keyframe_4
faithful_full,23,0.9970915913581848,2.17983078956604,2.2801291942596436,dataset_7_keyframe_4
faithful_full,24,0.9972289204597473,2.213658094406128,2.322298526763916,dataset_7_keyframe_4
faithful_full,25,0.9971795082092285,2.397921085357666,2.467688798904419,dataset_7_keyframe_4
faithful_full,26,0.9968925714492798,2.3181967735290527,2.4226157665252686,dataset_7_keyframe_4
faithful_full,27,0.997097373008728,2.4811737537384033,2.571326732635498,dataset_7_keyframe_4
faithful_full,28,0.9973732829093933,2.5844290256500244,2.6613659858703613,dataset_7_keyframe_4
faithful_full,29,0.9967573881149292,2.487717628479004,2.5911362171173096,dataset_7_keyframe_4
faithful_full,30,0.9980868101119995,2.5647847652435303,2.6571459770202637,dataset_7_keyframe_4
faithful_full,31,0.9979704022407532,2.31801700592041,2.4328784942626953,dataset_7_keyframe_4
faithful_full,32,0.997797429561615,2.390657901763916,2.4752891063690186,dataset_7_keyframe_4
faithful_full,33,0.9977340698242188,2.1823575496673584,2.264638662338257,dataset_7_keyframe_4
faithful_full,34,0.9973498582839966,2.2144269943237305,2.2818126678466797,dataset_7_keyframe_4
faithful_full,35,0.9976915121078491,2.401688814163208,2.4187567234039307,dataset_7_keyframe_4
faithful_full,36,0.9975889325141907,2.2837302684783936,2.291516065597534,dataset_7_keyframe_4
faithful_full,37,0.9974570870399475,2.297938585281372,2.2950921058654785,dataset_7_keyframe_4
faithful_full,38,0.9975121021270752,2.584970712661743,2.5392565727233887,dataset_7_keyframe_4
faithful_full,39,0.9978299140930176,2.320559501647949,2.269040107727051,dataset_7_keyframe_4
faithful_full,40,0.9973487854003906,2.1705119609832764,2.124079942703247,dataset_7_keyframe_4
faithful_full,41,0.9980082511901855,2.2509284019470215,2.179145574569702,dataset_7_keyframe_4
faithful_full,42,0.9978252649307251,2.0788683891296387,2.0029430389404297,dataset_7_keyframe_4
faithful_full,43,0.9977520108222961,1.940221905708313,1.87126624584198,dataset_7_keyframe_4
faithful_full,44,0.998177707195282,2.139773368835449,2.060319185256958,dataset_7_keyframe_4
faithful_full,45,0.9981319308280945,2.3534011840820312,2.2582967281341553,dataset_7_keyframe_4
faithful_full,46,0.9980500340461731,2.0763778686523438,1.9782898426055908,dataset_7_keyframe_4
faithful_full,47,0.9981266260147095,1.859887719154358,1.7626539468765259,dataset_7_keyframe_4
faithful_full,48,0.9983497858047485,1.9125813245773315,1.806678056716919,dataset_7_keyframe_4
faithful_full,49,0.9979767203330994,2.001732349395752,1.8959779739379883,dataset_7_keyframe_4
faithful_full,50,0.9979649186134338,2.198326826095581,2.0843539237976074,dataset_7_keyframe_4
faithful_full,51,0.9977918863296509,2.175427198410034,2.0614631175994873,dataset_7_keyframe_4
faithful_full,52,0.9979305863380432,1.8735870122909546,1.768347978591919,dataset_7_keyframe_4
faithful_full,53,0.9976257681846619,1.6585642099380493,1.5465532541275024,dataset_7_keyframe_4
faithful_full,54,0.9975188970565796,1.887718915939331,1.7431036233901978,dataset_7_keyframe_4
faithful_full,55,0.9976212382316589,1.6907494068145752,1.5636394023895264,dataset_7_keyframe_4
faithful_full,56,0.9968723058700562,1.6134132146835327,1.5096567869186401,dataset_7_keyframe_4
faithful_full,57,0.997236967086792,1.5031620264053345,1.4166946411132812,dataset_7_keyframe_4
faithful_full,58,0.9965314269065857,1.2904855012893677,1.2669339179992676,dataset_7_keyframe_4
faithful_full,59,0.9969257116317749,1.3052995204925537,1.272402048110962,dataset_7_keyframe_4
faithful_full,60,0.9964944124221802,1.214930534362793,1.2017040252685547,dataset_7_keyframe_4
faithful_full,61,0.9965355396270752,1.1895439624786377,1.199391484260559,dataset_7_keyframe_4
faithful_full,62,0.9969549179077148,1.1917213201522827,1.2243998050689697,dataset_7_keyframe_4
faithful_full,63,0.9968091249465942,1.2084405422210693,1.2105728387832642,dataset_7_keyframe_4
faithful_full,64,0.9965978860855103,1.2446999549865723,1.2836480140686035,dataset_7_keyframe_4
faithful_full,65,0.9967575669288635,1.280381441116333,1.302380084991455,dataset_7_keyframe_4
faithful_full,66,0.9967284202575684,1.2772042751312256,1.3080024719238281,dataset_7_keyframe_4
faithful_full,67,0.9962100982666016,1.201360821723938,1.2033586502075195,dataset_7_keyframe_4
faithful_full,68,0.9962807297706604,1.2087103128433228,1.2105333805084229,dataset_7_keyframe_4
faithful_full,69,0.9968898296356201,1.211150050163269,1.1884291172027588,dataset_7_keyframe_4
faithful_full,70,0.996697187423706,1.190977931022644,1.1373553276062012,dataset_7_keyframe_4
faithful_full,71,0.9959640502929688,1.1889393329620361,1.1329514980316162,dataset_7_keyframe_4
faithful_full,72,0.996847927570343,1.1995309591293335,1.1181777715682983,dataset_7_keyframe_4
faithful_full,73,0.9962477087974548,1.2454928159713745,1.1765776872634888,dataset_7_keyframe_4
faithful_full,74,0.9966806769371033,1.2391184568405151,1.153238296508789,dataset_7_keyframe_4
faithful_full,75,0.9961183667182922,1.2700955867767334,1.153623342514038,dataset_7_keyframe_4
faithful_full,76,0.9963818788528442,1.4204862117767334,1.2723637819290161,dataset_7_keyframe_4
faithful_full,77,0.9963794350624084,1.2310951948165894,1.1262725591659546,dataset_7_keyframe_4
faithful_full,78,0.9957737922668457,1.3001593351364136,1.1629492044448853,dataset_7_keyframe_4
faithful_full,79,0.9962650537490845,1.3285834789276123,1.1862467527389526,dataset_7_keyframe_4
faithful_full,80,0.9954608678817749,1.1683294773101807,1.072065830230713,dataset_7_keyframe_4
faithful_full,81,0.9950580596923828,1.1671887636184692,1.071333885192871,dataset_7_keyframe_4
faithful_full,82,0.9954925179481506,1.19430673122406,1.1053416728973389,dataset_7_keyframe_4
faithful_full,83,0.994482696056366,1.1914656162261963,1.1346944570541382,dataset_7_keyframe_4
faithful_full,84,0.9936404824256897,1.2062000036239624,1.18632972240448,dataset_7_keyframe_4
faithful_full,85,0.9936962127685547,1.2633237838745117,1.249122142791748,dataset_7_keyframe_4
faithful_full,86,0.9931696653366089,1.2888652086257935,1.2924976348876953,dataset_7_keyframe_4
faithful_full,87,0.9933586120605469,1.4540997743606567,1.4061510562896729,dataset_7_keyframe_4
faithful_full,88,0.9933816194534302,1.3551791906356812,1.334293007850647,dataset_7_keyframe_4
faithful_full,89,0.9930484890937805,1.4074547290802002,1.3758370876312256,dataset_7_keyframe_4
faithful_full,90,0.9932904243469238,1.5169181823730469,1.458509087562561,dataset_7_keyframe_4
faithful_full,91,0.9928914308547974,1.5100059509277344,1.4671430587768555,dataset_7_keyframe_4
faithful_full,92,0.9927676916122437,1.54155695438385,1.4821670055389404,dataset_7_keyframe_4
faithful_full,93,0.9932374358177185,1.6457606554031372,1.57095468044281,dataset_7_keyframe_4
faithful_full,94,0.9930095672607422,1.587088942527771,1.5315240621566772,dataset_7_keyframe_4
faithful_full,95,0.9928090572357178,1.747248649597168,1.6623083353042603,dataset_7_keyframe_4
faithful_full,96,0.9930942058563232,1.5585144758224487,1.4873870611190796,dataset_7_keyframe_4
faithful_full,97,0.9923651218414307,1.7429381608963013,1.6516534090042114,dataset_7_keyframe_4
faithful_full,98,0.9925755858421326,1.4067672491073608,1.3714340925216675,dataset_7_keyframe_4
faithful_full,99,0.9927592277526855,1.631121039390564,1.5474035739898682,dataset_7_keyframe_4
faithful_full,100,0.991981565952301,1.3152828216552734,1.2904760837554932,dataset_7_keyframe_4
faithful_full,101,0.9913440346717834,1.5143262147903442,1.4363964796066284,dataset_7_keyframe_4
faithful_full,102,0.9914805293083191,1.31766939163208,1.2986109256744385,dataset_7_keyframe_4
faithful_full,103,0.9915069937705994,1.5450177192687988,1.4629713296890259,dataset_7_keyframe_4
faithful_full,104,0.9917227029800415,1.4839471578598022,1.4324309825897217,dataset_7_keyframe_4
faithful_full,105,0.991673469543457,1.3665448427200317,1.3756147623062134,dataset_7_keyframe_4
faithful_full,106,0.9920729398727417,1.4587408304214478,1.412972092628479,dataset_7_keyframe_4
faithful_full,107,0.9903820753097534,1.3694981336593628,1.4164776802062988,dataset_7_keyframe_4
faithful_full,108,0.9900517463684082,1.3867679834365845,1.3966171741485596,dataset_7_keyframe_4
faithful_full,109,0.9897828102111816,1.3998926877975464,1.4442217350006104,dataset_7_keyframe_4
faithful_full,110,0.9897531270980835,1.4729225635528564,1.515000820159912,dataset_7_keyframe_4
faithful_full,111,0.9903256297111511,1.5336017608642578,1.5187838077545166,dataset_7_keyframe_4
faithful_full,112,0.9891684651374817,1.6431641578674316,1.7207673788070679,dataset_7_keyframe_4
faithful_full,113,0.9905997514724731,1.7168679237365723,1.6967108249664307,dataset_7_keyframe_4
faithful_full,114,0.9891875982284546,1.5790542364120483,1.5819365978240967,dataset_7_keyframe_4
faithful_full,115,0.9885709881782532,1.6242690086364746,1.6338527202606201,dataset_7_keyframe_4
faithful_full,116,0.9891325235366821,1.6662683486938477,1.6278064250946045,dataset_7_keyframe_4
faithful_full,117,0.9897246360778809,1.5401134490966797,1.5531612634658813,dataset_7_keyframe_4
faithful_full,118,0.9901366829872131,1.5091131925582886,1.5367112159729004,dataset_7_keyframe_4
faithful_full,119,0.9895983338356018,1.524131417274475,1.5259876251220703,dataset_7_keyframe_4
faithful_full,120,0.9891685247421265,1.5054844617843628,1.4895973205566406,dataset_7_keyframe_4
faithful_full,121,0.9889474511146545,1.567499041557312,1.6110246181488037,dataset_7_keyframe_4
faithful_full,122,0.9885381460189819,1.5122348070144653,1.5334280729293823,dataset_7_keyframe_4
faithful_full,123,0.9891133904457092,1.512721300125122,1.5123333930969238,dataset_7_keyframe_4
faithful_full,124,0.9890754818916321,1.5121173858642578,1.558631420135498,dataset_7_keyframe_4
faithful_full,125,0.9881108403205872,1.543861985206604,1.600908637046814,dataset_7_keyframe_4
faithful_full,126,0.9891022443771362,1.5707433223724365,1.5793193578720093,dataset_7_keyframe_4
faithful_full,127,0.9887282848358154,1.5402880907058716,1.5655869245529175,dataset_7_keyframe_4
faithful_state_reset,0,0.9968555569648743,1.029118537902832,1.1323935985565186,dataset_7_keyframe_4
faithful_state_reset,1,0.997395932674408,1.1174043416976929,1.2356274127960205,dataset_7_keyframe_4
faithful_state_reset,2,0.9974858164787292,1.3214768171310425,1.4937868118286133,dataset_7_keyframe_4
faithful_state_reset,3,0.9977433681488037,1.5306938886642456,1.7170650959014893,dataset_7_keyframe_4
faithful_state_reset,4,0.9976456165313721,1.7584645748138428,1.9550706148147583,dataset_7_keyframe_4
faithful_state_reset,5,0.9976246953010559,1.9344878196716309,2.1298880577087402,dataset_7_keyframe_4
faithful_state_reset,6,0.9975347518920898,2.0753118991851807,2.2945282459259033,dataset_7_keyframe_4
faithful_state_reset,7,0.9978217482566833,2.3939504623413086,2.5984418392181396,dataset_7_keyframe_4
faithful_state_reset,8,0.9980615973472595,2.2721688747406006,2.4835095405578613,dataset_7_keyframe_4
faithful_state_reset,9,0.9978315830230713,2.65393328666687,2.86185622215271,dataset_7_keyframe_4
faithful_state_reset,10,0.997718334197998,2.618520498275757,2.83278751373291,dataset_7_keyframe_4
faithful_state_reset,11,0.9977461099624634,2.4900856018066406,2.7068145275115967,dataset_7_keyframe_4
faithful_state_reset,12,0.997715950012207,2.616840124130249,2.8373196125030518,dataset_7_keyframe_4
faithful_state_reset,13,0.997755229473114,2.6715331077575684,2.897331714630127,dataset_7_keyframe_4
faithful_state_reset,14,0.9979241490364075,2.517274856567383,2.750040054321289,dataset_7_keyframe_4
faithful_state_reset,15,0.9977619647979736,2.5178382396698,2.7517340183258057,dataset_7_keyframe_4
faithful_state_reset,16,0.997775137424469,2.422715902328491,2.6715502738952637,dataset_7_keyframe_4
faithful_state_reset,17,0.9978330135345459,2.4405651092529297,2.685232639312744,dataset_7_keyframe_4
faithful_state_reset,18,0.9975288510322571,2.3585994243621826,2.604114055633545,dataset_7_keyframe_4
faithful_state_reset,19,0.9975578188896179,2.1727194786071777,2.4362633228302,dataset_7_keyframe_4
faithful_state_reset,20,0.9978156685829163,1.9667561054229736,2.2189671993255615,dataset_7_keyframe_4
faithful_state_reset,21,0.9977300763130188,1.7600892782211304,1.9651405811309814,dataset_7_keyframe_4
faithful_state_reset,22,0.9976781010627747,1.8340270519256592,1.9950953722000122,dataset_7_keyframe_4
faithful_state_reset,23,0.9973254203796387,2.17983078956604,2.285374879837036,dataset_7_keyframe_4
faithful_state_reset,24,0.9976372718811035,2.213658094406128,2.3279926776885986,dataset_7_keyframe_4
faithful_state_reset,25,0.9973830580711365,2.397921085357666,2.4714441299438477,dataset_7_keyframe_4
faithful_state_reset,26,0.9969797134399414,2.3181967735290527,2.4279277324676514,dataset_7_keyframe_4
faithful_state_reset,27,0.9971408843994141,2.4811737537384033,2.57616925239563,dataset_7_keyframe_4
faithful_state_reset,28,0.9972862005233765,2.5844290256500244,2.6650173664093018,dataset_7_keyframe_4
faithful_state_reset,29,0.9974408149719238,2.487717628479004,2.5965611934661865,dataset_7_keyframe_4
faithful_state_reset,30,0.998454749584198,2.5647847652435303,2.661801338195801,dataset_7_keyframe_4
faithful_state_reset,31,0.9983136057853699,2.31801700592041,2.438629627227783,dataset_7_keyframe_4
faithful_state_reset,32,0.9983556270599365,2.390657901763916,2.4799115657806396,dataset_7_keyframe_4
faithful_state_reset,33,0.9981474876403809,2.1823575496673584,2.2689077854156494,dataset_7_keyframe_4
faithful_state_reset,34,0.9978768229484558,2.2144269943237305,2.2856807708740234,dataset_7_keyframe_4
faithful_state_reset,35,0.9980683922767639,2.401688814163208,2.4199979305267334,dataset_7_keyframe_4
faithful_state_reset,36,0.9981440901756287,2.2837302684783936,2.2923014163970947,dataset_7_keyframe_4
faithful_state_reset,37,0.9981008172035217,2.297938585281372,2.295562744140625,dataset_7_keyframe_4
faithful_state_reset,38,0.9980812072753906,2.584970712661743,2.537489652633667,dataset_7_keyframe_4
faithful_state_reset,39,0.9983395338058472,2.320559501647949,2.2665414810180664,dataset_7_keyframe_4
faithful_state_reset,40,0.9981658458709717,2.1705119609832764,2.1222829818725586,dataset_7_keyframe_4
faithful_state_reset,41,0.998497724533081,2.2509284019470215,2.1763954162597656,dataset_7_keyframe_4
faithful_state_reset,42,0.9986129999160767,2.0788683891296387,1.9994324445724487,dataset_7_keyframe_4
faithful_state_reset,43,0.9986512064933777,1.940221905708313,1.8686411380767822,dataset_7_keyframe_4
faithful_state_reset,44,0.9988961219787598,2.139773368835449,2.0569796562194824,dataset_7_keyframe_4
faithful_state_reset,45,0.9991364479064941,2.3534011840820312,2.2540152072906494,dataset_7_keyframe_4
faithful_state_reset,46,0.9987591505050659,2.0763778686523438,1.9738456010818481,dataset_7_keyframe_4
faithful_state_reset,47,0.9986796975135803,1.859887719154358,1.7587543725967407,dataset_7_keyframe_4
faithful_state_reset,48,0.9988340735435486,1.9125813245773315,1.8024718761444092,dataset_7_keyframe_4
faithful_state_reset,49,0.9986993074417114,2.001732349395752,1.891200065612793,dataset_7_keyframe_4
faithful_state_reset,50,0.9988915920257568,2.198326826095581,2.0794262886047363,dataset_7_keyframe_4
faithful_state_reset,51,0.9986495971679688,2.175427198410034,2.0561578273773193,dataset_7_keyframe_4
faithful_state_reset,52,0.9987435340881348,1.8735870122909546,1.763898253440857,dataset_7_keyframe_4
faithful_state_reset,53,0.9987661838531494,1.6585642099380493,1.5421369075775146,dataset_7_keyframe_4
faithful_state_reset,54,0.9981767535209656,1.887718915939331,1.7371890544891357,dataset_7_keyframe_4
faithful_state_reset,55,0.9987630248069763,1.6907494068145752,1.5584650039672852,dataset_7_keyframe_4
faithful_state_reset,56,0.9980811476707458,1.6134132146835327,1.5056452751159668,dataset_7_keyframe_4
faithful_state_reset,57,0.9983189702033997,1.5031620264053345,1.4135215282440186,dataset_7_keyframe_4
faithful_state_reset,58,0.9981682896614075,1.2904855012893677,1.2668538093566895,dataset_7_keyframe_4
faithful_state_reset,59,0.9979830980300903,1.3052995204925537,1.2721986770629883,dataset_7_keyframe_4
faithful_state_reset,60,0.9980502724647522,1.214930534362793,1.2022076845169067,dataset_7_keyframe_4
faithful_state_reset,61,0.9977431297302246,1.1895439624786377,1.201266884803772,dataset_7_keyframe_4
faithful_state_reset,62,0.9978107213973999,1.1917213201522827,1.2269963026046753,dataset_7_keyframe_4
faithful_state_reset,63,0.9980734586715698,1.2084405422210693,1.2118256092071533,dataset_7_keyframe_4
faithful_state_reset,64,0.9974483847618103,1.2446999549865723,1.2865794897079468,dataset_7_keyframe_4
faithful_state_reset,65,0.9979403614997864,1.280381441116333,1.3043885231018066,dataset_7_keyframe_4
faithful_state_reset,66,0.9976749420166016,1.2772042751312256,1.3103578090667725,dataset_7_keyframe_4
faithful_state_reset,67,0.9974526762962341,1.201360821723938,1.204607367515564,dataset_7_keyframe_4
faithful_state_reset,68,0.9975066184997559,1.2087103128433228,1.2117747068405151,dataset_7_keyframe_4
faithful_state_reset,69,0.9977039098739624,1.211150050163269,1.1887098550796509,dataset_7_keyframe_4
faithful_state_reset,70,0.9982022643089294,1.190977931022644,1.1361726522445679,dataset_7_keyframe_4
faithful_state_reset,71,0.997813880443573,1.1889393329620361,1.131980061531067,dataset_7_keyframe_4
faithful_state_reset,72,0.9978985786437988,1.1995309591293335,1.1161469221115112,dataset_7_keyframe_4
faithful_state_reset,73,0.9977233409881592,1.2454928159713745,1.1750627756118774,dataset_7_keyframe_4
faithful_state_reset,74,0.9974417686462402,1.2391184568405151,1.1507834196090698,dataset_7_keyframe_4
faithful_state_reset,75,0.9974122643470764,1.2700955867767334,1.1499706506729126,dataset_7_keyframe_4
faithful_state_reset,76,0.9971693158149719,1.4204862117767334,1.2671316862106323,dataset_7_keyframe_4
faithful_state_reset,77,0.997450590133667,1.2310951948165894,1.1230860948562622,dataset_7_keyframe_4
faithful_state_reset,78,0.9974042177200317,1.3001593351364136,1.1584267616271973,dataset_7_keyframe_4
faithful_state_reset,79,0.9974308609962463,1.3285834789276123,1.181275725364685,dataset_7_keyframe_4
faithful_state_reset,80,0.9967920184135437,1.1683294773101807,1.0691837072372437,dataset_7_keyframe_4
faithful_state_reset,81,0.9968371391296387,1.1671887636184692,1.0685503482818604,dataset_7_keyframe_4
faithful_state_reset,82,0.9969286918640137,1.19430673122406,1.1026839017868042,dataset_7_keyframe_4
faithful_state_reset,83,0.996023952960968,1.1914656162261963,1.1334131956100464,dataset_7_keyframe_4
faithful_state_reset,84,0.9959942102432251,1.2062000036239624,1.1863572597503662,dataset_7_keyframe_4
faithful_state_reset,85,0.996148943901062,1.2633237838745117,1.249197244644165,dataset_7_keyframe_4
faithful_state_reset,86,0.9954696893692017,1.2888652086257935,1.2934937477111816,dataset_7_keyframe_4
faithful_state_reset,87,0.9960669875144958,1.4540997743606567,1.4049092531204224,dataset_7_keyframe_4
faithful_state_reset,88,0.9959142804145813,1.3551791906356812,1.334143877029419,dataset_7_keyframe_4
faithful_state_reset,89,0.9953332543373108,1.4074547290802002,1.3751991987228394,dataset_7_keyframe_4
faithful_state_reset,90,0.9959791898727417,1.5169181823730469,1.45662260055542,dataset_7_keyframe_4
faithful_state_reset,91,0.9948506951332092,1.5100059509277344,1.4659322500228882,dataset_7_keyframe_4
faithful_state_reset,92,0.9948632717132568,1.54155695438385,1.4801255464553833,dataset_7_keyframe_4
faithful_state_reset,93,0.9949800968170166,1.6457606554031372,1.568307638168335,dataset_7_keyframe_4
faithful_state_reset,94,0.9951543807983398,1.587088942527771,1.5295661687850952,dataset_7_keyframe_4
faithful_state_reset,95,0.9950444102287292,1.747248649597168,1.6594538688659668,dataset_7_keyframe_4
faithful_state_reset,96,0.994875431060791,1.5585144758224487,1.4846304655075073,dataset_7_keyframe_4
faithful_state_reset,97,0.9943156838417053,1.7429381608963013,1.648521065711975,dataset_7_keyframe_4
faithful_state_reset,98,0.9945025444030762,1.4067672491073608,1.3702707290649414,dataset_7_keyframe_4
faithful_state_reset,99,0.9947993159294128,1.631121039390564,1.5447025299072266,dataset_7_keyframe_4
faithful_state_reset,100,0.9937019348144531,1.3152828216552734,1.2899399995803833,dataset_7_keyframe_4
faithful_state_reset,101,0.9940712451934814,1.5143262147903442,1.4338347911834717,dataset_7_keyframe_4
faithful_state_reset,102,0.9933168888092041,1.31766939163208,1.298293948173523,dataset_7_keyframe_4
faithful_state_reset,103,0.9932546615600586,1.5450177192687988,1.460258960723877,dataset_7_keyframe_4
faithful_state_reset,104,0.994398832321167,1.4839471578598022,1.4309645891189575,dataset_7_keyframe_4
faithful_state_reset,105,0.9935730695724487,1.3665448427200317,1.376136302947998,dataset_7_keyframe_4
faithful_state_reset,106,0.9935812950134277,1.4587408304214478,1.4119598865509033,dataset_7_keyframe_4
faithful_state_reset,107,0.9917513728141785,1.3694981336593628,1.4187077283859253,dataset_7_keyframe_4
faithful_state_reset,108,0.9917429685592651,1.3867679834365845,1.3973826169967651,dataset_7_keyframe_4
faithful_state_reset,109,0.991569995880127,1.3998926877975464,1.4465192556381226,dataset_7_keyframe_4
faithful_state_reset,110,0.9921601414680481,1.4729225635528564,1.5168755054473877,dataset_7_keyframe_4
faithful_state_reset,111,0.9930246472358704,1.5336017608642578,1.518669605255127,dataset_7_keyframe_4
faithful_state_reset,112,0.9909558296203613,1.6431641578674316,1.7242852449417114,dataset_7_keyframe_4
faithful_state_reset,113,0.9928951859474182,1.7168679237365723,1.6963170766830444,dataset_7_keyframe_4
faithful_state_reset,114,0.9920957684516907,1.5790542364120483,1.5822525024414062,dataset_7_keyframe_4
faithful_state_reset,115,0.9906662702560425,1.6242690086364746,1.634639859199524,dataset_7_keyframe_4
faithful_state_reset,116,0.9917329549789429,1.6662683486938477,1.626412034034729,dataset_7_keyframe_4
faithful_state_reset,117,0.990509033203125,1.5401134490966797,1.554048776626587,dataset_7_keyframe_4
faithful_state_reset,118,0.9911269545555115,1.5091131925582886,1.5381193161010742,dataset_7_keyframe_4
faithful_state_reset,119,0.9907585382461548,1.524131417274475,1.5263317823410034,dataset_7_keyframe_4
faithful_state_reset,120,0.9916117191314697,1.5054844617843628,1.4890761375427246,dataset_7_keyframe_4
faithful_state_reset,121,0.9907341599464417,1.567499041557312,1.6131913661956787,dataset_7_keyframe_4
faithful_state_reset,122,0.990343451499939,1.5122348070144653,1.5344589948654175,dataset_7_keyframe_4
faithful_state_reset,123,0.9909348487854004,1.512721300125122,1.5125476121902466,dataset_7_keyframe_4
faithful_state_reset,124,0.9909605383872986,1.5121173858642578,1.5608272552490234,dataset_7_keyframe_4
faithful_state_reset,125,0.9903318881988525,1.543861985206604,1.603365182876587,dataset_7_keyframe_4
faithful_state_reset,126,0.9916948676109314,1.5707433223724365,1.5799726247787476,dataset_7_keyframe_4
faithful_state_reset,127,0.9918224811553955,1.5402880907058716,1.5670522451400757,dataset_7_keyframe_4
faithful_shuffled_existing,0,0.9968555569648743,1.029118537902832,1.1323935985565186,dataset_7_keyframe_4
faithful_shuffled_existing,1,0.9966347217559814,1.1174043416976929,1.2301894426345825,dataset_7_keyframe_4
faithful_shuffled_existing,2,0.9967101812362671,1.3214768171310425,1.4865533113479614,dataset_7_keyframe_4
faithful_shuffled_existing,3,0.9968031048774719,1.5306938886642456,1.709614872932434,dataset_7_keyframe_4
faithful_shuffled_existing,4,0.9968787431716919,1.7584645748138428,1.9471238851547241,dataset_7_keyframe_4
faithful_shuffled_existing,5,0.9966529607772827,1.9344878196716309,2.1226279735565186,dataset_7_keyframe_4
faithful_shuffled_existing,6,0.9967220425605774,2.0753118991851807,2.2853877544403076,dataset_7_keyframe_4
faithful_shuffled_existing,7,0.996895968914032,2.3939504623413086,2.5906758308410645,dataset_7_keyframe_4
faithful_shuffled_existing,8,0.9972152709960938,2.2721688747406006,2.476381540298462,dataset_7_keyframe_4
faithful_shuffled_existing,9,0.9972002506256104,2.65393328666687,2.8531508445739746,dataset_7_keyframe_4
faithful_shuffled_existing,10,0.9970545172691345,2.618520498275757,2.8254785537719727,dataset_7_keyframe_4
faithful_shuffled_existing,11,0.9971339106559753,2.4900856018066406,2.699953556060791,dataset_7_keyframe_4
faithful_shuffled_existing,12,0.9970293045043945,2.616840124130249,2.827686071395874,dataset_7_keyframe_4
faithful_shuffled_existing,13,0.9970210790634155,2.6715331077575684,2.889753818511963,dataset_7_keyframe_4
faithful_shuffled_existing,14,0.9968861937522888,2.517274856567383,2.7402102947235107,dataset_7_keyframe_4
faithful_shuffled_existing,15,0.9971450567245483,2.5178382396698,2.747602701187134,dataset_7_keyframe_4
faithful_shuffled_existing,16,0.9972261190414429,2.422715902328491,2.6600632667541504,dataset_7_keyframe_4
faithful_shuffled_existing,17,0.9974112510681152,2.4405651092529297,2.679511547088623,dataset_7_keyframe_4
faithful_shuffled_existing,18,0.9966953992843628,2.3585994243621826,2.5900774002075195,dataset_7_keyframe_4
faithful_shuffled_existing,19,0.9968221783638,2.1727194786071777,2.4267561435699463,dataset_7_keyframe_4
faithful_shuffled_existing,20,0.9973285794258118,1.9667561054229736,2.2139878273010254,dataset_7_keyframe_4
faithful_shuffled_existing,21,0.9967130422592163,1.7600892782211304,1.9522373676300049,dataset_7_keyframe_4
faithful_shuffled_existing,22,0.9976193308830261,1.8340270519256592,1.9935513734817505,dataset_7_keyframe_4
faithful_shuffled_existing,23,0.9972231388092041,2.17983078956604,2.2781448364257812,dataset_7_keyframe_4
faithful_shuffled_existing,24,0.9975497722625732,2.213658094406128,2.3230364322662354,dataset_7_keyframe_4
faithful_shuffled_existing,25,0.9970195889472961,2.397921085357666,2.466599225997925,dataset_7_keyframe_4
faithful_shuffled_existing,26,0.9961229562759399,2.3181967735290527,2.4204437732696533,dataset_7_keyframe_4
faithful_shuffled_existing,27,0.9979246258735657,2.4811737537384033,2.57283091545105,dataset_7_keyframe_4
faithful_shuffled_existing,28,0.9975038766860962,2.5844290256500244,2.659090757369995,dataset_7_keyframe_4
faithful_shuffled_existing,29,0.9972226619720459,2.487717628479004,2.5919528007507324,dataset_7_keyframe_4
faithful_shuffled_existing,30,0.9974392652511597,2.5647847652435303,2.65501070022583,dataset_7_keyframe_4
faithful_shuffled_existing,31,0.9978957772254944,2.31801700592041,2.4336507320404053,dataset_7_keyframe_4
faithful_shuffled_existing,32,0.997284471988678,2.390657901763916,2.4736263751983643,dataset_7_keyframe_4
faithful_shuffled_existing,33,0.997596263885498,2.1823575496673584,2.266310453414917,dataset_7_keyframe_4
faithful_shuffled_existing,34,0.9975978136062622,2.2144269943237305,2.2828431129455566,dataset_7_keyframe_4
faithful_shuffled_existing,35,0.9973773956298828,2.401688814163208,2.419055461883545,dataset_7_keyframe_4
faithful_shuffled_existing,36,0.9975255131721497,2.2837302684783936,2.2904114723205566,dataset_7_keyframe_4
faithful_shuffled_existing,37,0.9975536465644836,2.297938585281372,2.295945882797241,dataset_7_keyframe_4
faithful_shuffled_existing,38,0.9976258873939514,2.584970712661743,2.5403850078582764,dataset_7_keyframe_4
faithful_shuffled_existing,39,0.9978299140930176,2.320559501647949,2.270714044570923,dataset_7_keyframe_4
faithful_shuffled_existing,40,0.9973320960998535,2.1705119609832764,2.125603675842285,dataset_7_keyframe_4
faithful_shuffled_existing,41,0.998801589012146,2.2509284019470215,2.179004669189453,dataset_7_keyframe_4
faithful_shuffled_existing,42,0.9972773194313049,2.0788683891296387,2.0050442218780518,dataset_7_keyframe_4
faithful_shuffled_existing,43,0.9984264373779297,1.940221905708313,1.8709155321121216,dataset_7_keyframe_4
faithful_shuffled_existing,44,0.9977221488952637,2.139773368835449,2.064563512802124,dataset_7_keyframe_4
faithful_shuffled_existing,45,0.9985548853874207,2.3534011840820312,2.259573221206665,dataset_7_keyframe_4
faithful_shuffled_existing,46,0.9982982277870178,2.0763778686523438,1.9803194999694824,dataset_7_keyframe_4
faithful_shuffled_existing,47,0.997412919998169,1.859887719154358,1.7659302949905396,dataset_7_keyframe_4
faithful_shuffled_existing,48,0.9981883764266968,1.9125813245773315,1.8066294193267822,dataset_7_keyframe_4
faithful_shuffled_existing,49,0.9975250959396362,2.001732349395752,1.8979206085205078,dataset_7_keyframe_4
faithful_shuffled_existing,50,0.997692346572876,2.198326826095581,2.0857832431793213,dataset_7_keyframe_4
faithful_shuffled_existing,51,0.9984488487243652,2.175427198410034,2.0609796047210693,dataset_7_keyframe_4
faithful_shuffled_existing,52,0.9974132180213928,1.8735870122909546,1.7732911109924316,dataset_7_keyframe_4
faithful_shuffled_existing,53,0.9973827004432678,1.6585642099380493,1.5478464365005493,dataset_7_keyframe_4
faithful_shuffled_existing,54,0.9971805810928345,1.887718915939331,1.7495379447937012,dataset_7_keyframe_4
faithful_shuffled_existing,55,0.9969361424446106,1.6907494068145752,1.5696046352386475,dataset_7_keyframe_4
faithful_shuffled_existing,56,0.9962199330329895,1.6134132146835327,1.5139676332473755,dataset_7_keyframe_4
faithful_shuffled_existing,57,0.996406078338623,1.5031620264053345,1.4205352067947388,dataset_7_keyframe_4
faithful_shuffled_existing,58,0.996161162853241,1.2904855012893677,1.2675038576126099,dataset_7_keyframe_4
faithful_shuffled_existing,59,0.9967103004455566,1.3052995204925537,1.2731828689575195,dataset_7_keyframe_4
faithful_shuffled_existing,60,0.9957066178321838,1.214930534362793,1.202067255973816,dataset_7_keyframe_4
faithful_shuffled_existing,61,0.9954268932342529,1.1895439624786377,1.1962188482284546,dataset_7_keyframe_4
faithful_shuffled_existing,62,0.9971738457679749,1.1917213201522827,1.2264988422393799,dataset_7_keyframe_4
faithful_shuffled_existing,63,0.9966084361076355,1.2084405422210693,1.2099734544754028,dataset_7_keyframe_4
faithful_shuffled_existing,64,0.9954841136932373,1.2446999549865723,1.2830045223236084,dataset_7_keyframe_4
faithful_shuffled_existing,65,0.9959622621536255,1.280381441116333,1.3015998601913452,dataset_7_keyframe_4
faithful_shuffled_existing,66,0.9962552189826965,1.2772042751312256,1.3078707456588745,dataset_7_keyframe_4
faithful_shuffled_existing,67,0.9952574372291565,1.201360821723938,1.2016193866729736,dataset_7_keyframe_4
faithful_shuffled_existing,68,0.9949509501457214,1.2087103128433228,1.2092872858047485,dataset_7_keyframe_4
faithful_shuffled_existing,69,0.996388852596283,1.211150050163269,1.1888644695281982,dataset_7_keyframe_4
faithful_shuffled_existing,70,0.993582546710968,1.190977931022644,1.139461874961853,dataset_7_keyframe_4
faithful_shuffled_existing,71,0.9966157078742981,1.1889393329620361,1.132735252380371,dataset_7_keyframe_4
faithful_shuffled_existing,72,0.9926661849021912,1.1995309591293335,1.1228694915771484,dataset_7_keyframe_4
faithful_shuffled_existing,73,0.9949196577072144,1.2454928159713745,1.178598403930664,dataset_7_keyframe_4
faithful_shuffled_existing,74,0.9952852725982666,1.2391184568405151,1.1539956331253052,dataset_7_keyframe_4
faithful_shuffled_existing,75,0.9924276471138,1.2700955867767334,1.1601642370224,dataset_7_keyframe_4
faithful_shuffled_existing,76,0.9938917756080627,1.4204862117767334,1.2821755409240723,dataset_7_keyframe_4
faithful_shuffled_existing,77,0.9927588701248169,1.2310951948165894,1.1340793371200562,dataset_7_keyframe_4
faithful_shuffled_existing,78,0.9935212731361389,1.3001593351364136,1.1726982593536377,dataset_7_keyframe_4
faithful_shuffled_existing,79,0.9936959147453308,1.3285834789276123,1.1960604190826416,dataset_7_keyframe_4
faithful_shuffled_existing,80,0.9924057126045227,1.1683294773101807,1.0784209966659546,dataset_7_keyframe_4
faithful_shuffled_existing,81,0.9923125505447388,1.1671887636184692,1.0774132013320923,dataset_7_keyframe_4
faithful_shuffled_existing,82,0.9927305579185486,1.19430673122406,1.1102674007415771,dataset_7_keyframe_4
faithful_shuffled_existing,83,0.9938795566558838,1.1914656162261963,1.136054277420044,dataset_7_keyframe_4
faithful_shuffled_existing,84,0.9931426048278809,1.2062000036239624,1.1859008073806763,dataset_7_keyframe_4
faithful_shuffled_existing,85,0.9836102724075317,1.2633237838745117,1.2479352951049805,dataset_7_keyframe_4
faithful_shuffled_existing,86,0.9920080304145813,1.2888652086257935,1.2911807298660278,dataset_7_keyframe_4
faithful_shuffled_existing,87,0.9929582476615906,1.4540997743606567,1.407637119293213,dataset_7_keyframe_4
faithful_shuffled_existing,88,0.9802642464637756,1.3551791906356812,1.334515929222107,dataset_7_keyframe_4
faithful_shuffled_existing,89,0.9928297400474548,1.4074547290802002,1.3769487142562866,dataset_7_keyframe_4
faithful_shuffled_existing,90,0.9831767082214355,1.5169181823730469,1.4632582664489746,dataset_7_keyframe_4
faithful_shuffled_existing,91,0.9927658438682556,1.5100059509277344,1.4689759016036987,dataset_7_keyframe_4
faithful_shuffled_existing,92,0.9814208745956421,1.54155695438385,1.4868818521499634,dataset_7_keyframe_4
faithful_shuffled_existing,93,0.9930033683776855,1.6457606554031372,1.5729796886444092,dataset_7_keyframe_4
faithful_shuffled_existing,94,0.9782873392105103,1.587088942527771,1.5369333028793335,dataset_7_keyframe_4
faithful_shuffled_existing,95,0.9939401745796204,1.747248649597168,1.6607720851898193,dataset_7_keyframe_4
faithful_shuffled_existing,96,0.9792003631591797,1.5585144758224487,1.4922962188720703,dataset_7_keyframe_4
faithful_shuffled_existing,97,0.987321674823761,1.7429381608963013,1.6617341041564941,dataset_7_keyframe_4
faithful_shuffled_existing,98,0.9937941431999207,1.4067672491073608,1.3713346719741821,dataset_7_keyframe_4
faithful_shuffled_existing,99,0.9842829704284668,1.631121039390564,1.5525270700454712,dataset_7_keyframe_4
faithful_shuffled_existing,100,0.9857709407806396,1.3152828216552734,1.2922677993774414,dataset_7_keyframe_4
faithful_shuffled_existing,101,0.9844074249267578,1.5143262147903442,1.4439585208892822,dataset_7_keyframe_4
faithful_shuffled_existing,102,0.9898247718811035,1.31766939163208,1.30083167552948,dataset_7_keyframe_4
faithful_shuffled_existing,103,0.9927334189414978,1.5450177192687988,1.4643354415893555,dataset_7_keyframe_4
faithful_shuffled_existing,104,0.9831342101097107,1.4839471578598022,1.4360860586166382,dataset_7_keyframe_4
faithful_shuffled_existing,105,0.9872727990150452,1.3665448427200317,1.3751561641693115,dataset_7_keyframe_4
faithful_shuffled_existing,106,0.9868416786193848,1.4587408304214478,1.4176745414733887,dataset_7_keyframe_4
faithful_shuffled_existing,107,0.984741747379303,1.3694981336593628,1.4127740859985352,dataset_7_keyframe_4
faithful_shuffled_existing,108,0.9877967834472656,1.3867679834365845,1.3947913646697998,dataset_7_keyframe_4
faithful_shuffled_existing,109,0.983612060546875,1.3998926877975464,1.437976360321045,dataset_7_keyframe_4
faithful_shuffled_existing,110,0.9848016500473022,1.4729225635528564,1.5094635486602783,dataset_7_keyframe_4
faithful_shuffled_existing,111,0.9870657920837402,1.5336017608642578,1.5185306072235107,dataset_7_keyframe_4
faithful_shuffled_existing,112,0.9845927953720093,1.6431641578674316,1.7118529081344604,dataset_7_keyframe_4
faithful_shuffled_existing,113,0.9870291352272034,1.7168679237365723,1.6974303722381592,dataset_7_keyframe_4
faithful_shuffled_existing,114,0.9861676096916199,1.5790542364120483,1.5815457105636597,dataset_7_keyframe_4
faithful_shuffled_existing,115,0.9841898679733276,1.6242690086364746,1.634203553199768,dataset_7_keyframe_4
faithful_shuffled_existing,116,0.9871530532836914,1.6662683486938477,1.6314845085144043,dataset_7_keyframe_4
faithful_shuffled_existing,117,0.9883127808570862,1.5401134490966797,1.5524182319641113,dataset_7_keyframe_4
faithful_shuffled_existing,118,0.9871658086776733,1.5091131925582886,1.5361905097961426,dataset_7_keyframe_4
faithful_shuffled_existing,119,0.9881181120872498,1.524131417274475,1.5272893905639648,dataset_7_keyframe_4
faithful_shuffled_existing,120,0.989494264125824,1.5054844617843628,1.491444706916809,dataset_7_keyframe_4
faithful_shuffled_existing,121,0.9843769073486328,1.567499041557312,1.6021697521209717,dataset_7_keyframe_4
faithful_shuffled_existing,122,0.9823663234710693,1.5122348070144653,1.5306520462036133,dataset_7_keyframe_4
faithful_shuffled_existing,123,0.9866988658905029,1.512721300125122,1.5158870220184326,dataset_7_keyframe_4
faithful_shuffled_existing,124,0.9882186651229858,1.5121173858642578,1.5574464797973633,dataset_7_keyframe_4
faithful_shuffled_existing,125,0.988197922706604,1.543861985206604,1.6007882356643677,dataset_7_keyframe_4
faithful_shuffled_existing,126,0.9863778352737427,1.5707433223724365,1.5800354480743408,dataset_7_keyframe_4
faithful_shuffled_existing,127,0.9767935276031494,1.5402880907058716,1.5585460662841797,dataset_7_keyframe_4
safe_causal_bida,0,0.0,1.029118537902832,1.029118537902832,dataset_7_keyframe_4
safe_causal_bida,1,0.0,1.1174043416976929,1.1174043416976929,dataset_7_keyframe_4
safe_causal_bida,2,0.0,1.3214768171310425,1.3214768171310425,dataset_7_keyframe_4
safe_causal_bida,3,0.0,1.5306938886642456,1.5306938886642456,dataset_7_keyframe_4
safe_causal_bida,4,0.0,1.7584645748138428,1.7584645748138428,dataset_7_keyframe_4
safe_causal_bida,5,0.0,1.9344878196716309,1.9344878196716309,dataset_7_keyframe_4
safe_causal_bida,6,0.0,2.0753118991851807,2.0753118991851807,dataset_7_keyframe_4
safe_causal_bida,7,0.0,2.3939504623413086,2.3939504623413086,dataset_7_keyframe_4
safe_causal_bida,8,0.0,2.2721688747406006,2.2721688747406006,dataset_7_keyframe_4
safe_causal_bida,9,0.0,2.65393328666687,2.65393328666687,dataset_7_keyframe_4
safe_causal_bida,10,0.0,2.618520498275757,2.618520498275757,dataset_7_keyframe_4
safe_causal_bida,11,0.0,2.4900856018066406,2.4900856018066406,dataset_7_keyframe_4
safe_causal_bida,12,0.0,2.616840124130249,2.616840124130249,dataset_7_keyframe_4
safe_causal_bida,13,0.0,2.6715331077575684,2.6715331077575684,dataset_7_keyframe_4
safe_causal_bida,14,0.0,2.517274856567383,2.517274856567383,dataset_7_keyframe_4
safe_causal_bida,15,0.0,2.5178382396698,2.5178382396698,dataset_7_keyframe_4
safe_causal_bida,16,0.0,2.422715902328491,2.422715902328491,dataset_7_keyframe_4
safe_causal_bida,17,0.0,2.4405651092529297,2.4405651092529297,dataset_7_keyframe_4
safe_causal_bida,18,0.0,2.3585994243621826,2.3585994243621826,dataset_7_keyframe_4
safe_causal_bida,19,0.0,2.1727194786071777,2.1727194786071777,dataset_7_keyframe_4
safe_causal_bida,20,0.0,1.9667561054229736,1.9667561054229736,dataset_7_keyframe_4
safe_causal_bida,21,0.0,1.7600892782211304,1.7600892782211304,dataset_7_keyframe_4
safe_causal_bida,22,0.0,1.8340270519256592,1.8340270519256592,dataset_7_keyframe_4
safe_causal_bida,23,0.0,2.17983078956604,2.17983078956604,dataset_7_keyframe_4
safe_causal_bida,24,0.0,2.213658094406128,2.213658094406128,dataset_7_keyframe_4
safe_causal_bida,25,0.0,2.397921085357666,2.397921085357666,dataset_7_keyframe_4
safe_causal_bida,26,0.0,2.3181967735290527,2.3181967735290527,dataset_7_keyframe_4
safe_causal_bida,27,0.0,2.4811737537384033,2.4811737537384033,dataset_7_keyframe_4
safe_causal_bida,28,0.0,2.5844290256500244,2.5844290256500244,dataset_7_keyframe_4
safe_causal_bida,29,0.0,2.487717628479004,2.487717628479004,dataset_7_keyframe_4
safe_causal_bida,30,0.0,2.5647847652435303,2.5647847652435303,dataset_7_keyframe_4
safe_causal_bida,31,0.0,2.31801700592041,2.31801700592041,dataset_7_keyframe_4
safe_causal_bida,32,0.0,2.390657901763916,2.390657901763916,dataset_7_keyframe_4
safe_causal_bida,33,0.0,2.1823575496673584,2.1823575496673584,dataset_7_keyframe_4
safe_causal_bida,34,0.0,2.2144269943237305,2.2144269943237305,dataset_7_keyframe_4
safe_causal_bida,35,0.0,2.401688814163208,2.401688814163208,dataset_7_keyframe_4
safe_causal_bida,36,0.0,2.2837302684783936,2.2837302684783936,dataset_7_keyframe_4
safe_causal_bida,37,0.0,2.297938585281372,2.297938585281372,dataset_7_keyframe_4
safe_causal_bida,38,0.0,2.584970712661743,2.584970712661743,dataset_7_keyframe_4
safe_causal_bida,39,0.0,2.320559501647949,2.320559501647949,dataset_7_keyframe_4
safe_causal_bida,40,0.0,2.1705119609832764,2.1705119609832764,dataset_7_keyframe_4
safe_causal_bida,41,0.0,2.2509284019470215,2.2509284019470215,dataset_7_keyframe_4
safe_causal_bida,42,0.0,2.0788683891296387,2.0788683891296387,dataset_7_keyframe_4
safe_causal_bida,43,0.0,1.940221905708313,1.940221905708313,dataset_7_keyframe_4
safe_causal_bida,44,0.0,2.139773368835449,2.139773368835449,dataset_7_keyframe_4
safe_causal_bida,45,0.0,2.3534011840820312,2.3534011840820312,dataset_7_keyframe_4
safe_causal_bida,46,0.0,2.0763778686523438,2.0763778686523438,dataset_7_keyframe_4
safe_causal_bida,47,0.0,1.859887719154358,1.859887719154358,dataset_7_keyframe_4
safe_causal_bida,48,0.0,1.9125813245773315,1.9125813245773315,dataset_7_keyframe_4
safe_causal_bida,49,0.0,2.001732349395752,2.001732349395752,dataset_7_keyframe_4
safe_causal_bida,50,0.0,2.198326826095581,2.198326826095581,dataset_7_keyframe_4
safe_causal_bida,51,0.0,2.175427198410034,2.175427198410034,dataset_7_keyframe_4
safe_causal_bida,52,0.0,1.8735870122909546,1.8735870122909546,dataset_7_keyframe_4
safe_causal_bida,53,0.0,1.6585642099380493,1.6585642099380493,dataset_7_keyframe_4
safe_causal_bida,54,0.0,1.887718915939331,1.887718915939331,dataset_7_keyframe_4
safe_causal_bida,55,0.0,1.6907494068145752,1.6907494068145752,dataset_7_keyframe_4
safe_causal_bida,56,0.0,1.6134132146835327,1.6134132146835327,dataset_7_keyframe_4
safe_causal_bida,57,0.0,1.5031620264053345,1.5031620264053345,dataset_7_keyframe_4
safe_causal_bida,58,0.0,1.2904855012893677,1.2904855012893677,dataset_7_keyframe_4
safe_causal_bida,59,0.0,1.3052995204925537,1.3052995204925537,dataset_7_keyframe_4
safe_causal_bida,60,0.0,1.214930534362793,1.214930534362793,dataset_7_keyframe_4
safe_causal_bida,61,0.0,1.1895439624786377,1.1895439624786377,dataset_7_keyframe_4
safe_causal_bida,62,0.0,1.1917213201522827,1.1917213201522827,dataset_7_keyframe_4
safe_causal_bida,63,0.0,1.2084405422210693,1.2084405422210693,dataset_7_keyframe_4
safe_causal_bida,64,0.0,1.2446999549865723,1.2446999549865723,dataset_7_keyframe_4
safe_causal_bida,65,0.0,1.280381441116333,1.280381441116333,dataset_7_keyframe_4
safe_causal_bida,66,0.0,1.2772042751312256,1.2772042751312256,dataset_7_keyframe_4
safe_causal_bida,67,0.0,1.201360821723938,1.201360821723938,dataset_7_keyframe_4
safe_causal_bida,68,0.0,1.2087103128433228,1.2087103128433228,dataset_7_keyframe_4
safe_causal_bida,69,0.0,1.211150050163269,1.211150050163269,dataset_7_keyframe_4
safe_causal_bida,70,0.0,1.190977931022644,1.190977931022644,dataset_7_keyframe_4
safe_causal_bida,71,0.0,1.1889393329620361,1.1889393329620361,dataset_7_keyframe_4
safe_causal_bida,72,0.0,1.1995309591293335,1.1995309591293335,dataset_7_keyframe_4
safe_causal_bida,73,0.0,1.2454928159713745,1.2454928159713745,dataset_7_keyframe_4
safe_causal_bida,74,0.0,1.2391184568405151,1.2391184568405151,dataset_7_keyframe_4
safe_causal_bida,75,0.0,1.2700955867767334,1.2700955867767334,dataset_7_keyframe_4
safe_causal_bida,76,0.0,1.4204862117767334,1.4204862117767334,dataset_7_keyframe_4
safe_causal_bida,77,0.0,1.2310951948165894,1.2310951948165894,dataset_7_keyframe_4
safe_causal_bida,78,0.0,1.3001593351364136,1.3001593351364136,dataset_7_keyframe_4
safe_causal_bida,79,0.0,1.3285834789276123,1.3285834789276123,dataset_7_keyframe_4
safe_causal_bida,80,0.0,1.1683294773101807,1.1683294773101807,dataset_7_keyframe_4
safe_causal_bida,81,0.0,1.1671887636184692,1.1671887636184692,dataset_7_keyframe_4
safe_causal_bida,82,0.0,1.19430673122406,1.19430673122406,dataset_7_keyframe_4
safe_causal_bida,83,0.0,1.1914656162261963,1.1914656162261963,dataset_7_keyframe_4
safe_causal_bida,84,0.0,1.2062000036239624,1.2062000036239624,dataset_7_keyframe_4
safe_causal_bida,85,0.0,1.2633237838745117,1.2633237838745117,dataset_7_keyframe_4
safe_causal_bida,86,0.0,1.2888652086257935,1.2888652086257935,dataset_7_keyframe_4
safe_causal_bida,87,0.0,1.4540997743606567,1.4540997743606567,dataset_7_keyframe_4
safe_causal_bida,88,0.0,1.3551791906356812,1.3551791906356812,dataset_7_keyframe_4
safe_causal_bida,89,0.0,1.4074547290802002,1.4074547290802002,dataset_7_keyframe_4
safe_causal_bida,90,0.0,1.5169181823730469,1.5169181823730469,dataset_7_keyframe_4
safe_causal_bida,91,0.0,1.5100059509277344,1.5100059509277344,dataset_7_keyframe_4
safe_causal_bida,92,0.0,1.54155695438385,1.54155695438385,dataset_7_keyframe_4
safe_causal_bida,93,0.0,1.6457606554031372,1.6457606554031372,dataset_7_keyframe_4
safe_causal_bida,94,0.0,1.587088942527771,1.587088942527771,dataset_7_keyframe_4
safe_causal_bida,95,0.0,1.747248649597168,1.747248649597168,dataset_7_keyframe_4
safe_causal_bida,96,0.0,1.5585144758224487,1.5585144758224487,dataset_7_keyframe_4
safe_causal_bida,97,0.0,1.7429381608963013,1.7429381608963013,dataset_7_keyframe_4
safe_causal_bida,98,0.0,1.4067672491073608,1.4067672491073608,dataset_7_keyframe_4
safe_causal_bida,99,0.0,1.631121039390564,1.631121039390564,dataset_7_keyframe_4
safe_causal_bida,100,0.0,1.3152828216552734,1.3152828216552734,dataset_7_keyframe_4
safe_causal_bida,101,0.0,1.5143262147903442,1.5143262147903442,dataset_7_keyframe_4
safe_causal_bida,102,0.0,1.31766939163208,1.31766939163208,dataset_7_keyframe_4
safe_causal_bida,103,0.0,1.5450177192687988,1.5450177192687988,dataset_7_keyframe_4
safe_causal_bida,104,0.0,1.4839471578598022,1.4839471578598022,dataset_7_keyframe_4
safe_causal_bida,105,0.0,1.3665448427200317,1.3665448427200317,dataset_7_keyframe_4
safe_causal_bida,106,0.0,1.4587408304214478,1.4587408304214478,dataset_7_keyframe_4
safe_causal_bida,107,0.0,1.3694981336593628,1.3694981336593628,dataset_7_keyframe_4
safe_causal_bida,108,0.0,1.3867679834365845,1.3867679834365845,dataset_7_keyframe_4
safe_causal_bida,109,0.0,1.3998926877975464,1.3998926877975464,dataset_7_keyframe_4
safe_causal_bida,110,0.0,1.4729225635528564,1.4729225635528564,dataset_7_keyframe_4
safe_causal_bida,111,0.0,1.5336017608642578,1.5336017608642578,dataset_7_keyframe_4
safe_causal_bida,112,0.0,1.6431641578674316,1.6431641578674316,dataset_7_keyframe_4
safe_causal_bida,113,0.0,1.7168679237365723,1.7168679237365723,dataset_7_keyframe_4
safe_causal_bida,114,0.0,1.5790542364120483,1.5790542364120483,dataset_7_keyframe_4
safe_causal_bida,115,0.0,1.6242690086364746,1.6242690086364746,dataset_7_keyframe_4
safe_causal_bida,116,0.0,1.6662683486938477,1.6662683486938477,dataset_7_keyframe_4
safe_causal_bida,117,0.0,1.5401134490966797,1.5401134490966797,dataset_7_keyframe_4
safe_causal_bida,118,0.0,1.5091131925582886,1.5091131925582886,dataset_7_keyframe_4
safe_causal_bida,119,0.0,1.524131417274475,1.524131417274475,dataset_7_keyframe_4
safe_causal_bida,120,0.0,1.5054844617843628,1.5054844617843628,dataset_7_keyframe_4
safe_causal_bida,121,0.0,1.567499041557312,1.567499041557312,dataset_7_keyframe_4
safe_causal_bida,122,0.0,1.5122348070144653,1.5122348070144653,dataset_7_keyframe_4
safe_causal_bida,123,0.0,1.512721300125122,1.512721300125122,dataset_7_keyframe_4
safe_causal_bida,124,0.0,1.5121173858642578,1.5121173858642578,dataset_7_keyframe_4
safe_causal_bida,125,0.0,1.543861985206604,1.543861985206604,dataset_7_keyframe_4
safe_causal_bida,126,0.0,1.5707433223724365,1.5707433223724365,dataset_7_keyframe_4
safe_causal_bida,127,0.0,1.5402880907058716,1.5402880907058716,dataset_7_keyframe_4
raw_s2m2,0,0.0,1.8241076469421387,1.8241076469421387,dataset_2_keyframe_4
raw_s2m2,1,0.0,1.9625275135040283,1.9625275135040283,dataset_2_keyframe_4
raw_s2m2,2,0.0,2.175825357437134,2.175825357437134,dataset_2_keyframe_4
raw_s2m2,3,0.0,2.487797737121582,2.487797737121582,dataset_2_keyframe_4
raw_s2m2,4,0.0,2.62111759185791,2.62111759185791,dataset_2_keyframe_4
raw_s2m2,5,0.0,2.5958099365234375,2.5958099365234375,dataset_2_keyframe_4
raw_s2m2,6,0.0,2.713622808456421,2.713622808456421,dataset_2_keyframe_4
raw_s2m2,7,0.0,2.836602210998535,2.836602210998535,dataset_2_keyframe_4
raw_s2m2,8,0.0,2.9580280780792236,2.9580280780792236,dataset_2_keyframe_4
raw_s2m2,9,0.0,3.0551371574401855,3.0551371574401855,dataset_2_keyframe_4
raw_s2m2,10,0.0,3.1603028774261475,3.1603028774261475,dataset_2_keyframe_4
raw_s2m2,11,0.0,3.3911893367767334,3.3911893367767334,dataset_2_keyframe_4
raw_s2m2,12,0.0,3.5914688110351562,3.5914688110351562,dataset_2_keyframe_4
raw_s2m2,13,0.0,4.328772068023682,4.328772068023682,dataset_2_keyframe_4
raw_s2m2,14,0.0,4.20931339263916,4.20931339263916,dataset_2_keyframe_4
raw_s2m2,15,0.0,5.156273365020752,5.156273365020752,dataset_2_keyframe_4
raw_s2m2,16,0.0,5.539646148681641,5.539646148681641,dataset_2_keyframe_4
raw_s2m2,17,0.0,6.048314571380615,6.048314571380615,dataset_2_keyframe_4
raw_s2m2,18,0.0,6.495788097381592,6.495788097381592,dataset_2_keyframe_4
raw_s2m2,19,0.0,7.19455099105835,7.19455099105835,dataset_2_keyframe_4
raw_s2m2,20,0.0,7.889185905456543,7.889185905456543,dataset_2_keyframe_4
raw_s2m2,21,0.0,8.576931953430176,8.576931953430176,dataset_2_keyframe_4
raw_s2m2,22,0.0,9.267555236816406,9.267555236816406,dataset_2_keyframe_4
raw_s2m2,23,0.0,9.715408325195312,9.715408325195312,dataset_2_keyframe_4
raw_s2m2,24,0.0,10.018643379211426,10.018643379211426,dataset_2_keyframe_4
raw_s2m2,25,0.0,10.196821212768555,10.196821212768555,dataset_2_keyframe_4
raw_s2m2,26,0.0,10.259421348571777,10.259421348571777,dataset_2_keyframe_4
raw_s2m2,27,0.0,10.311830520629883,10.311830520629883,dataset_2_keyframe_4
raw_s2m2,28,0.0,10.25231647491455,10.25231647491455,dataset_2_keyframe_4
raw_s2m2,29,0.0,9.951239585876465,9.951239585876465,dataset_2_keyframe_4
raw_s2m2,30,0.0,9.55502986907959,9.55502986907959,dataset_2_keyframe_4
raw_s2m2,31,0.0,9.045146942138672,9.045146942138672,dataset_2_keyframe_4
raw_s2m2,32,0.0,8.506757736206055,8.506757736206055,dataset_2_keyframe_4
raw_s2m2,33,0.0,7.920835494995117,7.920835494995117,dataset_2_keyframe_4
raw_s2m2,34,0.0,7.267989158630371,7.267989158630371,dataset_2_keyframe_4
raw_s2m2,35,0.0,6.700801372528076,6.700801372528076,dataset_2_keyframe_4
raw_s2m2,36,0.0,6.097236633300781,6.097236633300781,dataset_2_keyframe_4
raw_s2m2,37,0.0,5.483636856079102,5.483636856079102,dataset_2_keyframe_4
raw_s2m2,38,0.0,4.914066791534424,4.914066791534424,dataset_2_keyframe_4
raw_s2m2,39,0.0,4.40634298324585,4.40634298324585,dataset_2_keyframe_4
raw_s2m2,40,0.0,3.850299119949341,3.850299119949341,dataset_2_keyframe_4
raw_s2m2,41,0.0,3.421008586883545,3.421008586883545,dataset_2_keyframe_4
raw_s2m2,42,0.0,2.6512084007263184,2.6512084007263184,dataset_2_keyframe_4
raw_s2m2,43,0.0,1.835678219795227,1.835678219795227,dataset_2_keyframe_4
raw_s2m2,44,0.0,1.3859097957611084,1.3859097957611084,dataset_2_keyframe_4
raw_s2m2,45,0.0,0.9939738512039185,0.9939738512039185,dataset_2_keyframe_4
raw_s2m2,46,0.0,0.840522289276123,0.840522289276123,dataset_2_keyframe_4
raw_s2m2,47,0.0,0.6816166043281555,0.6816166043281555,dataset_2_keyframe_4
raw_s2m2,48,0.0,0.5855066776275635,0.5855066776275635,dataset_2_keyframe_4
raw_s2m2,49,0.0,0.5985863208770752,0.5985863208770752,dataset_2_keyframe_4
raw_s2m2,50,0.0,0.6678507328033447,0.6678507328033447,dataset_2_keyframe_4
raw_s2m2,51,0.0,0.7371398210525513,0.7371398210525513,dataset_2_keyframe_4
raw_s2m2,52,0.0,0.868526816368103,0.868526816368103,dataset_2_keyframe_4
raw_s2m2,53,0.0,0.9530208706855774,0.9530208706855774,dataset_2_keyframe_4
raw_s2m2,54,0.0,1.0233290195465088,1.0233290195465088,dataset_2_keyframe_4
raw_s2m2,55,0.0,1.0679627656936646,1.0679627656936646,dataset_2_keyframe_4
raw_s2m2,56,0.0,1.0735245943069458,1.0735245943069458,dataset_2_keyframe_4
raw_s2m2,57,0.0,1.0691744089126587,1.0691744089126587,dataset_2_keyframe_4
raw_s2m2,58,0.0,1.133538007736206,1.133538007736206,dataset_2_keyframe_4
raw_s2m2,59,0.0,1.0776668787002563,1.0776668787002563,dataset_2_keyframe_4
raw_s2m2,60,0.0,0.957614004611969,0.957614004611969,dataset_2_keyframe_4
raw_s2m2,61,0.0,0.8831122517585754,0.8831122517585754,dataset_2_keyframe_4
raw_s2m2,62,0.0,0.902891993522644,0.902891993522644,dataset_2_keyframe_4
raw_s2m2,63,0.0,0.9390280246734619,0.9390280246734619,dataset_2_keyframe_4
raw_s2m2,64,0.0,1.0708051919937134,1.0708051919937134,dataset_2_keyframe_4
raw_s2m2,65,0.0,1.179875373840332,1.179875373840332,dataset_2_keyframe_4
raw_s2m2,66,0.0,1.425652027130127,1.425652027130127,dataset_2_keyframe_4
raw_s2m2,67,0.0,1.5979399681091309,1.5979399681091309,dataset_2_keyframe_4
raw_s2m2,68,0.0,1.8893718719482422,1.8893718719482422,dataset_2_keyframe_4
raw_s2m2,69,0.0,2.0191893577575684,2.0191893577575684,dataset_2_keyframe_4
raw_s2m2,70,0.0,2.15004301071167,2.15004301071167,dataset_2_keyframe_4
raw_s2m2,71,0.0,2.1820576190948486,2.1820576190948486,dataset_2_keyframe_4
raw_s2m2,72,0.0,2.0912532806396484,2.0912532806396484,dataset_2_keyframe_4
raw_s2m2,73,0.0,1.9711004495620728,1.9711004495620728,dataset_2_keyframe_4
raw_s2m2,74,0.0,1.8303543329238892,1.8303543329238892,dataset_2_keyframe_4
raw_s2m2,75,0.0,1.7647744417190552,1.7647744417190552,dataset_2_keyframe_4
raw_s2m2,76,0.0,1.6310863494873047,1.6310863494873047,dataset_2_keyframe_4
raw_s2m2,77,0.0,1.5702893733978271,1.5702893733978271,dataset_2_keyframe_4
raw_s2m2,78,0.0,1.3618509769439697,1.3618509769439697,dataset_2_keyframe_4
raw_s2m2,79,0.0,1.3000617027282715,1.3000617027282715,dataset_2_keyframe_4
raw_s2m2,80,0.0,1.195021390914917,1.195021390914917,dataset_2_keyframe_4
raw_s2m2,81,0.0,1.1543076038360596,1.1543076038360596,dataset_2_keyframe_4
raw_s2m2,82,0.0,1.1471158266067505,1.1471158266067505,dataset_2_keyframe_4
raw_s2m2,83,0.0,1.1558685302734375,1.1558685302734375,dataset_2_keyframe_4
raw_s2m2,84,0.0,1.2073686122894287,1.2073686122894287,dataset_2_keyframe_4
raw_s2m2,85,0.0,1.2890704870224,1.2890704870224,dataset_2_keyframe_4
raw_s2m2,86,0.0,1.3961737155914307,1.3961737155914307,dataset_2_keyframe_4
raw_s2m2,87,0.0,1.4644417762756348,1.4644417762756348,dataset_2_keyframe_4
raw_s2m2,88,0.0,1.583769679069519,1.583769679069519,dataset_2_keyframe_4
raw_s2m2,89,0.0,1.6125054359436035,1.6125054359436035,dataset_2_keyframe_4
raw_s2m2,90,0.0,1.6577597856521606,1.6577597856521606,dataset_2_keyframe_4
raw_s2m2,91,0.0,1.691879391670227,1.691879391670227,dataset_2_keyframe_4
raw_s2m2,92,0.0,1.6371511220932007,1.6371511220932007,dataset_2_keyframe_4
raw_s2m2,93,0.0,1.6455903053283691,1.6455903053283691,dataset_2_keyframe_4
raw_s2m2,94,0.0,1.623184084892273,1.623184084892273,dataset_2_keyframe_4
raw_s2m2,95,0.0,1.5958843231201172,1.5958843231201172,dataset_2_keyframe_4
raw_s2m2,96,0.0,1.5131014585494995,1.5131014585494995,dataset_2_keyframe_4
raw_s2m2,97,0.0,1.436423420906067,1.436423420906067,dataset_2_keyframe_4
raw_s2m2,98,0.0,1.3706809282302856,1.3706809282302856,dataset_2_keyframe_4
raw_s2m2,99,0.0,1.3692339658737183,1.3692339658737183,dataset_2_keyframe_4
raw_s2m2,100,0.0,1.3525947332382202,1.3525947332382202,dataset_2_keyframe_4
raw_s2m2,101,0.0,1.2999736070632935,1.2999736070632935,dataset_2_keyframe_4
raw_s2m2,102,0.0,1.2931663990020752,1.2931663990020752,dataset_2_keyframe_4
raw_s2m2,103,0.0,1.2953264713287354,1.2953264713287354,dataset_2_keyframe_4
raw_s2m2,104,0.0,1.311316728591919,1.311316728591919,dataset_2_keyframe_4
raw_s2m2,105,0.0,1.3602112531661987,1.3602112531661987,dataset_2_keyframe_4
raw_s2m2,106,0.0,1.3558648824691772,1.3558648824691772,dataset_2_keyframe_4
raw_s2m2,107,0.0,1.3569269180297852,1.3569269180297852,dataset_2_keyframe_4
raw_s2m2,108,0.0,1.346479892730713,1.346479892730713,dataset_2_keyframe_4
raw_s2m2,109,0.0,1.4693902730941772,1.4693902730941772,dataset_2_keyframe_4
raw_s2m2,110,0.0,1.5881108045578003,1.5881108045578003,dataset_2_keyframe_4
raw_s2m2,111,0.0,1.6904484033584595,1.6904484033584595,dataset_2_keyframe_4
raw_s2m2,112,0.0,1.8273707628250122,1.8273707628250122,dataset_2_keyframe_4
raw_s2m2,113,0.0,1.9709678888320923,1.9709678888320923,dataset_2_keyframe_4
raw_s2m2,114,0.0,2.1131975650787354,2.1131975650787354,dataset_2_keyframe_4
raw_s2m2,115,0.0,2.229580879211426,2.229580879211426,dataset_2_keyframe_4
raw_s2m2,116,0.0,2.3837532997131348,2.3837532997131348,dataset_2_keyframe_4
raw_s2m2,117,0.0,2.4377121925354004,2.4377121925354004,dataset_2_keyframe_4
raw_s2m2,118,0.0,2.4871065616607666,2.4871065616607666,dataset_2_keyframe_4
raw_s2m2,119,0.0,2.5252578258514404,2.5252578258514404,dataset_2_keyframe_4
raw_s2m2,120,0.0,2.599315881729126,2.599315881729126,dataset_2_keyframe_4
raw_s2m2,121,0.0,2.6786179542541504,2.6786179542541504,dataset_2_keyframe_4
raw_s2m2,122,0.0,2.7880563735961914,2.7880563735961914,dataset_2_keyframe_4
raw_s2m2,123,0.0,2.8527965545654297,2.8527965545654297,dataset_2_keyframe_4
raw_s2m2,124,0.0,2.942676067352295,2.942676067352295,dataset_2_keyframe_4
raw_s2m2,125,0.0,3.012850522994995,3.012850522994995,dataset_2_keyframe_4
raw_s2m2,126,0.0,3.103458881378174,3.103458881378174,dataset_2_keyframe_4
raw_s2m2,127,0.0,3.1157851219177246,3.1157851219177246,dataset_2_keyframe_4
aligned_local_faithful,0,0.4863108992576599,1.8241076469421387,1.7224587202072144,dataset_2_keyframe_4
aligned_local_faithful,1,0.5052668452262878,1.9625275135040283,1.8435760736465454,dataset_2_keyframe_4
aligned_local_faithful,2,0.5049011707305908,2.175825357437134,2.040616273880005,dataset_2_keyframe_4
aligned_local_faithful,3,0.5237574577331543,2.487797737121582,2.3179805278778076,dataset_2_keyframe_4
aligned_local_faithful,4,0.5184817910194397,2.62111759185791,2.454169273376465,dataset_2_keyframe_4
aligned_local_faithful,5,0.5117299556732178,2.5958099365234375,2.4333460330963135,dataset_2_keyframe_4
aligned_local_faithful,6,0.5030151009559631,2.713622808456421,2.5512192249298096,dataset_2_keyframe_4
aligned_local_faithful,7,0.5084447860717773,2.836602210998535,2.672941207885742,dataset_2_keyframe_4
aligned_local_faithful,8,0.5047321319580078,2.9580280780792236,2.7921388149261475,dataset_2_keyframe_4
aligned_local_faithful,9,0.50496506690979,3.0551371574401855,2.886993169784546,dataset_2_keyframe_4
aligned_local_faithful,10,0.503890335559845,3.1603028774261475,2.9944024085998535,dataset_2_keyframe_4
aligned_local_faithful,11,0.5032432675361633,3.3911893367767334,3.2208383083343506,dataset_2_keyframe_4
aligned_local_faithful,12,0.48707425594329834,3.5914688110351562,3.4231669902801514,dataset_2_keyframe_4
aligned_local_faithful,13,0.4952385425567627,4.328772068023682,4.153430461883545,dataset_2_keyframe_4
aligned_local_faithful,14,0.4766998887062073,4.20931339263916,4.038751125335693,dataset_2_keyframe_4
aligned_local_faithful,15,0.467533677816391,5.156273365020752,4.986484050750732,dataset_2_keyframe_4
aligned_local_faithful,16,0.4557360112667084,5.539646148681641,5.372562885284424,dataset_2_keyframe_4
aligned_local_faithful,17,0.4497649371623993,6.048314571380615,5.880214691162109,dataset_2_keyframe_4
aligned_local_faithful,18,0.4319201111793518,6.495788097381592,6.332913875579834,dataset_2_keyframe_4
aligned_local_faithful,19,0.43386849761009216,7.19455099105835,7.030030250549316,dataset_2_keyframe_4
aligned_local_faithful,20,0.41883084177970886,7.889185905456543,7.72993278503418,dataset_2_keyframe_4
aligned_local_faithful,21,0.40864068269729614,8.576931953430176,8.421223640441895,dataset_2_keyframe_4
aligned_local_faithful,22,0.4026462733745575,9.267555236816406,9.113262176513672,dataset_2_keyframe_4
aligned_local_faithful,23,0.379040390253067,9.715408325195312,9.571629524230957,dataset_2_keyframe_4
aligned_local_faithful,24,0.35887306928634644,10.018643379211426,9.884018898010254,dataset_2_keyframe_4
aligned_local_faithful,25,0.3398837447166443,10.196821212768555,10.072240829467773,dataset_2_keyframe_4
aligned_local_faithful,26,0.3239791989326477,10.259421348571777,10.147768020629883,dataset_2_keyframe_4
aligned_local_faithful,27,0.30870282649993896,10.311830520629883,10.201800346374512,dataset_2_keyframe_4
aligned_local_faithful,28,0.28494328260421753,10.25231647491455,10.154242515563965,dataset_2_keyframe_4
aligned_local_faithful,29,0.27175694704055786,9.951239585876465,9.863290786743164,dataset_2_keyframe_4
aligned_local_faithful,30,0.26505711674690247,9.55502986907959,9.470149040222168,dataset_2_keyframe_4
aligned_local_faithful,31,0.24003718793392181,9.045146942138672,8.969425201416016,dataset_2_keyframe_4
aligned_local_faithful,32,0.23448948562145233,8.506757736206055,8.433045387268066,dataset_2_keyframe_4
aligned_local_faithful,33,0.2295481562614441,7.920835494995117,7.8507914543151855,dataset_2_keyframe_4
aligned_local_faithful,34,0.21586625277996063,7.267989158630371,7.203609466552734,dataset_2_keyframe_4
aligned_local_faithful,35,0.2089364379644394,6.700801372528076,6.635533809661865,dataset_2_keyframe_4
aligned_local_faithful,36,0.2050156593322754,6.097236633300781,6.033544540405273,dataset_2_keyframe_4
aligned_local_faithful,37,0.2039109617471695,5.483636856079102,5.420603275299072,dataset_2_keyframe_4
aligned_local_faithful,38,0.19272024929523468,4.914066791534424,4.854570388793945,dataset_2_keyframe_4
aligned_local_faithful,39,0.19997942447662354,4.40634298324585,4.344089984893799,dataset_2_keyframe_4
aligned_local_faithful,40,0.19088171422481537,3.850299119949341,3.7896478176116943,dataset_2_keyframe_4
aligned_local_faithful,41,0.1905011236667633,3.421008586883545,3.3612523078918457,dataset_2_keyframe_4
aligned_local_faithful,42,0.1837145835161209,2.6512084007263184,2.6048343181610107,dataset_2_keyframe_4
aligned_local_faithful,43,0.18279626965522766,1.835678219795227,1.7939523458480835,dataset_2_keyframe_4
aligned_local_faithful,44,0.1821499466896057,1.3859097957611084,1.3412346839904785,dataset_2_keyframe_4
aligned_local_faithful,45,0.18792612850666046,0.9939738512039185,0.9610000252723694,dataset_2_keyframe_4
aligned_local_faithful,46,0.19006194174289703,0.840522289276123,0.8197619318962097,dataset_2_keyframe_4
aligned_local_faithful,47,0.18476031720638275,0.6816166043281555,0.679919958114624,dataset_2_keyframe_4
aligned_local_faithful,48,0.1940048635005951,0.5855066776275635,0.5996721386909485,dataset_2_keyframe_4
aligned_local_faithful,49,0.17795901000499725,0.5985863208770752,0.6152699589729309,dataset_2_keyframe_4
aligned_local_faithful,50,0.19261278212070465,0.6678507328033447,0.6990037560462952,dataset_2_keyframe_4
aligned_local_faithful,51,0.19333620369434357,0.7371398210525513,0.767671525478363,dataset_2_keyframe_4
aligned_local_faithful,52,0.1908259391784668,0.868526816368103,0.8986241817474365,dataset_2_keyframe_4
aligned_local_faithful,53,0.19094181060791016,0.9530208706855774,0.9842209219932556,dataset_2_keyframe_4
aligned_local_faithful,54,0.19585253298282623,1.0233290195465088,1.0551880598068237,dataset_2_keyframe_4
aligned_local_faithful,55,0.19110457599163055,1.0679627656936646,1.1002118587493896,dataset_2_keyframe_4
aligned_local_faithful,56,0.1923220455646515,1.0735245943069458,1.1055248975753784,dataset_2_keyframe_4
aligned_local_faithful,57,0.1915142983198166,1.0691744089126587,1.1009728908538818,dataset_2_keyframe_4
aligned_local_faithful,58,0.19622069597244263,1.133538007736206,1.1593400239944458,dataset_2_keyframe_4
aligned_local_faithful,59,0.19844533503055573,1.0776668787002563,1.1022170782089233,dataset_2_keyframe_4
aligned_local_faithful,60,0.1914237141609192,0.957614004611969,0.9770153760910034,dataset_2_keyframe_4
aligned_local_faithful,61,0.20482440292835236,0.8831122517585754,0.8946253657341003,dataset_2_keyframe_4
aligned_local_faithful,62,0.20083849132061005,0.902891993522644,0.897110641002655,dataset_2_keyframe_4
aligned_local_faithful,63,0.1956947147846222,0.9390280246734619,0.9256572127342224,dataset_2_keyframe_4
aligned_local_faithful,64,0.19673146307468414,1.0708051919937134,1.0498617887496948,dataset_2_keyframe_4
aligned_local_faithful,65,0.1823548525571823,1.179875373840332,1.1550034284591675,dataset_2_keyframe_4
aligned_local_faithful,66,0.19769777357578278,1.425652027130127,1.3819490671157837,dataset_2_keyframe_4
aligned_local_faithful,67,0.18691205978393555,1.5979399681091309,1.5545586347579956,dataset_2_keyframe_4
aligned_local_faithful,68,0.19059406220912933,1.8893718719482422,1.8411940336227417,dataset_2_keyframe_4
aligned_local_faithful,69,0.18203218281269073,2.0191893577575684,1.9751187562942505,dataset_2_keyframe_4
aligned_local_faithful,70,0.18696631491184235,2.15004301071167,2.1008474826812744,dataset_2_keyframe_4
aligned_local_faithful,71,0.18153855204582214,2.1820576190948486,2.1370880603790283,dataset_2_keyframe_4
aligned_local_faithful,72,0.18550220131874084,2.0912532806396484,2.0480175018310547,dataset_2_keyframe_4
aligned_local_faithful,73,0.18535101413726807,1.9711004495620728,1.9281953573226929,dataset_2_keyframe_4
aligned_local_faithful,74,0.18846392631530762,1.8303543329238892,1.7903372049331665,dataset_2_keyframe_4
aligned_local_faithful,75,0.1813029646873474,1.7647744417190552,1.7274225950241089,dataset_2_keyframe_4
aligned_local_faithful,76,0.18619240820407867,1.6310863494873047,1.5951391458511353,dataset_2_keyframe_4
aligned_local_faithful,77,0.18808330595493317,1.5702893733978271,1.5369548797607422,dataset_2_keyframe_4
aligned_local_faithful,78,0.1846645176410675,1.3618509769439697,1.336740493774414,dataset_2_keyframe_4
aligned_local_faithful,79,0.1840287744998932,1.3000617027282715,1.2728019952774048,dataset_2_keyframe_4
aligned_local_faithful,80,0.18535330891609192,1.195021390914917,1.172835350036621,dataset_2_keyframe_4
aligned_local_faithful,81,0.1853247582912445,1.1543076038360596,1.1354396343231201,dataset_2_keyframe_4
aligned_local_faithful,82,0.18154846131801605,1.1471158266067505,1.1297858953475952,dataset_2_keyframe_4
aligned_local_faithful,83,0.18462635576725006,1.1558685302734375,1.1402018070220947,dataset_2_keyframe_4
aligned_local_faithful,84,0.18987630307674408,1.2073686122894287,1.190928339958191,dataset_2_keyframe_4
aligned_local_faithful,85,0.18642523884773254,1.2890704870224,1.2681008577346802,dataset_2_keyframe_4
aligned_local_faithful,86,0.18433336913585663,1.3961737155914307,1.3720344305038452,dataset_2_keyframe_4
aligned_local_faithful,87,0.19809982180595398,1.4644417762756348,1.4402310848236084,dataset_2_keyframe_4
aligned_local_faithful,88,0.19158706068992615,1.583769679069519,1.552227258682251,dataset_2_keyframe_4
aligned_local_faithful,89,0.19378572702407837,1.6125054359436035,1.583270788192749,dataset_2_keyframe_4
aligned_local_faithful,90,0.1963554173707962,1.6577597856521606,1.6290794610977173,dataset_2_keyframe_4
aligned_local_faithful,91,0.19401173293590546,1.691879391670227,1.6621708869934082,dataset_2_keyframe_4
aligned_local_faithful,92,0.1939801126718521,1.6371511220932007,1.6089816093444824,dataset_2_keyframe_4
aligned_local_faithful,93,0.19662556052207947,1.6455903053283691,1.6147793531417847,dataset_2_keyframe_4
aligned_local_faithful,94,0.18700703978538513,1.623184084892273,1.5939911603927612,dataset_2_keyframe_4
aligned_local_faithful,95,0.1945519745349884,1.5958843231201172,1.5666714906692505,dataset_2_keyframe_4
aligned_local_faithful,96,0.19252078235149384,1.5131014585494995,1.488789439201355,dataset_2_keyframe_4
aligned_local_faithful,97,0.19699282944202423,1.436423420906067,1.4124159812927246,dataset_2_keyframe_4
aligned_local_faithful,98,0.19881121814250946,1.3706809282302856,1.3548370599746704,dataset_2_keyframe_4
aligned_local_faithful,99,0.197177916765213,1.3692339658737183,1.3563653230667114,dataset_2_keyframe_4
aligned_local_faithful,100,0.20136092603206635,1.3525947332382202,1.3429392576217651,dataset_2_keyframe_4
aligned_local_faithful,101,0.1901795119047165,1.2999736070632935,1.2947547435760498,dataset_2_keyframe_4
aligned_local_faithful,102,0.20392826199531555,1.2931663990020752,1.2935364246368408,dataset_2_keyframe_4
aligned_local_faithful,103,0.20520354807376862,1.2953264713287354,1.2957767248153687,dataset_2_keyframe_4
aligned_local_faithful,104,0.20020589232444763,1.311316728591919,1.3136301040649414,dataset_2_keyframe_4
aligned_local_faithful,105,0.19968467950820923,1.3602112531661987,1.3623745441436768,dataset_2_keyframe_4
aligned_local_faithful,106,0.19992533326148987,1.3558648824691772,1.3551433086395264,dataset_2_keyframe_4
aligned_local_faithful,107,0.1994815617799759,1.3569269180297852,1.3545993566513062,dataset_2_keyframe_4
aligned_local_faithful,108,0.19705244898796082,1.346479892730713,1.3417003154754639,dataset_2_keyframe_4
aligned_local_faithful,109,0.19989001750946045,1.4693902730941772,1.4572151899337769,dataset_2_keyframe_4
aligned_local_faithful,110,0.2016984522342682,1.5881108045578003,1.5692567825317383,dataset_2_keyframe_4
aligned_local_faithful,111,0.190152108669281,1.6904484033584595,1.668717384338379,dataset_2_keyframe_4
aligned_local_faithful,112,0.20029112696647644,1.8273707628250122,1.8022031784057617,dataset_2_keyframe_4
aligned_local_faithful,113,0.20555797219276428,1.9709678888320923,1.9390076398849487,dataset_2_keyframe_4
aligned_local_faithful,114,0.19983135163784027,2.1131975650787354,2.080096960067749,dataset_2_keyframe_4
aligned_local_faithful,115,0.19663068652153015,2.229580879211426,2.1924941539764404,dataset_2_keyframe_4
aligned_local_faithful,116,0.2053605169057846,2.3837532997131348,2.3467020988464355,dataset_2_keyframe_4
aligned_local_faithful,117,0.19717451930046082,2.4377121925354004,2.4036192893981934,dataset_2_keyframe_4
aligned_local_faithful,118,0.20208847522735596,2.4871065616607666,2.4549288749694824,dataset_2_keyframe_4
aligned_local_faithful,119,0.2156970351934433,2.5252578258514404,2.4933876991271973,dataset_2_keyframe_4
aligned_local_faithful,120,0.21388448774814606,2.599315881729126,2.563324451446533,dataset_2_keyframe_4
aligned_local_faithful,121,0.21595704555511475,2.6786179542541504,2.64939546585083,dataset_2_keyframe_4
aligned_local_faithful,122,0.22035208344459534,2.7880563735961914,2.7532734870910645,dataset_2_keyframe_4
aligned_local_faithful,123,0.22545424103736877,2.8527965545654297,2.819640874862671,dataset_2_keyframe_4
aligned_local_faithful,124,0.22739602625370026,2.942676067352295,2.901355743408203,dataset_2_keyframe_4
aligned_local_faithful,125,0.22734303772449493,3.012850522994995,2.9754772186279297,dataset_2_keyframe_4
aligned_local_faithful,126,0.23552943766117096,3.103458881378174,3.0632176399230957,dataset_2_keyframe_4
aligned_local_faithful,127,0.23517073690891266,3.1157851219177246,3.0760555267333984,dataset_2_keyframe_4
faithful_full,0,0.9995464086532593,1.8241076469421387,1.5761408805847168,dataset_2_keyframe_4
faithful_full,1,0.9993434548377991,1.9625275135040283,1.6964057683944702,dataset_2_keyframe_4
faithful_full,2,0.9995763301849365,2.175825357437134,1.8815975189208984,dataset_2_keyframe_4
faithful_full,3,0.9996501803398132,2.487797737121582,2.157932758331299,dataset_2_keyframe_4
faithful_full,4,0.9995332360267639,2.62111759185791,2.290149211883545,dataset_2_keyframe_4
faithful_full,5,0.999518871307373,2.5958099365234375,2.262082576751709,dataset_2_keyframe_4
faithful_full,6,0.9995620250701904,2.713622808456421,2.3769001960754395,dataset_2_keyframe_4
faithful_full,7,0.9995023608207703,2.836602210998535,2.495973825454712,dataset_2_keyframe_4
faithful_full,8,0.9995304346084595,2.9580280780792236,2.6083850860595703,dataset_2_keyframe_4
faithful_full,9,0.9995580315589905,3.0551371574401855,2.702455520629883,dataset_2_keyframe_4
faithful_full,10,0.9992886185646057,3.1603028774261475,2.8057451248168945,dataset_2_keyframe_4
faithful_full,11,0.999330461025238,3.3911893367767334,3.0318777561187744,dataset_2_keyframe_4
faithful_full,12,0.9994009137153625,3.5914688110351562,3.230410575866699,dataset_2_keyframe_4
faithful_full,13,0.9994086623191833,4.328772068023682,3.96052885055542,dataset_2_keyframe_4
faithful_full,14,0.9992685317993164,4.20931339263916,3.845097303390503,dataset_2_keyframe_4
faithful_full,15,0.9996101260185242,5.156273365020752,4.789668083190918,dataset_2_keyframe_4
faithful_full,16,0.9993988871574402,5.539646148681641,5.174436092376709,dataset_2_keyframe_4
faithful_full,17,0.9994704723358154,6.048314571380615,5.6835455894470215,dataset_2_keyframe_4
faithful_full,18,0.9995105862617493,6.495788097381592,6.132961273193359,dataset_2_keyframe_4
faithful_full,19,0.9995678663253784,7.19455099105835,6.83274507522583,dataset_2_keyframe_4
faithful_full,20,0.9993380308151245,7.889185905456543,7.5295305252075195,dataset_2_keyframe_4
faithful_full,21,0.9992727041244507,8.576931953430176,8.220059394836426,dataset_2_keyframe_4
faithful_full,22,0.9996820688247681,9.267555236816406,8.912487030029297,dataset_2_keyframe_4
faithful_full,23,0.9995490312576294,9.715408325195312,9.364163398742676,dataset_2_keyframe_4
faithful_full,24,0.9996492266654968,10.018643379211426,9.671319007873535,dataset_2_keyframe_4
faithful_full,25,0.9996781349182129,10.196821212768555,9.853655815124512,dataset_2_keyframe_4
faithful_full,26,0.9997283220291138,10.259421348571777,9.921591758728027,dataset_2_keyframe_4
faithful_full,27,0.9996819496154785,10.311830520629883,9.977850914001465,dataset_2_keyframe_4
faithful_full,28,0.9997751712799072,10.25231647491455,9.923577308654785,dataset_2_keyframe_4
faithful_full,29,0.9997058510780334,9.951239585876465,9.628430366516113,dataset_2_keyframe_4
faithful_full,30,0.9996551275253296,9.55502986907959,9.237339973449707,dataset_2_keyframe_4
faithful_full,31,0.999690055847168,9.045146942138672,8.733561515808105,dataset_2_keyframe_4
faithful_full,32,0.9997051358222961,8.506757736206055,8.200819969177246,dataset_2_keyframe_4
faithful_full,33,0.999535858631134,7.920835494995117,7.62003231048584,dataset_2_keyframe_4
faithful_full,34,0.999549388885498,7.267989158630371,6.9729390144348145,dataset_2_keyframe_4
faithful_full,35,0.9995400905609131,6.700801372528076,6.410511016845703,dataset_2_keyframe_4
faithful_full,36,0.9996300935745239,6.097236633300781,5.811445236206055,dataset_2_keyframe_4
faithful_full,37,0.9997245669364929,5.483636856079102,5.201824188232422,dataset_2_keyframe_4
faithful_full,38,0.9994662404060364,4.914066791534424,4.636551856994629,dataset_2_keyframe_4
faithful_full,39,0.9994600415229797,4.40634298324585,4.131651878356934,dataset_2_keyframe_4
faithful_full,40,0.9997922778129578,3.850299119949341,3.5788824558258057,dataset_2_keyframe_4
faithful_full,41,0.9997119903564453,3.421008586883545,3.1525936126708984,dataset_2_keyframe_4
faithful_full,42,0.9995759129524231,2.6512084007263184,2.38885235786438,dataset_2_keyframe_4
faithful_full,43,0.9994915127754211,1.835678219795227,1.5831550359725952,dataset_2_keyframe_4
faithful_full,44,0.9997316598892212,1.3859097957611084,1.1468154191970825,dataset_2_keyframe_4
faithful_full,45,0.9994900226593018,0.9939738512039185,0.7944046258926392,dataset_2_keyframe_4
faithful_full,46,0.9996767640113831,0.840522289276123,0.6706110239028931,dataset_2_keyframe_4
faithful_full,47,0.9994601607322693,0.6816166043281555,0.562483012676239,dataset_2_keyframe_4
faithful_full,48,0.9995139241218567,0.5855066776275635,0.4973832666873932,dataset_2_keyframe_4
faithful_full,49,0.9995949268341064,0.5985863208770752,0.5462939739227295,dataset_2_keyframe_4
faithful_full,50,0.9994333982467651,0.6678507328033447,0.724543571472168,dataset_2_keyframe_4
faithful_full,51,0.9997304677963257,0.7371398210525513,0.8429744839668274,dataset_2_keyframe_4
faithful_full,52,0.9994888305664062,0.868526816368103,1.0142457485198975,dataset_2_keyframe_4
faithful_full,53,0.9995164275169373,0.9530208706855774,1.1202234029769897,dataset_2_keyframe_4
faithful_full,54,0.9995980858802795,1.0233290195465088,1.190948486328125,dataset_2_keyframe_4
faithful_full,55,0.999599277973175,1.0679627656936646,1.2446160316467285,dataset_2_keyframe_4
faithful_full,56,0.9995201230049133,1.0735245943069458,1.2522692680358887,dataset_2_keyframe_4
faithful_full,57,0.9994669556617737,1.0691744089126587,1.2479039430618286,dataset_2_keyframe_4
faithful_full,58,0.9995747804641724,1.133538007736206,1.3074873685836792,dataset_2_keyframe_4
faithful_full,59,0.9995754957199097,1.0776668787002563,1.2226656675338745,dataset_2_keyframe_4
faithful_full,60,0.9992817640304565,0.957614004611969,1.0829910039901733,dataset_2_keyframe_4
faithful_full,61,0.9994409084320068,0.8831122517585754,0.9422988295555115,dataset_2_keyframe_4
faithful_full,62,0.9991989135742188,0.902891993522644,0.8979856371879578,dataset_2_keyframe_4
faithful_full,63,0.9993298053741455,0.9390280246734619,0.8777124285697937,dataset_2_keyframe_4
faithful_full,64,0.9993000030517578,1.0708051919937134,0.9677653908729553,dataset_2_keyframe_4
faithful_full,65,0.9990251064300537,1.179875373840332,1.0368354320526123,dataset_2_keyframe_4
faithful_full,66,0.9992126822471619,1.425652027130127,1.2506178617477417,dataset_2_keyframe_4
faithful_full,67,0.9990428686141968,1.5979399681091309,1.4032634496688843,dataset_2_keyframe_4
faithful_full,68,0.9991199374198914,1.8893718719482422,1.675670862197876,dataset_2_keyframe_4
faithful_full,69,0.9991414546966553,2.0191893577575684,1.7980464696884155,dataset_2_keyframe_4
faithful_full,70,0.9990264773368835,2.15004301071167,1.925756573677063,dataset_2_keyframe_4
faithful_full,71,0.9990212917327881,2.1820576190948486,1.9633947610855103,dataset_2_keyframe_4
faithful_full,72,0.9991300702095032,2.0912532806396484,1.8721942901611328,dataset_2_keyframe_4
faithful_full,73,0.9990707039833069,1.9711004495620728,1.7582100629806519,dataset_2_keyframe_4
faithful_full,74,0.9989830851554871,1.8303543329238892,1.6245869398117065,dataset_2_keyframe_4
faithful_full,75,0.9990365505218506,1.7647744417190552,1.5694469213485718,dataset_2_keyframe_4
faithful_full,76,0.9988929033279419,1.6310863494873047,1.4586281776428223,dataset_2_keyframe_4
faithful_full,77,0.9989756345748901,1.5702893733978271,1.404922604560852,dataset_2_keyframe_4
faithful_full,78,0.9990590214729309,1.3618509769439697,1.222243309020996,dataset_2_keyframe_4
faithful_full,79,0.9989725351333618,1.3000617027282715,1.1719303131103516,dataset_2_keyframe_4
faithful_full,80,0.9987151622772217,1.195021390914917,1.1126513481140137,dataset_2_keyframe_4
faithful_full,81,0.9987151622772217,1.1543076038360596,1.1119394302368164,dataset_2_keyframe_4
faithful_full,82,0.998744785785675,1.1471158266067505,1.1428418159484863,dataset_2_keyframe_4
faithful_full,83,0.9987449645996094,1.1558685302734375,1.2202433347702026,dataset_2_keyframe_4
faithful_full,84,0.9987174272537231,1.2073686122894287,1.2748082876205444,dataset_2_keyframe_4
faithful_full,85,0.998491108417511,1.2890704870224,1.3456873893737793,dataset_2_keyframe_4
faithful_full,86,0.9986622333526611,1.3961737155914307,1.4363977909088135,dataset_2_keyframe_4
faithful_full,87,0.9986670017242432,1.4644417762756348,1.4885729551315308,dataset_2_keyframe_4
faithful_full,88,0.9988378286361694,1.583769679069519,1.5314855575561523,dataset_2_keyframe_4
faithful_full,89,0.9987266063690186,1.6125054359436035,1.5656110048294067,dataset_2_keyframe_4
faithful_full,90,0.9988133907318115,1.6577597856521606,1.5983712673187256,dataset_2_keyframe_4
faithful_full,91,0.9986172318458557,1.691879391670227,1.6209691762924194,dataset_2_keyframe_4
faithful_full,92,0.9989269971847534,1.6371511220932007,1.5483002662658691,dataset_2_keyframe_4
faithful_full,93,0.9986174702644348,1.6455903053283691,1.554810643196106,dataset_2_keyframe_4
faithful_full,94,0.9986147284507751,1.623184084892273,1.5333930253982544,dataset_2_keyframe_4
faithful_full,95,0.9986718893051147,1.5958843231201172,1.5124611854553223,dataset_2_keyframe_4
faithful_full,96,0.9986997842788696,1.5131014585494995,1.4283502101898193,dataset_2_keyframe_4
faithful_full,97,0.9988129734992981,1.436423420906067,1.415840744972229,dataset_2_keyframe_4
faithful_full,98,0.9988112449645996,1.3706809282302856,1.3910712003707886,dataset_2_keyframe_4
faithful_full,99,0.998894989490509,1.3692339658737183,1.429775357246399,dataset_2_keyframe_4
faithful_full,100,0.9988659024238586,1.3525947332382202,1.4204012155532837,dataset_2_keyframe_4
faithful_full,101,0.9988335967063904,1.2999736070632935,1.386092185974121,dataset_2_keyframe_4
faithful_full,102,0.9988898038864136,1.2931663990020752,1.3996245861053467,dataset_2_keyframe_4
faithful_full,103,0.998744785785675,1.2953264713287354,1.4274146556854248,dataset_2_keyframe_4
faithful_full,104,0.9987131357192993,1.311316728591919,1.461323857307434,dataset_2_keyframe_4
faithful_full,105,0.998710036277771,1.3602112531661987,1.5234081745147705,dataset_2_keyframe_4
faithful_full,106,0.9988800883293152,1.3558648824691772,1.5025057792663574,dataset_2_keyframe_4
faithful_full,107,0.9987327456474304,1.3569269180297852,1.4849669933319092,dataset_2_keyframe_4
faithful_full,108,0.9984395503997803,1.346479892730713,1.4509550333023071,dataset_2_keyframe_4
faithful_full,109,0.9986687302589417,1.4693902730941772,1.56291663646698,dataset_2_keyframe_4
faithful_full,110,0.9986377358436584,1.5881108045578003,1.6581060886383057,dataset_2_keyframe_4
faithful_full,111,0.99854576587677,1.6904484033584595,1.7360953092575073,dataset_2_keyframe_4
faithful_full,112,0.9983988404273987,1.8273707628250122,1.8278210163116455,dataset_2_keyframe_4
faithful_full,113,0.9985159039497375,1.9709678888320923,1.9326364994049072,dataset_2_keyframe_4
faithful_full,114,0.9984006881713867,2.1131975650787354,2.067918300628662,dataset_2_keyframe_4
faithful_full,115,0.998690664768219,2.229580879211426,2.176206111907959,dataset_2_keyframe_4
faithful_full,116,0.9985190629959106,2.3837532997131348,2.3572216033935547,dataset_2_keyframe_4
faithful_full,117,0.9988686442375183,2.4377121925354004,2.4403817653656006,dataset_2_keyframe_4
faithful_full,118,0.998752772808075,2.4871065616607666,2.499439239501953,dataset_2_keyframe_4
faithful_full,119,0.9987867474555969,2.5252578258514404,2.553767204284668,dataset_2_keyframe_4
faithful_full,120,0.998646080493927,2.599315881729126,2.6139791011810303,dataset_2_keyframe_4
faithful_full,121,0.9985070824623108,2.6786179542541504,2.7061221599578857,dataset_2_keyframe_4
faithful_full,122,0.998511552810669,2.7880563735961914,2.821866035461426,dataset_2_keyframe_4
faithful_full,123,0.9984361529350281,2.8527965545654297,2.879478931427002,dataset_2_keyframe_4
faithful_full,124,0.9985872507095337,2.942676067352295,2.9028592109680176,dataset_2_keyframe_4
faithful_full,125,0.9983128905296326,3.012850522994995,2.973155975341797,dataset_2_keyframe_4
faithful_full,126,0.9982934594154358,3.103458881378174,3.0396952629089355,dataset_2_keyframe_4
faithful_full,127,0.9984618425369263,3.1157851219177246,3.01959490776062,dataset_2_keyframe_4
faithful_state_reset,0,0.9995464086532593,1.8241076469421387,1.5761408805847168,dataset_2_keyframe_4
faithful_state_reset,1,0.9995039701461792,1.9625275135040283,1.686485767364502,dataset_2_keyframe_4
faithful_state_reset,2,0.9996932148933411,2.175825357437134,1.8704333305358887,dataset_2_keyframe_4
faithful_state_reset,3,0.9997522234916687,2.487797737121582,2.1452462673187256,dataset_2_keyframe_4
faithful_state_reset,4,0.9996498823165894,2.62111759185791,2.2769551277160645,dataset_2_keyframe_4
faithful_state_reset,5,0.9996500611305237,2.5958099365234375,2.2488009929656982,dataset_2_keyframe_4
faithful_state_reset,6,0.9995765686035156,2.713622808456421,2.363323450088501,dataset_2_keyframe_4
faithful_state_reset,7,0.9995462894439697,2.836602210998535,2.482362985610962,dataset_2_keyframe_4
faithful_state_reset,8,0.9996331930160522,2.9580280780792236,2.5943171977996826,dataset_2_keyframe_4
faithful_state_reset,9,0.999602198600769,3.0551371574401855,2.6882896423339844,dataset_2_keyframe_4
faithful_state_reset,10,0.9993923306465149,3.1603028774261475,2.7914485931396484,dataset_2_keyframe_4
faithful_state_reset,11,0.9994792342185974,3.3911893367767334,3.017273426055908,dataset_2_keyframe_4
faithful_state_reset,12,0.9995806217193604,3.5914688110351562,3.2156612873077393,dataset_2_keyframe_4
faithful_state_reset,13,0.9994996190071106,4.328772068023682,3.9457592964172363,dataset_2_keyframe_4
faithful_state_reset,14,0.9994209408760071,4.20931339263916,3.8301916122436523,dataset_2_keyframe_4
faithful_state_reset,15,0.9995945692062378,5.156273365020752,4.774940490722656,dataset_2_keyframe_4
faithful_state_reset,16,0.9994937777519226,5.539646148681641,5.159356117248535,dataset_2_keyframe_4
faithful_state_reset,17,0.9995507001876831,6.048314571380615,5.668675899505615,dataset_2_keyframe_4
faithful_state_reset,18,0.9995595216751099,6.495788097381592,6.118185520172119,dataset_2_keyframe_4
faithful_state_reset,19,0.9996509552001953,7.19455099105835,6.8181047439575195,dataset_2_keyframe_4
faithful_state_reset,20,0.9994568228721619,7.889185905456543,7.514927387237549,dataset_2_keyframe_4
faithful_state_reset,21,0.9993419647216797,8.576931953430176,8.20584774017334,dataset_2_keyframe_4
faithful_state_reset,22,0.9996820688247681,9.267555236816406,8.898361206054688,dataset_2_keyframe_4
faithful_state_reset,23,0.9997293949127197,9.715408325195312,9.350151062011719,dataset_2_keyframe_4
faithful_state_reset,24,0.9997415542602539,10.018643379211426,9.657590866088867,dataset_2_keyframe_4
faithful_state_reset,25,0.99979168176651,10.196821212768555,9.840410232543945,dataset_2_keyframe_4
faithful_state_reset,26,0.9997671842575073,10.259421348571777,9.908859252929688,dataset_2_keyframe_4
faithful_state_reset,27,0.9997217059135437,10.311830520629883,9.96517562866211,dataset_2_keyframe_4
faithful_state_reset,28,0.9997956156730652,10.25231647491455,9.911177635192871,dataset_2_keyframe_4
faithful_state_reset,29,0.9997268915176392,9.951239585876465,9.616414070129395,dataset_2_keyframe_4
faithful_state_reset,30,0.9998491406440735,9.55502986907959,9.225613594055176,dataset_2_keyframe_4
faithful_state_reset,31,0.9997343420982361,9.045146942138672,8.722195625305176,dataset_2_keyframe_4
faithful_state_reset,32,0.9997278451919556,8.506757736206055,8.189739227294922,dataset_2_keyframe_4
faithful_state_reset,33,0.9996983408927917,7.920835494995117,7.609116077423096,dataset_2_keyframe_4
faithful_state_reset,34,0.9996917247772217,7.267989158630371,6.962152481079102,dataset_2_keyframe_4
faithful_state_reset,35,0.9997095465660095,6.700801372528076,6.399974822998047,dataset_2_keyframe_4
faithful_state_reset,36,0.9995808005332947,6.097236633300781,5.801048278808594,dataset_2_keyframe_4
faithful_state_reset,37,0.9997496604919434,5.483636856079102,5.191675186157227,dataset_2_keyframe_4
faithful_state_reset,38,0.9996187686920166,4.914066791534424,4.626363277435303,dataset_2_keyframe_4
faithful_state_reset,39,0.9997171759605408,4.40634298324585,4.121779918670654,dataset_2_keyframe_4
faithful_state_reset,40,0.9998701810836792,3.850299119949341,3.569009780883789,dataset_2_keyframe_4
faithful_state_reset,41,0.9998167157173157,3.421008586883545,3.142878770828247,dataset_2_keyframe_4
faithful_state_reset,42,0.9997084140777588,2.6512084007263184,2.3793556690216064,dataset_2_keyframe_4
faithful_state_reset,43,0.9996253252029419,1.835678219795227,1.5740002393722534,dataset_2_keyframe_4
faithful_state_reset,44,0.9998658299446106,1.3859097957611084,1.1384782791137695,dataset_2_keyframe_4
faithful_state_reset,45,0.9997047781944275,0.9939738512039185,0.7880569696426392,dataset_2_keyframe_4
faithful_state_reset,46,0.9997575879096985,0.840522289276123,0.6655203104019165,dataset_2_keyframe_4
faithful_state_reset,47,0.999730110168457,0.6816166043281555,0.5599014163017273,dataset_2_keyframe_4
faithful_state_reset,48,0.9997299909591675,0.5855066776275635,0.49601659178733826,dataset_2_keyframe_4
faithful_state_reset,49,0.9997569918632507,0.5985863208770752,0.54674232006073,dataset_2_keyframe_4
faithful_state_reset,50,0.9996222853660583,0.6678507328033447,0.7281439304351807,dataset_2_keyframe_4
faithful_state_reset,51,0.9997304677963257,0.7371398210525513,0.848345935344696,dataset_2_keyframe_4
faithful_state_reset,52,0.9995964765548706,0.868526816368103,1.0200244188308716,dataset_2_keyframe_4
faithful_state_reset,53,0.999650776386261,0.9530208706855774,1.126724123954773,dataset_2_keyframe_4
faithful_state_reset,54,0.9996516704559326,1.0233290195465088,1.1973789930343628,dataset_2_keyframe_4
faithful_state_reset,55,0.9997863173484802,1.0679627656936646,1.251465082168579,dataset_2_keyframe_4
faithful_state_reset,56,0.9996268153190613,1.0735245943069458,1.259135365486145,dataset_2_keyframe_4
faithful_state_reset,57,0.9995735287666321,1.0691744089126587,1.2548366785049438,dataset_2_keyframe_4
faithful_state_reset,58,0.9996013641357422,1.133538007736206,1.3141660690307617,dataset_2_keyframe_4
faithful_state_reset,59,0.9996815919876099,1.0776668787002563,1.2285008430480957,dataset_2_keyframe_4
faithful_state_reset,60,0.9993881583213806,0.957614004611969,1.0884815454483032,dataset_2_keyframe_4
faithful_state_reset,61,0.9994409084320068,0.8831122517585754,0.9454895257949829,dataset_2_keyframe_4
faithful_state_reset,62,0.9993324279785156,0.902891993522644,0.8991623520851135,dataset_2_keyframe_4
faithful_state_reset,63,0.9993833899497986,0.9390280246734619,0.876789927482605,dataset_2_keyframe_4
faithful_state_reset,64,0.9993807673454285,1.0708051919937134,0.9652561545372009,dataset_2_keyframe_4
faithful_state_reset,65,0.9991605281829834,1.179875373840332,1.0325534343719482,dataset_2_keyframe_4
faithful_state_reset,66,0.9993484020233154,1.425652027130127,1.2449644804000854,dataset_2_keyframe_4
faithful_state_reset,67,0.9992889761924744,1.5979399681091309,1.3965957164764404,dataset_2_keyframe_4
faithful_state_reset,68,0.999229907989502,1.8893718719482422,1.6683272123336792,dataset_2_keyframe_4
faithful_state_reset,69,0.9992799162864685,2.0191893577575684,1.7900402545928955,dataset_2_keyframe_4
faithful_state_reset,70,0.9992212057113647,2.15004301071167,1.9179484844207764,dataset_2_keyframe_4
faithful_state_reset,71,0.9990772008895874,2.1820576190948486,1.9556738138198853,dataset_2_keyframe_4
faithful_state_reset,72,0.9991580843925476,2.0912532806396484,1.864652156829834,dataset_2_keyframe_4
faithful_state_reset,73,0.9992114901542664,1.9711004495620728,1.7510051727294922,dataset_2_keyframe_4
faithful_state_reset,74,0.9990678429603577,1.8303543329238892,1.617795705795288,dataset_2_keyframe_4
faithful_state_reset,75,0.999093234539032,1.7647744417190552,1.5631614923477173,dataset_2_keyframe_4
faithful_state_reset,76,0.9990348219871521,1.6310863494873047,1.4533843994140625,dataset_2_keyframe_4
faithful_state_reset,77,0.9990894198417664,1.5702893733978271,1.3996968269348145,dataset_2_keyframe_4
faithful_state_reset,78,0.9991730451583862,1.3618509769439697,1.2184771299362183,dataset_2_keyframe_4
faithful_state_reset,79,0.9990867376327515,1.3000617027282715,1.1687297821044922,dataset_2_keyframe_4
faithful_state_reset,80,0.9989150166511536,1.195021390914917,1.1112843751907349,dataset_2_keyframe_4
faithful_state_reset,81,0.9989721179008484,1.1543076038360596,1.1119496822357178,dataset_2_keyframe_4
faithful_state_reset,82,0.9989444613456726,1.1471158266067505,1.1440891027450562,dataset_2_keyframe_4
faithful_state_reset,83,0.9988305568695068,1.1558685302734375,1.2234588861465454,dataset_2_keyframe_4
faithful_state_reset,84,0.998945415019989,1.2073686122894287,1.2778855562210083,dataset_2_keyframe_4
faithful_state_reset,85,0.9987188577651978,1.2890704870224,1.3484925031661987,dataset_2_keyframe_4
faithful_state_reset,86,0.9988899230957031,1.3961737155914307,1.438693881034851,dataset_2_keyframe_4
faithful_state_reset,87,0.9988088011741638,1.4644417762756348,1.4903913736343384,dataset_2_keyframe_4
faithful_state_reset,88,0.9989511966705322,1.583769679069519,1.5308642387390137,dataset_2_keyframe_4
faithful_state_reset,89,0.9989529848098755,1.6125054359436035,1.5650941133499146,dataset_2_keyframe_4
faithful_state_reset,90,0.9989546537399292,1.6577597856521606,1.597786784172058,dataset_2_keyframe_4
faithful_state_reset,91,0.9987865090370178,1.691879391670227,1.6197136640548706,dataset_2_keyframe_4
faithful_state_reset,92,0.999011754989624,1.6371511220932007,1.546351671218872,dataset_2_keyframe_4
faithful_state_reset,93,0.9987585544586182,1.6455903053283691,1.5530411005020142,dataset_2_keyframe_4
faithful_state_reset,94,0.9987278580665588,1.623184084892273,1.531623125076294,dataset_2_keyframe_4
faithful_state_reset,95,0.9987283945083618,1.5958843231201172,1.510988712310791,dataset_2_keyframe_4
faithful_state_reset,96,0.9988128542900085,1.5131014585494995,1.4270756244659424,dataset_2_keyframe_4
faithful_state_reset,97,0.9988977313041687,1.436423420906067,1.417004108428955,dataset_2_keyframe_4
faithful_state_reset,98,0.9988961219787598,1.3706809282302856,1.3933188915252686,dataset_2_keyframe_4
faithful_state_reset,99,0.9989799857139587,1.3692339658737183,1.4334473609924316,dataset_2_keyframe_4
faithful_state_reset,100,0.9988942742347717,1.3525947332382202,1.4238638877868652,dataset_2_keyframe_4
faithful_state_reset,101,0.9988335967063904,1.2999736070632935,1.3904697895050049,dataset_2_keyframe_4
faithful_state_reset,102,0.9989752173423767,1.2931663990020752,1.404384732246399,dataset_2_keyframe_4
faithful_state_reset,103,0.9988874197006226,1.2953264713287354,1.4329819679260254,dataset_2_keyframe_4
faithful_state_reset,104,0.9988561272621155,1.311316728591919,1.4673891067504883,dataset_2_keyframe_4
faithful_state_reset,105,0.9987960457801819,1.3602112531661987,1.5296794176101685,dataset_2_keyframe_4
faithful_state_reset,106,0.9988800883293152,1.3558648824691772,1.508291244506836,dataset_2_keyframe_4
faithful_state_reset,107,0.9989055395126343,1.3569269180297852,1.4904571771621704,dataset_2_keyframe_4
faithful_state_reset,108,0.9987863302230835,1.346479892730713,1.455958604812622,dataset_2_keyframe_4
faithful_state_reset,109,0.9987266063690186,1.4693902730941772,1.567609190940857,dataset_2_keyframe_4
faithful_state_reset,110,0.998811662197113,1.5881108045578003,1.6616538763046265,dataset_2_keyframe_4
faithful_state_reset,111,0.9987784624099731,1.6904484033584595,1.7390698194503784,dataset_2_keyframe_4
faithful_state_reset,112,0.9986026287078857,1.8273707628250122,1.8295217752456665,dataset_2_keyframe_4
faithful_state_reset,113,0.9987196326255798,1.9709678888320923,1.932888150215149,dataset_2_keyframe_4
faithful_state_reset,114,0.9987496137619019,2.1131975650787354,2.067716121673584,dataset_2_keyframe_4
faithful_state_reset,115,0.9988943338394165,2.229580879211426,2.175999641418457,dataset_2_keyframe_4
faithful_state_reset,116,0.9989545941352844,2.3837532997131348,2.357485771179199,dataset_2_keyframe_4
faithful_state_reset,117,0.9989846348762512,2.4377121925354004,2.4414305686950684,dataset_2_keyframe_4
faithful_state_reset,118,0.9989267587661743,2.4871065616607666,2.500955581665039,dataset_2_keyframe_4
faithful_state_reset,119,0.9990756511688232,2.5252578258514404,2.555626392364502,dataset_2_keyframe_4
faithful_state_reset,120,0.9989053606987,2.599315881729126,2.6154651641845703,dataset_2_keyframe_4
faithful_state_reset,121,0.9987367391586304,2.6786179542541504,2.7079219818115234,dataset_2_keyframe_4
faithful_state_reset,122,0.9988549947738647,2.7880563735961914,2.823939561843872,dataset_2_keyframe_4
faithful_state_reset,123,0.9987204670906067,2.8527965545654297,2.881086826324463,dataset_2_keyframe_4
faithful_state_reset,124,0.9987850785255432,2.942676067352295,2.902629852294922,dataset_2_keyframe_4
faithful_state_reset,125,0.998650312423706,3.012850522994995,2.972614288330078,dataset_2_keyframe_4
faithful_state_reset,126,0.998545229434967,3.103458881378174,3.038515329360962,dataset_2_keyframe_4
faithful_state_reset,127,0.9987974762916565,3.1157851219177246,3.0171520709991455,dataset_2_keyframe_4
faithful_shuffled_existing,0,0.9995464086532593,1.8241076469421387,1.5761408805847168,dataset_2_keyframe_4
faithful_shuffled_existing,1,0.9993143081665039,1.9625275135040283,1.696571946144104,dataset_2_keyframe_4
faithful_shuffled_existing,2,0.9994156360626221,2.175825357437134,1.8820743560791016,dataset_2_keyframe_4
faithful_shuffled_existing,3,0.9992712140083313,2.487797737121582,2.159447431564331,dataset_2_keyframe_4
faithful_shuffled_existing,4,0.9988622069358826,2.62111759185791,2.292304754257202,dataset_2_keyframe_4
faithful_shuffled_existing,5,0.9988481402397156,2.5958099365234375,2.263795852661133,dataset_2_keyframe_4
faithful_shuffled_existing,6,0.9990947842597961,2.713622808456421,2.378575563430786,dataset_2_keyframe_4
faithful_shuffled_existing,7,0.9989608526229858,2.836602210998535,2.4978890419006348,dataset_2_keyframe_4
faithful_shuffled_existing,8,0.998547375202179,2.9580280780792236,2.6106207370758057,dataset_2_keyframe_4
faithful_shuffled_existing,9,0.9989244937896729,3.0551371574401855,2.705470085144043,dataset_2_keyframe_4
faithful_shuffled_existing,10,0.9986957907676697,3.1603028774261475,2.8089873790740967,dataset_2_keyframe_4
faithful_shuffled_existing,11,0.9985122084617615,3.3911893367767334,3.0344340801239014,dataset_2_keyframe_4
faithful_shuffled_existing,12,0.998741865158081,3.5914688110351562,3.2329845428466797,dataset_2_keyframe_4
faithful_shuffled_existing,13,0.9988324046134949,4.328772068023682,3.9640614986419678,dataset_2_keyframe_4
faithful_shuffled_existing,14,0.9986284971237183,4.20931339263916,3.84751558303833,dataset_2_keyframe_4
faithful_shuffled_existing,15,0.99836266040802,5.156273365020752,4.7948479652404785,dataset_2_keyframe_4
faithful_shuffled_existing,16,0.9984973073005676,5.539646148681641,5.178390026092529,dataset_2_keyframe_4
faithful_shuffled_existing,17,0.99897301197052,6.048314571380615,5.689225196838379,dataset_2_keyframe_4
faithful_shuffled_existing,18,0.9987765550613403,6.495788097381592,6.1354522705078125,dataset_2_keyframe_4
faithful_shuffled_existing,19,0.9992188215255737,7.19455099105835,6.83724308013916,dataset_2_keyframe_4
faithful_shuffled_existing,20,0.9991682767868042,7.889185905456543,7.537557601928711,dataset_2_keyframe_4
faithful_shuffled_existing,21,0.9986839890480042,8.576931953430176,8.222907066345215,dataset_2_keyframe_4
faithful_shuffled_existing,22,0.9991167783737183,9.267555236816406,8.924006462097168,dataset_2_keyframe_4
faithful_shuffled_existing,23,0.9988816380500793,9.715408325195312,9.369453430175781,dataset_2_keyframe_4
faithful_shuffled_existing,24,0.9992984533309937,10.018643379211426,9.68442153930664,dataset_2_keyframe_4
faithful_shuffled_existing,25,0.9989965558052063,10.196821212768555,9.859824180603027,dataset_2_keyframe_4
faithful_shuffled_existing,26,0.9990491271018982,10.259421348571777,9.929957389831543,dataset_2_keyframe_4
faithful_shuffled_existing,27,0.9990062713623047,10.311830520629883,9.99693489074707,dataset_2_keyframe_4
faithful_shuffled_existing,28,0.998916506767273,10.25231647491455,9.925274848937988,dataset_2_keyframe_4
faithful_shuffled_existing,29,0.9987603425979614,9.951239585876465,9.647171020507812,dataset_2_keyframe_4
faithful_shuffled_existing,30,0.9989868998527527,9.55502986907959,9.257083892822266,dataset_2_keyframe_4
faithful_shuffled_existing,31,0.9989151358604431,9.045146942138672,8.7560396194458,dataset_2_keyframe_4
faithful_shuffled_existing,32,0.9991379976272583,8.506757736206055,8.209868431091309,dataset_2_keyframe_4
faithful_shuffled_existing,33,0.9988164305686951,7.920835494995117,7.652098178863525,dataset_2_keyframe_4
faithful_shuffled_existing,34,0.9987667798995972,7.267989158630371,6.995213985443115,dataset_2_keyframe_4
faithful_shuffled_existing,35,0.9985961318016052,6.700801372528076,6.42197847366333,dataset_2_keyframe_4
faithful_shuffled_existing,36,0.9991369247436523,6.097236633300781,5.814212322235107,dataset_2_keyframe_4
faithful_shuffled_existing,37,0.9985227584838867,5.483636856079102,5.22973108291626,dataset_2_keyframe_4
faithful_shuffled_existing,38,0.9984495043754578,4.914066791534424,4.63844633102417,dataset_2_keyframe_4
faithful_shuffled_existing,39,0.9980716705322266,4.40634298324585,4.1652302742004395,dataset_2_keyframe_4
faithful_shuffled_existing,40,0.9977412223815918,3.850299119949341,3.597309112548828,dataset_2_keyframe_4
faithful_shuffled_existing,41,0.998586118221283,3.421008586883545,3.1897847652435303,dataset_2_keyframe_4
faithful_shuffled_existing,42,0.9996818900108337,2.6512084007263184,2.3757827281951904,dataset_2_keyframe_4
faithful_shuffled_existing,43,0.9983941912651062,1.835678219795227,1.6318327188491821,dataset_2_keyframe_4
faithful_shuffled_existing,44,0.9982557892799377,1.3859097957611084,1.1572874784469604,dataset_2_keyframe_4
faithful_shuffled_existing,45,0.996832549571991,0.9939738512039185,0.8203977346420288,dataset_2_keyframe_4
faithful_shuffled_existing,46,0.9977376461029053,0.840522289276123,0.6850020289421082,dataset_2_keyframe_4
faithful_shuffled_existing,47,0.9981645941734314,0.6816166043281555,0.5644417405128479,dataset_2_keyframe_4
faithful_shuffled_existing,48,0.998514711856842,0.5855066776275635,0.5074458122253418,dataset_2_keyframe_4
faithful_shuffled_existing,49,0.9992979168891907,0.5985863208770752,0.5444129705429077,dataset_2_keyframe_4
faithful_shuffled_existing,50,0.9987049698829651,0.6678507328033447,0.7209463715553284,dataset_2_keyframe_4
faithful_shuffled_existing,51,0.9973043203353882,0.7371398210525513,0.8159590363502502,dataset_2_keyframe_4
faithful_shuffled_existing,52,0.998789370059967,0.868526816368103,1.0061577558517456,dataset_2_keyframe_4
faithful_shuffled_existing,53,0.9992746710777283,0.9530208706855774,1.1278038024902344,dataset_2_keyframe_4
faithful_shuffled_existing,54,0.9982316493988037,1.0233290195465088,1.175371527671814,dataset_2_keyframe_4
faithful_shuffled_existing,55,0.9983437657356262,1.0679627656936646,1.2243863344192505,dataset_2_keyframe_4
faithful_shuffled_existing,56,0.9984537363052368,1.0735245943069458,1.2402386665344238,dataset_2_keyframe_4
faithful_shuffled_existing,57,0.9984009265899658,1.0691744089126587,1.2445707321166992,dataset_2_keyframe_4
faithful_shuffled_existing,58,0.9977940917015076,1.133538007736206,1.3047665357589722,dataset_2_keyframe_4
faithful_shuffled_existing,59,0.9980367422103882,1.0776668787002563,1.193459391593933,dataset_2_keyframe_4
faithful_shuffled_existing,60,0.9981113076210022,0.957614004611969,1.0929126739501953,dataset_2_keyframe_4
faithful_shuffled_existing,61,0.9944886565208435,0.8831122517585754,0.9242685437202454,dataset_2_keyframe_4
faithful_shuffled_existing,62,0.9993324279785156,0.902891993522644,0.8975275158882141,dataset_2_keyframe_4
faithful_shuffled_existing,63,0.9987668395042419,0.9390280246734619,0.8752322196960449,dataset_2_keyframe_4
faithful_shuffled_existing,64,0.9986807703971863,1.0708051919937134,0.9684814214706421,dataset_2_keyframe_4
faithful_shuffled_existing,65,0.9983752369880676,1.179875373840332,1.0376874208450317,dataset_2_keyframe_4
faithful_shuffled_existing,66,0.9985067844390869,1.425652027130127,1.279612421989441,dataset_2_keyframe_4
faithful_shuffled_existing,67,0.9981404542922974,1.5979399681091309,1.414225459098816,dataset_2_keyframe_4
faithful_shuffled_existing,68,0.9981573224067688,1.8893718719482422,1.671349287033081,dataset_2_keyframe_4
faithful_shuffled_existing,69,0.9972028732299805,2.0191893577575684,1.8074029684066772,dataset_2_keyframe_4
faithful_shuffled_existing,70,0.9981364607810974,2.15004301071167,1.9477920532226562,dataset_2_keyframe_4
faithful_shuffled_existing,71,0.9975671768188477,2.1820576190948486,1.9578975439071655,dataset_2_keyframe_4
faithful_shuffled_existing,72,0.9980355501174927,2.0912532806396484,1.8855305910110474,dataset_2_keyframe_4
faithful_shuffled_existing,73,0.9949029684066772,1.9711004495620728,1.7953379154205322,dataset_2_keyframe_4
faithful_shuffled_existing,74,0.9981356859207153,1.8303543329238892,1.6113214492797852,dataset_2_keyframe_4
faithful_shuffled_existing,75,0.9974780082702637,1.7647744417190552,1.57369863986969,dataset_2_keyframe_4
faithful_shuffled_existing,76,0.9954863786697388,1.6310863494873047,1.4740859270095825,dataset_2_keyframe_4
faithful_shuffled_existing,77,0.9974106550216675,1.5702893733978271,1.4222723245620728,dataset_2_keyframe_4
faithful_shuffled_existing,78,0.9977187514305115,1.3618509769439697,1.2337415218353271,dataset_2_keyframe_4
faithful_shuffled_existing,79,0.9974313974380493,1.3000617027282715,1.179578423500061,dataset_2_keyframe_4
faithful_shuffled_existing,80,0.9976016879081726,1.195021390914917,1.1155959367752075,dataset_2_keyframe_4
faithful_shuffled_existing,81,0.9966024160385132,1.1543076038360596,1.1149451732635498,dataset_2_keyframe_4
faithful_shuffled_existing,82,0.9942945241928101,1.1471158266067505,1.1452652215957642,dataset_2_keyframe_4
faithful_shuffled_existing,83,0.9973759055137634,1.1558685302734375,1.2171943187713623,dataset_2_keyframe_4
faithful_shuffled_existing,84,0.998232901096344,1.2073686122894287,1.2754957675933838,dataset_2_keyframe_4
faithful_shuffled_existing,85,0.9981778860092163,1.2890704870224,1.3323217630386353,dataset_2_keyframe_4
faithful_shuffled_existing,86,0.9972389936447144,1.3961737155914307,1.4435720443725586,dataset_2_keyframe_4
faithful_shuffled_existing,87,0.9969086647033691,1.4644417762756348,1.4869564771652222,dataset_2_keyframe_4
faithful_shuffled_existing,88,0.9979023933410645,1.583769679069519,1.5317230224609375,dataset_2_keyframe_4
faithful_shuffled_existing,89,0.9958401918411255,1.6125054359436035,1.5691940784454346,dataset_2_keyframe_4
faithful_shuffled_existing,90,0.9972594976425171,1.6577597856521606,1.6007200479507446,dataset_2_keyframe_4
faithful_shuffled_existing,91,0.997939944267273,1.691879391670227,1.6193153858184814,dataset_2_keyframe_4
faithful_shuffled_existing,92,0.9948328137397766,1.6371511220932007,1.559838056564331,dataset_2_keyframe_4
faithful_shuffled_existing,93,0.9982224702835083,1.6455903053283691,1.5520981550216675,dataset_2_keyframe_4
faithful_shuffled_existing,94,0.9968054890632629,1.623184084892273,1.5391355752944946,dataset_2_keyframe_4
faithful_shuffled_existing,95,0.9984175562858582,1.5958843231201172,1.5159777402877808,dataset_2_keyframe_4
faithful_shuffled_existing,96,0.9981627464294434,1.5131014585494995,1.428929328918457,dataset_2_keyframe_4
faithful_shuffled_existing,97,0.9952800869941711,1.436423420906067,1.4139004945755005,dataset_2_keyframe_4
faithful_shuffled_existing,98,0.9983300566673279,1.3706809282302856,1.3958549499511719,dataset_2_keyframe_4
faithful_shuffled_existing,99,0.9976482391357422,1.3692339658737183,1.4299206733703613,dataset_2_keyframe_4
faithful_shuffled_existing,100,0.9971363544464111,1.3525947332382202,1.4220390319824219,dataset_2_keyframe_4
faithful_shuffled_existing,101,0.9956473112106323,1.2999736070632935,1.361333966255188,dataset_2_keyframe_4
faithful_shuffled_existing,102,0.997352659702301,1.2931663990020752,1.3875230550765991,dataset_2_keyframe_4
faithful_shuffled_existing,103,0.9985736012458801,1.2953264713287354,1.4365606307983398,dataset_2_keyframe_4
faithful_shuffled_existing,104,0.9967685341835022,1.311316728591919,1.4599543809890747,dataset_2_keyframe_4
faithful_shuffled_existing,105,0.9974201321601868,1.3602112531661987,1.5220407247543335,dataset_2_keyframe_4
faithful_shuffled_existing,106,0.9962668418884277,1.3558648824691772,1.4997929334640503,dataset_2_keyframe_4
faithful_shuffled_existing,107,0.9951037168502808,1.3569269180297852,1.4707757234573364,dataset_2_keyframe_4
faithful_shuffled_existing,108,0.9967057108879089,1.346479892730713,1.4353532791137695,dataset_2_keyframe_4
faithful_shuffled_existing,109,0.9966428875923157,1.4693902730941772,1.5489939451217651,dataset_2_keyframe_4
faithful_shuffled_existing,110,0.9964349865913391,1.5881108045578003,1.6484498977661133,dataset_2_keyframe_4
faithful_shuffled_existing,111,0.9961608648300171,1.6904484033584595,1.730217695236206,dataset_2_keyframe_4
faithful_shuffled_existing,112,0.9962736368179321,1.8273707628250122,1.8250081539154053,dataset_2_keyframe_4
faithful_shuffled_existing,113,0.9974101185798645,1.9709678888320923,1.9319415092468262,dataset_2_keyframe_4
faithful_shuffled_existing,114,0.9969176650047302,2.1131975650787354,2.0666966438293457,dataset_2_keyframe_4
faithful_shuffled_existing,115,0.9954319000244141,2.229580879211426,2.175236463546753,dataset_2_keyframe_4
faithful_shuffled_existing,116,0.9960217475891113,2.3837532997131348,2.3595991134643555,dataset_2_keyframe_4
faithful_shuffled_existing,117,0.996692955493927,2.4377121925354004,2.4419703483581543,dataset_2_keyframe_4
faithful_shuffled_existing,118,0.9973024129867554,2.4871065616607666,2.5031087398529053,dataset_2_keyframe_4
faithful_shuffled_existing,119,0.9974579811096191,2.5252578258514404,2.556863784790039,dataset_2_keyframe_4
faithful_shuffled_existing,120,0.9980411529541016,2.599315881729126,2.615128517150879,dataset_2_keyframe_4
faithful_shuffled_existing,121,0.9985932111740112,2.6786179542541504,2.695664167404175,dataset_2_keyframe_4
faithful_shuffled_existing,122,0.9979962706565857,2.7880563735961914,2.818742513656616,dataset_2_keyframe_4
faithful_shuffled_existing,123,0.9955074191093445,2.8527965545654297,2.8868257999420166,dataset_2_keyframe_4
faithful_shuffled_existing,124,0.9970332384109497,2.942676067352295,2.9033825397491455,dataset_2_keyframe_4
faithful_shuffled_existing,125,0.997160017490387,3.012850522994995,2.9758260250091553,dataset_2_keyframe_4
faithful_shuffled_existing,126,0.9977059960365295,3.103458881378174,3.042909860610962,dataset_2_keyframe_4
faithful_shuffled_existing,127,0.9974550604820251,3.1157851219177246,3.0207207202911377,dataset_2_keyframe_4
safe_causal_bida,0,0.0,1.8241076469421387,1.8241076469421387,dataset_2_keyframe_4
safe_causal_bida,1,0.0,1.9625275135040283,1.9625275135040283,dataset_2_keyframe_4
safe_causal_bida,2,0.0,2.175825357437134,2.175825357437134,dataset_2_keyframe_4
safe_causal_bida,3,0.0,2.487797737121582,2.487797737121582,dataset_2_keyframe_4
safe_causal_bida,4,0.0,2.62111759185791,2.62111759185791,dataset_2_keyframe_4
safe_causal_bida,5,0.0,2.5958099365234375,2.5958099365234375,dataset_2_keyframe_4
safe_causal_bida,6,0.0,2.713622808456421,2.713622808456421,dataset_2_keyframe_4
safe_causal_bida,7,0.0,2.836602210998535,2.836602210998535,dataset_2_keyframe_4
safe_causal_bida,8,0.0,2.9580280780792236,2.9580280780792236,dataset_2_keyframe_4
safe_causal_bida,9,0.0,3.0551371574401855,3.0551371574401855,dataset_2_keyframe_4
safe_causal_bida,10,0.0,3.1603028774261475,3.1603028774261475,dataset_2_keyframe_4
safe_causal_bida,11,0.0,3.3911893367767334,3.3911893367767334,dataset_2_keyframe_4
safe_causal_bida,12,0.0,3.5914688110351562,3.5914688110351562,dataset_2_keyframe_4
safe_causal_bida,13,0.0,4.328772068023682,4.328772068023682,dataset_2_keyframe_4
safe_causal_bida,14,0.0,4.20931339263916,4.20931339263916,dataset_2_keyframe_4
safe_causal_bida,15,0.0,5.156273365020752,5.156273365020752,dataset_2_keyframe_4
safe_causal_bida,16,0.0,5.539646148681641,5.539646148681641,dataset_2_keyframe_4
safe_causal_bida,17,0.0,6.048314571380615,6.048314571380615,dataset_2_keyframe_4
safe_causal_bida,18,0.0,6.495788097381592,6.495788097381592,dataset_2_keyframe_4
safe_causal_bida,19,0.0,7.19455099105835,7.19455099105835,dataset_2_keyframe_4
safe_causal_bida,20,0.0,7.889185905456543,7.889185905456543,dataset_2_keyframe_4
safe_causal_bida,21,0.0,8.576931953430176,8.576931953430176,dataset_2_keyframe_4
safe_causal_bida,22,0.0,9.267555236816406,9.267555236816406,dataset_2_keyframe_4
safe_causal_bida,23,0.0,9.715408325195312,9.715408325195312,dataset_2_keyframe_4
safe_causal_bida,24,0.0,10.018643379211426,10.018643379211426,dataset_2_keyframe_4
safe_causal_bida,25,0.0,10.196821212768555,10.196821212768555,dataset_2_keyframe_4
safe_causal_bida,26,0.0,10.259421348571777,10.259421348571777,dataset_2_keyframe_4
safe_causal_bida,27,0.0,10.311830520629883,10.311830520629883,dataset_2_keyframe_4
safe_causal_bida,28,0.0,10.25231647491455,10.25231647491455,dataset_2_keyframe_4
safe_causal_bida,29,0.0,9.951239585876465,9.951239585876465,dataset_2_keyframe_4
safe_causal_bida,30,0.0,9.55502986907959,9.55502986907959,dataset_2_keyframe_4
safe_causal_bida,31,0.0,9.045146942138672,9.045146942138672,dataset_2_keyframe_4
safe_causal_bida,32,0.0,8.506757736206055,8.506757736206055,dataset_2_keyframe_4
safe_causal_bida,33,0.0,7.920835494995117,7.920835494995117,dataset_2_keyframe_4
safe_causal_bida,34,0.0,7.267989158630371,7.267989158630371,dataset_2_keyframe_4
safe_causal_bida,35,0.0,6.700801372528076,6.700801372528076,dataset_2_keyframe_4
safe_causal_bida,36,0.0,6.097236633300781,6.097236633300781,dataset_2_keyframe_4
safe_causal_bida,37,0.0,5.483636856079102,5.483636856079102,dataset_2_keyframe_4
safe_causal_bida,38,0.0,4.914066791534424,4.914066791534424,dataset_2_keyframe_4
safe_causal_bida,39,0.0,4.40634298324585,4.40634298324585,dataset_2_keyframe_4
safe_causal_bida,40,0.0,3.850299119949341,3.850299119949341,dataset_2_keyframe_4
safe_causal_bida,41,0.0,3.421008586883545,3.421008586883545,dataset_2_keyframe_4
safe_causal_bida,42,0.0,2.6512084007263184,2.6512084007263184,dataset_2_keyframe_4
safe_causal_bida,43,0.0,1.835678219795227,1.835678219795227,dataset_2_keyframe_4
safe_causal_bida,44,0.0,1.3859097957611084,1.3859097957611084,dataset_2_keyframe_4
safe_causal_bida,45,0.0,0.9939738512039185,0.9939738512039185,dataset_2_keyframe_4
safe_causal_bida,46,0.0,0.840522289276123,0.840522289276123,dataset_2_keyframe_4
safe_causal_bida,47,0.0,0.6816166043281555,0.6816166043281555,dataset_2_keyframe_4
safe_causal_bida,48,0.0,0.5855066776275635,0.5855066776275635,dataset_2_keyframe_4
safe_causal_bida,49,0.0,0.5985863208770752,0.5985863208770752,dataset_2_keyframe_4
safe_causal_bida,50,0.0,0.6678507328033447,0.6678507328033447,dataset_2_keyframe_4
safe_causal_bida,51,0.0,0.7371398210525513,0.7371398210525513,dataset_2_keyframe_4
safe_causal_bida,52,0.0,0.868526816368103,0.868526816368103,dataset_2_keyframe_4
safe_causal_bida,53,0.0,0.9530208706855774,0.9530208706855774,dataset_2_keyframe_4
safe_causal_bida,54,0.0,1.0233290195465088,1.0233290195465088,dataset_2_keyframe_4
safe_causal_bida,55,0.0,1.0679627656936646,1.0679627656936646,dataset_2_keyframe_4
safe_causal_bida,56,0.0,1.0735245943069458,1.0735245943069458,dataset_2_keyframe_4
safe_causal_bida,57,0.0,1.0691744089126587,1.0691744089126587,dataset_2_keyframe_4
safe_causal_bida,58,0.0,1.133538007736206,1.133538007736206,dataset_2_keyframe_4
safe_causal_bida,59,0.0,1.0776668787002563,1.0776668787002563,dataset_2_keyframe_4
safe_causal_bida,60,0.0,0.957614004611969,0.957614004611969,dataset_2_keyframe_4
safe_causal_bida,61,0.0,0.8831122517585754,0.8831122517585754,dataset_2_keyframe_4
safe_causal_bida,62,0.0,0.902891993522644,0.902891993522644,dataset_2_keyframe_4
safe_causal_bida,63,0.0,0.9390280246734619,0.9390280246734619,dataset_2_keyframe_4
safe_causal_bida,64,0.0,1.0708051919937134,1.0708051919937134,dataset_2_keyframe_4
safe_causal_bida,65,0.0,1.179875373840332,1.179875373840332,dataset_2_keyframe_4
safe_causal_bida,66,0.0,1.425652027130127,1.425652027130127,dataset_2_keyframe_4
safe_causal_bida,67,0.0,1.5979399681091309,1.5979399681091309,dataset_2_keyframe_4
safe_causal_bida,68,0.0,1.8893718719482422,1.8893718719482422,dataset_2_keyframe_4
safe_causal_bida,69,0.0,2.0191893577575684,2.0191893577575684,dataset_2_keyframe_4
safe_causal_bida,70,0.0,2.15004301071167,2.15004301071167,dataset_2_keyframe_4
safe_causal_bida,71,0.0,2.1820576190948486,2.1820576190948486,dataset_2_keyframe_4
safe_causal_bida,72,0.0,2.0912532806396484,2.0912532806396484,dataset_2_keyframe_4
safe_causal_bida,73,0.0,1.9711004495620728,1.9711004495620728,dataset_2_keyframe_4
safe_causal_bida,74,0.0,1.8303543329238892,1.8303543329238892,dataset_2_keyframe_4
safe_causal_bida,75,0.0,1.7647744417190552,1.7647744417190552,dataset_2_keyframe_4
safe_causal_bida,76,0.0,1.6310863494873047,1.6310863494873047,dataset_2_keyframe_4
safe_causal_bida,77,0.0,1.5702893733978271,1.5702893733978271,dataset_2_keyframe_4
safe_causal_bida,78,0.0,1.3618509769439697,1.3618509769439697,dataset_2_keyframe_4
safe_causal_bida,79,0.0,1.3000617027282715,1.3000617027282715,dataset_2_keyframe_4
safe_causal_bida,80,0.0,1.195021390914917,1.195021390914917,dataset_2_keyframe_4
safe_causal_bida,81,0.0,1.1543076038360596,1.1543076038360596,dataset_2_keyframe_4
safe_causal_bida,82,0.0,1.1471158266067505,1.1471158266067505,dataset_2_keyframe_4
safe_causal_bida,83,0.0,1.1558685302734375,1.1558685302734375,dataset_2_keyframe_4
safe_causal_bida,84,0.0,1.2073686122894287,1.2073686122894287,dataset_2_keyframe_4
safe_causal_bida,85,0.0,1.2890704870224,1.2890704870224,dataset_2_keyframe_4
safe_causal_bida,86,0.0,1.3961737155914307,1.3961737155914307,dataset_2_keyframe_4
safe_causal_bida,87,0.0,1.4644417762756348,1.4644417762756348,dataset_2_keyframe_4
safe_causal_bida,88,0.0,1.583769679069519,1.583769679069519,dataset_2_keyframe_4
safe_causal_bida,89,0.0,1.6125054359436035,1.6125054359436035,dataset_2_keyframe_4
safe_causal_bida,90,0.0,1.6577597856521606,1.6577597856521606,dataset_2_keyframe_4
safe_causal_bida,91,0.0,1.691879391670227,1.691879391670227,dataset_2_keyframe_4
safe_causal_bida,92,0.0,1.6371511220932007,1.6371511220932007,dataset_2_keyframe_4
safe_causal_bida,93,0.0,1.6455903053283691,1.6455903053283691,dataset_2_keyframe_4
safe_causal_bida,94,0.0,1.623184084892273,1.623184084892273,dataset_2_keyframe_4
safe_causal_bida,95,0.0,1.5958843231201172,1.5958843231201172,dataset_2_keyframe_4
safe_causal_bida,96,0.0,1.5131014585494995,1.5131014585494995,dataset_2_keyframe_4
safe_causal_bida,97,0.0,1.436423420906067,1.436423420906067,dataset_2_keyframe_4
safe_causal_bida,98,0.0,1.3706809282302856,1.3706809282302856,dataset_2_keyframe_4
safe_causal_bida,99,0.0,1.3692339658737183,1.3692339658737183,dataset_2_keyframe_4
safe_causal_bida,100,0.0,1.3525947332382202,1.3525947332382202,dataset_2_keyframe_4
safe_causal_bida,101,0.0,1.2999736070632935,1.2999736070632935,dataset_2_keyframe_4
safe_causal_bida,102,0.0,1.2931663990020752,1.2931663990020752,dataset_2_keyframe_4
safe_causal_bida,103,0.0,1.2953264713287354,1.2953264713287354,dataset_2_keyframe_4
safe_causal_bida,104,0.0,1.311316728591919,1.311316728591919,dataset_2_keyframe_4
safe_causal_bida,105,0.0,1.3602112531661987,1.3602112531661987,dataset_2_keyframe_4
safe_causal_bida,106,0.0,1.3558648824691772,1.3558648824691772,dataset_2_keyframe_4
safe_causal_bida,107,0.0,1.3569269180297852,1.3569269180297852,dataset_2_keyframe_4
safe_causal_bida,108,0.0,1.346479892730713,1.346479892730713,dataset_2_keyframe_4
safe_causal_bida,109,0.0,1.4693902730941772,1.4693902730941772,dataset_2_keyframe_4
safe_causal_bida,110,0.0,1.5881108045578003,1.5881108045578003,dataset_2_keyframe_4
safe_causal_bida,111,0.0,1.6904484033584595,1.6904484033584595,dataset_2_keyframe_4
safe_causal_bida,112,0.0,1.8273707628250122,1.8273707628250122,dataset_2_keyframe_4
safe_causal_bida,113,0.0,1.9709678888320923,1.9709678888320923,dataset_2_keyframe_4
safe_causal_bida,114,0.0,2.1131975650787354,2.1131975650787354,dataset_2_keyframe_4
safe_causal_bida,115,0.0,2.229580879211426,2.229580879211426,dataset_2_keyframe_4
safe_causal_bida,116,0.0,2.3837532997131348,2.3837532997131348,dataset_2_keyframe_4
safe_causal_bida,117,0.0,2.4377121925354004,2.4377121925354004,dataset_2_keyframe_4
safe_causal_bida,118,0.0,2.4871065616607666,2.4871065616607666,dataset_2_keyframe_4
safe_causal_bida,119,0.0,2.5252578258514404,2.5252578258514404,dataset_2_keyframe_4
safe_causal_bida,120,0.0,2.599315881729126,2.599315881729126,dataset_2_keyframe_4
safe_causal_bida,121,0.0,2.6786179542541504,2.6786179542541504,dataset_2_keyframe_4
safe_causal_bida,122,0.0,2.7880563735961914,2.7880563735961914,dataset_2_keyframe_4
safe_causal_bida,123,0.0,2.8527965545654297,2.8527965545654297,dataset_2_keyframe_4
safe_causal_bida,124,0.0,2.942676067352295,2.942676067352295,dataset_2_keyframe_4
safe_causal_bida,125,0.0,3.012850522994995,3.012850522994995,dataset_2_keyframe_4
safe_causal_bida,126,0.0,3.103458881378174,3.103458881378174,dataset_2_keyframe_4
safe_causal_bida,127,0.0,3.1157851219177246,3.1157851219177246,dataset_2_keyframe_4
raw_s2m2,0,0.0,1.5157307386398315,1.5157307386398315,dataset_3_keyframe_2
raw_s2m2,1,0.0,1.649502158164978,1.649502158164978,dataset_3_keyframe_2
raw_s2m2,2,0.0,1.8175442218780518,1.8175442218780518,dataset_3_keyframe_2
raw_s2m2,3,0.0,1.8191605806350708,1.8191605806350708,dataset_3_keyframe_2
raw_s2m2,4,0.0,1.6358747482299805,1.6358747482299805,dataset_3_keyframe_2
raw_s2m2,5,0.0,1.4345554113388062,1.4345554113388062,dataset_3_keyframe_2
raw_s2m2,6,0.0,1.3829313516616821,1.3829313516616821,dataset_3_keyframe_2
raw_s2m2,7,0.0,1.3974748849868774,1.3974748849868774,dataset_3_keyframe_2
raw_s2m2,8,0.0,1.4437503814697266,1.4437503814697266,dataset_3_keyframe_2
raw_s2m2,9,0.0,1.4873218536376953,1.4873218536376953,dataset_3_keyframe_2
raw_s2m2,10,0.0,1.6181433200836182,1.6181433200836182,dataset_3_keyframe_2
raw_s2m2,11,0.0,1.6846460103988647,1.6846460103988647,dataset_3_keyframe_2
raw_s2m2,12,0.0,1.7293281555175781,1.7293281555175781,dataset_3_keyframe_2
raw_s2m2,13,0.0,1.7082877159118652,1.7082877159118652,dataset_3_keyframe_2
raw_s2m2,14,0.0,1.6393241882324219,1.6393241882324219,dataset_3_keyframe_2
raw_s2m2,15,0.0,1.69602632522583,1.69602632522583,dataset_3_keyframe_2
raw_s2m2,16,0.0,1.654123067855835,1.654123067855835,dataset_3_keyframe_2
raw_s2m2,17,0.0,1.6550060510635376,1.6550060510635376,dataset_3_keyframe_2
raw_s2m2,18,0.0,1.6299017667770386,1.6299017667770386,dataset_3_keyframe_2
raw_s2m2,19,0.0,1.6247740983963013,1.6247740983963013,dataset_3_keyframe_2
raw_s2m2,20,0.0,1.627264380455017,1.627264380455017,dataset_3_keyframe_2
raw_s2m2,21,0.0,1.642842411994934,1.642842411994934,dataset_3_keyframe_2
raw_s2m2,22,0.0,1.6523542404174805,1.6523542404174805,dataset_3_keyframe_2
raw_s2m2,23,0.0,1.660109281539917,1.660109281539917,dataset_3_keyframe_2
raw_s2m2,24,0.0,1.6889296770095825,1.6889296770095825,dataset_3_keyframe_2
raw_s2m2,25,0.0,1.5978705883026123,1.5978705883026123,dataset_3_keyframe_2
raw_s2m2,26,0.0,1.6200381517410278,1.6200381517410278,dataset_3_keyframe_2
raw_s2m2,27,0.0,1.5836033821105957,1.5836033821105957,dataset_3_keyframe_2
raw_s2m2,28,0.0,1.5991911888122559,1.5991911888122559,dataset_3_keyframe_2
raw_s2m2,29,0.0,1.6520500183105469,1.6520500183105469,dataset_3_keyframe_2
raw_s2m2,30,0.0,1.6093859672546387,1.6093859672546387,dataset_3_keyframe_2
raw_s2m2,31,0.0,1.9595022201538086,1.9595022201538086,dataset_3_keyframe_2
raw_s2m2,32,0.0,2.2468314170837402,2.2468314170837402,dataset_3_keyframe_2
raw_s2m2,33,0.0,2.295642852783203,2.295642852783203,dataset_3_keyframe_2
raw_s2m2,34,0.0,2.3064680099487305,2.3064680099487305,dataset_3_keyframe_2
raw_s2m2,35,0.0,2.319575548171997,2.319575548171997,dataset_3_keyframe_2
raw_s2m2,36,0.0,2.333440065383911,2.333440065383911,dataset_3_keyframe_2
raw_s2m2,37,0.0,2.3346023559570312,2.3346023559570312,dataset_3_keyframe_2
raw_s2m2,38,0.0,2.3345470428466797,2.3345470428466797,dataset_3_keyframe_2
raw_s2m2,39,0.0,2.290679454803467,2.290679454803467,dataset_3_keyframe_2
raw_s2m2,40,0.0,2.265066146850586,2.265066146850586,dataset_3_keyframe_2
raw_s2m2,41,0.0,2.2756972312927246,2.2756972312927246,dataset_3_keyframe_2
raw_s2m2,42,0.0,2.234700918197632,2.234700918197632,dataset_3_keyframe_2
raw_s2m2,43,0.0,2.2196578979492188,2.2196578979492188,dataset_3_keyframe_2
raw_s2m2,44,0.0,2.166274309158325,2.166274309158325,dataset_3_keyframe_2
raw_s2m2,45,0.0,2.119692802429199,2.119692802429199,dataset_3_keyframe_2
raw_s2m2,46,0.0,2.0533337593078613,2.0533337593078613,dataset_3_keyframe_2
raw_s2m2,47,0.0,2.0102040767669678,2.0102040767669678,dataset_3_keyframe_2
raw_s2m2,48,0.0,1.916610836982727,1.916610836982727,dataset_3_keyframe_2
raw_s2m2,49,0.0,1.813301920890808,1.813301920890808,dataset_3_keyframe_2
raw_s2m2,50,0.0,1.8053090572357178,1.8053090572357178,dataset_3_keyframe_2
raw_s2m2,51,0.0,1.805464267730713,1.805464267730713,dataset_3_keyframe_2
raw_s2m2,52,0.0,1.752040982246399,1.752040982246399,dataset_3_keyframe_2
raw_s2m2,53,0.0,1.7497161626815796,1.7497161626815796,dataset_3_keyframe_2
raw_s2m2,54,0.0,1.6103403568267822,1.6103403568267822,dataset_3_keyframe_2
raw_s2m2,55,0.0,1.5605542659759521,1.5605542659759521,dataset_3_keyframe_2
raw_s2m2,56,0.0,1.4120410680770874,1.4120410680770874,dataset_3_keyframe_2
raw_s2m2,57,0.0,1.446214199066162,1.446214199066162,dataset_3_keyframe_2
raw_s2m2,58,0.0,1.5498796701431274,1.5498796701431274,dataset_3_keyframe_2
raw_s2m2,59,0.0,1.4816316366195679,1.4816316366195679,dataset_3_keyframe_2
raw_s2m2,60,0.0,1.4586281776428223,1.4586281776428223,dataset_3_keyframe_2
raw_s2m2,61,0.0,1.4769705533981323,1.4769705533981323,dataset_3_keyframe_2
raw_s2m2,62,0.0,1.554573893547058,1.554573893547058,dataset_3_keyframe_2
raw_s2m2,63,0.0,1.4809787273406982,1.4809787273406982,dataset_3_keyframe_2
raw_s2m2,64,0.0,1.584728717803955,1.584728717803955,dataset_3_keyframe_2
raw_s2m2,65,0.0,1.5985043048858643,1.5985043048858643,dataset_3_keyframe_2
raw_s2m2,66,0.0,1.6108229160308838,1.6108229160308838,dataset_3_keyframe_2
raw_s2m2,67,0.0,1.4398263692855835,1.4398263692855835,dataset_3_keyframe_2
raw_s2m2,68,0.0,1.4185833930969238,1.4185833930969238,dataset_3_keyframe_2
raw_s2m2,69,0.0,1.4971219301223755,1.4971219301223755,dataset_3_keyframe_2
raw_s2m2,70,0.0,1.5184146165847778,1.5184146165847778,dataset_3_keyframe_2
raw_s2m2,71,0.0,1.4832854270935059,1.4832854270935059,dataset_3_keyframe_2
raw_s2m2,72,0.0,1.492046594619751,1.492046594619751,dataset_3_keyframe_2
raw_s2m2,73,0.0,1.4657295942306519,1.4657295942306519,dataset_3_keyframe_2
raw_s2m2,74,0.0,1.5390182733535767,1.5390182733535767,dataset_3_keyframe_2
raw_s2m2,75,0.0,1.603724479675293,1.603724479675293,dataset_3_keyframe_2
raw_s2m2,76,0.0,1.6820085048675537,1.6820085048675537,dataset_3_keyframe_2
raw_s2m2,77,0.0,1.7992936372756958,1.7992936372756958,dataset_3_keyframe_2
raw_s2m2,78,0.0,1.8335944414138794,1.8335944414138794,dataset_3_keyframe_2
raw_s2m2,79,0.0,1.8787986040115356,1.8787986040115356,dataset_3_keyframe_2
raw_s2m2,80,0.0,1.8572311401367188,1.8572311401367188,dataset_3_keyframe_2
raw_s2m2,81,0.0,1.8266065120697021,1.8266065120697021,dataset_3_keyframe_2
raw_s2m2,82,0.0,1.7354103326797485,1.7354103326797485,dataset_3_keyframe_2
raw_s2m2,83,0.0,1.700977087020874,1.700977087020874,dataset_3_keyframe_2
raw_s2m2,84,0.0,1.6649093627929688,1.6649093627929688,dataset_3_keyframe_2
raw_s2m2,85,0.0,1.5862303972244263,1.5862303972244263,dataset_3_keyframe_2
raw_s2m2,86,0.0,1.5879381895065308,1.5879381895065308,dataset_3_keyframe_2
raw_s2m2,87,0.0,1.6040565967559814,1.6040565967559814,dataset_3_keyframe_2
raw_s2m2,88,0.0,1.6359845399856567,1.6359845399856567,dataset_3_keyframe_2
raw_s2m2,89,0.0,1.7049869298934937,1.7049869298934937,dataset_3_keyframe_2
raw_s2m2,90,0.0,1.7130340337753296,1.7130340337753296,dataset_3_keyframe_2
raw_s2m2,91,0.0,1.6606218814849854,1.6606218814849854,dataset_3_keyframe_2
raw_s2m2,92,0.0,1.578876256942749,1.578876256942749,dataset_3_keyframe_2
raw_s2m2,93,0.0,1.6238455772399902,1.6238455772399902,dataset_3_keyframe_2
raw_s2m2,94,0.0,1.6495040655136108,1.6495040655136108,dataset_3_keyframe_2
raw_s2m2,95,0.0,1.6377284526824951,1.6377284526824951,dataset_3_keyframe_2
raw_s2m2,96,0.0,1.6234359741210938,1.6234359741210938,dataset_3_keyframe_2
raw_s2m2,97,0.0,1.6321066617965698,1.6321066617965698,dataset_3_keyframe_2
raw_s2m2,98,0.0,1.6701748371124268,1.6701748371124268,dataset_3_keyframe_2
raw_s2m2,99,0.0,1.6668338775634766,1.6668338775634766,dataset_3_keyframe_2
raw_s2m2,100,0.0,1.6185873746871948,1.6185873746871948,dataset_3_keyframe_2
raw_s2m2,101,0.0,1.7239549160003662,1.7239549160003662,dataset_3_keyframe_2
raw_s2m2,102,0.0,1.7612149715423584,1.7612149715423584,dataset_3_keyframe_2
raw_s2m2,103,0.0,1.620272159576416,1.620272159576416,dataset_3_keyframe_2
raw_s2m2,104,0.0,1.6651357412338257,1.6651357412338257,dataset_3_keyframe_2
raw_s2m2,105,0.0,1.7357457876205444,1.7357457876205444,dataset_3_keyframe_2
raw_s2m2,106,0.0,1.6906483173370361,1.6906483173370361,dataset_3_keyframe_2
raw_s2m2,107,0.0,2.00028133392334,2.00028133392334,dataset_3_keyframe_2
raw_s2m2,108,0.0,1.99061918258667,1.99061918258667,dataset_3_keyframe_2
raw_s2m2,109,0.0,2.0253725051879883,2.0253725051879883,dataset_3_keyframe_2
raw_s2m2,110,0.0,1.9751684665679932,1.9751684665679932,dataset_3_keyframe_2
raw_s2m2,111,0.0,2.0168347358703613,2.0168347358703613,dataset_3_keyframe_2
raw_s2m2,112,0.0,1.9695550203323364,1.9695550203323364,dataset_3_keyframe_2
raw_s2m2,113,0.0,2.0235674381256104,2.0235674381256104,dataset_3_keyframe_2
raw_s2m2,114,0.0,2.00262451171875,2.00262451171875,dataset_3_keyframe_2
raw_s2m2,115,0.0,2.0794050693511963,2.0794050693511963,dataset_3_keyframe_2
raw_s2m2,116,0.0,2.0119760036468506,2.0119760036468506,dataset_3_keyframe_2
raw_s2m2,117,0.0,2.1555657386779785,2.1555657386779785,dataset_3_keyframe_2
raw_s2m2,118,0.0,2.159864664077759,2.159864664077759,dataset_3_keyframe_2
raw_s2m2,119,0.0,2.176360607147217,2.176360607147217,dataset_3_keyframe_2
raw_s2m2,120,0.0,2.1784303188323975,2.1784303188323975,dataset_3_keyframe_2
raw_s2m2,121,0.0,2.189561367034912,2.189561367034912,dataset_3_keyframe_2
raw_s2m2,122,0.0,2.1764183044433594,2.1764183044433594,dataset_3_keyframe_2
raw_s2m2,123,0.0,2.2121686935424805,2.2121686935424805,dataset_3_keyframe_2
raw_s2m2,124,0.0,2.242934465408325,2.242934465408325,dataset_3_keyframe_2
raw_s2m2,125,0.0,2.3186962604522705,2.3186962604522705,dataset_3_keyframe_2
raw_s2m2,126,0.0,2.31172513961792,2.31172513961792,dataset_3_keyframe_2
raw_s2m2,127,0.0,2.2467987537384033,2.2467987537384033,dataset_3_keyframe_2
aligned_local_faithful,0,0.2473537176847458,1.5157307386398315,1.4989211559295654,dataset_3_keyframe_2
aligned_local_faithful,1,0.2763846516609192,1.649502158164978,1.614436388015747,dataset_3_keyframe_2
aligned_local_faithful,2,0.26630428433418274,1.8175442218780518,1.779509425163269,dataset_3_keyframe_2
aligned_local_faithful,3,0.25071126222610474,1.8191605806350708,1.7847598791122437,dataset_3_keyframe_2
aligned_local_faithful,4,0.2498880922794342,1.6358747482299805,1.60634446144104,dataset_3_keyframe_2
aligned_local_faithful,5,0.25149667263031006,1.4345554113388062,1.4136818647384644,dataset_3_keyframe_2
aligned_local_faithful,6,0.2582315504550934,1.3829313516616821,1.3612432479858398,dataset_3_keyframe_2
aligned_local_faithful,7,0.2730492055416107,1.3974748849868774,1.376185417175293,dataset_3_keyframe_2
aligned_local_faithful,8,0.2618796229362488,1.4437503814697266,1.4239521026611328,dataset_3_keyframe_2
aligned_local_faithful,9,0.27598291635513306,1.4873218536376953,1.462572455406189,dataset_3_keyframe_2
aligned_local_faithful,10,0.285348117351532,1.6181433200836182,1.5889623165130615,dataset_3_keyframe_2
aligned_local_faithful,11,0.2842850089073181,1.6846460103988647,1.6584833860397339,dataset_3_keyframe_2
aligned_local_faithful,12,0.2881527245044708,1.7293281555175781,1.7009152173995972,dataset_3_keyframe_2
aligned_local_faithful,13,0.2924381196498871,1.7082877159118652,1.6772862672805786,dataset_3_keyframe_2
aligned_local_faithful,14,0.30251315236091614,1.6393241882324219,1.6108553409576416,dataset_3_keyframe_2
aligned_local_faithful,15,0.3022659718990326,1.69602632522583,1.6643472909927368,dataset_3_keyframe_2
aligned_local_faithful,16,0.3109574615955353,1.654123067855835,1.620958924293518,dataset_3_keyframe_2
aligned_local_faithful,17,0.3250599801540375,1.6550060510635376,1.619657039642334,dataset_3_keyframe_2
aligned_local_faithful,18,0.31364190578460693,1.6299017667770386,1.5960707664489746,dataset_3_keyframe_2
aligned_local_faithful,19,0.31892237067222595,1.6247740983963013,1.5909955501556396,dataset_3_keyframe_2
aligned_local_faithful,20,0.3377174139022827,1.627264380455017,1.5880686044692993,dataset_3_keyframe_2
aligned_local_faithful,21,0.3331835865974426,1.642842411994934,1.6088261604309082,dataset_3_keyframe_2
aligned_local_faithful,22,0.34262815117836,1.6523542404174805,1.6145883798599243,dataset_3_keyframe_2
aligned_local_faithful,23,0.3574911952018738,1.660109281539917,1.6175457239151,dataset_3_keyframe_2
aligned_local_faithful,24,0.35888341069221497,1.6889296770095825,1.6425896883010864,dataset_3_keyframe_2
aligned_local_faithful,25,0.37765151262283325,1.5978705883026123,1.5516886711120605,dataset_3_keyframe_2
aligned_local_faithful,26,0.3696213662624359,1.6200381517410278,1.5703407526016235,dataset_3_keyframe_2
aligned_local_faithful,27,0.38985756039619446,1.5836033821105957,1.5341192483901978,dataset_3_keyframe_2
aligned_local_faithful,28,0.4022965729236603,1.5991911888122559,1.5474822521209717,dataset_3_keyframe_2
aligned_local_faithful,29,0.41073518991470337,1.6520500183105469,1.6002013683319092,dataset_3_keyframe_2
aligned_local_faithful,30,0.4121313989162445,1.6093859672546387,1.5558032989501953,dataset_3_keyframe_2
aligned_local_faithful,31,0.43461689352989197,1.9595022201538086,1.8746615648269653,dataset_3_keyframe_2
aligned_local_faithful,32,0.3824537992477417,2.2468314170837402,2.171285629272461,dataset_3_keyframe_2
aligned_local_faithful,33,0.385296493768692,2.295642852783203,2.224574089050293,dataset_3_keyframe_2
aligned_local_faithful,34,0.3724607229232788,2.3064680099487305,2.242539405822754,dataset_3_keyframe_2
aligned_local_faithful,35,0.36587774753570557,2.319575548171997,2.2551825046539307,dataset_3_keyframe_2
aligned_local_faithful,36,0.37697699666023254,2.333440065383911,2.2620480060577393,dataset_3_keyframe_2
aligned_local_faithful,37,0.37606361508369446,2.3346023559570312,2.263695001602173,dataset_3_keyframe_2
aligned_local_faithful,38,0.36691761016845703,2.3345470428466797,2.26828670501709,dataset_3_keyframe_2
aligned_local_faithful,39,0.36002317070961,2.290679454803467,2.229045867919922,dataset_3_keyframe_2
aligned_local_faithful,40,0.3592568635940552,2.265066146850586,2.201291084289551,dataset_3_keyframe_2
aligned_local_faithful,41,0.3563314378261566,2.2756972312927246,2.216135025024414,dataset_3_keyframe_2
aligned_local_faithful,42,0.35866257548332214,2.234700918197632,2.1744208335876465,dataset_3_keyframe_2
aligned_local_faithful,43,0.3623355031013489,2.2196578979492188,2.1617417335510254,dataset_3_keyframe_2
aligned_local_faithful,44,0.358588844537735,2.166274309158325,2.1091723442077637,dataset_3_keyframe_2
aligned_local_faithful,45,0.36086466908454895,2.119692802429199,2.0609419345855713,dataset_3_keyframe_2
aligned_local_faithful,46,0.36002880334854126,2.0533337593078613,1.996498465538025,dataset_3_keyframe_2
aligned_local_faithful,47,0.365424245595932,2.0102040767669678,1.9493759870529175,dataset_3_keyframe_2
aligned_local_faithful,48,0.3598255515098572,1.916610836982727,1.8618990182876587,dataset_3_keyframe_2
aligned_local_faithful,49,0.3564267158508301,1.813301920890808,1.7655164003372192,dataset_3_keyframe_2
aligned_local_faithful,50,0.3635905683040619,1.8053090572357178,1.7574905157089233,dataset_3_keyframe_2
aligned_local_faithful,51,0.37667950987815857,1.805464267730713,1.753725290298462,dataset_3_keyframe_2
aligned_local_faithful,52,0.3799916207790375,1.752040982246399,1.700793743133545,dataset_3_keyframe_2
aligned_local_faithful,53,0.37265488505363464,1.7497161626815796,1.698974370956421,dataset_3_keyframe_2
aligned_local_faithful,54,0.37171000242233276,1.6103403568267822,1.5660572052001953,dataset_3_keyframe_2
aligned_local_faithful,55,0.3795320391654968,1.5605542659759521,1.5189175605773926,dataset_3_keyframe_2
aligned_local_faithful,56,0.3876250684261322,1.4120410680770874,1.3733007907867432,dataset_3_keyframe_2
aligned_local_faithful,57,0.4070700705051422,1.446214199066162,1.40312659740448,dataset_3_keyframe_2
aligned_local_faithful,58,0.3961074948310852,1.5498796701431274,1.5038343667984009,dataset_3_keyframe_2
aligned_local_faithful,59,0.40299713611602783,1.4816316366195679,1.4389156103134155,dataset_3_keyframe_2
aligned_local_faithful,60,0.3896760642528534,1.4586281776428223,1.416412353515625,dataset_3_keyframe_2
aligned_local_faithful,61,0.3908024728298187,1.4769705533981323,1.4377648830413818,dataset_3_keyframe_2
aligned_local_faithful,62,0.38930743932724,1.554573893547058,1.51185941696167,dataset_3_keyframe_2
aligned_local_faithful,63,0.35752856731414795,1.4809787273406982,1.4452871084213257,dataset_3_keyframe_2
aligned_local_faithful,64,0.36037468910217285,1.584728717803955,1.5468871593475342,dataset_3_keyframe_2
aligned_local_faithful,65,0.35698530077934265,1.5985043048858643,1.5645649433135986,dataset_3_keyframe_2
aligned_local_faithful,66,0.36222508549690247,1.6108229160308838,1.5733143091201782,dataset_3_keyframe_2
aligned_local_faithful,67,0.34727537631988525,1.4398263692855835,1.397627830505371,dataset_3_keyframe_2
aligned_local_faithful,68,0.3475152254104614,1.4185833930969238,1.3841736316680908,dataset_3_keyframe_2
aligned_local_faithful,69,0.35899874567985535,1.4971219301223755,1.4591693878173828,dataset_3_keyframe_2
aligned_local_faithful,70,0.3609859347343445,1.5184146165847778,1.4837044477462769,dataset_3_keyframe_2
aligned_local_faithful,71,0.36750316619873047,1.4832854270935059,1.451688528060913,dataset_3_keyframe_2
aligned_local_faithful,72,0.3647044599056244,1.492046594619751,1.4571956396102905,dataset_3_keyframe_2
aligned_local_faithful,73,0.37015849351882935,1.4657295942306519,1.431056022644043,dataset_3_keyframe_2
aligned_local_faithful,74,0.368755042552948,1.5390182733535767,1.5014374256134033,dataset_3_keyframe_2
aligned_local_faithful,75,0.3757252097129822,1.603724479675293,1.564909815788269,dataset_3_keyframe_2
aligned_local_faithful,76,0.36424827575683594,1.6820085048675537,1.6403065919876099,dataset_3_keyframe_2
aligned_local_faithful,77,0.3608047068119049,1.7992936372756958,1.7538070678710938,dataset_3_keyframe_2
aligned_local_faithful,78,0.3607788383960724,1.8335944414138794,1.7883312702178955,dataset_3_keyframe_2
aligned_local_faithful,79,0.3585764467716217,1.8787986040115356,1.8296853303909302,dataset_3_keyframe_2
aligned_local_faithful,80,0.34933674335479736,1.8572311401367188,1.8103147745132446,dataset_3_keyframe_2
aligned_local_faithful,81,0.3586735427379608,1.8266065120697021,1.7787832021713257,dataset_3_keyframe_2
aligned_local_faithful,82,0.3544793128967285,1.7354103326797485,1.6919323205947876,dataset_3_keyframe_2
aligned_local_faithful,83,0.3506692051887512,1.700977087020874,1.665921926498413,dataset_3_keyframe_2
aligned_local_faithful,84,0.3484302759170532,1.6649093627929688,1.627003788948059,dataset_3_keyframe_2
aligned_local_faithful,85,0.35809218883514404,1.5862303972244263,1.5457816123962402,dataset_3_keyframe_2
aligned_local_faithful,86,0.34984347224235535,1.5879381895065308,1.551528811454773,dataset_3_keyframe_2
aligned_local_faithful,87,0.35474157333374023,1.6040565967559814,1.5701582431793213,dataset_3_keyframe_2
aligned_local_faithful,88,0.35553112626075745,1.6359845399856567,1.6013209819793701,dataset_3_keyframe_2
aligned_local_faithful,89,0.36112359166145325,1.7049869298934937,1.670302152633667,dataset_3_keyframe_2
aligned_local_faithful,90,0.35372689366340637,1.7130340337753296,1.6830410957336426,dataset_3_keyframe_2
aligned_local_faithful,91,0.36046114563941956,1.6606218814849854,1.6292120218276978,dataset_3_keyframe_2
aligned_local_faithful,92,0.35083189606666565,1.578876256942749,1.5541939735412598,dataset_3_keyframe_2
aligned_local_faithful,93,0.3555310368537903,1.6238455772399902,1.591130018234253,dataset_3_keyframe_2
aligned_local_faithful,94,0.3639912009239197,1.6495040655136108,1.62107515335083,dataset_3_keyframe_2
aligned_local_faithful,95,0.3633299171924591,1.6377284526824951,1.6053457260131836,dataset_3_keyframe_2
aligned_local_faithful,96,0.36285942792892456,1.6234359741210938,1.5881643295288086,dataset_3_keyframe_2
aligned_local_faithful,97,0.3672245740890503,1.6321066617965698,1.6012574434280396,dataset_3_keyframe_2
aligned_local_faithful,98,0.35932236909866333,1.6701748371124268,1.6330143213272095,dataset_3_keyframe_2
aligned_local_faithful,99,0.378902405500412,1.6668338775634766,1.63190495967865,dataset_3_keyframe_2
aligned_local_faithful,100,0.3657318651676178,1.6185873746871948,1.580977201461792,dataset_3_keyframe_2
aligned_local_faithful,101,0.3642275333404541,1.7239549160003662,1.6901031732559204,dataset_3_keyframe_2
aligned_local_faithful,102,0.3804064393043518,1.7612149715423584,1.7277226448059082,dataset_3_keyframe_2
aligned_local_faithful,103,0.3703860342502594,1.620272159576416,1.5982179641723633,dataset_3_keyframe_2
aligned_local_faithful,104,0.37627512216567993,1.6651357412338257,1.6365889310836792,dataset_3_keyframe_2
aligned_local_faithful,105,0.38546526432037354,1.7357457876205444,1.7107632160186768,dataset_3_keyframe_2
aligned_local_faithful,106,0.36455419659614563,1.6906483173370361,1.6721464395523071,dataset_3_keyframe_2
aligned_local_faithful,107,0.4025737941265106,2.00028133392334,1.988309383392334,dataset_3_keyframe_2
aligned_local_faithful,108,0.37458038330078125,1.99061918258667,1.9803192615509033,dataset_3_keyframe_2
aligned_local_faithful,109,0.3549349009990692,2.0253725051879883,2.0051825046539307,dataset_3_keyframe_2
aligned_local_faithful,110,0.36828169226646423,1.9751684665679932,1.9671814441680908,dataset_3_keyframe_2
aligned_local_faithful,111,0.38587355613708496,2.0168347358703613,2.0054142475128174,dataset_3_keyframe_2
aligned_local_faithful,112,0.36603105068206787,1.9695550203323364,1.9648640155792236,dataset_3_keyframe_2
aligned_local_faithful,113,0.3822450041770935,2.0235674381256104,2.0142064094543457,dataset_3_keyframe_2
aligned_local_faithful,114,0.3907345235347748,2.00262451171875,1.9895561933517456,dataset_3_keyframe_2
aligned_local_faithful,115,0.38281121850013733,2.0794050693511963,2.0573205947875977,dataset_3_keyframe_2
aligned_local_faithful,116,0.38152918219566345,2.0119760036468506,1.9924172163009644,dataset_3_keyframe_2
aligned_local_faithful,117,0.4022476375102997,2.1555657386779785,2.1379051208496094,dataset_3_keyframe_2
aligned_local_faithful,118,0.37884652614593506,2.159864664077759,2.151775598526001,dataset_3_keyframe_2
aligned_local_faithful,119,0.3945193886756897,2.176360607147217,2.1637160778045654,dataset_3_keyframe_2
aligned_local_faithful,120,0.38051837682724,2.1784303188323975,2.165677309036255,dataset_3_keyframe_2
aligned_local_faithful,121,0.38017430901527405,2.189561367034912,2.1742382049560547,dataset_3_keyframe_2
aligned_local_faithful,122,0.3945835530757904,2.1764183044433594,2.1667556762695312,dataset_3_keyframe_2
aligned_local_faithful,123,0.3798898458480835,2.2121686935424805,2.199582815170288,dataset_3_keyframe_2
aligned_local_faithful,124,0.39214465022087097,2.242934465408325,2.2202389240264893,dataset_3_keyframe_2
aligned_local_faithful,125,0.38584789633750916,2.3186962604522705,2.2848591804504395,dataset_3_keyframe_2
aligned_local_faithful,126,0.3728703260421753,2.31172513961792,2.279677629470825,dataset_3_keyframe_2
aligned_local_faithful,127,0.3725646138191223,2.2467987537384033,2.2167952060699463,dataset_3_keyframe_2
faithful_full,0,0.9893084764480591,1.5157307386398315,1.4281060695648193,dataset_3_keyframe_2
faithful_full,1,0.9879693388938904,1.649502158164978,1.4958624839782715,dataset_3_keyframe_2
faithful_full,2,0.9865308403968811,1.8175442218780518,1.6360195875167847,dataset_3_keyframe_2
faithful_full,3,0.9869345426559448,1.8191605806350708,1.6412307024002075,dataset_3_keyframe_2
faithful_full,4,0.987478494644165,1.6358747482299805,1.4615466594696045,dataset_3_keyframe_2
faithful_full,5,0.9874810576438904,1.4345554113388062,1.3244478702545166,dataset_3_keyframe_2
faithful_full,6,0.9859141707420349,1.3829313516616821,1.2884820699691772,dataset_3_keyframe_2
faithful_full,7,0.9870380163192749,1.3974748849868774,1.3164011240005493,dataset_3_keyframe_2
faithful_full,8,0.9852935075759888,1.4437503814697266,1.3545873165130615,dataset_3_keyframe_2
faithful_full,9,0.9860517978668213,1.4873218536376953,1.3952358961105347,dataset_3_keyframe_2
faithful_full,10,0.9861915111541748,1.6181433200836182,1.5236380100250244,dataset_3_keyframe_2
faithful_full,11,0.9863744378089905,1.6846460103988647,1.586945652961731,dataset_3_keyframe_2
faithful_full,12,0.9862948656082153,1.7293281555175781,1.6327122449874878,dataset_3_keyframe_2
faithful_full,13,0.9855082631111145,1.7082877159118652,1.6110694408416748,dataset_3_keyframe_2
faithful_full,14,0.9859481453895569,1.6393241882324219,1.5541105270385742,dataset_3_keyframe_2
faithful_full,15,0.9870315194129944,1.69602632522583,1.6126320362091064,dataset_3_keyframe_2
faithful_full,16,0.9864227175712585,1.654123067855835,1.575416088104248,dataset_3_keyframe_2
faithful_full,17,0.9859319925308228,1.6550060510635376,1.5757559537887573,dataset_3_keyframe_2
faithful_full,18,0.9856811165809631,1.6299017667770386,1.5528714656829834,dataset_3_keyframe_2
faithful_full,19,0.9865583181381226,1.6247740983963013,1.5447533130645752,dataset_3_keyframe_2
faithful_full,20,0.9860284328460693,1.627264380455017,1.5458019971847534,dataset_3_keyframe_2
faithful_full,21,0.9864506721496582,1.642842411994934,1.5604819059371948,dataset_3_keyframe_2
faithful_full,22,0.98647540807724,1.6523542404174805,1.5717601776123047,dataset_3_keyframe_2
faithful_full,23,0.987196683883667,1.660109281539917,1.5794190168380737,dataset_3_keyframe_2
faithful_full,24,0.9862133264541626,1.6889296770095825,1.6043556928634644,dataset_3_keyframe_2
faithful_full,25,0.986433207988739,1.5978705883026123,1.5070873498916626,dataset_3_keyframe_2
faithful_full,26,0.9864373207092285,1.6200381517410278,1.534930944442749,dataset_3_keyframe_2
faithful_full,27,0.9857409596443176,1.5836033821105957,1.5001957416534424,dataset_3_keyframe_2
faithful_full,28,0.9856158494949341,1.5991911888122559,1.5202491283416748,dataset_3_keyframe_2
faithful_full,29,0.9861838817596436,1.6520500183105469,1.5747718811035156,dataset_3_keyframe_2
faithful_full,30,0.9861338138580322,1.6093859672546387,1.5295921564102173,dataset_3_keyframe_2
faithful_full,31,0.9867062568664551,1.9595022201538086,1.8168116807937622,dataset_3_keyframe_2
faithful_full,32,0.984637975692749,2.2468314170837402,2.079526424407959,dataset_3_keyframe_2
faithful_full,33,0.9868611097335815,2.295642852783203,2.133690357208252,dataset_3_keyframe_2
faithful_full,34,0.9839473962783813,2.3064680099487305,2.1492068767547607,dataset_3_keyframe_2
faithful_full,35,0.985080361366272,2.319575548171997,2.156550168991089,dataset_3_keyframe_2
faithful_full,36,0.9852763414382935,2.333440065383911,2.1783246994018555,dataset_3_keyframe_2
faithful_full,37,0.9848147034645081,2.3346023559570312,2.1827704906463623,dataset_3_keyframe_2
faithful_full,38,0.9836133122444153,2.3345470428466797,2.1804392337799072,dataset_3_keyframe_2
faithful_full,39,0.9839496612548828,2.290679454803467,2.1445422172546387,dataset_3_keyframe_2
faithful_full,40,0.985991358757019,2.265066146850586,2.1319751739501953,dataset_3_keyframe_2
faithful_full,41,0.9839458465576172,2.2756972312927246,2.140486001968384,dataset_3_keyframe_2
faithful_full,42,0.9853003621101379,2.234700918197632,2.1047189235687256,dataset_3_keyframe_2
faithful_full,43,0.9843388795852661,2.2196578979492188,2.0927672386169434,dataset_3_keyframe_2
faithful_full,44,0.9837436676025391,2.166274309158325,2.0503318309783936,dataset_3_keyframe_2
faithful_full,45,0.9845253825187683,2.119692802429199,2.0056002140045166,dataset_3_keyframe_2
faithful_full,46,0.9833896160125732,2.0533337593078613,1.9458084106445312,dataset_3_keyframe_2
faithful_full,47,0.9846615791320801,2.0102040767669678,1.9039461612701416,dataset_3_keyframe_2
faithful_full,48,0.9841080904006958,1.916610836982727,1.823606252670288,dataset_3_keyframe_2
faithful_full,49,0.9832037091255188,1.813301920890808,1.730360746383667,dataset_3_keyframe_2
faithful_full,50,0.9835401773452759,1.8053090572357178,1.7255228757858276,dataset_3_keyframe_2
faithful_full,51,0.9819981455802917,1.805464267730713,1.726191520690918,dataset_3_keyframe_2
faithful_full,52,0.9824398756027222,1.752040982246399,1.6773264408111572,dataset_3_keyframe_2
faithful_full,53,0.981867790222168,1.7497161626815796,1.6797683238983154,dataset_3_keyframe_2
faithful_full,54,0.9806155562400818,1.6103403568267822,1.560010552406311,dataset_3_keyframe_2
faithful_full,55,0.9809057116508484,1.5605542659759521,1.5265873670578003,dataset_3_keyframe_2
faithful_full,56,0.9819282293319702,1.4120410680770874,1.3810551166534424,dataset_3_keyframe_2
faithful_full,57,0.9826710820198059,1.446214199066162,1.4051406383514404,dataset_3_keyframe_2
faithful_full,58,0.9831194281578064,1.5498796701431274,1.5040454864501953,dataset_3_keyframe_2
faithful_full,59,0.9815463423728943,1.4816316366195679,1.4362893104553223,dataset_3_keyframe_2
faithful_full,60,0.9809199571609497,1.4586281776428223,1.408573031425476,dataset_3_keyframe_2
faithful_full,61,0.9815165996551514,1.4769705533981323,1.4170000553131104,dataset_3_keyframe_2
faithful_full,62,0.982365071773529,1.554573893547058,1.4745317697525024,dataset_3_keyframe_2
faithful_full,63,0.9833493828773499,1.4809787273406982,1.4066249132156372,dataset_3_keyframe_2
faithful_full,64,0.9824581742286682,1.584728717803955,1.5225552320480347,dataset_3_keyframe_2
faithful_full,65,0.983801007270813,1.5985043048858643,1.5498056411743164,dataset_3_keyframe_2
faithful_full,66,0.9830018281936646,1.6108229160308838,1.5609300136566162,dataset_3_keyframe_2
faithful_full,67,0.9807868003845215,1.4398263692855835,1.3774794340133667,dataset_3_keyframe_2
faithful_full,68,0.9814181923866272,1.4185833930969238,1.3700190782546997,dataset_3_keyframe_2
faithful_full,69,0.9829557538032532,1.4971219301223755,1.4427745342254639,dataset_3_keyframe_2
faithful_full,70,0.9814342260360718,1.5184146165847778,1.47384512424469,dataset_3_keyframe_2
faithful_full,71,0.9811537265777588,1.4832854270935059,1.4467171430587769,dataset_3_keyframe_2
faithful_full,72,0.9812098145484924,1.492046594619751,1.4537901878356934,dataset_3_keyframe_2
faithful_full,73,0.9783888459205627,1.4657295942306519,1.4251857995986938,dataset_3_keyframe_2
faithful_full,74,0.9814596176147461,1.5390182733535767,1.486545443534851,dataset_3_keyframe_2
faithful_full,75,0.9806962013244629,1.603724479675293,1.5435187816619873,dataset_3_keyframe_2
faithful_full,76,0.9806877970695496,1.6820085048675537,1.6171976327896118,dataset_3_keyframe_2
faithful_full,77,0.9808756709098816,1.7992936372756958,1.7253639698028564,dataset_3_keyframe_2
faithful_full,78,0.9797446131706238,1.8335944414138794,1.7516971826553345,dataset_3_keyframe_2
faithful_full,79,0.9794378280639648,1.8787986040115356,1.7820430994033813,dataset_3_keyframe_2
faithful_full,80,0.9791017770767212,1.8572311401367188,1.7646199464797974,dataset_3_keyframe_2
faithful_full,81,0.9769904017448425,1.8266065120697021,1.7414655685424805,dataset_3_keyframe_2
faithful_full,82,0.9788033366203308,1.7354103326797485,1.6694570779800415,dataset_3_keyframe_2
faithful_full,83,0.9776642322540283,1.700977087020874,1.6345876455307007,dataset_3_keyframe_2
faithful_full,84,0.9787046909332275,1.6649093627929688,1.6036491394042969,dataset_3_keyframe_2
faithful_full,85,0.9778051972389221,1.5862303972244263,1.5157005786895752,dataset_3_keyframe_2
faithful_full,86,0.9775991439819336,1.5879381895065308,1.5379230976104736,dataset_3_keyframe_2
faithful_full,87,0.9786512851715088,1.6040565967559814,1.5528086423873901,dataset_3_keyframe_2
faithful_full,88,0.9786245822906494,1.6359845399856567,1.5823251008987427,dataset_3_keyframe_2
faithful_full,89,0.9780449271202087,1.7049869298934937,1.6516302824020386,dataset_3_keyframe_2
faithful_full,90,0.9778510928153992,1.7130340337753296,1.670967936515808,dataset_3_keyframe_2
faithful_full,91,0.9771009683609009,1.6606218814849854,1.614027738571167,dataset_3_keyframe_2
faithful_full,92,0.9765289425849915,1.578876256942749,1.5397136211395264,dataset_3_keyframe_2
faithful_full,93,0.9761230945587158,1.6238455772399902,1.5852707624435425,dataset_3_keyframe_2
faithful_full,94,0.9784963130950928,1.6495040655136108,1.6083747148513794,dataset_3_keyframe_2
faithful_full,95,0.9765668511390686,1.6377284526824951,1.5937632322311401,dataset_3_keyframe_2
faithful_full,96,0.9764212965965271,1.6234359741210938,1.5720741748809814,dataset_3_keyframe_2
faithful_full,97,0.9762753248214722,1.6321066617965698,1.5804085731506348,dataset_3_keyframe_2
faithful_full,98,0.9766553044319153,1.6701748371124268,1.6117324829101562,dataset_3_keyframe_2
faithful_full,99,0.9751157760620117,1.6668338775634766,1.606327772140503,dataset_3_keyframe_2
faithful_full,100,0.9760767817497253,1.6185873746871948,1.5625078678131104,dataset_3_keyframe_2
faithful_full,101,0.9754858613014221,1.7239549160003662,1.6664323806762695,dataset_3_keyframe_2
faithful_full,102,0.9759877920150757,1.7612149715423584,1.7035892009735107,dataset_3_keyframe_2
faithful_full,103,0.9720674753189087,1.620272159576416,1.579193115234375,dataset_3_keyframe_2
faithful_full,104,0.9734579920768738,1.6651357412338257,1.6251890659332275,dataset_3_keyframe_2
faithful_full,105,0.974472165107727,1.7357457876205444,1.696812629699707,dataset_3_keyframe_2
faithful_full,106,0.9738314151763916,1.6906483173370361,1.6549956798553467,dataset_3_keyframe_2
faithful_full,107,0.972291886806488,2.00028133392334,1.9736130237579346,dataset_3_keyframe_2
faithful_full,108,0.9731704592704773,1.99061918258667,1.9609625339508057,dataset_3_keyframe_2
faithful_full,109,0.9712328314781189,2.0253725051879883,1.9822027683258057,dataset_3_keyframe_2
faithful_full,110,0.9714488387107849,1.9751684665679932,1.9420050382614136,dataset_3_keyframe_2
faithful_full,111,0.9738350510597229,2.0168347358703613,1.984023094177246,dataset_3_keyframe_2
faithful_full,112,0.9720187783241272,1.9695550203323364,1.9414150714874268,dataset_3_keyframe_2
faithful_full,113,0.9704349637031555,2.0235674381256104,1.9967504739761353,dataset_3_keyframe_2
faithful_full,114,0.9731972813606262,2.00262451171875,1.9708741903305054,dataset_3_keyframe_2
faithful_full,115,0.9702209234237671,2.0794050693511963,2.034849166870117,dataset_3_keyframe_2
faithful_full,116,0.9679638147354126,2.0119760036468506,1.966348648071289,dataset_3_keyframe_2
faithful_full,117,0.9720154404640198,2.1555657386779785,2.1205151081085205,dataset_3_keyframe_2
faithful_full,118,0.9693112969398499,2.159864664077759,2.1241254806518555,dataset_3_keyframe_2
faithful_full,119,0.9719293117523193,2.176360607147217,2.141375780105591,dataset_3_keyframe_2
faithful_full,120,0.9714604020118713,2.1784303188323975,2.143378973007202,dataset_3_keyframe_2
faithful_full,121,0.9722641110420227,2.189561367034912,2.1560842990875244,dataset_3_keyframe_2
faithful_full,122,0.9702851176261902,2.1764183044433594,2.1462554931640625,dataset_3_keyframe_2
faithful_full,123,0.9708858132362366,2.2121686935424805,2.1804044246673584,dataset_3_keyframe_2
faithful_full,124,0.9702457785606384,2.242934465408325,2.205364227294922,dataset_3_keyframe_2
faithful_full,125,0.9688585996627808,2.3186962604522705,2.2645983695983887,dataset_3_keyframe_2
faithful_full,126,0.9700288772583008,2.31172513961792,2.2559876441955566,dataset_3_keyframe_2
faithful_full,127,0.9695256948471069,2.2467987537384033,2.196605682373047,dataset_3_keyframe_2
faithful_state_reset,0,0.9893084764480591,1.5157307386398315,1.4281060695648193,dataset_3_keyframe_2
faithful_state_reset,1,0.9906131625175476,1.649502158164978,1.4909464120864868,dataset_3_keyframe_2
faithful_state_reset,2,0.9902930855751038,1.8175442218780518,1.630151629447937,dataset_3_keyframe_2
faithful_state_reset,3,0.9906020164489746,1.8191605806350708,1.6351737976074219,dataset_3_keyframe_2
faithful_state_reset,4,0.9907615184783936,1.6358747482299805,1.4559259414672852,dataset_3_keyframe_2
faithful_state_reset,5,0.9910403490066528,1.4345554113388062,1.3212684392929077,dataset_3_keyframe_2
faithful_state_reset,6,0.9897122979164124,1.3829313516616821,1.285852074623108,dataset_3_keyframe_2
faithful_state_reset,7,0.9902511239051819,1.3974748849868774,1.3141725063323975,dataset_3_keyframe_2
faithful_state_reset,8,0.9893367886543274,1.4437503814697266,1.3518311977386475,dataset_3_keyframe_2
faithful_state_reset,9,0.9897758960723877,1.4873218536376953,1.3924857378005981,dataset_3_keyframe_2
faithful_state_reset,10,0.9897745847702026,1.6181433200836182,1.5206120014190674,dataset_3_keyframe_2
faithful_state_reset,11,0.9899812340736389,1.6846460103988647,1.583587884902954,dataset_3_keyframe_2
faithful_state_reset,12,0.989880383014679,1.7293281555175781,1.6294244527816772,dataset_3_keyframe_2
faithful_state_reset,13,0.9894896149635315,1.7082877159118652,1.607948899269104,dataset_3_keyframe_2
faithful_state_reset,14,0.989604115486145,1.6393241882324219,1.5512672662734985,dataset_3_keyframe_2
faithful_state_reset,15,0.9905047416687012,1.69602632522583,1.6099187135696411,dataset_3_keyframe_2
faithful_state_reset,16,0.9904987215995789,1.654123067855835,1.5726182460784912,dataset_3_keyframe_2
faithful_state_reset,17,0.9897841215133667,1.6550060510635376,1.5730221271514893,dataset_3_keyframe_2
faithful_state_reset,18,0.9896467924118042,1.6299017667770386,1.5499712228775024,dataset_3_keyframe_2
faithful_state_reset,19,0.9905351996421814,1.6247740983963013,1.5420372486114502,dataset_3_keyframe_2
faithful_state_reset,20,0.9900388121604919,1.627264380455017,1.5430322885513306,dataset_3_keyframe_2
faithful_state_reset,21,0.9903923273086548,1.642842411994934,1.5574493408203125,dataset_3_keyframe_2
faithful_state_reset,22,0.9902119040489197,1.6523542404174805,1.5687991380691528,dataset_3_keyframe_2
faithful_state_reset,23,0.9905117154121399,1.660109281539917,1.576499104499817,dataset_3_keyframe_2
faithful_state_reset,24,0.9903686046600342,1.6889296770095825,1.6011079549789429,dataset_3_keyframe_2
faithful_state_reset,25,0.990315854549408,1.5978705883026123,1.503692626953125,dataset_3_keyframe_2
faithful_state_reset,26,0.9906964302062988,1.6200381517410278,1.5317507982254028,dataset_3_keyframe_2
faithful_state_reset,27,0.990058183670044,1.5836033821105957,1.4970439672470093,dataset_3_keyframe_2
faithful_state_reset,28,0.9898528456687927,1.5991911888122559,1.5172287225723267,dataset_3_keyframe_2
faithful_state_reset,29,0.9903472065925598,1.6520500183105469,1.571811556816101,dataset_3_keyframe_2
faithful_state_reset,30,0.9901288747787476,1.6093859672546387,1.5264545679092407,dataset_3_keyframe_2
faithful_state_reset,31,0.9900180101394653,1.9595022201538086,1.8110777139663696,dataset_3_keyframe_2
faithful_state_reset,32,0.9886523485183716,2.2468314170837402,2.072221040725708,dataset_3_keyframe_2
faithful_state_reset,33,0.9898919463157654,2.295642852783203,2.126803398132324,dataset_3_keyframe_2
faithful_state_reset,34,0.9883690476417542,2.3064680099487305,2.1426377296447754,dataset_3_keyframe_2
faithful_state_reset,35,0.9891949892044067,2.319575548171997,2.149675130844116,dataset_3_keyframe_2
faithful_state_reset,36,0.9897276759147644,2.333440065383911,2.1720130443573,dataset_3_keyframe_2
faithful_state_reset,37,0.9890528321266174,2.3346023559570312,2.1764230728149414,dataset_3_keyframe_2
faithful_state_reset,38,0.9882975816726685,2.3345470428466797,2.173996925354004,dataset_3_keyframe_2
faithful_state_reset,39,0.9889633059501648,2.290679454803467,2.138458728790283,dataset_3_keyframe_2
faithful_state_reset,40,0.9899131059646606,2.265066146850586,2.1266050338745117,dataset_3_keyframe_2
faithful_state_reset,41,0.9888405799865723,2.2756972312927246,2.134812593460083,dataset_3_keyframe_2
faithful_state_reset,42,0.9898582696914673,2.234700918197632,2.099353790283203,dataset_3_keyframe_2
faithful_state_reset,43,0.9889172315597534,2.2196578979492188,2.087491512298584,dataset_3_keyframe_2
faithful_state_reset,44,0.9886986613273621,2.166274309158325,2.045480251312256,dataset_3_keyframe_2
faithful_state_reset,45,0.9893537163734436,2.119692802429199,2.0009264945983887,dataset_3_keyframe_2
faithful_state_reset,46,0.9885321259498596,2.0533337593078613,1.9412699937820435,dataset_3_keyframe_2
faithful_state_reset,47,0.9886292815208435,2.0102040767669678,1.899588942527771,dataset_3_keyframe_2
faithful_state_reset,48,0.9887619018554688,1.916610836982727,1.8196487426757812,dataset_3_keyframe_2
faithful_state_reset,49,0.9883118271827698,1.813301920890808,1.7268885374069214,dataset_3_keyframe_2
faithful_state_reset,50,0.9885927438735962,1.8053090572357178,1.7222647666931152,dataset_3_keyframe_2
faithful_state_reset,51,0.9877141714096069,1.805464267730713,1.7229771614074707,dataset_3_keyframe_2
faithful_state_reset,52,0.9878456592559814,1.752040982246399,1.6742969751358032,dataset_3_keyframe_2
faithful_state_reset,53,0.9882088303565979,1.7497161626815796,1.6768666505813599,dataset_3_keyframe_2
faithful_state_reset,54,0.9868838787078857,1.6103403568267822,1.5580458641052246,dataset_3_keyframe_2
faithful_state_reset,55,0.9869484305381775,1.5605542659759521,1.525299072265625,dataset_3_keyframe_2
faithful_state_reset,56,0.9878933429718018,1.4120410680770874,1.3798459768295288,dataset_3_keyframe_2
faithful_state_reset,57,0.9882462024688721,1.446214199066162,1.4036622047424316,dataset_3_keyframe_2
faithful_state_reset,58,0.9876601099967957,1.5498796701431274,1.5023502111434937,dataset_3_keyframe_2
faithful_state_reset,59,0.9868829846382141,1.4816316366195679,1.4344743490219116,dataset_3_keyframe_2
faithful_state_reset,60,0.9869950413703918,1.4586281776428223,1.4068830013275146,dataset_3_keyframe_2
faithful_state_reset,61,0.9868186116218567,1.4769705533981323,1.41465163230896,dataset_3_keyframe_2
faithful_state_reset,62,0.9879643321037292,1.554573893547058,1.4714914560317993,dataset_3_keyframe_2
faithful_state_reset,63,0.9886550307273865,1.4809787273406982,1.4038212299346924,dataset_3_keyframe_2
faithful_state_reset,64,0.9876999258995056,1.584728717803955,1.5204386711120605,dataset_3_keyframe_2
faithful_state_reset,65,0.9886873364448547,1.5985043048858643,1.547950029373169,dataset_3_keyframe_2
faithful_state_reset,66,0.9878639578819275,1.6108229160308838,1.5592541694641113,dataset_3_keyframe_2
faithful_state_reset,67,0.9870423078536987,1.4398263692855835,1.3753588199615479,dataset_3_keyframe_2
faithful_state_reset,68,0.9875073432922363,1.4185833930969238,1.3681260347366333,dataset_3_keyframe_2
faithful_state_reset,69,0.9879302978515625,1.4971219301223755,1.440894603729248,dataset_3_keyframe_2
faithful_state_reset,70,0.9878754019737244,1.5184146165847778,1.4723297357559204,dataset_3_keyframe_2
faithful_state_reset,71,0.9872617125511169,1.4832854270935059,1.4455000162124634,dataset_3_keyframe_2
faithful_state_reset,72,0.986850917339325,1.492046594619751,1.4525270462036133,dataset_3_keyframe_2
faithful_state_reset,73,0.9861598610877991,1.4657295942306519,1.4237985610961914,dataset_3_keyframe_2
faithful_state_reset,74,0.9866650104522705,1.5390182733535767,1.484646201133728,dataset_3_keyframe_2
faithful_state_reset,75,0.9865395426750183,1.603724479675293,1.541428565979004,dataset_3_keyframe_2
faithful_state_reset,76,0.9863074421882629,1.6820085048675537,1.6149725914001465,dataset_3_keyframe_2
faithful_state_reset,77,0.9862854480743408,1.7992936372756958,1.7224833965301514,dataset_3_keyframe_2
faithful_state_reset,78,0.98578941822052,1.8335944414138794,1.7486408948898315,dataset_3_keyframe_2
faithful_state_reset,79,0.986128032207489,1.8787986040115356,1.778114914894104,dataset_3_keyframe_2
faithful_state_reset,80,0.9857023358345032,1.8572311401367188,1.7609705924987793,dataset_3_keyframe_2
faithful_state_reset,81,0.9843283295631409,1.8266065120697021,1.7382149696350098,dataset_3_keyframe_2
faithful_state_reset,82,0.985601007938385,1.7354103326797485,1.667169451713562,dataset_3_keyframe_2
faithful_state_reset,83,0.9858300089836121,1.700977087020874,1.6319869756698608,dataset_3_keyframe_2
faithful_state_reset,84,0.9862568378448486,1.6649093627929688,1.6017286777496338,dataset_3_keyframe_2
faithful_state_reset,85,0.9847038984298706,1.5862303972244263,1.5132108926773071,dataset_3_keyframe_2
faithful_state_reset,86,0.9849920868873596,1.5879381895065308,1.5364454984664917,dataset_3_keyframe_2
faithful_state_reset,87,0.9851651787757874,1.6040565967559814,1.5511020421981812,dataset_3_keyframe_2
faithful_state_reset,88,0.9853983521461487,1.6359845399856567,1.5806465148925781,dataset_3_keyframe_2
faithful_state_reset,89,0.9846516847610474,1.7049869298934937,1.649809718132019,dataset_3_keyframe_2
faithful_state_reset,90,0.9846765398979187,1.7130340337753296,1.6697193384170532,dataset_3_keyframe_2
faithful_state_reset,91,0.9840455651283264,1.6606218814849854,1.6127536296844482,dataset_3_keyframe_2
faithful_state_reset,92,0.9844821095466614,1.578876256942749,1.5386052131652832,dataset_3_keyframe_2
faithful_state_reset,93,0.983368992805481,1.6238455772399902,1.5843055248260498,dataset_3_keyframe_2
faithful_state_reset,94,0.9851021766662598,1.6495040655136108,1.606950044631958,dataset_3_keyframe_2
faithful_state_reset,95,0.9839826822280884,1.6377284526824951,1.5926140546798706,dataset_3_keyframe_2
faithful_state_reset,96,0.9837501645088196,1.6234359741210938,1.5705759525299072,dataset_3_keyframe_2
faithful_state_reset,97,0.9838294386863708,1.6321066617965698,1.5787709951400757,dataset_3_keyframe_2
faithful_state_reset,98,0.983178436756134,1.6701748371124268,1.6099590063095093,dataset_3_keyframe_2
faithful_state_reset,99,0.9822906851768494,1.6668338775634766,1.6043822765350342,dataset_3_keyframe_2
faithful_state_reset,100,0.9834936857223511,1.6185873746871948,1.5608646869659424,dataset_3_keyframe_2
faithful_state_reset,101,0.983387291431427,1.7239549160003662,1.6644328832626343,dataset_3_keyframe_2
faithful_state_reset,102,0.9831225275993347,1.7612149715423584,1.7016140222549438,dataset_3_keyframe_2
faithful_state_reset,103,0.9815938472747803,1.620272159576416,1.5782415866851807,dataset_3_keyframe_2
faithful_state_reset,104,0.9820296764373779,1.6651357412338257,1.6240968704223633,dataset_3_keyframe_2
faithful_state_reset,105,0.9818883538246155,1.7357457876205444,1.695627212524414,dataset_3_keyframe_2
faithful_state_reset,106,0.9814099073410034,1.6906483173370361,1.65406334400177,dataset_3_keyframe_2
faithful_state_reset,107,0.9806068539619446,2.00028133392334,1.9731684923171997,dataset_3_keyframe_2
faithful_state_reset,108,0.9810205101966858,1.99061918258667,1.9600486755371094,dataset_3_keyframe_2
faithful_state_reset,109,0.9807783365249634,2.0253725051879883,1.9811034202575684,dataset_3_keyframe_2
faithful_state_reset,110,0.9802055954933167,1.9751684665679932,1.9410836696624756,dataset_3_keyframe_2
faithful_state_reset,111,0.9821184277534485,2.0168347358703613,1.983441710472107,dataset_3_keyframe_2
faithful_state_reset,112,0.9811166524887085,1.9695550203323364,1.9407317638397217,dataset_3_keyframe_2
faithful_state_reset,113,0.9790226221084595,2.0235674381256104,1.9963878393173218,dataset_3_keyframe_2
faithful_state_reset,114,0.9816839098930359,2.00262451171875,1.9700504541397095,dataset_3_keyframe_2
faithful_state_reset,115,0.9789347648620605,2.0794050693511963,2.033388614654541,dataset_3_keyframe_2
faithful_state_reset,116,0.9783502221107483,2.0119760036468506,1.9648478031158447,dataset_3_keyframe_2
faithful_state_reset,117,0.9804578423500061,2.1555657386779785,2.1196656227111816,dataset_3_keyframe_2
faithful_state_reset,118,0.9793087840080261,2.159864664077759,2.1227846145629883,dataset_3_keyframe_2
faithful_state_reset,119,0.9811378121376038,2.176360607147217,2.140697956085205,dataset_3_keyframe_2
faithful_state_reset,120,0.980657696723938,2.1784303188323975,2.1425318717956543,dataset_3_keyframe_2
faithful_state_reset,121,0.9804201126098633,2.189561367034912,2.1552155017852783,dataset_3_keyframe_2
faithful_state_reset,122,0.9798633456230164,2.1764183044433594,2.145204544067383,dataset_3_keyframe_2
faithful_state_reset,123,0.9801877737045288,2.2121686935424805,2.1798150539398193,dataset_3_keyframe_2
faithful_state_reset,124,0.9801356196403503,2.242934465408325,2.2040932178497314,dataset_3_keyframe_2
faithful_state_reset,125,0.9790600538253784,2.3186962604522705,2.2627358436584473,dataset_3_keyframe_2
faithful_state_reset,126,0.9801324605941772,2.31172513961792,2.253824234008789,dataset_3_keyframe_2
faithful_state_reset,127,0.9794660210609436,2.2467987537384033,2.1950347423553467,dataset_3_keyframe_2
faithful_shuffled_existing,0,0.9893084764480591,1.5157307386398315,1.4281060695648193,dataset_3_keyframe_2
faithful_shuffled_existing,1,0.9852721095085144,1.649502158164978,1.496414065361023,dataset_3_keyframe_2
faithful_shuffled_existing,2,0.9848438501358032,1.8175442218780518,1.6368865966796875,dataset_3_keyframe_2
faithful_shuffled_existing,3,0.9821074604988098,1.8191605806350708,1.6424731016159058,dataset_3_keyframe_2
faithful_shuffled_existing,4,0.9834086298942566,1.6358747482299805,1.4631502628326416,dataset_3_keyframe_2
faithful_shuffled_existing,5,0.9808533787727356,1.4345554113388062,1.3259180784225464,dataset_3_keyframe_2
faithful_shuffled_existing,6,0.9832773208618164,1.3829313516616821,1.2893428802490234,dataset_3_keyframe_2
faithful_shuffled_existing,7,0.9834420084953308,1.3974748849868774,1.3169103860855103,dataset_3_keyframe_2
faithful_shuffled_existing,8,0.9811543226242065,1.4437503814697266,1.3557043075561523,dataset_3_keyframe_2
faithful_shuffled_existing,9,0.9845401644706726,1.4873218536376953,1.3952244520187378,dataset_3_keyframe_2
faithful_shuffled_existing,10,0.9840003252029419,1.6181433200836182,1.5242189168930054,dataset_3_keyframe_2
faithful_shuffled_existing,11,0.9826709628105164,1.6846460103988647,1.588126301765442,dataset_3_keyframe_2
faithful_shuffled_existing,12,0.9838722944259644,1.7293281555175781,1.6328061819076538,dataset_3_keyframe_2
faithful_shuffled_existing,13,0.983308732509613,1.7082877159118652,1.6117664575576782,dataset_3_keyframe_2
faithful_shuffled_existing,14,0.983031690120697,1.6393241882324219,1.554839015007019,dataset_3_keyframe_2
faithful_shuffled_existing,15,0.9791048169136047,1.69602632522583,1.6148682832717896,dataset_3_keyframe_2
faithful_shuffled_existing,16,0.9832321405410767,1.654123067855835,1.5761669874191284,dataset_3_keyframe_2
faithful_shuffled_existing,17,0.9806405901908875,1.6550060510635376,1.577441692352295,dataset_3_keyframe_2
faithful_shuffled_existing,18,0.9838965535163879,1.6299017667770386,1.5531139373779297,dataset_3_keyframe_2
faithful_shuffled_existing,19,0.9836789965629578,1.6247740983963013,1.5456680059432983,dataset_3_keyframe_2
faithful_shuffled_existing,20,0.9817018508911133,1.627264380455017,1.5472619533538818,dataset_3_keyframe_2
faithful_shuffled_existing,21,0.9822047352790833,1.642842411994934,1.56096351146698,dataset_3_keyframe_2
faithful_shuffled_existing,22,0.9799841642379761,1.6523542404174805,1.5741584300994873,dataset_3_keyframe_2
faithful_shuffled_existing,23,0.9816421866416931,1.660109281539917,1.5802531242370605,dataset_3_keyframe_2
faithful_shuffled_existing,24,0.9802623391151428,1.6889296770095825,1.6064057350158691,dataset_3_keyframe_2
faithful_shuffled_existing,25,0.9810064435005188,1.5978705883026123,1.508000135421753,dataset_3_keyframe_2
faithful_shuffled_existing,26,0.9814079403877258,1.6200381517410278,1.536561131477356,dataset_3_keyframe_2
faithful_shuffled_existing,27,0.9802988171577454,1.5836033821105957,1.5023247003555298,dataset_3_keyframe_2
faithful_shuffled_existing,28,0.981762707233429,1.5991911888122559,1.5210635662078857,dataset_3_keyframe_2
faithful_shuffled_existing,29,0.9803860783576965,1.6520500183105469,1.5761268138885498,dataset_3_keyframe_2
faithful_shuffled_existing,30,0.9810194969177246,1.6093859672546387,1.5309721231460571,dataset_3_keyframe_2
faithful_shuffled_existing,31,0.9804577231407166,1.9595022201538086,1.819210410118103,dataset_3_keyframe_2
faithful_shuffled_existing,32,0.9808765053749084,2.2468314170837402,2.0803792476654053,dataset_3_keyframe_2
faithful_shuffled_existing,33,0.9782446622848511,2.295642852783203,2.137418508529663,dataset_3_keyframe_2
faithful_shuffled_existing,34,0.9781319499015808,2.3064680099487305,2.1512484550476074,dataset_3_keyframe_2
faithful_shuffled_existing,35,0.9786654710769653,2.319575548171997,2.1577751636505127,dataset_3_keyframe_2
faithful_shuffled_existing,36,0.9810370206832886,2.333440065383911,2.1808242797851562,dataset_3_keyframe_2
faithful_shuffled_existing,37,0.9770421385765076,2.3346023559570312,2.185603380203247,dataset_3_keyframe_2
faithful_shuffled_existing,38,0.9779922366142273,2.3345470428466797,2.182551860809326,dataset_3_keyframe_2
faithful_shuffled_existing,39,0.9752792119979858,2.290679454803467,2.14775013923645,dataset_3_keyframe_2
faithful_shuffled_existing,40,0.9769845604896545,2.265066146850586,2.1352477073669434,dataset_3_keyframe_2
faithful_shuffled_existing,41,0.9742398858070374,2.2756972312927246,2.1447205543518066,dataset_3_keyframe_2
faithful_shuffled_existing,42,0.9817851781845093,2.234700918197632,2.1049561500549316,dataset_3_keyframe_2
faithful_shuffled_existing,43,0.9720059037208557,2.2196578979492188,2.09844708442688,dataset_3_keyframe_2
faithful_shuffled_existing,44,0.9739865064620972,2.166274309158325,2.0528171062469482,dataset_3_keyframe_2
faithful_shuffled_existing,45,0.9728895425796509,2.119692802429199,2.0097169876098633,dataset_3_keyframe_2
faithful_shuffled_existing,46,0.9747158885002136,2.0533337593078613,1.9491448402404785,dataset_3_keyframe_2
faithful_shuffled_existing,47,0.9739779829978943,2.0102040767669678,1.9076329469680786,dataset_3_keyframe_2
faithful_shuffled_existing,48,0.9709222912788391,1.916610836982727,1.827332854270935,dataset_3_keyframe_2
faithful_shuffled_existing,49,0.9781475067138672,1.813301920890808,1.730157732963562,dataset_3_keyframe_2
faithful_shuffled_existing,50,0.9794425964355469,1.8053090572357178,1.7271870374679565,dataset_3_keyframe_2
faithful_shuffled_existing,51,0.9670634269714355,1.805464267730713,1.7306499481201172,dataset_3_keyframe_2
faithful_shuffled_existing,52,0.9713493585586548,1.752040982246399,1.679729700088501,dataset_3_keyframe_2
faithful_shuffled_existing,53,0.9767494797706604,1.7497161626815796,1.6801203489303589,dataset_3_keyframe_2
faithful_shuffled_existing,54,0.9662704467773438,1.6103403568267822,1.5633249282836914,dataset_3_keyframe_2
faithful_shuffled_existing,55,0.9686094522476196,1.5605542659759521,1.5282362699508667,dataset_3_keyframe_2
faithful_shuffled_existing,56,0.9711628556251526,1.4120410680770874,1.382641077041626,dataset_3_keyframe_2
faithful_shuffled_existing,57,0.9697986841201782,1.446214199066162,1.4070611000061035,dataset_3_keyframe_2
faithful_shuffled_existing,58,0.976833701133728,1.5498796701431274,1.5051038265228271,dataset_3_keyframe_2
faithful_shuffled_existing,59,0.9656801819801331,1.4816316366195679,1.4382245540618896,dataset_3_keyframe_2
faithful_shuffled_existing,60,0.9720256924629211,1.4586281776428223,1.409098744392395,dataset_3_keyframe_2
faithful_shuffled_existing,61,0.9646716713905334,1.4769705533981323,1.418994426727295,dataset_3_keyframe_2
faithful_shuffled_existing,62,0.9702364206314087,1.554573893547058,1.4765323400497437,dataset_3_keyframe_2
faithful_shuffled_existing,63,0.9785516858100891,1.4809787273406982,1.4063671827316284,dataset_3_keyframe_2
faithful_shuffled_existing,64,0.9754186868667603,1.584728717803955,1.5240157842636108,dataset_3_keyframe_2
faithful_shuffled_existing,65,0.9772796034812927,1.5985043048858643,1.5507802963256836,dataset_3_keyframe_2
faithful_shuffled_existing,66,0.9658122658729553,1.6108229160308838,1.5639110803604126,dataset_3_keyframe_2
faithful_shuffled_existing,67,0.9707819819450378,1.4398263692855835,1.3788740634918213,dataset_3_keyframe_2
faithful_shuffled_existing,68,0.969298779964447,1.4185833930969238,1.3708765506744385,dataset_3_keyframe_2
faithful_shuffled_existing,69,0.9718374013900757,1.4971219301223755,1.4436454772949219,dataset_3_keyframe_2
faithful_shuffled_existing,70,0.9663781523704529,1.5184146165847778,1.4756619930267334,dataset_3_keyframe_2
faithful_shuffled_existing,71,0.9706456065177917,1.4832854270935059,1.4470642805099487,dataset_3_keyframe_2
faithful_shuffled_existing,72,0.9647125601768494,1.492046594619751,1.4553457498550415,dataset_3_keyframe_2
faithful_shuffled_existing,73,0.9621701836585999,1.4657295942306519,1.4255738258361816,dataset_3_keyframe_2
faithful_shuffled_existing,74,0.9744499325752258,1.5390182733535767,1.4849801063537598,dataset_3_keyframe_2
faithful_shuffled_existing,75,0.9669227004051208,1.603724479675293,1.544880986213684,dataset_3_keyframe_2
faithful_shuffled_existing,76,0.9632837176322937,1.6820085048675537,1.6192779541015625,dataset_3_keyframe_2
faithful_shuffled_existing,77,0.9658932089805603,1.7992936372756958,1.7275837659835815,dataset_3_keyframe_2
faithful_shuffled_existing,78,0.9651098847389221,1.8335944414138794,1.7537347078323364,dataset_3_keyframe_2
faithful_shuffled_existing,79,0.9650315046310425,1.8787986040115356,1.7848577499389648,dataset_3_keyframe_2
faithful_shuffled_existing,80,0.9627830386161804,1.8572311401367188,1.7674307823181152,dataset_3_keyframe_2
faithful_shuffled_existing,81,0.9593489170074463,1.8266065120697021,1.743837594985962,dataset_3_keyframe_2
faithful_shuffled_existing,82,0.9661635160446167,1.7354103326797485,1.6698188781738281,dataset_3_keyframe_2
faithful_shuffled_existing,83,0.9677299857139587,1.700977087020874,1.6349823474884033,dataset_3_keyframe_2
faithful_shuffled_existing,84,0.9730845093727112,1.6649093627929688,1.6059434413909912,dataset_3_keyframe_2
faithful_shuffled_existing,85,0.9550373554229736,1.5862303972244263,1.5189218521118164,dataset_3_keyframe_2
faithful_shuffled_existing,86,0.9647892117500305,1.5879381895065308,1.5376595258712769,dataset_3_keyframe_2
faithful_shuffled_existing,87,0.9656233787536621,1.6040565967559814,1.554638147354126,dataset_3_keyframe_2
faithful_shuffled_existing,88,0.9487932920455933,1.6359845399856567,1.5841213464736938,dataset_3_keyframe_2
faithful_shuffled_existing,89,0.9641572833061218,1.7049869298934937,1.6512104272842407,dataset_3_keyframe_2
faithful_shuffled_existing,90,0.9448763728141785,1.7130340337753296,1.6733494997024536,dataset_3_keyframe_2
faithful_shuffled_existing,91,0.9687719941139221,1.6606218814849854,1.6124926805496216,dataset_3_keyframe_2
faithful_shuffled_existing,92,0.9446932673454285,1.578876256942749,1.5421018600463867,dataset_3_keyframe_2
faithful_shuffled_existing,93,0.9635406136512756,1.6238455772399902,1.5847063064575195,dataset_3_keyframe_2
faithful_shuffled_existing,94,0.9485390782356262,1.6495040655136108,1.610379695892334,dataset_3_keyframe_2
faithful_shuffled_existing,95,0.9676166772842407,1.6377284526824951,1.5937285423278809,dataset_3_keyframe_2
faithful_shuffled_existing,96,0.9565655589103699,1.6234359741210938,1.5721033811569214,dataset_3_keyframe_2
faithful_shuffled_existing,97,0.9475224614143372,1.6321066617965698,1.5831233263015747,dataset_3_keyframe_2
faithful_shuffled_existing,98,0.9686746001243591,1.6701748371124268,1.6114424467086792,dataset_3_keyframe_2
faithful_shuffled_existing,99,0.9516473412513733,1.6668338775634766,1.6073260307312012,dataset_3_keyframe_2
faithful_shuffled_existing,100,0.9533412456512451,1.6185873746871948,1.5636109113693237,dataset_3_keyframe_2
faithful_shuffled_existing,101,0.9448370337486267,1.7239549160003662,1.6688885688781738,dataset_3_keyframe_2
faithful_shuffled_existing,102,0.9406583309173584,1.7612149715423584,1.7068464756011963,dataset_3_keyframe_2
faithful_shuffled_existing,103,0.9666451215744019,1.620272159576416,1.5780653953552246,dataset_3_keyframe_2
faithful_shuffled_existing,104,0.9414522051811218,1.6651357412338257,1.6268641948699951,dataset_3_keyframe_2
faithful_shuffled_existing,105,0.9553514719009399,1.7357457876205444,1.6960798501968384,dataset_3_keyframe_2
faithful_shuffled_existing,106,0.9512232542037964,1.6906483173370361,1.6550180912017822,dataset_3_keyframe_2
faithful_shuffled_existing,107,0.9491889476776123,2.00028133392334,1.97380530834198,dataset_3_keyframe_2
faithful_shuffled_existing,108,0.9424933791160583,1.99061918258667,1.9606903791427612,dataset_3_keyframe_2
faithful_shuffled_existing,109,0.9416810870170593,2.0253725051879883,1.983632206916809,dataset_3_keyframe_2
faithful_shuffled_existing,110,0.942897617816925,1.9751684665679932,1.9421424865722656,dataset_3_keyframe_2
faithful_shuffled_existing,111,0.9459608793258667,2.0168347358703613,1.9849456548690796,dataset_3_keyframe_2
faithful_shuffled_existing,112,0.9384042024612427,1.9695550203323364,1.941113829612732,dataset_3_keyframe_2
faithful_shuffled_existing,113,0.936376690864563,2.0235674381256104,1.9969432353973389,dataset_3_keyframe_2
faithful_shuffled_existing,114,0.9422049522399902,2.00262451171875,1.9713647365570068,dataset_3_keyframe_2
faithful_shuffled_existing,115,0.9440794587135315,2.0794050693511963,2.0346553325653076,dataset_3_keyframe_2
faithful_shuffled_existing,116,0.9466429352760315,2.0119760036468506,1.9657076597213745,dataset_3_keyframe_2
faithful_shuffled_existing,117,0.9425083994865417,2.1555657386779785,2.1197283267974854,dataset_3_keyframe_2
faithful_shuffled_existing,118,0.9351415634155273,2.159864664077759,2.1242871284484863,dataset_3_keyframe_2
faithful_shuffled_existing,119,0.9445819854736328,2.176360607147217,2.1414520740509033,dataset_3_keyframe_2
faithful_shuffled_existing,120,0.9464046359062195,2.1784303188323975,2.144479274749756,dataset_3_keyframe_2
faithful_shuffled_existing,121,0.8829115629196167,2.189561367034912,2.1596662998199463,dataset_3_keyframe_2
faithful_shuffled_existing,122,0.9426146745681763,2.1764183044433594,2.1453630924224854,dataset_3_keyframe_2
faithful_shuffled_existing,123,0.9386522173881531,2.2121686935424805,2.1798672676086426,dataset_3_keyframe_2
faithful_shuffled_existing,124,0.9323819875717163,2.242934465408325,2.205937385559082,dataset_3_keyframe_2
faithful_shuffled_existing,125,0.942888617515564,2.3186962604522705,2.2657268047332764,dataset_3_keyframe_2
faithful_shuffled_existing,126,0.9481236338615417,2.31172513961792,2.256248712539673,dataset_3_keyframe_2
faithful_shuffled_existing,127,0.9000284075737,2.2467987537384033,2.198546886444092,dataset_3_keyframe_2
safe_causal_bida,0,0.0,1.5157307386398315,1.5157307386398315,dataset_3_keyframe_2
safe_causal_bida,1,0.0,1.649502158164978,1.649502158164978,dataset_3_keyframe_2
safe_causal_bida,2,0.0,1.8175442218780518,1.8175442218780518,dataset_3_keyframe_2
safe_causal_bida,3,0.0,1.8191605806350708,1.8191605806350708,dataset_3_keyframe_2
safe_causal_bida,4,0.0,1.6358747482299805,1.6358747482299805,dataset_3_keyframe_2
safe_causal_bida,5,0.0,1.4345554113388062,1.4345554113388062,dataset_3_keyframe_2
safe_causal_bida,6,0.0,1.3829313516616821,1.3829313516616821,dataset_3_keyframe_2
safe_causal_bida,7,0.0,1.3974748849868774,1.3974748849868774,dataset_3_keyframe_2
safe_causal_bida,8,0.0,1.4437503814697266,1.4437503814697266,dataset_3_keyframe_2
safe_causal_bida,9,0.0,1.4873218536376953,1.4873218536376953,dataset_3_keyframe_2
safe_causal_bida,10,0.0,1.6181433200836182,1.6181433200836182,dataset_3_keyframe_2
safe_causal_bida,11,0.0,1.6846460103988647,1.6846460103988647,dataset_3_keyframe_2
safe_causal_bida,12,0.0,1.7293281555175781,1.7293281555175781,dataset_3_keyframe_2
safe_causal_bida,13,0.0,1.7082877159118652,1.7082877159118652,dataset_3_keyframe_2
safe_causal_bida,14,0.0,1.6393241882324219,1.6393241882324219,dataset_3_keyframe_2
safe_causal_bida,15,0.0,1.69602632522583,1.69602632522583,dataset_3_keyframe_2
safe_causal_bida,16,0.0,1.654123067855835,1.654123067855835,dataset_3_keyframe_2
safe_causal_bida,17,0.0,1.6550060510635376,1.6550060510635376,dataset_3_keyframe_2
safe_causal_bida,18,0.0,1.6299017667770386,1.6299017667770386,dataset_3_keyframe_2
safe_causal_bida,19,0.0,1.6247740983963013,1.6247740983963013,dataset_3_keyframe_2
safe_causal_bida,20,0.0,1.627264380455017,1.627264380455017,dataset_3_keyframe_2
safe_causal_bida,21,0.0,1.642842411994934,1.642842411994934,dataset_3_keyframe_2
safe_causal_bida,22,0.0,1.6523542404174805,1.6523542404174805,dataset_3_keyframe_2
safe_causal_bida,23,0.0,1.660109281539917,1.660109281539917,dataset_3_keyframe_2
safe_causal_bida,24,0.0,1.6889296770095825,1.6889296770095825,dataset_3_keyframe_2
safe_causal_bida,25,0.0,1.5978705883026123,1.5978705883026123,dataset_3_keyframe_2
safe_causal_bida,26,0.0,1.6200381517410278,1.6200381517410278,dataset_3_keyframe_2
safe_causal_bida,27,0.0,1.5836033821105957,1.5836033821105957,dataset_3_keyframe_2
safe_causal_bida,28,0.0,1.5991911888122559,1.5991911888122559,dataset_3_keyframe_2
safe_causal_bida,29,0.0,1.6520500183105469,1.6520500183105469,dataset_3_keyframe_2
safe_causal_bida,30,0.0,1.6093859672546387,1.6093859672546387,dataset_3_keyframe_2
safe_causal_bida,31,0.0,1.9595022201538086,1.9595022201538086,dataset_3_keyframe_2
safe_causal_bida,32,0.0,2.2468314170837402,2.2468314170837402,dataset_3_keyframe_2
safe_causal_bida,33,0.0,2.295642852783203,2.295642852783203,dataset_3_keyframe_2
safe_causal_bida,34,0.0,2.3064680099487305,2.3064680099487305,dataset_3_keyframe_2
safe_causal_bida,35,0.0,2.319575548171997,2.319575548171997,dataset_3_keyframe_2
safe_causal_bida,36,0.0,2.333440065383911,2.333440065383911,dataset_3_keyframe_2
safe_causal_bida,37,0.0,2.3346023559570312,2.3346023559570312,dataset_3_keyframe_2
safe_causal_bida,38,0.0,2.3345470428466797,2.3345470428466797,dataset_3_keyframe_2
safe_causal_bida,39,0.0,2.290679454803467,2.290679454803467,dataset_3_keyframe_2
safe_causal_bida,40,0.0,2.265066146850586,2.265066146850586,dataset_3_keyframe_2
safe_causal_bida,41,0.0,2.2756972312927246,2.2756972312927246,dataset_3_keyframe_2
safe_causal_bida,42,0.0,2.234700918197632,2.234700918197632,dataset_3_keyframe_2
safe_causal_bida,43,0.0,2.2196578979492188,2.2196578979492188,dataset_3_keyframe_2
safe_causal_bida,44,0.0,2.166274309158325,2.166274309158325,dataset_3_keyframe_2
safe_causal_bida,45,0.0,2.119692802429199,2.119692802429199,dataset_3_keyframe_2
safe_causal_bida,46,0.0,2.0533337593078613,2.0533337593078613,dataset_3_keyframe_2
safe_causal_bida,47,0.0,2.0102040767669678,2.0102040767669678,dataset_3_keyframe_2
safe_causal_bida,48,0.0,1.916610836982727,1.916610836982727,dataset_3_keyframe_2
safe_causal_bida,49,0.0,1.813301920890808,1.813301920890808,dataset_3_keyframe_2
safe_causal_bida,50,0.0,1.8053090572357178,1.8053090572357178,dataset_3_keyframe_2
safe_causal_bida,51,0.0,1.805464267730713,1.805464267730713,dataset_3_keyframe_2
safe_causal_bida,52,0.0,1.752040982246399,1.752040982246399,dataset_3_keyframe_2
safe_causal_bida,53,0.0,1.7497161626815796,1.7497161626815796,dataset_3_keyframe_2
safe_causal_bida,54,0.0,1.6103403568267822,1.6103403568267822,dataset_3_keyframe_2
safe_causal_bida,55,0.0,1.5605542659759521,1.5605542659759521,dataset_3_keyframe_2
safe_causal_bida,56,0.0,1.4120410680770874,1.4120410680770874,dataset_3_keyframe_2
safe_causal_bida,57,0.0,1.446214199066162,1.446214199066162,dataset_3_keyframe_2
safe_causal_bida,58,0.0,1.5498796701431274,1.5498796701431274,dataset_3_keyframe_2
safe_causal_bida,59,0.0,1.4816316366195679,1.4816316366195679,dataset_3_keyframe_2
safe_causal_bida,60,0.0,1.4586281776428223,1.4586281776428223,dataset_3_keyframe_2
safe_causal_bida,61,0.0,1.4769705533981323,1.4769705533981323,dataset_3_keyframe_2
safe_causal_bida,62,0.0,1.554573893547058,1.554573893547058,dataset_3_keyframe_2
safe_causal_bida,63,0.0,1.4809787273406982,1.4809787273406982,dataset_3_keyframe_2
safe_causal_bida,64,0.0,1.584728717803955,1.584728717803955,dataset_3_keyframe_2
safe_causal_bida,65,0.0,1.5985043048858643,1.5985043048858643,dataset_3_keyframe_2
safe_causal_bida,66,0.0,1.6108229160308838,1.6108229160308838,dataset_3_keyframe_2
safe_causal_bida,67,0.0,1.4398263692855835,1.4398263692855835,dataset_3_keyframe_2
safe_causal_bida,68,0.0,1.4185833930969238,1.4185833930969238,dataset_3_keyframe_2
safe_causal_bida,69,0.0,1.4971219301223755,1.4971219301223755,dataset_3_keyframe_2
safe_causal_bida,70,0.0,1.5184146165847778,1.5184146165847778,dataset_3_keyframe_2
safe_causal_bida,71,0.0,1.4832854270935059,1.4832854270935059,dataset_3_keyframe_2
safe_causal_bida,72,0.0,1.492046594619751,1.492046594619751,dataset_3_keyframe_2
safe_causal_bida,73,0.0,1.4657295942306519,1.4657295942306519,dataset_3_keyframe_2
safe_causal_bida,74,0.0,1.5390182733535767,1.5390182733535767,dataset_3_keyframe_2
safe_causal_bida,75,0.0,1.603724479675293,1.603724479675293,dataset_3_keyframe_2
safe_causal_bida,76,0.0,1.6820085048675537,1.6820085048675537,dataset_3_keyframe_2
safe_causal_bida,77,0.0,1.7992936372756958,1.7992936372756958,dataset_3_keyframe_2
safe_causal_bida,78,0.0,1.8335944414138794,1.8335944414138794,dataset_3_keyframe_2
safe_causal_bida,79,0.0,1.8787986040115356,1.8787986040115356,dataset_3_keyframe_2
safe_causal_bida,80,0.0,1.8572311401367188,1.8572311401367188,dataset_3_keyframe_2
safe_causal_bida,81,0.0,1.8266065120697021,1.8266065120697021,dataset_3_keyframe_2
safe_causal_bida,82,0.0,1.7354103326797485,1.7354103326797485,dataset_3_keyframe_2
safe_causal_bida,83,0.0,1.700977087020874,1.700977087020874,dataset_3_keyframe_2
safe_causal_bida,84,0.0,1.6649093627929688,1.6649093627929688,dataset_3_keyframe_2
safe_causal_bida,85,0.0,1.5862303972244263,1.5862303972244263,dataset_3_keyframe_2
safe_causal_bida,86,0.0,1.5879381895065308,1.5879381895065308,dataset_3_keyframe_2
safe_causal_bida,87,0.0,1.6040565967559814,1.6040565967559814,dataset_3_keyframe_2
safe_causal_bida,88,0.0,1.6359845399856567,1.6359845399856567,dataset_3_keyframe_2
safe_causal_bida,89,0.0,1.7049869298934937,1.7049869298934937,dataset_3_keyframe_2
safe_causal_bida,90,0.0,1.7130340337753296,1.7130340337753296,dataset_3_keyframe_2
safe_causal_bida,91,0.0,1.6606218814849854,1.6606218814849854,dataset_3_keyframe_2
safe_causal_bida,92,0.0,1.578876256942749,1.578876256942749,dataset_3_keyframe_2
safe_causal_bida,93,0.0,1.6238455772399902,1.6238455772399902,dataset_3_keyframe_2
safe_causal_bida,94,0.0,1.6495040655136108,1.6495040655136108,dataset_3_keyframe_2
safe_causal_bida,95,0.0,1.6377284526824951,1.6377284526824951,dataset_3_keyframe_2
safe_causal_bida,96,0.0,1.6234359741210938,1.6234359741210938,dataset_3_keyframe_2
safe_causal_bida,97,0.0,1.6321066617965698,1.6321066617965698,dataset_3_keyframe_2
safe_causal_bida,98,0.0,1.6701748371124268,1.6701748371124268,dataset_3_keyframe_2
safe_causal_bida,99,0.0,1.6668338775634766,1.6668338775634766,dataset_3_keyframe_2
safe_causal_bida,100,0.0,1.6185873746871948,1.6185873746871948,dataset_3_keyframe_2
safe_causal_bida,101,0.0,1.7239549160003662,1.7239549160003662,dataset_3_keyframe_2
safe_causal_bida,102,0.0,1.7612149715423584,1.7612149715423584,dataset_3_keyframe_2
safe_causal_bida,103,0.0,1.620272159576416,1.620272159576416,dataset_3_keyframe_2
safe_causal_bida,104,0.0,1.6651357412338257,1.6651357412338257,dataset_3_keyframe_2
safe_causal_bida,105,0.0,1.7357457876205444,1.7357457876205444,dataset_3_keyframe_2
safe_causal_bida,106,0.0,1.6906483173370361,1.6906483173370361,dataset_3_keyframe_2
safe_causal_bida,107,0.0,2.00028133392334,2.00028133392334,dataset_3_keyframe_2
safe_causal_bida,108,0.0,1.99061918258667,1.99061918258667,dataset_3_keyframe_2
safe_causal_bida,109,0.0,2.0253725051879883,2.0253725051879883,dataset_3_keyframe_2
safe_causal_bida,110,0.0,1.9751684665679932,1.9751684665679932,dataset_3_keyframe_2
safe_causal_bida,111,0.0,2.0168347358703613,2.0168347358703613,dataset_3_keyframe_2
safe_causal_bida,112,0.0,1.9695550203323364,1.9695550203323364,dataset_3_keyframe_2
safe_causal_bida,113,0.0,2.0235674381256104,2.0235674381256104,dataset_3_keyframe_2
safe_causal_bida,114,0.0,2.00262451171875,2.00262451171875,dataset_3_keyframe_2
safe_causal_bida,115,0.0,2.0794050693511963,2.0794050693511963,dataset_3_keyframe_2
safe_causal_bida,116,0.0,2.0119760036468506,2.0119760036468506,dataset_3_keyframe_2
safe_causal_bida,117,0.0,2.1555657386779785,2.1555657386779785,dataset_3_keyframe_2
safe_causal_bida,118,0.0,2.159864664077759,2.159864664077759,dataset_3_keyframe_2
safe_causal_bida,119,0.0,2.176360607147217,2.176360607147217,dataset_3_keyframe_2
safe_causal_bida,120,0.0,2.1784303188323975,2.1784303188323975,dataset_3_keyframe_2
safe_causal_bida,121,0.0,2.189561367034912,2.189561367034912,dataset_3_keyframe_2
safe_causal_bida,122,0.0,2.1764183044433594,2.1764183044433594,dataset_3_keyframe_2
safe_causal_bida,123,0.0,2.2121686935424805,2.2121686935424805,dataset_3_keyframe_2
safe_causal_bida,124,0.0,2.242934465408325,2.242934465408325,dataset_3_keyframe_2
safe_causal_bida,125,0.0,2.3186962604522705,2.3186962604522705,dataset_3_keyframe_2
safe_causal_bida,126,0.0,2.31172513961792,2.31172513961792,dataset_3_keyframe_2
safe_causal_bida,127,0.0,2.2467987537384033,2.2467987537384033,dataset_3_keyframe_2
