Bad-2 mm ↓,Bad-3 px ↓,Depth MAE ↓,Disp. MAE ↓,Disp. RMSE ↓,Runtime ↓,Temporal depth diff ↓,Temporal diff ↓,Temporal error variation ↓,Temporal std ↓,VRAM ↓,causal,evidence_source,frames,frames_with_gt_used,input_res,kind,method,min_valid_ratio,training_or_checkpoint
37.14374762856857,57.62383073940699,2.592614393789791,8.330556156565843,13.912035793934054,149.9463905562432,0.3264826361754144,0.9835891531881436,4.750624562418738,20.639997482299805,1698.31201171875,,results/03_temporal_refinement/evaluation/gt_temporal_test_dataset_9_keyframe_3/predictions/S2M2-L_736/metadata.json,130,103,736,frame_stereo,S2M2-L@736,0.2,L
37.08913118433691,57.222344931094604,2.584223467169456,8.38393030814754,13.99745409697005,64.87930921766048,0.3310559609139612,0.9877348322738972,4.7768825301828315,20.73917007446289,395.40087890625,,results/03_temporal_refinement/evaluation/gt_temporal_test_dataset_9_keyframe_3/predictions/S2M2-S_512/metadata.json,130,103,512,frame_stereo,S2M2-S@512,0.2,S
36.69437243730835,57.12771671449755,2.5875345665274314,8.250513868424498,13.772869915638156,59.20827459569459,0.30571522095868753,0.9248466440873553,4.672255874604218,20.431787490844727,10156.24072265625,,results/03_temporal_refinement/evaluation/gt_temporal_test_dataset_9_keyframe_3/predictions/StereoAnyVideo_384x640/metadata.json,130,103,384x640,video_stereo,StereoAnyVideo@384x640,0.2,
