Method,Training / Checkpoint,Input res.,Depth MAE ↓,Bad-2 mm ↓,Disp. MAE ↓,Temporal diff ↓,Runtime ↓,VRAM ↓,Causal,Frames with GT
S2M2-L@736,official pretrained L,736 px width,2.592555212743074,37.1485525306757,8.330501449918284,0.9840788039588189,187.76713038364855,1672.4599609375,yes,103
S2M2-S@512,official pretrained S,512 px width,2.5840161031889686,37.08130215176434,8.383543611730186,0.9871430540269659,60.974148300906215,371.33447265625,yes,103
StereoAnyVideo@384x640,official MIX checkpoint,384x640 video,2.587449113142143,36.69301938674641,8.250206387158736,0.924819832624391,146.29532493752976,10132.17724609375,no,103
ConvGRU V2 e30,ARGOS scheduled checkpoint epoch 30,S2M2-L@736 input,2.5618109216967833,37.36130463749182,8.234534513603137,1.0944998273553774,24.051144951954484,982.904296875,yes,103
ConvGRU V2 e40,ARGOS scheduled checkpoint epoch 40,S2M2-L@736 input,2.5508430536510875,36.79527999352749,8.215698098673403,1.0810852055401765,23.979755122071275,982.904296875,yes,103
ConvGRU V2 e50,ARGOS scheduled checkpoint epoch 50,S2M2-L@736 input,2.5547832910296986,36.756385830362746,8.226896943397893,1.137467644473379,24.042227989635787,982.904296875,yes,103
ConvGRU V2 latest,ARGOS scheduled latest checkpoint,S2M2-L@736 input,2.5700328280624833,36.8391113724078,8.27919915115949,1.1758703718813814,23.954332963778423,982.904296875,yes,103
Tiny U-Net e100,ARGOS conservative checkpoint epoch 100,S2M2-L@736 5-frame input,2.6094908853179044,37.72033271064046,8.321422072290217,0.974182093097258,24.034698188881435,982.064453125,no,103
