{
  "runtime_ms": 46.75354819132567,
  "valid_disp_mae": 16.61329259419883,
  "valid_disp_rmse": 21.40915207509641,
  "bad_1px": 66.7690191418886,
  "bad_2px": 47.489326029446346,
  "bad_3px": 38.2278539670244,
  "valid_depth_mae": 131378.27231436415,
  "valid_depth_median": 4.522934233700788,
  "valid_depth_rmse": 4313170.840456084,
  "bad_1mm": 67.7346694091778,
  "bad_2mm": 48.493669018345976,
  "bad_5mm": 27.26899872835397,
  "pred_disp_le_0_1_ratio": 2.7446509483059722e-05,
  "pred_disp_le_0_5_ratio": 3.100022368302731e-05,
  "valid_pixel_ratio": 0.6969441519843208,
  "valid_px": 913498.6388888889,
  "mae_px": 16.61329259419883,
  "rmse_px": 21.40915207509641,
  "bad1_pct": 66.7690191418886,
  "bad2_pct": 47.489326029446346,
  "bad5_pct": 30.5474637574793,
  "depth_mae_mm": 131378.27231436415,
  "depth_median_abs_error_mm": 4.522934233700788,
  "depth_rmse_mm": 4313170.840456084,
  "depth_bad1mm_pct": 67.7346694091778,
  "depth_bad2mm_pct": 48.493669018345976,
  "depth_bad5mm_pct": 27.26899872835397,
  "abs_depth_error_p50": 4.522934233700788,
  "abs_depth_error_p75": 7.390924497886941,
  "abs_depth_error_p90": 10.932769729031456,
  "abs_depth_error_p95": 14.15619726534243,
  "abs_depth_error_p99": 23.387221371686017,
  "excluded_pred_disp_le_0_1_ratio": 2.7446509483059722e-05,
  "valid_disp_valid_px": 913476.425925926,
  "valid_disp_valid_pixel_ratio": 0.6969272048385057,
  "valid_disp_mae_px": 16.611647241093493,
  "valid_disp_rmse_px": 21.406202907915468,
  "valid_disp_bad1_pct": 66.76879714891136,
  "valid_disp_bad2_pct": 47.488888612513335,
  "valid_disp_bad5_pct": 30.5465319596312,
  "valid_disp_depth_mae_mm": 5.810767280834693,
  "valid_disp_depth_median_abs_error_mm": 4.522685280552617,
  "valid_disp_depth_rmse_mm": 64.39911916962376,
  "valid_disp_depth_bad1mm_pct": 67.73426065612809,
  "valid_disp_depth_bad2mm_pct": 48.49294279731747,
  "valid_disp_depth_bad5mm_pct": 27.26764156881549,
  "valid_disp_abs_depth_error_p50": 4.522685280552617,
  "valid_disp_abs_depth_error_p75": 7.389558359428689,
  "valid_disp_abs_depth_error_p90": 10.924640132321251,
  "valid_disp_abs_depth_error_p95": 14.139141930474175,
  "valid_disp_abs_depth_error_p99": 22.944431728786892,
  "depth_mae_cap100_mm": 6.664458512156098,
  "depth_rmse_cap100_mm": 56.33253755172094,
  "depth_mae_cap200_mm": 5.6220102762734445,
  "depth_rmse_cap200_mm": 55.50603294814074,
  "method": "Fast-FoundationStereo ONNX",
  "checkpoint": "320x736",
  "input_resolution": "320x736",
  "frames": 108
}
