{
  "stereoanyvideo": {
    "adjacent_delta_mean": 0.01026702864516166,
    "adjacent_delta_p95_mean": 0.02662194351996145,
    "adjacent_delta_per_pair": [
      0.011196708306670189,
      0.012055015191435814,
      0.013183428905904293,
      0.013436852023005486,
      0.012563681229948997,
      0.018131673336029053,
      0.01404587272554636,
      0.010920542292296886,
      0.009152901358902454,
      0.008574306033551693,
      0.007995703257620335,
      0.007606497500091791,
      0.00830397754907608,
      0.009054763242602348,
      0.016720512881875038,
      0.01123580802232027,
      0.012097022496163845,
      0.011671318672597408,
      0.013966532424092293,
      0.013596978969871998,
      0.012528947554528713,
      0.008193807676434517,
      0.007498289458453655,
      0.007922480814158916,
      0.008780334144830704,
      0.007142321206629276,
      0.0064151412807404995,
      0.006117636803537607,
      0.005678992252796888,
      0.006136463955044746,
      0.006353376433253288
    ],
    "frame_mean_std": 0.019601866602897644,
    "frame_p95_std": 0.09915166348218918
  },
  "s2m2": {
    "adjacent_delta_mean": 0.013799403148192552,
    "adjacent_delta_p95_mean": 0.03313451146166171,
    "adjacent_delta_per_pair": [
      0.013620509766042233,
      0.015024960041046143,
      0.01495073176920414,
      0.014885815791785717,
      0.010413718409836292,
      0.02270425483584404,
      0.015652256086468697,
      0.015278134495019913,
      0.011634293012320995,
      0.02217053808271885,
      0.01452444214373827,
      0.011036605574190617,
      0.011680478230118752,
      0.013688238337635994,
      0.015076374635100365,
      0.009874212555587292,
      0.014728525653481483,
      0.00906457006931305,
      0.019229324534535408,
      0.016500981524586678,
      0.020252477377653122,
      0.024448741227388382,
      0.01092040166258812,
      0.012218457646667957,
      0.01095221471041441,
      0.011902562342584133,
      0.007775886449962854,
      0.007714615203440189,
      0.01018503587692976,
      0.010525568388402462,
      0.009146571159362793
    ],
    "frame_mean_std": 0.024043934419751167,
    "frame_p95_std": 0.09644373506307602
  },
  "fast_foundation": {
    "adjacent_delta_mean": 0.025225743621347413,
    "adjacent_delta_p95_mean": 0.11165071567220072,
    "adjacent_delta_per_pair": [
      0.033152852207422256,
      0.028793547302484512,
      0.03742373362183571,
      0.0307375006377697,
      0.023532265797257423,
      0.03774040564894676,
      0.020457061007618904,
      0.02720189467072487,
      0.01717287302017212,
      0.024477841332554817,
      0.024958759546279907,
      0.019810713827610016,
      0.018612036481499672,
      0.014270495623350143,
      0.015673039481043816,
      0.016531741246581078,
      0.01788175106048584,
      0.013744874857366085,
      0.025817880406975746,
      0.022936947643756866,
      0.017718711867928505,
      0.015838302671909332,
      0.030810652300715446,
      0.02685333415865898,
      0.021814068779349327,
      0.026669291779398918,
      0.035542551428079605,
      0.035044703632593155,
      0.035899288952350616,
      0.025864077731966972,
      0.03901485353708267
    ],
    "frame_mean_std": 0.02954036369919777,
    "frame_p95_std": 0.01441415585577488
  }
}
